course_key,course_name,module_key,module_title,lesson_position,lesson_title,question_type,difficulty,position,question,option_a,option_b,option_c,option_d,correct_option,explanation,source,source_url
abu,Allgemeinbildung (ABU),abu_rlp_2025,Allgemeinbildung (ABU) – RLP 2025,1,Orientierung im ABU,single_choice,easy,1,Welche Aussage passt am besten zu «Lernbereiche»?,Sprache und Gesellschaft verbinden; Alltagssituationen bearbeiten,"Nur Grammatik üben; Gesellschaft ausblenden, anhand klarer Kriterien","Nur Tests lösen; Transfer vermeiden, mit Blick auf die Folgen","Einzelwissen sammeln; Zusammenhänge trennen, bei Bedarf im Team",A,"ABU verbindet Sprache, Kommunikation und Gesellschaft in lebensnahen Situationen.",SBFI Rahmenlehrplan Allgemeinbildung 2025,https://www.sbfi.admin.ch/dam/de/sd-web/6J7xFxDA7Kj4/nRLP_ABU_DE-def.pdf
abu,Allgemeinbildung (ABU),abu_rlp_2025,Allgemeinbildung (ABU) – RLP 2025,1,Orientierung im ABU,single_choice,medium,2,Was ist bei «Kompetenzorientierung» fachlich am wichtigsten?,Begriffe abschreiben; Anwendung weglassen,Handeln begründen; Ergebnisse reflektieren,Antworten raten; Begründungen vermeiden,Regeln auswendig lernen; Transfer ignorieren,B,"Kompetenz zeigt sich darin, Wissen in Situationen begründet anzuwenden.",SBFI Rahmenlehrplan Allgemeinbildung 2025,https://www.sbfi.admin.ch/dam/de/sd-web/6J7xFxDA7Kj4/nRLP_ABU_DE-def.pdf
abu,Allgemeinbildung (ABU),abu_rlp_2025,Allgemeinbildung (ABU) – RLP 2025,1,Orientierung im ABU,single_choice,medium,3,Welche Vorgehensweise ist im Thema «Selbstständiges Lernen» richtig?,"Aufgaben verschieben; Rückblick auslassen, mit Blick auf die Folgen, bei Bedarf im Team, im konkreten Fall","Nur Hilfe erwarten; Planung vermeiden, bei Bedarf im Team, im konkreten Fall, anhand klarer Kriterien","Ziele setzen; Lernweg überprüfen, im konkreten Fall, anhand klarer Kriterien, mit Blick auf die Folgen","Zufällig arbeiten; Kontrolle weglassen, anhand klarer Kriterien, mit Blick auf die Folgen, bei Bedarf im Team",C,"Selbstständiges Lernen braucht Ziele, Planung und regelmässige Überprüfung.",SBFI Rahmenlehrplan Allgemeinbildung 2025,https://www.sbfi.admin.ch/dam/de/sd-web/6J7xFxDA7Kj4/nRLP_ABU_DE-def.pdf
abu,Allgemeinbildung (ABU),abu_rlp_2025,Allgemeinbildung (ABU) – RLP 2025,1,Orientierung im ABU,single_choice,hard,4,Welche Handlung zeigt ein gutes Verständnis von «Lernstrategien»?,Texte kopieren; Inhalte ungeprüft übernehmen,Alles markieren; Prioritäten vermeiden,Nur auswendig lernen; Zusammenhänge auslassen,Informationen ordnen; Kernaussagen festhalten,D,"Gute Lernstrategien helfen, Wichtiges zu erkennen und verständlich zu sichern.",SBFI Rahmenlehrplan Allgemeinbildung 2025,https://www.sbfi.admin.ch/dam/de/sd-web/6J7xFxDA7Kj4/nRLP_ABU_DE-def.pdf
abu,Allgemeinbildung (ABU),abu_rlp_2025,Allgemeinbildung (ABU) – RLP 2025,1,Orientierung im ABU,single_choice,medium,5,Welche Entscheidung ist bei «Transfer» sinnvoll?,Wissen anwenden; Situation erklären,Nur Definitionen nennen; Handlung weglassen,Theorie isolieren; Alltag ausklammern,Beispiele meiden; Praxisbezug trennen,A,"Transfer bedeutet, Gelerntes auf neue berufliche und private Situationen zu übertragen.",SBFI Rahmenlehrplan Allgemeinbildung 2025,https://www.sbfi.admin.ch/dam/de/sd-web/6J7xFxDA7Kj4/nRLP_ABU_DE-def.pdf
abu,Allgemeinbildung (ABU),abu_rlp_2025,Allgemeinbildung (ABU) – RLP 2025,1,Orientierung im ABU,single_choice,easy,6,Welche Aussage passt am besten zu «Reflexion»?,Nur Resultat zählen; Lernweg ausblenden,Vorgehen beurteilen; Verbesserungen ableiten,Kritik abwehren; Anpassung vermeiden,Fehler verstecken; Rückmeldung ignorieren,B,"Reflexion macht sichtbar, was funktioniert und was verbessert werden kann.",SBFI Rahmenlehrplan Allgemeinbildung 2025,https://www.sbfi.admin.ch/dam/de/sd-web/6J7xFxDA7Kj4/nRLP_ABU_DE-def.pdf
abu,Allgemeinbildung (ABU),abu_rlp_2025,Allgemeinbildung (ABU) – RLP 2025,1,Orientierung im ABU,single_choice,medium,7,Was ist bei «Lernbereiche» fachlich am wichtigsten?,"Nur Tests lösen; Transfer vermeiden, mit Blick auf die Folgen","Einzelwissen sammeln; Zusammenhänge trennen, bei Bedarf im Team",Sprache und Gesellschaft verbinden; Alltagssituationen bearbeiten,"Nur Grammatik üben; Gesellschaft ausblenden, anhand klarer Kriterien",C,"ABU verbindet Sprache, Kommunikation und Gesellschaft in lebensnahen Situationen.",SBFI Rahmenlehrplan Allgemeinbildung 2025,https://www.sbfi.admin.ch/dam/de/sd-web/6J7xFxDA7Kj4/nRLP_ABU_DE-def.pdf
abu,Allgemeinbildung (ABU),abu_rlp_2025,Allgemeinbildung (ABU) – RLP 2025,1,Orientierung im ABU,single_choice,medium,8,Welche Vorgehensweise ist im Thema «Kompetenzorientierung» richtig?,Antworten raten; Begründungen vermeiden,Regeln auswendig lernen; Transfer ignorieren,Begriffe abschreiben; Anwendung weglassen,Handeln begründen; Ergebnisse reflektieren,D,"Kompetenz zeigt sich darin, Wissen in Situationen begründet anzuwenden.",SBFI Rahmenlehrplan Allgemeinbildung 2025,https://www.sbfi.admin.ch/dam/de/sd-web/6J7xFxDA7Kj4/nRLP_ABU_DE-def.pdf
abu,Allgemeinbildung (ABU),abu_rlp_2025,Allgemeinbildung (ABU) – RLP 2025,1,Orientierung im ABU,single_choice,hard,9,Welche Handlung zeigt ein gutes Verständnis von «Selbstständiges Lernen»?,"Ziele setzen; Lernweg überprüfen, im konkreten Fall, anhand klarer Kriterien, mit Blick auf die Folgen","Zufällig arbeiten; Kontrolle weglassen, anhand klarer Kriterien, mit Blick auf die Folgen, bei Bedarf im Team","Aufgaben verschieben; Rückblick auslassen, mit Blick auf die Folgen, bei Bedarf im Team, im konkreten Fall","Nur Hilfe erwarten; Planung vermeiden, bei Bedarf im Team, im konkreten Fall, anhand klarer Kriterien",A,"Selbstständiges Lernen braucht Ziele, Planung und regelmässige Überprüfung.",SBFI Rahmenlehrplan Allgemeinbildung 2025,https://www.sbfi.admin.ch/dam/de/sd-web/6J7xFxDA7Kj4/nRLP_ABU_DE-def.pdf
abu,Allgemeinbildung (ABU),abu_rlp_2025,Allgemeinbildung (ABU) – RLP 2025,1,Orientierung im ABU,single_choice,medium,10,Welche Entscheidung ist bei «Lernstrategien» sinnvoll?,Nur auswendig lernen; Zusammenhänge auslassen,Informationen ordnen; Kernaussagen festhalten,Texte kopieren; Inhalte ungeprüft übernehmen,Alles markieren; Prioritäten vermeiden,B,"Gute Lernstrategien helfen, Wichtiges zu erkennen und verständlich zu sichern.",SBFI Rahmenlehrplan Allgemeinbildung 2025,https://www.sbfi.admin.ch/dam/de/sd-web/6J7xFxDA7Kj4/nRLP_ABU_DE-def.pdf
abu,Allgemeinbildung (ABU),abu_rlp_2025,Allgemeinbildung (ABU) – RLP 2025,1,Orientierung im ABU,single_choice,easy,11,Welche Aussage passt am besten zu «Transfer»?,Theorie isolieren; Alltag ausklammern,Beispiele meiden; Praxisbezug trennen,Wissen anwenden; Situation erklären,Nur Definitionen nennen; Handlung weglassen,C,"Transfer bedeutet, Gelerntes auf neue berufliche und private Situationen zu übertragen.",SBFI Rahmenlehrplan Allgemeinbildung 2025,https://www.sbfi.admin.ch/dam/de/sd-web/6J7xFxDA7Kj4/nRLP_ABU_DE-def.pdf
abu,Allgemeinbildung (ABU),abu_rlp_2025,Allgemeinbildung (ABU) – RLP 2025,1,Orientierung im ABU,single_choice,medium,12,Was ist bei «Reflexion» fachlich am wichtigsten?,Kritik abwehren; Anpassung vermeiden,Fehler verstecken; Rückmeldung ignorieren,Nur Resultat zählen; Lernweg ausblenden,Vorgehen beurteilen; Verbesserungen ableiten,D,"Reflexion macht sichtbar, was funktioniert und was verbessert werden kann.",SBFI Rahmenlehrplan Allgemeinbildung 2025,https://www.sbfi.admin.ch/dam/de/sd-web/6J7xFxDA7Kj4/nRLP_ABU_DE-def.pdf
abu,Allgemeinbildung (ABU),abu_rlp_2025,Allgemeinbildung (ABU) – RLP 2025,1,Orientierung im ABU,single_choice,medium,13,Welche Vorgehensweise ist im Thema «Lernbereiche» richtig?,Sprache und Gesellschaft verbinden; Alltagssituationen bearbeiten,"Nur Grammatik üben; Gesellschaft ausblenden, anhand klarer Kriterien","Nur Tests lösen; Transfer vermeiden, mit Blick auf die Folgen","Einzelwissen sammeln; Zusammenhänge trennen, bei Bedarf im Team",A,"ABU verbindet Sprache, Kommunikation und Gesellschaft in lebensnahen Situationen.",SBFI Rahmenlehrplan Allgemeinbildung 2025,https://www.sbfi.admin.ch/dam/de/sd-web/6J7xFxDA7Kj4/nRLP_ABU_DE-def.pdf
abu,Allgemeinbildung (ABU),abu_rlp_2025,Allgemeinbildung (ABU) – RLP 2025,1,Orientierung im ABU,single_choice,hard,14,Welche Handlung zeigt ein gutes Verständnis von «Kompetenzorientierung»?,Begriffe abschreiben; Anwendung weglassen,Handeln begründen; Ergebnisse reflektieren,Antworten raten; Begründungen vermeiden,Regeln auswendig lernen; Transfer ignorieren,B,"Kompetenz zeigt sich darin, Wissen in Situationen begründet anzuwenden.",SBFI Rahmenlehrplan Allgemeinbildung 2025,https://www.sbfi.admin.ch/dam/de/sd-web/6J7xFxDA7Kj4/nRLP_ABU_DE-def.pdf
abu,Allgemeinbildung (ABU),abu_rlp_2025,Allgemeinbildung (ABU) – RLP 2025,1,Orientierung im ABU,single_choice,medium,15,Welche Entscheidung ist bei «Selbstständiges Lernen» sinnvoll?,"Aufgaben verschieben; Rückblick auslassen, mit Blick auf die Folgen, bei Bedarf im Team, im konkreten Fall","Nur Hilfe erwarten; Planung vermeiden, bei Bedarf im Team, im konkreten Fall, anhand klarer Kriterien","Ziele setzen; Lernweg überprüfen, im konkreten Fall, anhand klarer Kriterien, mit Blick auf die Folgen","Zufällig arbeiten; Kontrolle weglassen, anhand klarer Kriterien, mit Blick auf die Folgen, bei Bedarf im Team",C,"Selbstständiges Lernen braucht Ziele, Planung und regelmässige Überprüfung.",SBFI Rahmenlehrplan Allgemeinbildung 2025,https://www.sbfi.admin.ch/dam/de/sd-web/6J7xFxDA7Kj4/nRLP_ABU_DE-def.pdf
abu,Allgemeinbildung (ABU),abu_rlp_2025,Allgemeinbildung (ABU) – RLP 2025,1,Orientierung im ABU,single_choice,easy,16,Welche Aussage passt am besten zu «Lernstrategien»?,Texte kopieren; Inhalte ungeprüft übernehmen,Alles markieren; Prioritäten vermeiden,Nur auswendig lernen; Zusammenhänge auslassen,Informationen ordnen; Kernaussagen festhalten,D,"Gute Lernstrategien helfen, Wichtiges zu erkennen und verständlich zu sichern.",SBFI Rahmenlehrplan Allgemeinbildung 2025,https://www.sbfi.admin.ch/dam/de/sd-web/6J7xFxDA7Kj4/nRLP_ABU_DE-def.pdf
abu,Allgemeinbildung (ABU),abu_rlp_2025,Allgemeinbildung (ABU) – RLP 2025,1,Orientierung im ABU,single_choice,medium,17,Was ist bei «Transfer» fachlich am wichtigsten?,Wissen anwenden; Situation erklären,Nur Definitionen nennen; Handlung weglassen,Theorie isolieren; Alltag ausklammern,Beispiele meiden; Praxisbezug trennen,A,"Transfer bedeutet, Gelerntes auf neue berufliche und private Situationen zu übertragen.",SBFI Rahmenlehrplan Allgemeinbildung 2025,https://www.sbfi.admin.ch/dam/de/sd-web/6J7xFxDA7Kj4/nRLP_ABU_DE-def.pdf
abu,Allgemeinbildung (ABU),abu_rlp_2025,Allgemeinbildung (ABU) – RLP 2025,1,Orientierung im ABU,single_choice,medium,18,Welche Vorgehensweise ist im Thema «Reflexion» richtig?,Nur Resultat zählen; Lernweg ausblenden,Vorgehen beurteilen; Verbesserungen ableiten,Kritik abwehren; Anpassung vermeiden,Fehler verstecken; Rückmeldung ignorieren,B,"Reflexion macht sichtbar, was funktioniert und was verbessert werden kann.",SBFI Rahmenlehrplan Allgemeinbildung 2025,https://www.sbfi.admin.ch/dam/de/sd-web/6J7xFxDA7Kj4/nRLP_ABU_DE-def.pdf
abu,Allgemeinbildung (ABU),abu_rlp_2025,Allgemeinbildung (ABU) – RLP 2025,1,Orientierung im ABU,single_choice,hard,19,Welche Handlung zeigt ein gutes Verständnis von «Lernbereiche»?,"Nur Tests lösen; Transfer vermeiden, mit Blick auf die Folgen","Einzelwissen sammeln; Zusammenhänge trennen, bei Bedarf im Team",Sprache und Gesellschaft verbinden; Alltagssituationen bearbeiten,"Nur Grammatik üben; Gesellschaft ausblenden, anhand klarer Kriterien",C,"ABU verbindet Sprache, Kommunikation und Gesellschaft in lebensnahen Situationen.",SBFI Rahmenlehrplan Allgemeinbildung 2025,https://www.sbfi.admin.ch/dam/de/sd-web/6J7xFxDA7Kj4/nRLP_ABU_DE-def.pdf
abu,Allgemeinbildung (ABU),abu_rlp_2025,Allgemeinbildung (ABU) – RLP 2025,1,Orientierung im ABU,single_choice,medium,20,Welche Entscheidung ist bei «Kompetenzorientierung» sinnvoll?,Antworten raten; Begründungen vermeiden,Regeln auswendig lernen; Transfer ignorieren,Begriffe abschreiben; Anwendung weglassen,Handeln begründen; Ergebnisse reflektieren,D,"Kompetenz zeigt sich darin, Wissen in Situationen begründet anzuwenden.",SBFI Rahmenlehrplan Allgemeinbildung 2025,https://www.sbfi.admin.ch/dam/de/sd-web/6J7xFxDA7Kj4/nRLP_ABU_DE-def.pdf
abu,Allgemeinbildung (ABU),abu_rlp_2025,Allgemeinbildung (ABU) – RLP 2025,1,Orientierung im ABU,single_choice,easy,21,Welche Aussage passt am besten zu «Selbstständiges Lernen»?,"Ziele setzen; Lernweg überprüfen, im konkreten Fall, anhand klarer Kriterien, mit Blick auf die Folgen","Zufällig arbeiten; Kontrolle weglassen, anhand klarer Kriterien, mit Blick auf die Folgen, bei Bedarf im Team","Aufgaben verschieben; Rückblick auslassen, mit Blick auf die Folgen, bei Bedarf im Team, im konkreten Fall","Nur Hilfe erwarten; Planung vermeiden, bei Bedarf im Team, im konkreten Fall, anhand klarer Kriterien",A,"Selbstständiges Lernen braucht Ziele, Planung und regelmässige Überprüfung.",SBFI Rahmenlehrplan Allgemeinbildung 2025,https://www.sbfi.admin.ch/dam/de/sd-web/6J7xFxDA7Kj4/nRLP_ABU_DE-def.pdf
abu,Allgemeinbildung (ABU),abu_rlp_2025,Allgemeinbildung (ABU) – RLP 2025,1,Orientierung im ABU,single_choice,medium,22,Was ist bei «Lernstrategien» fachlich am wichtigsten?,Nur auswendig lernen; Zusammenhänge auslassen,Informationen ordnen; Kernaussagen festhalten,Texte kopieren; Inhalte ungeprüft übernehmen,Alles markieren; Prioritäten vermeiden,B,"Gute Lernstrategien helfen, Wichtiges zu erkennen und verständlich zu sichern.",SBFI Rahmenlehrplan Allgemeinbildung 2025,https://www.sbfi.admin.ch/dam/de/sd-web/6J7xFxDA7Kj4/nRLP_ABU_DE-def.pdf
abu,Allgemeinbildung (ABU),abu_rlp_2025,Allgemeinbildung (ABU) – RLP 2025,1,Orientierung im ABU,single_choice,medium,23,Welche Vorgehensweise ist im Thema «Transfer» richtig?,Theorie isolieren; Alltag ausklammern,Beispiele meiden; Praxisbezug trennen,Wissen anwenden; Situation erklären,Nur Definitionen nennen; Handlung weglassen,C,"Transfer bedeutet, Gelerntes auf neue berufliche und private Situationen zu übertragen.",SBFI Rahmenlehrplan Allgemeinbildung 2025,https://www.sbfi.admin.ch/dam/de/sd-web/6J7xFxDA7Kj4/nRLP_ABU_DE-def.pdf
abu,Allgemeinbildung (ABU),abu_rlp_2025,Allgemeinbildung (ABU) – RLP 2025,1,Orientierung im ABU,single_choice,hard,24,Welche Handlung zeigt ein gutes Verständnis von «Reflexion»?,Kritik abwehren; Anpassung vermeiden,Fehler verstecken; Rückmeldung ignorieren,Nur Resultat zählen; Lernweg ausblenden,Vorgehen beurteilen; Verbesserungen ableiten,D,"Reflexion macht sichtbar, was funktioniert und was verbessert werden kann.",SBFI Rahmenlehrplan Allgemeinbildung 2025,https://www.sbfi.admin.ch/dam/de/sd-web/6J7xFxDA7Kj4/nRLP_ABU_DE-def.pdf
abu,Allgemeinbildung (ABU),abu_rlp_2025,Allgemeinbildung (ABU) – RLP 2025,1,Orientierung im ABU,single_choice,medium,25,Welche Entscheidung ist bei «Lernbereiche» sinnvoll?,Sprache und Gesellschaft verbinden; Alltagssituationen bearbeiten,"Nur Grammatik üben; Gesellschaft ausblenden, anhand klarer Kriterien","Nur Tests lösen; Transfer vermeiden, mit Blick auf die Folgen","Einzelwissen sammeln; Zusammenhänge trennen, bei Bedarf im Team",A,"ABU verbindet Sprache, Kommunikation und Gesellschaft in lebensnahen Situationen.",SBFI Rahmenlehrplan Allgemeinbildung 2025,https://www.sbfi.admin.ch/dam/de/sd-web/6J7xFxDA7Kj4/nRLP_ABU_DE-def.pdf
abu,Allgemeinbildung (ABU),abu_rlp_2025,Allgemeinbildung (ABU) – RLP 2025,1,Orientierung im ABU,single_choice,easy,26,Welche Aussage passt am besten zu «Kompetenzorientierung»?,Begriffe abschreiben; Anwendung weglassen,Handeln begründen; Ergebnisse reflektieren,Antworten raten; Begründungen vermeiden,Regeln auswendig lernen; Transfer ignorieren,B,"Kompetenz zeigt sich darin, Wissen in Situationen begründet anzuwenden.",SBFI Rahmenlehrplan Allgemeinbildung 2025,https://www.sbfi.admin.ch/dam/de/sd-web/6J7xFxDA7Kj4/nRLP_ABU_DE-def.pdf
abu,Allgemeinbildung (ABU),abu_rlp_2025,Allgemeinbildung (ABU) – RLP 2025,1,Orientierung im ABU,single_choice,medium,27,Was ist bei «Selbstständiges Lernen» fachlich am wichtigsten?,"Aufgaben verschieben; Rückblick auslassen, mit Blick auf die Folgen, bei Bedarf im Team, im konkreten Fall","Nur Hilfe erwarten; Planung vermeiden, bei Bedarf im Team, im konkreten Fall, anhand klarer Kriterien","Ziele setzen; Lernweg überprüfen, im konkreten Fall, anhand klarer Kriterien, mit Blick auf die Folgen","Zufällig arbeiten; Kontrolle weglassen, anhand klarer Kriterien, mit Blick auf die Folgen, bei Bedarf im Team",C,"Selbstständiges Lernen braucht Ziele, Planung und regelmässige Überprüfung.",SBFI Rahmenlehrplan Allgemeinbildung 2025,https://www.sbfi.admin.ch/dam/de/sd-web/6J7xFxDA7Kj4/nRLP_ABU_DE-def.pdf
abu,Allgemeinbildung (ABU),abu_rlp_2025,Allgemeinbildung (ABU) – RLP 2025,1,Orientierung im ABU,single_choice,medium,28,Welche Vorgehensweise ist im Thema «Lernstrategien» richtig?,Texte kopieren; Inhalte ungeprüft übernehmen,Alles markieren; Prioritäten vermeiden,Nur auswendig lernen; Zusammenhänge auslassen,Informationen ordnen; Kernaussagen festhalten,D,"Gute Lernstrategien helfen, Wichtiges zu erkennen und verständlich zu sichern.",SBFI Rahmenlehrplan Allgemeinbildung 2025,https://www.sbfi.admin.ch/dam/de/sd-web/6J7xFxDA7Kj4/nRLP_ABU_DE-def.pdf
abu,Allgemeinbildung (ABU),abu_rlp_2025,Allgemeinbildung (ABU) – RLP 2025,1,Orientierung im ABU,single_choice,hard,29,Welche Handlung zeigt ein gutes Verständnis von «Transfer»?,Wissen anwenden; Situation erklären,Nur Definitionen nennen; Handlung weglassen,Theorie isolieren; Alltag ausklammern,Beispiele meiden; Praxisbezug trennen,A,"Transfer bedeutet, Gelerntes auf neue berufliche und private Situationen zu übertragen.",SBFI Rahmenlehrplan Allgemeinbildung 2025,https://www.sbfi.admin.ch/dam/de/sd-web/6J7xFxDA7Kj4/nRLP_ABU_DE-def.pdf
abu,Allgemeinbildung (ABU),abu_rlp_2025,Allgemeinbildung (ABU) – RLP 2025,1,Orientierung im ABU,single_choice,medium,30,Welche Entscheidung ist bei «Reflexion» sinnvoll?,Nur Resultat zählen; Lernweg ausblenden,Vorgehen beurteilen; Verbesserungen ableiten,Kritik abwehren; Anpassung vermeiden,Fehler verstecken; Rückmeldung ignorieren,B,"Reflexion macht sichtbar, was funktioniert und was verbessert werden kann.",SBFI Rahmenlehrplan Allgemeinbildung 2025,https://www.sbfi.admin.ch/dam/de/sd-web/6J7xFxDA7Kj4/nRLP_ABU_DE-def.pdf
abu,Allgemeinbildung (ABU),abu_rlp_2025,Allgemeinbildung (ABU) – RLP 2025,2,Sprache & Kommunikation,single_choice,easy,1,Welche Aussage passt am besten zu «Adressatengerecht schreiben»?,Zielgruppe beachten; Ton passend wählen,Umgangssprache nutzen; Zweck verfehlen,Details häufen; Kernaussage verstecken,Form ignorieren; Lesende überfordern,A,"Adressatengerechte Texte passen Inhalt, Ton und Form an die Lesenden an.",SBFI Rahmenlehrplan Allgemeinbildung 2025,https://www.sbfi.admin.ch/dam/de/sd-web/6J7xFxDA7Kj4/nRLP_ABU_DE-def.pdf
abu,Allgemeinbildung (ABU),abu_rlp_2025,Allgemeinbildung (ABU) – RLP 2025,2,Sprache & Kommunikation,single_choice,medium,2,Was ist bei «Argumentieren» fachlich am wichtigsten?,Meinung behaupten; Belege auslassen,Standpunkt nennen; Begründung liefern,Thema wechseln; Gegenargumente meiden,Gefühle betonen; Sachbezug verlieren,B,"Ein Argument verbindet Standpunkt, Begründung und passende Beispiele.",SBFI Rahmenlehrplan Allgemeinbildung 2025,https://www.sbfi.admin.ch/dam/de/sd-web/6J7xFxDA7Kj4/nRLP_ABU_DE-def.pdf
abu,Allgemeinbildung (ABU),abu_rlp_2025,Allgemeinbildung (ABU) – RLP 2025,2,Sprache & Kommunikation,single_choice,medium,3,Welche Vorgehensweise ist im Thema «Gesprächsführung» richtig?,Andere unterbrechen; Antwort erzwingen,Vorwürfe machen; Sachebene verlassen,Aktiv zuhören; Nachfragen stellen,Monolog halten; Perspektiven ausblenden,C,"Gute Gespräche beruhen auf Zuhören, Nachfragen und respektvoller Sprache.",SBFI Rahmenlehrplan Allgemeinbildung 2025,https://www.sbfi.admin.ch/dam/de/sd-web/6J7xFxDA7Kj4/nRLP_ABU_DE-def.pdf
abu,Allgemeinbildung (ABU),abu_rlp_2025,Allgemeinbildung (ABU) – RLP 2025,2,Sprache & Kommunikation,single_choice,hard,4,Welche Handlung zeigt ein gutes Verständnis von «Textverständnis»?,Einzelwörter zählen; Zusammenhang meiden,Überschrift kopieren; Inhalt nicht prüfen,Nebensachen sammeln; Hauptaussage verlieren,Kernaussagen erfassen; Belege markieren,D,"Textverständnis verlangt Hauptaussagen, Struktur und Belege zu erkennen.",SBFI Rahmenlehrplan Allgemeinbildung 2025,https://www.sbfi.admin.ch/dam/de/sd-web/6J7xFxDA7Kj4/nRLP_ABU_DE-def.pdf
abu,Allgemeinbildung (ABU),abu_rlp_2025,Allgemeinbildung (ABU) – RLP 2025,2,Sprache & Kommunikation,single_choice,medium,5,Welche Entscheidung ist bei «Präsentieren» sinnvoll?,Klar strukturieren; Publikum einbeziehen,Alles vorlesen; Botschaft verstecken,Tempo ignorieren; Schluss weglassen,Folien überladen; Blickkontakt vermeiden,A,Eine gute Präsentation ist klar aufgebaut und auf das Publikum ausgerichtet.,SBFI Rahmenlehrplan Allgemeinbildung 2025,https://www.sbfi.admin.ch/dam/de/sd-web/6J7xFxDA7Kj4/nRLP_ABU_DE-def.pdf
abu,Allgemeinbildung (ABU),abu_rlp_2025,Allgemeinbildung (ABU) – RLP 2025,2,Sprache & Kommunikation,single_choice,easy,6,Welche Aussage passt am besten zu «Berufliche Kommunikation»?,"Abkürzungen häufen; Empfänger verwirren, anhand klarer Kriterien, mit Blick auf die Folgen, bei Bedarf im Team, im konkreten Fall, anhand klarer Kriterien","Sachlich formulieren; Verbindlich bleiben, mit Blick auf die Folgen, bei Bedarf im Team, im konkreten Fall, anhand klarer Kriterien, mit Blick auf die Folgen","Privat werden; Auftrag vergessen, bei Bedarf im Team, im konkreten Fall, anhand klarer Kriterien, mit Blick auf die Folgen, bei Bedarf im Team","Ironie einsetzen; Unklar bleiben, im konkreten Fall, anhand klarer Kriterien, mit Blick auf die Folgen, bei Bedarf im Team, im konkreten Fall",B,"Berufliche Kommunikation ist sachlich, klar und verlässlich.",SBFI Rahmenlehrplan Allgemeinbildung 2025,https://www.sbfi.admin.ch/dam/de/sd-web/6J7xFxDA7Kj4/nRLP_ABU_DE-def.pdf
abu,Allgemeinbildung (ABU),abu_rlp_2025,Allgemeinbildung (ABU) – RLP 2025,2,Sprache & Kommunikation,single_choice,medium,7,Was ist bei «Adressatengerecht schreiben» fachlich am wichtigsten?,Details häufen; Kernaussage verstecken,Form ignorieren; Lesende überfordern,Zielgruppe beachten; Ton passend wählen,Umgangssprache nutzen; Zweck verfehlen,C,"Adressatengerechte Texte passen Inhalt, Ton und Form an die Lesenden an.",SBFI Rahmenlehrplan Allgemeinbildung 2025,https://www.sbfi.admin.ch/dam/de/sd-web/6J7xFxDA7Kj4/nRLP_ABU_DE-def.pdf
abu,Allgemeinbildung (ABU),abu_rlp_2025,Allgemeinbildung (ABU) – RLP 2025,2,Sprache & Kommunikation,single_choice,medium,8,Welche Vorgehensweise ist im Thema «Argumentieren» richtig?,Thema wechseln; Gegenargumente meiden,Gefühle betonen; Sachbezug verlieren,Meinung behaupten; Belege auslassen,Standpunkt nennen; Begründung liefern,D,"Ein Argument verbindet Standpunkt, Begründung und passende Beispiele.",SBFI Rahmenlehrplan Allgemeinbildung 2025,https://www.sbfi.admin.ch/dam/de/sd-web/6J7xFxDA7Kj4/nRLP_ABU_DE-def.pdf
abu,Allgemeinbildung (ABU),abu_rlp_2025,Allgemeinbildung (ABU) – RLP 2025,2,Sprache & Kommunikation,single_choice,hard,9,Welche Handlung zeigt ein gutes Verständnis von «Gesprächsführung»?,Aktiv zuhören; Nachfragen stellen,Monolog halten; Perspektiven ausblenden,Andere unterbrechen; Antwort erzwingen,Vorwürfe machen; Sachebene verlassen,A,"Gute Gespräche beruhen auf Zuhören, Nachfragen und respektvoller Sprache.",SBFI Rahmenlehrplan Allgemeinbildung 2025,https://www.sbfi.admin.ch/dam/de/sd-web/6J7xFxDA7Kj4/nRLP_ABU_DE-def.pdf
abu,Allgemeinbildung (ABU),abu_rlp_2025,Allgemeinbildung (ABU) – RLP 2025,2,Sprache & Kommunikation,single_choice,medium,10,Welche Entscheidung ist bei «Textverständnis» sinnvoll?,Nebensachen sammeln; Hauptaussage verlieren,Kernaussagen erfassen; Belege markieren,Einzelwörter zählen; Zusammenhang meiden,Überschrift kopieren; Inhalt nicht prüfen,B,"Textverständnis verlangt Hauptaussagen, Struktur und Belege zu erkennen.",SBFI Rahmenlehrplan Allgemeinbildung 2025,https://www.sbfi.admin.ch/dam/de/sd-web/6J7xFxDA7Kj4/nRLP_ABU_DE-def.pdf
abu,Allgemeinbildung (ABU),abu_rlp_2025,Allgemeinbildung (ABU) – RLP 2025,2,Sprache & Kommunikation,single_choice,easy,11,Welche Aussage passt am besten zu «Präsentieren»?,Tempo ignorieren; Schluss weglassen,Folien überladen; Blickkontakt vermeiden,Klar strukturieren; Publikum einbeziehen,Alles vorlesen; Botschaft verstecken,C,Eine gute Präsentation ist klar aufgebaut und auf das Publikum ausgerichtet.,SBFI Rahmenlehrplan Allgemeinbildung 2025,https://www.sbfi.admin.ch/dam/de/sd-web/6J7xFxDA7Kj4/nRLP_ABU_DE-def.pdf
abu,Allgemeinbildung (ABU),abu_rlp_2025,Allgemeinbildung (ABU) – RLP 2025,2,Sprache & Kommunikation,single_choice,medium,12,Was ist bei «Berufliche Kommunikation» fachlich am wichtigsten?,"Privat werden; Auftrag vergessen, bei Bedarf im Team, im konkreten Fall, anhand klarer Kriterien, mit Blick auf die Folgen, bei Bedarf im Team","Ironie einsetzen; Unklar bleiben, im konkreten Fall, anhand klarer Kriterien, mit Blick auf die Folgen, bei Bedarf im Team, im konkreten Fall","Abkürzungen häufen; Empfänger verwirren, anhand klarer Kriterien, mit Blick auf die Folgen, bei Bedarf im Team, im konkreten Fall, anhand klarer Kriterien","Sachlich formulieren; Verbindlich bleiben, mit Blick auf die Folgen, bei Bedarf im Team, im konkreten Fall, anhand klarer Kriterien, mit Blick auf die Folgen",D,"Berufliche Kommunikation ist sachlich, klar und verlässlich.",SBFI Rahmenlehrplan Allgemeinbildung 2025,https://www.sbfi.admin.ch/dam/de/sd-web/6J7xFxDA7Kj4/nRLP_ABU_DE-def.pdf
abu,Allgemeinbildung (ABU),abu_rlp_2025,Allgemeinbildung (ABU) – RLP 2025,2,Sprache & Kommunikation,single_choice,medium,13,Welche Vorgehensweise ist im Thema «Adressatengerecht schreiben» richtig?,Zielgruppe beachten; Ton passend wählen,Umgangssprache nutzen; Zweck verfehlen,Details häufen; Kernaussage verstecken,Form ignorieren; Lesende überfordern,A,"Adressatengerechte Texte passen Inhalt, Ton und Form an die Lesenden an.",SBFI Rahmenlehrplan Allgemeinbildung 2025,https://www.sbfi.admin.ch/dam/de/sd-web/6J7xFxDA7Kj4/nRLP_ABU_DE-def.pdf
abu,Allgemeinbildung (ABU),abu_rlp_2025,Allgemeinbildung (ABU) – RLP 2025,2,Sprache & Kommunikation,single_choice,hard,14,Welche Handlung zeigt ein gutes Verständnis von «Argumentieren»?,Meinung behaupten; Belege auslassen,Standpunkt nennen; Begründung liefern,Thema wechseln; Gegenargumente meiden,Gefühle betonen; Sachbezug verlieren,B,"Ein Argument verbindet Standpunkt, Begründung und passende Beispiele.",SBFI Rahmenlehrplan Allgemeinbildung 2025,https://www.sbfi.admin.ch/dam/de/sd-web/6J7xFxDA7Kj4/nRLP_ABU_DE-def.pdf
abu,Allgemeinbildung (ABU),abu_rlp_2025,Allgemeinbildung (ABU) – RLP 2025,2,Sprache & Kommunikation,single_choice,medium,15,Welche Entscheidung ist bei «Gesprächsführung» sinnvoll?,Andere unterbrechen; Antwort erzwingen,Vorwürfe machen; Sachebene verlassen,Aktiv zuhören; Nachfragen stellen,Monolog halten; Perspektiven ausblenden,C,"Gute Gespräche beruhen auf Zuhören, Nachfragen und respektvoller Sprache.",SBFI Rahmenlehrplan Allgemeinbildung 2025,https://www.sbfi.admin.ch/dam/de/sd-web/6J7xFxDA7Kj4/nRLP_ABU_DE-def.pdf
abu,Allgemeinbildung (ABU),abu_rlp_2025,Allgemeinbildung (ABU) – RLP 2025,2,Sprache & Kommunikation,single_choice,easy,16,Welche Aussage passt am besten zu «Textverständnis»?,Einzelwörter zählen; Zusammenhang meiden,Überschrift kopieren; Inhalt nicht prüfen,Nebensachen sammeln; Hauptaussage verlieren,Kernaussagen erfassen; Belege markieren,D,"Textverständnis verlangt Hauptaussagen, Struktur und Belege zu erkennen.",SBFI Rahmenlehrplan Allgemeinbildung 2025,https://www.sbfi.admin.ch/dam/de/sd-web/6J7xFxDA7Kj4/nRLP_ABU_DE-def.pdf
abu,Allgemeinbildung (ABU),abu_rlp_2025,Allgemeinbildung (ABU) – RLP 2025,2,Sprache & Kommunikation,single_choice,medium,17,Was ist bei «Präsentieren» fachlich am wichtigsten?,Klar strukturieren; Publikum einbeziehen,Alles vorlesen; Botschaft verstecken,Tempo ignorieren; Schluss weglassen,Folien überladen; Blickkontakt vermeiden,A,Eine gute Präsentation ist klar aufgebaut und auf das Publikum ausgerichtet.,SBFI Rahmenlehrplan Allgemeinbildung 2025,https://www.sbfi.admin.ch/dam/de/sd-web/6J7xFxDA7Kj4/nRLP_ABU_DE-def.pdf
abu,Allgemeinbildung (ABU),abu_rlp_2025,Allgemeinbildung (ABU) – RLP 2025,2,Sprache & Kommunikation,single_choice,medium,18,Welche Vorgehensweise ist im Thema «Berufliche Kommunikation» richtig?,"Abkürzungen häufen; Empfänger verwirren, anhand klarer Kriterien, mit Blick auf die Folgen, bei Bedarf im Team, im konkreten Fall, anhand klarer Kriterien","Sachlich formulieren; Verbindlich bleiben, mit Blick auf die Folgen, bei Bedarf im Team, im konkreten Fall, anhand klarer Kriterien, mit Blick auf die Folgen","Privat werden; Auftrag vergessen, bei Bedarf im Team, im konkreten Fall, anhand klarer Kriterien, mit Blick auf die Folgen, bei Bedarf im Team","Ironie einsetzen; Unklar bleiben, im konkreten Fall, anhand klarer Kriterien, mit Blick auf die Folgen, bei Bedarf im Team, im konkreten Fall",B,"Berufliche Kommunikation ist sachlich, klar und verlässlich.",SBFI Rahmenlehrplan Allgemeinbildung 2025,https://www.sbfi.admin.ch/dam/de/sd-web/6J7xFxDA7Kj4/nRLP_ABU_DE-def.pdf
abu,Allgemeinbildung (ABU),abu_rlp_2025,Allgemeinbildung (ABU) – RLP 2025,2,Sprache & Kommunikation,single_choice,hard,19,Welche Handlung zeigt ein gutes Verständnis von «Adressatengerecht schreiben»?,Details häufen; Kernaussage verstecken,Form ignorieren; Lesende überfordern,Zielgruppe beachten; Ton passend wählen,Umgangssprache nutzen; Zweck verfehlen,C,"Adressatengerechte Texte passen Inhalt, Ton und Form an die Lesenden an.",SBFI Rahmenlehrplan Allgemeinbildung 2025,https://www.sbfi.admin.ch/dam/de/sd-web/6J7xFxDA7Kj4/nRLP_ABU_DE-def.pdf
abu,Allgemeinbildung (ABU),abu_rlp_2025,Allgemeinbildung (ABU) – RLP 2025,2,Sprache & Kommunikation,single_choice,medium,20,Welche Entscheidung ist bei «Argumentieren» sinnvoll?,Thema wechseln; Gegenargumente meiden,Gefühle betonen; Sachbezug verlieren,Meinung behaupten; Belege auslassen,Standpunkt nennen; Begründung liefern,D,"Ein Argument verbindet Standpunkt, Begründung und passende Beispiele.",SBFI Rahmenlehrplan Allgemeinbildung 2025,https://www.sbfi.admin.ch/dam/de/sd-web/6J7xFxDA7Kj4/nRLP_ABU_DE-def.pdf
abu,Allgemeinbildung (ABU),abu_rlp_2025,Allgemeinbildung (ABU) – RLP 2025,2,Sprache & Kommunikation,single_choice,easy,21,Welche Aussage passt am besten zu «Gesprächsführung»?,Aktiv zuhören; Nachfragen stellen,Monolog halten; Perspektiven ausblenden,Andere unterbrechen; Antwort erzwingen,Vorwürfe machen; Sachebene verlassen,A,"Gute Gespräche beruhen auf Zuhören, Nachfragen und respektvoller Sprache.",SBFI Rahmenlehrplan Allgemeinbildung 2025,https://www.sbfi.admin.ch/dam/de/sd-web/6J7xFxDA7Kj4/nRLP_ABU_DE-def.pdf
abu,Allgemeinbildung (ABU),abu_rlp_2025,Allgemeinbildung (ABU) – RLP 2025,2,Sprache & Kommunikation,single_choice,medium,22,Was ist bei «Textverständnis» fachlich am wichtigsten?,Nebensachen sammeln; Hauptaussage verlieren,Kernaussagen erfassen; Belege markieren,Einzelwörter zählen; Zusammenhang meiden,Überschrift kopieren; Inhalt nicht prüfen,B,"Textverständnis verlangt Hauptaussagen, Struktur und Belege zu erkennen.",SBFI Rahmenlehrplan Allgemeinbildung 2025,https://www.sbfi.admin.ch/dam/de/sd-web/6J7xFxDA7Kj4/nRLP_ABU_DE-def.pdf
abu,Allgemeinbildung (ABU),abu_rlp_2025,Allgemeinbildung (ABU) – RLP 2025,2,Sprache & Kommunikation,single_choice,medium,23,Welche Vorgehensweise ist im Thema «Präsentieren» richtig?,Tempo ignorieren; Schluss weglassen,Folien überladen; Blickkontakt vermeiden,Klar strukturieren; Publikum einbeziehen,Alles vorlesen; Botschaft verstecken,C,Eine gute Präsentation ist klar aufgebaut und auf das Publikum ausgerichtet.,SBFI Rahmenlehrplan Allgemeinbildung 2025,https://www.sbfi.admin.ch/dam/de/sd-web/6J7xFxDA7Kj4/nRLP_ABU_DE-def.pdf
abu,Allgemeinbildung (ABU),abu_rlp_2025,Allgemeinbildung (ABU) – RLP 2025,2,Sprache & Kommunikation,single_choice,hard,24,Welche Handlung zeigt ein gutes Verständnis von «Berufliche Kommunikation»?,"Privat werden; Auftrag vergessen, bei Bedarf im Team, im konkreten Fall, anhand klarer Kriterien, mit Blick auf die Folgen, bei Bedarf im Team","Ironie einsetzen; Unklar bleiben, im konkreten Fall, anhand klarer Kriterien, mit Blick auf die Folgen, bei Bedarf im Team, im konkreten Fall","Abkürzungen häufen; Empfänger verwirren, anhand klarer Kriterien, mit Blick auf die Folgen, bei Bedarf im Team, im konkreten Fall, anhand klarer Kriterien","Sachlich formulieren; Verbindlich bleiben, mit Blick auf die Folgen, bei Bedarf im Team, im konkreten Fall, anhand klarer Kriterien, mit Blick auf die Folgen",D,"Berufliche Kommunikation ist sachlich, klar und verlässlich.",SBFI Rahmenlehrplan Allgemeinbildung 2025,https://www.sbfi.admin.ch/dam/de/sd-web/6J7xFxDA7Kj4/nRLP_ABU_DE-def.pdf
abu,Allgemeinbildung (ABU),abu_rlp_2025,Allgemeinbildung (ABU) – RLP 2025,2,Sprache & Kommunikation,single_choice,medium,25,Welche Entscheidung ist bei «Adressatengerecht schreiben» sinnvoll?,Zielgruppe beachten; Ton passend wählen,Umgangssprache nutzen; Zweck verfehlen,Details häufen; Kernaussage verstecken,Form ignorieren; Lesende überfordern,A,"Adressatengerechte Texte passen Inhalt, Ton und Form an die Lesenden an.",SBFI Rahmenlehrplan Allgemeinbildung 2025,https://www.sbfi.admin.ch/dam/de/sd-web/6J7xFxDA7Kj4/nRLP_ABU_DE-def.pdf
abu,Allgemeinbildung (ABU),abu_rlp_2025,Allgemeinbildung (ABU) – RLP 2025,2,Sprache & Kommunikation,single_choice,easy,26,Welche Aussage passt am besten zu «Argumentieren»?,Meinung behaupten; Belege auslassen,Standpunkt nennen; Begründung liefern,Thema wechseln; Gegenargumente meiden,Gefühle betonen; Sachbezug verlieren,B,"Ein Argument verbindet Standpunkt, Begründung und passende Beispiele.",SBFI Rahmenlehrplan Allgemeinbildung 2025,https://www.sbfi.admin.ch/dam/de/sd-web/6J7xFxDA7Kj4/nRLP_ABU_DE-def.pdf
abu,Allgemeinbildung (ABU),abu_rlp_2025,Allgemeinbildung (ABU) – RLP 2025,2,Sprache & Kommunikation,single_choice,medium,27,Was ist bei «Gesprächsführung» fachlich am wichtigsten?,Andere unterbrechen; Antwort erzwingen,Vorwürfe machen; Sachebene verlassen,Aktiv zuhören; Nachfragen stellen,Monolog halten; Perspektiven ausblenden,C,"Gute Gespräche beruhen auf Zuhören, Nachfragen und respektvoller Sprache.",SBFI Rahmenlehrplan Allgemeinbildung 2025,https://www.sbfi.admin.ch/dam/de/sd-web/6J7xFxDA7Kj4/nRLP_ABU_DE-def.pdf
abu,Allgemeinbildung (ABU),abu_rlp_2025,Allgemeinbildung (ABU) – RLP 2025,2,Sprache & Kommunikation,single_choice,medium,28,Welche Vorgehensweise ist im Thema «Textverständnis» richtig?,Einzelwörter zählen; Zusammenhang meiden,Überschrift kopieren; Inhalt nicht prüfen,Nebensachen sammeln; Hauptaussage verlieren,Kernaussagen erfassen; Belege markieren,D,"Textverständnis verlangt Hauptaussagen, Struktur und Belege zu erkennen.",SBFI Rahmenlehrplan Allgemeinbildung 2025,https://www.sbfi.admin.ch/dam/de/sd-web/6J7xFxDA7Kj4/nRLP_ABU_DE-def.pdf
abu,Allgemeinbildung (ABU),abu_rlp_2025,Allgemeinbildung (ABU) – RLP 2025,2,Sprache & Kommunikation,single_choice,hard,29,Welche Handlung zeigt ein gutes Verständnis von «Präsentieren»?,Klar strukturieren; Publikum einbeziehen,Alles vorlesen; Botschaft verstecken,Tempo ignorieren; Schluss weglassen,Folien überladen; Blickkontakt vermeiden,A,Eine gute Präsentation ist klar aufgebaut und auf das Publikum ausgerichtet.,SBFI Rahmenlehrplan Allgemeinbildung 2025,https://www.sbfi.admin.ch/dam/de/sd-web/6J7xFxDA7Kj4/nRLP_ABU_DE-def.pdf
abu,Allgemeinbildung (ABU),abu_rlp_2025,Allgemeinbildung (ABU) – RLP 2025,2,Sprache & Kommunikation,single_choice,medium,30,Welche Entscheidung ist bei «Berufliche Kommunikation» sinnvoll?,"Abkürzungen häufen; Empfänger verwirren, anhand klarer Kriterien, mit Blick auf die Folgen, bei Bedarf im Team, im konkreten Fall, anhand klarer Kriterien","Sachlich formulieren; Verbindlich bleiben, mit Blick auf die Folgen, bei Bedarf im Team, im konkreten Fall, anhand klarer Kriterien, mit Blick auf die Folgen","Privat werden; Auftrag vergessen, bei Bedarf im Team, im konkreten Fall, anhand klarer Kriterien, mit Blick auf die Folgen, bei Bedarf im Team","Ironie einsetzen; Unklar bleiben, im konkreten Fall, anhand klarer Kriterien, mit Blick auf die Folgen, bei Bedarf im Team, im konkreten Fall",B,"Berufliche Kommunikation ist sachlich, klar und verlässlich.",SBFI Rahmenlehrplan Allgemeinbildung 2025,https://www.sbfi.admin.ch/dam/de/sd-web/6J7xFxDA7Kj4/nRLP_ABU_DE-def.pdf
abu,Allgemeinbildung (ABU),abu_rlp_2025,Allgemeinbildung (ABU) – RLP 2025,3,"Quellen, Medien & KI",single_choice,easy,1,Welche Aussage passt am besten zu «Quellenprüfung»?,Autorenschaft prüfen; Datum beachten,Ersten Treffer nutzen; Herkunft ignorieren,Meinung als Fakt nehmen; Belege auslassen,Titel vertrauen; Inhalt nicht vergleichen,A,"Quellen werden nach Herkunft, Aktualität, Absicht und Belegen beurteilt.",SBFI Rahmenlehrplan Allgemeinbildung 2025,https://www.sbfi.admin.ch/dam/de/sd-web/6J7xFxDA7Kj4/nRLP_ABU_DE-def.pdf
abu,Allgemeinbildung (ABU),abu_rlp_2025,Allgemeinbildung (ABU) – RLP 2025,3,"Quellen, Medien & KI",single_choice,medium,2,Was ist bei «Medienkompetenz» fachlich am wichtigsten?,Inhalt teilen; Prüfung weglassen,Botschaft einordnen; Absicht erkennen,Bilder glauben; Kontext ignorieren,Kommentare zählen; Qualität ableiten,B,"Medienkompetenz bedeutet, Inhalte kritisch zu prüfen und einzuordnen.",SBFI Rahmenlehrplan Allgemeinbildung 2025,https://www.sbfi.admin.ch/dam/de/sd-web/6J7xFxDA7Kj4/nRLP_ABU_DE-def.pdf
abu,Allgemeinbildung (ABU),abu_rlp_2025,Allgemeinbildung (ABU) – RLP 2025,3,"Quellen, Medien & KI",single_choice,medium,3,Welche Vorgehensweise ist im Thema «KI-Nutzung» richtig?,"Antwort übernehmen; Kontrolle auslassen, mit Blick auf die Folgen, bei Bedarf im Team, im konkreten Fall, anhand klarer Kriterien, mit Blick auf die Folgen","Prompt geheim halten; Fehler ignorieren, bei Bedarf im Team, im konkreten Fall, anhand klarer Kriterien, mit Blick auf die Folgen, bei Bedarf im Team","Ergebnis prüfen; Quelle ergänzen, im konkreten Fall, anhand klarer Kriterien, mit Blick auf die Folgen, bei Bedarf im Team, im konkreten Fall","KI als Autor setzen; Eigenleistung ersetzen, anhand klarer Kriterien, mit Blick auf die Folgen, bei Bedarf im Team, im konkreten Fall, anhand klarer Kriterien",C,"KI-Ergebnisse müssen geprüft, ergänzt und transparent genutzt werden.",SBFI Rahmenlehrplan Allgemeinbildung 2025,https://www.sbfi.admin.ch/dam/de/sd-web/6J7xFxDA7Kj4/nRLP_ABU_DE-def.pdf
abu,Allgemeinbildung (ABU),abu_rlp_2025,Allgemeinbildung (ABU) – RLP 2025,3,"Quellen, Medien & KI",single_choice,hard,4,Welche Handlung zeigt ein gutes Verständnis von «Datenschutz»?,"Passwörter teilen; Risiko verdrängen, bei Bedarf im Team, im konkreten Fall, anhand klarer Kriterien, mit Blick auf die Folgen, bei Bedarf im Team","Fotos ungefragt posten; Einwilligung meiden, im konkreten Fall, anhand klarer Kriterien, mit Blick auf die Folgen, bei Bedarf im Team, im konkreten Fall","Daten sammeln; Zweck verschweigen, anhand klarer Kriterien, mit Blick auf die Folgen, bei Bedarf im Team, im konkreten Fall, anhand klarer Kriterien","Private Daten schützen; Freigaben prüfen, mit Blick auf die Folgen, bei Bedarf im Team, im konkreten Fall, anhand klarer Kriterien, mit Blick auf die Folgen",D,Datenschutz schützt Persönlichkeit und verlangt sorgfältigen Umgang mit Daten.,SBFI Rahmenlehrplan Allgemeinbildung 2025,https://www.sbfi.admin.ch/dam/de/sd-web/6J7xFxDA7Kj4/nRLP_ABU_DE-def.pdf
abu,Allgemeinbildung (ABU),abu_rlp_2025,Allgemeinbildung (ABU) – RLP 2025,3,"Quellen, Medien & KI",single_choice,medium,5,Welche Entscheidung ist bei «Fake News» sinnvoll?,Behauptungen vergleichen; Belege suchen,Schlagzeile glauben; Inhalt nicht lesen,Gerüchte verbreiten; Korrektur meiden,Emotionen folgen; Quelle ausblenden,A,"Falschinformationen erkennt man durch Vergleich, Belege und Kontextprüfung.",SBFI Rahmenlehrplan Allgemeinbildung 2025,https://www.sbfi.admin.ch/dam/de/sd-web/6J7xFxDA7Kj4/nRLP_ABU_DE-def.pdf
abu,Allgemeinbildung (ABU),abu_rlp_2025,Allgemeinbildung (ABU) – RLP 2025,3,"Quellen, Medien & KI",single_choice,easy,6,Welche Aussage passt am besten zu «Urheberrecht»?,Texte übernehmen; Autor verschweigen,Quellen angeben; Nutzungsrechte prüfen,Material verkaufen; Lizenz missachten,Bilder kopieren; Rechte ignorieren,B,Fremde Inhalte dürfen nur gemäss Recht und mit korrekter Quellenangabe genutzt werden.,SBFI Rahmenlehrplan Allgemeinbildung 2025,https://www.sbfi.admin.ch/dam/de/sd-web/6J7xFxDA7Kj4/nRLP_ABU_DE-def.pdf
abu,Allgemeinbildung (ABU),abu_rlp_2025,Allgemeinbildung (ABU) – RLP 2025,3,"Quellen, Medien & KI",single_choice,medium,7,Was ist bei «Quellenprüfung» fachlich am wichtigsten?,Meinung als Fakt nehmen; Belege auslassen,Titel vertrauen; Inhalt nicht vergleichen,Autorenschaft prüfen; Datum beachten,Ersten Treffer nutzen; Herkunft ignorieren,C,"Quellen werden nach Herkunft, Aktualität, Absicht und Belegen beurteilt.",SBFI Rahmenlehrplan Allgemeinbildung 2025,https://www.sbfi.admin.ch/dam/de/sd-web/6J7xFxDA7Kj4/nRLP_ABU_DE-def.pdf
abu,Allgemeinbildung (ABU),abu_rlp_2025,Allgemeinbildung (ABU) – RLP 2025,3,"Quellen, Medien & KI",single_choice,medium,8,Welche Vorgehensweise ist im Thema «Medienkompetenz» richtig?,Bilder glauben; Kontext ignorieren,Kommentare zählen; Qualität ableiten,Inhalt teilen; Prüfung weglassen,Botschaft einordnen; Absicht erkennen,D,"Medienkompetenz bedeutet, Inhalte kritisch zu prüfen und einzuordnen.",SBFI Rahmenlehrplan Allgemeinbildung 2025,https://www.sbfi.admin.ch/dam/de/sd-web/6J7xFxDA7Kj4/nRLP_ABU_DE-def.pdf
abu,Allgemeinbildung (ABU),abu_rlp_2025,Allgemeinbildung (ABU) – RLP 2025,3,"Quellen, Medien & KI",single_choice,hard,9,Welche Handlung zeigt ein gutes Verständnis von «KI-Nutzung»?,"Ergebnis prüfen; Quelle ergänzen, im konkreten Fall, anhand klarer Kriterien, mit Blick auf die Folgen, bei Bedarf im Team, im konkreten Fall","KI als Autor setzen; Eigenleistung ersetzen, anhand klarer Kriterien, mit Blick auf die Folgen, bei Bedarf im Team, im konkreten Fall, anhand klarer Kriterien","Antwort übernehmen; Kontrolle auslassen, mit Blick auf die Folgen, bei Bedarf im Team, im konkreten Fall, anhand klarer Kriterien, mit Blick auf die Folgen","Prompt geheim halten; Fehler ignorieren, bei Bedarf im Team, im konkreten Fall, anhand klarer Kriterien, mit Blick auf die Folgen, bei Bedarf im Team",A,"KI-Ergebnisse müssen geprüft, ergänzt und transparent genutzt werden.",SBFI Rahmenlehrplan Allgemeinbildung 2025,https://www.sbfi.admin.ch/dam/de/sd-web/6J7xFxDA7Kj4/nRLP_ABU_DE-def.pdf
abu,Allgemeinbildung (ABU),abu_rlp_2025,Allgemeinbildung (ABU) – RLP 2025,3,"Quellen, Medien & KI",single_choice,medium,10,Welche Entscheidung ist bei «Datenschutz» sinnvoll?,"Daten sammeln; Zweck verschweigen, anhand klarer Kriterien, mit Blick auf die Folgen, bei Bedarf im Team, im konkreten Fall, anhand klarer Kriterien","Private Daten schützen; Freigaben prüfen, mit Blick auf die Folgen, bei Bedarf im Team, im konkreten Fall, anhand klarer Kriterien, mit Blick auf die Folgen","Passwörter teilen; Risiko verdrängen, bei Bedarf im Team, im konkreten Fall, anhand klarer Kriterien, mit Blick auf die Folgen, bei Bedarf im Team","Fotos ungefragt posten; Einwilligung meiden, im konkreten Fall, anhand klarer Kriterien, mit Blick auf die Folgen, bei Bedarf im Team, im konkreten Fall",B,Datenschutz schützt Persönlichkeit und verlangt sorgfältigen Umgang mit Daten.,SBFI Rahmenlehrplan Allgemeinbildung 2025,https://www.sbfi.admin.ch/dam/de/sd-web/6J7xFxDA7Kj4/nRLP_ABU_DE-def.pdf
abu,Allgemeinbildung (ABU),abu_rlp_2025,Allgemeinbildung (ABU) – RLP 2025,3,"Quellen, Medien & KI",single_choice,easy,11,Welche Aussage passt am besten zu «Fake News»?,Gerüchte verbreiten; Korrektur meiden,Emotionen folgen; Quelle ausblenden,Behauptungen vergleichen; Belege suchen,Schlagzeile glauben; Inhalt nicht lesen,C,"Falschinformationen erkennt man durch Vergleich, Belege und Kontextprüfung.",SBFI Rahmenlehrplan Allgemeinbildung 2025,https://www.sbfi.admin.ch/dam/de/sd-web/6J7xFxDA7Kj4/nRLP_ABU_DE-def.pdf
abu,Allgemeinbildung (ABU),abu_rlp_2025,Allgemeinbildung (ABU) – RLP 2025,3,"Quellen, Medien & KI",single_choice,medium,12,Was ist bei «Urheberrecht» fachlich am wichtigsten?,Material verkaufen; Lizenz missachten,Bilder kopieren; Rechte ignorieren,Texte übernehmen; Autor verschweigen,Quellen angeben; Nutzungsrechte prüfen,D,Fremde Inhalte dürfen nur gemäss Recht und mit korrekter Quellenangabe genutzt werden.,SBFI Rahmenlehrplan Allgemeinbildung 2025,https://www.sbfi.admin.ch/dam/de/sd-web/6J7xFxDA7Kj4/nRLP_ABU_DE-def.pdf
abu,Allgemeinbildung (ABU),abu_rlp_2025,Allgemeinbildung (ABU) – RLP 2025,3,"Quellen, Medien & KI",single_choice,medium,13,Welche Vorgehensweise ist im Thema «Quellenprüfung» richtig?,Autorenschaft prüfen; Datum beachten,Ersten Treffer nutzen; Herkunft ignorieren,Meinung als Fakt nehmen; Belege auslassen,Titel vertrauen; Inhalt nicht vergleichen,A,"Quellen werden nach Herkunft, Aktualität, Absicht und Belegen beurteilt.",SBFI Rahmenlehrplan Allgemeinbildung 2025,https://www.sbfi.admin.ch/dam/de/sd-web/6J7xFxDA7Kj4/nRLP_ABU_DE-def.pdf
abu,Allgemeinbildung (ABU),abu_rlp_2025,Allgemeinbildung (ABU) – RLP 2025,3,"Quellen, Medien & KI",single_choice,hard,14,Welche Handlung zeigt ein gutes Verständnis von «Medienkompetenz»?,Inhalt teilen; Prüfung weglassen,Botschaft einordnen; Absicht erkennen,Bilder glauben; Kontext ignorieren,Kommentare zählen; Qualität ableiten,B,"Medienkompetenz bedeutet, Inhalte kritisch zu prüfen und einzuordnen.",SBFI Rahmenlehrplan Allgemeinbildung 2025,https://www.sbfi.admin.ch/dam/de/sd-web/6J7xFxDA7Kj4/nRLP_ABU_DE-def.pdf
abu,Allgemeinbildung (ABU),abu_rlp_2025,Allgemeinbildung (ABU) – RLP 2025,3,"Quellen, Medien & KI",single_choice,medium,15,Welche Entscheidung ist bei «KI-Nutzung» sinnvoll?,"Antwort übernehmen; Kontrolle auslassen, mit Blick auf die Folgen, bei Bedarf im Team, im konkreten Fall, anhand klarer Kriterien, mit Blick auf die Folgen","Prompt geheim halten; Fehler ignorieren, bei Bedarf im Team, im konkreten Fall, anhand klarer Kriterien, mit Blick auf die Folgen, bei Bedarf im Team","Ergebnis prüfen; Quelle ergänzen, im konkreten Fall, anhand klarer Kriterien, mit Blick auf die Folgen, bei Bedarf im Team, im konkreten Fall","KI als Autor setzen; Eigenleistung ersetzen, anhand klarer Kriterien, mit Blick auf die Folgen, bei Bedarf im Team, im konkreten Fall, anhand klarer Kriterien",C,"KI-Ergebnisse müssen geprüft, ergänzt und transparent genutzt werden.",SBFI Rahmenlehrplan Allgemeinbildung 2025,https://www.sbfi.admin.ch/dam/de/sd-web/6J7xFxDA7Kj4/nRLP_ABU_DE-def.pdf
abu,Allgemeinbildung (ABU),abu_rlp_2025,Allgemeinbildung (ABU) – RLP 2025,3,"Quellen, Medien & KI",single_choice,easy,16,Welche Aussage passt am besten zu «Datenschutz»?,"Passwörter teilen; Risiko verdrängen, bei Bedarf im Team, im konkreten Fall, anhand klarer Kriterien, mit Blick auf die Folgen, bei Bedarf im Team","Fotos ungefragt posten; Einwilligung meiden, im konkreten Fall, anhand klarer Kriterien, mit Blick auf die Folgen, bei Bedarf im Team, im konkreten Fall","Daten sammeln; Zweck verschweigen, anhand klarer Kriterien, mit Blick auf die Folgen, bei Bedarf im Team, im konkreten Fall, anhand klarer Kriterien","Private Daten schützen; Freigaben prüfen, mit Blick auf die Folgen, bei Bedarf im Team, im konkreten Fall, anhand klarer Kriterien, mit Blick auf die Folgen",D,Datenschutz schützt Persönlichkeit und verlangt sorgfältigen Umgang mit Daten.,SBFI Rahmenlehrplan Allgemeinbildung 2025,https://www.sbfi.admin.ch/dam/de/sd-web/6J7xFxDA7Kj4/nRLP_ABU_DE-def.pdf
abu,Allgemeinbildung (ABU),abu_rlp_2025,Allgemeinbildung (ABU) – RLP 2025,3,"Quellen, Medien & KI",single_choice,medium,17,Was ist bei «Fake News» fachlich am wichtigsten?,Behauptungen vergleichen; Belege suchen,Schlagzeile glauben; Inhalt nicht lesen,Gerüchte verbreiten; Korrektur meiden,Emotionen folgen; Quelle ausblenden,A,"Falschinformationen erkennt man durch Vergleich, Belege und Kontextprüfung.",SBFI Rahmenlehrplan Allgemeinbildung 2025,https://www.sbfi.admin.ch/dam/de/sd-web/6J7xFxDA7Kj4/nRLP_ABU_DE-def.pdf
abu,Allgemeinbildung (ABU),abu_rlp_2025,Allgemeinbildung (ABU) – RLP 2025,3,"Quellen, Medien & KI",single_choice,medium,18,Welche Vorgehensweise ist im Thema «Urheberrecht» richtig?,Texte übernehmen; Autor verschweigen,Quellen angeben; Nutzungsrechte prüfen,Material verkaufen; Lizenz missachten,Bilder kopieren; Rechte ignorieren,B,Fremde Inhalte dürfen nur gemäss Recht und mit korrekter Quellenangabe genutzt werden.,SBFI Rahmenlehrplan Allgemeinbildung 2025,https://www.sbfi.admin.ch/dam/de/sd-web/6J7xFxDA7Kj4/nRLP_ABU_DE-def.pdf
abu,Allgemeinbildung (ABU),abu_rlp_2025,Allgemeinbildung (ABU) – RLP 2025,3,"Quellen, Medien & KI",single_choice,hard,19,Welche Handlung zeigt ein gutes Verständnis von «Quellenprüfung»?,Meinung als Fakt nehmen; Belege auslassen,Titel vertrauen; Inhalt nicht vergleichen,Autorenschaft prüfen; Datum beachten,Ersten Treffer nutzen; Herkunft ignorieren,C,"Quellen werden nach Herkunft, Aktualität, Absicht und Belegen beurteilt.",SBFI Rahmenlehrplan Allgemeinbildung 2025,https://www.sbfi.admin.ch/dam/de/sd-web/6J7xFxDA7Kj4/nRLP_ABU_DE-def.pdf
abu,Allgemeinbildung (ABU),abu_rlp_2025,Allgemeinbildung (ABU) – RLP 2025,3,"Quellen, Medien & KI",single_choice,medium,20,Welche Entscheidung ist bei «Medienkompetenz» sinnvoll?,Bilder glauben; Kontext ignorieren,Kommentare zählen; Qualität ableiten,Inhalt teilen; Prüfung weglassen,Botschaft einordnen; Absicht erkennen,D,"Medienkompetenz bedeutet, Inhalte kritisch zu prüfen und einzuordnen.",SBFI Rahmenlehrplan Allgemeinbildung 2025,https://www.sbfi.admin.ch/dam/de/sd-web/6J7xFxDA7Kj4/nRLP_ABU_DE-def.pdf
abu,Allgemeinbildung (ABU),abu_rlp_2025,Allgemeinbildung (ABU) – RLP 2025,3,"Quellen, Medien & KI",single_choice,easy,21,Welche Aussage passt am besten zu «KI-Nutzung»?,"Ergebnis prüfen; Quelle ergänzen, im konkreten Fall, anhand klarer Kriterien, mit Blick auf die Folgen, bei Bedarf im Team, im konkreten Fall","KI als Autor setzen; Eigenleistung ersetzen, anhand klarer Kriterien, mit Blick auf die Folgen, bei Bedarf im Team, im konkreten Fall, anhand klarer Kriterien","Antwort übernehmen; Kontrolle auslassen, mit Blick auf die Folgen, bei Bedarf im Team, im konkreten Fall, anhand klarer Kriterien, mit Blick auf die Folgen","Prompt geheim halten; Fehler ignorieren, bei Bedarf im Team, im konkreten Fall, anhand klarer Kriterien, mit Blick auf die Folgen, bei Bedarf im Team",A,"KI-Ergebnisse müssen geprüft, ergänzt und transparent genutzt werden.",SBFI Rahmenlehrplan Allgemeinbildung 2025,https://www.sbfi.admin.ch/dam/de/sd-web/6J7xFxDA7Kj4/nRLP_ABU_DE-def.pdf
abu,Allgemeinbildung (ABU),abu_rlp_2025,Allgemeinbildung (ABU) – RLP 2025,3,"Quellen, Medien & KI",single_choice,medium,22,Was ist bei «Datenschutz» fachlich am wichtigsten?,"Daten sammeln; Zweck verschweigen, anhand klarer Kriterien, mit Blick auf die Folgen, bei Bedarf im Team, im konkreten Fall, anhand klarer Kriterien","Private Daten schützen; Freigaben prüfen, mit Blick auf die Folgen, bei Bedarf im Team, im konkreten Fall, anhand klarer Kriterien, mit Blick auf die Folgen","Passwörter teilen; Risiko verdrängen, bei Bedarf im Team, im konkreten Fall, anhand klarer Kriterien, mit Blick auf die Folgen, bei Bedarf im Team","Fotos ungefragt posten; Einwilligung meiden, im konkreten Fall, anhand klarer Kriterien, mit Blick auf die Folgen, bei Bedarf im Team, im konkreten Fall",B,Datenschutz schützt Persönlichkeit und verlangt sorgfältigen Umgang mit Daten.,SBFI Rahmenlehrplan Allgemeinbildung 2025,https://www.sbfi.admin.ch/dam/de/sd-web/6J7xFxDA7Kj4/nRLP_ABU_DE-def.pdf
abu,Allgemeinbildung (ABU),abu_rlp_2025,Allgemeinbildung (ABU) – RLP 2025,3,"Quellen, Medien & KI",single_choice,medium,23,Welche Vorgehensweise ist im Thema «Fake News» richtig?,Gerüchte verbreiten; Korrektur meiden,Emotionen folgen; Quelle ausblenden,Behauptungen vergleichen; Belege suchen,Schlagzeile glauben; Inhalt nicht lesen,C,"Falschinformationen erkennt man durch Vergleich, Belege und Kontextprüfung.",SBFI Rahmenlehrplan Allgemeinbildung 2025,https://www.sbfi.admin.ch/dam/de/sd-web/6J7xFxDA7Kj4/nRLP_ABU_DE-def.pdf
abu,Allgemeinbildung (ABU),abu_rlp_2025,Allgemeinbildung (ABU) – RLP 2025,3,"Quellen, Medien & KI",single_choice,hard,24,Welche Handlung zeigt ein gutes Verständnis von «Urheberrecht»?,Material verkaufen; Lizenz missachten,Bilder kopieren; Rechte ignorieren,Texte übernehmen; Autor verschweigen,Quellen angeben; Nutzungsrechte prüfen,D,Fremde Inhalte dürfen nur gemäss Recht und mit korrekter Quellenangabe genutzt werden.,SBFI Rahmenlehrplan Allgemeinbildung 2025,https://www.sbfi.admin.ch/dam/de/sd-web/6J7xFxDA7Kj4/nRLP_ABU_DE-def.pdf
abu,Allgemeinbildung (ABU),abu_rlp_2025,Allgemeinbildung (ABU) – RLP 2025,3,"Quellen, Medien & KI",single_choice,medium,25,Welche Entscheidung ist bei «Quellenprüfung» sinnvoll?,Autorenschaft prüfen; Datum beachten,Ersten Treffer nutzen; Herkunft ignorieren,Meinung als Fakt nehmen; Belege auslassen,Titel vertrauen; Inhalt nicht vergleichen,A,"Quellen werden nach Herkunft, Aktualität, Absicht und Belegen beurteilt.",SBFI Rahmenlehrplan Allgemeinbildung 2025,https://www.sbfi.admin.ch/dam/de/sd-web/6J7xFxDA7Kj4/nRLP_ABU_DE-def.pdf
abu,Allgemeinbildung (ABU),abu_rlp_2025,Allgemeinbildung (ABU) – RLP 2025,3,"Quellen, Medien & KI",single_choice,easy,26,Welche Aussage passt am besten zu «Medienkompetenz»?,Inhalt teilen; Prüfung weglassen,Botschaft einordnen; Absicht erkennen,Bilder glauben; Kontext ignorieren,Kommentare zählen; Qualität ableiten,B,"Medienkompetenz bedeutet, Inhalte kritisch zu prüfen und einzuordnen.",SBFI Rahmenlehrplan Allgemeinbildung 2025,https://www.sbfi.admin.ch/dam/de/sd-web/6J7xFxDA7Kj4/nRLP_ABU_DE-def.pdf
abu,Allgemeinbildung (ABU),abu_rlp_2025,Allgemeinbildung (ABU) – RLP 2025,3,"Quellen, Medien & KI",single_choice,medium,27,Was ist bei «KI-Nutzung» fachlich am wichtigsten?,"Antwort übernehmen; Kontrolle auslassen, mit Blick auf die Folgen, bei Bedarf im Team, im konkreten Fall, anhand klarer Kriterien, mit Blick auf die Folgen","Prompt geheim halten; Fehler ignorieren, bei Bedarf im Team, im konkreten Fall, anhand klarer Kriterien, mit Blick auf die Folgen, bei Bedarf im Team","Ergebnis prüfen; Quelle ergänzen, im konkreten Fall, anhand klarer Kriterien, mit Blick auf die Folgen, bei Bedarf im Team, im konkreten Fall","KI als Autor setzen; Eigenleistung ersetzen, anhand klarer Kriterien, mit Blick auf die Folgen, bei Bedarf im Team, im konkreten Fall, anhand klarer Kriterien",C,"KI-Ergebnisse müssen geprüft, ergänzt und transparent genutzt werden.",SBFI Rahmenlehrplan Allgemeinbildung 2025,https://www.sbfi.admin.ch/dam/de/sd-web/6J7xFxDA7Kj4/nRLP_ABU_DE-def.pdf
abu,Allgemeinbildung (ABU),abu_rlp_2025,Allgemeinbildung (ABU) – RLP 2025,3,"Quellen, Medien & KI",single_choice,medium,28,Welche Vorgehensweise ist im Thema «Datenschutz» richtig?,"Passwörter teilen; Risiko verdrängen, bei Bedarf im Team, im konkreten Fall, anhand klarer Kriterien, mit Blick auf die Folgen, bei Bedarf im Team","Fotos ungefragt posten; Einwilligung meiden, im konkreten Fall, anhand klarer Kriterien, mit Blick auf die Folgen, bei Bedarf im Team, im konkreten Fall","Daten sammeln; Zweck verschweigen, anhand klarer Kriterien, mit Blick auf die Folgen, bei Bedarf im Team, im konkreten Fall, anhand klarer Kriterien","Private Daten schützen; Freigaben prüfen, mit Blick auf die Folgen, bei Bedarf im Team, im konkreten Fall, anhand klarer Kriterien, mit Blick auf die Folgen",D,Datenschutz schützt Persönlichkeit und verlangt sorgfältigen Umgang mit Daten.,SBFI Rahmenlehrplan Allgemeinbildung 2025,https://www.sbfi.admin.ch/dam/de/sd-web/6J7xFxDA7Kj4/nRLP_ABU_DE-def.pdf
abu,Allgemeinbildung (ABU),abu_rlp_2025,Allgemeinbildung (ABU) – RLP 2025,3,"Quellen, Medien & KI",single_choice,hard,29,Welche Handlung zeigt ein gutes Verständnis von «Fake News»?,Behauptungen vergleichen; Belege suchen,Schlagzeile glauben; Inhalt nicht lesen,Gerüchte verbreiten; Korrektur meiden,Emotionen folgen; Quelle ausblenden,A,"Falschinformationen erkennt man durch Vergleich, Belege und Kontextprüfung.",SBFI Rahmenlehrplan Allgemeinbildung 2025,https://www.sbfi.admin.ch/dam/de/sd-web/6J7xFxDA7Kj4/nRLP_ABU_DE-def.pdf
abu,Allgemeinbildung (ABU),abu_rlp_2025,Allgemeinbildung (ABU) – RLP 2025,3,"Quellen, Medien & KI",single_choice,medium,30,Welche Entscheidung ist bei «Urheberrecht» sinnvoll?,Texte übernehmen; Autor verschweigen,Quellen angeben; Nutzungsrechte prüfen,Material verkaufen; Lizenz missachten,Bilder kopieren; Rechte ignorieren,B,Fremde Inhalte dürfen nur gemäss Recht und mit korrekter Quellenangabe genutzt werden.,SBFI Rahmenlehrplan Allgemeinbildung 2025,https://www.sbfi.admin.ch/dam/de/sd-web/6J7xFxDA7Kj4/nRLP_ABU_DE-def.pdf
abu,Allgemeinbildung (ABU),abu_rlp_2025,Allgemeinbildung (ABU) – RLP 2025,4,Politik & Demokratie in der Schweiz,single_choice,easy,1,Welche Aussage passt am besten zu «Direkte Demokratie»?,Mitbestimmung nutzen; Vorlagen prüfen,Nicht abstimmen; Folgen ignorieren,Parolen kopieren; Inhalt auslassen,Gerüchte glauben; Argumente meiden,A,Direkte Demokratie lebt von informierter Beteiligung.,SBFI Rahmenlehrplan Allgemeinbildung 2025,https://www.sbfi.admin.ch/dam/de/sd-web/6J7xFxDA7Kj4/nRLP_ABU_DE-def.pdf
abu,Allgemeinbildung (ABU),abu_rlp_2025,Allgemeinbildung (ABU) – RLP 2025,4,Politik & Demokratie in der Schweiz,single_choice,medium,2,Was ist bei «Gewaltenteilung» fachlich am wichtigsten?,Alles zentralisieren; Kontrolle schwächen,Macht aufteilen; Kontrolle sichern,Gerichte steuern; Rechte ausblenden,Regeln umgehen; Transparenz vermeiden,B,Gewaltenteilung begrenzt Macht und schützt demokratische Verfahren.,SBFI Rahmenlehrplan Allgemeinbildung 2025,https://www.sbfi.admin.ch/dam/de/sd-web/6J7xFxDA7Kj4/nRLP_ABU_DE-def.pdf
abu,Allgemeinbildung (ABU),abu_rlp_2025,Allgemeinbildung (ABU) – RLP 2025,4,Politik & Demokratie in der Schweiz,single_choice,medium,3,Welche Vorgehensweise ist im Thema «Föderalismus» richtig?,"Alles dem Bund geben; Kantone ausblenden, mit Blick auf die Folgen, bei Bedarf im Team, im konkreten Fall, anhand klarer Kriterien, mit Blick auf die Folgen","Gemeinden ignorieren; Nähe verlieren, bei Bedarf im Team, im konkreten Fall, anhand klarer Kriterien, mit Blick auf die Folgen, bei Bedarf im Team","Zuständigkeiten klären; Ebenen unterscheiden, im konkreten Fall, anhand klarer Kriterien, mit Blick auf die Folgen, bei Bedarf im Team, im konkreten Fall","Kompetenzen mischen; Verantwortung verwischen, anhand klarer Kriterien, mit Blick auf die Folgen, bei Bedarf im Team, im konkreten Fall, anhand klarer Kriterien",C,"Föderalismus verteilt Aufgaben auf Bund, Kantone und Gemeinden.",SBFI Rahmenlehrplan Allgemeinbildung 2025,https://www.sbfi.admin.ch/dam/de/sd-web/6J7xFxDA7Kj4/nRLP_ABU_DE-def.pdf
abu,Allgemeinbildung (ABU),abu_rlp_2025,Allgemeinbildung (ABU) – RLP 2025,4,Politik & Demokratie in der Schweiz,single_choice,hard,4,Welche Handlung zeigt ein gutes Verständnis von «Rechte und Pflichten»?,Nur Vorteile fordern; Regeln missachten,Andere ausschliessen; Gleichheit schwächen,Pflichten abgeben; Gemeinwohl meiden,Rechte kennen; Pflichten wahrnehmen,D,Demokratie verbindet Freiheitsrechte mit Verantwortung.,SBFI Rahmenlehrplan Allgemeinbildung 2025,https://www.sbfi.admin.ch/dam/de/sd-web/6J7xFxDA7Kj4/nRLP_ABU_DE-def.pdf
abu,Allgemeinbildung (ABU),abu_rlp_2025,Allgemeinbildung (ABU) – RLP 2025,4,Politik & Demokratie in der Schweiz,single_choice,medium,5,Welche Entscheidung ist bei «Meinungsbildung» sinnvoll?,Argumente vergleichen; Interessen erkennen,Eine Quelle nutzen; Gegenposition sperren,Lautstärke werten; Inhalt verlieren,Nur Bauchgefühl folgen; Fakten meiden,A,"Politische Meinung soll auf Fakten, Argumenten und Interessenbewusstsein beruhen.",SBFI Rahmenlehrplan Allgemeinbildung 2025,https://www.sbfi.admin.ch/dam/de/sd-web/6J7xFxDA7Kj4/nRLP_ABU_DE-def.pdf
abu,Allgemeinbildung (ABU),abu_rlp_2025,Allgemeinbildung (ABU) – RLP 2025,4,Politik & Demokratie in der Schweiz,single_choice,easy,6,Welche Aussage passt am besten zu «Institutionen»?,"Namen lernen; Funktion vergessen, anhand klarer Kriterien","Aufgaben zuordnen; Rollen verstehen, mit Blick auf die Folgen","Entscheide raten; Verfahren auslassen, bei Bedarf im Team","Behörden verwechseln; Kompetenzen ignorieren, im konkreten Fall",B,Institutionen erfüllen unterschiedliche Aufgaben im politischen System.,SBFI Rahmenlehrplan Allgemeinbildung 2025,https://www.sbfi.admin.ch/dam/de/sd-web/6J7xFxDA7Kj4/nRLP_ABU_DE-def.pdf
abu,Allgemeinbildung (ABU),abu_rlp_2025,Allgemeinbildung (ABU) – RLP 2025,4,Politik & Demokratie in der Schweiz,single_choice,medium,7,Was ist bei «Direkte Demokratie» fachlich am wichtigsten?,Parolen kopieren; Inhalt auslassen,Gerüchte glauben; Argumente meiden,Mitbestimmung nutzen; Vorlagen prüfen,Nicht abstimmen; Folgen ignorieren,C,Direkte Demokratie lebt von informierter Beteiligung.,SBFI Rahmenlehrplan Allgemeinbildung 2025,https://www.sbfi.admin.ch/dam/de/sd-web/6J7xFxDA7Kj4/nRLP_ABU_DE-def.pdf
abu,Allgemeinbildung (ABU),abu_rlp_2025,Allgemeinbildung (ABU) – RLP 2025,4,Politik & Demokratie in der Schweiz,single_choice,medium,8,Welche Vorgehensweise ist im Thema «Gewaltenteilung» richtig?,Gerichte steuern; Rechte ausblenden,Regeln umgehen; Transparenz vermeiden,Alles zentralisieren; Kontrolle schwächen,Macht aufteilen; Kontrolle sichern,D,Gewaltenteilung begrenzt Macht und schützt demokratische Verfahren.,SBFI Rahmenlehrplan Allgemeinbildung 2025,https://www.sbfi.admin.ch/dam/de/sd-web/6J7xFxDA7Kj4/nRLP_ABU_DE-def.pdf
abu,Allgemeinbildung (ABU),abu_rlp_2025,Allgemeinbildung (ABU) – RLP 2025,4,Politik & Demokratie in der Schweiz,single_choice,hard,9,Welche Handlung zeigt ein gutes Verständnis von «Föderalismus»?,"Zuständigkeiten klären; Ebenen unterscheiden, im konkreten Fall, anhand klarer Kriterien, mit Blick auf die Folgen, bei Bedarf im Team, im konkreten Fall","Kompetenzen mischen; Verantwortung verwischen, anhand klarer Kriterien, mit Blick auf die Folgen, bei Bedarf im Team, im konkreten Fall, anhand klarer Kriterien","Alles dem Bund geben; Kantone ausblenden, mit Blick auf die Folgen, bei Bedarf im Team, im konkreten Fall, anhand klarer Kriterien, mit Blick auf die Folgen","Gemeinden ignorieren; Nähe verlieren, bei Bedarf im Team, im konkreten Fall, anhand klarer Kriterien, mit Blick auf die Folgen, bei Bedarf im Team",A,"Föderalismus verteilt Aufgaben auf Bund, Kantone und Gemeinden.",SBFI Rahmenlehrplan Allgemeinbildung 2025,https://www.sbfi.admin.ch/dam/de/sd-web/6J7xFxDA7Kj4/nRLP_ABU_DE-def.pdf
abu,Allgemeinbildung (ABU),abu_rlp_2025,Allgemeinbildung (ABU) – RLP 2025,4,Politik & Demokratie in der Schweiz,single_choice,medium,10,Welche Entscheidung ist bei «Rechte und Pflichten» sinnvoll?,Pflichten abgeben; Gemeinwohl meiden,Rechte kennen; Pflichten wahrnehmen,Nur Vorteile fordern; Regeln missachten,Andere ausschliessen; Gleichheit schwächen,B,Demokratie verbindet Freiheitsrechte mit Verantwortung.,SBFI Rahmenlehrplan Allgemeinbildung 2025,https://www.sbfi.admin.ch/dam/de/sd-web/6J7xFxDA7Kj4/nRLP_ABU_DE-def.pdf
abu,Allgemeinbildung (ABU),abu_rlp_2025,Allgemeinbildung (ABU) – RLP 2025,4,Politik & Demokratie in der Schweiz,single_choice,easy,11,Welche Aussage passt am besten zu «Meinungsbildung»?,Lautstärke werten; Inhalt verlieren,Nur Bauchgefühl folgen; Fakten meiden,Argumente vergleichen; Interessen erkennen,Eine Quelle nutzen; Gegenposition sperren,C,"Politische Meinung soll auf Fakten, Argumenten und Interessenbewusstsein beruhen.",SBFI Rahmenlehrplan Allgemeinbildung 2025,https://www.sbfi.admin.ch/dam/de/sd-web/6J7xFxDA7Kj4/nRLP_ABU_DE-def.pdf
abu,Allgemeinbildung (ABU),abu_rlp_2025,Allgemeinbildung (ABU) – RLP 2025,4,Politik & Demokratie in der Schweiz,single_choice,medium,12,Was ist bei «Institutionen» fachlich am wichtigsten?,"Entscheide raten; Verfahren auslassen, bei Bedarf im Team","Behörden verwechseln; Kompetenzen ignorieren, im konkreten Fall","Namen lernen; Funktion vergessen, anhand klarer Kriterien","Aufgaben zuordnen; Rollen verstehen, mit Blick auf die Folgen",D,Institutionen erfüllen unterschiedliche Aufgaben im politischen System.,SBFI Rahmenlehrplan Allgemeinbildung 2025,https://www.sbfi.admin.ch/dam/de/sd-web/6J7xFxDA7Kj4/nRLP_ABU_DE-def.pdf
abu,Allgemeinbildung (ABU),abu_rlp_2025,Allgemeinbildung (ABU) – RLP 2025,4,Politik & Demokratie in der Schweiz,single_choice,medium,13,Welche Vorgehensweise ist im Thema «Direkte Demokratie» richtig?,Mitbestimmung nutzen; Vorlagen prüfen,Nicht abstimmen; Folgen ignorieren,Parolen kopieren; Inhalt auslassen,Gerüchte glauben; Argumente meiden,A,Direkte Demokratie lebt von informierter Beteiligung.,SBFI Rahmenlehrplan Allgemeinbildung 2025,https://www.sbfi.admin.ch/dam/de/sd-web/6J7xFxDA7Kj4/nRLP_ABU_DE-def.pdf
abu,Allgemeinbildung (ABU),abu_rlp_2025,Allgemeinbildung (ABU) – RLP 2025,4,Politik & Demokratie in der Schweiz,single_choice,hard,14,Welche Handlung zeigt ein gutes Verständnis von «Gewaltenteilung»?,Alles zentralisieren; Kontrolle schwächen,Macht aufteilen; Kontrolle sichern,Gerichte steuern; Rechte ausblenden,Regeln umgehen; Transparenz vermeiden,B,Gewaltenteilung begrenzt Macht und schützt demokratische Verfahren.,SBFI Rahmenlehrplan Allgemeinbildung 2025,https://www.sbfi.admin.ch/dam/de/sd-web/6J7xFxDA7Kj4/nRLP_ABU_DE-def.pdf
abu,Allgemeinbildung (ABU),abu_rlp_2025,Allgemeinbildung (ABU) – RLP 2025,4,Politik & Demokratie in der Schweiz,single_choice,medium,15,Welche Entscheidung ist bei «Föderalismus» sinnvoll?,"Alles dem Bund geben; Kantone ausblenden, mit Blick auf die Folgen, bei Bedarf im Team, im konkreten Fall, anhand klarer Kriterien, mit Blick auf die Folgen","Gemeinden ignorieren; Nähe verlieren, bei Bedarf im Team, im konkreten Fall, anhand klarer Kriterien, mit Blick auf die Folgen, bei Bedarf im Team","Zuständigkeiten klären; Ebenen unterscheiden, im konkreten Fall, anhand klarer Kriterien, mit Blick auf die Folgen, bei Bedarf im Team, im konkreten Fall","Kompetenzen mischen; Verantwortung verwischen, anhand klarer Kriterien, mit Blick auf die Folgen, bei Bedarf im Team, im konkreten Fall, anhand klarer Kriterien",C,"Föderalismus verteilt Aufgaben auf Bund, Kantone und Gemeinden.",SBFI Rahmenlehrplan Allgemeinbildung 2025,https://www.sbfi.admin.ch/dam/de/sd-web/6J7xFxDA7Kj4/nRLP_ABU_DE-def.pdf
abu,Allgemeinbildung (ABU),abu_rlp_2025,Allgemeinbildung (ABU) – RLP 2025,4,Politik & Demokratie in der Schweiz,single_choice,easy,16,Welche Aussage passt am besten zu «Rechte und Pflichten»?,Nur Vorteile fordern; Regeln missachten,Andere ausschliessen; Gleichheit schwächen,Pflichten abgeben; Gemeinwohl meiden,Rechte kennen; Pflichten wahrnehmen,D,Demokratie verbindet Freiheitsrechte mit Verantwortung.,SBFI Rahmenlehrplan Allgemeinbildung 2025,https://www.sbfi.admin.ch/dam/de/sd-web/6J7xFxDA7Kj4/nRLP_ABU_DE-def.pdf
abu,Allgemeinbildung (ABU),abu_rlp_2025,Allgemeinbildung (ABU) – RLP 2025,4,Politik & Demokratie in der Schweiz,single_choice,medium,17,Was ist bei «Meinungsbildung» fachlich am wichtigsten?,Argumente vergleichen; Interessen erkennen,Eine Quelle nutzen; Gegenposition sperren,Lautstärke werten; Inhalt verlieren,Nur Bauchgefühl folgen; Fakten meiden,A,"Politische Meinung soll auf Fakten, Argumenten und Interessenbewusstsein beruhen.",SBFI Rahmenlehrplan Allgemeinbildung 2025,https://www.sbfi.admin.ch/dam/de/sd-web/6J7xFxDA7Kj4/nRLP_ABU_DE-def.pdf
abu,Allgemeinbildung (ABU),abu_rlp_2025,Allgemeinbildung (ABU) – RLP 2025,4,Politik & Demokratie in der Schweiz,single_choice,medium,18,Welche Vorgehensweise ist im Thema «Institutionen» richtig?,"Namen lernen; Funktion vergessen, anhand klarer Kriterien","Aufgaben zuordnen; Rollen verstehen, mit Blick auf die Folgen","Entscheide raten; Verfahren auslassen, bei Bedarf im Team","Behörden verwechseln; Kompetenzen ignorieren, im konkreten Fall",B,Institutionen erfüllen unterschiedliche Aufgaben im politischen System.,SBFI Rahmenlehrplan Allgemeinbildung 2025,https://www.sbfi.admin.ch/dam/de/sd-web/6J7xFxDA7Kj4/nRLP_ABU_DE-def.pdf
abu,Allgemeinbildung (ABU),abu_rlp_2025,Allgemeinbildung (ABU) – RLP 2025,4,Politik & Demokratie in der Schweiz,single_choice,hard,19,Welche Handlung zeigt ein gutes Verständnis von «Direkte Demokratie»?,Parolen kopieren; Inhalt auslassen,Gerüchte glauben; Argumente meiden,Mitbestimmung nutzen; Vorlagen prüfen,Nicht abstimmen; Folgen ignorieren,C,Direkte Demokratie lebt von informierter Beteiligung.,SBFI Rahmenlehrplan Allgemeinbildung 2025,https://www.sbfi.admin.ch/dam/de/sd-web/6J7xFxDA7Kj4/nRLP_ABU_DE-def.pdf
abu,Allgemeinbildung (ABU),abu_rlp_2025,Allgemeinbildung (ABU) – RLP 2025,4,Politik & Demokratie in der Schweiz,single_choice,medium,20,Welche Entscheidung ist bei «Gewaltenteilung» sinnvoll?,Gerichte steuern; Rechte ausblenden,Regeln umgehen; Transparenz vermeiden,Alles zentralisieren; Kontrolle schwächen,Macht aufteilen; Kontrolle sichern,D,Gewaltenteilung begrenzt Macht und schützt demokratische Verfahren.,SBFI Rahmenlehrplan Allgemeinbildung 2025,https://www.sbfi.admin.ch/dam/de/sd-web/6J7xFxDA7Kj4/nRLP_ABU_DE-def.pdf
abu,Allgemeinbildung (ABU),abu_rlp_2025,Allgemeinbildung (ABU) – RLP 2025,4,Politik & Demokratie in der Schweiz,single_choice,easy,21,Welche Aussage passt am besten zu «Föderalismus»?,"Zuständigkeiten klären; Ebenen unterscheiden, im konkreten Fall, anhand klarer Kriterien, mit Blick auf die Folgen, bei Bedarf im Team, im konkreten Fall","Kompetenzen mischen; Verantwortung verwischen, anhand klarer Kriterien, mit Blick auf die Folgen, bei Bedarf im Team, im konkreten Fall, anhand klarer Kriterien","Alles dem Bund geben; Kantone ausblenden, mit Blick auf die Folgen, bei Bedarf im Team, im konkreten Fall, anhand klarer Kriterien, mit Blick auf die Folgen","Gemeinden ignorieren; Nähe verlieren, bei Bedarf im Team, im konkreten Fall, anhand klarer Kriterien, mit Blick auf die Folgen, bei Bedarf im Team",A,"Föderalismus verteilt Aufgaben auf Bund, Kantone und Gemeinden.",SBFI Rahmenlehrplan Allgemeinbildung 2025,https://www.sbfi.admin.ch/dam/de/sd-web/6J7xFxDA7Kj4/nRLP_ABU_DE-def.pdf
abu,Allgemeinbildung (ABU),abu_rlp_2025,Allgemeinbildung (ABU) – RLP 2025,4,Politik & Demokratie in der Schweiz,single_choice,medium,22,Was ist bei «Rechte und Pflichten» fachlich am wichtigsten?,Pflichten abgeben; Gemeinwohl meiden,Rechte kennen; Pflichten wahrnehmen,Nur Vorteile fordern; Regeln missachten,Andere ausschliessen; Gleichheit schwächen,B,Demokratie verbindet Freiheitsrechte mit Verantwortung.,SBFI Rahmenlehrplan Allgemeinbildung 2025,https://www.sbfi.admin.ch/dam/de/sd-web/6J7xFxDA7Kj4/nRLP_ABU_DE-def.pdf
abu,Allgemeinbildung (ABU),abu_rlp_2025,Allgemeinbildung (ABU) – RLP 2025,4,Politik & Demokratie in der Schweiz,single_choice,medium,23,Welche Vorgehensweise ist im Thema «Meinungsbildung» richtig?,Lautstärke werten; Inhalt verlieren,Nur Bauchgefühl folgen; Fakten meiden,Argumente vergleichen; Interessen erkennen,Eine Quelle nutzen; Gegenposition sperren,C,"Politische Meinung soll auf Fakten, Argumenten und Interessenbewusstsein beruhen.",SBFI Rahmenlehrplan Allgemeinbildung 2025,https://www.sbfi.admin.ch/dam/de/sd-web/6J7xFxDA7Kj4/nRLP_ABU_DE-def.pdf
abu,Allgemeinbildung (ABU),abu_rlp_2025,Allgemeinbildung (ABU) – RLP 2025,4,Politik & Demokratie in der Schweiz,single_choice,hard,24,Welche Handlung zeigt ein gutes Verständnis von «Institutionen»?,"Entscheide raten; Verfahren auslassen, bei Bedarf im Team","Behörden verwechseln; Kompetenzen ignorieren, im konkreten Fall","Namen lernen; Funktion vergessen, anhand klarer Kriterien","Aufgaben zuordnen; Rollen verstehen, mit Blick auf die Folgen",D,Institutionen erfüllen unterschiedliche Aufgaben im politischen System.,SBFI Rahmenlehrplan Allgemeinbildung 2025,https://www.sbfi.admin.ch/dam/de/sd-web/6J7xFxDA7Kj4/nRLP_ABU_DE-def.pdf
abu,Allgemeinbildung (ABU),abu_rlp_2025,Allgemeinbildung (ABU) – RLP 2025,4,Politik & Demokratie in der Schweiz,single_choice,medium,25,Welche Entscheidung ist bei «Direkte Demokratie» sinnvoll?,Mitbestimmung nutzen; Vorlagen prüfen,Nicht abstimmen; Folgen ignorieren,Parolen kopieren; Inhalt auslassen,Gerüchte glauben; Argumente meiden,A,Direkte Demokratie lebt von informierter Beteiligung.,SBFI Rahmenlehrplan Allgemeinbildung 2025,https://www.sbfi.admin.ch/dam/de/sd-web/6J7xFxDA7Kj4/nRLP_ABU_DE-def.pdf
abu,Allgemeinbildung (ABU),abu_rlp_2025,Allgemeinbildung (ABU) – RLP 2025,4,Politik & Demokratie in der Schweiz,single_choice,easy,26,Welche Aussage passt am besten zu «Gewaltenteilung»?,Alles zentralisieren; Kontrolle schwächen,Macht aufteilen; Kontrolle sichern,Gerichte steuern; Rechte ausblenden,Regeln umgehen; Transparenz vermeiden,B,Gewaltenteilung begrenzt Macht und schützt demokratische Verfahren.,SBFI Rahmenlehrplan Allgemeinbildung 2025,https://www.sbfi.admin.ch/dam/de/sd-web/6J7xFxDA7Kj4/nRLP_ABU_DE-def.pdf
abu,Allgemeinbildung (ABU),abu_rlp_2025,Allgemeinbildung (ABU) – RLP 2025,4,Politik & Demokratie in der Schweiz,single_choice,medium,27,Was ist bei «Föderalismus» fachlich am wichtigsten?,"Alles dem Bund geben; Kantone ausblenden, mit Blick auf die Folgen, bei Bedarf im Team, im konkreten Fall, anhand klarer Kriterien, mit Blick auf die Folgen","Gemeinden ignorieren; Nähe verlieren, bei Bedarf im Team, im konkreten Fall, anhand klarer Kriterien, mit Blick auf die Folgen, bei Bedarf im Team","Zuständigkeiten klären; Ebenen unterscheiden, im konkreten Fall, anhand klarer Kriterien, mit Blick auf die Folgen, bei Bedarf im Team, im konkreten Fall","Kompetenzen mischen; Verantwortung verwischen, anhand klarer Kriterien, mit Blick auf die Folgen, bei Bedarf im Team, im konkreten Fall, anhand klarer Kriterien",C,"Föderalismus verteilt Aufgaben auf Bund, Kantone und Gemeinden.",SBFI Rahmenlehrplan Allgemeinbildung 2025,https://www.sbfi.admin.ch/dam/de/sd-web/6J7xFxDA7Kj4/nRLP_ABU_DE-def.pdf
abu,Allgemeinbildung (ABU),abu_rlp_2025,Allgemeinbildung (ABU) – RLP 2025,4,Politik & Demokratie in der Schweiz,single_choice,medium,28,Welche Vorgehensweise ist im Thema «Rechte und Pflichten» richtig?,Nur Vorteile fordern; Regeln missachten,Andere ausschliessen; Gleichheit schwächen,Pflichten abgeben; Gemeinwohl meiden,Rechte kennen; Pflichten wahrnehmen,D,Demokratie verbindet Freiheitsrechte mit Verantwortung.,SBFI Rahmenlehrplan Allgemeinbildung 2025,https://www.sbfi.admin.ch/dam/de/sd-web/6J7xFxDA7Kj4/nRLP_ABU_DE-def.pdf
abu,Allgemeinbildung (ABU),abu_rlp_2025,Allgemeinbildung (ABU) – RLP 2025,4,Politik & Demokratie in der Schweiz,single_choice,hard,29,Welche Handlung zeigt ein gutes Verständnis von «Meinungsbildung»?,Argumente vergleichen; Interessen erkennen,Eine Quelle nutzen; Gegenposition sperren,Lautstärke werten; Inhalt verlieren,Nur Bauchgefühl folgen; Fakten meiden,A,"Politische Meinung soll auf Fakten, Argumenten und Interessenbewusstsein beruhen.",SBFI Rahmenlehrplan Allgemeinbildung 2025,https://www.sbfi.admin.ch/dam/de/sd-web/6J7xFxDA7Kj4/nRLP_ABU_DE-def.pdf
abu,Allgemeinbildung (ABU),abu_rlp_2025,Allgemeinbildung (ABU) – RLP 2025,4,Politik & Demokratie in der Schweiz,single_choice,medium,30,Welche Entscheidung ist bei «Institutionen» sinnvoll?,"Namen lernen; Funktion vergessen, anhand klarer Kriterien","Aufgaben zuordnen; Rollen verstehen, mit Blick auf die Folgen","Entscheide raten; Verfahren auslassen, bei Bedarf im Team","Behörden verwechseln; Kompetenzen ignorieren, im konkreten Fall",B,Institutionen erfüllen unterschiedliche Aufgaben im politischen System.,SBFI Rahmenlehrplan Allgemeinbildung 2025,https://www.sbfi.admin.ch/dam/de/sd-web/6J7xFxDA7Kj4/nRLP_ABU_DE-def.pdf
abu,Allgemeinbildung (ABU),abu_rlp_2025,Allgemeinbildung (ABU) – RLP 2025,5,Recht im Alltag & in der Arbeitswelt,single_choice,easy,1,Welche Aussage passt am besten zu «Vertrag»?,"Inhalt prüfen; Pflichten kennen, im konkreten Fall, anhand klarer Kriterien, mit Blick auf die Folgen, bei Bedarf im Team, im konkreten Fall","Sofort unterschreiben; Risiken ausblenden, anhand klarer Kriterien, mit Blick auf die Folgen, bei Bedarf im Team, im konkreten Fall, anhand klarer Kriterien","Kleingedrucktes meiden; Fristen ignorieren, mit Blick auf die Folgen, bei Bedarf im Team, im konkreten Fall, anhand klarer Kriterien, mit Blick auf die Folgen","Mündliches überschätzen; Belege verlieren, bei Bedarf im Team, im konkreten Fall, anhand klarer Kriterien, mit Blick auf die Folgen, bei Bedarf im Team",A,Verträge schaffen Rechte und Pflichten und müssen vorab verstanden werden.,SBFI Rahmenlehrplan Allgemeinbildung 2025,https://www.sbfi.admin.ch/dam/de/sd-web/6J7xFxDA7Kj4/nRLP_ABU_DE-def.pdf
abu,Allgemeinbildung (ABU),abu_rlp_2025,Allgemeinbildung (ABU) – RLP 2025,5,Recht im Alltag & in der Arbeitswelt,single_choice,medium,2,Was ist bei «Arbeitsrecht» fachlich am wichtigsten?,Pausen streichen; Schutz umgehen,Ansprüche kennen; Regeln einhalten,Fristen vergessen; Beweise verlieren,Konflikt eskalieren; Gespräch meiden,B,Arbeitsrecht schützt Arbeitnehmende und regelt das Verhältnis zum Betrieb.,SBFI Rahmenlehrplan Allgemeinbildung 2025,https://www.sbfi.admin.ch/dam/de/sd-web/6J7xFxDA7Kj4/nRLP_ABU_DE-def.pdf
abu,Allgemeinbildung (ABU),abu_rlp_2025,Allgemeinbildung (ABU) – RLP 2025,5,Recht im Alltag & in der Arbeitswelt,single_choice,medium,3,Welche Vorgehensweise ist im Thema «Mietrecht» richtig?,Zahlungen stoppen; Abmachung ignorieren,Schäden verschweigen; Protokoll meiden,Mängel melden; Fristen beachten,Kündigung raten; Belege entsorgen,C,"Im Mietrecht sind Dokumentation, Fristen und klare Meldungen wichtig.",SBFI Rahmenlehrplan Allgemeinbildung 2025,https://www.sbfi.admin.ch/dam/de/sd-web/6J7xFxDA7Kj4/nRLP_ABU_DE-def.pdf
abu,Allgemeinbildung (ABU),abu_rlp_2025,Allgemeinbildung (ABU) – RLP 2025,5,Recht im Alltag & in der Arbeitswelt,single_choice,hard,4,Welche Handlung zeigt ein gutes Verständnis von «Konsumentenrecht»?,Werbung glauben; Vergleich meiden,Garantie vergessen; Fristen verpassen,Kosten ausblenden; Widerruf annehmen,Angebote prüfen; Belege aufbewahren,D,"Konsumentinnen und Konsumenten sollen Angebote, Kosten und Rechte prüfen.",SBFI Rahmenlehrplan Allgemeinbildung 2025,https://www.sbfi.admin.ch/dam/de/sd-web/6J7xFxDA7Kj4/nRLP_ABU_DE-def.pdf
abu,Allgemeinbildung (ABU),abu_rlp_2025,Allgemeinbildung (ABU) – RLP 2025,5,Recht im Alltag & in der Arbeitswelt,single_choice,medium,5,Welche Entscheidung ist bei «Haftung» sinnvoll?,"Verantwortung klären; Schaden dokumentieren, im konkreten Fall","Risiko ignorieren; Meldung verzögern, anhand klarer Kriterien","Kosten verstecken; Versicherung meiden, mit Blick auf die Folgen","Schuld raten; Beweise löschen, bei Bedarf im Team, im konkreten Fall",A,"Haftung verlangt Klärung von Schaden, Ursache und Verantwortung.",SBFI Rahmenlehrplan Allgemeinbildung 2025,https://www.sbfi.admin.ch/dam/de/sd-web/6J7xFxDA7Kj4/nRLP_ABU_DE-def.pdf
abu,Allgemeinbildung (ABU),abu_rlp_2025,Allgemeinbildung (ABU) – RLP 2025,5,Recht im Alltag & in der Arbeitswelt,single_choice,easy,6,Welche Aussage passt am besten zu «Rechtsquellen»?,"Gerüchte nutzen; Belege meiden, anhand klarer Kriterien, mit Blick auf die Folgen","Regeln nachschlagen; Geltung prüfen, mit Blick auf die Folgen, bei Bedarf im Team","Einzelfall verallgemeinern; Kontext auslassen, bei Bedarf im Team, im konkreten Fall","Meinungen verwenden; Gesetz ersetzen, im konkreten Fall, anhand klarer Kriterien",B,Rechtsfragen müssen anhand geltender Regeln und zuverlässiger Quellen geprüft werden.,SBFI Rahmenlehrplan Allgemeinbildung 2025,https://www.sbfi.admin.ch/dam/de/sd-web/6J7xFxDA7Kj4/nRLP_ABU_DE-def.pdf
abu,Allgemeinbildung (ABU),abu_rlp_2025,Allgemeinbildung (ABU) – RLP 2025,5,Recht im Alltag & in der Arbeitswelt,single_choice,medium,7,Was ist bei «Vertrag» fachlich am wichtigsten?,"Kleingedrucktes meiden; Fristen ignorieren, mit Blick auf die Folgen, bei Bedarf im Team, im konkreten Fall, anhand klarer Kriterien, mit Blick auf die Folgen","Mündliches überschätzen; Belege verlieren, bei Bedarf im Team, im konkreten Fall, anhand klarer Kriterien, mit Blick auf die Folgen, bei Bedarf im Team","Inhalt prüfen; Pflichten kennen, im konkreten Fall, anhand klarer Kriterien, mit Blick auf die Folgen, bei Bedarf im Team, im konkreten Fall","Sofort unterschreiben; Risiken ausblenden, anhand klarer Kriterien, mit Blick auf die Folgen, bei Bedarf im Team, im konkreten Fall, anhand klarer Kriterien",C,Verträge schaffen Rechte und Pflichten und müssen vorab verstanden werden.,SBFI Rahmenlehrplan Allgemeinbildung 2025,https://www.sbfi.admin.ch/dam/de/sd-web/6J7xFxDA7Kj4/nRLP_ABU_DE-def.pdf
abu,Allgemeinbildung (ABU),abu_rlp_2025,Allgemeinbildung (ABU) – RLP 2025,5,Recht im Alltag & in der Arbeitswelt,single_choice,medium,8,Welche Vorgehensweise ist im Thema «Arbeitsrecht» richtig?,Fristen vergessen; Beweise verlieren,Konflikt eskalieren; Gespräch meiden,Pausen streichen; Schutz umgehen,Ansprüche kennen; Regeln einhalten,D,Arbeitsrecht schützt Arbeitnehmende und regelt das Verhältnis zum Betrieb.,SBFI Rahmenlehrplan Allgemeinbildung 2025,https://www.sbfi.admin.ch/dam/de/sd-web/6J7xFxDA7Kj4/nRLP_ABU_DE-def.pdf
abu,Allgemeinbildung (ABU),abu_rlp_2025,Allgemeinbildung (ABU) – RLP 2025,5,Recht im Alltag & in der Arbeitswelt,single_choice,hard,9,Welche Handlung zeigt ein gutes Verständnis von «Mietrecht»?,Mängel melden; Fristen beachten,Kündigung raten; Belege entsorgen,Zahlungen stoppen; Abmachung ignorieren,Schäden verschweigen; Protokoll meiden,A,"Im Mietrecht sind Dokumentation, Fristen und klare Meldungen wichtig.",SBFI Rahmenlehrplan Allgemeinbildung 2025,https://www.sbfi.admin.ch/dam/de/sd-web/6J7xFxDA7Kj4/nRLP_ABU_DE-def.pdf
abu,Allgemeinbildung (ABU),abu_rlp_2025,Allgemeinbildung (ABU) – RLP 2025,5,Recht im Alltag & in der Arbeitswelt,single_choice,medium,10,Welche Entscheidung ist bei «Konsumentenrecht» sinnvoll?,Kosten ausblenden; Widerruf annehmen,Angebote prüfen; Belege aufbewahren,Werbung glauben; Vergleich meiden,Garantie vergessen; Fristen verpassen,B,"Konsumentinnen und Konsumenten sollen Angebote, Kosten und Rechte prüfen.",SBFI Rahmenlehrplan Allgemeinbildung 2025,https://www.sbfi.admin.ch/dam/de/sd-web/6J7xFxDA7Kj4/nRLP_ABU_DE-def.pdf
abu,Allgemeinbildung (ABU),abu_rlp_2025,Allgemeinbildung (ABU) – RLP 2025,5,Recht im Alltag & in der Arbeitswelt,single_choice,easy,11,Welche Aussage passt am besten zu «Haftung»?,"Kosten verstecken; Versicherung meiden, mit Blick auf die Folgen","Schuld raten; Beweise löschen, bei Bedarf im Team, im konkreten Fall","Verantwortung klären; Schaden dokumentieren, im konkreten Fall","Risiko ignorieren; Meldung verzögern, anhand klarer Kriterien",C,"Haftung verlangt Klärung von Schaden, Ursache und Verantwortung.",SBFI Rahmenlehrplan Allgemeinbildung 2025,https://www.sbfi.admin.ch/dam/de/sd-web/6J7xFxDA7Kj4/nRLP_ABU_DE-def.pdf
abu,Allgemeinbildung (ABU),abu_rlp_2025,Allgemeinbildung (ABU) – RLP 2025,5,Recht im Alltag & in der Arbeitswelt,single_choice,medium,12,Was ist bei «Rechtsquellen» fachlich am wichtigsten?,"Einzelfall verallgemeinern; Kontext auslassen, bei Bedarf im Team, im konkreten Fall","Meinungen verwenden; Gesetz ersetzen, im konkreten Fall, anhand klarer Kriterien","Gerüchte nutzen; Belege meiden, anhand klarer Kriterien, mit Blick auf die Folgen","Regeln nachschlagen; Geltung prüfen, mit Blick auf die Folgen, bei Bedarf im Team",D,Rechtsfragen müssen anhand geltender Regeln und zuverlässiger Quellen geprüft werden.,SBFI Rahmenlehrplan Allgemeinbildung 2025,https://www.sbfi.admin.ch/dam/de/sd-web/6J7xFxDA7Kj4/nRLP_ABU_DE-def.pdf
abu,Allgemeinbildung (ABU),abu_rlp_2025,Allgemeinbildung (ABU) – RLP 2025,5,Recht im Alltag & in der Arbeitswelt,single_choice,medium,13,Welche Vorgehensweise ist im Thema «Vertrag» richtig?,"Inhalt prüfen; Pflichten kennen, im konkreten Fall, anhand klarer Kriterien, mit Blick auf die Folgen, bei Bedarf im Team, im konkreten Fall","Sofort unterschreiben; Risiken ausblenden, anhand klarer Kriterien, mit Blick auf die Folgen, bei Bedarf im Team, im konkreten Fall, anhand klarer Kriterien","Kleingedrucktes meiden; Fristen ignorieren, mit Blick auf die Folgen, bei Bedarf im Team, im konkreten Fall, anhand klarer Kriterien, mit Blick auf die Folgen","Mündliches überschätzen; Belege verlieren, bei Bedarf im Team, im konkreten Fall, anhand klarer Kriterien, mit Blick auf die Folgen, bei Bedarf im Team",A,Verträge schaffen Rechte und Pflichten und müssen vorab verstanden werden.,SBFI Rahmenlehrplan Allgemeinbildung 2025,https://www.sbfi.admin.ch/dam/de/sd-web/6J7xFxDA7Kj4/nRLP_ABU_DE-def.pdf
abu,Allgemeinbildung (ABU),abu_rlp_2025,Allgemeinbildung (ABU) – RLP 2025,5,Recht im Alltag & in der Arbeitswelt,single_choice,hard,14,Welche Handlung zeigt ein gutes Verständnis von «Arbeitsrecht»?,Pausen streichen; Schutz umgehen,Ansprüche kennen; Regeln einhalten,Fristen vergessen; Beweise verlieren,Konflikt eskalieren; Gespräch meiden,B,Arbeitsrecht schützt Arbeitnehmende und regelt das Verhältnis zum Betrieb.,SBFI Rahmenlehrplan Allgemeinbildung 2025,https://www.sbfi.admin.ch/dam/de/sd-web/6J7xFxDA7Kj4/nRLP_ABU_DE-def.pdf
abu,Allgemeinbildung (ABU),abu_rlp_2025,Allgemeinbildung (ABU) – RLP 2025,5,Recht im Alltag & in der Arbeitswelt,single_choice,medium,15,Welche Entscheidung ist bei «Mietrecht» sinnvoll?,Zahlungen stoppen; Abmachung ignorieren,Schäden verschweigen; Protokoll meiden,Mängel melden; Fristen beachten,Kündigung raten; Belege entsorgen,C,"Im Mietrecht sind Dokumentation, Fristen und klare Meldungen wichtig.",SBFI Rahmenlehrplan Allgemeinbildung 2025,https://www.sbfi.admin.ch/dam/de/sd-web/6J7xFxDA7Kj4/nRLP_ABU_DE-def.pdf
abu,Allgemeinbildung (ABU),abu_rlp_2025,Allgemeinbildung (ABU) – RLP 2025,5,Recht im Alltag & in der Arbeitswelt,single_choice,easy,16,Welche Aussage passt am besten zu «Konsumentenrecht»?,Werbung glauben; Vergleich meiden,Garantie vergessen; Fristen verpassen,Kosten ausblenden; Widerruf annehmen,Angebote prüfen; Belege aufbewahren,D,"Konsumentinnen und Konsumenten sollen Angebote, Kosten und Rechte prüfen.",SBFI Rahmenlehrplan Allgemeinbildung 2025,https://www.sbfi.admin.ch/dam/de/sd-web/6J7xFxDA7Kj4/nRLP_ABU_DE-def.pdf
abu,Allgemeinbildung (ABU),abu_rlp_2025,Allgemeinbildung (ABU) – RLP 2025,5,Recht im Alltag & in der Arbeitswelt,single_choice,medium,17,Was ist bei «Haftung» fachlich am wichtigsten?,"Verantwortung klären; Schaden dokumentieren, im konkreten Fall","Risiko ignorieren; Meldung verzögern, anhand klarer Kriterien","Kosten verstecken; Versicherung meiden, mit Blick auf die Folgen","Schuld raten; Beweise löschen, bei Bedarf im Team, im konkreten Fall",A,"Haftung verlangt Klärung von Schaden, Ursache und Verantwortung.",SBFI Rahmenlehrplan Allgemeinbildung 2025,https://www.sbfi.admin.ch/dam/de/sd-web/6J7xFxDA7Kj4/nRLP_ABU_DE-def.pdf
abu,Allgemeinbildung (ABU),abu_rlp_2025,Allgemeinbildung (ABU) – RLP 2025,5,Recht im Alltag & in der Arbeitswelt,single_choice,medium,18,Welche Vorgehensweise ist im Thema «Rechtsquellen» richtig?,"Gerüchte nutzen; Belege meiden, anhand klarer Kriterien, mit Blick auf die Folgen","Regeln nachschlagen; Geltung prüfen, mit Blick auf die Folgen, bei Bedarf im Team","Einzelfall verallgemeinern; Kontext auslassen, bei Bedarf im Team, im konkreten Fall","Meinungen verwenden; Gesetz ersetzen, im konkreten Fall, anhand klarer Kriterien",B,Rechtsfragen müssen anhand geltender Regeln und zuverlässiger Quellen geprüft werden.,SBFI Rahmenlehrplan Allgemeinbildung 2025,https://www.sbfi.admin.ch/dam/de/sd-web/6J7xFxDA7Kj4/nRLP_ABU_DE-def.pdf
abu,Allgemeinbildung (ABU),abu_rlp_2025,Allgemeinbildung (ABU) – RLP 2025,5,Recht im Alltag & in der Arbeitswelt,single_choice,hard,19,Welche Handlung zeigt ein gutes Verständnis von «Vertrag»?,"Kleingedrucktes meiden; Fristen ignorieren, mit Blick auf die Folgen, bei Bedarf im Team, im konkreten Fall, anhand klarer Kriterien, mit Blick auf die Folgen","Mündliches überschätzen; Belege verlieren, bei Bedarf im Team, im konkreten Fall, anhand klarer Kriterien, mit Blick auf die Folgen, bei Bedarf im Team","Inhalt prüfen; Pflichten kennen, im konkreten Fall, anhand klarer Kriterien, mit Blick auf die Folgen, bei Bedarf im Team, im konkreten Fall","Sofort unterschreiben; Risiken ausblenden, anhand klarer Kriterien, mit Blick auf die Folgen, bei Bedarf im Team, im konkreten Fall, anhand klarer Kriterien",C,Verträge schaffen Rechte und Pflichten und müssen vorab verstanden werden.,SBFI Rahmenlehrplan Allgemeinbildung 2025,https://www.sbfi.admin.ch/dam/de/sd-web/6J7xFxDA7Kj4/nRLP_ABU_DE-def.pdf
abu,Allgemeinbildung (ABU),abu_rlp_2025,Allgemeinbildung (ABU) – RLP 2025,5,Recht im Alltag & in der Arbeitswelt,single_choice,medium,20,Welche Entscheidung ist bei «Arbeitsrecht» sinnvoll?,Fristen vergessen; Beweise verlieren,Konflikt eskalieren; Gespräch meiden,Pausen streichen; Schutz umgehen,Ansprüche kennen; Regeln einhalten,D,Arbeitsrecht schützt Arbeitnehmende und regelt das Verhältnis zum Betrieb.,SBFI Rahmenlehrplan Allgemeinbildung 2025,https://www.sbfi.admin.ch/dam/de/sd-web/6J7xFxDA7Kj4/nRLP_ABU_DE-def.pdf
abu,Allgemeinbildung (ABU),abu_rlp_2025,Allgemeinbildung (ABU) – RLP 2025,5,Recht im Alltag & in der Arbeitswelt,single_choice,easy,21,Welche Aussage passt am besten zu «Mietrecht»?,Mängel melden; Fristen beachten,Kündigung raten; Belege entsorgen,Zahlungen stoppen; Abmachung ignorieren,Schäden verschweigen; Protokoll meiden,A,"Im Mietrecht sind Dokumentation, Fristen und klare Meldungen wichtig.",SBFI Rahmenlehrplan Allgemeinbildung 2025,https://www.sbfi.admin.ch/dam/de/sd-web/6J7xFxDA7Kj4/nRLP_ABU_DE-def.pdf
abu,Allgemeinbildung (ABU),abu_rlp_2025,Allgemeinbildung (ABU) – RLP 2025,5,Recht im Alltag & in der Arbeitswelt,single_choice,medium,22,Was ist bei «Konsumentenrecht» fachlich am wichtigsten?,Kosten ausblenden; Widerruf annehmen,Angebote prüfen; Belege aufbewahren,Werbung glauben; Vergleich meiden,Garantie vergessen; Fristen verpassen,B,"Konsumentinnen und Konsumenten sollen Angebote, Kosten und Rechte prüfen.",SBFI Rahmenlehrplan Allgemeinbildung 2025,https://www.sbfi.admin.ch/dam/de/sd-web/6J7xFxDA7Kj4/nRLP_ABU_DE-def.pdf
abu,Allgemeinbildung (ABU),abu_rlp_2025,Allgemeinbildung (ABU) – RLP 2025,5,Recht im Alltag & in der Arbeitswelt,single_choice,medium,23,Welche Vorgehensweise ist im Thema «Haftung» richtig?,"Kosten verstecken; Versicherung meiden, mit Blick auf die Folgen","Schuld raten; Beweise löschen, bei Bedarf im Team, im konkreten Fall","Verantwortung klären; Schaden dokumentieren, im konkreten Fall","Risiko ignorieren; Meldung verzögern, anhand klarer Kriterien",C,"Haftung verlangt Klärung von Schaden, Ursache und Verantwortung.",SBFI Rahmenlehrplan Allgemeinbildung 2025,https://www.sbfi.admin.ch/dam/de/sd-web/6J7xFxDA7Kj4/nRLP_ABU_DE-def.pdf
abu,Allgemeinbildung (ABU),abu_rlp_2025,Allgemeinbildung (ABU) – RLP 2025,5,Recht im Alltag & in der Arbeitswelt,single_choice,hard,24,Welche Handlung zeigt ein gutes Verständnis von «Rechtsquellen»?,"Einzelfall verallgemeinern; Kontext auslassen, bei Bedarf im Team, im konkreten Fall","Meinungen verwenden; Gesetz ersetzen, im konkreten Fall, anhand klarer Kriterien","Gerüchte nutzen; Belege meiden, anhand klarer Kriterien, mit Blick auf die Folgen","Regeln nachschlagen; Geltung prüfen, mit Blick auf die Folgen, bei Bedarf im Team",D,Rechtsfragen müssen anhand geltender Regeln und zuverlässiger Quellen geprüft werden.,SBFI Rahmenlehrplan Allgemeinbildung 2025,https://www.sbfi.admin.ch/dam/de/sd-web/6J7xFxDA7Kj4/nRLP_ABU_DE-def.pdf
abu,Allgemeinbildung (ABU),abu_rlp_2025,Allgemeinbildung (ABU) – RLP 2025,5,Recht im Alltag & in der Arbeitswelt,single_choice,medium,25,Welche Entscheidung ist bei «Vertrag» sinnvoll?,"Inhalt prüfen; Pflichten kennen, im konkreten Fall, anhand klarer Kriterien, mit Blick auf die Folgen, bei Bedarf im Team, im konkreten Fall","Sofort unterschreiben; Risiken ausblenden, anhand klarer Kriterien, mit Blick auf die Folgen, bei Bedarf im Team, im konkreten Fall, anhand klarer Kriterien","Kleingedrucktes meiden; Fristen ignorieren, mit Blick auf die Folgen, bei Bedarf im Team, im konkreten Fall, anhand klarer Kriterien, mit Blick auf die Folgen","Mündliches überschätzen; Belege verlieren, bei Bedarf im Team, im konkreten Fall, anhand klarer Kriterien, mit Blick auf die Folgen, bei Bedarf im Team",A,Verträge schaffen Rechte und Pflichten und müssen vorab verstanden werden.,SBFI Rahmenlehrplan Allgemeinbildung 2025,https://www.sbfi.admin.ch/dam/de/sd-web/6J7xFxDA7Kj4/nRLP_ABU_DE-def.pdf
abu,Allgemeinbildung (ABU),abu_rlp_2025,Allgemeinbildung (ABU) – RLP 2025,5,Recht im Alltag & in der Arbeitswelt,single_choice,easy,26,Welche Aussage passt am besten zu «Arbeitsrecht»?,Pausen streichen; Schutz umgehen,Ansprüche kennen; Regeln einhalten,Fristen vergessen; Beweise verlieren,Konflikt eskalieren; Gespräch meiden,B,Arbeitsrecht schützt Arbeitnehmende und regelt das Verhältnis zum Betrieb.,SBFI Rahmenlehrplan Allgemeinbildung 2025,https://www.sbfi.admin.ch/dam/de/sd-web/6J7xFxDA7Kj4/nRLP_ABU_DE-def.pdf
abu,Allgemeinbildung (ABU),abu_rlp_2025,Allgemeinbildung (ABU) – RLP 2025,5,Recht im Alltag & in der Arbeitswelt,single_choice,medium,27,Was ist bei «Mietrecht» fachlich am wichtigsten?,Zahlungen stoppen; Abmachung ignorieren,Schäden verschweigen; Protokoll meiden,Mängel melden; Fristen beachten,Kündigung raten; Belege entsorgen,C,"Im Mietrecht sind Dokumentation, Fristen und klare Meldungen wichtig.",SBFI Rahmenlehrplan Allgemeinbildung 2025,https://www.sbfi.admin.ch/dam/de/sd-web/6J7xFxDA7Kj4/nRLP_ABU_DE-def.pdf
abu,Allgemeinbildung (ABU),abu_rlp_2025,Allgemeinbildung (ABU) – RLP 2025,5,Recht im Alltag & in der Arbeitswelt,single_choice,medium,28,Welche Vorgehensweise ist im Thema «Konsumentenrecht» richtig?,Werbung glauben; Vergleich meiden,Garantie vergessen; Fristen verpassen,Kosten ausblenden; Widerruf annehmen,Angebote prüfen; Belege aufbewahren,D,"Konsumentinnen und Konsumenten sollen Angebote, Kosten und Rechte prüfen.",SBFI Rahmenlehrplan Allgemeinbildung 2025,https://www.sbfi.admin.ch/dam/de/sd-web/6J7xFxDA7Kj4/nRLP_ABU_DE-def.pdf
abu,Allgemeinbildung (ABU),abu_rlp_2025,Allgemeinbildung (ABU) – RLP 2025,5,Recht im Alltag & in der Arbeitswelt,single_choice,hard,29,Welche Handlung zeigt ein gutes Verständnis von «Haftung»?,"Verantwortung klären; Schaden dokumentieren, im konkreten Fall","Risiko ignorieren; Meldung verzögern, anhand klarer Kriterien","Kosten verstecken; Versicherung meiden, mit Blick auf die Folgen","Schuld raten; Beweise löschen, bei Bedarf im Team, im konkreten Fall",A,"Haftung verlangt Klärung von Schaden, Ursache und Verantwortung.",SBFI Rahmenlehrplan Allgemeinbildung 2025,https://www.sbfi.admin.ch/dam/de/sd-web/6J7xFxDA7Kj4/nRLP_ABU_DE-def.pdf
abu,Allgemeinbildung (ABU),abu_rlp_2025,Allgemeinbildung (ABU) – RLP 2025,5,Recht im Alltag & in der Arbeitswelt,single_choice,medium,30,Welche Entscheidung ist bei «Rechtsquellen» sinnvoll?,"Gerüchte nutzen; Belege meiden, anhand klarer Kriterien, mit Blick auf die Folgen","Regeln nachschlagen; Geltung prüfen, mit Blick auf die Folgen, bei Bedarf im Team","Einzelfall verallgemeinern; Kontext auslassen, bei Bedarf im Team, im konkreten Fall","Meinungen verwenden; Gesetz ersetzen, im konkreten Fall, anhand klarer Kriterien",B,Rechtsfragen müssen anhand geltender Regeln und zuverlässiger Quellen geprüft werden.,SBFI Rahmenlehrplan Allgemeinbildung 2025,https://www.sbfi.admin.ch/dam/de/sd-web/6J7xFxDA7Kj4/nRLP_ABU_DE-def.pdf
abu,Allgemeinbildung (ABU),abu_rlp_2025,Allgemeinbildung (ABU) – RLP 2025,6,"Wirtschaft, Konsum & Geld",single_choice,easy,1,Welche Aussage passt am besten zu «Budget»?,"Einnahmen planen; Ausgaben kontrollieren, im konkreten Fall, anhand klarer Kriterien, mit Blick auf die Folgen, bei Bedarf im Team, im konkreten Fall","Alles spontan kaufen; Fixkosten vergessen, anhand klarer Kriterien, mit Blick auf die Folgen, bei Bedarf im Team, im konkreten Fall, anhand klarer Kriterien","Schulden verstecken; Sparen auslassen, mit Blick auf die Folgen, bei Bedarf im Team, im konkreten Fall, anhand klarer Kriterien, mit Blick auf die Folgen","Kontostand raten; Belege meiden, bei Bedarf im Team, im konkreten Fall, anhand klarer Kriterien, mit Blick auf die Folgen, bei Bedarf im Team",A,"Ein Budget zeigt Einnahmen, Ausgaben und Spielraum.",SBFI Rahmenlehrplan Allgemeinbildung 2025,https://www.sbfi.admin.ch/dam/de/sd-web/6J7xFxDA7Kj4/nRLP_ABU_DE-def.pdf
abu,Allgemeinbildung (ABU),abu_rlp_2025,Allgemeinbildung (ABU) – RLP 2025,6,"Wirtschaft, Konsum & Geld",single_choice,medium,2,Was ist bei «Kaufentscheid» fachlich am wichtigsten?,Impuls folgen; Folgekosten meiden,Bedarf prüfen; Kosten vergleichen,Werbung glauben; Qualität ausblenden,Rabatt überschätzen; Garantie ignorieren,B,"Gute Kaufentscheidungen berücksichtigen Bedarf, Preis, Qualität und Folgekosten.",SBFI Rahmenlehrplan Allgemeinbildung 2025,https://www.sbfi.admin.ch/dam/de/sd-web/6J7xFxDA7Kj4/nRLP_ABU_DE-def.pdf
abu,Allgemeinbildung (ABU),abu_rlp_2025,Allgemeinbildung (ABU) – RLP 2025,6,"Wirtschaft, Konsum & Geld",single_choice,medium,3,Welche Vorgehensweise ist im Thema «Verschuldung» richtig?,Kredit häufen; Zinsen verdrängen,Mahnungen ignorieren; Hilfe meiden,Risiken erkennen; Raten berechnen,Limit erhöhen; Planung stoppen,C,Schulden müssen früh erkannt und aktiv gesteuert werden.,SBFI Rahmenlehrplan Allgemeinbildung 2025,https://www.sbfi.admin.ch/dam/de/sd-web/6J7xFxDA7Kj4/nRLP_ABU_DE-def.pdf
abu,Allgemeinbildung (ABU),abu_rlp_2025,Allgemeinbildung (ABU) – RLP 2025,6,"Wirtschaft, Konsum & Geld",single_choice,hard,4,Welche Handlung zeigt ein gutes Verständnis von «Lohnabrechnung»?,"Brutto verwechseln; Beiträge ignorieren, bei Bedarf im Team, im konkreten Fall, anhand klarer Kriterien, mit Blick auf die Folgen, bei Bedarf im Team","Zahlen raten; Dokument wegwerfen, im konkreten Fall, anhand klarer Kriterien, mit Blick auf die Folgen, bei Bedarf im Team, im konkreten Fall","Steuern ausblenden; Versicherung meiden, anhand klarer Kriterien, mit Blick auf die Folgen, bei Bedarf im Team, im konkreten Fall, anhand klarer Kriterien","Abzüge verstehen; Netto prüfen, mit Blick auf die Folgen, bei Bedarf im Team, im konkreten Fall, anhand klarer Kriterien, mit Blick auf die Folgen",D,"Die Lohnabrechnung zeigt Bruttolohn, Abzüge und Nettolohn.",SBFI Rahmenlehrplan Allgemeinbildung 2025,https://www.sbfi.admin.ch/dam/de/sd-web/6J7xFxDA7Kj4/nRLP_ABU_DE-def.pdf
abu,Allgemeinbildung (ABU),abu_rlp_2025,Allgemeinbildung (ABU) – RLP 2025,6,"Wirtschaft, Konsum & Geld",single_choice,medium,5,Welche Entscheidung ist bei «Versicherungen» sinnvoll?,Risiken absichern; Leistungen prüfen,Schaden verschweigen; Police nicht lesen,Selbstbehalt vergessen; Deckung raten,Alles doppelt versichern; Prämien ignorieren,A,Versicherungen sollen passende Risiken sinnvoll abdecken.,SBFI Rahmenlehrplan Allgemeinbildung 2025,https://www.sbfi.admin.ch/dam/de/sd-web/6J7xFxDA7Kj4/nRLP_ABU_DE-def.pdf
abu,Allgemeinbildung (ABU),abu_rlp_2025,Allgemeinbildung (ABU) – RLP 2025,6,"Wirtschaft, Konsum & Geld",single_choice,easy,6,Welche Aussage passt am besten zu «Wirtschaftskreislauf»?,Nur Preise betrachten; Staat ausblenden,Rollen erkennen; Zusammenhänge erklären,Haushalte vergessen; Betriebe isolieren,Akteure trennen; Geldfluss ignorieren,B,"Wirtschaftliche Entscheidungen verbinden Haushalte, Betriebe und Staat.",SBFI Rahmenlehrplan Allgemeinbildung 2025,https://www.sbfi.admin.ch/dam/de/sd-web/6J7xFxDA7Kj4/nRLP_ABU_DE-def.pdf
abu,Allgemeinbildung (ABU),abu_rlp_2025,Allgemeinbildung (ABU) – RLP 2025,6,"Wirtschaft, Konsum & Geld",single_choice,medium,7,Was ist bei «Budget» fachlich am wichtigsten?,"Schulden verstecken; Sparen auslassen, mit Blick auf die Folgen, bei Bedarf im Team, im konkreten Fall, anhand klarer Kriterien, mit Blick auf die Folgen","Kontostand raten; Belege meiden, bei Bedarf im Team, im konkreten Fall, anhand klarer Kriterien, mit Blick auf die Folgen, bei Bedarf im Team","Einnahmen planen; Ausgaben kontrollieren, im konkreten Fall, anhand klarer Kriterien, mit Blick auf die Folgen, bei Bedarf im Team, im konkreten Fall","Alles spontan kaufen; Fixkosten vergessen, anhand klarer Kriterien, mit Blick auf die Folgen, bei Bedarf im Team, im konkreten Fall, anhand klarer Kriterien",C,"Ein Budget zeigt Einnahmen, Ausgaben und Spielraum.",SBFI Rahmenlehrplan Allgemeinbildung 2025,https://www.sbfi.admin.ch/dam/de/sd-web/6J7xFxDA7Kj4/nRLP_ABU_DE-def.pdf
abu,Allgemeinbildung (ABU),abu_rlp_2025,Allgemeinbildung (ABU) – RLP 2025,6,"Wirtschaft, Konsum & Geld",single_choice,medium,8,Welche Vorgehensweise ist im Thema «Kaufentscheid» richtig?,Werbung glauben; Qualität ausblenden,Rabatt überschätzen; Garantie ignorieren,Impuls folgen; Folgekosten meiden,Bedarf prüfen; Kosten vergleichen,D,"Gute Kaufentscheidungen berücksichtigen Bedarf, Preis, Qualität und Folgekosten.",SBFI Rahmenlehrplan Allgemeinbildung 2025,https://www.sbfi.admin.ch/dam/de/sd-web/6J7xFxDA7Kj4/nRLP_ABU_DE-def.pdf
abu,Allgemeinbildung (ABU),abu_rlp_2025,Allgemeinbildung (ABU) – RLP 2025,6,"Wirtschaft, Konsum & Geld",single_choice,hard,9,Welche Handlung zeigt ein gutes Verständnis von «Verschuldung»?,Risiken erkennen; Raten berechnen,Limit erhöhen; Planung stoppen,Kredit häufen; Zinsen verdrängen,Mahnungen ignorieren; Hilfe meiden,A,Schulden müssen früh erkannt und aktiv gesteuert werden.,SBFI Rahmenlehrplan Allgemeinbildung 2025,https://www.sbfi.admin.ch/dam/de/sd-web/6J7xFxDA7Kj4/nRLP_ABU_DE-def.pdf
abu,Allgemeinbildung (ABU),abu_rlp_2025,Allgemeinbildung (ABU) – RLP 2025,6,"Wirtschaft, Konsum & Geld",single_choice,medium,10,Welche Entscheidung ist bei «Lohnabrechnung» sinnvoll?,"Steuern ausblenden; Versicherung meiden, anhand klarer Kriterien, mit Blick auf die Folgen, bei Bedarf im Team, im konkreten Fall, anhand klarer Kriterien","Abzüge verstehen; Netto prüfen, mit Blick auf die Folgen, bei Bedarf im Team, im konkreten Fall, anhand klarer Kriterien, mit Blick auf die Folgen","Brutto verwechseln; Beiträge ignorieren, bei Bedarf im Team, im konkreten Fall, anhand klarer Kriterien, mit Blick auf die Folgen, bei Bedarf im Team","Zahlen raten; Dokument wegwerfen, im konkreten Fall, anhand klarer Kriterien, mit Blick auf die Folgen, bei Bedarf im Team, im konkreten Fall",B,"Die Lohnabrechnung zeigt Bruttolohn, Abzüge und Nettolohn.",SBFI Rahmenlehrplan Allgemeinbildung 2025,https://www.sbfi.admin.ch/dam/de/sd-web/6J7xFxDA7Kj4/nRLP_ABU_DE-def.pdf
abu,Allgemeinbildung (ABU),abu_rlp_2025,Allgemeinbildung (ABU) – RLP 2025,6,"Wirtschaft, Konsum & Geld",single_choice,easy,11,Welche Aussage passt am besten zu «Versicherungen»?,Selbstbehalt vergessen; Deckung raten,Alles doppelt versichern; Prämien ignorieren,Risiken absichern; Leistungen prüfen,Schaden verschweigen; Police nicht lesen,C,Versicherungen sollen passende Risiken sinnvoll abdecken.,SBFI Rahmenlehrplan Allgemeinbildung 2025,https://www.sbfi.admin.ch/dam/de/sd-web/6J7xFxDA7Kj4/nRLP_ABU_DE-def.pdf
abu,Allgemeinbildung (ABU),abu_rlp_2025,Allgemeinbildung (ABU) – RLP 2025,6,"Wirtschaft, Konsum & Geld",single_choice,medium,12,Was ist bei «Wirtschaftskreislauf» fachlich am wichtigsten?,Haushalte vergessen; Betriebe isolieren,Akteure trennen; Geldfluss ignorieren,Nur Preise betrachten; Staat ausblenden,Rollen erkennen; Zusammenhänge erklären,D,"Wirtschaftliche Entscheidungen verbinden Haushalte, Betriebe und Staat.",SBFI Rahmenlehrplan Allgemeinbildung 2025,https://www.sbfi.admin.ch/dam/de/sd-web/6J7xFxDA7Kj4/nRLP_ABU_DE-def.pdf
abu,Allgemeinbildung (ABU),abu_rlp_2025,Allgemeinbildung (ABU) – RLP 2025,6,"Wirtschaft, Konsum & Geld",single_choice,medium,13,Welche Vorgehensweise ist im Thema «Budget» richtig?,"Einnahmen planen; Ausgaben kontrollieren, im konkreten Fall, anhand klarer Kriterien, mit Blick auf die Folgen, bei Bedarf im Team, im konkreten Fall","Alles spontan kaufen; Fixkosten vergessen, anhand klarer Kriterien, mit Blick auf die Folgen, bei Bedarf im Team, im konkreten Fall, anhand klarer Kriterien","Schulden verstecken; Sparen auslassen, mit Blick auf die Folgen, bei Bedarf im Team, im konkreten Fall, anhand klarer Kriterien, mit Blick auf die Folgen","Kontostand raten; Belege meiden, bei Bedarf im Team, im konkreten Fall, anhand klarer Kriterien, mit Blick auf die Folgen, bei Bedarf im Team",A,"Ein Budget zeigt Einnahmen, Ausgaben und Spielraum.",SBFI Rahmenlehrplan Allgemeinbildung 2025,https://www.sbfi.admin.ch/dam/de/sd-web/6J7xFxDA7Kj4/nRLP_ABU_DE-def.pdf
abu,Allgemeinbildung (ABU),abu_rlp_2025,Allgemeinbildung (ABU) – RLP 2025,6,"Wirtschaft, Konsum & Geld",single_choice,hard,14,Welche Handlung zeigt ein gutes Verständnis von «Kaufentscheid»?,Impuls folgen; Folgekosten meiden,Bedarf prüfen; Kosten vergleichen,Werbung glauben; Qualität ausblenden,Rabatt überschätzen; Garantie ignorieren,B,"Gute Kaufentscheidungen berücksichtigen Bedarf, Preis, Qualität und Folgekosten.",SBFI Rahmenlehrplan Allgemeinbildung 2025,https://www.sbfi.admin.ch/dam/de/sd-web/6J7xFxDA7Kj4/nRLP_ABU_DE-def.pdf
abu,Allgemeinbildung (ABU),abu_rlp_2025,Allgemeinbildung (ABU) – RLP 2025,6,"Wirtschaft, Konsum & Geld",single_choice,medium,15,Welche Entscheidung ist bei «Verschuldung» sinnvoll?,Kredit häufen; Zinsen verdrängen,Mahnungen ignorieren; Hilfe meiden,Risiken erkennen; Raten berechnen,Limit erhöhen; Planung stoppen,C,Schulden müssen früh erkannt und aktiv gesteuert werden.,SBFI Rahmenlehrplan Allgemeinbildung 2025,https://www.sbfi.admin.ch/dam/de/sd-web/6J7xFxDA7Kj4/nRLP_ABU_DE-def.pdf
abu,Allgemeinbildung (ABU),abu_rlp_2025,Allgemeinbildung (ABU) – RLP 2025,6,"Wirtschaft, Konsum & Geld",single_choice,easy,16,Welche Aussage passt am besten zu «Lohnabrechnung»?,"Brutto verwechseln; Beiträge ignorieren, bei Bedarf im Team, im konkreten Fall, anhand klarer Kriterien, mit Blick auf die Folgen, bei Bedarf im Team","Zahlen raten; Dokument wegwerfen, im konkreten Fall, anhand klarer Kriterien, mit Blick auf die Folgen, bei Bedarf im Team, im konkreten Fall","Steuern ausblenden; Versicherung meiden, anhand klarer Kriterien, mit Blick auf die Folgen, bei Bedarf im Team, im konkreten Fall, anhand klarer Kriterien","Abzüge verstehen; Netto prüfen, mit Blick auf die Folgen, bei Bedarf im Team, im konkreten Fall, anhand klarer Kriterien, mit Blick auf die Folgen",D,"Die Lohnabrechnung zeigt Bruttolohn, Abzüge und Nettolohn.",SBFI Rahmenlehrplan Allgemeinbildung 2025,https://www.sbfi.admin.ch/dam/de/sd-web/6J7xFxDA7Kj4/nRLP_ABU_DE-def.pdf
abu,Allgemeinbildung (ABU),abu_rlp_2025,Allgemeinbildung (ABU) – RLP 2025,6,"Wirtschaft, Konsum & Geld",single_choice,medium,17,Was ist bei «Versicherungen» fachlich am wichtigsten?,Risiken absichern; Leistungen prüfen,Schaden verschweigen; Police nicht lesen,Selbstbehalt vergessen; Deckung raten,Alles doppelt versichern; Prämien ignorieren,A,Versicherungen sollen passende Risiken sinnvoll abdecken.,SBFI Rahmenlehrplan Allgemeinbildung 2025,https://www.sbfi.admin.ch/dam/de/sd-web/6J7xFxDA7Kj4/nRLP_ABU_DE-def.pdf
abu,Allgemeinbildung (ABU),abu_rlp_2025,Allgemeinbildung (ABU) – RLP 2025,6,"Wirtschaft, Konsum & Geld",single_choice,medium,18,Welche Vorgehensweise ist im Thema «Wirtschaftskreislauf» richtig?,Nur Preise betrachten; Staat ausblenden,Rollen erkennen; Zusammenhänge erklären,Haushalte vergessen; Betriebe isolieren,Akteure trennen; Geldfluss ignorieren,B,"Wirtschaftliche Entscheidungen verbinden Haushalte, Betriebe und Staat.",SBFI Rahmenlehrplan Allgemeinbildung 2025,https://www.sbfi.admin.ch/dam/de/sd-web/6J7xFxDA7Kj4/nRLP_ABU_DE-def.pdf
abu,Allgemeinbildung (ABU),abu_rlp_2025,Allgemeinbildung (ABU) – RLP 2025,6,"Wirtschaft, Konsum & Geld",single_choice,hard,19,Welche Handlung zeigt ein gutes Verständnis von «Budget»?,"Schulden verstecken; Sparen auslassen, mit Blick auf die Folgen, bei Bedarf im Team, im konkreten Fall, anhand klarer Kriterien, mit Blick auf die Folgen","Kontostand raten; Belege meiden, bei Bedarf im Team, im konkreten Fall, anhand klarer Kriterien, mit Blick auf die Folgen, bei Bedarf im Team","Einnahmen planen; Ausgaben kontrollieren, im konkreten Fall, anhand klarer Kriterien, mit Blick auf die Folgen, bei Bedarf im Team, im konkreten Fall","Alles spontan kaufen; Fixkosten vergessen, anhand klarer Kriterien, mit Blick auf die Folgen, bei Bedarf im Team, im konkreten Fall, anhand klarer Kriterien",C,"Ein Budget zeigt Einnahmen, Ausgaben und Spielraum.",SBFI Rahmenlehrplan Allgemeinbildung 2025,https://www.sbfi.admin.ch/dam/de/sd-web/6J7xFxDA7Kj4/nRLP_ABU_DE-def.pdf
abu,Allgemeinbildung (ABU),abu_rlp_2025,Allgemeinbildung (ABU) – RLP 2025,6,"Wirtschaft, Konsum & Geld",single_choice,medium,20,Welche Entscheidung ist bei «Kaufentscheid» sinnvoll?,Werbung glauben; Qualität ausblenden,Rabatt überschätzen; Garantie ignorieren,Impuls folgen; Folgekosten meiden,Bedarf prüfen; Kosten vergleichen,D,"Gute Kaufentscheidungen berücksichtigen Bedarf, Preis, Qualität und Folgekosten.",SBFI Rahmenlehrplan Allgemeinbildung 2025,https://www.sbfi.admin.ch/dam/de/sd-web/6J7xFxDA7Kj4/nRLP_ABU_DE-def.pdf
abu,Allgemeinbildung (ABU),abu_rlp_2025,Allgemeinbildung (ABU) – RLP 2025,6,"Wirtschaft, Konsum & Geld",single_choice,easy,21,Welche Aussage passt am besten zu «Verschuldung»?,Risiken erkennen; Raten berechnen,Limit erhöhen; Planung stoppen,Kredit häufen; Zinsen verdrängen,Mahnungen ignorieren; Hilfe meiden,A,Schulden müssen früh erkannt und aktiv gesteuert werden.,SBFI Rahmenlehrplan Allgemeinbildung 2025,https://www.sbfi.admin.ch/dam/de/sd-web/6J7xFxDA7Kj4/nRLP_ABU_DE-def.pdf
abu,Allgemeinbildung (ABU),abu_rlp_2025,Allgemeinbildung (ABU) – RLP 2025,6,"Wirtschaft, Konsum & Geld",single_choice,medium,22,Was ist bei «Lohnabrechnung» fachlich am wichtigsten?,"Steuern ausblenden; Versicherung meiden, anhand klarer Kriterien, mit Blick auf die Folgen, bei Bedarf im Team, im konkreten Fall, anhand klarer Kriterien","Abzüge verstehen; Netto prüfen, mit Blick auf die Folgen, bei Bedarf im Team, im konkreten Fall, anhand klarer Kriterien, mit Blick auf die Folgen","Brutto verwechseln; Beiträge ignorieren, bei Bedarf im Team, im konkreten Fall, anhand klarer Kriterien, mit Blick auf die Folgen, bei Bedarf im Team","Zahlen raten; Dokument wegwerfen, im konkreten Fall, anhand klarer Kriterien, mit Blick auf die Folgen, bei Bedarf im Team, im konkreten Fall",B,"Die Lohnabrechnung zeigt Bruttolohn, Abzüge und Nettolohn.",SBFI Rahmenlehrplan Allgemeinbildung 2025,https://www.sbfi.admin.ch/dam/de/sd-web/6J7xFxDA7Kj4/nRLP_ABU_DE-def.pdf
abu,Allgemeinbildung (ABU),abu_rlp_2025,Allgemeinbildung (ABU) – RLP 2025,6,"Wirtschaft, Konsum & Geld",single_choice,medium,23,Welche Vorgehensweise ist im Thema «Versicherungen» richtig?,Selbstbehalt vergessen; Deckung raten,Alles doppelt versichern; Prämien ignorieren,Risiken absichern; Leistungen prüfen,Schaden verschweigen; Police nicht lesen,C,Versicherungen sollen passende Risiken sinnvoll abdecken.,SBFI Rahmenlehrplan Allgemeinbildung 2025,https://www.sbfi.admin.ch/dam/de/sd-web/6J7xFxDA7Kj4/nRLP_ABU_DE-def.pdf
abu,Allgemeinbildung (ABU),abu_rlp_2025,Allgemeinbildung (ABU) – RLP 2025,6,"Wirtschaft, Konsum & Geld",single_choice,hard,24,Welche Handlung zeigt ein gutes Verständnis von «Wirtschaftskreislauf»?,Haushalte vergessen; Betriebe isolieren,Akteure trennen; Geldfluss ignorieren,Nur Preise betrachten; Staat ausblenden,Rollen erkennen; Zusammenhänge erklären,D,"Wirtschaftliche Entscheidungen verbinden Haushalte, Betriebe und Staat.",SBFI Rahmenlehrplan Allgemeinbildung 2025,https://www.sbfi.admin.ch/dam/de/sd-web/6J7xFxDA7Kj4/nRLP_ABU_DE-def.pdf
abu,Allgemeinbildung (ABU),abu_rlp_2025,Allgemeinbildung (ABU) – RLP 2025,6,"Wirtschaft, Konsum & Geld",single_choice,medium,25,Welche Entscheidung ist bei «Budget» sinnvoll?,"Einnahmen planen; Ausgaben kontrollieren, im konkreten Fall, anhand klarer Kriterien, mit Blick auf die Folgen, bei Bedarf im Team, im konkreten Fall","Alles spontan kaufen; Fixkosten vergessen, anhand klarer Kriterien, mit Blick auf die Folgen, bei Bedarf im Team, im konkreten Fall, anhand klarer Kriterien","Schulden verstecken; Sparen auslassen, mit Blick auf die Folgen, bei Bedarf im Team, im konkreten Fall, anhand klarer Kriterien, mit Blick auf die Folgen","Kontostand raten; Belege meiden, bei Bedarf im Team, im konkreten Fall, anhand klarer Kriterien, mit Blick auf die Folgen, bei Bedarf im Team",A,"Ein Budget zeigt Einnahmen, Ausgaben und Spielraum.",SBFI Rahmenlehrplan Allgemeinbildung 2025,https://www.sbfi.admin.ch/dam/de/sd-web/6J7xFxDA7Kj4/nRLP_ABU_DE-def.pdf
abu,Allgemeinbildung (ABU),abu_rlp_2025,Allgemeinbildung (ABU) – RLP 2025,6,"Wirtschaft, Konsum & Geld",single_choice,easy,26,Welche Aussage passt am besten zu «Kaufentscheid»?,Impuls folgen; Folgekosten meiden,Bedarf prüfen; Kosten vergleichen,Werbung glauben; Qualität ausblenden,Rabatt überschätzen; Garantie ignorieren,B,"Gute Kaufentscheidungen berücksichtigen Bedarf, Preis, Qualität und Folgekosten.",SBFI Rahmenlehrplan Allgemeinbildung 2025,https://www.sbfi.admin.ch/dam/de/sd-web/6J7xFxDA7Kj4/nRLP_ABU_DE-def.pdf
abu,Allgemeinbildung (ABU),abu_rlp_2025,Allgemeinbildung (ABU) – RLP 2025,6,"Wirtschaft, Konsum & Geld",single_choice,medium,27,Was ist bei «Verschuldung» fachlich am wichtigsten?,Kredit häufen; Zinsen verdrängen,Mahnungen ignorieren; Hilfe meiden,Risiken erkennen; Raten berechnen,Limit erhöhen; Planung stoppen,C,Schulden müssen früh erkannt und aktiv gesteuert werden.,SBFI Rahmenlehrplan Allgemeinbildung 2025,https://www.sbfi.admin.ch/dam/de/sd-web/6J7xFxDA7Kj4/nRLP_ABU_DE-def.pdf
abu,Allgemeinbildung (ABU),abu_rlp_2025,Allgemeinbildung (ABU) – RLP 2025,6,"Wirtschaft, Konsum & Geld",single_choice,medium,28,Welche Vorgehensweise ist im Thema «Lohnabrechnung» richtig?,"Brutto verwechseln; Beiträge ignorieren, bei Bedarf im Team, im konkreten Fall, anhand klarer Kriterien, mit Blick auf die Folgen, bei Bedarf im Team","Zahlen raten; Dokument wegwerfen, im konkreten Fall, anhand klarer Kriterien, mit Blick auf die Folgen, bei Bedarf im Team, im konkreten Fall","Steuern ausblenden; Versicherung meiden, anhand klarer Kriterien, mit Blick auf die Folgen, bei Bedarf im Team, im konkreten Fall, anhand klarer Kriterien","Abzüge verstehen; Netto prüfen, mit Blick auf die Folgen, bei Bedarf im Team, im konkreten Fall, anhand klarer Kriterien, mit Blick auf die Folgen",D,"Die Lohnabrechnung zeigt Bruttolohn, Abzüge und Nettolohn.",SBFI Rahmenlehrplan Allgemeinbildung 2025,https://www.sbfi.admin.ch/dam/de/sd-web/6J7xFxDA7Kj4/nRLP_ABU_DE-def.pdf
abu,Allgemeinbildung (ABU),abu_rlp_2025,Allgemeinbildung (ABU) – RLP 2025,6,"Wirtschaft, Konsum & Geld",single_choice,hard,29,Welche Handlung zeigt ein gutes Verständnis von «Versicherungen»?,Risiken absichern; Leistungen prüfen,Schaden verschweigen; Police nicht lesen,Selbstbehalt vergessen; Deckung raten,Alles doppelt versichern; Prämien ignorieren,A,Versicherungen sollen passende Risiken sinnvoll abdecken.,SBFI Rahmenlehrplan Allgemeinbildung 2025,https://www.sbfi.admin.ch/dam/de/sd-web/6J7xFxDA7Kj4/nRLP_ABU_DE-def.pdf
abu,Allgemeinbildung (ABU),abu_rlp_2025,Allgemeinbildung (ABU) – RLP 2025,6,"Wirtschaft, Konsum & Geld",single_choice,medium,30,Welche Entscheidung ist bei «Wirtschaftskreislauf» sinnvoll?,Nur Preise betrachten; Staat ausblenden,Rollen erkennen; Zusammenhänge erklären,Haushalte vergessen; Betriebe isolieren,Akteure trennen; Geldfluss ignorieren,B,"Wirtschaftliche Entscheidungen verbinden Haushalte, Betriebe und Staat.",SBFI Rahmenlehrplan Allgemeinbildung 2025,https://www.sbfi.admin.ch/dam/de/sd-web/6J7xFxDA7Kj4/nRLP_ABU_DE-def.pdf
abu,Allgemeinbildung (ABU),abu_rlp_2025,Allgemeinbildung (ABU) – RLP 2025,7,Ökologie & Nachhaltigkeit,single_choice,easy,1,Welche Aussage passt am besten zu «Nachhaltigkeit»?,Ökologie beachten; Soziales einbeziehen,Kurzfristig sparen; Folgen ausblenden,Nur Gewinn zählen; Umwelt trennen,Verbrauch erhöhen; Ausgleich meiden,A,"Nachhaltigkeit verbindet Umwelt, Gesellschaft und Wirtschaft.",SBFI Rahmenlehrplan Allgemeinbildung 2025,https://www.sbfi.admin.ch/dam/de/sd-web/6J7xFxDA7Kj4/nRLP_ABU_DE-def.pdf
abu,Allgemeinbildung (ABU),abu_rlp_2025,Allgemeinbildung (ABU) – RLP 2025,7,Ökologie & Nachhaltigkeit,single_choice,medium,2,Was ist bei «Ressourcen» fachlich am wichtigsten?,Wegwerfen fördern; Kreislauf stoppen,Verbrauch senken; Material sinnvoll nutzen,Energie verschwenden; Herkunft ignorieren,Einweg bevorzugen; Reparatur meiden,B,Ressourcenschonung reduziert Verbrauch und Abfall.,SBFI Rahmenlehrplan Allgemeinbildung 2025,https://www.sbfi.admin.ch/dam/de/sd-web/6J7xFxDA7Kj4/nRLP_ABU_DE-def.pdf
abu,Allgemeinbildung (ABU),abu_rlp_2025,Allgemeinbildung (ABU) – RLP 2025,7,Ökologie & Nachhaltigkeit,single_choice,medium,3,Welche Vorgehensweise ist im Thema «Klima» richtig?,"CO2 ignorieren; Verhalten trennen, mit Blick auf die Folgen, bei Bedarf im Team, im konkreten Fall, anhand klarer Kriterien, mit Blick auf die Folgen","Extremwetter verneinen; Daten meiden, bei Bedarf im Team, im konkreten Fall, anhand klarer Kriterien, mit Blick auf die Folgen, bei Bedarf im Team","Emissionen mindern; Folgen verstehen, im konkreten Fall, anhand klarer Kriterien, mit Blick auf die Folgen, bei Bedarf im Team, im konkreten Fall","Massnahmen verschieben; Risiken kleinreden, anhand klarer Kriterien, mit Blick auf die Folgen, bei Bedarf im Team, im konkreten Fall, anhand klarer Kriterien",C,"Klimafragen betreffen Ursachen, Folgen und wirksame Massnahmen.",SBFI Rahmenlehrplan Allgemeinbildung 2025,https://www.sbfi.admin.ch/dam/de/sd-web/6J7xFxDA7Kj4/nRLP_ABU_DE-def.pdf
abu,Allgemeinbildung (ABU),abu_rlp_2025,Allgemeinbildung (ABU) – RLP 2025,7,Ökologie & Nachhaltigkeit,single_choice,hard,4,Welche Handlung zeigt ein gutes Verständnis von «Konsum»?,"Billig wählen; Herkunft ausblenden, bei Bedarf im Team, im konkreten Fall, anhand klarer Kriterien, mit Blick auf die Folgen, bei Bedarf im Team","Menge erhöhen; Qualität meiden, im konkreten Fall, anhand klarer Kriterien, mit Blick auf die Folgen, bei Bedarf im Team, im konkreten Fall","Trend folgen; Abfall ignorieren, anhand klarer Kriterien, mit Blick auf die Folgen, bei Bedarf im Team, im konkreten Fall, anhand klarer Kriterien","Lebenszyklus prüfen; Alternativen vergleichen, mit Blick auf die Folgen, bei Bedarf im Team, im konkreten Fall, anhand klarer Kriterien, mit Blick auf die Folgen",D,"Nachhaltiger Konsum berücksichtigt Herstellung, Nutzung und Entsorgung.",SBFI Rahmenlehrplan Allgemeinbildung 2025,https://www.sbfi.admin.ch/dam/de/sd-web/6J7xFxDA7Kj4/nRLP_ABU_DE-def.pdf
abu,Allgemeinbildung (ABU),abu_rlp_2025,Allgemeinbildung (ABU) – RLP 2025,7,Ökologie & Nachhaltigkeit,single_choice,medium,5,Welche Entscheidung ist bei «Recycling» sinnvoll?,"Stoffe trennen; Wiederverwertung ermöglichen, im konkreten Fall, anhand klarer Kriterien, mit Blick auf die Folgen, bei Bedarf im Team, im konkreten Fall","Sonderabfall verstecken; Labels ignorieren, anhand klarer Kriterien, mit Blick auf die Folgen, bei Bedarf im Team, im konkreten Fall, anhand klarer Kriterien","Sauberkeit meiden; Kreislauf brechen, mit Blick auf die Folgen, bei Bedarf im Team, im konkreten Fall, anhand klarer Kriterien, mit Blick auf die Folgen","Alles mischen; Sortierung sparen, bei Bedarf im Team, im konkreten Fall, anhand klarer Kriterien, mit Blick auf die Folgen, bei Bedarf im Team",A,Recycling funktioniert nur mit korrekter Trennung und Sammlung.,SBFI Rahmenlehrplan Allgemeinbildung 2025,https://www.sbfi.admin.ch/dam/de/sd-web/6J7xFxDA7Kj4/nRLP_ABU_DE-def.pdf
abu,Allgemeinbildung (ABU),abu_rlp_2025,Allgemeinbildung (ABU) – RLP 2025,7,Ökologie & Nachhaltigkeit,single_choice,easy,6,Welche Aussage passt am besten zu «Zielkonflikte»?,Konflikt leugnen; Betroffene ignorieren,Interessen abwägen; Folgen begründen,Entscheid raten; Kriterien auslassen,Eine Seite wählen; Auswirkungen meiden,B,Nachhaltige Entscheide verlangen Abwägung unterschiedlicher Interessen.,SBFI Rahmenlehrplan Allgemeinbildung 2025,https://www.sbfi.admin.ch/dam/de/sd-web/6J7xFxDA7Kj4/nRLP_ABU_DE-def.pdf
abu,Allgemeinbildung (ABU),abu_rlp_2025,Allgemeinbildung (ABU) – RLP 2025,7,Ökologie & Nachhaltigkeit,single_choice,medium,7,Was ist bei «Nachhaltigkeit» fachlich am wichtigsten?,Nur Gewinn zählen; Umwelt trennen,Verbrauch erhöhen; Ausgleich meiden,Ökologie beachten; Soziales einbeziehen,Kurzfristig sparen; Folgen ausblenden,C,"Nachhaltigkeit verbindet Umwelt, Gesellschaft und Wirtschaft.",SBFI Rahmenlehrplan Allgemeinbildung 2025,https://www.sbfi.admin.ch/dam/de/sd-web/6J7xFxDA7Kj4/nRLP_ABU_DE-def.pdf
abu,Allgemeinbildung (ABU),abu_rlp_2025,Allgemeinbildung (ABU) – RLP 2025,7,Ökologie & Nachhaltigkeit,single_choice,medium,8,Welche Vorgehensweise ist im Thema «Ressourcen» richtig?,Energie verschwenden; Herkunft ignorieren,Einweg bevorzugen; Reparatur meiden,Wegwerfen fördern; Kreislauf stoppen,Verbrauch senken; Material sinnvoll nutzen,D,Ressourcenschonung reduziert Verbrauch und Abfall.,SBFI Rahmenlehrplan Allgemeinbildung 2025,https://www.sbfi.admin.ch/dam/de/sd-web/6J7xFxDA7Kj4/nRLP_ABU_DE-def.pdf
abu,Allgemeinbildung (ABU),abu_rlp_2025,Allgemeinbildung (ABU) – RLP 2025,7,Ökologie & Nachhaltigkeit,single_choice,hard,9,Welche Handlung zeigt ein gutes Verständnis von «Klima»?,"Emissionen mindern; Folgen verstehen, im konkreten Fall, anhand klarer Kriterien, mit Blick auf die Folgen, bei Bedarf im Team, im konkreten Fall","Massnahmen verschieben; Risiken kleinreden, anhand klarer Kriterien, mit Blick auf die Folgen, bei Bedarf im Team, im konkreten Fall, anhand klarer Kriterien","CO2 ignorieren; Verhalten trennen, mit Blick auf die Folgen, bei Bedarf im Team, im konkreten Fall, anhand klarer Kriterien, mit Blick auf die Folgen","Extremwetter verneinen; Daten meiden, bei Bedarf im Team, im konkreten Fall, anhand klarer Kriterien, mit Blick auf die Folgen, bei Bedarf im Team",A,"Klimafragen betreffen Ursachen, Folgen und wirksame Massnahmen.",SBFI Rahmenlehrplan Allgemeinbildung 2025,https://www.sbfi.admin.ch/dam/de/sd-web/6J7xFxDA7Kj4/nRLP_ABU_DE-def.pdf
abu,Allgemeinbildung (ABU),abu_rlp_2025,Allgemeinbildung (ABU) – RLP 2025,7,Ökologie & Nachhaltigkeit,single_choice,medium,10,Welche Entscheidung ist bei «Konsum» sinnvoll?,"Trend folgen; Abfall ignorieren, anhand klarer Kriterien, mit Blick auf die Folgen, bei Bedarf im Team, im konkreten Fall, anhand klarer Kriterien","Lebenszyklus prüfen; Alternativen vergleichen, mit Blick auf die Folgen, bei Bedarf im Team, im konkreten Fall, anhand klarer Kriterien, mit Blick auf die Folgen","Billig wählen; Herkunft ausblenden, bei Bedarf im Team, im konkreten Fall, anhand klarer Kriterien, mit Blick auf die Folgen, bei Bedarf im Team","Menge erhöhen; Qualität meiden, im konkreten Fall, anhand klarer Kriterien, mit Blick auf die Folgen, bei Bedarf im Team, im konkreten Fall",B,"Nachhaltiger Konsum berücksichtigt Herstellung, Nutzung und Entsorgung.",SBFI Rahmenlehrplan Allgemeinbildung 2025,https://www.sbfi.admin.ch/dam/de/sd-web/6J7xFxDA7Kj4/nRLP_ABU_DE-def.pdf
abu,Allgemeinbildung (ABU),abu_rlp_2025,Allgemeinbildung (ABU) – RLP 2025,7,Ökologie & Nachhaltigkeit,single_choice,easy,11,Welche Aussage passt am besten zu «Recycling»?,"Sauberkeit meiden; Kreislauf brechen, mit Blick auf die Folgen, bei Bedarf im Team, im konkreten Fall, anhand klarer Kriterien, mit Blick auf die Folgen","Alles mischen; Sortierung sparen, bei Bedarf im Team, im konkreten Fall, anhand klarer Kriterien, mit Blick auf die Folgen, bei Bedarf im Team","Stoffe trennen; Wiederverwertung ermöglichen, im konkreten Fall, anhand klarer Kriterien, mit Blick auf die Folgen, bei Bedarf im Team, im konkreten Fall","Sonderabfall verstecken; Labels ignorieren, anhand klarer Kriterien, mit Blick auf die Folgen, bei Bedarf im Team, im konkreten Fall, anhand klarer Kriterien",C,Recycling funktioniert nur mit korrekter Trennung und Sammlung.,SBFI Rahmenlehrplan Allgemeinbildung 2025,https://www.sbfi.admin.ch/dam/de/sd-web/6J7xFxDA7Kj4/nRLP_ABU_DE-def.pdf
abu,Allgemeinbildung (ABU),abu_rlp_2025,Allgemeinbildung (ABU) – RLP 2025,7,Ökologie & Nachhaltigkeit,single_choice,medium,12,Was ist bei «Zielkonflikte» fachlich am wichtigsten?,Entscheid raten; Kriterien auslassen,Eine Seite wählen; Auswirkungen meiden,Konflikt leugnen; Betroffene ignorieren,Interessen abwägen; Folgen begründen,D,Nachhaltige Entscheide verlangen Abwägung unterschiedlicher Interessen.,SBFI Rahmenlehrplan Allgemeinbildung 2025,https://www.sbfi.admin.ch/dam/de/sd-web/6J7xFxDA7Kj4/nRLP_ABU_DE-def.pdf
abu,Allgemeinbildung (ABU),abu_rlp_2025,Allgemeinbildung (ABU) – RLP 2025,7,Ökologie & Nachhaltigkeit,single_choice,medium,13,Welche Vorgehensweise ist im Thema «Nachhaltigkeit» richtig?,Ökologie beachten; Soziales einbeziehen,Kurzfristig sparen; Folgen ausblenden,Nur Gewinn zählen; Umwelt trennen,Verbrauch erhöhen; Ausgleich meiden,A,"Nachhaltigkeit verbindet Umwelt, Gesellschaft und Wirtschaft.",SBFI Rahmenlehrplan Allgemeinbildung 2025,https://www.sbfi.admin.ch/dam/de/sd-web/6J7xFxDA7Kj4/nRLP_ABU_DE-def.pdf
abu,Allgemeinbildung (ABU),abu_rlp_2025,Allgemeinbildung (ABU) – RLP 2025,7,Ökologie & Nachhaltigkeit,single_choice,hard,14,Welche Handlung zeigt ein gutes Verständnis von «Ressourcen»?,Wegwerfen fördern; Kreislauf stoppen,Verbrauch senken; Material sinnvoll nutzen,Energie verschwenden; Herkunft ignorieren,Einweg bevorzugen; Reparatur meiden,B,Ressourcenschonung reduziert Verbrauch und Abfall.,SBFI Rahmenlehrplan Allgemeinbildung 2025,https://www.sbfi.admin.ch/dam/de/sd-web/6J7xFxDA7Kj4/nRLP_ABU_DE-def.pdf
abu,Allgemeinbildung (ABU),abu_rlp_2025,Allgemeinbildung (ABU) – RLP 2025,7,Ökologie & Nachhaltigkeit,single_choice,medium,15,Welche Entscheidung ist bei «Klima» sinnvoll?,"CO2 ignorieren; Verhalten trennen, mit Blick auf die Folgen, bei Bedarf im Team, im konkreten Fall, anhand klarer Kriterien, mit Blick auf die Folgen","Extremwetter verneinen; Daten meiden, bei Bedarf im Team, im konkreten Fall, anhand klarer Kriterien, mit Blick auf die Folgen, bei Bedarf im Team","Emissionen mindern; Folgen verstehen, im konkreten Fall, anhand klarer Kriterien, mit Blick auf die Folgen, bei Bedarf im Team, im konkreten Fall","Massnahmen verschieben; Risiken kleinreden, anhand klarer Kriterien, mit Blick auf die Folgen, bei Bedarf im Team, im konkreten Fall, anhand klarer Kriterien",C,"Klimafragen betreffen Ursachen, Folgen und wirksame Massnahmen.",SBFI Rahmenlehrplan Allgemeinbildung 2025,https://www.sbfi.admin.ch/dam/de/sd-web/6J7xFxDA7Kj4/nRLP_ABU_DE-def.pdf
abu,Allgemeinbildung (ABU),abu_rlp_2025,Allgemeinbildung (ABU) – RLP 2025,7,Ökologie & Nachhaltigkeit,single_choice,easy,16,Welche Aussage passt am besten zu «Konsum»?,"Billig wählen; Herkunft ausblenden, bei Bedarf im Team, im konkreten Fall, anhand klarer Kriterien, mit Blick auf die Folgen, bei Bedarf im Team","Menge erhöhen; Qualität meiden, im konkreten Fall, anhand klarer Kriterien, mit Blick auf die Folgen, bei Bedarf im Team, im konkreten Fall","Trend folgen; Abfall ignorieren, anhand klarer Kriterien, mit Blick auf die Folgen, bei Bedarf im Team, im konkreten Fall, anhand klarer Kriterien","Lebenszyklus prüfen; Alternativen vergleichen, mit Blick auf die Folgen, bei Bedarf im Team, im konkreten Fall, anhand klarer Kriterien, mit Blick auf die Folgen",D,"Nachhaltiger Konsum berücksichtigt Herstellung, Nutzung und Entsorgung.",SBFI Rahmenlehrplan Allgemeinbildung 2025,https://www.sbfi.admin.ch/dam/de/sd-web/6J7xFxDA7Kj4/nRLP_ABU_DE-def.pdf
abu,Allgemeinbildung (ABU),abu_rlp_2025,Allgemeinbildung (ABU) – RLP 2025,7,Ökologie & Nachhaltigkeit,single_choice,medium,17,Was ist bei «Recycling» fachlich am wichtigsten?,"Stoffe trennen; Wiederverwertung ermöglichen, im konkreten Fall, anhand klarer Kriterien, mit Blick auf die Folgen, bei Bedarf im Team, im konkreten Fall","Sonderabfall verstecken; Labels ignorieren, anhand klarer Kriterien, mit Blick auf die Folgen, bei Bedarf im Team, im konkreten Fall, anhand klarer Kriterien","Sauberkeit meiden; Kreislauf brechen, mit Blick auf die Folgen, bei Bedarf im Team, im konkreten Fall, anhand klarer Kriterien, mit Blick auf die Folgen","Alles mischen; Sortierung sparen, bei Bedarf im Team, im konkreten Fall, anhand klarer Kriterien, mit Blick auf die Folgen, bei Bedarf im Team",A,Recycling funktioniert nur mit korrekter Trennung und Sammlung.,SBFI Rahmenlehrplan Allgemeinbildung 2025,https://www.sbfi.admin.ch/dam/de/sd-web/6J7xFxDA7Kj4/nRLP_ABU_DE-def.pdf
abu,Allgemeinbildung (ABU),abu_rlp_2025,Allgemeinbildung (ABU) – RLP 2025,7,Ökologie & Nachhaltigkeit,single_choice,medium,18,Welche Vorgehensweise ist im Thema «Zielkonflikte» richtig?,Konflikt leugnen; Betroffene ignorieren,Interessen abwägen; Folgen begründen,Entscheid raten; Kriterien auslassen,Eine Seite wählen; Auswirkungen meiden,B,Nachhaltige Entscheide verlangen Abwägung unterschiedlicher Interessen.,SBFI Rahmenlehrplan Allgemeinbildung 2025,https://www.sbfi.admin.ch/dam/de/sd-web/6J7xFxDA7Kj4/nRLP_ABU_DE-def.pdf
abu,Allgemeinbildung (ABU),abu_rlp_2025,Allgemeinbildung (ABU) – RLP 2025,7,Ökologie & Nachhaltigkeit,single_choice,hard,19,Welche Handlung zeigt ein gutes Verständnis von «Nachhaltigkeit»?,Nur Gewinn zählen; Umwelt trennen,Verbrauch erhöhen; Ausgleich meiden,Ökologie beachten; Soziales einbeziehen,Kurzfristig sparen; Folgen ausblenden,C,"Nachhaltigkeit verbindet Umwelt, Gesellschaft und Wirtschaft.",SBFI Rahmenlehrplan Allgemeinbildung 2025,https://www.sbfi.admin.ch/dam/de/sd-web/6J7xFxDA7Kj4/nRLP_ABU_DE-def.pdf
abu,Allgemeinbildung (ABU),abu_rlp_2025,Allgemeinbildung (ABU) – RLP 2025,7,Ökologie & Nachhaltigkeit,single_choice,medium,20,Welche Entscheidung ist bei «Ressourcen» sinnvoll?,Energie verschwenden; Herkunft ignorieren,Einweg bevorzugen; Reparatur meiden,Wegwerfen fördern; Kreislauf stoppen,Verbrauch senken; Material sinnvoll nutzen,D,Ressourcenschonung reduziert Verbrauch und Abfall.,SBFI Rahmenlehrplan Allgemeinbildung 2025,https://www.sbfi.admin.ch/dam/de/sd-web/6J7xFxDA7Kj4/nRLP_ABU_DE-def.pdf
abu,Allgemeinbildung (ABU),abu_rlp_2025,Allgemeinbildung (ABU) – RLP 2025,7,Ökologie & Nachhaltigkeit,single_choice,easy,21,Welche Aussage passt am besten zu «Klima»?,"Emissionen mindern; Folgen verstehen, im konkreten Fall, anhand klarer Kriterien, mit Blick auf die Folgen, bei Bedarf im Team, im konkreten Fall","Massnahmen verschieben; Risiken kleinreden, anhand klarer Kriterien, mit Blick auf die Folgen, bei Bedarf im Team, im konkreten Fall, anhand klarer Kriterien","CO2 ignorieren; Verhalten trennen, mit Blick auf die Folgen, bei Bedarf im Team, im konkreten Fall, anhand klarer Kriterien, mit Blick auf die Folgen","Extremwetter verneinen; Daten meiden, bei Bedarf im Team, im konkreten Fall, anhand klarer Kriterien, mit Blick auf die Folgen, bei Bedarf im Team",A,"Klimafragen betreffen Ursachen, Folgen und wirksame Massnahmen.",SBFI Rahmenlehrplan Allgemeinbildung 2025,https://www.sbfi.admin.ch/dam/de/sd-web/6J7xFxDA7Kj4/nRLP_ABU_DE-def.pdf
abu,Allgemeinbildung (ABU),abu_rlp_2025,Allgemeinbildung (ABU) – RLP 2025,7,Ökologie & Nachhaltigkeit,single_choice,medium,22,Was ist bei «Konsum» fachlich am wichtigsten?,"Trend folgen; Abfall ignorieren, anhand klarer Kriterien, mit Blick auf die Folgen, bei Bedarf im Team, im konkreten Fall, anhand klarer Kriterien","Lebenszyklus prüfen; Alternativen vergleichen, mit Blick auf die Folgen, bei Bedarf im Team, im konkreten Fall, anhand klarer Kriterien, mit Blick auf die Folgen","Billig wählen; Herkunft ausblenden, bei Bedarf im Team, im konkreten Fall, anhand klarer Kriterien, mit Blick auf die Folgen, bei Bedarf im Team","Menge erhöhen; Qualität meiden, im konkreten Fall, anhand klarer Kriterien, mit Blick auf die Folgen, bei Bedarf im Team, im konkreten Fall",B,"Nachhaltiger Konsum berücksichtigt Herstellung, Nutzung und Entsorgung.",SBFI Rahmenlehrplan Allgemeinbildung 2025,https://www.sbfi.admin.ch/dam/de/sd-web/6J7xFxDA7Kj4/nRLP_ABU_DE-def.pdf
abu,Allgemeinbildung (ABU),abu_rlp_2025,Allgemeinbildung (ABU) – RLP 2025,7,Ökologie & Nachhaltigkeit,single_choice,medium,23,Welche Vorgehensweise ist im Thema «Recycling» richtig?,"Sauberkeit meiden; Kreislauf brechen, mit Blick auf die Folgen, bei Bedarf im Team, im konkreten Fall, anhand klarer Kriterien, mit Blick auf die Folgen","Alles mischen; Sortierung sparen, bei Bedarf im Team, im konkreten Fall, anhand klarer Kriterien, mit Blick auf die Folgen, bei Bedarf im Team","Stoffe trennen; Wiederverwertung ermöglichen, im konkreten Fall, anhand klarer Kriterien, mit Blick auf die Folgen, bei Bedarf im Team, im konkreten Fall","Sonderabfall verstecken; Labels ignorieren, anhand klarer Kriterien, mit Blick auf die Folgen, bei Bedarf im Team, im konkreten Fall, anhand klarer Kriterien",C,Recycling funktioniert nur mit korrekter Trennung und Sammlung.,SBFI Rahmenlehrplan Allgemeinbildung 2025,https://www.sbfi.admin.ch/dam/de/sd-web/6J7xFxDA7Kj4/nRLP_ABU_DE-def.pdf
abu,Allgemeinbildung (ABU),abu_rlp_2025,Allgemeinbildung (ABU) – RLP 2025,7,Ökologie & Nachhaltigkeit,single_choice,hard,24,Welche Handlung zeigt ein gutes Verständnis von «Zielkonflikte»?,Entscheid raten; Kriterien auslassen,Eine Seite wählen; Auswirkungen meiden,Konflikt leugnen; Betroffene ignorieren,Interessen abwägen; Folgen begründen,D,Nachhaltige Entscheide verlangen Abwägung unterschiedlicher Interessen.,SBFI Rahmenlehrplan Allgemeinbildung 2025,https://www.sbfi.admin.ch/dam/de/sd-web/6J7xFxDA7Kj4/nRLP_ABU_DE-def.pdf
abu,Allgemeinbildung (ABU),abu_rlp_2025,Allgemeinbildung (ABU) – RLP 2025,7,Ökologie & Nachhaltigkeit,single_choice,medium,25,Welche Entscheidung ist bei «Nachhaltigkeit» sinnvoll?,Ökologie beachten; Soziales einbeziehen,Kurzfristig sparen; Folgen ausblenden,Nur Gewinn zählen; Umwelt trennen,Verbrauch erhöhen; Ausgleich meiden,A,"Nachhaltigkeit verbindet Umwelt, Gesellschaft und Wirtschaft.",SBFI Rahmenlehrplan Allgemeinbildung 2025,https://www.sbfi.admin.ch/dam/de/sd-web/6J7xFxDA7Kj4/nRLP_ABU_DE-def.pdf
abu,Allgemeinbildung (ABU),abu_rlp_2025,Allgemeinbildung (ABU) – RLP 2025,7,Ökologie & Nachhaltigkeit,single_choice,easy,26,Welche Aussage passt am besten zu «Ressourcen»?,Wegwerfen fördern; Kreislauf stoppen,Verbrauch senken; Material sinnvoll nutzen,Energie verschwenden; Herkunft ignorieren,Einweg bevorzugen; Reparatur meiden,B,Ressourcenschonung reduziert Verbrauch und Abfall.,SBFI Rahmenlehrplan Allgemeinbildung 2025,https://www.sbfi.admin.ch/dam/de/sd-web/6J7xFxDA7Kj4/nRLP_ABU_DE-def.pdf
abu,Allgemeinbildung (ABU),abu_rlp_2025,Allgemeinbildung (ABU) – RLP 2025,7,Ökologie & Nachhaltigkeit,single_choice,medium,27,Was ist bei «Klima» fachlich am wichtigsten?,"CO2 ignorieren; Verhalten trennen, mit Blick auf die Folgen, bei Bedarf im Team, im konkreten Fall, anhand klarer Kriterien, mit Blick auf die Folgen","Extremwetter verneinen; Daten meiden, bei Bedarf im Team, im konkreten Fall, anhand klarer Kriterien, mit Blick auf die Folgen, bei Bedarf im Team","Emissionen mindern; Folgen verstehen, im konkreten Fall, anhand klarer Kriterien, mit Blick auf die Folgen, bei Bedarf im Team, im konkreten Fall","Massnahmen verschieben; Risiken kleinreden, anhand klarer Kriterien, mit Blick auf die Folgen, bei Bedarf im Team, im konkreten Fall, anhand klarer Kriterien",C,"Klimafragen betreffen Ursachen, Folgen und wirksame Massnahmen.",SBFI Rahmenlehrplan Allgemeinbildung 2025,https://www.sbfi.admin.ch/dam/de/sd-web/6J7xFxDA7Kj4/nRLP_ABU_DE-def.pdf
abu,Allgemeinbildung (ABU),abu_rlp_2025,Allgemeinbildung (ABU) – RLP 2025,7,Ökologie & Nachhaltigkeit,single_choice,medium,28,Welche Vorgehensweise ist im Thema «Konsum» richtig?,"Billig wählen; Herkunft ausblenden, bei Bedarf im Team, im konkreten Fall, anhand klarer Kriterien, mit Blick auf die Folgen, bei Bedarf im Team","Menge erhöhen; Qualität meiden, im konkreten Fall, anhand klarer Kriterien, mit Blick auf die Folgen, bei Bedarf im Team, im konkreten Fall","Trend folgen; Abfall ignorieren, anhand klarer Kriterien, mit Blick auf die Folgen, bei Bedarf im Team, im konkreten Fall, anhand klarer Kriterien","Lebenszyklus prüfen; Alternativen vergleichen, mit Blick auf die Folgen, bei Bedarf im Team, im konkreten Fall, anhand klarer Kriterien, mit Blick auf die Folgen",D,"Nachhaltiger Konsum berücksichtigt Herstellung, Nutzung und Entsorgung.",SBFI Rahmenlehrplan Allgemeinbildung 2025,https://www.sbfi.admin.ch/dam/de/sd-web/6J7xFxDA7Kj4/nRLP_ABU_DE-def.pdf
abu,Allgemeinbildung (ABU),abu_rlp_2025,Allgemeinbildung (ABU) – RLP 2025,7,Ökologie & Nachhaltigkeit,single_choice,hard,29,Welche Handlung zeigt ein gutes Verständnis von «Recycling»?,"Stoffe trennen; Wiederverwertung ermöglichen, im konkreten Fall, anhand klarer Kriterien, mit Blick auf die Folgen, bei Bedarf im Team, im konkreten Fall","Sonderabfall verstecken; Labels ignorieren, anhand klarer Kriterien, mit Blick auf die Folgen, bei Bedarf im Team, im konkreten Fall, anhand klarer Kriterien","Sauberkeit meiden; Kreislauf brechen, mit Blick auf die Folgen, bei Bedarf im Team, im konkreten Fall, anhand klarer Kriterien, mit Blick auf die Folgen","Alles mischen; Sortierung sparen, bei Bedarf im Team, im konkreten Fall, anhand klarer Kriterien, mit Blick auf die Folgen, bei Bedarf im Team",A,Recycling funktioniert nur mit korrekter Trennung und Sammlung.,SBFI Rahmenlehrplan Allgemeinbildung 2025,https://www.sbfi.admin.ch/dam/de/sd-web/6J7xFxDA7Kj4/nRLP_ABU_DE-def.pdf
abu,Allgemeinbildung (ABU),abu_rlp_2025,Allgemeinbildung (ABU) – RLP 2025,7,Ökologie & Nachhaltigkeit,single_choice,medium,30,Welche Entscheidung ist bei «Zielkonflikte» sinnvoll?,Konflikt leugnen; Betroffene ignorieren,Interessen abwägen; Folgen begründen,Entscheid raten; Kriterien auslassen,Eine Seite wählen; Auswirkungen meiden,B,Nachhaltige Entscheide verlangen Abwägung unterschiedlicher Interessen.,SBFI Rahmenlehrplan Allgemeinbildung 2025,https://www.sbfi.admin.ch/dam/de/sd-web/6J7xFxDA7Kj4/nRLP_ABU_DE-def.pdf
abu,Allgemeinbildung (ABU),abu_rlp_2025,Allgemeinbildung (ABU) – RLP 2025,8,"Identität, Gesundheit & Sozialisation",single_choice,easy,1,Welche Aussage passt am besten zu «Gesundheit»?,Belastung erkennen; Ressourcen stärken,Signale ignorieren; Hilfe vermeiden,Risiken verharmlosen; Pause streichen,Symptome verstecken; Ausgleich meiden,A,"Gesundheit umfasst körperliche, psychische und soziale Aspekte.",SBFI Rahmenlehrplan Allgemeinbildung 2025,https://www.sbfi.admin.ch/dam/de/sd-web/6J7xFxDA7Kj4/nRLP_ABU_DE-def.pdf
abu,Allgemeinbildung (ABU),abu_rlp_2025,Allgemeinbildung (ABU) – RLP 2025,8,"Identität, Gesundheit & Sozialisation",single_choice,medium,2,Was ist bei «Stress» fachlich am wichtigsten?,Druck erhöhen; Erholung auslassen,Ursachen klären; Strategien anwenden,Probleme verdrängen; Planung stoppen,Schlaf kürzen; Unterstützung meiden,B,"Stressbewältigung braucht Analyse, Planung und passende Entlastung.",SBFI Rahmenlehrplan Allgemeinbildung 2025,https://www.sbfi.admin.ch/dam/de/sd-web/6J7xFxDA7Kj4/nRLP_ABU_DE-def.pdf
abu,Allgemeinbildung (ABU),abu_rlp_2025,Allgemeinbildung (ABU) – RLP 2025,8,"Identität, Gesundheit & Sozialisation",single_choice,medium,3,Welche Vorgehensweise ist im Thema «Identität» richtig?,Andere kopieren; Fragen vermeiden,Klischees übernehmen; Vielfalt ausblenden,Eigene Werte prüfen; Rollen reflektieren,Meinung verstecken; Entwicklung stoppen,C,"Identität entwickelt sich durch Werte, Erfahrungen und soziale Rollen.",SBFI Rahmenlehrplan Allgemeinbildung 2025,https://www.sbfi.admin.ch/dam/de/sd-web/6J7xFxDA7Kj4/nRLP_ABU_DE-def.pdf
abu,Allgemeinbildung (ABU),abu_rlp_2025,Allgemeinbildung (ABU) – RLP 2025,8,"Identität, Gesundheit & Sozialisation",single_choice,hard,4,Welche Handlung zeigt ein gutes Verständnis von «Beziehungen»?,Druck ausüben; Zustimmung übergehen,Konflikte verdrängen; Respekt verlieren,Kontrolle suchen; Vertrauen brechen,Grenzen respektieren; Kommunikation pflegen,D,"Gesunde Beziehungen beruhen auf Respekt, Grenzen und Kommunikation.",SBFI Rahmenlehrplan Allgemeinbildung 2025,https://www.sbfi.admin.ch/dam/de/sd-web/6J7xFxDA7Kj4/nRLP_ABU_DE-def.pdf
abu,Allgemeinbildung (ABU),abu_rlp_2025,Allgemeinbildung (ABU) – RLP 2025,8,"Identität, Gesundheit & Sozialisation",single_choice,medium,5,Welche Entscheidung ist bei «Suchtprävention» sinnvoll?,Risiken erkennen; Hilfe früh suchen,Dosis erhöhen; Kontrolle überschätzen,Umfeld täuschen; Folgen ausblenden,Konsum verharmlosen; Warnzeichen meiden,A,"Suchtprävention beginnt mit Wissen, Selbstkontrolle und Unterstützung.",SBFI Rahmenlehrplan Allgemeinbildung 2025,https://www.sbfi.admin.ch/dam/de/sd-web/6J7xFxDA7Kj4/nRLP_ABU_DE-def.pdf
abu,Allgemeinbildung (ABU),abu_rlp_2025,Allgemeinbildung (ABU) – RLP 2025,8,"Identität, Gesundheit & Sozialisation",single_choice,easy,6,Welche Aussage passt am besten zu «Sozialisation»?,"Normen blind übernehmen; Reflexion meiden, anhand klarer Kriterien, mit Blick auf die Folgen, bei Bedarf im Team, im konkreten Fall, anhand klarer Kriterien","Einflüsse erkennen; Handeln einordnen, mit Blick auf die Folgen, bei Bedarf im Team, im konkreten Fall, anhand klarer Kriterien, mit Blick auf die Folgen","Konflikte personalisieren; Gesellschaft ausblenden, bei Bedarf im Team, im konkreten Fall, anhand klarer Kriterien, mit Blick auf die Folgen, bei Bedarf im Team","Umfeld ignorieren; Rollen leugnen, im konkreten Fall, anhand klarer Kriterien, mit Blick auf die Folgen, bei Bedarf im Team, im konkreten Fall",B,"Sozialisation beschreibt, wie Menschen Werte, Rollen und Normen lernen.",SBFI Rahmenlehrplan Allgemeinbildung 2025,https://www.sbfi.admin.ch/dam/de/sd-web/6J7xFxDA7Kj4/nRLP_ABU_DE-def.pdf
abu,Allgemeinbildung (ABU),abu_rlp_2025,Allgemeinbildung (ABU) – RLP 2025,8,"Identität, Gesundheit & Sozialisation",single_choice,medium,7,Was ist bei «Gesundheit» fachlich am wichtigsten?,Risiken verharmlosen; Pause streichen,Symptome verstecken; Ausgleich meiden,Belastung erkennen; Ressourcen stärken,Signale ignorieren; Hilfe vermeiden,C,"Gesundheit umfasst körperliche, psychische und soziale Aspekte.",SBFI Rahmenlehrplan Allgemeinbildung 2025,https://www.sbfi.admin.ch/dam/de/sd-web/6J7xFxDA7Kj4/nRLP_ABU_DE-def.pdf
abu,Allgemeinbildung (ABU),abu_rlp_2025,Allgemeinbildung (ABU) – RLP 2025,8,"Identität, Gesundheit & Sozialisation",single_choice,medium,8,Welche Vorgehensweise ist im Thema «Stress» richtig?,Probleme verdrängen; Planung stoppen,Schlaf kürzen; Unterstützung meiden,Druck erhöhen; Erholung auslassen,Ursachen klären; Strategien anwenden,D,"Stressbewältigung braucht Analyse, Planung und passende Entlastung.",SBFI Rahmenlehrplan Allgemeinbildung 2025,https://www.sbfi.admin.ch/dam/de/sd-web/6J7xFxDA7Kj4/nRLP_ABU_DE-def.pdf
abu,Allgemeinbildung (ABU),abu_rlp_2025,Allgemeinbildung (ABU) – RLP 2025,8,"Identität, Gesundheit & Sozialisation",single_choice,hard,9,Welche Handlung zeigt ein gutes Verständnis von «Identität»?,Eigene Werte prüfen; Rollen reflektieren,Meinung verstecken; Entwicklung stoppen,Andere kopieren; Fragen vermeiden,Klischees übernehmen; Vielfalt ausblenden,A,"Identität entwickelt sich durch Werte, Erfahrungen und soziale Rollen.",SBFI Rahmenlehrplan Allgemeinbildung 2025,https://www.sbfi.admin.ch/dam/de/sd-web/6J7xFxDA7Kj4/nRLP_ABU_DE-def.pdf
abu,Allgemeinbildung (ABU),abu_rlp_2025,Allgemeinbildung (ABU) – RLP 2025,8,"Identität, Gesundheit & Sozialisation",single_choice,medium,10,Welche Entscheidung ist bei «Beziehungen» sinnvoll?,Kontrolle suchen; Vertrauen brechen,Grenzen respektieren; Kommunikation pflegen,Druck ausüben; Zustimmung übergehen,Konflikte verdrängen; Respekt verlieren,B,"Gesunde Beziehungen beruhen auf Respekt, Grenzen und Kommunikation.",SBFI Rahmenlehrplan Allgemeinbildung 2025,https://www.sbfi.admin.ch/dam/de/sd-web/6J7xFxDA7Kj4/nRLP_ABU_DE-def.pdf
abu,Allgemeinbildung (ABU),abu_rlp_2025,Allgemeinbildung (ABU) – RLP 2025,8,"Identität, Gesundheit & Sozialisation",single_choice,easy,11,Welche Aussage passt am besten zu «Suchtprävention»?,Umfeld täuschen; Folgen ausblenden,Konsum verharmlosen; Warnzeichen meiden,Risiken erkennen; Hilfe früh suchen,Dosis erhöhen; Kontrolle überschätzen,C,"Suchtprävention beginnt mit Wissen, Selbstkontrolle und Unterstützung.",SBFI Rahmenlehrplan Allgemeinbildung 2025,https://www.sbfi.admin.ch/dam/de/sd-web/6J7xFxDA7Kj4/nRLP_ABU_DE-def.pdf
abu,Allgemeinbildung (ABU),abu_rlp_2025,Allgemeinbildung (ABU) – RLP 2025,8,"Identität, Gesundheit & Sozialisation",single_choice,medium,12,Was ist bei «Sozialisation» fachlich am wichtigsten?,"Konflikte personalisieren; Gesellschaft ausblenden, bei Bedarf im Team, im konkreten Fall, anhand klarer Kriterien, mit Blick auf die Folgen, bei Bedarf im Team","Umfeld ignorieren; Rollen leugnen, im konkreten Fall, anhand klarer Kriterien, mit Blick auf die Folgen, bei Bedarf im Team, im konkreten Fall","Normen blind übernehmen; Reflexion meiden, anhand klarer Kriterien, mit Blick auf die Folgen, bei Bedarf im Team, im konkreten Fall, anhand klarer Kriterien","Einflüsse erkennen; Handeln einordnen, mit Blick auf die Folgen, bei Bedarf im Team, im konkreten Fall, anhand klarer Kriterien, mit Blick auf die Folgen",D,"Sozialisation beschreibt, wie Menschen Werte, Rollen und Normen lernen.",SBFI Rahmenlehrplan Allgemeinbildung 2025,https://www.sbfi.admin.ch/dam/de/sd-web/6J7xFxDA7Kj4/nRLP_ABU_DE-def.pdf
abu,Allgemeinbildung (ABU),abu_rlp_2025,Allgemeinbildung (ABU) – RLP 2025,8,"Identität, Gesundheit & Sozialisation",single_choice,medium,13,Welche Vorgehensweise ist im Thema «Gesundheit» richtig?,Belastung erkennen; Ressourcen stärken,Signale ignorieren; Hilfe vermeiden,Risiken verharmlosen; Pause streichen,Symptome verstecken; Ausgleich meiden,A,"Gesundheit umfasst körperliche, psychische und soziale Aspekte.",SBFI Rahmenlehrplan Allgemeinbildung 2025,https://www.sbfi.admin.ch/dam/de/sd-web/6J7xFxDA7Kj4/nRLP_ABU_DE-def.pdf
abu,Allgemeinbildung (ABU),abu_rlp_2025,Allgemeinbildung (ABU) – RLP 2025,8,"Identität, Gesundheit & Sozialisation",single_choice,hard,14,Welche Handlung zeigt ein gutes Verständnis von «Stress»?,Druck erhöhen; Erholung auslassen,Ursachen klären; Strategien anwenden,Probleme verdrängen; Planung stoppen,Schlaf kürzen; Unterstützung meiden,B,"Stressbewältigung braucht Analyse, Planung und passende Entlastung.",SBFI Rahmenlehrplan Allgemeinbildung 2025,https://www.sbfi.admin.ch/dam/de/sd-web/6J7xFxDA7Kj4/nRLP_ABU_DE-def.pdf
abu,Allgemeinbildung (ABU),abu_rlp_2025,Allgemeinbildung (ABU) – RLP 2025,8,"Identität, Gesundheit & Sozialisation",single_choice,medium,15,Welche Entscheidung ist bei «Identität» sinnvoll?,Andere kopieren; Fragen vermeiden,Klischees übernehmen; Vielfalt ausblenden,Eigene Werte prüfen; Rollen reflektieren,Meinung verstecken; Entwicklung stoppen,C,"Identität entwickelt sich durch Werte, Erfahrungen und soziale Rollen.",SBFI Rahmenlehrplan Allgemeinbildung 2025,https://www.sbfi.admin.ch/dam/de/sd-web/6J7xFxDA7Kj4/nRLP_ABU_DE-def.pdf
abu,Allgemeinbildung (ABU),abu_rlp_2025,Allgemeinbildung (ABU) – RLP 2025,8,"Identität, Gesundheit & Sozialisation",single_choice,easy,16,Welche Aussage passt am besten zu «Beziehungen»?,Druck ausüben; Zustimmung übergehen,Konflikte verdrängen; Respekt verlieren,Kontrolle suchen; Vertrauen brechen,Grenzen respektieren; Kommunikation pflegen,D,"Gesunde Beziehungen beruhen auf Respekt, Grenzen und Kommunikation.",SBFI Rahmenlehrplan Allgemeinbildung 2025,https://www.sbfi.admin.ch/dam/de/sd-web/6J7xFxDA7Kj4/nRLP_ABU_DE-def.pdf
abu,Allgemeinbildung (ABU),abu_rlp_2025,Allgemeinbildung (ABU) – RLP 2025,8,"Identität, Gesundheit & Sozialisation",single_choice,medium,17,Was ist bei «Suchtprävention» fachlich am wichtigsten?,Risiken erkennen; Hilfe früh suchen,Dosis erhöhen; Kontrolle überschätzen,Umfeld täuschen; Folgen ausblenden,Konsum verharmlosen; Warnzeichen meiden,A,"Suchtprävention beginnt mit Wissen, Selbstkontrolle und Unterstützung.",SBFI Rahmenlehrplan Allgemeinbildung 2025,https://www.sbfi.admin.ch/dam/de/sd-web/6J7xFxDA7Kj4/nRLP_ABU_DE-def.pdf
abu,Allgemeinbildung (ABU),abu_rlp_2025,Allgemeinbildung (ABU) – RLP 2025,8,"Identität, Gesundheit & Sozialisation",single_choice,medium,18,Welche Vorgehensweise ist im Thema «Sozialisation» richtig?,"Normen blind übernehmen; Reflexion meiden, anhand klarer Kriterien, mit Blick auf die Folgen, bei Bedarf im Team, im konkreten Fall, anhand klarer Kriterien","Einflüsse erkennen; Handeln einordnen, mit Blick auf die Folgen, bei Bedarf im Team, im konkreten Fall, anhand klarer Kriterien, mit Blick auf die Folgen","Konflikte personalisieren; Gesellschaft ausblenden, bei Bedarf im Team, im konkreten Fall, anhand klarer Kriterien, mit Blick auf die Folgen, bei Bedarf im Team","Umfeld ignorieren; Rollen leugnen, im konkreten Fall, anhand klarer Kriterien, mit Blick auf die Folgen, bei Bedarf im Team, im konkreten Fall",B,"Sozialisation beschreibt, wie Menschen Werte, Rollen und Normen lernen.",SBFI Rahmenlehrplan Allgemeinbildung 2025,https://www.sbfi.admin.ch/dam/de/sd-web/6J7xFxDA7Kj4/nRLP_ABU_DE-def.pdf
abu,Allgemeinbildung (ABU),abu_rlp_2025,Allgemeinbildung (ABU) – RLP 2025,8,"Identität, Gesundheit & Sozialisation",single_choice,hard,19,Welche Handlung zeigt ein gutes Verständnis von «Gesundheit»?,Risiken verharmlosen; Pause streichen,Symptome verstecken; Ausgleich meiden,Belastung erkennen; Ressourcen stärken,Signale ignorieren; Hilfe vermeiden,C,"Gesundheit umfasst körperliche, psychische und soziale Aspekte.",SBFI Rahmenlehrplan Allgemeinbildung 2025,https://www.sbfi.admin.ch/dam/de/sd-web/6J7xFxDA7Kj4/nRLP_ABU_DE-def.pdf
abu,Allgemeinbildung (ABU),abu_rlp_2025,Allgemeinbildung (ABU) – RLP 2025,8,"Identität, Gesundheit & Sozialisation",single_choice,medium,20,Welche Entscheidung ist bei «Stress» sinnvoll?,Probleme verdrängen; Planung stoppen,Schlaf kürzen; Unterstützung meiden,Druck erhöhen; Erholung auslassen,Ursachen klären; Strategien anwenden,D,"Stressbewältigung braucht Analyse, Planung und passende Entlastung.",SBFI Rahmenlehrplan Allgemeinbildung 2025,https://www.sbfi.admin.ch/dam/de/sd-web/6J7xFxDA7Kj4/nRLP_ABU_DE-def.pdf
abu,Allgemeinbildung (ABU),abu_rlp_2025,Allgemeinbildung (ABU) – RLP 2025,8,"Identität, Gesundheit & Sozialisation",single_choice,easy,21,Welche Aussage passt am besten zu «Identität»?,Eigene Werte prüfen; Rollen reflektieren,Meinung verstecken; Entwicklung stoppen,Andere kopieren; Fragen vermeiden,Klischees übernehmen; Vielfalt ausblenden,A,"Identität entwickelt sich durch Werte, Erfahrungen und soziale Rollen.",SBFI Rahmenlehrplan Allgemeinbildung 2025,https://www.sbfi.admin.ch/dam/de/sd-web/6J7xFxDA7Kj4/nRLP_ABU_DE-def.pdf
abu,Allgemeinbildung (ABU),abu_rlp_2025,Allgemeinbildung (ABU) – RLP 2025,8,"Identität, Gesundheit & Sozialisation",single_choice,medium,22,Was ist bei «Beziehungen» fachlich am wichtigsten?,Kontrolle suchen; Vertrauen brechen,Grenzen respektieren; Kommunikation pflegen,Druck ausüben; Zustimmung übergehen,Konflikte verdrängen; Respekt verlieren,B,"Gesunde Beziehungen beruhen auf Respekt, Grenzen und Kommunikation.",SBFI Rahmenlehrplan Allgemeinbildung 2025,https://www.sbfi.admin.ch/dam/de/sd-web/6J7xFxDA7Kj4/nRLP_ABU_DE-def.pdf
abu,Allgemeinbildung (ABU),abu_rlp_2025,Allgemeinbildung (ABU) – RLP 2025,8,"Identität, Gesundheit & Sozialisation",single_choice,medium,23,Welche Vorgehensweise ist im Thema «Suchtprävention» richtig?,Umfeld täuschen; Folgen ausblenden,Konsum verharmlosen; Warnzeichen meiden,Risiken erkennen; Hilfe früh suchen,Dosis erhöhen; Kontrolle überschätzen,C,"Suchtprävention beginnt mit Wissen, Selbstkontrolle und Unterstützung.",SBFI Rahmenlehrplan Allgemeinbildung 2025,https://www.sbfi.admin.ch/dam/de/sd-web/6J7xFxDA7Kj4/nRLP_ABU_DE-def.pdf
abu,Allgemeinbildung (ABU),abu_rlp_2025,Allgemeinbildung (ABU) – RLP 2025,8,"Identität, Gesundheit & Sozialisation",single_choice,hard,24,Welche Handlung zeigt ein gutes Verständnis von «Sozialisation»?,"Konflikte personalisieren; Gesellschaft ausblenden, bei Bedarf im Team, im konkreten Fall, anhand klarer Kriterien, mit Blick auf die Folgen, bei Bedarf im Team","Umfeld ignorieren; Rollen leugnen, im konkreten Fall, anhand klarer Kriterien, mit Blick auf die Folgen, bei Bedarf im Team, im konkreten Fall","Normen blind übernehmen; Reflexion meiden, anhand klarer Kriterien, mit Blick auf die Folgen, bei Bedarf im Team, im konkreten Fall, anhand klarer Kriterien","Einflüsse erkennen; Handeln einordnen, mit Blick auf die Folgen, bei Bedarf im Team, im konkreten Fall, anhand klarer Kriterien, mit Blick auf die Folgen",D,"Sozialisation beschreibt, wie Menschen Werte, Rollen und Normen lernen.",SBFI Rahmenlehrplan Allgemeinbildung 2025,https://www.sbfi.admin.ch/dam/de/sd-web/6J7xFxDA7Kj4/nRLP_ABU_DE-def.pdf
abu,Allgemeinbildung (ABU),abu_rlp_2025,Allgemeinbildung (ABU) – RLP 2025,8,"Identität, Gesundheit & Sozialisation",single_choice,medium,25,Welche Entscheidung ist bei «Gesundheit» sinnvoll?,Belastung erkennen; Ressourcen stärken,Signale ignorieren; Hilfe vermeiden,Risiken verharmlosen; Pause streichen,Symptome verstecken; Ausgleich meiden,A,"Gesundheit umfasst körperliche, psychische und soziale Aspekte.",SBFI Rahmenlehrplan Allgemeinbildung 2025,https://www.sbfi.admin.ch/dam/de/sd-web/6J7xFxDA7Kj4/nRLP_ABU_DE-def.pdf
abu,Allgemeinbildung (ABU),abu_rlp_2025,Allgemeinbildung (ABU) – RLP 2025,8,"Identität, Gesundheit & Sozialisation",single_choice,easy,26,Welche Aussage passt am besten zu «Stress»?,Druck erhöhen; Erholung auslassen,Ursachen klären; Strategien anwenden,Probleme verdrängen; Planung stoppen,Schlaf kürzen; Unterstützung meiden,B,"Stressbewältigung braucht Analyse, Planung und passende Entlastung.",SBFI Rahmenlehrplan Allgemeinbildung 2025,https://www.sbfi.admin.ch/dam/de/sd-web/6J7xFxDA7Kj4/nRLP_ABU_DE-def.pdf
abu,Allgemeinbildung (ABU),abu_rlp_2025,Allgemeinbildung (ABU) – RLP 2025,8,"Identität, Gesundheit & Sozialisation",single_choice,medium,27,Was ist bei «Identität» fachlich am wichtigsten?,Andere kopieren; Fragen vermeiden,Klischees übernehmen; Vielfalt ausblenden,Eigene Werte prüfen; Rollen reflektieren,Meinung verstecken; Entwicklung stoppen,C,"Identität entwickelt sich durch Werte, Erfahrungen und soziale Rollen.",SBFI Rahmenlehrplan Allgemeinbildung 2025,https://www.sbfi.admin.ch/dam/de/sd-web/6J7xFxDA7Kj4/nRLP_ABU_DE-def.pdf
abu,Allgemeinbildung (ABU),abu_rlp_2025,Allgemeinbildung (ABU) – RLP 2025,8,"Identität, Gesundheit & Sozialisation",single_choice,medium,28,Welche Vorgehensweise ist im Thema «Beziehungen» richtig?,Druck ausüben; Zustimmung übergehen,Konflikte verdrängen; Respekt verlieren,Kontrolle suchen; Vertrauen brechen,Grenzen respektieren; Kommunikation pflegen,D,"Gesunde Beziehungen beruhen auf Respekt, Grenzen und Kommunikation.",SBFI Rahmenlehrplan Allgemeinbildung 2025,https://www.sbfi.admin.ch/dam/de/sd-web/6J7xFxDA7Kj4/nRLP_ABU_DE-def.pdf
abu,Allgemeinbildung (ABU),abu_rlp_2025,Allgemeinbildung (ABU) – RLP 2025,8,"Identität, Gesundheit & Sozialisation",single_choice,hard,29,Welche Handlung zeigt ein gutes Verständnis von «Suchtprävention»?,Risiken erkennen; Hilfe früh suchen,Dosis erhöhen; Kontrolle überschätzen,Umfeld täuschen; Folgen ausblenden,Konsum verharmlosen; Warnzeichen meiden,A,"Suchtprävention beginnt mit Wissen, Selbstkontrolle und Unterstützung.",SBFI Rahmenlehrplan Allgemeinbildung 2025,https://www.sbfi.admin.ch/dam/de/sd-web/6J7xFxDA7Kj4/nRLP_ABU_DE-def.pdf
abu,Allgemeinbildung (ABU),abu_rlp_2025,Allgemeinbildung (ABU) – RLP 2025,8,"Identität, Gesundheit & Sozialisation",single_choice,medium,30,Welche Entscheidung ist bei «Sozialisation» sinnvoll?,"Normen blind übernehmen; Reflexion meiden, anhand klarer Kriterien, mit Blick auf die Folgen, bei Bedarf im Team, im konkreten Fall, anhand klarer Kriterien","Einflüsse erkennen; Handeln einordnen, mit Blick auf die Folgen, bei Bedarf im Team, im konkreten Fall, anhand klarer Kriterien, mit Blick auf die Folgen","Konflikte personalisieren; Gesellschaft ausblenden, bei Bedarf im Team, im konkreten Fall, anhand klarer Kriterien, mit Blick auf die Folgen, bei Bedarf im Team","Umfeld ignorieren; Rollen leugnen, im konkreten Fall, anhand klarer Kriterien, mit Blick auf die Folgen, bei Bedarf im Team, im konkreten Fall",B,"Sozialisation beschreibt, wie Menschen Werte, Rollen und Normen lernen.",SBFI Rahmenlehrplan Allgemeinbildung 2025,https://www.sbfi.admin.ch/dam/de/sd-web/6J7xFxDA7Kj4/nRLP_ABU_DE-def.pdf
abu,Allgemeinbildung (ABU),abu_rlp_2025,Allgemeinbildung (ABU) – RLP 2025,9,"Ethik, Kultur & Diversität",single_choice,easy,1,Welche Aussage passt am besten zu «Ethik»?,Werte abwägen; Entscheid begründen,Nur Nutzen zählen; Betroffene ignorieren,Vorurteil folgen; Begründung sparen,Regeln umgehen; Folgen ausblenden,A,"Ethisches Handeln prüft Werte, Folgen und Verantwortung.",SBFI Rahmenlehrplan Allgemeinbildung 2025,https://www.sbfi.admin.ch/dam/de/sd-web/6J7xFxDA7Kj4/nRLP_ABU_DE-def.pdf
abu,Allgemeinbildung (ABU),abu_rlp_2025,Allgemeinbildung (ABU) – RLP 2025,9,"Ethik, Kultur & Diversität",single_choice,medium,2,Was ist bei «Diversität» fachlich am wichtigsten?,"Klischees nutzen; Gruppen abwerten, anhand klarer Kriterien",Unterschiede respektieren; Gleichwertigkeit sichern,"Ausgrenzung dulden; Perspektiven meiden, bei Bedarf im Team","Herkunft bewerten; Rechte relativieren, im konkreten Fall",B,Diversität verlangt Respekt und gleiche Würde aller Menschen.,SBFI Rahmenlehrplan Allgemeinbildung 2025,https://www.sbfi.admin.ch/dam/de/sd-web/6J7xFxDA7Kj4/nRLP_ABU_DE-def.pdf
abu,Allgemeinbildung (ABU),abu_rlp_2025,Allgemeinbildung (ABU) – RLP 2025,9,"Ethik, Kultur & Diversität",single_choice,medium,3,Welche Vorgehensweise ist im Thema «Kultur» richtig?,"Eigenes absolut setzen; Anderes abwerten, mit Blick auf die Folgen, bei Bedarf im Team, im konkreten Fall, anhand klarer Kriterien, mit Blick auf die Folgen","Symbole missdeuten; Kontext meiden, bei Bedarf im Team, im konkreten Fall, anhand klarer Kriterien, mit Blick auf die Folgen, bei Bedarf im Team","Prägungen erkennen; Perspektiven vergleichen, im konkreten Fall, anhand klarer Kriterien, mit Blick auf die Folgen, bei Bedarf im Team, im konkreten Fall","Traditionen belächeln; Dialog vermeiden, anhand klarer Kriterien, mit Blick auf die Folgen, bei Bedarf im Team, im konkreten Fall, anhand klarer Kriterien",C,"Kultur prägt Verhalten, ist aber vielfältig und veränderbar.",SBFI Rahmenlehrplan Allgemeinbildung 2025,https://www.sbfi.admin.ch/dam/de/sd-web/6J7xFxDA7Kj4/nRLP_ABU_DE-def.pdf
abu,Allgemeinbildung (ABU),abu_rlp_2025,Allgemeinbildung (ABU) – RLP 2025,9,"Ethik, Kultur & Diversität",single_choice,hard,4,Welche Handlung zeigt ein gutes Verständnis von «Diskriminierung»?,Wegschauen üben; Betroffene beschuldigen,Sprache verharmlosen; Macht ignorieren,Ausschluss rechtfertigen; Meldung meiden,Benachteiligung erkennen; Zivilcourage zeigen,D,Diskriminierung verletzt Gleichbehandlung und braucht klare Reaktion.,SBFI Rahmenlehrplan Allgemeinbildung 2025,https://www.sbfi.admin.ch/dam/de/sd-web/6J7xFxDA7Kj4/nRLP_ABU_DE-def.pdf
abu,Allgemeinbildung (ABU),abu_rlp_2025,Allgemeinbildung (ABU) – RLP 2025,9,"Ethik, Kultur & Diversität",single_choice,medium,5,Welche Entscheidung ist bei «Konflikte» sinnvoll?,Interessen klären; Lösungen suchen,Position verhärten; Zuhören meiden,Druck erhöhen; Kompromiss blockieren,Schuld verteilen; Gespräch abbrechen,A,"Konflikte werden besser lösbar, wenn Interessen und Bedürfnisse geklärt sind.",SBFI Rahmenlehrplan Allgemeinbildung 2025,https://www.sbfi.admin.ch/dam/de/sd-web/6J7xFxDA7Kj4/nRLP_ABU_DE-def.pdf
abu,Allgemeinbildung (ABU),abu_rlp_2025,Allgemeinbildung (ABU) – RLP 2025,9,"Ethik, Kultur & Diversität",single_choice,easy,6,Welche Aussage passt am besten zu «Menschenrechte»?,"Willkür dulden; Freiheit begrenzen, anhand klarer Kriterien","Würde schützen; Rechte respektieren, mit Blick auf die Folgen","Schutz relativieren; Gleichheit schwächen, bei Bedarf im Team","Rechte beliebig machen; Gruppen ausschliessen, im konkreten Fall",B,"Menschenrechte gelten allgemein und schützen Freiheit, Würde und Gleichheit.",SBFI Rahmenlehrplan Allgemeinbildung 2025,https://www.sbfi.admin.ch/dam/de/sd-web/6J7xFxDA7Kj4/nRLP_ABU_DE-def.pdf
abu,Allgemeinbildung (ABU),abu_rlp_2025,Allgemeinbildung (ABU) – RLP 2025,9,"Ethik, Kultur & Diversität",single_choice,medium,7,Was ist bei «Ethik» fachlich am wichtigsten?,Vorurteil folgen; Begründung sparen,Regeln umgehen; Folgen ausblenden,Werte abwägen; Entscheid begründen,Nur Nutzen zählen; Betroffene ignorieren,C,"Ethisches Handeln prüft Werte, Folgen und Verantwortung.",SBFI Rahmenlehrplan Allgemeinbildung 2025,https://www.sbfi.admin.ch/dam/de/sd-web/6J7xFxDA7Kj4/nRLP_ABU_DE-def.pdf
abu,Allgemeinbildung (ABU),abu_rlp_2025,Allgemeinbildung (ABU) – RLP 2025,9,"Ethik, Kultur & Diversität",single_choice,medium,8,Welche Vorgehensweise ist im Thema «Diversität» richtig?,"Ausgrenzung dulden; Perspektiven meiden, bei Bedarf im Team","Herkunft bewerten; Rechte relativieren, im konkreten Fall","Klischees nutzen; Gruppen abwerten, anhand klarer Kriterien",Unterschiede respektieren; Gleichwertigkeit sichern,D,Diversität verlangt Respekt und gleiche Würde aller Menschen.,SBFI Rahmenlehrplan Allgemeinbildung 2025,https://www.sbfi.admin.ch/dam/de/sd-web/6J7xFxDA7Kj4/nRLP_ABU_DE-def.pdf
abu,Allgemeinbildung (ABU),abu_rlp_2025,Allgemeinbildung (ABU) – RLP 2025,9,"Ethik, Kultur & Diversität",single_choice,hard,9,Welche Handlung zeigt ein gutes Verständnis von «Kultur»?,"Prägungen erkennen; Perspektiven vergleichen, im konkreten Fall, anhand klarer Kriterien, mit Blick auf die Folgen, bei Bedarf im Team, im konkreten Fall","Traditionen belächeln; Dialog vermeiden, anhand klarer Kriterien, mit Blick auf die Folgen, bei Bedarf im Team, im konkreten Fall, anhand klarer Kriterien","Eigenes absolut setzen; Anderes abwerten, mit Blick auf die Folgen, bei Bedarf im Team, im konkreten Fall, anhand klarer Kriterien, mit Blick auf die Folgen","Symbole missdeuten; Kontext meiden, bei Bedarf im Team, im konkreten Fall, anhand klarer Kriterien, mit Blick auf die Folgen, bei Bedarf im Team",A,"Kultur prägt Verhalten, ist aber vielfältig und veränderbar.",SBFI Rahmenlehrplan Allgemeinbildung 2025,https://www.sbfi.admin.ch/dam/de/sd-web/6J7xFxDA7Kj4/nRLP_ABU_DE-def.pdf
abu,Allgemeinbildung (ABU),abu_rlp_2025,Allgemeinbildung (ABU) – RLP 2025,9,"Ethik, Kultur & Diversität",single_choice,medium,10,Welche Entscheidung ist bei «Diskriminierung» sinnvoll?,Ausschluss rechtfertigen; Meldung meiden,Benachteiligung erkennen; Zivilcourage zeigen,Wegschauen üben; Betroffene beschuldigen,Sprache verharmlosen; Macht ignorieren,B,Diskriminierung verletzt Gleichbehandlung und braucht klare Reaktion.,SBFI Rahmenlehrplan Allgemeinbildung 2025,https://www.sbfi.admin.ch/dam/de/sd-web/6J7xFxDA7Kj4/nRLP_ABU_DE-def.pdf
abu,Allgemeinbildung (ABU),abu_rlp_2025,Allgemeinbildung (ABU) – RLP 2025,9,"Ethik, Kultur & Diversität",single_choice,easy,11,Welche Aussage passt am besten zu «Konflikte»?,Druck erhöhen; Kompromiss blockieren,Schuld verteilen; Gespräch abbrechen,Interessen klären; Lösungen suchen,Position verhärten; Zuhören meiden,C,"Konflikte werden besser lösbar, wenn Interessen und Bedürfnisse geklärt sind.",SBFI Rahmenlehrplan Allgemeinbildung 2025,https://www.sbfi.admin.ch/dam/de/sd-web/6J7xFxDA7Kj4/nRLP_ABU_DE-def.pdf
abu,Allgemeinbildung (ABU),abu_rlp_2025,Allgemeinbildung (ABU) – RLP 2025,9,"Ethik, Kultur & Diversität",single_choice,medium,12,Was ist bei «Menschenrechte» fachlich am wichtigsten?,"Schutz relativieren; Gleichheit schwächen, bei Bedarf im Team","Rechte beliebig machen; Gruppen ausschliessen, im konkreten Fall","Willkür dulden; Freiheit begrenzen, anhand klarer Kriterien","Würde schützen; Rechte respektieren, mit Blick auf die Folgen",D,"Menschenrechte gelten allgemein und schützen Freiheit, Würde und Gleichheit.",SBFI Rahmenlehrplan Allgemeinbildung 2025,https://www.sbfi.admin.ch/dam/de/sd-web/6J7xFxDA7Kj4/nRLP_ABU_DE-def.pdf
abu,Allgemeinbildung (ABU),abu_rlp_2025,Allgemeinbildung (ABU) – RLP 2025,9,"Ethik, Kultur & Diversität",single_choice,medium,13,Welche Vorgehensweise ist im Thema «Ethik» richtig?,Werte abwägen; Entscheid begründen,Nur Nutzen zählen; Betroffene ignorieren,Vorurteil folgen; Begründung sparen,Regeln umgehen; Folgen ausblenden,A,"Ethisches Handeln prüft Werte, Folgen und Verantwortung.",SBFI Rahmenlehrplan Allgemeinbildung 2025,https://www.sbfi.admin.ch/dam/de/sd-web/6J7xFxDA7Kj4/nRLP_ABU_DE-def.pdf
abu,Allgemeinbildung (ABU),abu_rlp_2025,Allgemeinbildung (ABU) – RLP 2025,9,"Ethik, Kultur & Diversität",single_choice,hard,14,Welche Handlung zeigt ein gutes Verständnis von «Diversität»?,"Klischees nutzen; Gruppen abwerten, anhand klarer Kriterien",Unterschiede respektieren; Gleichwertigkeit sichern,"Ausgrenzung dulden; Perspektiven meiden, bei Bedarf im Team","Herkunft bewerten; Rechte relativieren, im konkreten Fall",B,Diversität verlangt Respekt und gleiche Würde aller Menschen.,SBFI Rahmenlehrplan Allgemeinbildung 2025,https://www.sbfi.admin.ch/dam/de/sd-web/6J7xFxDA7Kj4/nRLP_ABU_DE-def.pdf
abu,Allgemeinbildung (ABU),abu_rlp_2025,Allgemeinbildung (ABU) – RLP 2025,9,"Ethik, Kultur & Diversität",single_choice,medium,15,Welche Entscheidung ist bei «Kultur» sinnvoll?,"Eigenes absolut setzen; Anderes abwerten, mit Blick auf die Folgen, bei Bedarf im Team, im konkreten Fall, anhand klarer Kriterien, mit Blick auf die Folgen","Symbole missdeuten; Kontext meiden, bei Bedarf im Team, im konkreten Fall, anhand klarer Kriterien, mit Blick auf die Folgen, bei Bedarf im Team","Prägungen erkennen; Perspektiven vergleichen, im konkreten Fall, anhand klarer Kriterien, mit Blick auf die Folgen, bei Bedarf im Team, im konkreten Fall","Traditionen belächeln; Dialog vermeiden, anhand klarer Kriterien, mit Blick auf die Folgen, bei Bedarf im Team, im konkreten Fall, anhand klarer Kriterien",C,"Kultur prägt Verhalten, ist aber vielfältig und veränderbar.",SBFI Rahmenlehrplan Allgemeinbildung 2025,https://www.sbfi.admin.ch/dam/de/sd-web/6J7xFxDA7Kj4/nRLP_ABU_DE-def.pdf
abu,Allgemeinbildung (ABU),abu_rlp_2025,Allgemeinbildung (ABU) – RLP 2025,9,"Ethik, Kultur & Diversität",single_choice,easy,16,Welche Aussage passt am besten zu «Diskriminierung»?,Wegschauen üben; Betroffene beschuldigen,Sprache verharmlosen; Macht ignorieren,Ausschluss rechtfertigen; Meldung meiden,Benachteiligung erkennen; Zivilcourage zeigen,D,Diskriminierung verletzt Gleichbehandlung und braucht klare Reaktion.,SBFI Rahmenlehrplan Allgemeinbildung 2025,https://www.sbfi.admin.ch/dam/de/sd-web/6J7xFxDA7Kj4/nRLP_ABU_DE-def.pdf
abu,Allgemeinbildung (ABU),abu_rlp_2025,Allgemeinbildung (ABU) – RLP 2025,9,"Ethik, Kultur & Diversität",single_choice,medium,17,Was ist bei «Konflikte» fachlich am wichtigsten?,Interessen klären; Lösungen suchen,Position verhärten; Zuhören meiden,Druck erhöhen; Kompromiss blockieren,Schuld verteilen; Gespräch abbrechen,A,"Konflikte werden besser lösbar, wenn Interessen und Bedürfnisse geklärt sind.",SBFI Rahmenlehrplan Allgemeinbildung 2025,https://www.sbfi.admin.ch/dam/de/sd-web/6J7xFxDA7Kj4/nRLP_ABU_DE-def.pdf
abu,Allgemeinbildung (ABU),abu_rlp_2025,Allgemeinbildung (ABU) – RLP 2025,9,"Ethik, Kultur & Diversität",single_choice,medium,18,Welche Vorgehensweise ist im Thema «Menschenrechte» richtig?,"Willkür dulden; Freiheit begrenzen, anhand klarer Kriterien","Würde schützen; Rechte respektieren, mit Blick auf die Folgen","Schutz relativieren; Gleichheit schwächen, bei Bedarf im Team","Rechte beliebig machen; Gruppen ausschliessen, im konkreten Fall",B,"Menschenrechte gelten allgemein und schützen Freiheit, Würde und Gleichheit.",SBFI Rahmenlehrplan Allgemeinbildung 2025,https://www.sbfi.admin.ch/dam/de/sd-web/6J7xFxDA7Kj4/nRLP_ABU_DE-def.pdf
abu,Allgemeinbildung (ABU),abu_rlp_2025,Allgemeinbildung (ABU) – RLP 2025,9,"Ethik, Kultur & Diversität",single_choice,hard,19,Welche Handlung zeigt ein gutes Verständnis von «Ethik»?,Vorurteil folgen; Begründung sparen,Regeln umgehen; Folgen ausblenden,Werte abwägen; Entscheid begründen,Nur Nutzen zählen; Betroffene ignorieren,C,"Ethisches Handeln prüft Werte, Folgen und Verantwortung.",SBFI Rahmenlehrplan Allgemeinbildung 2025,https://www.sbfi.admin.ch/dam/de/sd-web/6J7xFxDA7Kj4/nRLP_ABU_DE-def.pdf
abu,Allgemeinbildung (ABU),abu_rlp_2025,Allgemeinbildung (ABU) – RLP 2025,9,"Ethik, Kultur & Diversität",single_choice,medium,20,Welche Entscheidung ist bei «Diversität» sinnvoll?,"Ausgrenzung dulden; Perspektiven meiden, bei Bedarf im Team","Herkunft bewerten; Rechte relativieren, im konkreten Fall","Klischees nutzen; Gruppen abwerten, anhand klarer Kriterien",Unterschiede respektieren; Gleichwertigkeit sichern,D,Diversität verlangt Respekt und gleiche Würde aller Menschen.,SBFI Rahmenlehrplan Allgemeinbildung 2025,https://www.sbfi.admin.ch/dam/de/sd-web/6J7xFxDA7Kj4/nRLP_ABU_DE-def.pdf
abu,Allgemeinbildung (ABU),abu_rlp_2025,Allgemeinbildung (ABU) – RLP 2025,9,"Ethik, Kultur & Diversität",single_choice,easy,21,Welche Aussage passt am besten zu «Kultur»?,"Prägungen erkennen; Perspektiven vergleichen, im konkreten Fall, anhand klarer Kriterien, mit Blick auf die Folgen, bei Bedarf im Team, im konkreten Fall","Traditionen belächeln; Dialog vermeiden, anhand klarer Kriterien, mit Blick auf die Folgen, bei Bedarf im Team, im konkreten Fall, anhand klarer Kriterien","Eigenes absolut setzen; Anderes abwerten, mit Blick auf die Folgen, bei Bedarf im Team, im konkreten Fall, anhand klarer Kriterien, mit Blick auf die Folgen","Symbole missdeuten; Kontext meiden, bei Bedarf im Team, im konkreten Fall, anhand klarer Kriterien, mit Blick auf die Folgen, bei Bedarf im Team",A,"Kultur prägt Verhalten, ist aber vielfältig und veränderbar.",SBFI Rahmenlehrplan Allgemeinbildung 2025,https://www.sbfi.admin.ch/dam/de/sd-web/6J7xFxDA7Kj4/nRLP_ABU_DE-def.pdf
abu,Allgemeinbildung (ABU),abu_rlp_2025,Allgemeinbildung (ABU) – RLP 2025,9,"Ethik, Kultur & Diversität",single_choice,medium,22,Was ist bei «Diskriminierung» fachlich am wichtigsten?,Ausschluss rechtfertigen; Meldung meiden,Benachteiligung erkennen; Zivilcourage zeigen,Wegschauen üben; Betroffene beschuldigen,Sprache verharmlosen; Macht ignorieren,B,Diskriminierung verletzt Gleichbehandlung und braucht klare Reaktion.,SBFI Rahmenlehrplan Allgemeinbildung 2025,https://www.sbfi.admin.ch/dam/de/sd-web/6J7xFxDA7Kj4/nRLP_ABU_DE-def.pdf
abu,Allgemeinbildung (ABU),abu_rlp_2025,Allgemeinbildung (ABU) – RLP 2025,9,"Ethik, Kultur & Diversität",single_choice,medium,23,Welche Vorgehensweise ist im Thema «Konflikte» richtig?,Druck erhöhen; Kompromiss blockieren,Schuld verteilen; Gespräch abbrechen,Interessen klären; Lösungen suchen,Position verhärten; Zuhören meiden,C,"Konflikte werden besser lösbar, wenn Interessen und Bedürfnisse geklärt sind.",SBFI Rahmenlehrplan Allgemeinbildung 2025,https://www.sbfi.admin.ch/dam/de/sd-web/6J7xFxDA7Kj4/nRLP_ABU_DE-def.pdf
abu,Allgemeinbildung (ABU),abu_rlp_2025,Allgemeinbildung (ABU) – RLP 2025,9,"Ethik, Kultur & Diversität",single_choice,hard,24,Welche Handlung zeigt ein gutes Verständnis von «Menschenrechte»?,"Schutz relativieren; Gleichheit schwächen, bei Bedarf im Team","Rechte beliebig machen; Gruppen ausschliessen, im konkreten Fall","Willkür dulden; Freiheit begrenzen, anhand klarer Kriterien","Würde schützen; Rechte respektieren, mit Blick auf die Folgen",D,"Menschenrechte gelten allgemein und schützen Freiheit, Würde und Gleichheit.",SBFI Rahmenlehrplan Allgemeinbildung 2025,https://www.sbfi.admin.ch/dam/de/sd-web/6J7xFxDA7Kj4/nRLP_ABU_DE-def.pdf
abu,Allgemeinbildung (ABU),abu_rlp_2025,Allgemeinbildung (ABU) – RLP 2025,9,"Ethik, Kultur & Diversität",single_choice,medium,25,Welche Entscheidung ist bei «Ethik» sinnvoll?,Werte abwägen; Entscheid begründen,Nur Nutzen zählen; Betroffene ignorieren,Vorurteil folgen; Begründung sparen,Regeln umgehen; Folgen ausblenden,A,"Ethisches Handeln prüft Werte, Folgen und Verantwortung.",SBFI Rahmenlehrplan Allgemeinbildung 2025,https://www.sbfi.admin.ch/dam/de/sd-web/6J7xFxDA7Kj4/nRLP_ABU_DE-def.pdf
abu,Allgemeinbildung (ABU),abu_rlp_2025,Allgemeinbildung (ABU) – RLP 2025,9,"Ethik, Kultur & Diversität",single_choice,easy,26,Welche Aussage passt am besten zu «Diversität»?,"Klischees nutzen; Gruppen abwerten, anhand klarer Kriterien",Unterschiede respektieren; Gleichwertigkeit sichern,"Ausgrenzung dulden; Perspektiven meiden, bei Bedarf im Team","Herkunft bewerten; Rechte relativieren, im konkreten Fall",B,Diversität verlangt Respekt und gleiche Würde aller Menschen.,SBFI Rahmenlehrplan Allgemeinbildung 2025,https://www.sbfi.admin.ch/dam/de/sd-web/6J7xFxDA7Kj4/nRLP_ABU_DE-def.pdf
abu,Allgemeinbildung (ABU),abu_rlp_2025,Allgemeinbildung (ABU) – RLP 2025,9,"Ethik, Kultur & Diversität",single_choice,medium,27,Was ist bei «Kultur» fachlich am wichtigsten?,"Eigenes absolut setzen; Anderes abwerten, mit Blick auf die Folgen, bei Bedarf im Team, im konkreten Fall, anhand klarer Kriterien, mit Blick auf die Folgen","Symbole missdeuten; Kontext meiden, bei Bedarf im Team, im konkreten Fall, anhand klarer Kriterien, mit Blick auf die Folgen, bei Bedarf im Team","Prägungen erkennen; Perspektiven vergleichen, im konkreten Fall, anhand klarer Kriterien, mit Blick auf die Folgen, bei Bedarf im Team, im konkreten Fall","Traditionen belächeln; Dialog vermeiden, anhand klarer Kriterien, mit Blick auf die Folgen, bei Bedarf im Team, im konkreten Fall, anhand klarer Kriterien",C,"Kultur prägt Verhalten, ist aber vielfältig und veränderbar.",SBFI Rahmenlehrplan Allgemeinbildung 2025,https://www.sbfi.admin.ch/dam/de/sd-web/6J7xFxDA7Kj4/nRLP_ABU_DE-def.pdf
abu,Allgemeinbildung (ABU),abu_rlp_2025,Allgemeinbildung (ABU) – RLP 2025,9,"Ethik, Kultur & Diversität",single_choice,medium,28,Welche Vorgehensweise ist im Thema «Diskriminierung» richtig?,Wegschauen üben; Betroffene beschuldigen,Sprache verharmlosen; Macht ignorieren,Ausschluss rechtfertigen; Meldung meiden,Benachteiligung erkennen; Zivilcourage zeigen,D,Diskriminierung verletzt Gleichbehandlung und braucht klare Reaktion.,SBFI Rahmenlehrplan Allgemeinbildung 2025,https://www.sbfi.admin.ch/dam/de/sd-web/6J7xFxDA7Kj4/nRLP_ABU_DE-def.pdf
abu,Allgemeinbildung (ABU),abu_rlp_2025,Allgemeinbildung (ABU) – RLP 2025,9,"Ethik, Kultur & Diversität",single_choice,hard,29,Welche Handlung zeigt ein gutes Verständnis von «Konflikte»?,Interessen klären; Lösungen suchen,Position verhärten; Zuhören meiden,Druck erhöhen; Kompromiss blockieren,Schuld verteilen; Gespräch abbrechen,A,"Konflikte werden besser lösbar, wenn Interessen und Bedürfnisse geklärt sind.",SBFI Rahmenlehrplan Allgemeinbildung 2025,https://www.sbfi.admin.ch/dam/de/sd-web/6J7xFxDA7Kj4/nRLP_ABU_DE-def.pdf
abu,Allgemeinbildung (ABU),abu_rlp_2025,Allgemeinbildung (ABU) – RLP 2025,9,"Ethik, Kultur & Diversität",single_choice,medium,30,Welche Entscheidung ist bei «Menschenrechte» sinnvoll?,"Willkür dulden; Freiheit begrenzen, anhand klarer Kriterien","Würde schützen; Rechte respektieren, mit Blick auf die Folgen","Schutz relativieren; Gleichheit schwächen, bei Bedarf im Team","Rechte beliebig machen; Gruppen ausschliessen, im konkreten Fall",B,"Menschenrechte gelten allgemein und schützen Freiheit, Würde und Gleichheit.",SBFI Rahmenlehrplan Allgemeinbildung 2025,https://www.sbfi.admin.ch/dam/de/sd-web/6J7xFxDA7Kj4/nRLP_ABU_DE-def.pdf
abu,Allgemeinbildung (ABU),abu_rlp_2025,Allgemeinbildung (ABU) – RLP 2025,10,"Beruf, Laufbahn & lebenslanges Lernen",single_choice,easy,1,Welche Aussage passt am besten zu «Laufbahnplanung»?,"Ziele formulieren; Schritte planen, im konkreten Fall, anhand klarer Kriterien","Zufall abwarten; Chancen meiden, anhand klarer Kriterien, mit Blick auf die Folgen","Stärken ignorieren; Fristen verpassen, mit Blick auf die Folgen, bei Bedarf im Team","Bewerbung verschieben; Feedback abwehren, bei Bedarf im Team, im konkreten Fall",A,"Laufbahnplanung verbindet Ziele, Fähigkeiten und konkrete nächste Schritte.",SBFI Rahmenlehrplan Allgemeinbildung 2025,https://www.sbfi.admin.ch/dam/de/sd-web/6J7xFxDA7Kj4/nRLP_ABU_DE-def.pdf
abu,Allgemeinbildung (ABU),abu_rlp_2025,Allgemeinbildung (ABU) – RLP 2025,10,"Beruf, Laufbahn & lebenslanges Lernen",single_choice,medium,2,Was ist bei «Bewerbung» fachlich am wichtigsten?,Standardtext senden; Betrieb ignorieren,Profil zeigen; Unterlagen anpassen,Fehler übersehen; Belege auslassen,Motivation verstecken; Kontakt meiden,B,Gute Bewerbungen passen zum Betrieb und zeigen Eignung.,SBFI Rahmenlehrplan Allgemeinbildung 2025,https://www.sbfi.admin.ch/dam/de/sd-web/6J7xFxDA7Kj4/nRLP_ABU_DE-def.pdf
abu,Allgemeinbildung (ABU),abu_rlp_2025,Allgemeinbildung (ABU) – RLP 2025,10,"Beruf, Laufbahn & lebenslanges Lernen",single_choice,medium,3,Welche Vorgehensweise ist im Thema «Arbeitsmarkt» richtig?,Veränderung leugnen; Weiterbildung meiden,Netzwerk ignorieren; Stellen raten,Trends beobachten; Kompetenzen entwickeln,Branche ausblenden; Anforderungen meiden,C,Der Arbeitsmarkt verändert sich und verlangt laufende Kompetenzentwicklung.,SBFI Rahmenlehrplan Allgemeinbildung 2025,https://www.sbfi.admin.ch/dam/de/sd-web/6J7xFxDA7Kj4/nRLP_ABU_DE-def.pdf
abu,Allgemeinbildung (ABU),abu_rlp_2025,Allgemeinbildung (ABU) – RLP 2025,10,"Beruf, Laufbahn & lebenslanges Lernen",single_choice,hard,4,Welche Handlung zeigt ein gutes Verständnis von «Weiterbildung»?,"Alles buchen; Ziel auslassen, bei Bedarf im Team, im konkreten Fall, anhand klarer Kriterien, mit Blick auf die Folgen, bei Bedarf im Team","Kosten ignorieren; Zeit unterschätzen, im konkreten Fall, anhand klarer Kriterien, mit Blick auf die Folgen, bei Bedarf im Team, im konkreten Fall","Abschluss raten; Transfer meiden, anhand klarer Kriterien, mit Blick auf die Folgen, bei Bedarf im Team, im konkreten Fall, anhand klarer Kriterien","Angebote prüfen; Nutzen klären, mit Blick auf die Folgen, bei Bedarf im Team, im konkreten Fall, anhand klarer Kriterien, mit Blick auf die Folgen",D,"Weiterbildung soll zu Zielen, Voraussetzungen und Ressourcen passen.",SBFI Rahmenlehrplan Allgemeinbildung 2025,https://www.sbfi.admin.ch/dam/de/sd-web/6J7xFxDA7Kj4/nRLP_ABU_DE-def.pdf
abu,Allgemeinbildung (ABU),abu_rlp_2025,Allgemeinbildung (ABU) – RLP 2025,10,"Beruf, Laufbahn & lebenslanges Lernen",single_choice,medium,5,Welche Entscheidung ist bei «Feedback» sinnvoll?,"Rückmeldung nutzen; Verbesserung ableiten, im konkreten Fall, anhand klarer Kriterien, mit Blick auf die Folgen, bei Bedarf im Team, im konkreten Fall","Nur Lob hören; Fehler verstecken, anhand klarer Kriterien, mit Blick auf die Folgen, bei Bedarf im Team, im konkreten Fall, anhand klarer Kriterien","Nachfragen sparen; Lernchance verpassen, mit Blick auf die Folgen, bei Bedarf im Team, im konkreten Fall, anhand klarer Kriterien, mit Blick auf die Folgen","Kritik abblocken; Beispiele meiden, bei Bedarf im Team, im konkreten Fall, anhand klarer Kriterien, mit Blick auf die Folgen, bei Bedarf im Team",A,"Feedback hilft, Leistungen gezielt weiterzuentwickeln.",SBFI Rahmenlehrplan Allgemeinbildung 2025,https://www.sbfi.admin.ch/dam/de/sd-web/6J7xFxDA7Kj4/nRLP_ABU_DE-def.pdf
abu,Allgemeinbildung (ABU),abu_rlp_2025,Allgemeinbildung (ABU) – RLP 2025,10,"Beruf, Laufbahn & lebenslanges Lernen",single_choice,easy,6,Welche Aussage passt am besten zu «Lebenslanges Lernen»?,"Wissen einfrieren; Fragen vermeiden, anhand klarer Kriterien, mit Blick auf die Folgen, bei Bedarf im Team","Neues aufnehmen; Praxis übertragen, mit Blick auf die Folgen, bei Bedarf im Team, im konkreten Fall","Erfahrung isolieren; Anpassung stoppen, bei Bedarf im Team, im konkreten Fall, anhand klarer Kriterien","Lernen beenden; Wandel meiden, im konkreten Fall, anhand klarer Kriterien, mit Blick auf die Folgen",B,Lebenslanges Lernen unterstützt berufliche und persönliche Entwicklung.,SBFI Rahmenlehrplan Allgemeinbildung 2025,https://www.sbfi.admin.ch/dam/de/sd-web/6J7xFxDA7Kj4/nRLP_ABU_DE-def.pdf
abu,Allgemeinbildung (ABU),abu_rlp_2025,Allgemeinbildung (ABU) – RLP 2025,10,"Beruf, Laufbahn & lebenslanges Lernen",single_choice,medium,7,Was ist bei «Laufbahnplanung» fachlich am wichtigsten?,"Stärken ignorieren; Fristen verpassen, mit Blick auf die Folgen, bei Bedarf im Team","Bewerbung verschieben; Feedback abwehren, bei Bedarf im Team, im konkreten Fall","Ziele formulieren; Schritte planen, im konkreten Fall, anhand klarer Kriterien","Zufall abwarten; Chancen meiden, anhand klarer Kriterien, mit Blick auf die Folgen",C,"Laufbahnplanung verbindet Ziele, Fähigkeiten und konkrete nächste Schritte.",SBFI Rahmenlehrplan Allgemeinbildung 2025,https://www.sbfi.admin.ch/dam/de/sd-web/6J7xFxDA7Kj4/nRLP_ABU_DE-def.pdf
abu,Allgemeinbildung (ABU),abu_rlp_2025,Allgemeinbildung (ABU) – RLP 2025,10,"Beruf, Laufbahn & lebenslanges Lernen",single_choice,medium,8,Welche Vorgehensweise ist im Thema «Bewerbung» richtig?,Fehler übersehen; Belege auslassen,Motivation verstecken; Kontakt meiden,Standardtext senden; Betrieb ignorieren,Profil zeigen; Unterlagen anpassen,D,Gute Bewerbungen passen zum Betrieb und zeigen Eignung.,SBFI Rahmenlehrplan Allgemeinbildung 2025,https://www.sbfi.admin.ch/dam/de/sd-web/6J7xFxDA7Kj4/nRLP_ABU_DE-def.pdf
abu,Allgemeinbildung (ABU),abu_rlp_2025,Allgemeinbildung (ABU) – RLP 2025,10,"Beruf, Laufbahn & lebenslanges Lernen",single_choice,hard,9,Welche Handlung zeigt ein gutes Verständnis von «Arbeitsmarkt»?,Trends beobachten; Kompetenzen entwickeln,Branche ausblenden; Anforderungen meiden,Veränderung leugnen; Weiterbildung meiden,Netzwerk ignorieren; Stellen raten,A,Der Arbeitsmarkt verändert sich und verlangt laufende Kompetenzentwicklung.,SBFI Rahmenlehrplan Allgemeinbildung 2025,https://www.sbfi.admin.ch/dam/de/sd-web/6J7xFxDA7Kj4/nRLP_ABU_DE-def.pdf
abu,Allgemeinbildung (ABU),abu_rlp_2025,Allgemeinbildung (ABU) – RLP 2025,10,"Beruf, Laufbahn & lebenslanges Lernen",single_choice,medium,10,Welche Entscheidung ist bei «Weiterbildung» sinnvoll?,"Abschluss raten; Transfer meiden, anhand klarer Kriterien, mit Blick auf die Folgen, bei Bedarf im Team, im konkreten Fall, anhand klarer Kriterien","Angebote prüfen; Nutzen klären, mit Blick auf die Folgen, bei Bedarf im Team, im konkreten Fall, anhand klarer Kriterien, mit Blick auf die Folgen","Alles buchen; Ziel auslassen, bei Bedarf im Team, im konkreten Fall, anhand klarer Kriterien, mit Blick auf die Folgen, bei Bedarf im Team","Kosten ignorieren; Zeit unterschätzen, im konkreten Fall, anhand klarer Kriterien, mit Blick auf die Folgen, bei Bedarf im Team, im konkreten Fall",B,"Weiterbildung soll zu Zielen, Voraussetzungen und Ressourcen passen.",SBFI Rahmenlehrplan Allgemeinbildung 2025,https://www.sbfi.admin.ch/dam/de/sd-web/6J7xFxDA7Kj4/nRLP_ABU_DE-def.pdf
abu,Allgemeinbildung (ABU),abu_rlp_2025,Allgemeinbildung (ABU) – RLP 2025,10,"Beruf, Laufbahn & lebenslanges Lernen",single_choice,easy,11,Welche Aussage passt am besten zu «Feedback»?,"Nachfragen sparen; Lernchance verpassen, mit Blick auf die Folgen, bei Bedarf im Team, im konkreten Fall, anhand klarer Kriterien, mit Blick auf die Folgen","Kritik abblocken; Beispiele meiden, bei Bedarf im Team, im konkreten Fall, anhand klarer Kriterien, mit Blick auf die Folgen, bei Bedarf im Team","Rückmeldung nutzen; Verbesserung ableiten, im konkreten Fall, anhand klarer Kriterien, mit Blick auf die Folgen, bei Bedarf im Team, im konkreten Fall","Nur Lob hören; Fehler verstecken, anhand klarer Kriterien, mit Blick auf die Folgen, bei Bedarf im Team, im konkreten Fall, anhand klarer Kriterien",C,"Feedback hilft, Leistungen gezielt weiterzuentwickeln.",SBFI Rahmenlehrplan Allgemeinbildung 2025,https://www.sbfi.admin.ch/dam/de/sd-web/6J7xFxDA7Kj4/nRLP_ABU_DE-def.pdf
abu,Allgemeinbildung (ABU),abu_rlp_2025,Allgemeinbildung (ABU) – RLP 2025,10,"Beruf, Laufbahn & lebenslanges Lernen",single_choice,medium,12,Was ist bei «Lebenslanges Lernen» fachlich am wichtigsten?,"Erfahrung isolieren; Anpassung stoppen, bei Bedarf im Team, im konkreten Fall, anhand klarer Kriterien","Lernen beenden; Wandel meiden, im konkreten Fall, anhand klarer Kriterien, mit Blick auf die Folgen","Wissen einfrieren; Fragen vermeiden, anhand klarer Kriterien, mit Blick auf die Folgen, bei Bedarf im Team","Neues aufnehmen; Praxis übertragen, mit Blick auf die Folgen, bei Bedarf im Team, im konkreten Fall",D,Lebenslanges Lernen unterstützt berufliche und persönliche Entwicklung.,SBFI Rahmenlehrplan Allgemeinbildung 2025,https://www.sbfi.admin.ch/dam/de/sd-web/6J7xFxDA7Kj4/nRLP_ABU_DE-def.pdf
abu,Allgemeinbildung (ABU),abu_rlp_2025,Allgemeinbildung (ABU) – RLP 2025,10,"Beruf, Laufbahn & lebenslanges Lernen",single_choice,medium,13,Welche Vorgehensweise ist im Thema «Laufbahnplanung» richtig?,"Ziele formulieren; Schritte planen, im konkreten Fall, anhand klarer Kriterien","Zufall abwarten; Chancen meiden, anhand klarer Kriterien, mit Blick auf die Folgen","Stärken ignorieren; Fristen verpassen, mit Blick auf die Folgen, bei Bedarf im Team","Bewerbung verschieben; Feedback abwehren, bei Bedarf im Team, im konkreten Fall",A,"Laufbahnplanung verbindet Ziele, Fähigkeiten und konkrete nächste Schritte.",SBFI Rahmenlehrplan Allgemeinbildung 2025,https://www.sbfi.admin.ch/dam/de/sd-web/6J7xFxDA7Kj4/nRLP_ABU_DE-def.pdf
abu,Allgemeinbildung (ABU),abu_rlp_2025,Allgemeinbildung (ABU) – RLP 2025,10,"Beruf, Laufbahn & lebenslanges Lernen",single_choice,hard,14,Welche Handlung zeigt ein gutes Verständnis von «Bewerbung»?,Standardtext senden; Betrieb ignorieren,Profil zeigen; Unterlagen anpassen,Fehler übersehen; Belege auslassen,Motivation verstecken; Kontakt meiden,B,Gute Bewerbungen passen zum Betrieb und zeigen Eignung.,SBFI Rahmenlehrplan Allgemeinbildung 2025,https://www.sbfi.admin.ch/dam/de/sd-web/6J7xFxDA7Kj4/nRLP_ABU_DE-def.pdf
abu,Allgemeinbildung (ABU),abu_rlp_2025,Allgemeinbildung (ABU) – RLP 2025,10,"Beruf, Laufbahn & lebenslanges Lernen",single_choice,medium,15,Welche Entscheidung ist bei «Arbeitsmarkt» sinnvoll?,Veränderung leugnen; Weiterbildung meiden,Netzwerk ignorieren; Stellen raten,Trends beobachten; Kompetenzen entwickeln,Branche ausblenden; Anforderungen meiden,C,Der Arbeitsmarkt verändert sich und verlangt laufende Kompetenzentwicklung.,SBFI Rahmenlehrplan Allgemeinbildung 2025,https://www.sbfi.admin.ch/dam/de/sd-web/6J7xFxDA7Kj4/nRLP_ABU_DE-def.pdf
abu,Allgemeinbildung (ABU),abu_rlp_2025,Allgemeinbildung (ABU) – RLP 2025,10,"Beruf, Laufbahn & lebenslanges Lernen",single_choice,easy,16,Welche Aussage passt am besten zu «Weiterbildung»?,"Alles buchen; Ziel auslassen, bei Bedarf im Team, im konkreten Fall, anhand klarer Kriterien, mit Blick auf die Folgen, bei Bedarf im Team","Kosten ignorieren; Zeit unterschätzen, im konkreten Fall, anhand klarer Kriterien, mit Blick auf die Folgen, bei Bedarf im Team, im konkreten Fall","Abschluss raten; Transfer meiden, anhand klarer Kriterien, mit Blick auf die Folgen, bei Bedarf im Team, im konkreten Fall, anhand klarer Kriterien","Angebote prüfen; Nutzen klären, mit Blick auf die Folgen, bei Bedarf im Team, im konkreten Fall, anhand klarer Kriterien, mit Blick auf die Folgen",D,"Weiterbildung soll zu Zielen, Voraussetzungen und Ressourcen passen.",SBFI Rahmenlehrplan Allgemeinbildung 2025,https://www.sbfi.admin.ch/dam/de/sd-web/6J7xFxDA7Kj4/nRLP_ABU_DE-def.pdf
abu,Allgemeinbildung (ABU),abu_rlp_2025,Allgemeinbildung (ABU) – RLP 2025,10,"Beruf, Laufbahn & lebenslanges Lernen",single_choice,medium,17,Was ist bei «Feedback» fachlich am wichtigsten?,"Rückmeldung nutzen; Verbesserung ableiten, im konkreten Fall, anhand klarer Kriterien, mit Blick auf die Folgen, bei Bedarf im Team, im konkreten Fall","Nur Lob hören; Fehler verstecken, anhand klarer Kriterien, mit Blick auf die Folgen, bei Bedarf im Team, im konkreten Fall, anhand klarer Kriterien","Nachfragen sparen; Lernchance verpassen, mit Blick auf die Folgen, bei Bedarf im Team, im konkreten Fall, anhand klarer Kriterien, mit Blick auf die Folgen","Kritik abblocken; Beispiele meiden, bei Bedarf im Team, im konkreten Fall, anhand klarer Kriterien, mit Blick auf die Folgen, bei Bedarf im Team",A,"Feedback hilft, Leistungen gezielt weiterzuentwickeln.",SBFI Rahmenlehrplan Allgemeinbildung 2025,https://www.sbfi.admin.ch/dam/de/sd-web/6J7xFxDA7Kj4/nRLP_ABU_DE-def.pdf
abu,Allgemeinbildung (ABU),abu_rlp_2025,Allgemeinbildung (ABU) – RLP 2025,10,"Beruf, Laufbahn & lebenslanges Lernen",single_choice,medium,18,Welche Vorgehensweise ist im Thema «Lebenslanges Lernen» richtig?,"Wissen einfrieren; Fragen vermeiden, anhand klarer Kriterien, mit Blick auf die Folgen, bei Bedarf im Team","Neues aufnehmen; Praxis übertragen, mit Blick auf die Folgen, bei Bedarf im Team, im konkreten Fall","Erfahrung isolieren; Anpassung stoppen, bei Bedarf im Team, im konkreten Fall, anhand klarer Kriterien","Lernen beenden; Wandel meiden, im konkreten Fall, anhand klarer Kriterien, mit Blick auf die Folgen",B,Lebenslanges Lernen unterstützt berufliche und persönliche Entwicklung.,SBFI Rahmenlehrplan Allgemeinbildung 2025,https://www.sbfi.admin.ch/dam/de/sd-web/6J7xFxDA7Kj4/nRLP_ABU_DE-def.pdf
abu,Allgemeinbildung (ABU),abu_rlp_2025,Allgemeinbildung (ABU) – RLP 2025,10,"Beruf, Laufbahn & lebenslanges Lernen",single_choice,hard,19,Welche Handlung zeigt ein gutes Verständnis von «Laufbahnplanung»?,"Stärken ignorieren; Fristen verpassen, mit Blick auf die Folgen, bei Bedarf im Team","Bewerbung verschieben; Feedback abwehren, bei Bedarf im Team, im konkreten Fall","Ziele formulieren; Schritte planen, im konkreten Fall, anhand klarer Kriterien","Zufall abwarten; Chancen meiden, anhand klarer Kriterien, mit Blick auf die Folgen",C,"Laufbahnplanung verbindet Ziele, Fähigkeiten und konkrete nächste Schritte.",SBFI Rahmenlehrplan Allgemeinbildung 2025,https://www.sbfi.admin.ch/dam/de/sd-web/6J7xFxDA7Kj4/nRLP_ABU_DE-def.pdf
abu,Allgemeinbildung (ABU),abu_rlp_2025,Allgemeinbildung (ABU) – RLP 2025,10,"Beruf, Laufbahn & lebenslanges Lernen",single_choice,medium,20,Welche Entscheidung ist bei «Bewerbung» sinnvoll?,Fehler übersehen; Belege auslassen,Motivation verstecken; Kontakt meiden,Standardtext senden; Betrieb ignorieren,Profil zeigen; Unterlagen anpassen,D,Gute Bewerbungen passen zum Betrieb und zeigen Eignung.,SBFI Rahmenlehrplan Allgemeinbildung 2025,https://www.sbfi.admin.ch/dam/de/sd-web/6J7xFxDA7Kj4/nRLP_ABU_DE-def.pdf
abu,Allgemeinbildung (ABU),abu_rlp_2025,Allgemeinbildung (ABU) – RLP 2025,10,"Beruf, Laufbahn & lebenslanges Lernen",single_choice,easy,21,Welche Aussage passt am besten zu «Arbeitsmarkt»?,Trends beobachten; Kompetenzen entwickeln,Branche ausblenden; Anforderungen meiden,Veränderung leugnen; Weiterbildung meiden,Netzwerk ignorieren; Stellen raten,A,Der Arbeitsmarkt verändert sich und verlangt laufende Kompetenzentwicklung.,SBFI Rahmenlehrplan Allgemeinbildung 2025,https://www.sbfi.admin.ch/dam/de/sd-web/6J7xFxDA7Kj4/nRLP_ABU_DE-def.pdf
abu,Allgemeinbildung (ABU),abu_rlp_2025,Allgemeinbildung (ABU) – RLP 2025,10,"Beruf, Laufbahn & lebenslanges Lernen",single_choice,medium,22,Was ist bei «Weiterbildung» fachlich am wichtigsten?,"Abschluss raten; Transfer meiden, anhand klarer Kriterien, mit Blick auf die Folgen, bei Bedarf im Team, im konkreten Fall, anhand klarer Kriterien","Angebote prüfen; Nutzen klären, mit Blick auf die Folgen, bei Bedarf im Team, im konkreten Fall, anhand klarer Kriterien, mit Blick auf die Folgen","Alles buchen; Ziel auslassen, bei Bedarf im Team, im konkreten Fall, anhand klarer Kriterien, mit Blick auf die Folgen, bei Bedarf im Team","Kosten ignorieren; Zeit unterschätzen, im konkreten Fall, anhand klarer Kriterien, mit Blick auf die Folgen, bei Bedarf im Team, im konkreten Fall",B,"Weiterbildung soll zu Zielen, Voraussetzungen und Ressourcen passen.",SBFI Rahmenlehrplan Allgemeinbildung 2025,https://www.sbfi.admin.ch/dam/de/sd-web/6J7xFxDA7Kj4/nRLP_ABU_DE-def.pdf
abu,Allgemeinbildung (ABU),abu_rlp_2025,Allgemeinbildung (ABU) – RLP 2025,10,"Beruf, Laufbahn & lebenslanges Lernen",single_choice,medium,23,Welche Vorgehensweise ist im Thema «Feedback» richtig?,"Nachfragen sparen; Lernchance verpassen, mit Blick auf die Folgen, bei Bedarf im Team, im konkreten Fall, anhand klarer Kriterien, mit Blick auf die Folgen","Kritik abblocken; Beispiele meiden, bei Bedarf im Team, im konkreten Fall, anhand klarer Kriterien, mit Blick auf die Folgen, bei Bedarf im Team","Rückmeldung nutzen; Verbesserung ableiten, im konkreten Fall, anhand klarer Kriterien, mit Blick auf die Folgen, bei Bedarf im Team, im konkreten Fall","Nur Lob hören; Fehler verstecken, anhand klarer Kriterien, mit Blick auf die Folgen, bei Bedarf im Team, im konkreten Fall, anhand klarer Kriterien",C,"Feedback hilft, Leistungen gezielt weiterzuentwickeln.",SBFI Rahmenlehrplan Allgemeinbildung 2025,https://www.sbfi.admin.ch/dam/de/sd-web/6J7xFxDA7Kj4/nRLP_ABU_DE-def.pdf
abu,Allgemeinbildung (ABU),abu_rlp_2025,Allgemeinbildung (ABU) – RLP 2025,10,"Beruf, Laufbahn & lebenslanges Lernen",single_choice,hard,24,Welche Handlung zeigt ein gutes Verständnis von «Lebenslanges Lernen»?,"Erfahrung isolieren; Anpassung stoppen, bei Bedarf im Team, im konkreten Fall, anhand klarer Kriterien","Lernen beenden; Wandel meiden, im konkreten Fall, anhand klarer Kriterien, mit Blick auf die Folgen","Wissen einfrieren; Fragen vermeiden, anhand klarer Kriterien, mit Blick auf die Folgen, bei Bedarf im Team","Neues aufnehmen; Praxis übertragen, mit Blick auf die Folgen, bei Bedarf im Team, im konkreten Fall",D,Lebenslanges Lernen unterstützt berufliche und persönliche Entwicklung.,SBFI Rahmenlehrplan Allgemeinbildung 2025,https://www.sbfi.admin.ch/dam/de/sd-web/6J7xFxDA7Kj4/nRLP_ABU_DE-def.pdf
abu,Allgemeinbildung (ABU),abu_rlp_2025,Allgemeinbildung (ABU) – RLP 2025,10,"Beruf, Laufbahn & lebenslanges Lernen",single_choice,medium,25,Welche Entscheidung ist bei «Laufbahnplanung» sinnvoll?,"Ziele formulieren; Schritte planen, im konkreten Fall, anhand klarer Kriterien","Zufall abwarten; Chancen meiden, anhand klarer Kriterien, mit Blick auf die Folgen","Stärken ignorieren; Fristen verpassen, mit Blick auf die Folgen, bei Bedarf im Team","Bewerbung verschieben; Feedback abwehren, bei Bedarf im Team, im konkreten Fall",A,"Laufbahnplanung verbindet Ziele, Fähigkeiten und konkrete nächste Schritte.",SBFI Rahmenlehrplan Allgemeinbildung 2025,https://www.sbfi.admin.ch/dam/de/sd-web/6J7xFxDA7Kj4/nRLP_ABU_DE-def.pdf
abu,Allgemeinbildung (ABU),abu_rlp_2025,Allgemeinbildung (ABU) – RLP 2025,10,"Beruf, Laufbahn & lebenslanges Lernen",single_choice,easy,26,Welche Aussage passt am besten zu «Bewerbung»?,Standardtext senden; Betrieb ignorieren,Profil zeigen; Unterlagen anpassen,Fehler übersehen; Belege auslassen,Motivation verstecken; Kontakt meiden,B,Gute Bewerbungen passen zum Betrieb und zeigen Eignung.,SBFI Rahmenlehrplan Allgemeinbildung 2025,https://www.sbfi.admin.ch/dam/de/sd-web/6J7xFxDA7Kj4/nRLP_ABU_DE-def.pdf
abu,Allgemeinbildung (ABU),abu_rlp_2025,Allgemeinbildung (ABU) – RLP 2025,10,"Beruf, Laufbahn & lebenslanges Lernen",single_choice,medium,27,Was ist bei «Arbeitsmarkt» fachlich am wichtigsten?,Veränderung leugnen; Weiterbildung meiden,Netzwerk ignorieren; Stellen raten,Trends beobachten; Kompetenzen entwickeln,Branche ausblenden; Anforderungen meiden,C,Der Arbeitsmarkt verändert sich und verlangt laufende Kompetenzentwicklung.,SBFI Rahmenlehrplan Allgemeinbildung 2025,https://www.sbfi.admin.ch/dam/de/sd-web/6J7xFxDA7Kj4/nRLP_ABU_DE-def.pdf
abu,Allgemeinbildung (ABU),abu_rlp_2025,Allgemeinbildung (ABU) – RLP 2025,10,"Beruf, Laufbahn & lebenslanges Lernen",single_choice,medium,28,Welche Vorgehensweise ist im Thema «Weiterbildung» richtig?,"Alles buchen; Ziel auslassen, bei Bedarf im Team, im konkreten Fall, anhand klarer Kriterien, mit Blick auf die Folgen, bei Bedarf im Team","Kosten ignorieren; Zeit unterschätzen, im konkreten Fall, anhand klarer Kriterien, mit Blick auf die Folgen, bei Bedarf im Team, im konkreten Fall","Abschluss raten; Transfer meiden, anhand klarer Kriterien, mit Blick auf die Folgen, bei Bedarf im Team, im konkreten Fall, anhand klarer Kriterien","Angebote prüfen; Nutzen klären, mit Blick auf die Folgen, bei Bedarf im Team, im konkreten Fall, anhand klarer Kriterien, mit Blick auf die Folgen",D,"Weiterbildung soll zu Zielen, Voraussetzungen und Ressourcen passen.",SBFI Rahmenlehrplan Allgemeinbildung 2025,https://www.sbfi.admin.ch/dam/de/sd-web/6J7xFxDA7Kj4/nRLP_ABU_DE-def.pdf
abu,Allgemeinbildung (ABU),abu_rlp_2025,Allgemeinbildung (ABU) – RLP 2025,10,"Beruf, Laufbahn & lebenslanges Lernen",single_choice,hard,29,Welche Handlung zeigt ein gutes Verständnis von «Feedback»?,"Rückmeldung nutzen; Verbesserung ableiten, im konkreten Fall, anhand klarer Kriterien, mit Blick auf die Folgen, bei Bedarf im Team, im konkreten Fall","Nur Lob hören; Fehler verstecken, anhand klarer Kriterien, mit Blick auf die Folgen, bei Bedarf im Team, im konkreten Fall, anhand klarer Kriterien","Nachfragen sparen; Lernchance verpassen, mit Blick auf die Folgen, bei Bedarf im Team, im konkreten Fall, anhand klarer Kriterien, mit Blick auf die Folgen","Kritik abblocken; Beispiele meiden, bei Bedarf im Team, im konkreten Fall, anhand klarer Kriterien, mit Blick auf die Folgen, bei Bedarf im Team",A,"Feedback hilft, Leistungen gezielt weiterzuentwickeln.",SBFI Rahmenlehrplan Allgemeinbildung 2025,https://www.sbfi.admin.ch/dam/de/sd-web/6J7xFxDA7Kj4/nRLP_ABU_DE-def.pdf
abu,Allgemeinbildung (ABU),abu_rlp_2025,Allgemeinbildung (ABU) – RLP 2025,10,"Beruf, Laufbahn & lebenslanges Lernen",single_choice,medium,30,Welche Entscheidung ist bei «Lebenslanges Lernen» sinnvoll?,"Wissen einfrieren; Fragen vermeiden, anhand klarer Kriterien, mit Blick auf die Folgen, bei Bedarf im Team","Neues aufnehmen; Praxis übertragen, mit Blick auf die Folgen, bei Bedarf im Team, im konkreten Fall","Erfahrung isolieren; Anpassung stoppen, bei Bedarf im Team, im konkreten Fall, anhand klarer Kriterien","Lernen beenden; Wandel meiden, im konkreten Fall, anhand klarer Kriterien, mit Blick auf die Folgen",B,Lebenslanges Lernen unterstützt berufliche und persönliche Entwicklung.,SBFI Rahmenlehrplan Allgemeinbildung 2025,https://www.sbfi.admin.ch/dam/de/sd-web/6J7xFxDA7Kj4/nRLP_ABU_DE-def.pdf
abu,Allgemeinbildung (ABU),abu_rlp_2025,Allgemeinbildung (ABU) – RLP 2025,11,Vorbereitung auf das QV,single_choice,easy,1,Welche Aussage passt am besten zu «Prüfungsplanung»?,Termine planen; Stoff portionieren,Alles aufschieben; Pausen streichen,Ziele offenlassen; Unterlagen verlieren,Zufällig lernen; Kontrolle meiden,A,"Gute Prüfungsvorbereitung braucht Zeitplan, Prioritäten und Wiederholung.",SBFI Rahmenlehrplan Allgemeinbildung 2025,https://www.sbfi.admin.ch/dam/de/sd-web/6J7xFxDA7Kj4/nRLP_ABU_DE-def.pdf
abu,Allgemeinbildung (ABU),abu_rlp_2025,Allgemeinbildung (ABU) – RLP 2025,11,Vorbereitung auf das QV,single_choice,medium,2,Was ist bei «Aufgabenverständnis» fachlich am wichtigsten?,"Sofort schreiben; Frage übergehen, anhand klarer Kriterien, mit Blick auf die Folgen, bei Bedarf im Team, im konkreten Fall, anhand klarer Kriterien","Operatoren beachten; Auftrag klären, mit Blick auf die Folgen, bei Bedarf im Team, im konkreten Fall, anhand klarer Kriterien, mit Blick auf die Folgen","Thema wechseln; Begriffe raten, bei Bedarf im Team, im konkreten Fall, anhand klarer Kriterien, mit Blick auf die Folgen, bei Bedarf im Team","Kriterien ignorieren; Antwort verkürzen, im konkreten Fall, anhand klarer Kriterien, mit Blick auf die Folgen, bei Bedarf im Team, im konkreten Fall",B,Prüfungsaufgaben müssen genau gelesen und nach Auftrag bearbeitet werden.,SBFI Rahmenlehrplan Allgemeinbildung 2025,https://www.sbfi.admin.ch/dam/de/sd-web/6J7xFxDA7Kj4/nRLP_ABU_DE-def.pdf
abu,Allgemeinbildung (ABU),abu_rlp_2025,Allgemeinbildung (ABU) – RLP 2025,11,Vorbereitung auf das QV,single_choice,medium,3,Welche Vorgehensweise ist im Thema «Zeitmanagement» richtig?,Zu lange verweilen; Kontrolle streichen,Reihenfolge raten; Panik folgen,Zeit einteilen; Reserve behalten,Plan vergessen; Abgabe riskieren,C,"Zeitmanagement hilft, alle Aufgaben vollständig zu bearbeiten.",SBFI Rahmenlehrplan Allgemeinbildung 2025,https://www.sbfi.admin.ch/dam/de/sd-web/6J7xFxDA7Kj4/nRLP_ABU_DE-def.pdf
abu,Allgemeinbildung (ABU),abu_rlp_2025,Allgemeinbildung (ABU) – RLP 2025,11,Vorbereitung auf das QV,single_choice,hard,4,Welche Handlung zeigt ein gutes Verständnis von «Überarbeiten»?,Sofort abgeben; Lesbarkeit ignorieren,Belege vergessen; Struktur lassen,Lücken übersehen; Korrektur meiden,Antworten prüfen; Fehler korrigieren,D,"Überarbeiten verbessert Verständlichkeit, Vollständigkeit und formale Qualität.",SBFI Rahmenlehrplan Allgemeinbildung 2025,https://www.sbfi.admin.ch/dam/de/sd-web/6J7xFxDA7Kj4/nRLP_ABU_DE-def.pdf
abu,Allgemeinbildung (ABU),abu_rlp_2025,Allgemeinbildung (ABU) – RLP 2025,11,Vorbereitung auf das QV,single_choice,medium,5,Welche Entscheidung ist bei «Begründungen» sinnvoll?,Aussagen belegen; Schlussfolgerung erklären,Meinung behaupten; Zusammenhang meiden,Antwort raten; Kriterium ignorieren,Nur Stichworte setzen; Beispiel auslassen,A,"Begründete Antworten zeigen, weshalb eine Aussage richtig ist.",SBFI Rahmenlehrplan Allgemeinbildung 2025,https://www.sbfi.admin.ch/dam/de/sd-web/6J7xFxDA7Kj4/nRLP_ABU_DE-def.pdf
abu,Allgemeinbildung (ABU),abu_rlp_2025,Allgemeinbildung (ABU) – RLP 2025,11,Vorbereitung auf das QV,single_choice,easy,6,Welche Aussage passt am besten zu «Prüfungsruhe»?,Vorbereitung meiden; Schlaf kürzen,Strategien nutzen; Atempausen einplanen,Alles wiederholen; Erholung streichen,Stress verstärken; Blackout fürchten,B,"Prüfungsruhe entsteht durch Vorbereitung, Struktur und passende Stressstrategien.",SBFI Rahmenlehrplan Allgemeinbildung 2025,https://www.sbfi.admin.ch/dam/de/sd-web/6J7xFxDA7Kj4/nRLP_ABU_DE-def.pdf
abu,Allgemeinbildung (ABU),abu_rlp_2025,Allgemeinbildung (ABU) – RLP 2025,11,Vorbereitung auf das QV,single_choice,medium,7,Was ist bei «Prüfungsplanung» fachlich am wichtigsten?,Ziele offenlassen; Unterlagen verlieren,Zufällig lernen; Kontrolle meiden,Termine planen; Stoff portionieren,Alles aufschieben; Pausen streichen,C,"Gute Prüfungsvorbereitung braucht Zeitplan, Prioritäten und Wiederholung.",SBFI Rahmenlehrplan Allgemeinbildung 2025,https://www.sbfi.admin.ch/dam/de/sd-web/6J7xFxDA7Kj4/nRLP_ABU_DE-def.pdf
abu,Allgemeinbildung (ABU),abu_rlp_2025,Allgemeinbildung (ABU) – RLP 2025,11,Vorbereitung auf das QV,single_choice,medium,8,Welche Vorgehensweise ist im Thema «Aufgabenverständnis» richtig?,"Thema wechseln; Begriffe raten, bei Bedarf im Team, im konkreten Fall, anhand klarer Kriterien, mit Blick auf die Folgen, bei Bedarf im Team","Kriterien ignorieren; Antwort verkürzen, im konkreten Fall, anhand klarer Kriterien, mit Blick auf die Folgen, bei Bedarf im Team, im konkreten Fall","Sofort schreiben; Frage übergehen, anhand klarer Kriterien, mit Blick auf die Folgen, bei Bedarf im Team, im konkreten Fall, anhand klarer Kriterien","Operatoren beachten; Auftrag klären, mit Blick auf die Folgen, bei Bedarf im Team, im konkreten Fall, anhand klarer Kriterien, mit Blick auf die Folgen",D,Prüfungsaufgaben müssen genau gelesen und nach Auftrag bearbeitet werden.,SBFI Rahmenlehrplan Allgemeinbildung 2025,https://www.sbfi.admin.ch/dam/de/sd-web/6J7xFxDA7Kj4/nRLP_ABU_DE-def.pdf
abu,Allgemeinbildung (ABU),abu_rlp_2025,Allgemeinbildung (ABU) – RLP 2025,11,Vorbereitung auf das QV,single_choice,hard,9,Welche Handlung zeigt ein gutes Verständnis von «Zeitmanagement»?,Zeit einteilen; Reserve behalten,Plan vergessen; Abgabe riskieren,Zu lange verweilen; Kontrolle streichen,Reihenfolge raten; Panik folgen,A,"Zeitmanagement hilft, alle Aufgaben vollständig zu bearbeiten.",SBFI Rahmenlehrplan Allgemeinbildung 2025,https://www.sbfi.admin.ch/dam/de/sd-web/6J7xFxDA7Kj4/nRLP_ABU_DE-def.pdf
abu,Allgemeinbildung (ABU),abu_rlp_2025,Allgemeinbildung (ABU) – RLP 2025,11,Vorbereitung auf das QV,single_choice,medium,10,Welche Entscheidung ist bei «Überarbeiten» sinnvoll?,Lücken übersehen; Korrektur meiden,Antworten prüfen; Fehler korrigieren,Sofort abgeben; Lesbarkeit ignorieren,Belege vergessen; Struktur lassen,B,"Überarbeiten verbessert Verständlichkeit, Vollständigkeit und formale Qualität.",SBFI Rahmenlehrplan Allgemeinbildung 2025,https://www.sbfi.admin.ch/dam/de/sd-web/6J7xFxDA7Kj4/nRLP_ABU_DE-def.pdf
abu,Allgemeinbildung (ABU),abu_rlp_2025,Allgemeinbildung (ABU) – RLP 2025,11,Vorbereitung auf das QV,single_choice,easy,11,Welche Aussage passt am besten zu «Begründungen»?,Antwort raten; Kriterium ignorieren,Nur Stichworte setzen; Beispiel auslassen,Aussagen belegen; Schlussfolgerung erklären,Meinung behaupten; Zusammenhang meiden,C,"Begründete Antworten zeigen, weshalb eine Aussage richtig ist.",SBFI Rahmenlehrplan Allgemeinbildung 2025,https://www.sbfi.admin.ch/dam/de/sd-web/6J7xFxDA7Kj4/nRLP_ABU_DE-def.pdf
abu,Allgemeinbildung (ABU),abu_rlp_2025,Allgemeinbildung (ABU) – RLP 2025,11,Vorbereitung auf das QV,single_choice,medium,12,Was ist bei «Prüfungsruhe» fachlich am wichtigsten?,Alles wiederholen; Erholung streichen,Stress verstärken; Blackout fürchten,Vorbereitung meiden; Schlaf kürzen,Strategien nutzen; Atempausen einplanen,D,"Prüfungsruhe entsteht durch Vorbereitung, Struktur und passende Stressstrategien.",SBFI Rahmenlehrplan Allgemeinbildung 2025,https://www.sbfi.admin.ch/dam/de/sd-web/6J7xFxDA7Kj4/nRLP_ABU_DE-def.pdf
abu,Allgemeinbildung (ABU),abu_rlp_2025,Allgemeinbildung (ABU) – RLP 2025,11,Vorbereitung auf das QV,single_choice,medium,13,Welche Vorgehensweise ist im Thema «Prüfungsplanung» richtig?,Termine planen; Stoff portionieren,Alles aufschieben; Pausen streichen,Ziele offenlassen; Unterlagen verlieren,Zufällig lernen; Kontrolle meiden,A,"Gute Prüfungsvorbereitung braucht Zeitplan, Prioritäten und Wiederholung.",SBFI Rahmenlehrplan Allgemeinbildung 2025,https://www.sbfi.admin.ch/dam/de/sd-web/6J7xFxDA7Kj4/nRLP_ABU_DE-def.pdf
abu,Allgemeinbildung (ABU),abu_rlp_2025,Allgemeinbildung (ABU) – RLP 2025,11,Vorbereitung auf das QV,single_choice,hard,14,Welche Handlung zeigt ein gutes Verständnis von «Aufgabenverständnis»?,"Sofort schreiben; Frage übergehen, anhand klarer Kriterien, mit Blick auf die Folgen, bei Bedarf im Team, im konkreten Fall, anhand klarer Kriterien","Operatoren beachten; Auftrag klären, mit Blick auf die Folgen, bei Bedarf im Team, im konkreten Fall, anhand klarer Kriterien, mit Blick auf die Folgen","Thema wechseln; Begriffe raten, bei Bedarf im Team, im konkreten Fall, anhand klarer Kriterien, mit Blick auf die Folgen, bei Bedarf im Team","Kriterien ignorieren; Antwort verkürzen, im konkreten Fall, anhand klarer Kriterien, mit Blick auf die Folgen, bei Bedarf im Team, im konkreten Fall",B,Prüfungsaufgaben müssen genau gelesen und nach Auftrag bearbeitet werden.,SBFI Rahmenlehrplan Allgemeinbildung 2025,https://www.sbfi.admin.ch/dam/de/sd-web/6J7xFxDA7Kj4/nRLP_ABU_DE-def.pdf
abu,Allgemeinbildung (ABU),abu_rlp_2025,Allgemeinbildung (ABU) – RLP 2025,11,Vorbereitung auf das QV,single_choice,medium,15,Welche Entscheidung ist bei «Zeitmanagement» sinnvoll?,Zu lange verweilen; Kontrolle streichen,Reihenfolge raten; Panik folgen,Zeit einteilen; Reserve behalten,Plan vergessen; Abgabe riskieren,C,"Zeitmanagement hilft, alle Aufgaben vollständig zu bearbeiten.",SBFI Rahmenlehrplan Allgemeinbildung 2025,https://www.sbfi.admin.ch/dam/de/sd-web/6J7xFxDA7Kj4/nRLP_ABU_DE-def.pdf
abu,Allgemeinbildung (ABU),abu_rlp_2025,Allgemeinbildung (ABU) – RLP 2025,11,Vorbereitung auf das QV,single_choice,easy,16,Welche Aussage passt am besten zu «Überarbeiten»?,Sofort abgeben; Lesbarkeit ignorieren,Belege vergessen; Struktur lassen,Lücken übersehen; Korrektur meiden,Antworten prüfen; Fehler korrigieren,D,"Überarbeiten verbessert Verständlichkeit, Vollständigkeit und formale Qualität.",SBFI Rahmenlehrplan Allgemeinbildung 2025,https://www.sbfi.admin.ch/dam/de/sd-web/6J7xFxDA7Kj4/nRLP_ABU_DE-def.pdf
abu,Allgemeinbildung (ABU),abu_rlp_2025,Allgemeinbildung (ABU) – RLP 2025,11,Vorbereitung auf das QV,single_choice,medium,17,Was ist bei «Begründungen» fachlich am wichtigsten?,Aussagen belegen; Schlussfolgerung erklären,Meinung behaupten; Zusammenhang meiden,Antwort raten; Kriterium ignorieren,Nur Stichworte setzen; Beispiel auslassen,A,"Begründete Antworten zeigen, weshalb eine Aussage richtig ist.",SBFI Rahmenlehrplan Allgemeinbildung 2025,https://www.sbfi.admin.ch/dam/de/sd-web/6J7xFxDA7Kj4/nRLP_ABU_DE-def.pdf
abu,Allgemeinbildung (ABU),abu_rlp_2025,Allgemeinbildung (ABU) – RLP 2025,11,Vorbereitung auf das QV,single_choice,medium,18,Welche Vorgehensweise ist im Thema «Prüfungsruhe» richtig?,Vorbereitung meiden; Schlaf kürzen,Strategien nutzen; Atempausen einplanen,Alles wiederholen; Erholung streichen,Stress verstärken; Blackout fürchten,B,"Prüfungsruhe entsteht durch Vorbereitung, Struktur und passende Stressstrategien.",SBFI Rahmenlehrplan Allgemeinbildung 2025,https://www.sbfi.admin.ch/dam/de/sd-web/6J7xFxDA7Kj4/nRLP_ABU_DE-def.pdf
abu,Allgemeinbildung (ABU),abu_rlp_2025,Allgemeinbildung (ABU) – RLP 2025,11,Vorbereitung auf das QV,single_choice,hard,19,Welche Handlung zeigt ein gutes Verständnis von «Prüfungsplanung»?,Ziele offenlassen; Unterlagen verlieren,Zufällig lernen; Kontrolle meiden,Termine planen; Stoff portionieren,Alles aufschieben; Pausen streichen,C,"Gute Prüfungsvorbereitung braucht Zeitplan, Prioritäten und Wiederholung.",SBFI Rahmenlehrplan Allgemeinbildung 2025,https://www.sbfi.admin.ch/dam/de/sd-web/6J7xFxDA7Kj4/nRLP_ABU_DE-def.pdf
abu,Allgemeinbildung (ABU),abu_rlp_2025,Allgemeinbildung (ABU) – RLP 2025,11,Vorbereitung auf das QV,single_choice,medium,20,Welche Entscheidung ist bei «Aufgabenverständnis» sinnvoll?,"Thema wechseln; Begriffe raten, bei Bedarf im Team, im konkreten Fall, anhand klarer Kriterien, mit Blick auf die Folgen, bei Bedarf im Team","Kriterien ignorieren; Antwort verkürzen, im konkreten Fall, anhand klarer Kriterien, mit Blick auf die Folgen, bei Bedarf im Team, im konkreten Fall","Sofort schreiben; Frage übergehen, anhand klarer Kriterien, mit Blick auf die Folgen, bei Bedarf im Team, im konkreten Fall, anhand klarer Kriterien","Operatoren beachten; Auftrag klären, mit Blick auf die Folgen, bei Bedarf im Team, im konkreten Fall, anhand klarer Kriterien, mit Blick auf die Folgen",D,Prüfungsaufgaben müssen genau gelesen und nach Auftrag bearbeitet werden.,SBFI Rahmenlehrplan Allgemeinbildung 2025,https://www.sbfi.admin.ch/dam/de/sd-web/6J7xFxDA7Kj4/nRLP_ABU_DE-def.pdf
abu,Allgemeinbildung (ABU),abu_rlp_2025,Allgemeinbildung (ABU) – RLP 2025,11,Vorbereitung auf das QV,single_choice,easy,21,Welche Aussage passt am besten zu «Zeitmanagement»?,Zeit einteilen; Reserve behalten,Plan vergessen; Abgabe riskieren,Zu lange verweilen; Kontrolle streichen,Reihenfolge raten; Panik folgen,A,"Zeitmanagement hilft, alle Aufgaben vollständig zu bearbeiten.",SBFI Rahmenlehrplan Allgemeinbildung 2025,https://www.sbfi.admin.ch/dam/de/sd-web/6J7xFxDA7Kj4/nRLP_ABU_DE-def.pdf
abu,Allgemeinbildung (ABU),abu_rlp_2025,Allgemeinbildung (ABU) – RLP 2025,11,Vorbereitung auf das QV,single_choice,medium,22,Was ist bei «Überarbeiten» fachlich am wichtigsten?,Lücken übersehen; Korrektur meiden,Antworten prüfen; Fehler korrigieren,Sofort abgeben; Lesbarkeit ignorieren,Belege vergessen; Struktur lassen,B,"Überarbeiten verbessert Verständlichkeit, Vollständigkeit und formale Qualität.",SBFI Rahmenlehrplan Allgemeinbildung 2025,https://www.sbfi.admin.ch/dam/de/sd-web/6J7xFxDA7Kj4/nRLP_ABU_DE-def.pdf
abu,Allgemeinbildung (ABU),abu_rlp_2025,Allgemeinbildung (ABU) – RLP 2025,11,Vorbereitung auf das QV,single_choice,medium,23,Welche Vorgehensweise ist im Thema «Begründungen» richtig?,Antwort raten; Kriterium ignorieren,Nur Stichworte setzen; Beispiel auslassen,Aussagen belegen; Schlussfolgerung erklären,Meinung behaupten; Zusammenhang meiden,C,"Begründete Antworten zeigen, weshalb eine Aussage richtig ist.",SBFI Rahmenlehrplan Allgemeinbildung 2025,https://www.sbfi.admin.ch/dam/de/sd-web/6J7xFxDA7Kj4/nRLP_ABU_DE-def.pdf
abu,Allgemeinbildung (ABU),abu_rlp_2025,Allgemeinbildung (ABU) – RLP 2025,11,Vorbereitung auf das QV,single_choice,hard,24,Welche Handlung zeigt ein gutes Verständnis von «Prüfungsruhe»?,Alles wiederholen; Erholung streichen,Stress verstärken; Blackout fürchten,Vorbereitung meiden; Schlaf kürzen,Strategien nutzen; Atempausen einplanen,D,"Prüfungsruhe entsteht durch Vorbereitung, Struktur und passende Stressstrategien.",SBFI Rahmenlehrplan Allgemeinbildung 2025,https://www.sbfi.admin.ch/dam/de/sd-web/6J7xFxDA7Kj4/nRLP_ABU_DE-def.pdf
abu,Allgemeinbildung (ABU),abu_rlp_2025,Allgemeinbildung (ABU) – RLP 2025,11,Vorbereitung auf das QV,single_choice,medium,25,Welche Entscheidung ist bei «Prüfungsplanung» sinnvoll?,Termine planen; Stoff portionieren,Alles aufschieben; Pausen streichen,Ziele offenlassen; Unterlagen verlieren,Zufällig lernen; Kontrolle meiden,A,"Gute Prüfungsvorbereitung braucht Zeitplan, Prioritäten und Wiederholung.",SBFI Rahmenlehrplan Allgemeinbildung 2025,https://www.sbfi.admin.ch/dam/de/sd-web/6J7xFxDA7Kj4/nRLP_ABU_DE-def.pdf
abu,Allgemeinbildung (ABU),abu_rlp_2025,Allgemeinbildung (ABU) – RLP 2025,11,Vorbereitung auf das QV,single_choice,easy,26,Welche Aussage passt am besten zu «Aufgabenverständnis»?,"Sofort schreiben; Frage übergehen, anhand klarer Kriterien, mit Blick auf die Folgen, bei Bedarf im Team, im konkreten Fall, anhand klarer Kriterien","Operatoren beachten; Auftrag klären, mit Blick auf die Folgen, bei Bedarf im Team, im konkreten Fall, anhand klarer Kriterien, mit Blick auf die Folgen","Thema wechseln; Begriffe raten, bei Bedarf im Team, im konkreten Fall, anhand klarer Kriterien, mit Blick auf die Folgen, bei Bedarf im Team","Kriterien ignorieren; Antwort verkürzen, im konkreten Fall, anhand klarer Kriterien, mit Blick auf die Folgen, bei Bedarf im Team, im konkreten Fall",B,Prüfungsaufgaben müssen genau gelesen und nach Auftrag bearbeitet werden.,SBFI Rahmenlehrplan Allgemeinbildung 2025,https://www.sbfi.admin.ch/dam/de/sd-web/6J7xFxDA7Kj4/nRLP_ABU_DE-def.pdf
abu,Allgemeinbildung (ABU),abu_rlp_2025,Allgemeinbildung (ABU) – RLP 2025,11,Vorbereitung auf das QV,single_choice,medium,27,Was ist bei «Zeitmanagement» fachlich am wichtigsten?,Zu lange verweilen; Kontrolle streichen,Reihenfolge raten; Panik folgen,Zeit einteilen; Reserve behalten,Plan vergessen; Abgabe riskieren,C,"Zeitmanagement hilft, alle Aufgaben vollständig zu bearbeiten.",SBFI Rahmenlehrplan Allgemeinbildung 2025,https://www.sbfi.admin.ch/dam/de/sd-web/6J7xFxDA7Kj4/nRLP_ABU_DE-def.pdf
abu,Allgemeinbildung (ABU),abu_rlp_2025,Allgemeinbildung (ABU) – RLP 2025,11,Vorbereitung auf das QV,single_choice,medium,28,Welche Vorgehensweise ist im Thema «Überarbeiten» richtig?,Sofort abgeben; Lesbarkeit ignorieren,Belege vergessen; Struktur lassen,Lücken übersehen; Korrektur meiden,Antworten prüfen; Fehler korrigieren,D,"Überarbeiten verbessert Verständlichkeit, Vollständigkeit und formale Qualität.",SBFI Rahmenlehrplan Allgemeinbildung 2025,https://www.sbfi.admin.ch/dam/de/sd-web/6J7xFxDA7Kj4/nRLP_ABU_DE-def.pdf
abu,Allgemeinbildung (ABU),abu_rlp_2025,Allgemeinbildung (ABU) – RLP 2025,11,Vorbereitung auf das QV,single_choice,hard,29,Welche Handlung zeigt ein gutes Verständnis von «Begründungen»?,Aussagen belegen; Schlussfolgerung erklären,Meinung behaupten; Zusammenhang meiden,Antwort raten; Kriterium ignorieren,Nur Stichworte setzen; Beispiel auslassen,A,"Begründete Antworten zeigen, weshalb eine Aussage richtig ist.",SBFI Rahmenlehrplan Allgemeinbildung 2025,https://www.sbfi.admin.ch/dam/de/sd-web/6J7xFxDA7Kj4/nRLP_ABU_DE-def.pdf
abu,Allgemeinbildung (ABU),abu_rlp_2025,Allgemeinbildung (ABU) – RLP 2025,11,Vorbereitung auf das QV,single_choice,medium,30,Welche Entscheidung ist bei «Prüfungsruhe» sinnvoll?,Vorbereitung meiden; Schlaf kürzen,Strategien nutzen; Atempausen einplanen,Alles wiederholen; Erholung streichen,Stress verstärken; Blackout fürchten,B,"Prüfungsruhe entsteht durch Vorbereitung, Struktur und passende Stressstrategien.",SBFI Rahmenlehrplan Allgemeinbildung 2025,https://www.sbfi.admin.ch/dam/de/sd-web/6J7xFxDA7Kj4/nRLP_ABU_DE-def.pdf
