course_key,course_name,module_key,hk,sub_hk,topic,difficulty,question_type,question,option_a,option_b,option_c,option_d,correct_option,explanation,source,source_url
abu,Allgemeinbildender Unterricht ABU,abu_l01,ABU,L01,"Kauf und Konsum: Budget, Kaufvertrag und Gewährleistung",easy,single_choice,Welche Aussage beschreibt Budget im ABU am besten?,Einnahmen und Ausgaben werden geplant und gegenübergestellt,nur Schulden werden aufgelistet,nur fixe Ausgaben zählen,Kaufwünsche ersetzen Einnahmen,A,"Ein Budget zeigt, ob das Geld für Ausgaben und Sparziele reicht.","ABU Smartlearn Quiz 1. Teil, Moodle-XHTML-Export, hochgeladene Referenzdatei",user_upload:quiz-ABU_Smartlearn_1.Teil-top-20260519-0952.html
abu,Allgemeinbildender Unterricht ABU,abu_l01,ABU,L01,"Kauf und Konsum: Budget, Kaufvertrag und Gewährleistung",medium,single_choice,Worauf muss man beim Thema Budget besonders achten?,nur Schulden werden aufgelistet,Einnahmen und Ausgaben werden geplant und gegenübergestellt,nur fixe Ausgaben zählen,Kaufwünsche ersetzen Einnahmen,B,"Ein Budget zeigt, ob das Geld für Ausgaben und Sparziele reicht.","ABU Smartlearn Quiz 1. Teil, Moodle-XHTML-Export, hochgeladene Referenzdatei",user_upload:quiz-ABU_Smartlearn_1.Teil-top-20260519-0952.html
abu,Allgemeinbildender Unterricht ABU,abu_l01,ABU,L01,"Kauf und Konsum: Budget, Kaufvertrag und Gewährleistung",hard,single_choice,Welche Aussage zu Budget ist fachlich am korrektesten?,nur Schulden werden aufgelistet,nur fixe Ausgaben zählen,Einnahmen und Ausgaben werden geplant und gegenübergestellt,Kaufwünsche ersetzen Einnahmen,C,"Ein Budget zeigt, ob das Geld für Ausgaben und Sparziele reicht.","ABU Smartlearn Quiz 1. Teil, Moodle-XHTML-Export, hochgeladene Referenzdatei",user_upload:quiz-ABU_Smartlearn_1.Teil-top-20260519-0952.html
abu,Allgemeinbildender Unterricht ABU,abu_l01,ABU,L01,"Kauf und Konsum: Budget, Kaufvertrag und Gewährleistung",easy,single_choice,Welche Antwort passt zum Begriff Budget?,nur Schulden werden aufgelistet,nur fixe Ausgaben zählen,Kaufwünsche ersetzen Einnahmen,Einnahmen und Ausgaben werden geplant und gegenübergestellt,D,"Ein Budget zeigt, ob das Geld für Ausgaben und Sparziele reicht.","ABU Smartlearn Quiz 1. Teil, Moodle-XHTML-Export, hochgeladene Referenzdatei",user_upload:quiz-ABU_Smartlearn_1.Teil-top-20260519-0952.html
abu,Allgemeinbildender Unterricht ABU,abu_l01,ABU,L01,"Kauf und Konsum: Budget, Kaufvertrag und Gewährleistung",medium,single_choice,Welche praktische Bedeutung hat Budget für Lernende?,Einnahmen und Ausgaben werden geplant und gegenübergestellt,nur Schulden werden aufgelistet,nur fixe Ausgaben zählen,Kaufwünsche ersetzen Einnahmen,A,"Ein Budget zeigt, ob das Geld für Ausgaben und Sparziele reicht.","ABU Smartlearn Quiz 1. Teil, Moodle-XHTML-Export, hochgeladene Referenzdatei",user_upload:quiz-ABU_Smartlearn_1.Teil-top-20260519-0952.html
abu,Allgemeinbildender Unterricht ABU,abu_l01,ABU,L01,"Kauf und Konsum: Budget, Kaufvertrag und Gewährleistung",hard,single_choice,Welche Erklärung zu Budget ist im gesellschaftlichen und rechtlichen Kontext richtig?,nur Schulden werden aufgelistet,Einnahmen und Ausgaben werden geplant und gegenübergestellt,nur fixe Ausgaben zählen,Kaufwünsche ersetzen Einnahmen,B,"Ein Budget zeigt, ob das Geld für Ausgaben und Sparziele reicht.","ABU Smartlearn Quiz 1. Teil, Moodle-XHTML-Export, hochgeladene Referenzdatei",user_upload:quiz-ABU_Smartlearn_1.Teil-top-20260519-0952.html
abu,Allgemeinbildender Unterricht ABU,abu_l01,ABU,L01,"Kauf und Konsum: Budget, Kaufvertrag und Gewährleistung",easy,single_choice,Was ist bei Budget grundsätzlich richtig?,nur Schulden werden aufgelistet,nur fixe Ausgaben zählen,Einnahmen und Ausgaben werden geplant und gegenübergestellt,Kaufwünsche ersetzen Einnahmen,C,"Ein Budget zeigt, ob das Geld für Ausgaben und Sparziele reicht.","ABU Smartlearn Quiz 1. Teil, Moodle-XHTML-Export, hochgeladene Referenzdatei",user_upload:quiz-ABU_Smartlearn_1.Teil-top-20260519-0952.html
abu,Allgemeinbildender Unterricht ABU,abu_l01,ABU,L01,"Kauf und Konsum: Budget, Kaufvertrag und Gewährleistung",medium,single_choice,Welche Aussage zeigt ein korrektes Verständnis von Budget?,nur Schulden werden aufgelistet,nur fixe Ausgaben zählen,Kaufwünsche ersetzen Einnahmen,Einnahmen und Ausgaben werden geplant und gegenübergestellt,D,"Ein Budget zeigt, ob das Geld für Ausgaben und Sparziele reicht.","ABU Smartlearn Quiz 1. Teil, Moodle-XHTML-Export, hochgeladene Referenzdatei",user_upload:quiz-ABU_Smartlearn_1.Teil-top-20260519-0952.html
abu,Allgemeinbildender Unterricht ABU,abu_l01,ABU,L01,"Kauf und Konsum: Budget, Kaufvertrag und Gewährleistung",hard,single_choice,Welche Aussage grenzt Budget am präzisesten von falschen Vorstellungen ab?,Einnahmen und Ausgaben werden geplant und gegenübergestellt,nur Schulden werden aufgelistet,nur fixe Ausgaben zählen,Kaufwünsche ersetzen Einnahmen,A,"Ein Budget zeigt, ob das Geld für Ausgaben und Sparziele reicht.","ABU Smartlearn Quiz 1. Teil, Moodle-XHTML-Export, hochgeladene Referenzdatei",user_upload:quiz-ABU_Smartlearn_1.Teil-top-20260519-0952.html
abu,Allgemeinbildender Unterricht ABU,abu_l01,ABU,L01,"Kauf und Konsum: Budget, Kaufvertrag und Gewährleistung",easy,single_choice,Welche Kurzdefinition passt zu Budget?,nur Schulden werden aufgelistet,Einnahmen und Ausgaben werden geplant und gegenübergestellt,nur fixe Ausgaben zählen,Kaufwünsche ersetzen Einnahmen,B,"Ein Budget zeigt, ob das Geld für Ausgaben und Sparziele reicht.","ABU Smartlearn Quiz 1. Teil, Moodle-XHTML-Export, hochgeladene Referenzdatei",user_upload:quiz-ABU_Smartlearn_1.Teil-top-20260519-0952.html
abu,Allgemeinbildender Unterricht ABU,abu_l01,ABU,L01,"Kauf und Konsum: Budget, Kaufvertrag und Gewährleistung",easy,single_choice,Welche Aussage beschreibt Fixkosten im ABU am besten?,spontane Freizeitkäufe sind immer Fixkosten,Fixkosten ändern täglich,regelmässige Ausgaben wie Miete oder Versicherungen werden eingeplant,Fixkosten sind immer freiwillig,C,Fixkosten fallen meist periodisch und planbar an.,"ABU Smartlearn Quiz 1. Teil, Moodle-XHTML-Export, hochgeladene Referenzdatei",user_upload:quiz-ABU_Smartlearn_1.Teil-top-20260519-0952.html
abu,Allgemeinbildender Unterricht ABU,abu_l01,ABU,L01,"Kauf und Konsum: Budget, Kaufvertrag und Gewährleistung",medium,single_choice,Worauf muss man beim Thema Fixkosten besonders achten?,spontane Freizeitkäufe sind immer Fixkosten,Fixkosten ändern täglich,Fixkosten sind immer freiwillig,regelmässige Ausgaben wie Miete oder Versicherungen werden eingeplant,D,Fixkosten fallen meist periodisch und planbar an.,"ABU Smartlearn Quiz 1. Teil, Moodle-XHTML-Export, hochgeladene Referenzdatei",user_upload:quiz-ABU_Smartlearn_1.Teil-top-20260519-0952.html
abu,Allgemeinbildender Unterricht ABU,abu_l01,ABU,L01,"Kauf und Konsum: Budget, Kaufvertrag und Gewährleistung",hard,single_choice,Welche Aussage zu Fixkosten ist fachlich am korrektesten?,regelmässige Ausgaben wie Miete oder Versicherungen werden eingeplant,spontane Freizeitkäufe sind immer Fixkosten,Fixkosten ändern täglich,Fixkosten sind immer freiwillig,A,Fixkosten fallen meist periodisch und planbar an.,"ABU Smartlearn Quiz 1. Teil, Moodle-XHTML-Export, hochgeladene Referenzdatei",user_upload:quiz-ABU_Smartlearn_1.Teil-top-20260519-0952.html
abu,Allgemeinbildender Unterricht ABU,abu_l01,ABU,L01,"Kauf und Konsum: Budget, Kaufvertrag und Gewährleistung",easy,single_choice,Welche Antwort passt zum Begriff Fixkosten?,spontane Freizeitkäufe sind immer Fixkosten,regelmässige Ausgaben wie Miete oder Versicherungen werden eingeplant,Fixkosten ändern täglich,Fixkosten sind immer freiwillig,B,Fixkosten fallen meist periodisch und planbar an.,"ABU Smartlearn Quiz 1. Teil, Moodle-XHTML-Export, hochgeladene Referenzdatei",user_upload:quiz-ABU_Smartlearn_1.Teil-top-20260519-0952.html
abu,Allgemeinbildender Unterricht ABU,abu_l01,ABU,L01,"Kauf und Konsum: Budget, Kaufvertrag und Gewährleistung",medium,single_choice,Welche praktische Bedeutung hat Fixkosten für Lernende?,spontane Freizeitkäufe sind immer Fixkosten,Fixkosten ändern täglich,regelmässige Ausgaben wie Miete oder Versicherungen werden eingeplant,Fixkosten sind immer freiwillig,C,Fixkosten fallen meist periodisch und planbar an.,"ABU Smartlearn Quiz 1. Teil, Moodle-XHTML-Export, hochgeladene Referenzdatei",user_upload:quiz-ABU_Smartlearn_1.Teil-top-20260519-0952.html
abu,Allgemeinbildender Unterricht ABU,abu_l01,ABU,L01,"Kauf und Konsum: Budget, Kaufvertrag und Gewährleistung",hard,single_choice,Welche Erklärung zu Fixkosten ist im gesellschaftlichen und rechtlichen Kontext richtig?,spontane Freizeitkäufe sind immer Fixkosten,Fixkosten ändern täglich,Fixkosten sind immer freiwillig,regelmässige Ausgaben wie Miete oder Versicherungen werden eingeplant,D,Fixkosten fallen meist periodisch und planbar an.,"ABU Smartlearn Quiz 1. Teil, Moodle-XHTML-Export, hochgeladene Referenzdatei",user_upload:quiz-ABU_Smartlearn_1.Teil-top-20260519-0952.html
abu,Allgemeinbildender Unterricht ABU,abu_l01,ABU,L01,"Kauf und Konsum: Budget, Kaufvertrag und Gewährleistung",easy,single_choice,Was ist bei Fixkosten grundsätzlich richtig?,regelmässige Ausgaben wie Miete oder Versicherungen werden eingeplant,spontane Freizeitkäufe sind immer Fixkosten,Fixkosten ändern täglich,Fixkosten sind immer freiwillig,A,Fixkosten fallen meist periodisch und planbar an.,"ABU Smartlearn Quiz 1. Teil, Moodle-XHTML-Export, hochgeladene Referenzdatei",user_upload:quiz-ABU_Smartlearn_1.Teil-top-20260519-0952.html
abu,Allgemeinbildender Unterricht ABU,abu_l01,ABU,L01,"Kauf und Konsum: Budget, Kaufvertrag und Gewährleistung",medium,single_choice,Welche Aussage zeigt ein korrektes Verständnis von Fixkosten?,spontane Freizeitkäufe sind immer Fixkosten,regelmässige Ausgaben wie Miete oder Versicherungen werden eingeplant,Fixkosten ändern täglich,Fixkosten sind immer freiwillig,B,Fixkosten fallen meist periodisch und planbar an.,"ABU Smartlearn Quiz 1. Teil, Moodle-XHTML-Export, hochgeladene Referenzdatei",user_upload:quiz-ABU_Smartlearn_1.Teil-top-20260519-0952.html
abu,Allgemeinbildender Unterricht ABU,abu_l01,ABU,L01,"Kauf und Konsum: Budget, Kaufvertrag und Gewährleistung",hard,single_choice,Welche Aussage grenzt Fixkosten am präzisesten von falschen Vorstellungen ab?,spontane Freizeitkäufe sind immer Fixkosten,Fixkosten ändern täglich,regelmässige Ausgaben wie Miete oder Versicherungen werden eingeplant,Fixkosten sind immer freiwillig,C,Fixkosten fallen meist periodisch und planbar an.,"ABU Smartlearn Quiz 1. Teil, Moodle-XHTML-Export, hochgeladene Referenzdatei",user_upload:quiz-ABU_Smartlearn_1.Teil-top-20260519-0952.html
abu,Allgemeinbildender Unterricht ABU,abu_l01,ABU,L01,"Kauf und Konsum: Budget, Kaufvertrag und Gewährleistung",easy,single_choice,Welche Kurzdefinition passt zu Fixkosten?,spontane Freizeitkäufe sind immer Fixkosten,Fixkosten ändern täglich,Fixkosten sind immer freiwillig,regelmässige Ausgaben wie Miete oder Versicherungen werden eingeplant,D,Fixkosten fallen meist periodisch und planbar an.,"ABU Smartlearn Quiz 1. Teil, Moodle-XHTML-Export, hochgeladene Referenzdatei",user_upload:quiz-ABU_Smartlearn_1.Teil-top-20260519-0952.html
abu,Allgemeinbildender Unterricht ABU,abu_l01,ABU,L01,"Kauf und Konsum: Budget, Kaufvertrag und Gewährleistung",easy,single_choice,Welche Aussage beschreibt variable Kosten im ABU am besten?,Ausgaben verändern sich je nach Verhalten und Bedürfnis,sie sind immer gleich hoch,sie dürfen im Budget fehlen,sie sind identisch mit Einkommen,A,Variable Kosten können durch Konsumentscheide beeinflusst werden.,"ABU Smartlearn Quiz 1. Teil, Moodle-XHTML-Export, hochgeladene Referenzdatei",user_upload:quiz-ABU_Smartlearn_1.Teil-top-20260519-0952.html
abu,Allgemeinbildender Unterricht ABU,abu_l01,ABU,L01,"Kauf und Konsum: Budget, Kaufvertrag und Gewährleistung",medium,single_choice,Worauf muss man beim Thema variable Kosten besonders achten?,sie sind immer gleich hoch,Ausgaben verändern sich je nach Verhalten und Bedürfnis,sie dürfen im Budget fehlen,sie sind identisch mit Einkommen,B,Variable Kosten können durch Konsumentscheide beeinflusst werden.,"ABU Smartlearn Quiz 1. Teil, Moodle-XHTML-Export, hochgeladene Referenzdatei",user_upload:quiz-ABU_Smartlearn_1.Teil-top-20260519-0952.html
abu,Allgemeinbildender Unterricht ABU,abu_l01,ABU,L01,"Kauf und Konsum: Budget, Kaufvertrag und Gewährleistung",hard,single_choice,Welche Aussage zu variable Kosten ist fachlich am korrektesten?,sie sind immer gleich hoch,sie dürfen im Budget fehlen,Ausgaben verändern sich je nach Verhalten und Bedürfnis,sie sind identisch mit Einkommen,C,Variable Kosten können durch Konsumentscheide beeinflusst werden.,"ABU Smartlearn Quiz 1. Teil, Moodle-XHTML-Export, hochgeladene Referenzdatei",user_upload:quiz-ABU_Smartlearn_1.Teil-top-20260519-0952.html
abu,Allgemeinbildender Unterricht ABU,abu_l01,ABU,L01,"Kauf und Konsum: Budget, Kaufvertrag und Gewährleistung",easy,single_choice,Welche Antwort passt zum Begriff variable Kosten?,sie sind immer gleich hoch,sie dürfen im Budget fehlen,sie sind identisch mit Einkommen,Ausgaben verändern sich je nach Verhalten und Bedürfnis,D,Variable Kosten können durch Konsumentscheide beeinflusst werden.,"ABU Smartlearn Quiz 1. Teil, Moodle-XHTML-Export, hochgeladene Referenzdatei",user_upload:quiz-ABU_Smartlearn_1.Teil-top-20260519-0952.html
abu,Allgemeinbildender Unterricht ABU,abu_l01,ABU,L01,"Kauf und Konsum: Budget, Kaufvertrag und Gewährleistung",medium,single_choice,Welche praktische Bedeutung hat variable Kosten für Lernende?,Ausgaben verändern sich je nach Verhalten und Bedürfnis,sie sind immer gleich hoch,sie dürfen im Budget fehlen,sie sind identisch mit Einkommen,A,Variable Kosten können durch Konsumentscheide beeinflusst werden.,"ABU Smartlearn Quiz 1. Teil, Moodle-XHTML-Export, hochgeladene Referenzdatei",user_upload:quiz-ABU_Smartlearn_1.Teil-top-20260519-0952.html
abu,Allgemeinbildender Unterricht ABU,abu_l01,ABU,L01,"Kauf und Konsum: Budget, Kaufvertrag und Gewährleistung",hard,single_choice,Welche Erklärung zu variable Kosten ist im gesellschaftlichen und rechtlichen Kontext richtig?,sie sind immer gleich hoch,Ausgaben verändern sich je nach Verhalten und Bedürfnis,sie dürfen im Budget fehlen,sie sind identisch mit Einkommen,B,Variable Kosten können durch Konsumentscheide beeinflusst werden.,"ABU Smartlearn Quiz 1. Teil, Moodle-XHTML-Export, hochgeladene Referenzdatei",user_upload:quiz-ABU_Smartlearn_1.Teil-top-20260519-0952.html
abu,Allgemeinbildender Unterricht ABU,abu_l01,ABU,L01,"Kauf und Konsum: Budget, Kaufvertrag und Gewährleistung",easy,single_choice,Was ist bei variable Kosten grundsätzlich richtig?,sie sind immer gleich hoch,sie dürfen im Budget fehlen,Ausgaben verändern sich je nach Verhalten und Bedürfnis,sie sind identisch mit Einkommen,C,Variable Kosten können durch Konsumentscheide beeinflusst werden.,"ABU Smartlearn Quiz 1. Teil, Moodle-XHTML-Export, hochgeladene Referenzdatei",user_upload:quiz-ABU_Smartlearn_1.Teil-top-20260519-0952.html
abu,Allgemeinbildender Unterricht ABU,abu_l01,ABU,L01,"Kauf und Konsum: Budget, Kaufvertrag und Gewährleistung",medium,single_choice,Welche Aussage zeigt ein korrektes Verständnis von variable Kosten?,sie sind immer gleich hoch,sie dürfen im Budget fehlen,sie sind identisch mit Einkommen,Ausgaben verändern sich je nach Verhalten und Bedürfnis,D,Variable Kosten können durch Konsumentscheide beeinflusst werden.,"ABU Smartlearn Quiz 1. Teil, Moodle-XHTML-Export, hochgeladene Referenzdatei",user_upload:quiz-ABU_Smartlearn_1.Teil-top-20260519-0952.html
abu,Allgemeinbildender Unterricht ABU,abu_l01,ABU,L01,"Kauf und Konsum: Budget, Kaufvertrag und Gewährleistung",hard,single_choice,Welche Aussage grenzt variable Kosten am präzisesten von falschen Vorstellungen ab?,Ausgaben verändern sich je nach Verhalten und Bedürfnis,sie sind immer gleich hoch,sie dürfen im Budget fehlen,sie sind identisch mit Einkommen,A,Variable Kosten können durch Konsumentscheide beeinflusst werden.,"ABU Smartlearn Quiz 1. Teil, Moodle-XHTML-Export, hochgeladene Referenzdatei",user_upload:quiz-ABU_Smartlearn_1.Teil-top-20260519-0952.html
abu,Allgemeinbildender Unterricht ABU,abu_l01,ABU,L01,"Kauf und Konsum: Budget, Kaufvertrag und Gewährleistung",easy,single_choice,Welche Kurzdefinition passt zu variable Kosten?,sie sind immer gleich hoch,Ausgaben verändern sich je nach Verhalten und Bedürfnis,sie dürfen im Budget fehlen,sie sind identisch mit Einkommen,B,Variable Kosten können durch Konsumentscheide beeinflusst werden.,"ABU Smartlearn Quiz 1. Teil, Moodle-XHTML-Export, hochgeladene Referenzdatei",user_upload:quiz-ABU_Smartlearn_1.Teil-top-20260519-0952.html
abu,Allgemeinbildender Unterricht ABU,abu_l01,ABU,L01,"Kauf und Konsum: Budget, Kaufvertrag und Gewährleistung",easy,single_choice,Welche Aussage beschreibt Sparen im ABU am besten?,Geld wird sofort ausgegeben,offene Rechnungen werden ignoriert,Geld wird für Reserven oder zukünftige Ziele zurückgelegt,Kredit ersetzt Planung,C,Sparen schafft Handlungsspielraum.,"ABU Smartlearn Quiz 1. Teil, Moodle-XHTML-Export, hochgeladene Referenzdatei",user_upload:quiz-ABU_Smartlearn_1.Teil-top-20260519-0952.html
abu,Allgemeinbildender Unterricht ABU,abu_l01,ABU,L01,"Kauf und Konsum: Budget, Kaufvertrag und Gewährleistung",medium,single_choice,Worauf muss man beim Thema Sparen besonders achten?,Geld wird sofort ausgegeben,offene Rechnungen werden ignoriert,Kredit ersetzt Planung,Geld wird für Reserven oder zukünftige Ziele zurückgelegt,D,Sparen schafft Handlungsspielraum.,"ABU Smartlearn Quiz 1. Teil, Moodle-XHTML-Export, hochgeladene Referenzdatei",user_upload:quiz-ABU_Smartlearn_1.Teil-top-20260519-0952.html
abu,Allgemeinbildender Unterricht ABU,abu_l01,ABU,L01,"Kauf und Konsum: Budget, Kaufvertrag und Gewährleistung",hard,single_choice,Welche Aussage zu Sparen ist fachlich am korrektesten?,Geld wird für Reserven oder zukünftige Ziele zurückgelegt,Geld wird sofort ausgegeben,offene Rechnungen werden ignoriert,Kredit ersetzt Planung,A,Sparen schafft Handlungsspielraum.,"ABU Smartlearn Quiz 1. Teil, Moodle-XHTML-Export, hochgeladene Referenzdatei",user_upload:quiz-ABU_Smartlearn_1.Teil-top-20260519-0952.html
abu,Allgemeinbildender Unterricht ABU,abu_l01,ABU,L01,"Kauf und Konsum: Budget, Kaufvertrag und Gewährleistung",easy,single_choice,Welche Antwort passt zum Begriff Sparen?,Geld wird sofort ausgegeben,Geld wird für Reserven oder zukünftige Ziele zurückgelegt,offene Rechnungen werden ignoriert,Kredit ersetzt Planung,B,Sparen schafft Handlungsspielraum.,"ABU Smartlearn Quiz 1. Teil, Moodle-XHTML-Export, hochgeladene Referenzdatei",user_upload:quiz-ABU_Smartlearn_1.Teil-top-20260519-0952.html
abu,Allgemeinbildender Unterricht ABU,abu_l01,ABU,L01,"Kauf und Konsum: Budget, Kaufvertrag und Gewährleistung",medium,single_choice,Welche praktische Bedeutung hat Sparen für Lernende?,Geld wird sofort ausgegeben,offene Rechnungen werden ignoriert,Geld wird für Reserven oder zukünftige Ziele zurückgelegt,Kredit ersetzt Planung,C,Sparen schafft Handlungsspielraum.,"ABU Smartlearn Quiz 1. Teil, Moodle-XHTML-Export, hochgeladene Referenzdatei",user_upload:quiz-ABU_Smartlearn_1.Teil-top-20260519-0952.html
abu,Allgemeinbildender Unterricht ABU,abu_l01,ABU,L01,"Kauf und Konsum: Budget, Kaufvertrag und Gewährleistung",hard,single_choice,Welche Erklärung zu Sparen ist im gesellschaftlichen und rechtlichen Kontext richtig?,Geld wird sofort ausgegeben,offene Rechnungen werden ignoriert,Kredit ersetzt Planung,Geld wird für Reserven oder zukünftige Ziele zurückgelegt,D,Sparen schafft Handlungsspielraum.,"ABU Smartlearn Quiz 1. Teil, Moodle-XHTML-Export, hochgeladene Referenzdatei",user_upload:quiz-ABU_Smartlearn_1.Teil-top-20260519-0952.html
abu,Allgemeinbildender Unterricht ABU,abu_l01,ABU,L01,"Kauf und Konsum: Budget, Kaufvertrag und Gewährleistung",easy,single_choice,Was ist bei Sparen grundsätzlich richtig?,Geld wird für Reserven oder zukünftige Ziele zurückgelegt,Geld wird sofort ausgegeben,offene Rechnungen werden ignoriert,Kredit ersetzt Planung,A,Sparen schafft Handlungsspielraum.,"ABU Smartlearn Quiz 1. Teil, Moodle-XHTML-Export, hochgeladene Referenzdatei",user_upload:quiz-ABU_Smartlearn_1.Teil-top-20260519-0952.html
abu,Allgemeinbildender Unterricht ABU,abu_l01,ABU,L01,"Kauf und Konsum: Budget, Kaufvertrag und Gewährleistung",medium,single_choice,Welche Aussage zeigt ein korrektes Verständnis von Sparen?,Geld wird sofort ausgegeben,Geld wird für Reserven oder zukünftige Ziele zurückgelegt,offene Rechnungen werden ignoriert,Kredit ersetzt Planung,B,Sparen schafft Handlungsspielraum.,"ABU Smartlearn Quiz 1. Teil, Moodle-XHTML-Export, hochgeladene Referenzdatei",user_upload:quiz-ABU_Smartlearn_1.Teil-top-20260519-0952.html
abu,Allgemeinbildender Unterricht ABU,abu_l01,ABU,L01,"Kauf und Konsum: Budget, Kaufvertrag und Gewährleistung",hard,single_choice,Welche Aussage grenzt Sparen am präzisesten von falschen Vorstellungen ab?,Geld wird sofort ausgegeben,offene Rechnungen werden ignoriert,Geld wird für Reserven oder zukünftige Ziele zurückgelegt,Kredit ersetzt Planung,C,Sparen schafft Handlungsspielraum.,"ABU Smartlearn Quiz 1. Teil, Moodle-XHTML-Export, hochgeladene Referenzdatei",user_upload:quiz-ABU_Smartlearn_1.Teil-top-20260519-0952.html
abu,Allgemeinbildender Unterricht ABU,abu_l01,ABU,L01,"Kauf und Konsum: Budget, Kaufvertrag und Gewährleistung",easy,single_choice,Welche Kurzdefinition passt zu Sparen?,Geld wird sofort ausgegeben,offene Rechnungen werden ignoriert,Kredit ersetzt Planung,Geld wird für Reserven oder zukünftige Ziele zurückgelegt,D,Sparen schafft Handlungsspielraum.,"ABU Smartlearn Quiz 1. Teil, Moodle-XHTML-Export, hochgeladene Referenzdatei",user_upload:quiz-ABU_Smartlearn_1.Teil-top-20260519-0952.html
abu,Allgemeinbildender Unterricht ABU,abu_l01,ABU,L01,"Kauf und Konsum: Budget, Kaufvertrag und Gewährleistung",easy,single_choice,Welche Aussage beschreibt Kaufvertrag im ABU am besten?,Verkäufer und Käufer haben gegenseitige Rechte und Pflichten,nur der Verkäufer hat Pflichten,ein Preis ist nie nötig,Eigentumsübertragung ist verboten,A,Beim Kaufvertrag schuldet der Verkäufer die Sache und der Käufer den Preis.,"ABU Smartlearn Quiz 1. Teil, Moodle-XHTML-Export, hochgeladene Referenzdatei",user_upload:quiz-ABU_Smartlearn_1.Teil-top-20260519-0952.html
abu,Allgemeinbildender Unterricht ABU,abu_l01,ABU,L01,"Kauf und Konsum: Budget, Kaufvertrag und Gewährleistung",medium,single_choice,Worauf muss man beim Thema Kaufvertrag besonders achten?,nur der Verkäufer hat Pflichten,Verkäufer und Käufer haben gegenseitige Rechte und Pflichten,ein Preis ist nie nötig,Eigentumsübertragung ist verboten,B,Beim Kaufvertrag schuldet der Verkäufer die Sache und der Käufer den Preis.,"ABU Smartlearn Quiz 1. Teil, Moodle-XHTML-Export, hochgeladene Referenzdatei",user_upload:quiz-ABU_Smartlearn_1.Teil-top-20260519-0952.html
abu,Allgemeinbildender Unterricht ABU,abu_l01,ABU,L01,"Kauf und Konsum: Budget, Kaufvertrag und Gewährleistung",hard,single_choice,Welche Aussage zu Kaufvertrag ist fachlich am korrektesten?,nur der Verkäufer hat Pflichten,ein Preis ist nie nötig,Verkäufer und Käufer haben gegenseitige Rechte und Pflichten,Eigentumsübertragung ist verboten,C,Beim Kaufvertrag schuldet der Verkäufer die Sache und der Käufer den Preis.,"ABU Smartlearn Quiz 1. Teil, Moodle-XHTML-Export, hochgeladene Referenzdatei",user_upload:quiz-ABU_Smartlearn_1.Teil-top-20260519-0952.html
abu,Allgemeinbildender Unterricht ABU,abu_l01,ABU,L01,"Kauf und Konsum: Budget, Kaufvertrag und Gewährleistung",easy,single_choice,Welche Antwort passt zum Begriff Kaufvertrag?,nur der Verkäufer hat Pflichten,ein Preis ist nie nötig,Eigentumsübertragung ist verboten,Verkäufer und Käufer haben gegenseitige Rechte und Pflichten,D,Beim Kaufvertrag schuldet der Verkäufer die Sache und der Käufer den Preis.,"ABU Smartlearn Quiz 1. Teil, Moodle-XHTML-Export, hochgeladene Referenzdatei",user_upload:quiz-ABU_Smartlearn_1.Teil-top-20260519-0952.html
abu,Allgemeinbildender Unterricht ABU,abu_l01,ABU,L01,"Kauf und Konsum: Budget, Kaufvertrag und Gewährleistung",medium,single_choice,Welche praktische Bedeutung hat Kaufvertrag für Lernende?,Verkäufer und Käufer haben gegenseitige Rechte und Pflichten,nur der Verkäufer hat Pflichten,ein Preis ist nie nötig,Eigentumsübertragung ist verboten,A,Beim Kaufvertrag schuldet der Verkäufer die Sache und der Käufer den Preis.,"ABU Smartlearn Quiz 1. Teil, Moodle-XHTML-Export, hochgeladene Referenzdatei",user_upload:quiz-ABU_Smartlearn_1.Teil-top-20260519-0952.html
abu,Allgemeinbildender Unterricht ABU,abu_l01,ABU,L01,"Kauf und Konsum: Budget, Kaufvertrag und Gewährleistung",hard,single_choice,Welche Erklärung zu Kaufvertrag ist im gesellschaftlichen und rechtlichen Kontext richtig?,nur der Verkäufer hat Pflichten,Verkäufer und Käufer haben gegenseitige Rechte und Pflichten,ein Preis ist nie nötig,Eigentumsübertragung ist verboten,B,Beim Kaufvertrag schuldet der Verkäufer die Sache und der Käufer den Preis.,"ABU Smartlearn Quiz 1. Teil, Moodle-XHTML-Export, hochgeladene Referenzdatei",user_upload:quiz-ABU_Smartlearn_1.Teil-top-20260519-0952.html
abu,Allgemeinbildender Unterricht ABU,abu_l01,ABU,L01,"Kauf und Konsum: Budget, Kaufvertrag und Gewährleistung",easy,single_choice,Was ist bei Kaufvertrag grundsätzlich richtig?,nur der Verkäufer hat Pflichten,ein Preis ist nie nötig,Verkäufer und Käufer haben gegenseitige Rechte und Pflichten,Eigentumsübertragung ist verboten,C,Beim Kaufvertrag schuldet der Verkäufer die Sache und der Käufer den Preis.,"ABU Smartlearn Quiz 1. Teil, Moodle-XHTML-Export, hochgeladene Referenzdatei",user_upload:quiz-ABU_Smartlearn_1.Teil-top-20260519-0952.html
abu,Allgemeinbildender Unterricht ABU,abu_l01,ABU,L01,"Kauf und Konsum: Budget, Kaufvertrag und Gewährleistung",medium,single_choice,Welche Aussage zeigt ein korrektes Verständnis von Kaufvertrag?,nur der Verkäufer hat Pflichten,ein Preis ist nie nötig,Eigentumsübertragung ist verboten,Verkäufer und Käufer haben gegenseitige Rechte und Pflichten,D,Beim Kaufvertrag schuldet der Verkäufer die Sache und der Käufer den Preis.,"ABU Smartlearn Quiz 1. Teil, Moodle-XHTML-Export, hochgeladene Referenzdatei",user_upload:quiz-ABU_Smartlearn_1.Teil-top-20260519-0952.html
abu,Allgemeinbildender Unterricht ABU,abu_l01,ABU,L01,"Kauf und Konsum: Budget, Kaufvertrag und Gewährleistung",hard,single_choice,Welche Aussage grenzt Kaufvertrag am präzisesten von falschen Vorstellungen ab?,Verkäufer und Käufer haben gegenseitige Rechte und Pflichten,nur der Verkäufer hat Pflichten,ein Preis ist nie nötig,Eigentumsübertragung ist verboten,A,Beim Kaufvertrag schuldet der Verkäufer die Sache und der Käufer den Preis.,"ABU Smartlearn Quiz 1. Teil, Moodle-XHTML-Export, hochgeladene Referenzdatei",user_upload:quiz-ABU_Smartlearn_1.Teil-top-20260519-0952.html
abu,Allgemeinbildender Unterricht ABU,abu_l01,ABU,L01,"Kauf und Konsum: Budget, Kaufvertrag und Gewährleistung",easy,single_choice,Welche Kurzdefinition passt zu Kaufvertrag?,nur der Verkäufer hat Pflichten,Verkäufer und Käufer haben gegenseitige Rechte und Pflichten,ein Preis ist nie nötig,Eigentumsübertragung ist verboten,B,Beim Kaufvertrag schuldet der Verkäufer die Sache und der Käufer den Preis.,"ABU Smartlearn Quiz 1. Teil, Moodle-XHTML-Export, hochgeladene Referenzdatei",user_upload:quiz-ABU_Smartlearn_1.Teil-top-20260519-0952.html
abu,Allgemeinbildender Unterricht ABU,abu_l01,ABU,L01,"Kauf und Konsum: Budget, Kaufvertrag und Gewährleistung",easy,single_choice,Welche Aussage beschreibt Quittung im ABU am besten?,sie ersetzt immer die Garantie,sie ist ein Betreibungsbegehren,sie belegt eine Zahlung oder einen Kauf,sie ist ein Kreditvertrag,C,Eine Quittung ist ein wichtiger Nachweis.,"ABU Smartlearn Quiz 1. Teil, Moodle-XHTML-Export, hochgeladene Referenzdatei",user_upload:quiz-ABU_Smartlearn_1.Teil-top-20260519-0952.html
abu,Allgemeinbildender Unterricht ABU,abu_l01,ABU,L01,"Kauf und Konsum: Budget, Kaufvertrag und Gewährleistung",medium,single_choice,Worauf muss man beim Thema Quittung besonders achten?,sie ersetzt immer die Garantie,sie ist ein Betreibungsbegehren,sie ist ein Kreditvertrag,sie belegt eine Zahlung oder einen Kauf,D,Eine Quittung ist ein wichtiger Nachweis.,"ABU Smartlearn Quiz 1. Teil, Moodle-XHTML-Export, hochgeladene Referenzdatei",user_upload:quiz-ABU_Smartlearn_1.Teil-top-20260519-0952.html
abu,Allgemeinbildender Unterricht ABU,abu_l01,ABU,L01,"Kauf und Konsum: Budget, Kaufvertrag und Gewährleistung",hard,single_choice,Welche Aussage zu Quittung ist fachlich am korrektesten?,sie belegt eine Zahlung oder einen Kauf,sie ersetzt immer die Garantie,sie ist ein Betreibungsbegehren,sie ist ein Kreditvertrag,A,Eine Quittung ist ein wichtiger Nachweis.,"ABU Smartlearn Quiz 1. Teil, Moodle-XHTML-Export, hochgeladene Referenzdatei",user_upload:quiz-ABU_Smartlearn_1.Teil-top-20260519-0952.html
abu,Allgemeinbildender Unterricht ABU,abu_l01,ABU,L01,"Kauf und Konsum: Budget, Kaufvertrag und Gewährleistung",easy,single_choice,Welche Antwort passt zum Begriff Quittung?,sie ersetzt immer die Garantie,sie belegt eine Zahlung oder einen Kauf,sie ist ein Betreibungsbegehren,sie ist ein Kreditvertrag,B,Eine Quittung ist ein wichtiger Nachweis.,"ABU Smartlearn Quiz 1. Teil, Moodle-XHTML-Export, hochgeladene Referenzdatei",user_upload:quiz-ABU_Smartlearn_1.Teil-top-20260519-0952.html
abu,Allgemeinbildender Unterricht ABU,abu_l01,ABU,L01,"Kauf und Konsum: Budget, Kaufvertrag und Gewährleistung",medium,single_choice,Welche praktische Bedeutung hat Quittung für Lernende?,sie ersetzt immer die Garantie,sie ist ein Betreibungsbegehren,sie belegt eine Zahlung oder einen Kauf,sie ist ein Kreditvertrag,C,Eine Quittung ist ein wichtiger Nachweis.,"ABU Smartlearn Quiz 1. Teil, Moodle-XHTML-Export, hochgeladene Referenzdatei",user_upload:quiz-ABU_Smartlearn_1.Teil-top-20260519-0952.html
abu,Allgemeinbildender Unterricht ABU,abu_l01,ABU,L01,"Kauf und Konsum: Budget, Kaufvertrag und Gewährleistung",hard,single_choice,Welche Erklärung zu Quittung ist im gesellschaftlichen und rechtlichen Kontext richtig?,sie ersetzt immer die Garantie,sie ist ein Betreibungsbegehren,sie ist ein Kreditvertrag,sie belegt eine Zahlung oder einen Kauf,D,Eine Quittung ist ein wichtiger Nachweis.,"ABU Smartlearn Quiz 1. Teil, Moodle-XHTML-Export, hochgeladene Referenzdatei",user_upload:quiz-ABU_Smartlearn_1.Teil-top-20260519-0952.html
abu,Allgemeinbildender Unterricht ABU,abu_l01,ABU,L01,"Kauf und Konsum: Budget, Kaufvertrag und Gewährleistung",easy,single_choice,Was ist bei Quittung grundsätzlich richtig?,sie belegt eine Zahlung oder einen Kauf,sie ersetzt immer die Garantie,sie ist ein Betreibungsbegehren,sie ist ein Kreditvertrag,A,Eine Quittung ist ein wichtiger Nachweis.,"ABU Smartlearn Quiz 1. Teil, Moodle-XHTML-Export, hochgeladene Referenzdatei",user_upload:quiz-ABU_Smartlearn_1.Teil-top-20260519-0952.html
abu,Allgemeinbildender Unterricht ABU,abu_l01,ABU,L01,"Kauf und Konsum: Budget, Kaufvertrag und Gewährleistung",medium,single_choice,Welche Aussage zeigt ein korrektes Verständnis von Quittung?,sie ersetzt immer die Garantie,sie belegt eine Zahlung oder einen Kauf,sie ist ein Betreibungsbegehren,sie ist ein Kreditvertrag,B,Eine Quittung ist ein wichtiger Nachweis.,"ABU Smartlearn Quiz 1. Teil, Moodle-XHTML-Export, hochgeladene Referenzdatei",user_upload:quiz-ABU_Smartlearn_1.Teil-top-20260519-0952.html
abu,Allgemeinbildender Unterricht ABU,abu_l01,ABU,L01,"Kauf und Konsum: Budget, Kaufvertrag und Gewährleistung",hard,single_choice,Welche Aussage grenzt Quittung am präzisesten von falschen Vorstellungen ab?,sie ersetzt immer die Garantie,sie ist ein Betreibungsbegehren,sie belegt eine Zahlung oder einen Kauf,sie ist ein Kreditvertrag,C,Eine Quittung ist ein wichtiger Nachweis.,"ABU Smartlearn Quiz 1. Teil, Moodle-XHTML-Export, hochgeladene Referenzdatei",user_upload:quiz-ABU_Smartlearn_1.Teil-top-20260519-0952.html
abu,Allgemeinbildender Unterricht ABU,abu_l01,ABU,L01,"Kauf und Konsum: Budget, Kaufvertrag und Gewährleistung",easy,single_choice,Welche Kurzdefinition passt zu Quittung?,sie ersetzt immer die Garantie,sie ist ein Betreibungsbegehren,sie ist ein Kreditvertrag,sie belegt eine Zahlung oder einen Kauf,D,Eine Quittung ist ein wichtiger Nachweis.,"ABU Smartlearn Quiz 1. Teil, Moodle-XHTML-Export, hochgeladene Referenzdatei",user_upload:quiz-ABU_Smartlearn_1.Teil-top-20260519-0952.html
abu,Allgemeinbildender Unterricht ABU,abu_l01,ABU,L01,"Kauf und Konsum: Budget, Kaufvertrag und Gewährleistung",easy,single_choice,Welche Aussage beschreibt Gewährleistung im ABU am besten?,sie schützt bei Mängeln an gekauften Produkten,sie erlaubt beliebige Rückgabe ohne Grund,sie ist nur Werbung,sie betrifft nur Mietverträge,A,Gewährleistung betrifft mangelhafte Ware.,"ABU Smartlearn Quiz 1. Teil, Moodle-XHTML-Export, hochgeladene Referenzdatei",user_upload:quiz-ABU_Smartlearn_1.Teil-top-20260519-0952.html
abu,Allgemeinbildender Unterricht ABU,abu_l01,ABU,L01,"Kauf und Konsum: Budget, Kaufvertrag und Gewährleistung",medium,single_choice,Worauf muss man beim Thema Gewährleistung besonders achten?,sie erlaubt beliebige Rückgabe ohne Grund,sie schützt bei Mängeln an gekauften Produkten,sie ist nur Werbung,sie betrifft nur Mietverträge,B,Gewährleistung betrifft mangelhafte Ware.,"ABU Smartlearn Quiz 1. Teil, Moodle-XHTML-Export, hochgeladene Referenzdatei",user_upload:quiz-ABU_Smartlearn_1.Teil-top-20260519-0952.html
abu,Allgemeinbildender Unterricht ABU,abu_l01,ABU,L01,"Kauf und Konsum: Budget, Kaufvertrag und Gewährleistung",hard,single_choice,Welche Aussage zu Gewährleistung ist fachlich am korrektesten?,sie erlaubt beliebige Rückgabe ohne Grund,sie ist nur Werbung,sie schützt bei Mängeln an gekauften Produkten,sie betrifft nur Mietverträge,C,Gewährleistung betrifft mangelhafte Ware.,"ABU Smartlearn Quiz 1. Teil, Moodle-XHTML-Export, hochgeladene Referenzdatei",user_upload:quiz-ABU_Smartlearn_1.Teil-top-20260519-0952.html
abu,Allgemeinbildender Unterricht ABU,abu_l01,ABU,L01,"Kauf und Konsum: Budget, Kaufvertrag und Gewährleistung",easy,single_choice,Welche Antwort passt zum Begriff Gewährleistung?,sie erlaubt beliebige Rückgabe ohne Grund,sie ist nur Werbung,sie betrifft nur Mietverträge,sie schützt bei Mängeln an gekauften Produkten,D,Gewährleistung betrifft mangelhafte Ware.,"ABU Smartlearn Quiz 1. Teil, Moodle-XHTML-Export, hochgeladene Referenzdatei",user_upload:quiz-ABU_Smartlearn_1.Teil-top-20260519-0952.html
abu,Allgemeinbildender Unterricht ABU,abu_l01,ABU,L01,"Kauf und Konsum: Budget, Kaufvertrag und Gewährleistung",medium,single_choice,Welche praktische Bedeutung hat Gewährleistung für Lernende?,sie schützt bei Mängeln an gekauften Produkten,sie erlaubt beliebige Rückgabe ohne Grund,sie ist nur Werbung,sie betrifft nur Mietverträge,A,Gewährleistung betrifft mangelhafte Ware.,"ABU Smartlearn Quiz 1. Teil, Moodle-XHTML-Export, hochgeladene Referenzdatei",user_upload:quiz-ABU_Smartlearn_1.Teil-top-20260519-0952.html
abu,Allgemeinbildender Unterricht ABU,abu_l01,ABU,L01,"Kauf und Konsum: Budget, Kaufvertrag und Gewährleistung",hard,single_choice,Welche Erklärung zu Gewährleistung ist im gesellschaftlichen und rechtlichen Kontext richtig?,sie erlaubt beliebige Rückgabe ohne Grund,sie schützt bei Mängeln an gekauften Produkten,sie ist nur Werbung,sie betrifft nur Mietverträge,B,Gewährleistung betrifft mangelhafte Ware.,"ABU Smartlearn Quiz 1. Teil, Moodle-XHTML-Export, hochgeladene Referenzdatei",user_upload:quiz-ABU_Smartlearn_1.Teil-top-20260519-0952.html
abu,Allgemeinbildender Unterricht ABU,abu_l01,ABU,L01,"Kauf und Konsum: Budget, Kaufvertrag und Gewährleistung",easy,single_choice,Was ist bei Gewährleistung grundsätzlich richtig?,sie erlaubt beliebige Rückgabe ohne Grund,sie ist nur Werbung,sie schützt bei Mängeln an gekauften Produkten,sie betrifft nur Mietverträge,C,Gewährleistung betrifft mangelhafte Ware.,"ABU Smartlearn Quiz 1. Teil, Moodle-XHTML-Export, hochgeladene Referenzdatei",user_upload:quiz-ABU_Smartlearn_1.Teil-top-20260519-0952.html
abu,Allgemeinbildender Unterricht ABU,abu_l01,ABU,L01,"Kauf und Konsum: Budget, Kaufvertrag und Gewährleistung",medium,single_choice,Welche Aussage zeigt ein korrektes Verständnis von Gewährleistung?,sie erlaubt beliebige Rückgabe ohne Grund,sie ist nur Werbung,sie betrifft nur Mietverträge,sie schützt bei Mängeln an gekauften Produkten,D,Gewährleistung betrifft mangelhafte Ware.,"ABU Smartlearn Quiz 1. Teil, Moodle-XHTML-Export, hochgeladene Referenzdatei",user_upload:quiz-ABU_Smartlearn_1.Teil-top-20260519-0952.html
abu,Allgemeinbildender Unterricht ABU,abu_l01,ABU,L01,"Kauf und Konsum: Budget, Kaufvertrag und Gewährleistung",hard,single_choice,Welche Aussage grenzt Gewährleistung am präzisesten von falschen Vorstellungen ab?,sie schützt bei Mängeln an gekauften Produkten,sie erlaubt beliebige Rückgabe ohne Grund,sie ist nur Werbung,sie betrifft nur Mietverträge,A,Gewährleistung betrifft mangelhafte Ware.,"ABU Smartlearn Quiz 1. Teil, Moodle-XHTML-Export, hochgeladene Referenzdatei",user_upload:quiz-ABU_Smartlearn_1.Teil-top-20260519-0952.html
abu,Allgemeinbildender Unterricht ABU,abu_l01,ABU,L01,"Kauf und Konsum: Budget, Kaufvertrag und Gewährleistung",easy,single_choice,Welche Kurzdefinition passt zu Gewährleistung?,sie erlaubt beliebige Rückgabe ohne Grund,sie schützt bei Mängeln an gekauften Produkten,sie ist nur Werbung,sie betrifft nur Mietverträge,B,Gewährleistung betrifft mangelhafte Ware.,"ABU Smartlearn Quiz 1. Teil, Moodle-XHTML-Export, hochgeladene Referenzdatei",user_upload:quiz-ABU_Smartlearn_1.Teil-top-20260519-0952.html
abu,Allgemeinbildender Unterricht ABU,abu_l01,ABU,L01,"Kauf und Konsum: Budget, Kaufvertrag und Gewährleistung",easy,single_choice,Welche Aussage beschreibt Mangel im ABU am besten?,der Käufer bereut den Kauf,der Preis war zu tief,die Ware entspricht nicht dem vereinbarten oder erwartbaren Zustand,die Verpackung gefällt nicht,C,Ein Mangel kann Rechte des Käufers auslösen.,"ABU Smartlearn Quiz 1. Teil, Moodle-XHTML-Export, hochgeladene Referenzdatei",user_upload:quiz-ABU_Smartlearn_1.Teil-top-20260519-0952.html
abu,Allgemeinbildender Unterricht ABU,abu_l01,ABU,L01,"Kauf und Konsum: Budget, Kaufvertrag und Gewährleistung",medium,single_choice,Worauf muss man beim Thema Mangel besonders achten?,der Käufer bereut den Kauf,der Preis war zu tief,die Verpackung gefällt nicht,die Ware entspricht nicht dem vereinbarten oder erwartbaren Zustand,D,Ein Mangel kann Rechte des Käufers auslösen.,"ABU Smartlearn Quiz 1. Teil, Moodle-XHTML-Export, hochgeladene Referenzdatei",user_upload:quiz-ABU_Smartlearn_1.Teil-top-20260519-0952.html
abu,Allgemeinbildender Unterricht ABU,abu_l01,ABU,L01,"Kauf und Konsum: Budget, Kaufvertrag und Gewährleistung",hard,single_choice,Welche Aussage zu Mangel ist fachlich am korrektesten?,die Ware entspricht nicht dem vereinbarten oder erwartbaren Zustand,der Käufer bereut den Kauf,der Preis war zu tief,die Verpackung gefällt nicht,A,Ein Mangel kann Rechte des Käufers auslösen.,"ABU Smartlearn Quiz 1. Teil, Moodle-XHTML-Export, hochgeladene Referenzdatei",user_upload:quiz-ABU_Smartlearn_1.Teil-top-20260519-0952.html
abu,Allgemeinbildender Unterricht ABU,abu_l01,ABU,L01,"Kauf und Konsum: Budget, Kaufvertrag und Gewährleistung",easy,single_choice,Welche Antwort passt zum Begriff Mangel?,der Käufer bereut den Kauf,die Ware entspricht nicht dem vereinbarten oder erwartbaren Zustand,der Preis war zu tief,die Verpackung gefällt nicht,B,Ein Mangel kann Rechte des Käufers auslösen.,"ABU Smartlearn Quiz 1. Teil, Moodle-XHTML-Export, hochgeladene Referenzdatei",user_upload:quiz-ABU_Smartlearn_1.Teil-top-20260519-0952.html
abu,Allgemeinbildender Unterricht ABU,abu_l01,ABU,L01,"Kauf und Konsum: Budget, Kaufvertrag und Gewährleistung",medium,single_choice,Welche praktische Bedeutung hat Mangel für Lernende?,der Käufer bereut den Kauf,der Preis war zu tief,die Ware entspricht nicht dem vereinbarten oder erwartbaren Zustand,die Verpackung gefällt nicht,C,Ein Mangel kann Rechte des Käufers auslösen.,"ABU Smartlearn Quiz 1. Teil, Moodle-XHTML-Export, hochgeladene Referenzdatei",user_upload:quiz-ABU_Smartlearn_1.Teil-top-20260519-0952.html
abu,Allgemeinbildender Unterricht ABU,abu_l01,ABU,L01,"Kauf und Konsum: Budget, Kaufvertrag und Gewährleistung",hard,single_choice,Welche Erklärung zu Mangel ist im gesellschaftlichen und rechtlichen Kontext richtig?,der Käufer bereut den Kauf,der Preis war zu tief,die Verpackung gefällt nicht,die Ware entspricht nicht dem vereinbarten oder erwartbaren Zustand,D,Ein Mangel kann Rechte des Käufers auslösen.,"ABU Smartlearn Quiz 1. Teil, Moodle-XHTML-Export, hochgeladene Referenzdatei",user_upload:quiz-ABU_Smartlearn_1.Teil-top-20260519-0952.html
abu,Allgemeinbildender Unterricht ABU,abu_l01,ABU,L01,"Kauf und Konsum: Budget, Kaufvertrag und Gewährleistung",easy,single_choice,Was ist bei Mangel grundsätzlich richtig?,die Ware entspricht nicht dem vereinbarten oder erwartbaren Zustand,der Käufer bereut den Kauf,der Preis war zu tief,die Verpackung gefällt nicht,A,Ein Mangel kann Rechte des Käufers auslösen.,"ABU Smartlearn Quiz 1. Teil, Moodle-XHTML-Export, hochgeladene Referenzdatei",user_upload:quiz-ABU_Smartlearn_1.Teil-top-20260519-0952.html
abu,Allgemeinbildender Unterricht ABU,abu_l01,ABU,L01,"Kauf und Konsum: Budget, Kaufvertrag und Gewährleistung",medium,single_choice,Welche Aussage zeigt ein korrektes Verständnis von Mangel?,der Käufer bereut den Kauf,die Ware entspricht nicht dem vereinbarten oder erwartbaren Zustand,der Preis war zu tief,die Verpackung gefällt nicht,B,Ein Mangel kann Rechte des Käufers auslösen.,"ABU Smartlearn Quiz 1. Teil, Moodle-XHTML-Export, hochgeladene Referenzdatei",user_upload:quiz-ABU_Smartlearn_1.Teil-top-20260519-0952.html
abu,Allgemeinbildender Unterricht ABU,abu_l01,ABU,L01,"Kauf und Konsum: Budget, Kaufvertrag und Gewährleistung",hard,single_choice,Welche Aussage grenzt Mangel am präzisesten von falschen Vorstellungen ab?,der Käufer bereut den Kauf,der Preis war zu tief,die Ware entspricht nicht dem vereinbarten oder erwartbaren Zustand,die Verpackung gefällt nicht,C,Ein Mangel kann Rechte des Käufers auslösen.,"ABU Smartlearn Quiz 1. Teil, Moodle-XHTML-Export, hochgeladene Referenzdatei",user_upload:quiz-ABU_Smartlearn_1.Teil-top-20260519-0952.html
abu,Allgemeinbildender Unterricht ABU,abu_l01,ABU,L01,"Kauf und Konsum: Budget, Kaufvertrag und Gewährleistung",easy,single_choice,Welche Kurzdefinition passt zu Mangel?,der Käufer bereut den Kauf,der Preis war zu tief,die Verpackung gefällt nicht,die Ware entspricht nicht dem vereinbarten oder erwartbaren Zustand,D,Ein Mangel kann Rechte des Käufers auslösen.,"ABU Smartlearn Quiz 1. Teil, Moodle-XHTML-Export, hochgeladene Referenzdatei",user_upload:quiz-ABU_Smartlearn_1.Teil-top-20260519-0952.html
abu,Allgemeinbildender Unterricht ABU,abu_l01,ABU,L01,"Kauf und Konsum: Budget, Kaufvertrag und Gewährleistung",easy,single_choice,Welche Aussage beschreibt Kaufvertragsstörung im ABU am besten?,eine Vertragspartei erfüllt ihre Pflicht nicht korrekt,der Vertrag wird vorbildlich erfüllt,alle zahlen pünktlich,die Ware ist mängelfrei,A,"Störungen können Lieferung, Zahlung oder Qualität betreffen.","ABU Smartlearn Quiz 1. Teil, Moodle-XHTML-Export, hochgeladene Referenzdatei",user_upload:quiz-ABU_Smartlearn_1.Teil-top-20260519-0952.html
abu,Allgemeinbildender Unterricht ABU,abu_l01,ABU,L01,"Kauf und Konsum: Budget, Kaufvertrag und Gewährleistung",medium,single_choice,Worauf muss man beim Thema Kaufvertragsstörung besonders achten?,der Vertrag wird vorbildlich erfüllt,eine Vertragspartei erfüllt ihre Pflicht nicht korrekt,alle zahlen pünktlich,die Ware ist mängelfrei,B,"Störungen können Lieferung, Zahlung oder Qualität betreffen.","ABU Smartlearn Quiz 1. Teil, Moodle-XHTML-Export, hochgeladene Referenzdatei",user_upload:quiz-ABU_Smartlearn_1.Teil-top-20260519-0952.html
abu,Allgemeinbildender Unterricht ABU,abu_l01,ABU,L01,"Kauf und Konsum: Budget, Kaufvertrag und Gewährleistung",hard,single_choice,Welche Aussage zu Kaufvertragsstörung ist fachlich am korrektesten?,der Vertrag wird vorbildlich erfüllt,alle zahlen pünktlich,eine Vertragspartei erfüllt ihre Pflicht nicht korrekt,die Ware ist mängelfrei,C,"Störungen können Lieferung, Zahlung oder Qualität betreffen.","ABU Smartlearn Quiz 1. Teil, Moodle-XHTML-Export, hochgeladene Referenzdatei",user_upload:quiz-ABU_Smartlearn_1.Teil-top-20260519-0952.html
abu,Allgemeinbildender Unterricht ABU,abu_l01,ABU,L01,"Kauf und Konsum: Budget, Kaufvertrag und Gewährleistung",easy,single_choice,Welche Antwort passt zum Begriff Kaufvertragsstörung?,der Vertrag wird vorbildlich erfüllt,alle zahlen pünktlich,die Ware ist mängelfrei,eine Vertragspartei erfüllt ihre Pflicht nicht korrekt,D,"Störungen können Lieferung, Zahlung oder Qualität betreffen.","ABU Smartlearn Quiz 1. Teil, Moodle-XHTML-Export, hochgeladene Referenzdatei",user_upload:quiz-ABU_Smartlearn_1.Teil-top-20260519-0952.html
abu,Allgemeinbildender Unterricht ABU,abu_l01,ABU,L01,"Kauf und Konsum: Budget, Kaufvertrag und Gewährleistung",medium,single_choice,Welche praktische Bedeutung hat Kaufvertragsstörung für Lernende?,eine Vertragspartei erfüllt ihre Pflicht nicht korrekt,der Vertrag wird vorbildlich erfüllt,alle zahlen pünktlich,die Ware ist mängelfrei,A,"Störungen können Lieferung, Zahlung oder Qualität betreffen.","ABU Smartlearn Quiz 1. Teil, Moodle-XHTML-Export, hochgeladene Referenzdatei",user_upload:quiz-ABU_Smartlearn_1.Teil-top-20260519-0952.html
abu,Allgemeinbildender Unterricht ABU,abu_l01,ABU,L01,"Kauf und Konsum: Budget, Kaufvertrag und Gewährleistung",hard,single_choice,Welche Erklärung zu Kaufvertragsstörung ist im gesellschaftlichen und rechtlichen Kontext richtig?,der Vertrag wird vorbildlich erfüllt,eine Vertragspartei erfüllt ihre Pflicht nicht korrekt,alle zahlen pünktlich,die Ware ist mängelfrei,B,"Störungen können Lieferung, Zahlung oder Qualität betreffen.","ABU Smartlearn Quiz 1. Teil, Moodle-XHTML-Export, hochgeladene Referenzdatei",user_upload:quiz-ABU_Smartlearn_1.Teil-top-20260519-0952.html
abu,Allgemeinbildender Unterricht ABU,abu_l01,ABU,L01,"Kauf und Konsum: Budget, Kaufvertrag und Gewährleistung",easy,single_choice,Was ist bei Kaufvertragsstörung grundsätzlich richtig?,der Vertrag wird vorbildlich erfüllt,alle zahlen pünktlich,eine Vertragspartei erfüllt ihre Pflicht nicht korrekt,die Ware ist mängelfrei,C,"Störungen können Lieferung, Zahlung oder Qualität betreffen.","ABU Smartlearn Quiz 1. Teil, Moodle-XHTML-Export, hochgeladene Referenzdatei",user_upload:quiz-ABU_Smartlearn_1.Teil-top-20260519-0952.html
abu,Allgemeinbildender Unterricht ABU,abu_l01,ABU,L01,"Kauf und Konsum: Budget, Kaufvertrag und Gewährleistung",medium,single_choice,Welche Aussage zeigt ein korrektes Verständnis von Kaufvertragsstörung?,der Vertrag wird vorbildlich erfüllt,alle zahlen pünktlich,die Ware ist mängelfrei,eine Vertragspartei erfüllt ihre Pflicht nicht korrekt,D,"Störungen können Lieferung, Zahlung oder Qualität betreffen.","ABU Smartlearn Quiz 1. Teil, Moodle-XHTML-Export, hochgeladene Referenzdatei",user_upload:quiz-ABU_Smartlearn_1.Teil-top-20260519-0952.html
abu,Allgemeinbildender Unterricht ABU,abu_l01,ABU,L01,"Kauf und Konsum: Budget, Kaufvertrag und Gewährleistung",hard,single_choice,Welche Aussage grenzt Kaufvertragsstörung am präzisesten von falschen Vorstellungen ab?,eine Vertragspartei erfüllt ihre Pflicht nicht korrekt,der Vertrag wird vorbildlich erfüllt,alle zahlen pünktlich,die Ware ist mängelfrei,A,"Störungen können Lieferung, Zahlung oder Qualität betreffen.","ABU Smartlearn Quiz 1. Teil, Moodle-XHTML-Export, hochgeladene Referenzdatei",user_upload:quiz-ABU_Smartlearn_1.Teil-top-20260519-0952.html
abu,Allgemeinbildender Unterricht ABU,abu_l01,ABU,L01,"Kauf und Konsum: Budget, Kaufvertrag und Gewährleistung",easy,single_choice,Welche Kurzdefinition passt zu Kaufvertragsstörung?,der Vertrag wird vorbildlich erfüllt,eine Vertragspartei erfüllt ihre Pflicht nicht korrekt,alle zahlen pünktlich,die Ware ist mängelfrei,B,"Störungen können Lieferung, Zahlung oder Qualität betreffen.","ABU Smartlearn Quiz 1. Teil, Moodle-XHTML-Export, hochgeladene Referenzdatei",user_upload:quiz-ABU_Smartlearn_1.Teil-top-20260519-0952.html
abu,Allgemeinbildender Unterricht ABU,abu_l01,ABU,L01,"Kauf und Konsum: Budget, Kaufvertrag und Gewährleistung",easy,single_choice,Welche Aussage beschreibt Mängelrüge im ABU am besten?,man wartet ohne Meldung,man entsorgt Beweise sofort,ein Mangel wird dem Verkäufer rechtzeitig gemeldet,man bezahlt doppelt,C,Eine rechtzeitige Mängelrüge sichert Ansprüche.,"ABU Smartlearn Quiz 1. Teil, Moodle-XHTML-Export, hochgeladene Referenzdatei",user_upload:quiz-ABU_Smartlearn_1.Teil-top-20260519-0952.html
abu,Allgemeinbildender Unterricht ABU,abu_l01,ABU,L01,"Kauf und Konsum: Budget, Kaufvertrag und Gewährleistung",medium,single_choice,Worauf muss man beim Thema Mängelrüge besonders achten?,man wartet ohne Meldung,man entsorgt Beweise sofort,man bezahlt doppelt,ein Mangel wird dem Verkäufer rechtzeitig gemeldet,D,Eine rechtzeitige Mängelrüge sichert Ansprüche.,"ABU Smartlearn Quiz 1. Teil, Moodle-XHTML-Export, hochgeladene Referenzdatei",user_upload:quiz-ABU_Smartlearn_1.Teil-top-20260519-0952.html
abu,Allgemeinbildender Unterricht ABU,abu_l01,ABU,L01,"Kauf und Konsum: Budget, Kaufvertrag und Gewährleistung",hard,single_choice,Welche Aussage zu Mängelrüge ist fachlich am korrektesten?,ein Mangel wird dem Verkäufer rechtzeitig gemeldet,man wartet ohne Meldung,man entsorgt Beweise sofort,man bezahlt doppelt,A,Eine rechtzeitige Mängelrüge sichert Ansprüche.,"ABU Smartlearn Quiz 1. Teil, Moodle-XHTML-Export, hochgeladene Referenzdatei",user_upload:quiz-ABU_Smartlearn_1.Teil-top-20260519-0952.html
abu,Allgemeinbildender Unterricht ABU,abu_l01,ABU,L01,"Kauf und Konsum: Budget, Kaufvertrag und Gewährleistung",easy,single_choice,Welche Antwort passt zum Begriff Mängelrüge?,man wartet ohne Meldung,ein Mangel wird dem Verkäufer rechtzeitig gemeldet,man entsorgt Beweise sofort,man bezahlt doppelt,B,Eine rechtzeitige Mängelrüge sichert Ansprüche.,"ABU Smartlearn Quiz 1. Teil, Moodle-XHTML-Export, hochgeladene Referenzdatei",user_upload:quiz-ABU_Smartlearn_1.Teil-top-20260519-0952.html
abu,Allgemeinbildender Unterricht ABU,abu_l01,ABU,L01,"Kauf und Konsum: Budget, Kaufvertrag und Gewährleistung",medium,single_choice,Welche praktische Bedeutung hat Mängelrüge für Lernende?,man wartet ohne Meldung,man entsorgt Beweise sofort,ein Mangel wird dem Verkäufer rechtzeitig gemeldet,man bezahlt doppelt,C,Eine rechtzeitige Mängelrüge sichert Ansprüche.,"ABU Smartlearn Quiz 1. Teil, Moodle-XHTML-Export, hochgeladene Referenzdatei",user_upload:quiz-ABU_Smartlearn_1.Teil-top-20260519-0952.html
abu,Allgemeinbildender Unterricht ABU,abu_l01,ABU,L01,"Kauf und Konsum: Budget, Kaufvertrag und Gewährleistung",hard,single_choice,Welche Erklärung zu Mängelrüge ist im gesellschaftlichen und rechtlichen Kontext richtig?,man wartet ohne Meldung,man entsorgt Beweise sofort,man bezahlt doppelt,ein Mangel wird dem Verkäufer rechtzeitig gemeldet,D,Eine rechtzeitige Mängelrüge sichert Ansprüche.,"ABU Smartlearn Quiz 1. Teil, Moodle-XHTML-Export, hochgeladene Referenzdatei",user_upload:quiz-ABU_Smartlearn_1.Teil-top-20260519-0952.html
abu,Allgemeinbildender Unterricht ABU,abu_l01,ABU,L01,"Kauf und Konsum: Budget, Kaufvertrag und Gewährleistung",easy,single_choice,Was ist bei Mängelrüge grundsätzlich richtig?,ein Mangel wird dem Verkäufer rechtzeitig gemeldet,man wartet ohne Meldung,man entsorgt Beweise sofort,man bezahlt doppelt,A,Eine rechtzeitige Mängelrüge sichert Ansprüche.,"ABU Smartlearn Quiz 1. Teil, Moodle-XHTML-Export, hochgeladene Referenzdatei",user_upload:quiz-ABU_Smartlearn_1.Teil-top-20260519-0952.html
abu,Allgemeinbildender Unterricht ABU,abu_l01,ABU,L01,"Kauf und Konsum: Budget, Kaufvertrag und Gewährleistung",medium,single_choice,Welche Aussage zeigt ein korrektes Verständnis von Mängelrüge?,man wartet ohne Meldung,ein Mangel wird dem Verkäufer rechtzeitig gemeldet,man entsorgt Beweise sofort,man bezahlt doppelt,B,Eine rechtzeitige Mängelrüge sichert Ansprüche.,"ABU Smartlearn Quiz 1. Teil, Moodle-XHTML-Export, hochgeladene Referenzdatei",user_upload:quiz-ABU_Smartlearn_1.Teil-top-20260519-0952.html
abu,Allgemeinbildender Unterricht ABU,abu_l01,ABU,L01,"Kauf und Konsum: Budget, Kaufvertrag und Gewährleistung",hard,single_choice,Welche Aussage grenzt Mängelrüge am präzisesten von falschen Vorstellungen ab?,man wartet ohne Meldung,man entsorgt Beweise sofort,ein Mangel wird dem Verkäufer rechtzeitig gemeldet,man bezahlt doppelt,C,Eine rechtzeitige Mängelrüge sichert Ansprüche.,"ABU Smartlearn Quiz 1. Teil, Moodle-XHTML-Export, hochgeladene Referenzdatei",user_upload:quiz-ABU_Smartlearn_1.Teil-top-20260519-0952.html
abu,Allgemeinbildender Unterricht ABU,abu_l01,ABU,L01,"Kauf und Konsum: Budget, Kaufvertrag und Gewährleistung",easy,single_choice,Welche Kurzdefinition passt zu Mängelrüge?,man wartet ohne Meldung,man entsorgt Beweise sofort,man bezahlt doppelt,ein Mangel wird dem Verkäufer rechtzeitig gemeldet,D,Eine rechtzeitige Mängelrüge sichert Ansprüche.,"ABU Smartlearn Quiz 1. Teil, Moodle-XHTML-Export, hochgeladene Referenzdatei",user_upload:quiz-ABU_Smartlearn_1.Teil-top-20260519-0952.html
abu,Allgemeinbildender Unterricht ABU,abu_l02,ABU,L02,"Kauf und Konsum: Kredit, Betreibung und Bankgeschäfte",easy,single_choice,Welche Aussage beschreibt Konsumkredit im ABU am besten?,geliehenes Geld wird für private Konsumzwecke genutzt,er ist immer kostenlos,er ersetzt jedes Einkommen,er ist nur für Unternehmen erlaubt,A,Konsumkredite verursachen Rückzahlungspflichten und Zinsen.,"ABU Smartlearn Quiz 1. Teil, Moodle-XHTML-Export, hochgeladene Referenzdatei",user_upload:quiz-ABU_Smartlearn_1.Teil-top-20260519-0952.html
abu,Allgemeinbildender Unterricht ABU,abu_l02,ABU,L02,"Kauf und Konsum: Kredit, Betreibung und Bankgeschäfte",medium,single_choice,Worauf muss man beim Thema Konsumkredit besonders achten?,er ist immer kostenlos,geliehenes Geld wird für private Konsumzwecke genutzt,er ersetzt jedes Einkommen,er ist nur für Unternehmen erlaubt,B,Konsumkredite verursachen Rückzahlungspflichten und Zinsen.,"ABU Smartlearn Quiz 1. Teil, Moodle-XHTML-Export, hochgeladene Referenzdatei",user_upload:quiz-ABU_Smartlearn_1.Teil-top-20260519-0952.html
abu,Allgemeinbildender Unterricht ABU,abu_l02,ABU,L02,"Kauf und Konsum: Kredit, Betreibung und Bankgeschäfte",hard,single_choice,Welche Aussage zu Konsumkredit ist fachlich am korrektesten?,er ist immer kostenlos,er ersetzt jedes Einkommen,geliehenes Geld wird für private Konsumzwecke genutzt,er ist nur für Unternehmen erlaubt,C,Konsumkredite verursachen Rückzahlungspflichten und Zinsen.,"ABU Smartlearn Quiz 1. Teil, Moodle-XHTML-Export, hochgeladene Referenzdatei",user_upload:quiz-ABU_Smartlearn_1.Teil-top-20260519-0952.html
abu,Allgemeinbildender Unterricht ABU,abu_l02,ABU,L02,"Kauf und Konsum: Kredit, Betreibung und Bankgeschäfte",easy,single_choice,Welche Antwort passt zum Begriff Konsumkredit?,er ist immer kostenlos,er ersetzt jedes Einkommen,er ist nur für Unternehmen erlaubt,geliehenes Geld wird für private Konsumzwecke genutzt,D,Konsumkredite verursachen Rückzahlungspflichten und Zinsen.,"ABU Smartlearn Quiz 1. Teil, Moodle-XHTML-Export, hochgeladene Referenzdatei",user_upload:quiz-ABU_Smartlearn_1.Teil-top-20260519-0952.html
abu,Allgemeinbildender Unterricht ABU,abu_l02,ABU,L02,"Kauf und Konsum: Kredit, Betreibung und Bankgeschäfte",medium,single_choice,Welche praktische Bedeutung hat Konsumkredit für Lernende?,geliehenes Geld wird für private Konsumzwecke genutzt,er ist immer kostenlos,er ersetzt jedes Einkommen,er ist nur für Unternehmen erlaubt,A,Konsumkredite verursachen Rückzahlungspflichten und Zinsen.,"ABU Smartlearn Quiz 1. Teil, Moodle-XHTML-Export, hochgeladene Referenzdatei",user_upload:quiz-ABU_Smartlearn_1.Teil-top-20260519-0952.html
abu,Allgemeinbildender Unterricht ABU,abu_l02,ABU,L02,"Kauf und Konsum: Kredit, Betreibung und Bankgeschäfte",hard,single_choice,Welche Erklärung zu Konsumkredit ist im gesellschaftlichen und rechtlichen Kontext richtig?,er ist immer kostenlos,geliehenes Geld wird für private Konsumzwecke genutzt,er ersetzt jedes Einkommen,er ist nur für Unternehmen erlaubt,B,Konsumkredite verursachen Rückzahlungspflichten und Zinsen.,"ABU Smartlearn Quiz 1. Teil, Moodle-XHTML-Export, hochgeladene Referenzdatei",user_upload:quiz-ABU_Smartlearn_1.Teil-top-20260519-0952.html
abu,Allgemeinbildender Unterricht ABU,abu_l02,ABU,L02,"Kauf und Konsum: Kredit, Betreibung und Bankgeschäfte",easy,single_choice,Was ist bei Konsumkredit grundsätzlich richtig?,er ist immer kostenlos,er ersetzt jedes Einkommen,geliehenes Geld wird für private Konsumzwecke genutzt,er ist nur für Unternehmen erlaubt,C,Konsumkredite verursachen Rückzahlungspflichten und Zinsen.,"ABU Smartlearn Quiz 1. Teil, Moodle-XHTML-Export, hochgeladene Referenzdatei",user_upload:quiz-ABU_Smartlearn_1.Teil-top-20260519-0952.html
abu,Allgemeinbildender Unterricht ABU,abu_l02,ABU,L02,"Kauf und Konsum: Kredit, Betreibung und Bankgeschäfte",medium,single_choice,Welche Aussage zeigt ein korrektes Verständnis von Konsumkredit?,er ist immer kostenlos,er ersetzt jedes Einkommen,er ist nur für Unternehmen erlaubt,geliehenes Geld wird für private Konsumzwecke genutzt,D,Konsumkredite verursachen Rückzahlungspflichten und Zinsen.,"ABU Smartlearn Quiz 1. Teil, Moodle-XHTML-Export, hochgeladene Referenzdatei",user_upload:quiz-ABU_Smartlearn_1.Teil-top-20260519-0952.html
abu,Allgemeinbildender Unterricht ABU,abu_l02,ABU,L02,"Kauf und Konsum: Kredit, Betreibung und Bankgeschäfte",hard,single_choice,Welche Aussage grenzt Konsumkredit am präzisesten von falschen Vorstellungen ab?,geliehenes Geld wird für private Konsumzwecke genutzt,er ist immer kostenlos,er ersetzt jedes Einkommen,er ist nur für Unternehmen erlaubt,A,Konsumkredite verursachen Rückzahlungspflichten und Zinsen.,"ABU Smartlearn Quiz 1. Teil, Moodle-XHTML-Export, hochgeladene Referenzdatei",user_upload:quiz-ABU_Smartlearn_1.Teil-top-20260519-0952.html
abu,Allgemeinbildender Unterricht ABU,abu_l02,ABU,L02,"Kauf und Konsum: Kredit, Betreibung und Bankgeschäfte",easy,single_choice,Welche Kurzdefinition passt zu Konsumkredit?,er ist immer kostenlos,geliehenes Geld wird für private Konsumzwecke genutzt,er ersetzt jedes Einkommen,er ist nur für Unternehmen erlaubt,B,Konsumkredite verursachen Rückzahlungspflichten und Zinsen.,"ABU Smartlearn Quiz 1. Teil, Moodle-XHTML-Export, hochgeladene Referenzdatei",user_upload:quiz-ABU_Smartlearn_1.Teil-top-20260519-0952.html
abu,Allgemeinbildender Unterricht ABU,abu_l02,ABU,L02,"Kauf und Konsum: Kredit, Betreibung und Bankgeschäfte",easy,single_choice,Welche Aussage beschreibt Konsumkreditgesetz im ABU am besten?,es verbietet jedes Bankkonto,es betrifft nur Mietwohnungen,es schützt Konsumenten vor Überschuldung und regelt Kreditverträge,es regelt ausschliesslich Erbschaften,C,Das KKG enthält Schutzvorschriften für Konsumkredite.,"ABU Smartlearn Quiz 1. Teil, Moodle-XHTML-Export, hochgeladene Referenzdatei",user_upload:quiz-ABU_Smartlearn_1.Teil-top-20260519-0952.html
abu,Allgemeinbildender Unterricht ABU,abu_l02,ABU,L02,"Kauf und Konsum: Kredit, Betreibung und Bankgeschäfte",medium,single_choice,Worauf muss man beim Thema Konsumkreditgesetz besonders achten?,es verbietet jedes Bankkonto,es betrifft nur Mietwohnungen,es regelt ausschliesslich Erbschaften,es schützt Konsumenten vor Überschuldung und regelt Kreditverträge,D,Das KKG enthält Schutzvorschriften für Konsumkredite.,"ABU Smartlearn Quiz 1. Teil, Moodle-XHTML-Export, hochgeladene Referenzdatei",user_upload:quiz-ABU_Smartlearn_1.Teil-top-20260519-0952.html
abu,Allgemeinbildender Unterricht ABU,abu_l02,ABU,L02,"Kauf und Konsum: Kredit, Betreibung und Bankgeschäfte",hard,single_choice,Welche Aussage zu Konsumkreditgesetz ist fachlich am korrektesten?,es schützt Konsumenten vor Überschuldung und regelt Kreditverträge,es verbietet jedes Bankkonto,es betrifft nur Mietwohnungen,es regelt ausschliesslich Erbschaften,A,Das KKG enthält Schutzvorschriften für Konsumkredite.,"ABU Smartlearn Quiz 1. Teil, Moodle-XHTML-Export, hochgeladene Referenzdatei",user_upload:quiz-ABU_Smartlearn_1.Teil-top-20260519-0952.html
abu,Allgemeinbildender Unterricht ABU,abu_l02,ABU,L02,"Kauf und Konsum: Kredit, Betreibung und Bankgeschäfte",easy,single_choice,Welche Antwort passt zum Begriff Konsumkreditgesetz?,es verbietet jedes Bankkonto,es schützt Konsumenten vor Überschuldung und regelt Kreditverträge,es betrifft nur Mietwohnungen,es regelt ausschliesslich Erbschaften,B,Das KKG enthält Schutzvorschriften für Konsumkredite.,"ABU Smartlearn Quiz 1. Teil, Moodle-XHTML-Export, hochgeladene Referenzdatei",user_upload:quiz-ABU_Smartlearn_1.Teil-top-20260519-0952.html
abu,Allgemeinbildender Unterricht ABU,abu_l02,ABU,L02,"Kauf und Konsum: Kredit, Betreibung und Bankgeschäfte",medium,single_choice,Welche praktische Bedeutung hat Konsumkreditgesetz für Lernende?,es verbietet jedes Bankkonto,es betrifft nur Mietwohnungen,es schützt Konsumenten vor Überschuldung und regelt Kreditverträge,es regelt ausschliesslich Erbschaften,C,Das KKG enthält Schutzvorschriften für Konsumkredite.,"ABU Smartlearn Quiz 1. Teil, Moodle-XHTML-Export, hochgeladene Referenzdatei",user_upload:quiz-ABU_Smartlearn_1.Teil-top-20260519-0952.html
abu,Allgemeinbildender Unterricht ABU,abu_l02,ABU,L02,"Kauf und Konsum: Kredit, Betreibung und Bankgeschäfte",hard,single_choice,Welche Erklärung zu Konsumkreditgesetz ist im gesellschaftlichen und rechtlichen Kontext richtig?,es verbietet jedes Bankkonto,es betrifft nur Mietwohnungen,es regelt ausschliesslich Erbschaften,es schützt Konsumenten vor Überschuldung und regelt Kreditverträge,D,Das KKG enthält Schutzvorschriften für Konsumkredite.,"ABU Smartlearn Quiz 1. Teil, Moodle-XHTML-Export, hochgeladene Referenzdatei",user_upload:quiz-ABU_Smartlearn_1.Teil-top-20260519-0952.html
abu,Allgemeinbildender Unterricht ABU,abu_l02,ABU,L02,"Kauf und Konsum: Kredit, Betreibung und Bankgeschäfte",easy,single_choice,Was ist bei Konsumkreditgesetz grundsätzlich richtig?,es schützt Konsumenten vor Überschuldung und regelt Kreditverträge,es verbietet jedes Bankkonto,es betrifft nur Mietwohnungen,es regelt ausschliesslich Erbschaften,A,Das KKG enthält Schutzvorschriften für Konsumkredite.,"ABU Smartlearn Quiz 1. Teil, Moodle-XHTML-Export, hochgeladene Referenzdatei",user_upload:quiz-ABU_Smartlearn_1.Teil-top-20260519-0952.html
abu,Allgemeinbildender Unterricht ABU,abu_l02,ABU,L02,"Kauf und Konsum: Kredit, Betreibung und Bankgeschäfte",medium,single_choice,Welche Aussage zeigt ein korrektes Verständnis von Konsumkreditgesetz?,es verbietet jedes Bankkonto,es schützt Konsumenten vor Überschuldung und regelt Kreditverträge,es betrifft nur Mietwohnungen,es regelt ausschliesslich Erbschaften,B,Das KKG enthält Schutzvorschriften für Konsumkredite.,"ABU Smartlearn Quiz 1. Teil, Moodle-XHTML-Export, hochgeladene Referenzdatei",user_upload:quiz-ABU_Smartlearn_1.Teil-top-20260519-0952.html
abu,Allgemeinbildender Unterricht ABU,abu_l02,ABU,L02,"Kauf und Konsum: Kredit, Betreibung und Bankgeschäfte",hard,single_choice,Welche Aussage grenzt Konsumkreditgesetz am präzisesten von falschen Vorstellungen ab?,es verbietet jedes Bankkonto,es betrifft nur Mietwohnungen,es schützt Konsumenten vor Überschuldung und regelt Kreditverträge,es regelt ausschliesslich Erbschaften,C,Das KKG enthält Schutzvorschriften für Konsumkredite.,"ABU Smartlearn Quiz 1. Teil, Moodle-XHTML-Export, hochgeladene Referenzdatei",user_upload:quiz-ABU_Smartlearn_1.Teil-top-20260519-0952.html
abu,Allgemeinbildender Unterricht ABU,abu_l02,ABU,L02,"Kauf und Konsum: Kredit, Betreibung und Bankgeschäfte",easy,single_choice,Welche Kurzdefinition passt zu Konsumkreditgesetz?,es verbietet jedes Bankkonto,es betrifft nur Mietwohnungen,es regelt ausschliesslich Erbschaften,es schützt Konsumenten vor Überschuldung und regelt Kreditverträge,D,Das KKG enthält Schutzvorschriften für Konsumkredite.,"ABU Smartlearn Quiz 1. Teil, Moodle-XHTML-Export, hochgeladene Referenzdatei",user_upload:quiz-ABU_Smartlearn_1.Teil-top-20260519-0952.html
abu,Allgemeinbildender Unterricht ABU,abu_l02,ABU,L02,"Kauf und Konsum: Kredit, Betreibung und Bankgeschäfte",easy,single_choice,Welche Aussage beschreibt Leasing im ABU am besten?,"ein Gegenstand wird gegen Raten genutzt, ohne sofort Eigentum zu erwerben",es ist immer ein Geschenk,es beendet alle Versicherungen,es ist gleich wie Barzahlung,A,Leasing bindet über eine Vertragsdauer.,"ABU Smartlearn Quiz 1. Teil, Moodle-XHTML-Export, hochgeladene Referenzdatei",user_upload:quiz-ABU_Smartlearn_1.Teil-top-20260519-0952.html
abu,Allgemeinbildender Unterricht ABU,abu_l02,ABU,L02,"Kauf und Konsum: Kredit, Betreibung und Bankgeschäfte",medium,single_choice,Worauf muss man beim Thema Leasing besonders achten?,es ist immer ein Geschenk,"ein Gegenstand wird gegen Raten genutzt, ohne sofort Eigentum zu erwerben",es beendet alle Versicherungen,es ist gleich wie Barzahlung,B,Leasing bindet über eine Vertragsdauer.,"ABU Smartlearn Quiz 1. Teil, Moodle-XHTML-Export, hochgeladene Referenzdatei",user_upload:quiz-ABU_Smartlearn_1.Teil-top-20260519-0952.html
abu,Allgemeinbildender Unterricht ABU,abu_l02,ABU,L02,"Kauf und Konsum: Kredit, Betreibung und Bankgeschäfte",hard,single_choice,Welche Aussage zu Leasing ist fachlich am korrektesten?,es ist immer ein Geschenk,es beendet alle Versicherungen,"ein Gegenstand wird gegen Raten genutzt, ohne sofort Eigentum zu erwerben",es ist gleich wie Barzahlung,C,Leasing bindet über eine Vertragsdauer.,"ABU Smartlearn Quiz 1. Teil, Moodle-XHTML-Export, hochgeladene Referenzdatei",user_upload:quiz-ABU_Smartlearn_1.Teil-top-20260519-0952.html
abu,Allgemeinbildender Unterricht ABU,abu_l02,ABU,L02,"Kauf und Konsum: Kredit, Betreibung und Bankgeschäfte",easy,single_choice,Welche Antwort passt zum Begriff Leasing?,es ist immer ein Geschenk,es beendet alle Versicherungen,es ist gleich wie Barzahlung,"ein Gegenstand wird gegen Raten genutzt, ohne sofort Eigentum zu erwerben",D,Leasing bindet über eine Vertragsdauer.,"ABU Smartlearn Quiz 1. Teil, Moodle-XHTML-Export, hochgeladene Referenzdatei",user_upload:quiz-ABU_Smartlearn_1.Teil-top-20260519-0952.html
abu,Allgemeinbildender Unterricht ABU,abu_l02,ABU,L02,"Kauf und Konsum: Kredit, Betreibung und Bankgeschäfte",medium,single_choice,Welche praktische Bedeutung hat Leasing für Lernende?,"ein Gegenstand wird gegen Raten genutzt, ohne sofort Eigentum zu erwerben",es ist immer ein Geschenk,es beendet alle Versicherungen,es ist gleich wie Barzahlung,A,Leasing bindet über eine Vertragsdauer.,"ABU Smartlearn Quiz 1. Teil, Moodle-XHTML-Export, hochgeladene Referenzdatei",user_upload:quiz-ABU_Smartlearn_1.Teil-top-20260519-0952.html
abu,Allgemeinbildender Unterricht ABU,abu_l02,ABU,L02,"Kauf und Konsum: Kredit, Betreibung und Bankgeschäfte",hard,single_choice,Welche Erklärung zu Leasing ist im gesellschaftlichen und rechtlichen Kontext richtig?,es ist immer ein Geschenk,"ein Gegenstand wird gegen Raten genutzt, ohne sofort Eigentum zu erwerben",es beendet alle Versicherungen,es ist gleich wie Barzahlung,B,Leasing bindet über eine Vertragsdauer.,"ABU Smartlearn Quiz 1. Teil, Moodle-XHTML-Export, hochgeladene Referenzdatei",user_upload:quiz-ABU_Smartlearn_1.Teil-top-20260519-0952.html
abu,Allgemeinbildender Unterricht ABU,abu_l02,ABU,L02,"Kauf und Konsum: Kredit, Betreibung und Bankgeschäfte",easy,single_choice,Was ist bei Leasing grundsätzlich richtig?,es ist immer ein Geschenk,es beendet alle Versicherungen,"ein Gegenstand wird gegen Raten genutzt, ohne sofort Eigentum zu erwerben",es ist gleich wie Barzahlung,C,Leasing bindet über eine Vertragsdauer.,"ABU Smartlearn Quiz 1. Teil, Moodle-XHTML-Export, hochgeladene Referenzdatei",user_upload:quiz-ABU_Smartlearn_1.Teil-top-20260519-0952.html
abu,Allgemeinbildender Unterricht ABU,abu_l02,ABU,L02,"Kauf und Konsum: Kredit, Betreibung und Bankgeschäfte",medium,single_choice,Welche Aussage zeigt ein korrektes Verständnis von Leasing?,es ist immer ein Geschenk,es beendet alle Versicherungen,es ist gleich wie Barzahlung,"ein Gegenstand wird gegen Raten genutzt, ohne sofort Eigentum zu erwerben",D,Leasing bindet über eine Vertragsdauer.,"ABU Smartlearn Quiz 1. Teil, Moodle-XHTML-Export, hochgeladene Referenzdatei",user_upload:quiz-ABU_Smartlearn_1.Teil-top-20260519-0952.html
abu,Allgemeinbildender Unterricht ABU,abu_l02,ABU,L02,"Kauf und Konsum: Kredit, Betreibung und Bankgeschäfte",hard,single_choice,Welche Aussage grenzt Leasing am präzisesten von falschen Vorstellungen ab?,"ein Gegenstand wird gegen Raten genutzt, ohne sofort Eigentum zu erwerben",es ist immer ein Geschenk,es beendet alle Versicherungen,es ist gleich wie Barzahlung,A,Leasing bindet über eine Vertragsdauer.,"ABU Smartlearn Quiz 1. Teil, Moodle-XHTML-Export, hochgeladene Referenzdatei",user_upload:quiz-ABU_Smartlearn_1.Teil-top-20260519-0952.html
abu,Allgemeinbildender Unterricht ABU,abu_l02,ABU,L02,"Kauf und Konsum: Kredit, Betreibung und Bankgeschäfte",easy,single_choice,Welche Kurzdefinition passt zu Leasing?,es ist immer ein Geschenk,"ein Gegenstand wird gegen Raten genutzt, ohne sofort Eigentum zu erwerben",es beendet alle Versicherungen,es ist gleich wie Barzahlung,B,Leasing bindet über eine Vertragsdauer.,"ABU Smartlearn Quiz 1. Teil, Moodle-XHTML-Export, hochgeladene Referenzdatei",user_upload:quiz-ABU_Smartlearn_1.Teil-top-20260519-0952.html
abu,Allgemeinbildender Unterricht ABU,abu_l02,ABU,L02,"Kauf und Konsum: Kredit, Betreibung und Bankgeschäfte",easy,single_choice,Welche Aussage beschreibt Zins im ABU am besten?,er ist eine Steuerrechnung,er ist eine Garantiefrist,er ist der Preis für geliehenes Geld,er ist ein Mietmangel,C,Zinsen erhöhen die Gesamtkosten eines Kredits.,"ABU Smartlearn Quiz 1. Teil, Moodle-XHTML-Export, hochgeladene Referenzdatei",user_upload:quiz-ABU_Smartlearn_1.Teil-top-20260519-0952.html
abu,Allgemeinbildender Unterricht ABU,abu_l02,ABU,L02,"Kauf und Konsum: Kredit, Betreibung und Bankgeschäfte",medium,single_choice,Worauf muss man beim Thema Zins besonders achten?,er ist eine Steuerrechnung,er ist eine Garantiefrist,er ist ein Mietmangel,er ist der Preis für geliehenes Geld,D,Zinsen erhöhen die Gesamtkosten eines Kredits.,"ABU Smartlearn Quiz 1. Teil, Moodle-XHTML-Export, hochgeladene Referenzdatei",user_upload:quiz-ABU_Smartlearn_1.Teil-top-20260519-0952.html
abu,Allgemeinbildender Unterricht ABU,abu_l02,ABU,L02,"Kauf und Konsum: Kredit, Betreibung und Bankgeschäfte",hard,single_choice,Welche Aussage zu Zins ist fachlich am korrektesten?,er ist der Preis für geliehenes Geld,er ist eine Steuerrechnung,er ist eine Garantiefrist,er ist ein Mietmangel,A,Zinsen erhöhen die Gesamtkosten eines Kredits.,"ABU Smartlearn Quiz 1. Teil, Moodle-XHTML-Export, hochgeladene Referenzdatei",user_upload:quiz-ABU_Smartlearn_1.Teil-top-20260519-0952.html
abu,Allgemeinbildender Unterricht ABU,abu_l02,ABU,L02,"Kauf und Konsum: Kredit, Betreibung und Bankgeschäfte",easy,single_choice,Welche Antwort passt zum Begriff Zins?,er ist eine Steuerrechnung,er ist der Preis für geliehenes Geld,er ist eine Garantiefrist,er ist ein Mietmangel,B,Zinsen erhöhen die Gesamtkosten eines Kredits.,"ABU Smartlearn Quiz 1. Teil, Moodle-XHTML-Export, hochgeladene Referenzdatei",user_upload:quiz-ABU_Smartlearn_1.Teil-top-20260519-0952.html
abu,Allgemeinbildender Unterricht ABU,abu_l02,ABU,L02,"Kauf und Konsum: Kredit, Betreibung und Bankgeschäfte",medium,single_choice,Welche praktische Bedeutung hat Zins für Lernende?,er ist eine Steuerrechnung,er ist eine Garantiefrist,er ist der Preis für geliehenes Geld,er ist ein Mietmangel,C,Zinsen erhöhen die Gesamtkosten eines Kredits.,"ABU Smartlearn Quiz 1. Teil, Moodle-XHTML-Export, hochgeladene Referenzdatei",user_upload:quiz-ABU_Smartlearn_1.Teil-top-20260519-0952.html
abu,Allgemeinbildender Unterricht ABU,abu_l02,ABU,L02,"Kauf und Konsum: Kredit, Betreibung und Bankgeschäfte",hard,single_choice,Welche Erklärung zu Zins ist im gesellschaftlichen und rechtlichen Kontext richtig?,er ist eine Steuerrechnung,er ist eine Garantiefrist,er ist ein Mietmangel,er ist der Preis für geliehenes Geld,D,Zinsen erhöhen die Gesamtkosten eines Kredits.,"ABU Smartlearn Quiz 1. Teil, Moodle-XHTML-Export, hochgeladene Referenzdatei",user_upload:quiz-ABU_Smartlearn_1.Teil-top-20260519-0952.html
abu,Allgemeinbildender Unterricht ABU,abu_l02,ABU,L02,"Kauf und Konsum: Kredit, Betreibung und Bankgeschäfte",easy,single_choice,Was ist bei Zins grundsätzlich richtig?,er ist der Preis für geliehenes Geld,er ist eine Steuerrechnung,er ist eine Garantiefrist,er ist ein Mietmangel,A,Zinsen erhöhen die Gesamtkosten eines Kredits.,"ABU Smartlearn Quiz 1. Teil, Moodle-XHTML-Export, hochgeladene Referenzdatei",user_upload:quiz-ABU_Smartlearn_1.Teil-top-20260519-0952.html
abu,Allgemeinbildender Unterricht ABU,abu_l02,ABU,L02,"Kauf und Konsum: Kredit, Betreibung und Bankgeschäfte",medium,single_choice,Welche Aussage zeigt ein korrektes Verständnis von Zins?,er ist eine Steuerrechnung,er ist der Preis für geliehenes Geld,er ist eine Garantiefrist,er ist ein Mietmangel,B,Zinsen erhöhen die Gesamtkosten eines Kredits.,"ABU Smartlearn Quiz 1. Teil, Moodle-XHTML-Export, hochgeladene Referenzdatei",user_upload:quiz-ABU_Smartlearn_1.Teil-top-20260519-0952.html
abu,Allgemeinbildender Unterricht ABU,abu_l02,ABU,L02,"Kauf und Konsum: Kredit, Betreibung und Bankgeschäfte",hard,single_choice,Welche Aussage grenzt Zins am präzisesten von falschen Vorstellungen ab?,er ist eine Steuerrechnung,er ist eine Garantiefrist,er ist der Preis für geliehenes Geld,er ist ein Mietmangel,C,Zinsen erhöhen die Gesamtkosten eines Kredits.,"ABU Smartlearn Quiz 1. Teil, Moodle-XHTML-Export, hochgeladene Referenzdatei",user_upload:quiz-ABU_Smartlearn_1.Teil-top-20260519-0952.html
abu,Allgemeinbildender Unterricht ABU,abu_l02,ABU,L02,"Kauf und Konsum: Kredit, Betreibung und Bankgeschäfte",easy,single_choice,Welche Kurzdefinition passt zu Zins?,er ist eine Steuerrechnung,er ist eine Garantiefrist,er ist ein Mietmangel,er ist der Preis für geliehenes Geld,D,Zinsen erhöhen die Gesamtkosten eines Kredits.,"ABU Smartlearn Quiz 1. Teil, Moodle-XHTML-Export, hochgeladene Referenzdatei",user_upload:quiz-ABU_Smartlearn_1.Teil-top-20260519-0952.html
abu,Allgemeinbildender Unterricht ABU,abu_l02,ABU,L02,"Kauf und Konsum: Kredit, Betreibung und Bankgeschäfte",easy,single_choice,Welche Aussage beschreibt Überschuldung im ABU am besten?,Schulden können nicht mehr fristgerecht bezahlt werden,alle Rechnungen sind bezahlt,Einnahmen übersteigen immer Ausgaben,Sparen ist automatisch verboten,A,Überschuldung kann zu Betreibung führen.,"ABU Smartlearn Quiz 1. Teil, Moodle-XHTML-Export, hochgeladene Referenzdatei",user_upload:quiz-ABU_Smartlearn_1.Teil-top-20260519-0952.html
abu,Allgemeinbildender Unterricht ABU,abu_l02,ABU,L02,"Kauf und Konsum: Kredit, Betreibung und Bankgeschäfte",medium,single_choice,Worauf muss man beim Thema Überschuldung besonders achten?,alle Rechnungen sind bezahlt,Schulden können nicht mehr fristgerecht bezahlt werden,Einnahmen übersteigen immer Ausgaben,Sparen ist automatisch verboten,B,Überschuldung kann zu Betreibung führen.,"ABU Smartlearn Quiz 1. Teil, Moodle-XHTML-Export, hochgeladene Referenzdatei",user_upload:quiz-ABU_Smartlearn_1.Teil-top-20260519-0952.html
abu,Allgemeinbildender Unterricht ABU,abu_l02,ABU,L02,"Kauf und Konsum: Kredit, Betreibung und Bankgeschäfte",hard,single_choice,Welche Aussage zu Überschuldung ist fachlich am korrektesten?,alle Rechnungen sind bezahlt,Einnahmen übersteigen immer Ausgaben,Schulden können nicht mehr fristgerecht bezahlt werden,Sparen ist automatisch verboten,C,Überschuldung kann zu Betreibung führen.,"ABU Smartlearn Quiz 1. Teil, Moodle-XHTML-Export, hochgeladene Referenzdatei",user_upload:quiz-ABU_Smartlearn_1.Teil-top-20260519-0952.html
abu,Allgemeinbildender Unterricht ABU,abu_l02,ABU,L02,"Kauf und Konsum: Kredit, Betreibung und Bankgeschäfte",easy,single_choice,Welche Antwort passt zum Begriff Überschuldung?,alle Rechnungen sind bezahlt,Einnahmen übersteigen immer Ausgaben,Sparen ist automatisch verboten,Schulden können nicht mehr fristgerecht bezahlt werden,D,Überschuldung kann zu Betreibung führen.,"ABU Smartlearn Quiz 1. Teil, Moodle-XHTML-Export, hochgeladene Referenzdatei",user_upload:quiz-ABU_Smartlearn_1.Teil-top-20260519-0952.html
abu,Allgemeinbildender Unterricht ABU,abu_l02,ABU,L02,"Kauf und Konsum: Kredit, Betreibung und Bankgeschäfte",medium,single_choice,Welche praktische Bedeutung hat Überschuldung für Lernende?,Schulden können nicht mehr fristgerecht bezahlt werden,alle Rechnungen sind bezahlt,Einnahmen übersteigen immer Ausgaben,Sparen ist automatisch verboten,A,Überschuldung kann zu Betreibung führen.,"ABU Smartlearn Quiz 1. Teil, Moodle-XHTML-Export, hochgeladene Referenzdatei",user_upload:quiz-ABU_Smartlearn_1.Teil-top-20260519-0952.html
abu,Allgemeinbildender Unterricht ABU,abu_l02,ABU,L02,"Kauf und Konsum: Kredit, Betreibung und Bankgeschäfte",hard,single_choice,Welche Erklärung zu Überschuldung ist im gesellschaftlichen und rechtlichen Kontext richtig?,alle Rechnungen sind bezahlt,Schulden können nicht mehr fristgerecht bezahlt werden,Einnahmen übersteigen immer Ausgaben,Sparen ist automatisch verboten,B,Überschuldung kann zu Betreibung führen.,"ABU Smartlearn Quiz 1. Teil, Moodle-XHTML-Export, hochgeladene Referenzdatei",user_upload:quiz-ABU_Smartlearn_1.Teil-top-20260519-0952.html
abu,Allgemeinbildender Unterricht ABU,abu_l02,ABU,L02,"Kauf und Konsum: Kredit, Betreibung und Bankgeschäfte",easy,single_choice,Was ist bei Überschuldung grundsätzlich richtig?,alle Rechnungen sind bezahlt,Einnahmen übersteigen immer Ausgaben,Schulden können nicht mehr fristgerecht bezahlt werden,Sparen ist automatisch verboten,C,Überschuldung kann zu Betreibung führen.,"ABU Smartlearn Quiz 1. Teil, Moodle-XHTML-Export, hochgeladene Referenzdatei",user_upload:quiz-ABU_Smartlearn_1.Teil-top-20260519-0952.html
abu,Allgemeinbildender Unterricht ABU,abu_l02,ABU,L02,"Kauf und Konsum: Kredit, Betreibung und Bankgeschäfte",medium,single_choice,Welche Aussage zeigt ein korrektes Verständnis von Überschuldung?,alle Rechnungen sind bezahlt,Einnahmen übersteigen immer Ausgaben,Sparen ist automatisch verboten,Schulden können nicht mehr fristgerecht bezahlt werden,D,Überschuldung kann zu Betreibung führen.,"ABU Smartlearn Quiz 1. Teil, Moodle-XHTML-Export, hochgeladene Referenzdatei",user_upload:quiz-ABU_Smartlearn_1.Teil-top-20260519-0952.html
abu,Allgemeinbildender Unterricht ABU,abu_l02,ABU,L02,"Kauf und Konsum: Kredit, Betreibung und Bankgeschäfte",hard,single_choice,Welche Aussage grenzt Überschuldung am präzisesten von falschen Vorstellungen ab?,Schulden können nicht mehr fristgerecht bezahlt werden,alle Rechnungen sind bezahlt,Einnahmen übersteigen immer Ausgaben,Sparen ist automatisch verboten,A,Überschuldung kann zu Betreibung führen.,"ABU Smartlearn Quiz 1. Teil, Moodle-XHTML-Export, hochgeladene Referenzdatei",user_upload:quiz-ABU_Smartlearn_1.Teil-top-20260519-0952.html
abu,Allgemeinbildender Unterricht ABU,abu_l02,ABU,L02,"Kauf und Konsum: Kredit, Betreibung und Bankgeschäfte",easy,single_choice,Welche Kurzdefinition passt zu Überschuldung?,alle Rechnungen sind bezahlt,Schulden können nicht mehr fristgerecht bezahlt werden,Einnahmen übersteigen immer Ausgaben,Sparen ist automatisch verboten,B,Überschuldung kann zu Betreibung führen.,"ABU Smartlearn Quiz 1. Teil, Moodle-XHTML-Export, hochgeladene Referenzdatei",user_upload:quiz-ABU_Smartlearn_1.Teil-top-20260519-0952.html
abu,Allgemeinbildender Unterricht ABU,abu_l02,ABU,L02,"Kauf und Konsum: Kredit, Betreibung und Bankgeschäfte",easy,single_choice,Welche Aussage beschreibt Betreibung im ABU am besten?,sie ist eine freiwillige Spende,sie ersetzt den Kaufvertrag,eine offene Forderung wird staatlich durchgesetzt,sie ist nur eine Werbung,C,Betreibung dient der zwangsweisen Eintreibung von Forderungen.,"ABU Smartlearn Quiz 1. Teil, Moodle-XHTML-Export, hochgeladene Referenzdatei",user_upload:quiz-ABU_Smartlearn_1.Teil-top-20260519-0952.html
abu,Allgemeinbildender Unterricht ABU,abu_l02,ABU,L02,"Kauf und Konsum: Kredit, Betreibung und Bankgeschäfte",medium,single_choice,Worauf muss man beim Thema Betreibung besonders achten?,sie ist eine freiwillige Spende,sie ersetzt den Kaufvertrag,sie ist nur eine Werbung,eine offene Forderung wird staatlich durchgesetzt,D,Betreibung dient der zwangsweisen Eintreibung von Forderungen.,"ABU Smartlearn Quiz 1. Teil, Moodle-XHTML-Export, hochgeladene Referenzdatei",user_upload:quiz-ABU_Smartlearn_1.Teil-top-20260519-0952.html
abu,Allgemeinbildender Unterricht ABU,abu_l02,ABU,L02,"Kauf und Konsum: Kredit, Betreibung und Bankgeschäfte",hard,single_choice,Welche Aussage zu Betreibung ist fachlich am korrektesten?,eine offene Forderung wird staatlich durchgesetzt,sie ist eine freiwillige Spende,sie ersetzt den Kaufvertrag,sie ist nur eine Werbung,A,Betreibung dient der zwangsweisen Eintreibung von Forderungen.,"ABU Smartlearn Quiz 1. Teil, Moodle-XHTML-Export, hochgeladene Referenzdatei",user_upload:quiz-ABU_Smartlearn_1.Teil-top-20260519-0952.html
abu,Allgemeinbildender Unterricht ABU,abu_l02,ABU,L02,"Kauf und Konsum: Kredit, Betreibung und Bankgeschäfte",easy,single_choice,Welche Antwort passt zum Begriff Betreibung?,sie ist eine freiwillige Spende,eine offene Forderung wird staatlich durchgesetzt,sie ersetzt den Kaufvertrag,sie ist nur eine Werbung,B,Betreibung dient der zwangsweisen Eintreibung von Forderungen.,"ABU Smartlearn Quiz 1. Teil, Moodle-XHTML-Export, hochgeladene Referenzdatei",user_upload:quiz-ABU_Smartlearn_1.Teil-top-20260519-0952.html
abu,Allgemeinbildender Unterricht ABU,abu_l02,ABU,L02,"Kauf und Konsum: Kredit, Betreibung und Bankgeschäfte",medium,single_choice,Welche praktische Bedeutung hat Betreibung für Lernende?,sie ist eine freiwillige Spende,sie ersetzt den Kaufvertrag,eine offene Forderung wird staatlich durchgesetzt,sie ist nur eine Werbung,C,Betreibung dient der zwangsweisen Eintreibung von Forderungen.,"ABU Smartlearn Quiz 1. Teil, Moodle-XHTML-Export, hochgeladene Referenzdatei",user_upload:quiz-ABU_Smartlearn_1.Teil-top-20260519-0952.html
abu,Allgemeinbildender Unterricht ABU,abu_l02,ABU,L02,"Kauf und Konsum: Kredit, Betreibung und Bankgeschäfte",hard,single_choice,Welche Erklärung zu Betreibung ist im gesellschaftlichen und rechtlichen Kontext richtig?,sie ist eine freiwillige Spende,sie ersetzt den Kaufvertrag,sie ist nur eine Werbung,eine offene Forderung wird staatlich durchgesetzt,D,Betreibung dient der zwangsweisen Eintreibung von Forderungen.,"ABU Smartlearn Quiz 1. Teil, Moodle-XHTML-Export, hochgeladene Referenzdatei",user_upload:quiz-ABU_Smartlearn_1.Teil-top-20260519-0952.html
abu,Allgemeinbildender Unterricht ABU,abu_l02,ABU,L02,"Kauf und Konsum: Kredit, Betreibung und Bankgeschäfte",easy,single_choice,Was ist bei Betreibung grundsätzlich richtig?,eine offene Forderung wird staatlich durchgesetzt,sie ist eine freiwillige Spende,sie ersetzt den Kaufvertrag,sie ist nur eine Werbung,A,Betreibung dient der zwangsweisen Eintreibung von Forderungen.,"ABU Smartlearn Quiz 1. Teil, Moodle-XHTML-Export, hochgeladene Referenzdatei",user_upload:quiz-ABU_Smartlearn_1.Teil-top-20260519-0952.html
abu,Allgemeinbildender Unterricht ABU,abu_l02,ABU,L02,"Kauf und Konsum: Kredit, Betreibung und Bankgeschäfte",medium,single_choice,Welche Aussage zeigt ein korrektes Verständnis von Betreibung?,sie ist eine freiwillige Spende,eine offene Forderung wird staatlich durchgesetzt,sie ersetzt den Kaufvertrag,sie ist nur eine Werbung,B,Betreibung dient der zwangsweisen Eintreibung von Forderungen.,"ABU Smartlearn Quiz 1. Teil, Moodle-XHTML-Export, hochgeladene Referenzdatei",user_upload:quiz-ABU_Smartlearn_1.Teil-top-20260519-0952.html
abu,Allgemeinbildender Unterricht ABU,abu_l02,ABU,L02,"Kauf und Konsum: Kredit, Betreibung und Bankgeschäfte",hard,single_choice,Welche Aussage grenzt Betreibung am präzisesten von falschen Vorstellungen ab?,sie ist eine freiwillige Spende,sie ersetzt den Kaufvertrag,eine offene Forderung wird staatlich durchgesetzt,sie ist nur eine Werbung,C,Betreibung dient der zwangsweisen Eintreibung von Forderungen.,"ABU Smartlearn Quiz 1. Teil, Moodle-XHTML-Export, hochgeladene Referenzdatei",user_upload:quiz-ABU_Smartlearn_1.Teil-top-20260519-0952.html
abu,Allgemeinbildender Unterricht ABU,abu_l02,ABU,L02,"Kauf und Konsum: Kredit, Betreibung und Bankgeschäfte",easy,single_choice,Welche Kurzdefinition passt zu Betreibung?,sie ist eine freiwillige Spende,sie ersetzt den Kaufvertrag,sie ist nur eine Werbung,eine offene Forderung wird staatlich durchgesetzt,D,Betreibung dient der zwangsweisen Eintreibung von Forderungen.,"ABU Smartlearn Quiz 1. Teil, Moodle-XHTML-Export, hochgeladene Referenzdatei",user_upload:quiz-ABU_Smartlearn_1.Teil-top-20260519-0952.html
abu,Allgemeinbildender Unterricht ABU,abu_l02,ABU,L02,"Kauf und Konsum: Kredit, Betreibung und Bankgeschäfte",easy,single_choice,Welche Aussage beschreibt Zahlungsbefehl im ABU am besten?,er informiert den Schuldner offiziell über die betriebene Forderung,er ist ein Lohnzettel,er ist ein Mietvertrag,er ist ein Garantieschein,A,Der Zahlungsbefehl ist ein zentraler Schritt im Betreibungsverfahren.,"ABU Smartlearn Quiz 1. Teil, Moodle-XHTML-Export, hochgeladene Referenzdatei",user_upload:quiz-ABU_Smartlearn_1.Teil-top-20260519-0952.html
abu,Allgemeinbildender Unterricht ABU,abu_l02,ABU,L02,"Kauf und Konsum: Kredit, Betreibung und Bankgeschäfte",medium,single_choice,Worauf muss man beim Thema Zahlungsbefehl besonders achten?,er ist ein Lohnzettel,er informiert den Schuldner offiziell über die betriebene Forderung,er ist ein Mietvertrag,er ist ein Garantieschein,B,Der Zahlungsbefehl ist ein zentraler Schritt im Betreibungsverfahren.,"ABU Smartlearn Quiz 1. Teil, Moodle-XHTML-Export, hochgeladene Referenzdatei",user_upload:quiz-ABU_Smartlearn_1.Teil-top-20260519-0952.html
abu,Allgemeinbildender Unterricht ABU,abu_l02,ABU,L02,"Kauf und Konsum: Kredit, Betreibung und Bankgeschäfte",hard,single_choice,Welche Aussage zu Zahlungsbefehl ist fachlich am korrektesten?,er ist ein Lohnzettel,er ist ein Mietvertrag,er informiert den Schuldner offiziell über die betriebene Forderung,er ist ein Garantieschein,C,Der Zahlungsbefehl ist ein zentraler Schritt im Betreibungsverfahren.,"ABU Smartlearn Quiz 1. Teil, Moodle-XHTML-Export, hochgeladene Referenzdatei",user_upload:quiz-ABU_Smartlearn_1.Teil-top-20260519-0952.html
abu,Allgemeinbildender Unterricht ABU,abu_l02,ABU,L02,"Kauf und Konsum: Kredit, Betreibung und Bankgeschäfte",easy,single_choice,Welche Antwort passt zum Begriff Zahlungsbefehl?,er ist ein Lohnzettel,er ist ein Mietvertrag,er ist ein Garantieschein,er informiert den Schuldner offiziell über die betriebene Forderung,D,Der Zahlungsbefehl ist ein zentraler Schritt im Betreibungsverfahren.,"ABU Smartlearn Quiz 1. Teil, Moodle-XHTML-Export, hochgeladene Referenzdatei",user_upload:quiz-ABU_Smartlearn_1.Teil-top-20260519-0952.html
abu,Allgemeinbildender Unterricht ABU,abu_l02,ABU,L02,"Kauf und Konsum: Kredit, Betreibung und Bankgeschäfte",medium,single_choice,Welche praktische Bedeutung hat Zahlungsbefehl für Lernende?,er informiert den Schuldner offiziell über die betriebene Forderung,er ist ein Lohnzettel,er ist ein Mietvertrag,er ist ein Garantieschein,A,Der Zahlungsbefehl ist ein zentraler Schritt im Betreibungsverfahren.,"ABU Smartlearn Quiz 1. Teil, Moodle-XHTML-Export, hochgeladene Referenzdatei",user_upload:quiz-ABU_Smartlearn_1.Teil-top-20260519-0952.html
abu,Allgemeinbildender Unterricht ABU,abu_l02,ABU,L02,"Kauf und Konsum: Kredit, Betreibung und Bankgeschäfte",hard,single_choice,Welche Erklärung zu Zahlungsbefehl ist im gesellschaftlichen und rechtlichen Kontext richtig?,er ist ein Lohnzettel,er informiert den Schuldner offiziell über die betriebene Forderung,er ist ein Mietvertrag,er ist ein Garantieschein,B,Der Zahlungsbefehl ist ein zentraler Schritt im Betreibungsverfahren.,"ABU Smartlearn Quiz 1. Teil, Moodle-XHTML-Export, hochgeladene Referenzdatei",user_upload:quiz-ABU_Smartlearn_1.Teil-top-20260519-0952.html
abu,Allgemeinbildender Unterricht ABU,abu_l02,ABU,L02,"Kauf und Konsum: Kredit, Betreibung und Bankgeschäfte",easy,single_choice,Was ist bei Zahlungsbefehl grundsätzlich richtig?,er ist ein Lohnzettel,er ist ein Mietvertrag,er informiert den Schuldner offiziell über die betriebene Forderung,er ist ein Garantieschein,C,Der Zahlungsbefehl ist ein zentraler Schritt im Betreibungsverfahren.,"ABU Smartlearn Quiz 1. Teil, Moodle-XHTML-Export, hochgeladene Referenzdatei",user_upload:quiz-ABU_Smartlearn_1.Teil-top-20260519-0952.html
abu,Allgemeinbildender Unterricht ABU,abu_l02,ABU,L02,"Kauf und Konsum: Kredit, Betreibung und Bankgeschäfte",medium,single_choice,Welche Aussage zeigt ein korrektes Verständnis von Zahlungsbefehl?,er ist ein Lohnzettel,er ist ein Mietvertrag,er ist ein Garantieschein,er informiert den Schuldner offiziell über die betriebene Forderung,D,Der Zahlungsbefehl ist ein zentraler Schritt im Betreibungsverfahren.,"ABU Smartlearn Quiz 1. Teil, Moodle-XHTML-Export, hochgeladene Referenzdatei",user_upload:quiz-ABU_Smartlearn_1.Teil-top-20260519-0952.html
abu,Allgemeinbildender Unterricht ABU,abu_l02,ABU,L02,"Kauf und Konsum: Kredit, Betreibung und Bankgeschäfte",hard,single_choice,Welche Aussage grenzt Zahlungsbefehl am präzisesten von falschen Vorstellungen ab?,er informiert den Schuldner offiziell über die betriebene Forderung,er ist ein Lohnzettel,er ist ein Mietvertrag,er ist ein Garantieschein,A,Der Zahlungsbefehl ist ein zentraler Schritt im Betreibungsverfahren.,"ABU Smartlearn Quiz 1. Teil, Moodle-XHTML-Export, hochgeladene Referenzdatei",user_upload:quiz-ABU_Smartlearn_1.Teil-top-20260519-0952.html
abu,Allgemeinbildender Unterricht ABU,abu_l02,ABU,L02,"Kauf und Konsum: Kredit, Betreibung und Bankgeschäfte",easy,single_choice,Welche Kurzdefinition passt zu Zahlungsbefehl?,er ist ein Lohnzettel,er informiert den Schuldner offiziell über die betriebene Forderung,er ist ein Mietvertrag,er ist ein Garantieschein,B,Der Zahlungsbefehl ist ein zentraler Schritt im Betreibungsverfahren.,"ABU Smartlearn Quiz 1. Teil, Moodle-XHTML-Export, hochgeladene Referenzdatei",user_upload:quiz-ABU_Smartlearn_1.Teil-top-20260519-0952.html
abu,Allgemeinbildender Unterricht ABU,abu_l02,ABU,L02,"Kauf und Konsum: Kredit, Betreibung und Bankgeschäfte",easy,single_choice,Welche Aussage beschreibt Rechtsvorschlag im ABU am besten?,er bezahlt automatisch,er bestellt neue Ware,der Schuldner bestreitet die Forderung im Betreibungsverfahren,er kündigt die Wohnung,C,Mit Rechtsvorschlag wird die Betreibung vorläufig gestoppt.,"ABU Smartlearn Quiz 1. Teil, Moodle-XHTML-Export, hochgeladene Referenzdatei",user_upload:quiz-ABU_Smartlearn_1.Teil-top-20260519-0952.html
abu,Allgemeinbildender Unterricht ABU,abu_l02,ABU,L02,"Kauf und Konsum: Kredit, Betreibung und Bankgeschäfte",medium,single_choice,Worauf muss man beim Thema Rechtsvorschlag besonders achten?,er bezahlt automatisch,er bestellt neue Ware,er kündigt die Wohnung,der Schuldner bestreitet die Forderung im Betreibungsverfahren,D,Mit Rechtsvorschlag wird die Betreibung vorläufig gestoppt.,"ABU Smartlearn Quiz 1. Teil, Moodle-XHTML-Export, hochgeladene Referenzdatei",user_upload:quiz-ABU_Smartlearn_1.Teil-top-20260519-0952.html
abu,Allgemeinbildender Unterricht ABU,abu_l02,ABU,L02,"Kauf und Konsum: Kredit, Betreibung und Bankgeschäfte",hard,single_choice,Welche Aussage zu Rechtsvorschlag ist fachlich am korrektesten?,der Schuldner bestreitet die Forderung im Betreibungsverfahren,er bezahlt automatisch,er bestellt neue Ware,er kündigt die Wohnung,A,Mit Rechtsvorschlag wird die Betreibung vorläufig gestoppt.,"ABU Smartlearn Quiz 1. Teil, Moodle-XHTML-Export, hochgeladene Referenzdatei",user_upload:quiz-ABU_Smartlearn_1.Teil-top-20260519-0952.html
abu,Allgemeinbildender Unterricht ABU,abu_l02,ABU,L02,"Kauf und Konsum: Kredit, Betreibung und Bankgeschäfte",easy,single_choice,Welche Antwort passt zum Begriff Rechtsvorschlag?,er bezahlt automatisch,der Schuldner bestreitet die Forderung im Betreibungsverfahren,er bestellt neue Ware,er kündigt die Wohnung,B,Mit Rechtsvorschlag wird die Betreibung vorläufig gestoppt.,"ABU Smartlearn Quiz 1. Teil, Moodle-XHTML-Export, hochgeladene Referenzdatei",user_upload:quiz-ABU_Smartlearn_1.Teil-top-20260519-0952.html
abu,Allgemeinbildender Unterricht ABU,abu_l02,ABU,L02,"Kauf und Konsum: Kredit, Betreibung und Bankgeschäfte",medium,single_choice,Welche praktische Bedeutung hat Rechtsvorschlag für Lernende?,er bezahlt automatisch,er bestellt neue Ware,der Schuldner bestreitet die Forderung im Betreibungsverfahren,er kündigt die Wohnung,C,Mit Rechtsvorschlag wird die Betreibung vorläufig gestoppt.,"ABU Smartlearn Quiz 1. Teil, Moodle-XHTML-Export, hochgeladene Referenzdatei",user_upload:quiz-ABU_Smartlearn_1.Teil-top-20260519-0952.html
abu,Allgemeinbildender Unterricht ABU,abu_l02,ABU,L02,"Kauf und Konsum: Kredit, Betreibung und Bankgeschäfte",hard,single_choice,Welche Erklärung zu Rechtsvorschlag ist im gesellschaftlichen und rechtlichen Kontext richtig?,er bezahlt automatisch,er bestellt neue Ware,er kündigt die Wohnung,der Schuldner bestreitet die Forderung im Betreibungsverfahren,D,Mit Rechtsvorschlag wird die Betreibung vorläufig gestoppt.,"ABU Smartlearn Quiz 1. Teil, Moodle-XHTML-Export, hochgeladene Referenzdatei",user_upload:quiz-ABU_Smartlearn_1.Teil-top-20260519-0952.html
abu,Allgemeinbildender Unterricht ABU,abu_l02,ABU,L02,"Kauf und Konsum: Kredit, Betreibung und Bankgeschäfte",easy,single_choice,Was ist bei Rechtsvorschlag grundsätzlich richtig?,der Schuldner bestreitet die Forderung im Betreibungsverfahren,er bezahlt automatisch,er bestellt neue Ware,er kündigt die Wohnung,A,Mit Rechtsvorschlag wird die Betreibung vorläufig gestoppt.,"ABU Smartlearn Quiz 1. Teil, Moodle-XHTML-Export, hochgeladene Referenzdatei",user_upload:quiz-ABU_Smartlearn_1.Teil-top-20260519-0952.html
abu,Allgemeinbildender Unterricht ABU,abu_l02,ABU,L02,"Kauf und Konsum: Kredit, Betreibung und Bankgeschäfte",medium,single_choice,Welche Aussage zeigt ein korrektes Verständnis von Rechtsvorschlag?,er bezahlt automatisch,der Schuldner bestreitet die Forderung im Betreibungsverfahren,er bestellt neue Ware,er kündigt die Wohnung,B,Mit Rechtsvorschlag wird die Betreibung vorläufig gestoppt.,"ABU Smartlearn Quiz 1. Teil, Moodle-XHTML-Export, hochgeladene Referenzdatei",user_upload:quiz-ABU_Smartlearn_1.Teil-top-20260519-0952.html
abu,Allgemeinbildender Unterricht ABU,abu_l02,ABU,L02,"Kauf und Konsum: Kredit, Betreibung und Bankgeschäfte",hard,single_choice,Welche Aussage grenzt Rechtsvorschlag am präzisesten von falschen Vorstellungen ab?,er bezahlt automatisch,er bestellt neue Ware,der Schuldner bestreitet die Forderung im Betreibungsverfahren,er kündigt die Wohnung,C,Mit Rechtsvorschlag wird die Betreibung vorläufig gestoppt.,"ABU Smartlearn Quiz 1. Teil, Moodle-XHTML-Export, hochgeladene Referenzdatei",user_upload:quiz-ABU_Smartlearn_1.Teil-top-20260519-0952.html
abu,Allgemeinbildender Unterricht ABU,abu_l02,ABU,L02,"Kauf und Konsum: Kredit, Betreibung und Bankgeschäfte",easy,single_choice,Welche Kurzdefinition passt zu Rechtsvorschlag?,er bezahlt automatisch,er bestellt neue Ware,er kündigt die Wohnung,der Schuldner bestreitet die Forderung im Betreibungsverfahren,D,Mit Rechtsvorschlag wird die Betreibung vorläufig gestoppt.,"ABU Smartlearn Quiz 1. Teil, Moodle-XHTML-Export, hochgeladene Referenzdatei",user_upload:quiz-ABU_Smartlearn_1.Teil-top-20260519-0952.html
abu,Allgemeinbildender Unterricht ABU,abu_l02,ABU,L02,"Kauf und Konsum: Kredit, Betreibung und Bankgeschäfte",easy,single_choice,Welche Aussage beschreibt Bankkonto im ABU am besten?,es dient dem Zahlungsverkehr und der Verwaltung von Geld,es ist eine Ehevereinbarung,es ersetzt die Steuerpflicht,es garantiert Gewinn,A,"Bankkonten ermöglichen Einzahlungen, Zahlungen und Bezüge.","ABU Smartlearn Quiz 1. Teil, Moodle-XHTML-Export, hochgeladene Referenzdatei",user_upload:quiz-ABU_Smartlearn_1.Teil-top-20260519-0952.html
abu,Allgemeinbildender Unterricht ABU,abu_l02,ABU,L02,"Kauf und Konsum: Kredit, Betreibung und Bankgeschäfte",medium,single_choice,Worauf muss man beim Thema Bankkonto besonders achten?,es ist eine Ehevereinbarung,es dient dem Zahlungsverkehr und der Verwaltung von Geld,es ersetzt die Steuerpflicht,es garantiert Gewinn,B,"Bankkonten ermöglichen Einzahlungen, Zahlungen und Bezüge.","ABU Smartlearn Quiz 1. Teil, Moodle-XHTML-Export, hochgeladene Referenzdatei",user_upload:quiz-ABU_Smartlearn_1.Teil-top-20260519-0952.html
abu,Allgemeinbildender Unterricht ABU,abu_l02,ABU,L02,"Kauf und Konsum: Kredit, Betreibung und Bankgeschäfte",hard,single_choice,Welche Aussage zu Bankkonto ist fachlich am korrektesten?,es ist eine Ehevereinbarung,es ersetzt die Steuerpflicht,es dient dem Zahlungsverkehr und der Verwaltung von Geld,es garantiert Gewinn,C,"Bankkonten ermöglichen Einzahlungen, Zahlungen und Bezüge.","ABU Smartlearn Quiz 1. Teil, Moodle-XHTML-Export, hochgeladene Referenzdatei",user_upload:quiz-ABU_Smartlearn_1.Teil-top-20260519-0952.html
abu,Allgemeinbildender Unterricht ABU,abu_l02,ABU,L02,"Kauf und Konsum: Kredit, Betreibung und Bankgeschäfte",easy,single_choice,Welche Antwort passt zum Begriff Bankkonto?,es ist eine Ehevereinbarung,es ersetzt die Steuerpflicht,es garantiert Gewinn,es dient dem Zahlungsverkehr und der Verwaltung von Geld,D,"Bankkonten ermöglichen Einzahlungen, Zahlungen und Bezüge.","ABU Smartlearn Quiz 1. Teil, Moodle-XHTML-Export, hochgeladene Referenzdatei",user_upload:quiz-ABU_Smartlearn_1.Teil-top-20260519-0952.html
abu,Allgemeinbildender Unterricht ABU,abu_l02,ABU,L02,"Kauf und Konsum: Kredit, Betreibung und Bankgeschäfte",medium,single_choice,Welche praktische Bedeutung hat Bankkonto für Lernende?,es dient dem Zahlungsverkehr und der Verwaltung von Geld,es ist eine Ehevereinbarung,es ersetzt die Steuerpflicht,es garantiert Gewinn,A,"Bankkonten ermöglichen Einzahlungen, Zahlungen und Bezüge.","ABU Smartlearn Quiz 1. Teil, Moodle-XHTML-Export, hochgeladene Referenzdatei",user_upload:quiz-ABU_Smartlearn_1.Teil-top-20260519-0952.html
abu,Allgemeinbildender Unterricht ABU,abu_l02,ABU,L02,"Kauf und Konsum: Kredit, Betreibung und Bankgeschäfte",hard,single_choice,Welche Erklärung zu Bankkonto ist im gesellschaftlichen und rechtlichen Kontext richtig?,es ist eine Ehevereinbarung,es dient dem Zahlungsverkehr und der Verwaltung von Geld,es ersetzt die Steuerpflicht,es garantiert Gewinn,B,"Bankkonten ermöglichen Einzahlungen, Zahlungen und Bezüge.","ABU Smartlearn Quiz 1. Teil, Moodle-XHTML-Export, hochgeladene Referenzdatei",user_upload:quiz-ABU_Smartlearn_1.Teil-top-20260519-0952.html
abu,Allgemeinbildender Unterricht ABU,abu_l02,ABU,L02,"Kauf und Konsum: Kredit, Betreibung und Bankgeschäfte",easy,single_choice,Was ist bei Bankkonto grundsätzlich richtig?,es ist eine Ehevereinbarung,es ersetzt die Steuerpflicht,es dient dem Zahlungsverkehr und der Verwaltung von Geld,es garantiert Gewinn,C,"Bankkonten ermöglichen Einzahlungen, Zahlungen und Bezüge.","ABU Smartlearn Quiz 1. Teil, Moodle-XHTML-Export, hochgeladene Referenzdatei",user_upload:quiz-ABU_Smartlearn_1.Teil-top-20260519-0952.html
abu,Allgemeinbildender Unterricht ABU,abu_l02,ABU,L02,"Kauf und Konsum: Kredit, Betreibung und Bankgeschäfte",medium,single_choice,Welche Aussage zeigt ein korrektes Verständnis von Bankkonto?,es ist eine Ehevereinbarung,es ersetzt die Steuerpflicht,es garantiert Gewinn,es dient dem Zahlungsverkehr und der Verwaltung von Geld,D,"Bankkonten ermöglichen Einzahlungen, Zahlungen und Bezüge.","ABU Smartlearn Quiz 1. Teil, Moodle-XHTML-Export, hochgeladene Referenzdatei",user_upload:quiz-ABU_Smartlearn_1.Teil-top-20260519-0952.html
abu,Allgemeinbildender Unterricht ABU,abu_l02,ABU,L02,"Kauf und Konsum: Kredit, Betreibung und Bankgeschäfte",hard,single_choice,Welche Aussage grenzt Bankkonto am präzisesten von falschen Vorstellungen ab?,es dient dem Zahlungsverkehr und der Verwaltung von Geld,es ist eine Ehevereinbarung,es ersetzt die Steuerpflicht,es garantiert Gewinn,A,"Bankkonten ermöglichen Einzahlungen, Zahlungen und Bezüge.","ABU Smartlearn Quiz 1. Teil, Moodle-XHTML-Export, hochgeladene Referenzdatei",user_upload:quiz-ABU_Smartlearn_1.Teil-top-20260519-0952.html
abu,Allgemeinbildender Unterricht ABU,abu_l02,ABU,L02,"Kauf und Konsum: Kredit, Betreibung und Bankgeschäfte",easy,single_choice,Welche Kurzdefinition passt zu Bankkonto?,es ist eine Ehevereinbarung,es dient dem Zahlungsverkehr und der Verwaltung von Geld,es ersetzt die Steuerpflicht,es garantiert Gewinn,B,"Bankkonten ermöglichen Einzahlungen, Zahlungen und Bezüge.","ABU Smartlearn Quiz 1. Teil, Moodle-XHTML-Export, hochgeladene Referenzdatei",user_upload:quiz-ABU_Smartlearn_1.Teil-top-20260519-0952.html
abu,Allgemeinbildender Unterricht ABU,abu_l02,ABU,L02,"Kauf und Konsum: Kredit, Betreibung und Bankgeschäfte",easy,single_choice,Welche Aussage beschreibt Buchgeld im ABU am besten?,es ist nur Münzgeld,es ist ein Gesetzbuch,Geld existiert als Guthaben auf Konten,es ist ein Mietzins,C,Buchgeld wird elektronisch übertragen.,"ABU Smartlearn Quiz 1. Teil, Moodle-XHTML-Export, hochgeladene Referenzdatei",user_upload:quiz-ABU_Smartlearn_1.Teil-top-20260519-0952.html
abu,Allgemeinbildender Unterricht ABU,abu_l02,ABU,L02,"Kauf und Konsum: Kredit, Betreibung und Bankgeschäfte",medium,single_choice,Worauf muss man beim Thema Buchgeld besonders achten?,es ist nur Münzgeld,es ist ein Gesetzbuch,es ist ein Mietzins,Geld existiert als Guthaben auf Konten,D,Buchgeld wird elektronisch übertragen.,"ABU Smartlearn Quiz 1. Teil, Moodle-XHTML-Export, hochgeladene Referenzdatei",user_upload:quiz-ABU_Smartlearn_1.Teil-top-20260519-0952.html
abu,Allgemeinbildender Unterricht ABU,abu_l02,ABU,L02,"Kauf und Konsum: Kredit, Betreibung und Bankgeschäfte",hard,single_choice,Welche Aussage zu Buchgeld ist fachlich am korrektesten?,Geld existiert als Guthaben auf Konten,es ist nur Münzgeld,es ist ein Gesetzbuch,es ist ein Mietzins,A,Buchgeld wird elektronisch übertragen.,"ABU Smartlearn Quiz 1. Teil, Moodle-XHTML-Export, hochgeladene Referenzdatei",user_upload:quiz-ABU_Smartlearn_1.Teil-top-20260519-0952.html
abu,Allgemeinbildender Unterricht ABU,abu_l02,ABU,L02,"Kauf und Konsum: Kredit, Betreibung und Bankgeschäfte",easy,single_choice,Welche Antwort passt zum Begriff Buchgeld?,es ist nur Münzgeld,Geld existiert als Guthaben auf Konten,es ist ein Gesetzbuch,es ist ein Mietzins,B,Buchgeld wird elektronisch übertragen.,"ABU Smartlearn Quiz 1. Teil, Moodle-XHTML-Export, hochgeladene Referenzdatei",user_upload:quiz-ABU_Smartlearn_1.Teil-top-20260519-0952.html
abu,Allgemeinbildender Unterricht ABU,abu_l02,ABU,L02,"Kauf und Konsum: Kredit, Betreibung und Bankgeschäfte",medium,single_choice,Welche praktische Bedeutung hat Buchgeld für Lernende?,es ist nur Münzgeld,es ist ein Gesetzbuch,Geld existiert als Guthaben auf Konten,es ist ein Mietzins,C,Buchgeld wird elektronisch übertragen.,"ABU Smartlearn Quiz 1. Teil, Moodle-XHTML-Export, hochgeladene Referenzdatei",user_upload:quiz-ABU_Smartlearn_1.Teil-top-20260519-0952.html
abu,Allgemeinbildender Unterricht ABU,abu_l02,ABU,L02,"Kauf und Konsum: Kredit, Betreibung und Bankgeschäfte",hard,single_choice,Welche Erklärung zu Buchgeld ist im gesellschaftlichen und rechtlichen Kontext richtig?,es ist nur Münzgeld,es ist ein Gesetzbuch,es ist ein Mietzins,Geld existiert als Guthaben auf Konten,D,Buchgeld wird elektronisch übertragen.,"ABU Smartlearn Quiz 1. Teil, Moodle-XHTML-Export, hochgeladene Referenzdatei",user_upload:quiz-ABU_Smartlearn_1.Teil-top-20260519-0952.html
abu,Allgemeinbildender Unterricht ABU,abu_l02,ABU,L02,"Kauf und Konsum: Kredit, Betreibung und Bankgeschäfte",easy,single_choice,Was ist bei Buchgeld grundsätzlich richtig?,Geld existiert als Guthaben auf Konten,es ist nur Münzgeld,es ist ein Gesetzbuch,es ist ein Mietzins,A,Buchgeld wird elektronisch übertragen.,"ABU Smartlearn Quiz 1. Teil, Moodle-XHTML-Export, hochgeladene Referenzdatei",user_upload:quiz-ABU_Smartlearn_1.Teil-top-20260519-0952.html
abu,Allgemeinbildender Unterricht ABU,abu_l02,ABU,L02,"Kauf und Konsum: Kredit, Betreibung und Bankgeschäfte",medium,single_choice,Welche Aussage zeigt ein korrektes Verständnis von Buchgeld?,es ist nur Münzgeld,Geld existiert als Guthaben auf Konten,es ist ein Gesetzbuch,es ist ein Mietzins,B,Buchgeld wird elektronisch übertragen.,"ABU Smartlearn Quiz 1. Teil, Moodle-XHTML-Export, hochgeladene Referenzdatei",user_upload:quiz-ABU_Smartlearn_1.Teil-top-20260519-0952.html
abu,Allgemeinbildender Unterricht ABU,abu_l02,ABU,L02,"Kauf und Konsum: Kredit, Betreibung und Bankgeschäfte",hard,single_choice,Welche Aussage grenzt Buchgeld am präzisesten von falschen Vorstellungen ab?,es ist nur Münzgeld,es ist ein Gesetzbuch,Geld existiert als Guthaben auf Konten,es ist ein Mietzins,C,Buchgeld wird elektronisch übertragen.,"ABU Smartlearn Quiz 1. Teil, Moodle-XHTML-Export, hochgeladene Referenzdatei",user_upload:quiz-ABU_Smartlearn_1.Teil-top-20260519-0952.html
abu,Allgemeinbildender Unterricht ABU,abu_l02,ABU,L02,"Kauf und Konsum: Kredit, Betreibung und Bankgeschäfte",easy,single_choice,Welche Kurzdefinition passt zu Buchgeld?,es ist nur Münzgeld,es ist ein Gesetzbuch,es ist ein Mietzins,Geld existiert als Guthaben auf Konten,D,Buchgeld wird elektronisch übertragen.,"ABU Smartlearn Quiz 1. Teil, Moodle-XHTML-Export, hochgeladene Referenzdatei",user_upload:quiz-ABU_Smartlearn_1.Teil-top-20260519-0952.html
abu,Allgemeinbildender Unterricht ABU,abu_l03,ABU,L03,"Berufsbildung, Lehrvertrag und Lernorte",easy,single_choice,Welche Aussage beschreibt Lehrvertrag im ABU am besten?,er regelt Rechte und Pflichten von Lernenden und Lehrbetrieb,er ist ein Kaufvertrag,er ersetzt die Schule,er ist nur mündlich gültig,A,Der Lehrvertrag ist Grundlage der beruflichen Grundbildung.,"ABU Smartlearn Quiz 1. Teil, Moodle-XHTML-Export, hochgeladene Referenzdatei",user_upload:quiz-ABU_Smartlearn_1.Teil-top-20260519-0952.html
abu,Allgemeinbildender Unterricht ABU,abu_l03,ABU,L03,"Berufsbildung, Lehrvertrag und Lernorte",medium,single_choice,Worauf muss man beim Thema Lehrvertrag besonders achten?,er ist ein Kaufvertrag,er regelt Rechte und Pflichten von Lernenden und Lehrbetrieb,er ersetzt die Schule,er ist nur mündlich gültig,B,Der Lehrvertrag ist Grundlage der beruflichen Grundbildung.,"ABU Smartlearn Quiz 1. Teil, Moodle-XHTML-Export, hochgeladene Referenzdatei",user_upload:quiz-ABU_Smartlearn_1.Teil-top-20260519-0952.html
abu,Allgemeinbildender Unterricht ABU,abu_l03,ABU,L03,"Berufsbildung, Lehrvertrag und Lernorte",hard,single_choice,Welche Aussage zu Lehrvertrag ist fachlich am korrektesten?,er ist ein Kaufvertrag,er ersetzt die Schule,er regelt Rechte und Pflichten von Lernenden und Lehrbetrieb,er ist nur mündlich gültig,C,Der Lehrvertrag ist Grundlage der beruflichen Grundbildung.,"ABU Smartlearn Quiz 1. Teil, Moodle-XHTML-Export, hochgeladene Referenzdatei",user_upload:quiz-ABU_Smartlearn_1.Teil-top-20260519-0952.html
abu,Allgemeinbildender Unterricht ABU,abu_l03,ABU,L03,"Berufsbildung, Lehrvertrag und Lernorte",easy,single_choice,Welche Antwort passt zum Begriff Lehrvertrag?,er ist ein Kaufvertrag,er ersetzt die Schule,er ist nur mündlich gültig,er regelt Rechte und Pflichten von Lernenden und Lehrbetrieb,D,Der Lehrvertrag ist Grundlage der beruflichen Grundbildung.,"ABU Smartlearn Quiz 1. Teil, Moodle-XHTML-Export, hochgeladene Referenzdatei",user_upload:quiz-ABU_Smartlearn_1.Teil-top-20260519-0952.html
abu,Allgemeinbildender Unterricht ABU,abu_l03,ABU,L03,"Berufsbildung, Lehrvertrag und Lernorte",medium,single_choice,Welche praktische Bedeutung hat Lehrvertrag für Lernende?,er regelt Rechte und Pflichten von Lernenden und Lehrbetrieb,er ist ein Kaufvertrag,er ersetzt die Schule,er ist nur mündlich gültig,A,Der Lehrvertrag ist Grundlage der beruflichen Grundbildung.,"ABU Smartlearn Quiz 1. Teil, Moodle-XHTML-Export, hochgeladene Referenzdatei",user_upload:quiz-ABU_Smartlearn_1.Teil-top-20260519-0952.html
abu,Allgemeinbildender Unterricht ABU,abu_l03,ABU,L03,"Berufsbildung, Lehrvertrag und Lernorte",hard,single_choice,Welche Erklärung zu Lehrvertrag ist im gesellschaftlichen und rechtlichen Kontext richtig?,er ist ein Kaufvertrag,er regelt Rechte und Pflichten von Lernenden und Lehrbetrieb,er ersetzt die Schule,er ist nur mündlich gültig,B,Der Lehrvertrag ist Grundlage der beruflichen Grundbildung.,"ABU Smartlearn Quiz 1. Teil, Moodle-XHTML-Export, hochgeladene Referenzdatei",user_upload:quiz-ABU_Smartlearn_1.Teil-top-20260519-0952.html
abu,Allgemeinbildender Unterricht ABU,abu_l03,ABU,L03,"Berufsbildung, Lehrvertrag und Lernorte",easy,single_choice,Was ist bei Lehrvertrag grundsätzlich richtig?,er ist ein Kaufvertrag,er ersetzt die Schule,er regelt Rechte und Pflichten von Lernenden und Lehrbetrieb,er ist nur mündlich gültig,C,Der Lehrvertrag ist Grundlage der beruflichen Grundbildung.,"ABU Smartlearn Quiz 1. Teil, Moodle-XHTML-Export, hochgeladene Referenzdatei",user_upload:quiz-ABU_Smartlearn_1.Teil-top-20260519-0952.html
abu,Allgemeinbildender Unterricht ABU,abu_l03,ABU,L03,"Berufsbildung, Lehrvertrag und Lernorte",medium,single_choice,Welche Aussage zeigt ein korrektes Verständnis von Lehrvertrag?,er ist ein Kaufvertrag,er ersetzt die Schule,er ist nur mündlich gültig,er regelt Rechte und Pflichten von Lernenden und Lehrbetrieb,D,Der Lehrvertrag ist Grundlage der beruflichen Grundbildung.,"ABU Smartlearn Quiz 1. Teil, Moodle-XHTML-Export, hochgeladene Referenzdatei",user_upload:quiz-ABU_Smartlearn_1.Teil-top-20260519-0952.html
abu,Allgemeinbildender Unterricht ABU,abu_l03,ABU,L03,"Berufsbildung, Lehrvertrag und Lernorte",hard,single_choice,Welche Aussage grenzt Lehrvertrag am präzisesten von falschen Vorstellungen ab?,er regelt Rechte und Pflichten von Lernenden und Lehrbetrieb,er ist ein Kaufvertrag,er ersetzt die Schule,er ist nur mündlich gültig,A,Der Lehrvertrag ist Grundlage der beruflichen Grundbildung.,"ABU Smartlearn Quiz 1. Teil, Moodle-XHTML-Export, hochgeladene Referenzdatei",user_upload:quiz-ABU_Smartlearn_1.Teil-top-20260519-0952.html
abu,Allgemeinbildender Unterricht ABU,abu_l03,ABU,L03,"Berufsbildung, Lehrvertrag und Lernorte",easy,single_choice,Welche Kurzdefinition passt zu Lehrvertrag?,er ist ein Kaufvertrag,er regelt Rechte und Pflichten von Lernenden und Lehrbetrieb,er ersetzt die Schule,er ist nur mündlich gültig,B,Der Lehrvertrag ist Grundlage der beruflichen Grundbildung.,"ABU Smartlearn Quiz 1. Teil, Moodle-XHTML-Export, hochgeladene Referenzdatei",user_upload:quiz-ABU_Smartlearn_1.Teil-top-20260519-0952.html
abu,Allgemeinbildender Unterricht ABU,abu_l03,ABU,L03,"Berufsbildung, Lehrvertrag und Lernorte",easy,single_choice,Welche Aussage beschreibt Vertragsform beim Lehrvertrag im ABU am besten?,er braucht keine Angaben,er gilt nur per Handschlag,der Lehrvertrag muss schriftlich abgeschlossen werden,er wird erst nach der Lehre erstellt,C,Die Schriftlichkeit schafft Klarheit und Rechtssicherheit.,"ABU Smartlearn Quiz 1. Teil, Moodle-XHTML-Export, hochgeladene Referenzdatei",user_upload:quiz-ABU_Smartlearn_1.Teil-top-20260519-0952.html
abu,Allgemeinbildender Unterricht ABU,abu_l03,ABU,L03,"Berufsbildung, Lehrvertrag und Lernorte",medium,single_choice,Worauf muss man beim Thema Vertragsform beim Lehrvertrag besonders achten?,er braucht keine Angaben,er gilt nur per Handschlag,er wird erst nach der Lehre erstellt,der Lehrvertrag muss schriftlich abgeschlossen werden,D,Die Schriftlichkeit schafft Klarheit und Rechtssicherheit.,"ABU Smartlearn Quiz 1. Teil, Moodle-XHTML-Export, hochgeladene Referenzdatei",user_upload:quiz-ABU_Smartlearn_1.Teil-top-20260519-0952.html
abu,Allgemeinbildender Unterricht ABU,abu_l03,ABU,L03,"Berufsbildung, Lehrvertrag und Lernorte",hard,single_choice,Welche Aussage zu Vertragsform beim Lehrvertrag ist fachlich am korrektesten?,der Lehrvertrag muss schriftlich abgeschlossen werden,er braucht keine Angaben,er gilt nur per Handschlag,er wird erst nach der Lehre erstellt,A,Die Schriftlichkeit schafft Klarheit und Rechtssicherheit.,"ABU Smartlearn Quiz 1. Teil, Moodle-XHTML-Export, hochgeladene Referenzdatei",user_upload:quiz-ABU_Smartlearn_1.Teil-top-20260519-0952.html
abu,Allgemeinbildender Unterricht ABU,abu_l03,ABU,L03,"Berufsbildung, Lehrvertrag und Lernorte",easy,single_choice,Welche Antwort passt zum Begriff Vertragsform beim Lehrvertrag?,er braucht keine Angaben,der Lehrvertrag muss schriftlich abgeschlossen werden,er gilt nur per Handschlag,er wird erst nach der Lehre erstellt,B,Die Schriftlichkeit schafft Klarheit und Rechtssicherheit.,"ABU Smartlearn Quiz 1. Teil, Moodle-XHTML-Export, hochgeladene Referenzdatei",user_upload:quiz-ABU_Smartlearn_1.Teil-top-20260519-0952.html
abu,Allgemeinbildender Unterricht ABU,abu_l03,ABU,L03,"Berufsbildung, Lehrvertrag und Lernorte",medium,single_choice,Welche praktische Bedeutung hat Vertragsform beim Lehrvertrag für Lernende?,er braucht keine Angaben,er gilt nur per Handschlag,der Lehrvertrag muss schriftlich abgeschlossen werden,er wird erst nach der Lehre erstellt,C,Die Schriftlichkeit schafft Klarheit und Rechtssicherheit.,"ABU Smartlearn Quiz 1. Teil, Moodle-XHTML-Export, hochgeladene Referenzdatei",user_upload:quiz-ABU_Smartlearn_1.Teil-top-20260519-0952.html
abu,Allgemeinbildender Unterricht ABU,abu_l03,ABU,L03,"Berufsbildung, Lehrvertrag und Lernorte",hard,single_choice,Welche Erklärung zu Vertragsform beim Lehrvertrag ist im gesellschaftlichen und rechtlichen Kontext richtig?,er braucht keine Angaben,er gilt nur per Handschlag,er wird erst nach der Lehre erstellt,der Lehrvertrag muss schriftlich abgeschlossen werden,D,Die Schriftlichkeit schafft Klarheit und Rechtssicherheit.,"ABU Smartlearn Quiz 1. Teil, Moodle-XHTML-Export, hochgeladene Referenzdatei",user_upload:quiz-ABU_Smartlearn_1.Teil-top-20260519-0952.html
abu,Allgemeinbildender Unterricht ABU,abu_l03,ABU,L03,"Berufsbildung, Lehrvertrag und Lernorte",easy,single_choice,Was ist bei Vertragsform beim Lehrvertrag grundsätzlich richtig?,der Lehrvertrag muss schriftlich abgeschlossen werden,er braucht keine Angaben,er gilt nur per Handschlag,er wird erst nach der Lehre erstellt,A,Die Schriftlichkeit schafft Klarheit und Rechtssicherheit.,"ABU Smartlearn Quiz 1. Teil, Moodle-XHTML-Export, hochgeladene Referenzdatei",user_upload:quiz-ABU_Smartlearn_1.Teil-top-20260519-0952.html
abu,Allgemeinbildender Unterricht ABU,abu_l03,ABU,L03,"Berufsbildung, Lehrvertrag und Lernorte",medium,single_choice,Welche Aussage zeigt ein korrektes Verständnis von Vertragsform beim Lehrvertrag?,er braucht keine Angaben,der Lehrvertrag muss schriftlich abgeschlossen werden,er gilt nur per Handschlag,er wird erst nach der Lehre erstellt,B,Die Schriftlichkeit schafft Klarheit und Rechtssicherheit.,"ABU Smartlearn Quiz 1. Teil, Moodle-XHTML-Export, hochgeladene Referenzdatei",user_upload:quiz-ABU_Smartlearn_1.Teil-top-20260519-0952.html
abu,Allgemeinbildender Unterricht ABU,abu_l03,ABU,L03,"Berufsbildung, Lehrvertrag und Lernorte",hard,single_choice,Welche Aussage grenzt Vertragsform beim Lehrvertrag am präzisesten von falschen Vorstellungen ab?,er braucht keine Angaben,er gilt nur per Handschlag,der Lehrvertrag muss schriftlich abgeschlossen werden,er wird erst nach der Lehre erstellt,C,Die Schriftlichkeit schafft Klarheit und Rechtssicherheit.,"ABU Smartlearn Quiz 1. Teil, Moodle-XHTML-Export, hochgeladene Referenzdatei",user_upload:quiz-ABU_Smartlearn_1.Teil-top-20260519-0952.html
abu,Allgemeinbildender Unterricht ABU,abu_l03,ABU,L03,"Berufsbildung, Lehrvertrag und Lernorte",easy,single_choice,Welche Kurzdefinition passt zu Vertragsform beim Lehrvertrag?,er braucht keine Angaben,er gilt nur per Handschlag,er wird erst nach der Lehre erstellt,der Lehrvertrag muss schriftlich abgeschlossen werden,D,Die Schriftlichkeit schafft Klarheit und Rechtssicherheit.,"ABU Smartlearn Quiz 1. Teil, Moodle-XHTML-Export, hochgeladene Referenzdatei",user_upload:quiz-ABU_Smartlearn_1.Teil-top-20260519-0952.html
abu,Allgemeinbildender Unterricht ABU,abu_l03,ABU,L03,"Berufsbildung, Lehrvertrag und Lernorte",easy,single_choice,Welche Aussage beschreibt Lernorte im ABU am besten?,"Betrieb, Berufsfachschule und üK ergänzen sich",nur Ferien zählen,nur Prüfungen bilden aus,alle Lernorte haben denselben Zweck,A,"Die berufliche Grundbildung verbindet Praxis, Theorie und überbetriebliche Kurse.","ABU Smartlearn Quiz 1. Teil, Moodle-XHTML-Export, hochgeladene Referenzdatei",user_upload:quiz-ABU_Smartlearn_1.Teil-top-20260519-0952.html
abu,Allgemeinbildender Unterricht ABU,abu_l03,ABU,L03,"Berufsbildung, Lehrvertrag und Lernorte",medium,single_choice,Worauf muss man beim Thema Lernorte besonders achten?,nur Ferien zählen,"Betrieb, Berufsfachschule und üK ergänzen sich",nur Prüfungen bilden aus,alle Lernorte haben denselben Zweck,B,"Die berufliche Grundbildung verbindet Praxis, Theorie und überbetriebliche Kurse.","ABU Smartlearn Quiz 1. Teil, Moodle-XHTML-Export, hochgeladene Referenzdatei",user_upload:quiz-ABU_Smartlearn_1.Teil-top-20260519-0952.html
abu,Allgemeinbildender Unterricht ABU,abu_l03,ABU,L03,"Berufsbildung, Lehrvertrag und Lernorte",hard,single_choice,Welche Aussage zu Lernorte ist fachlich am korrektesten?,nur Ferien zählen,nur Prüfungen bilden aus,"Betrieb, Berufsfachschule und üK ergänzen sich",alle Lernorte haben denselben Zweck,C,"Die berufliche Grundbildung verbindet Praxis, Theorie und überbetriebliche Kurse.","ABU Smartlearn Quiz 1. Teil, Moodle-XHTML-Export, hochgeladene Referenzdatei",user_upload:quiz-ABU_Smartlearn_1.Teil-top-20260519-0952.html
abu,Allgemeinbildender Unterricht ABU,abu_l03,ABU,L03,"Berufsbildung, Lehrvertrag und Lernorte",easy,single_choice,Welche Antwort passt zum Begriff Lernorte?,nur Ferien zählen,nur Prüfungen bilden aus,alle Lernorte haben denselben Zweck,"Betrieb, Berufsfachschule und üK ergänzen sich",D,"Die berufliche Grundbildung verbindet Praxis, Theorie und überbetriebliche Kurse.","ABU Smartlearn Quiz 1. Teil, Moodle-XHTML-Export, hochgeladene Referenzdatei",user_upload:quiz-ABU_Smartlearn_1.Teil-top-20260519-0952.html
abu,Allgemeinbildender Unterricht ABU,abu_l03,ABU,L03,"Berufsbildung, Lehrvertrag und Lernorte",medium,single_choice,Welche praktische Bedeutung hat Lernorte für Lernende?,"Betrieb, Berufsfachschule und üK ergänzen sich",nur Ferien zählen,nur Prüfungen bilden aus,alle Lernorte haben denselben Zweck,A,"Die berufliche Grundbildung verbindet Praxis, Theorie und überbetriebliche Kurse.","ABU Smartlearn Quiz 1. Teil, Moodle-XHTML-Export, hochgeladene Referenzdatei",user_upload:quiz-ABU_Smartlearn_1.Teil-top-20260519-0952.html
abu,Allgemeinbildender Unterricht ABU,abu_l03,ABU,L03,"Berufsbildung, Lehrvertrag und Lernorte",hard,single_choice,Welche Erklärung zu Lernorte ist im gesellschaftlichen und rechtlichen Kontext richtig?,nur Ferien zählen,"Betrieb, Berufsfachschule und üK ergänzen sich",nur Prüfungen bilden aus,alle Lernorte haben denselben Zweck,B,"Die berufliche Grundbildung verbindet Praxis, Theorie und überbetriebliche Kurse.","ABU Smartlearn Quiz 1. Teil, Moodle-XHTML-Export, hochgeladene Referenzdatei",user_upload:quiz-ABU_Smartlearn_1.Teil-top-20260519-0952.html
abu,Allgemeinbildender Unterricht ABU,abu_l03,ABU,L03,"Berufsbildung, Lehrvertrag und Lernorte",easy,single_choice,Was ist bei Lernorte grundsätzlich richtig?,nur Ferien zählen,nur Prüfungen bilden aus,"Betrieb, Berufsfachschule und üK ergänzen sich",alle Lernorte haben denselben Zweck,C,"Die berufliche Grundbildung verbindet Praxis, Theorie und überbetriebliche Kurse.","ABU Smartlearn Quiz 1. Teil, Moodle-XHTML-Export, hochgeladene Referenzdatei",user_upload:quiz-ABU_Smartlearn_1.Teil-top-20260519-0952.html
abu,Allgemeinbildender Unterricht ABU,abu_l03,ABU,L03,"Berufsbildung, Lehrvertrag und Lernorte",medium,single_choice,Welche Aussage zeigt ein korrektes Verständnis von Lernorte?,nur Ferien zählen,nur Prüfungen bilden aus,alle Lernorte haben denselben Zweck,"Betrieb, Berufsfachschule und üK ergänzen sich",D,"Die berufliche Grundbildung verbindet Praxis, Theorie und überbetriebliche Kurse.","ABU Smartlearn Quiz 1. Teil, Moodle-XHTML-Export, hochgeladene Referenzdatei",user_upload:quiz-ABU_Smartlearn_1.Teil-top-20260519-0952.html
abu,Allgemeinbildender Unterricht ABU,abu_l03,ABU,L03,"Berufsbildung, Lehrvertrag und Lernorte",hard,single_choice,Welche Aussage grenzt Lernorte am präzisesten von falschen Vorstellungen ab?,"Betrieb, Berufsfachschule und üK ergänzen sich",nur Ferien zählen,nur Prüfungen bilden aus,alle Lernorte haben denselben Zweck,A,"Die berufliche Grundbildung verbindet Praxis, Theorie und überbetriebliche Kurse.","ABU Smartlearn Quiz 1. Teil, Moodle-XHTML-Export, hochgeladene Referenzdatei",user_upload:quiz-ABU_Smartlearn_1.Teil-top-20260519-0952.html
abu,Allgemeinbildender Unterricht ABU,abu_l03,ABU,L03,"Berufsbildung, Lehrvertrag und Lernorte",easy,single_choice,Welche Kurzdefinition passt zu Lernorte?,nur Ferien zählen,"Betrieb, Berufsfachschule und üK ergänzen sich",nur Prüfungen bilden aus,alle Lernorte haben denselben Zweck,B,"Die berufliche Grundbildung verbindet Praxis, Theorie und überbetriebliche Kurse.","ABU Smartlearn Quiz 1. Teil, Moodle-XHTML-Export, hochgeladene Referenzdatei",user_upload:quiz-ABU_Smartlearn_1.Teil-top-20260519-0952.html
abu,Allgemeinbildender Unterricht ABU,abu_l03,ABU,L03,"Berufsbildung, Lehrvertrag und Lernorte",easy,single_choice,Welche Aussage beschreibt Berufsfachschule im ABU am besten?,sie ist nur ein Arbeitsplatz,sie ersetzt den Lehrbetrieb vollständig,sie vermittelt schulische Berufskenntnisse und Allgemeinbildung,sie ist eine Versicherung,C,Die Berufsfachschule ist ein offizieller Lernort.,"ABU Smartlearn Quiz 1. Teil, Moodle-XHTML-Export, hochgeladene Referenzdatei",user_upload:quiz-ABU_Smartlearn_1.Teil-top-20260519-0952.html
abu,Allgemeinbildender Unterricht ABU,abu_l03,ABU,L03,"Berufsbildung, Lehrvertrag und Lernorte",medium,single_choice,Worauf muss man beim Thema Berufsfachschule besonders achten?,sie ist nur ein Arbeitsplatz,sie ersetzt den Lehrbetrieb vollständig,sie ist eine Versicherung,sie vermittelt schulische Berufskenntnisse und Allgemeinbildung,D,Die Berufsfachschule ist ein offizieller Lernort.,"ABU Smartlearn Quiz 1. Teil, Moodle-XHTML-Export, hochgeladene Referenzdatei",user_upload:quiz-ABU_Smartlearn_1.Teil-top-20260519-0952.html
abu,Allgemeinbildender Unterricht ABU,abu_l03,ABU,L03,"Berufsbildung, Lehrvertrag und Lernorte",hard,single_choice,Welche Aussage zu Berufsfachschule ist fachlich am korrektesten?,sie vermittelt schulische Berufskenntnisse und Allgemeinbildung,sie ist nur ein Arbeitsplatz,sie ersetzt den Lehrbetrieb vollständig,sie ist eine Versicherung,A,Die Berufsfachschule ist ein offizieller Lernort.,"ABU Smartlearn Quiz 1. Teil, Moodle-XHTML-Export, hochgeladene Referenzdatei",user_upload:quiz-ABU_Smartlearn_1.Teil-top-20260519-0952.html
abu,Allgemeinbildender Unterricht ABU,abu_l03,ABU,L03,"Berufsbildung, Lehrvertrag und Lernorte",easy,single_choice,Welche Antwort passt zum Begriff Berufsfachschule?,sie ist nur ein Arbeitsplatz,sie vermittelt schulische Berufskenntnisse und Allgemeinbildung,sie ersetzt den Lehrbetrieb vollständig,sie ist eine Versicherung,B,Die Berufsfachschule ist ein offizieller Lernort.,"ABU Smartlearn Quiz 1. Teil, Moodle-XHTML-Export, hochgeladene Referenzdatei",user_upload:quiz-ABU_Smartlearn_1.Teil-top-20260519-0952.html
abu,Allgemeinbildender Unterricht ABU,abu_l03,ABU,L03,"Berufsbildung, Lehrvertrag und Lernorte",medium,single_choice,Welche praktische Bedeutung hat Berufsfachschule für Lernende?,sie ist nur ein Arbeitsplatz,sie ersetzt den Lehrbetrieb vollständig,sie vermittelt schulische Berufskenntnisse und Allgemeinbildung,sie ist eine Versicherung,C,Die Berufsfachschule ist ein offizieller Lernort.,"ABU Smartlearn Quiz 1. Teil, Moodle-XHTML-Export, hochgeladene Referenzdatei",user_upload:quiz-ABU_Smartlearn_1.Teil-top-20260519-0952.html
abu,Allgemeinbildender Unterricht ABU,abu_l03,ABU,L03,"Berufsbildung, Lehrvertrag und Lernorte",hard,single_choice,Welche Erklärung zu Berufsfachschule ist im gesellschaftlichen und rechtlichen Kontext richtig?,sie ist nur ein Arbeitsplatz,sie ersetzt den Lehrbetrieb vollständig,sie ist eine Versicherung,sie vermittelt schulische Berufskenntnisse und Allgemeinbildung,D,Die Berufsfachschule ist ein offizieller Lernort.,"ABU Smartlearn Quiz 1. Teil, Moodle-XHTML-Export, hochgeladene Referenzdatei",user_upload:quiz-ABU_Smartlearn_1.Teil-top-20260519-0952.html
abu,Allgemeinbildender Unterricht ABU,abu_l03,ABU,L03,"Berufsbildung, Lehrvertrag und Lernorte",easy,single_choice,Was ist bei Berufsfachschule grundsätzlich richtig?,sie vermittelt schulische Berufskenntnisse und Allgemeinbildung,sie ist nur ein Arbeitsplatz,sie ersetzt den Lehrbetrieb vollständig,sie ist eine Versicherung,A,Die Berufsfachschule ist ein offizieller Lernort.,"ABU Smartlearn Quiz 1. Teil, Moodle-XHTML-Export, hochgeladene Referenzdatei",user_upload:quiz-ABU_Smartlearn_1.Teil-top-20260519-0952.html
abu,Allgemeinbildender Unterricht ABU,abu_l03,ABU,L03,"Berufsbildung, Lehrvertrag und Lernorte",medium,single_choice,Welche Aussage zeigt ein korrektes Verständnis von Berufsfachschule?,sie ist nur ein Arbeitsplatz,sie vermittelt schulische Berufskenntnisse und Allgemeinbildung,sie ersetzt den Lehrbetrieb vollständig,sie ist eine Versicherung,B,Die Berufsfachschule ist ein offizieller Lernort.,"ABU Smartlearn Quiz 1. Teil, Moodle-XHTML-Export, hochgeladene Referenzdatei",user_upload:quiz-ABU_Smartlearn_1.Teil-top-20260519-0952.html
abu,Allgemeinbildender Unterricht ABU,abu_l03,ABU,L03,"Berufsbildung, Lehrvertrag und Lernorte",hard,single_choice,Welche Aussage grenzt Berufsfachschule am präzisesten von falschen Vorstellungen ab?,sie ist nur ein Arbeitsplatz,sie ersetzt den Lehrbetrieb vollständig,sie vermittelt schulische Berufskenntnisse und Allgemeinbildung,sie ist eine Versicherung,C,Die Berufsfachschule ist ein offizieller Lernort.,"ABU Smartlearn Quiz 1. Teil, Moodle-XHTML-Export, hochgeladene Referenzdatei",user_upload:quiz-ABU_Smartlearn_1.Teil-top-20260519-0952.html
abu,Allgemeinbildender Unterricht ABU,abu_l03,ABU,L03,"Berufsbildung, Lehrvertrag und Lernorte",easy,single_choice,Welche Kurzdefinition passt zu Berufsfachschule?,sie ist nur ein Arbeitsplatz,sie ersetzt den Lehrbetrieb vollständig,sie ist eine Versicherung,sie vermittelt schulische Berufskenntnisse und Allgemeinbildung,D,Die Berufsfachschule ist ein offizieller Lernort.,"ABU Smartlearn Quiz 1. Teil, Moodle-XHTML-Export, hochgeladene Referenzdatei",user_upload:quiz-ABU_Smartlearn_1.Teil-top-20260519-0952.html
abu,Allgemeinbildender Unterricht ABU,abu_l03,ABU,L03,"Berufsbildung, Lehrvertrag und Lernorte",easy,single_choice,Welche Aussage beschreibt überbetriebliche Kurse im ABU am besten?,sie vermitteln grundlegende praktische Fähigkeiten ergänzend zum Betrieb,sie sind private Freizeitkurse,sie ersetzen alle Prüfungen,sie sind Betreibungen,A,üK unterstützen einheitliche Grundfertigkeiten.,"ABU Smartlearn Quiz 1. Teil, Moodle-XHTML-Export, hochgeladene Referenzdatei",user_upload:quiz-ABU_Smartlearn_1.Teil-top-20260519-0952.html
abu,Allgemeinbildender Unterricht ABU,abu_l03,ABU,L03,"Berufsbildung, Lehrvertrag und Lernorte",medium,single_choice,Worauf muss man beim Thema überbetriebliche Kurse besonders achten?,sie sind private Freizeitkurse,sie vermitteln grundlegende praktische Fähigkeiten ergänzend zum Betrieb,sie ersetzen alle Prüfungen,sie sind Betreibungen,B,üK unterstützen einheitliche Grundfertigkeiten.,"ABU Smartlearn Quiz 1. Teil, Moodle-XHTML-Export, hochgeladene Referenzdatei",user_upload:quiz-ABU_Smartlearn_1.Teil-top-20260519-0952.html
abu,Allgemeinbildender Unterricht ABU,abu_l03,ABU,L03,"Berufsbildung, Lehrvertrag und Lernorte",hard,single_choice,Welche Aussage zu überbetriebliche Kurse ist fachlich am korrektesten?,sie sind private Freizeitkurse,sie ersetzen alle Prüfungen,sie vermitteln grundlegende praktische Fähigkeiten ergänzend zum Betrieb,sie sind Betreibungen,C,üK unterstützen einheitliche Grundfertigkeiten.,"ABU Smartlearn Quiz 1. Teil, Moodle-XHTML-Export, hochgeladene Referenzdatei",user_upload:quiz-ABU_Smartlearn_1.Teil-top-20260519-0952.html
abu,Allgemeinbildender Unterricht ABU,abu_l03,ABU,L03,"Berufsbildung, Lehrvertrag und Lernorte",easy,single_choice,Welche Antwort passt zum Begriff überbetriebliche Kurse?,sie sind private Freizeitkurse,sie ersetzen alle Prüfungen,sie sind Betreibungen,sie vermitteln grundlegende praktische Fähigkeiten ergänzend zum Betrieb,D,üK unterstützen einheitliche Grundfertigkeiten.,"ABU Smartlearn Quiz 1. Teil, Moodle-XHTML-Export, hochgeladene Referenzdatei",user_upload:quiz-ABU_Smartlearn_1.Teil-top-20260519-0952.html
abu,Allgemeinbildender Unterricht ABU,abu_l03,ABU,L03,"Berufsbildung, Lehrvertrag und Lernorte",medium,single_choice,Welche praktische Bedeutung hat überbetriebliche Kurse für Lernende?,sie vermitteln grundlegende praktische Fähigkeiten ergänzend zum Betrieb,sie sind private Freizeitkurse,sie ersetzen alle Prüfungen,sie sind Betreibungen,A,üK unterstützen einheitliche Grundfertigkeiten.,"ABU Smartlearn Quiz 1. Teil, Moodle-XHTML-Export, hochgeladene Referenzdatei",user_upload:quiz-ABU_Smartlearn_1.Teil-top-20260519-0952.html
abu,Allgemeinbildender Unterricht ABU,abu_l03,ABU,L03,"Berufsbildung, Lehrvertrag und Lernorte",hard,single_choice,Welche Erklärung zu überbetriebliche Kurse ist im gesellschaftlichen und rechtlichen Kontext richtig?,sie sind private Freizeitkurse,sie vermitteln grundlegende praktische Fähigkeiten ergänzend zum Betrieb,sie ersetzen alle Prüfungen,sie sind Betreibungen,B,üK unterstützen einheitliche Grundfertigkeiten.,"ABU Smartlearn Quiz 1. Teil, Moodle-XHTML-Export, hochgeladene Referenzdatei",user_upload:quiz-ABU_Smartlearn_1.Teil-top-20260519-0952.html
abu,Allgemeinbildender Unterricht ABU,abu_l03,ABU,L03,"Berufsbildung, Lehrvertrag und Lernorte",easy,single_choice,Was ist bei überbetriebliche Kurse grundsätzlich richtig?,sie sind private Freizeitkurse,sie ersetzen alle Prüfungen,sie vermitteln grundlegende praktische Fähigkeiten ergänzend zum Betrieb,sie sind Betreibungen,C,üK unterstützen einheitliche Grundfertigkeiten.,"ABU Smartlearn Quiz 1. Teil, Moodle-XHTML-Export, hochgeladene Referenzdatei",user_upload:quiz-ABU_Smartlearn_1.Teil-top-20260519-0952.html
abu,Allgemeinbildender Unterricht ABU,abu_l03,ABU,L03,"Berufsbildung, Lehrvertrag und Lernorte",medium,single_choice,Welche Aussage zeigt ein korrektes Verständnis von überbetriebliche Kurse?,sie sind private Freizeitkurse,sie ersetzen alle Prüfungen,sie sind Betreibungen,sie vermitteln grundlegende praktische Fähigkeiten ergänzend zum Betrieb,D,üK unterstützen einheitliche Grundfertigkeiten.,"ABU Smartlearn Quiz 1. Teil, Moodle-XHTML-Export, hochgeladene Referenzdatei",user_upload:quiz-ABU_Smartlearn_1.Teil-top-20260519-0952.html
abu,Allgemeinbildender Unterricht ABU,abu_l03,ABU,L03,"Berufsbildung, Lehrvertrag und Lernorte",hard,single_choice,Welche Aussage grenzt überbetriebliche Kurse am präzisesten von falschen Vorstellungen ab?,sie vermitteln grundlegende praktische Fähigkeiten ergänzend zum Betrieb,sie sind private Freizeitkurse,sie ersetzen alle Prüfungen,sie sind Betreibungen,A,üK unterstützen einheitliche Grundfertigkeiten.,"ABU Smartlearn Quiz 1. Teil, Moodle-XHTML-Export, hochgeladene Referenzdatei",user_upload:quiz-ABU_Smartlearn_1.Teil-top-20260519-0952.html
abu,Allgemeinbildender Unterricht ABU,abu_l03,ABU,L03,"Berufsbildung, Lehrvertrag und Lernorte",easy,single_choice,Welche Kurzdefinition passt zu überbetriebliche Kurse?,sie sind private Freizeitkurse,sie vermitteln grundlegende praktische Fähigkeiten ergänzend zum Betrieb,sie ersetzen alle Prüfungen,sie sind Betreibungen,B,üK unterstützen einheitliche Grundfertigkeiten.,"ABU Smartlearn Quiz 1. Teil, Moodle-XHTML-Export, hochgeladene Referenzdatei",user_upload:quiz-ABU_Smartlearn_1.Teil-top-20260519-0952.html
abu,Allgemeinbildender Unterricht ABU,abu_l03,ABU,L03,"Berufsbildung, Lehrvertrag und Lernorte",easy,single_choice,Welche Aussage beschreibt Pflichten Lernende im ABU am besten?,sie dürfen Schule beliebig auslassen,sie müssen keine Weisungen beachten,Lernende arbeiten sorgfältig mit und besuchen die Schule,sie bezahlen immer den Lohn,C,Lernende haben Mitwirkungs- und Sorgfaltspflichten.,"ABU Smartlearn Quiz 1. Teil, Moodle-XHTML-Export, hochgeladene Referenzdatei",user_upload:quiz-ABU_Smartlearn_1.Teil-top-20260519-0952.html
abu,Allgemeinbildender Unterricht ABU,abu_l03,ABU,L03,"Berufsbildung, Lehrvertrag und Lernorte",medium,single_choice,Worauf muss man beim Thema Pflichten Lernende besonders achten?,sie dürfen Schule beliebig auslassen,sie müssen keine Weisungen beachten,sie bezahlen immer den Lohn,Lernende arbeiten sorgfältig mit und besuchen die Schule,D,Lernende haben Mitwirkungs- und Sorgfaltspflichten.,"ABU Smartlearn Quiz 1. Teil, Moodle-XHTML-Export, hochgeladene Referenzdatei",user_upload:quiz-ABU_Smartlearn_1.Teil-top-20260519-0952.html
abu,Allgemeinbildender Unterricht ABU,abu_l03,ABU,L03,"Berufsbildung, Lehrvertrag und Lernorte",hard,single_choice,Welche Aussage zu Pflichten Lernende ist fachlich am korrektesten?,Lernende arbeiten sorgfältig mit und besuchen die Schule,sie dürfen Schule beliebig auslassen,sie müssen keine Weisungen beachten,sie bezahlen immer den Lohn,A,Lernende haben Mitwirkungs- und Sorgfaltspflichten.,"ABU Smartlearn Quiz 1. Teil, Moodle-XHTML-Export, hochgeladene Referenzdatei",user_upload:quiz-ABU_Smartlearn_1.Teil-top-20260519-0952.html
abu,Allgemeinbildender Unterricht ABU,abu_l03,ABU,L03,"Berufsbildung, Lehrvertrag und Lernorte",easy,single_choice,Welche Antwort passt zum Begriff Pflichten Lernende?,sie dürfen Schule beliebig auslassen,Lernende arbeiten sorgfältig mit und besuchen die Schule,sie müssen keine Weisungen beachten,sie bezahlen immer den Lohn,B,Lernende haben Mitwirkungs- und Sorgfaltspflichten.,"ABU Smartlearn Quiz 1. Teil, Moodle-XHTML-Export, hochgeladene Referenzdatei",user_upload:quiz-ABU_Smartlearn_1.Teil-top-20260519-0952.html
abu,Allgemeinbildender Unterricht ABU,abu_l03,ABU,L03,"Berufsbildung, Lehrvertrag und Lernorte",medium,single_choice,Welche praktische Bedeutung hat Pflichten Lernende für Lernende?,sie dürfen Schule beliebig auslassen,sie müssen keine Weisungen beachten,Lernende arbeiten sorgfältig mit und besuchen die Schule,sie bezahlen immer den Lohn,C,Lernende haben Mitwirkungs- und Sorgfaltspflichten.,"ABU Smartlearn Quiz 1. Teil, Moodle-XHTML-Export, hochgeladene Referenzdatei",user_upload:quiz-ABU_Smartlearn_1.Teil-top-20260519-0952.html
abu,Allgemeinbildender Unterricht ABU,abu_l03,ABU,L03,"Berufsbildung, Lehrvertrag und Lernorte",hard,single_choice,Welche Erklärung zu Pflichten Lernende ist im gesellschaftlichen und rechtlichen Kontext richtig?,sie dürfen Schule beliebig auslassen,sie müssen keine Weisungen beachten,sie bezahlen immer den Lohn,Lernende arbeiten sorgfältig mit und besuchen die Schule,D,Lernende haben Mitwirkungs- und Sorgfaltspflichten.,"ABU Smartlearn Quiz 1. Teil, Moodle-XHTML-Export, hochgeladene Referenzdatei",user_upload:quiz-ABU_Smartlearn_1.Teil-top-20260519-0952.html
abu,Allgemeinbildender Unterricht ABU,abu_l03,ABU,L03,"Berufsbildung, Lehrvertrag und Lernorte",easy,single_choice,Was ist bei Pflichten Lernende grundsätzlich richtig?,Lernende arbeiten sorgfältig mit und besuchen die Schule,sie dürfen Schule beliebig auslassen,sie müssen keine Weisungen beachten,sie bezahlen immer den Lohn,A,Lernende haben Mitwirkungs- und Sorgfaltspflichten.,"ABU Smartlearn Quiz 1. Teil, Moodle-XHTML-Export, hochgeladene Referenzdatei",user_upload:quiz-ABU_Smartlearn_1.Teil-top-20260519-0952.html
abu,Allgemeinbildender Unterricht ABU,abu_l03,ABU,L03,"Berufsbildung, Lehrvertrag und Lernorte",medium,single_choice,Welche Aussage zeigt ein korrektes Verständnis von Pflichten Lernende?,sie dürfen Schule beliebig auslassen,Lernende arbeiten sorgfältig mit und besuchen die Schule,sie müssen keine Weisungen beachten,sie bezahlen immer den Lohn,B,Lernende haben Mitwirkungs- und Sorgfaltspflichten.,"ABU Smartlearn Quiz 1. Teil, Moodle-XHTML-Export, hochgeladene Referenzdatei",user_upload:quiz-ABU_Smartlearn_1.Teil-top-20260519-0952.html
abu,Allgemeinbildender Unterricht ABU,abu_l03,ABU,L03,"Berufsbildung, Lehrvertrag und Lernorte",hard,single_choice,Welche Aussage grenzt Pflichten Lernende am präzisesten von falschen Vorstellungen ab?,sie dürfen Schule beliebig auslassen,sie müssen keine Weisungen beachten,Lernende arbeiten sorgfältig mit und besuchen die Schule,sie bezahlen immer den Lohn,C,Lernende haben Mitwirkungs- und Sorgfaltspflichten.,"ABU Smartlearn Quiz 1. Teil, Moodle-XHTML-Export, hochgeladene Referenzdatei",user_upload:quiz-ABU_Smartlearn_1.Teil-top-20260519-0952.html
abu,Allgemeinbildender Unterricht ABU,abu_l03,ABU,L03,"Berufsbildung, Lehrvertrag und Lernorte",easy,single_choice,Welche Kurzdefinition passt zu Pflichten Lernende?,sie dürfen Schule beliebig auslassen,sie müssen keine Weisungen beachten,sie bezahlen immer den Lohn,Lernende arbeiten sorgfältig mit und besuchen die Schule,D,Lernende haben Mitwirkungs- und Sorgfaltspflichten.,"ABU Smartlearn Quiz 1. Teil, Moodle-XHTML-Export, hochgeladene Referenzdatei",user_upload:quiz-ABU_Smartlearn_1.Teil-top-20260519-0952.html
abu,Allgemeinbildender Unterricht ABU,abu_l03,ABU,L03,"Berufsbildung, Lehrvertrag und Lernorte",easy,single_choice,Welche Aussage beschreibt Pflichten Lehrbetrieb im ABU am besten?,der Betrieb bildet fachgerecht aus und schützt Lernende,er darf Ausbildung verweigern,er muss keinen Lohn zahlen,er darf alles mündlich ändern,A,Der Betrieb trägt Verantwortung für Ausbildung und Schutz.,"ABU Smartlearn Quiz 1. Teil, Moodle-XHTML-Export, hochgeladene Referenzdatei",user_upload:quiz-ABU_Smartlearn_1.Teil-top-20260519-0952.html
abu,Allgemeinbildender Unterricht ABU,abu_l03,ABU,L03,"Berufsbildung, Lehrvertrag und Lernorte",medium,single_choice,Worauf muss man beim Thema Pflichten Lehrbetrieb besonders achten?,er darf Ausbildung verweigern,der Betrieb bildet fachgerecht aus und schützt Lernende,er muss keinen Lohn zahlen,er darf alles mündlich ändern,B,Der Betrieb trägt Verantwortung für Ausbildung und Schutz.,"ABU Smartlearn Quiz 1. Teil, Moodle-XHTML-Export, hochgeladene Referenzdatei",user_upload:quiz-ABU_Smartlearn_1.Teil-top-20260519-0952.html
abu,Allgemeinbildender Unterricht ABU,abu_l03,ABU,L03,"Berufsbildung, Lehrvertrag und Lernorte",hard,single_choice,Welche Aussage zu Pflichten Lehrbetrieb ist fachlich am korrektesten?,er darf Ausbildung verweigern,er muss keinen Lohn zahlen,der Betrieb bildet fachgerecht aus und schützt Lernende,er darf alles mündlich ändern,C,Der Betrieb trägt Verantwortung für Ausbildung und Schutz.,"ABU Smartlearn Quiz 1. Teil, Moodle-XHTML-Export, hochgeladene Referenzdatei",user_upload:quiz-ABU_Smartlearn_1.Teil-top-20260519-0952.html
abu,Allgemeinbildender Unterricht ABU,abu_l03,ABU,L03,"Berufsbildung, Lehrvertrag und Lernorte",easy,single_choice,Welche Antwort passt zum Begriff Pflichten Lehrbetrieb?,er darf Ausbildung verweigern,er muss keinen Lohn zahlen,er darf alles mündlich ändern,der Betrieb bildet fachgerecht aus und schützt Lernende,D,Der Betrieb trägt Verantwortung für Ausbildung und Schutz.,"ABU Smartlearn Quiz 1. Teil, Moodle-XHTML-Export, hochgeladene Referenzdatei",user_upload:quiz-ABU_Smartlearn_1.Teil-top-20260519-0952.html
abu,Allgemeinbildender Unterricht ABU,abu_l03,ABU,L03,"Berufsbildung, Lehrvertrag und Lernorte",medium,single_choice,Welche praktische Bedeutung hat Pflichten Lehrbetrieb für Lernende?,der Betrieb bildet fachgerecht aus und schützt Lernende,er darf Ausbildung verweigern,er muss keinen Lohn zahlen,er darf alles mündlich ändern,A,Der Betrieb trägt Verantwortung für Ausbildung und Schutz.,"ABU Smartlearn Quiz 1. Teil, Moodle-XHTML-Export, hochgeladene Referenzdatei",user_upload:quiz-ABU_Smartlearn_1.Teil-top-20260519-0952.html
abu,Allgemeinbildender Unterricht ABU,abu_l03,ABU,L03,"Berufsbildung, Lehrvertrag und Lernorte",hard,single_choice,Welche Erklärung zu Pflichten Lehrbetrieb ist im gesellschaftlichen und rechtlichen Kontext richtig?,er darf Ausbildung verweigern,der Betrieb bildet fachgerecht aus und schützt Lernende,er muss keinen Lohn zahlen,er darf alles mündlich ändern,B,Der Betrieb trägt Verantwortung für Ausbildung und Schutz.,"ABU Smartlearn Quiz 1. Teil, Moodle-XHTML-Export, hochgeladene Referenzdatei",user_upload:quiz-ABU_Smartlearn_1.Teil-top-20260519-0952.html
abu,Allgemeinbildender Unterricht ABU,abu_l03,ABU,L03,"Berufsbildung, Lehrvertrag und Lernorte",easy,single_choice,Was ist bei Pflichten Lehrbetrieb grundsätzlich richtig?,er darf Ausbildung verweigern,er muss keinen Lohn zahlen,der Betrieb bildet fachgerecht aus und schützt Lernende,er darf alles mündlich ändern,C,Der Betrieb trägt Verantwortung für Ausbildung und Schutz.,"ABU Smartlearn Quiz 1. Teil, Moodle-XHTML-Export, hochgeladene Referenzdatei",user_upload:quiz-ABU_Smartlearn_1.Teil-top-20260519-0952.html
abu,Allgemeinbildender Unterricht ABU,abu_l03,ABU,L03,"Berufsbildung, Lehrvertrag und Lernorte",medium,single_choice,Welche Aussage zeigt ein korrektes Verständnis von Pflichten Lehrbetrieb?,er darf Ausbildung verweigern,er muss keinen Lohn zahlen,er darf alles mündlich ändern,der Betrieb bildet fachgerecht aus und schützt Lernende,D,Der Betrieb trägt Verantwortung für Ausbildung und Schutz.,"ABU Smartlearn Quiz 1. Teil, Moodle-XHTML-Export, hochgeladene Referenzdatei",user_upload:quiz-ABU_Smartlearn_1.Teil-top-20260519-0952.html
abu,Allgemeinbildender Unterricht ABU,abu_l03,ABU,L03,"Berufsbildung, Lehrvertrag und Lernorte",hard,single_choice,Welche Aussage grenzt Pflichten Lehrbetrieb am präzisesten von falschen Vorstellungen ab?,der Betrieb bildet fachgerecht aus und schützt Lernende,er darf Ausbildung verweigern,er muss keinen Lohn zahlen,er darf alles mündlich ändern,A,Der Betrieb trägt Verantwortung für Ausbildung und Schutz.,"ABU Smartlearn Quiz 1. Teil, Moodle-XHTML-Export, hochgeladene Referenzdatei",user_upload:quiz-ABU_Smartlearn_1.Teil-top-20260519-0952.html
abu,Allgemeinbildender Unterricht ABU,abu_l03,ABU,L03,"Berufsbildung, Lehrvertrag und Lernorte",easy,single_choice,Welche Kurzdefinition passt zu Pflichten Lehrbetrieb?,er darf Ausbildung verweigern,der Betrieb bildet fachgerecht aus und schützt Lernende,er muss keinen Lohn zahlen,er darf alles mündlich ändern,B,Der Betrieb trägt Verantwortung für Ausbildung und Schutz.,"ABU Smartlearn Quiz 1. Teil, Moodle-XHTML-Export, hochgeladene Referenzdatei",user_upload:quiz-ABU_Smartlearn_1.Teil-top-20260519-0952.html
abu,Allgemeinbildender Unterricht ABU,abu_l03,ABU,L03,"Berufsbildung, Lehrvertrag und Lernorte",easy,single_choice,Welche Aussage beschreibt Beendigung der Lehre im ABU am besten?,sie passiert immer ohne Grund,sie ist eine Steuerart,sie erfolgt regulär am Ende oder aus rechtlich geregelten Gründen,sie ersetzt die Abschlussprüfung,C,Eine vorzeitige Beendigung braucht klare Gründe und Verfahren.,"ABU Smartlearn Quiz 1. Teil, Moodle-XHTML-Export, hochgeladene Referenzdatei",user_upload:quiz-ABU_Smartlearn_1.Teil-top-20260519-0952.html
abu,Allgemeinbildender Unterricht ABU,abu_l03,ABU,L03,"Berufsbildung, Lehrvertrag und Lernorte",medium,single_choice,Worauf muss man beim Thema Beendigung der Lehre besonders achten?,sie passiert immer ohne Grund,sie ist eine Steuerart,sie ersetzt die Abschlussprüfung,sie erfolgt regulär am Ende oder aus rechtlich geregelten Gründen,D,Eine vorzeitige Beendigung braucht klare Gründe und Verfahren.,"ABU Smartlearn Quiz 1. Teil, Moodle-XHTML-Export, hochgeladene Referenzdatei",user_upload:quiz-ABU_Smartlearn_1.Teil-top-20260519-0952.html
abu,Allgemeinbildender Unterricht ABU,abu_l03,ABU,L03,"Berufsbildung, Lehrvertrag und Lernorte",hard,single_choice,Welche Aussage zu Beendigung der Lehre ist fachlich am korrektesten?,sie erfolgt regulär am Ende oder aus rechtlich geregelten Gründen,sie passiert immer ohne Grund,sie ist eine Steuerart,sie ersetzt die Abschlussprüfung,A,Eine vorzeitige Beendigung braucht klare Gründe und Verfahren.,"ABU Smartlearn Quiz 1. Teil, Moodle-XHTML-Export, hochgeladene Referenzdatei",user_upload:quiz-ABU_Smartlearn_1.Teil-top-20260519-0952.html
abu,Allgemeinbildender Unterricht ABU,abu_l03,ABU,L03,"Berufsbildung, Lehrvertrag und Lernorte",easy,single_choice,Welche Antwort passt zum Begriff Beendigung der Lehre?,sie passiert immer ohne Grund,sie erfolgt regulär am Ende oder aus rechtlich geregelten Gründen,sie ist eine Steuerart,sie ersetzt die Abschlussprüfung,B,Eine vorzeitige Beendigung braucht klare Gründe und Verfahren.,"ABU Smartlearn Quiz 1. Teil, Moodle-XHTML-Export, hochgeladene Referenzdatei",user_upload:quiz-ABU_Smartlearn_1.Teil-top-20260519-0952.html
abu,Allgemeinbildender Unterricht ABU,abu_l03,ABU,L03,"Berufsbildung, Lehrvertrag und Lernorte",medium,single_choice,Welche praktische Bedeutung hat Beendigung der Lehre für Lernende?,sie passiert immer ohne Grund,sie ist eine Steuerart,sie erfolgt regulär am Ende oder aus rechtlich geregelten Gründen,sie ersetzt die Abschlussprüfung,C,Eine vorzeitige Beendigung braucht klare Gründe und Verfahren.,"ABU Smartlearn Quiz 1. Teil, Moodle-XHTML-Export, hochgeladene Referenzdatei",user_upload:quiz-ABU_Smartlearn_1.Teil-top-20260519-0952.html
abu,Allgemeinbildender Unterricht ABU,abu_l03,ABU,L03,"Berufsbildung, Lehrvertrag und Lernorte",hard,single_choice,Welche Erklärung zu Beendigung der Lehre ist im gesellschaftlichen und rechtlichen Kontext richtig?,sie passiert immer ohne Grund,sie ist eine Steuerart,sie ersetzt die Abschlussprüfung,sie erfolgt regulär am Ende oder aus rechtlich geregelten Gründen,D,Eine vorzeitige Beendigung braucht klare Gründe und Verfahren.,"ABU Smartlearn Quiz 1. Teil, Moodle-XHTML-Export, hochgeladene Referenzdatei",user_upload:quiz-ABU_Smartlearn_1.Teil-top-20260519-0952.html
abu,Allgemeinbildender Unterricht ABU,abu_l03,ABU,L03,"Berufsbildung, Lehrvertrag und Lernorte",easy,single_choice,Was ist bei Beendigung der Lehre grundsätzlich richtig?,sie erfolgt regulär am Ende oder aus rechtlich geregelten Gründen,sie passiert immer ohne Grund,sie ist eine Steuerart,sie ersetzt die Abschlussprüfung,A,Eine vorzeitige Beendigung braucht klare Gründe und Verfahren.,"ABU Smartlearn Quiz 1. Teil, Moodle-XHTML-Export, hochgeladene Referenzdatei",user_upload:quiz-ABU_Smartlearn_1.Teil-top-20260519-0952.html
abu,Allgemeinbildender Unterricht ABU,abu_l03,ABU,L03,"Berufsbildung, Lehrvertrag und Lernorte",medium,single_choice,Welche Aussage zeigt ein korrektes Verständnis von Beendigung der Lehre?,sie passiert immer ohne Grund,sie erfolgt regulär am Ende oder aus rechtlich geregelten Gründen,sie ist eine Steuerart,sie ersetzt die Abschlussprüfung,B,Eine vorzeitige Beendigung braucht klare Gründe und Verfahren.,"ABU Smartlearn Quiz 1. Teil, Moodle-XHTML-Export, hochgeladene Referenzdatei",user_upload:quiz-ABU_Smartlearn_1.Teil-top-20260519-0952.html
abu,Allgemeinbildender Unterricht ABU,abu_l03,ABU,L03,"Berufsbildung, Lehrvertrag und Lernorte",hard,single_choice,Welche Aussage grenzt Beendigung der Lehre am präzisesten von falschen Vorstellungen ab?,sie passiert immer ohne Grund,sie ist eine Steuerart,sie erfolgt regulär am Ende oder aus rechtlich geregelten Gründen,sie ersetzt die Abschlussprüfung,C,Eine vorzeitige Beendigung braucht klare Gründe und Verfahren.,"ABU Smartlearn Quiz 1. Teil, Moodle-XHTML-Export, hochgeladene Referenzdatei",user_upload:quiz-ABU_Smartlearn_1.Teil-top-20260519-0952.html
abu,Allgemeinbildender Unterricht ABU,abu_l03,ABU,L03,"Berufsbildung, Lehrvertrag und Lernorte",easy,single_choice,Welche Kurzdefinition passt zu Beendigung der Lehre?,sie passiert immer ohne Grund,sie ist eine Steuerart,sie ersetzt die Abschlussprüfung,sie erfolgt regulär am Ende oder aus rechtlich geregelten Gründen,D,Eine vorzeitige Beendigung braucht klare Gründe und Verfahren.,"ABU Smartlearn Quiz 1. Teil, Moodle-XHTML-Export, hochgeladene Referenzdatei",user_upload:quiz-ABU_Smartlearn_1.Teil-top-20260519-0952.html
abu,Allgemeinbildender Unterricht ABU,abu_l03,ABU,L03,"Berufsbildung, Lehrvertrag und Lernorte",easy,single_choice,Welche Aussage beschreibt Probezeit im ABU am besten?,sie dient beiden Seiten zur Prüfung der Zusammenarbeit,sie ist immer zehn Jahre lang,sie verbietet Rückmeldungen,sie betrifft nur Mietverträge,A,In der Probezeit gelten besondere Kündigungsregeln.,"ABU Smartlearn Quiz 1. Teil, Moodle-XHTML-Export, hochgeladene Referenzdatei",user_upload:quiz-ABU_Smartlearn_1.Teil-top-20260519-0952.html
abu,Allgemeinbildender Unterricht ABU,abu_l03,ABU,L03,"Berufsbildung, Lehrvertrag und Lernorte",medium,single_choice,Worauf muss man beim Thema Probezeit besonders achten?,sie ist immer zehn Jahre lang,sie dient beiden Seiten zur Prüfung der Zusammenarbeit,sie verbietet Rückmeldungen,sie betrifft nur Mietverträge,B,In der Probezeit gelten besondere Kündigungsregeln.,"ABU Smartlearn Quiz 1. Teil, Moodle-XHTML-Export, hochgeladene Referenzdatei",user_upload:quiz-ABU_Smartlearn_1.Teil-top-20260519-0952.html
abu,Allgemeinbildender Unterricht ABU,abu_l03,ABU,L03,"Berufsbildung, Lehrvertrag und Lernorte",hard,single_choice,Welche Aussage zu Probezeit ist fachlich am korrektesten?,sie ist immer zehn Jahre lang,sie verbietet Rückmeldungen,sie dient beiden Seiten zur Prüfung der Zusammenarbeit,sie betrifft nur Mietverträge,C,In der Probezeit gelten besondere Kündigungsregeln.,"ABU Smartlearn Quiz 1. Teil, Moodle-XHTML-Export, hochgeladene Referenzdatei",user_upload:quiz-ABU_Smartlearn_1.Teil-top-20260519-0952.html
abu,Allgemeinbildender Unterricht ABU,abu_l03,ABU,L03,"Berufsbildung, Lehrvertrag und Lernorte",easy,single_choice,Welche Antwort passt zum Begriff Probezeit?,sie ist immer zehn Jahre lang,sie verbietet Rückmeldungen,sie betrifft nur Mietverträge,sie dient beiden Seiten zur Prüfung der Zusammenarbeit,D,In der Probezeit gelten besondere Kündigungsregeln.,"ABU Smartlearn Quiz 1. Teil, Moodle-XHTML-Export, hochgeladene Referenzdatei",user_upload:quiz-ABU_Smartlearn_1.Teil-top-20260519-0952.html
abu,Allgemeinbildender Unterricht ABU,abu_l03,ABU,L03,"Berufsbildung, Lehrvertrag und Lernorte",medium,single_choice,Welche praktische Bedeutung hat Probezeit für Lernende?,sie dient beiden Seiten zur Prüfung der Zusammenarbeit,sie ist immer zehn Jahre lang,sie verbietet Rückmeldungen,sie betrifft nur Mietverträge,A,In der Probezeit gelten besondere Kündigungsregeln.,"ABU Smartlearn Quiz 1. Teil, Moodle-XHTML-Export, hochgeladene Referenzdatei",user_upload:quiz-ABU_Smartlearn_1.Teil-top-20260519-0952.html
abu,Allgemeinbildender Unterricht ABU,abu_l03,ABU,L03,"Berufsbildung, Lehrvertrag und Lernorte",hard,single_choice,Welche Erklärung zu Probezeit ist im gesellschaftlichen und rechtlichen Kontext richtig?,sie ist immer zehn Jahre lang,sie dient beiden Seiten zur Prüfung der Zusammenarbeit,sie verbietet Rückmeldungen,sie betrifft nur Mietverträge,B,In der Probezeit gelten besondere Kündigungsregeln.,"ABU Smartlearn Quiz 1. Teil, Moodle-XHTML-Export, hochgeladene Referenzdatei",user_upload:quiz-ABU_Smartlearn_1.Teil-top-20260519-0952.html
abu,Allgemeinbildender Unterricht ABU,abu_l03,ABU,L03,"Berufsbildung, Lehrvertrag und Lernorte",easy,single_choice,Was ist bei Probezeit grundsätzlich richtig?,sie ist immer zehn Jahre lang,sie verbietet Rückmeldungen,sie dient beiden Seiten zur Prüfung der Zusammenarbeit,sie betrifft nur Mietverträge,C,In der Probezeit gelten besondere Kündigungsregeln.,"ABU Smartlearn Quiz 1. Teil, Moodle-XHTML-Export, hochgeladene Referenzdatei",user_upload:quiz-ABU_Smartlearn_1.Teil-top-20260519-0952.html
abu,Allgemeinbildender Unterricht ABU,abu_l03,ABU,L03,"Berufsbildung, Lehrvertrag und Lernorte",medium,single_choice,Welche Aussage zeigt ein korrektes Verständnis von Probezeit?,sie ist immer zehn Jahre lang,sie verbietet Rückmeldungen,sie betrifft nur Mietverträge,sie dient beiden Seiten zur Prüfung der Zusammenarbeit,D,In der Probezeit gelten besondere Kündigungsregeln.,"ABU Smartlearn Quiz 1. Teil, Moodle-XHTML-Export, hochgeladene Referenzdatei",user_upload:quiz-ABU_Smartlearn_1.Teil-top-20260519-0952.html
abu,Allgemeinbildender Unterricht ABU,abu_l03,ABU,L03,"Berufsbildung, Lehrvertrag und Lernorte",hard,single_choice,Welche Aussage grenzt Probezeit am präzisesten von falschen Vorstellungen ab?,sie dient beiden Seiten zur Prüfung der Zusammenarbeit,sie ist immer zehn Jahre lang,sie verbietet Rückmeldungen,sie betrifft nur Mietverträge,A,In der Probezeit gelten besondere Kündigungsregeln.,"ABU Smartlearn Quiz 1. Teil, Moodle-XHTML-Export, hochgeladene Referenzdatei",user_upload:quiz-ABU_Smartlearn_1.Teil-top-20260519-0952.html
abu,Allgemeinbildender Unterricht ABU,abu_l03,ABU,L03,"Berufsbildung, Lehrvertrag und Lernorte",easy,single_choice,Welche Kurzdefinition passt zu Probezeit?,sie ist immer zehn Jahre lang,sie dient beiden Seiten zur Prüfung der Zusammenarbeit,sie verbietet Rückmeldungen,sie betrifft nur Mietverträge,B,In der Probezeit gelten besondere Kündigungsregeln.,"ABU Smartlearn Quiz 1. Teil, Moodle-XHTML-Export, hochgeladene Referenzdatei",user_upload:quiz-ABU_Smartlearn_1.Teil-top-20260519-0952.html
abu,Allgemeinbildender Unterricht ABU,abu_l03,ABU,L03,"Berufsbildung, Lehrvertrag und Lernorte",easy,single_choice,Welche Aussage beschreibt Qualifikationsverfahren im ABU am besten?,es ist eine Bankgebühr,es ersetzt die Ausbildung,"es prüft, ob die beruflichen Handlungskompetenzen erreicht wurden",es ist immer freiwillig,C,Das Qualifikationsverfahren führt zum Abschluss.,"ABU Smartlearn Quiz 1. Teil, Moodle-XHTML-Export, hochgeladene Referenzdatei",user_upload:quiz-ABU_Smartlearn_1.Teil-top-20260519-0952.html
abu,Allgemeinbildender Unterricht ABU,abu_l03,ABU,L03,"Berufsbildung, Lehrvertrag und Lernorte",medium,single_choice,Worauf muss man beim Thema Qualifikationsverfahren besonders achten?,es ist eine Bankgebühr,es ersetzt die Ausbildung,es ist immer freiwillig,"es prüft, ob die beruflichen Handlungskompetenzen erreicht wurden",D,Das Qualifikationsverfahren führt zum Abschluss.,"ABU Smartlearn Quiz 1. Teil, Moodle-XHTML-Export, hochgeladene Referenzdatei",user_upload:quiz-ABU_Smartlearn_1.Teil-top-20260519-0952.html
abu,Allgemeinbildender Unterricht ABU,abu_l03,ABU,L03,"Berufsbildung, Lehrvertrag und Lernorte",hard,single_choice,Welche Aussage zu Qualifikationsverfahren ist fachlich am korrektesten?,"es prüft, ob die beruflichen Handlungskompetenzen erreicht wurden",es ist eine Bankgebühr,es ersetzt die Ausbildung,es ist immer freiwillig,A,Das Qualifikationsverfahren führt zum Abschluss.,"ABU Smartlearn Quiz 1. Teil, Moodle-XHTML-Export, hochgeladene Referenzdatei",user_upload:quiz-ABU_Smartlearn_1.Teil-top-20260519-0952.html
abu,Allgemeinbildender Unterricht ABU,abu_l03,ABU,L03,"Berufsbildung, Lehrvertrag und Lernorte",easy,single_choice,Welche Antwort passt zum Begriff Qualifikationsverfahren?,es ist eine Bankgebühr,"es prüft, ob die beruflichen Handlungskompetenzen erreicht wurden",es ersetzt die Ausbildung,es ist immer freiwillig,B,Das Qualifikationsverfahren führt zum Abschluss.,"ABU Smartlearn Quiz 1. Teil, Moodle-XHTML-Export, hochgeladene Referenzdatei",user_upload:quiz-ABU_Smartlearn_1.Teil-top-20260519-0952.html
abu,Allgemeinbildender Unterricht ABU,abu_l03,ABU,L03,"Berufsbildung, Lehrvertrag und Lernorte",medium,single_choice,Welche praktische Bedeutung hat Qualifikationsverfahren für Lernende?,es ist eine Bankgebühr,es ersetzt die Ausbildung,"es prüft, ob die beruflichen Handlungskompetenzen erreicht wurden",es ist immer freiwillig,C,Das Qualifikationsverfahren führt zum Abschluss.,"ABU Smartlearn Quiz 1. Teil, Moodle-XHTML-Export, hochgeladene Referenzdatei",user_upload:quiz-ABU_Smartlearn_1.Teil-top-20260519-0952.html
abu,Allgemeinbildender Unterricht ABU,abu_l03,ABU,L03,"Berufsbildung, Lehrvertrag und Lernorte",hard,single_choice,Welche Erklärung zu Qualifikationsverfahren ist im gesellschaftlichen und rechtlichen Kontext richtig?,es ist eine Bankgebühr,es ersetzt die Ausbildung,es ist immer freiwillig,"es prüft, ob die beruflichen Handlungskompetenzen erreicht wurden",D,Das Qualifikationsverfahren führt zum Abschluss.,"ABU Smartlearn Quiz 1. Teil, Moodle-XHTML-Export, hochgeladene Referenzdatei",user_upload:quiz-ABU_Smartlearn_1.Teil-top-20260519-0952.html
abu,Allgemeinbildender Unterricht ABU,abu_l03,ABU,L03,"Berufsbildung, Lehrvertrag und Lernorte",easy,single_choice,Was ist bei Qualifikationsverfahren grundsätzlich richtig?,"es prüft, ob die beruflichen Handlungskompetenzen erreicht wurden",es ist eine Bankgebühr,es ersetzt die Ausbildung,es ist immer freiwillig,A,Das Qualifikationsverfahren führt zum Abschluss.,"ABU Smartlearn Quiz 1. Teil, Moodle-XHTML-Export, hochgeladene Referenzdatei",user_upload:quiz-ABU_Smartlearn_1.Teil-top-20260519-0952.html
abu,Allgemeinbildender Unterricht ABU,abu_l03,ABU,L03,"Berufsbildung, Lehrvertrag und Lernorte",medium,single_choice,Welche Aussage zeigt ein korrektes Verständnis von Qualifikationsverfahren?,es ist eine Bankgebühr,"es prüft, ob die beruflichen Handlungskompetenzen erreicht wurden",es ersetzt die Ausbildung,es ist immer freiwillig,B,Das Qualifikationsverfahren führt zum Abschluss.,"ABU Smartlearn Quiz 1. Teil, Moodle-XHTML-Export, hochgeladene Referenzdatei",user_upload:quiz-ABU_Smartlearn_1.Teil-top-20260519-0952.html
abu,Allgemeinbildender Unterricht ABU,abu_l03,ABU,L03,"Berufsbildung, Lehrvertrag und Lernorte",hard,single_choice,Welche Aussage grenzt Qualifikationsverfahren am präzisesten von falschen Vorstellungen ab?,es ist eine Bankgebühr,es ersetzt die Ausbildung,"es prüft, ob die beruflichen Handlungskompetenzen erreicht wurden",es ist immer freiwillig,C,Das Qualifikationsverfahren führt zum Abschluss.,"ABU Smartlearn Quiz 1. Teil, Moodle-XHTML-Export, hochgeladene Referenzdatei",user_upload:quiz-ABU_Smartlearn_1.Teil-top-20260519-0952.html
abu,Allgemeinbildender Unterricht ABU,abu_l03,ABU,L03,"Berufsbildung, Lehrvertrag und Lernorte",easy,single_choice,Welche Kurzdefinition passt zu Qualifikationsverfahren?,es ist eine Bankgebühr,es ersetzt die Ausbildung,es ist immer freiwillig,"es prüft, ob die beruflichen Handlungskompetenzen erreicht wurden",D,Das Qualifikationsverfahren führt zum Abschluss.,"ABU Smartlearn Quiz 1. Teil, Moodle-XHTML-Export, hochgeladene Referenzdatei",user_upload:quiz-ABU_Smartlearn_1.Teil-top-20260519-0952.html
abu,Allgemeinbildender Unterricht ABU,abu_l04,ABU,L04,"Rechtsgrundlagen, Personenrecht und Vertragsrecht",easy,single_choice,Welche Aussage beschreibt Rechtsfähigkeit im ABU am besten?,jede Person kann Trägerin von Rechten und Pflichten sein,nur Erwachsene haben sie,sie ist identisch mit Kreditfähigkeit,sie gilt nur für Firmen,A,Rechtsfähigkeit beginnt grundsätzlich mit der Geburt.,"ABU Smartlearn Quiz 1. Teil, Moodle-XHTML-Export, hochgeladene Referenzdatei",user_upload:quiz-ABU_Smartlearn_1.Teil-top-20260519-0952.html
abu,Allgemeinbildender Unterricht ABU,abu_l04,ABU,L04,"Rechtsgrundlagen, Personenrecht und Vertragsrecht",medium,single_choice,Worauf muss man beim Thema Rechtsfähigkeit besonders achten?,nur Erwachsene haben sie,jede Person kann Trägerin von Rechten und Pflichten sein,sie ist identisch mit Kreditfähigkeit,sie gilt nur für Firmen,B,Rechtsfähigkeit beginnt grundsätzlich mit der Geburt.,"ABU Smartlearn Quiz 1. Teil, Moodle-XHTML-Export, hochgeladene Referenzdatei",user_upload:quiz-ABU_Smartlearn_1.Teil-top-20260519-0952.html
abu,Allgemeinbildender Unterricht ABU,abu_l04,ABU,L04,"Rechtsgrundlagen, Personenrecht und Vertragsrecht",hard,single_choice,Welche Aussage zu Rechtsfähigkeit ist fachlich am korrektesten?,nur Erwachsene haben sie,sie ist identisch mit Kreditfähigkeit,jede Person kann Trägerin von Rechten und Pflichten sein,sie gilt nur für Firmen,C,Rechtsfähigkeit beginnt grundsätzlich mit der Geburt.,"ABU Smartlearn Quiz 1. Teil, Moodle-XHTML-Export, hochgeladene Referenzdatei",user_upload:quiz-ABU_Smartlearn_1.Teil-top-20260519-0952.html
abu,Allgemeinbildender Unterricht ABU,abu_l04,ABU,L04,"Rechtsgrundlagen, Personenrecht und Vertragsrecht",easy,single_choice,Welche Antwort passt zum Begriff Rechtsfähigkeit?,nur Erwachsene haben sie,sie ist identisch mit Kreditfähigkeit,sie gilt nur für Firmen,jede Person kann Trägerin von Rechten und Pflichten sein,D,Rechtsfähigkeit beginnt grundsätzlich mit der Geburt.,"ABU Smartlearn Quiz 1. Teil, Moodle-XHTML-Export, hochgeladene Referenzdatei",user_upload:quiz-ABU_Smartlearn_1.Teil-top-20260519-0952.html
abu,Allgemeinbildender Unterricht ABU,abu_l04,ABU,L04,"Rechtsgrundlagen, Personenrecht und Vertragsrecht",medium,single_choice,Welche praktische Bedeutung hat Rechtsfähigkeit für Lernende?,jede Person kann Trägerin von Rechten und Pflichten sein,nur Erwachsene haben sie,sie ist identisch mit Kreditfähigkeit,sie gilt nur für Firmen,A,Rechtsfähigkeit beginnt grundsätzlich mit der Geburt.,"ABU Smartlearn Quiz 1. Teil, Moodle-XHTML-Export, hochgeladene Referenzdatei",user_upload:quiz-ABU_Smartlearn_1.Teil-top-20260519-0952.html
abu,Allgemeinbildender Unterricht ABU,abu_l04,ABU,L04,"Rechtsgrundlagen, Personenrecht und Vertragsrecht",hard,single_choice,Welche Erklärung zu Rechtsfähigkeit ist im gesellschaftlichen und rechtlichen Kontext richtig?,nur Erwachsene haben sie,jede Person kann Trägerin von Rechten und Pflichten sein,sie ist identisch mit Kreditfähigkeit,sie gilt nur für Firmen,B,Rechtsfähigkeit beginnt grundsätzlich mit der Geburt.,"ABU Smartlearn Quiz 1. Teil, Moodle-XHTML-Export, hochgeladene Referenzdatei",user_upload:quiz-ABU_Smartlearn_1.Teil-top-20260519-0952.html
abu,Allgemeinbildender Unterricht ABU,abu_l04,ABU,L04,"Rechtsgrundlagen, Personenrecht und Vertragsrecht",easy,single_choice,Was ist bei Rechtsfähigkeit grundsätzlich richtig?,nur Erwachsene haben sie,sie ist identisch mit Kreditfähigkeit,jede Person kann Trägerin von Rechten und Pflichten sein,sie gilt nur für Firmen,C,Rechtsfähigkeit beginnt grundsätzlich mit der Geburt.,"ABU Smartlearn Quiz 1. Teil, Moodle-XHTML-Export, hochgeladene Referenzdatei",user_upload:quiz-ABU_Smartlearn_1.Teil-top-20260519-0952.html
abu,Allgemeinbildender Unterricht ABU,abu_l04,ABU,L04,"Rechtsgrundlagen, Personenrecht und Vertragsrecht",medium,single_choice,Welche Aussage zeigt ein korrektes Verständnis von Rechtsfähigkeit?,nur Erwachsene haben sie,sie ist identisch mit Kreditfähigkeit,sie gilt nur für Firmen,jede Person kann Trägerin von Rechten und Pflichten sein,D,Rechtsfähigkeit beginnt grundsätzlich mit der Geburt.,"ABU Smartlearn Quiz 1. Teil, Moodle-XHTML-Export, hochgeladene Referenzdatei",user_upload:quiz-ABU_Smartlearn_1.Teil-top-20260519-0952.html
abu,Allgemeinbildender Unterricht ABU,abu_l04,ABU,L04,"Rechtsgrundlagen, Personenrecht und Vertragsrecht",hard,single_choice,Welche Aussage grenzt Rechtsfähigkeit am präzisesten von falschen Vorstellungen ab?,jede Person kann Trägerin von Rechten und Pflichten sein,nur Erwachsene haben sie,sie ist identisch mit Kreditfähigkeit,sie gilt nur für Firmen,A,Rechtsfähigkeit beginnt grundsätzlich mit der Geburt.,"ABU Smartlearn Quiz 1. Teil, Moodle-XHTML-Export, hochgeladene Referenzdatei",user_upload:quiz-ABU_Smartlearn_1.Teil-top-20260519-0952.html
abu,Allgemeinbildender Unterricht ABU,abu_l04,ABU,L04,"Rechtsgrundlagen, Personenrecht und Vertragsrecht",easy,single_choice,Welche Kurzdefinition passt zu Rechtsfähigkeit?,nur Erwachsene haben sie,jede Person kann Trägerin von Rechten und Pflichten sein,sie ist identisch mit Kreditfähigkeit,sie gilt nur für Firmen,B,Rechtsfähigkeit beginnt grundsätzlich mit der Geburt.,"ABU Smartlearn Quiz 1. Teil, Moodle-XHTML-Export, hochgeladene Referenzdatei",user_upload:quiz-ABU_Smartlearn_1.Teil-top-20260519-0952.html
abu,Allgemeinbildender Unterricht ABU,abu_l04,ABU,L04,"Rechtsgrundlagen, Personenrecht und Vertragsrecht",easy,single_choice,Welche Aussage beschreibt Handlungsfähigkeit im ABU am besten?,sie ist immer ohne Voraussetzungen vorhanden,sie bedeutet Steuerfreiheit,eine Person kann durch eigenes Handeln Rechte und Pflichten begründen,sie ersetzt Rechtsfähigkeit,C,Handlungsfähigkeit setzt Urteilsfähigkeit und Volljährigkeit voraus.,"ABU Smartlearn Quiz 1. Teil, Moodle-XHTML-Export, hochgeladene Referenzdatei",user_upload:quiz-ABU_Smartlearn_1.Teil-top-20260519-0952.html
abu,Allgemeinbildender Unterricht ABU,abu_l04,ABU,L04,"Rechtsgrundlagen, Personenrecht und Vertragsrecht",medium,single_choice,Worauf muss man beim Thema Handlungsfähigkeit besonders achten?,sie ist immer ohne Voraussetzungen vorhanden,sie bedeutet Steuerfreiheit,sie ersetzt Rechtsfähigkeit,eine Person kann durch eigenes Handeln Rechte und Pflichten begründen,D,Handlungsfähigkeit setzt Urteilsfähigkeit und Volljährigkeit voraus.,"ABU Smartlearn Quiz 1. Teil, Moodle-XHTML-Export, hochgeladene Referenzdatei",user_upload:quiz-ABU_Smartlearn_1.Teil-top-20260519-0952.html
abu,Allgemeinbildender Unterricht ABU,abu_l04,ABU,L04,"Rechtsgrundlagen, Personenrecht und Vertragsrecht",hard,single_choice,Welche Aussage zu Handlungsfähigkeit ist fachlich am korrektesten?,eine Person kann durch eigenes Handeln Rechte und Pflichten begründen,sie ist immer ohne Voraussetzungen vorhanden,sie bedeutet Steuerfreiheit,sie ersetzt Rechtsfähigkeit,A,Handlungsfähigkeit setzt Urteilsfähigkeit und Volljährigkeit voraus.,"ABU Smartlearn Quiz 1. Teil, Moodle-XHTML-Export, hochgeladene Referenzdatei",user_upload:quiz-ABU_Smartlearn_1.Teil-top-20260519-0952.html
abu,Allgemeinbildender Unterricht ABU,abu_l04,ABU,L04,"Rechtsgrundlagen, Personenrecht und Vertragsrecht",easy,single_choice,Welche Antwort passt zum Begriff Handlungsfähigkeit?,sie ist immer ohne Voraussetzungen vorhanden,eine Person kann durch eigenes Handeln Rechte und Pflichten begründen,sie bedeutet Steuerfreiheit,sie ersetzt Rechtsfähigkeit,B,Handlungsfähigkeit setzt Urteilsfähigkeit und Volljährigkeit voraus.,"ABU Smartlearn Quiz 1. Teil, Moodle-XHTML-Export, hochgeladene Referenzdatei",user_upload:quiz-ABU_Smartlearn_1.Teil-top-20260519-0952.html
abu,Allgemeinbildender Unterricht ABU,abu_l04,ABU,L04,"Rechtsgrundlagen, Personenrecht und Vertragsrecht",medium,single_choice,Welche praktische Bedeutung hat Handlungsfähigkeit für Lernende?,sie ist immer ohne Voraussetzungen vorhanden,sie bedeutet Steuerfreiheit,eine Person kann durch eigenes Handeln Rechte und Pflichten begründen,sie ersetzt Rechtsfähigkeit,C,Handlungsfähigkeit setzt Urteilsfähigkeit und Volljährigkeit voraus.,"ABU Smartlearn Quiz 1. Teil, Moodle-XHTML-Export, hochgeladene Referenzdatei",user_upload:quiz-ABU_Smartlearn_1.Teil-top-20260519-0952.html
abu,Allgemeinbildender Unterricht ABU,abu_l04,ABU,L04,"Rechtsgrundlagen, Personenrecht und Vertragsrecht",hard,single_choice,Welche Erklärung zu Handlungsfähigkeit ist im gesellschaftlichen und rechtlichen Kontext richtig?,sie ist immer ohne Voraussetzungen vorhanden,sie bedeutet Steuerfreiheit,sie ersetzt Rechtsfähigkeit,eine Person kann durch eigenes Handeln Rechte und Pflichten begründen,D,Handlungsfähigkeit setzt Urteilsfähigkeit und Volljährigkeit voraus.,"ABU Smartlearn Quiz 1. Teil, Moodle-XHTML-Export, hochgeladene Referenzdatei",user_upload:quiz-ABU_Smartlearn_1.Teil-top-20260519-0952.html
abu,Allgemeinbildender Unterricht ABU,abu_l04,ABU,L04,"Rechtsgrundlagen, Personenrecht und Vertragsrecht",easy,single_choice,Was ist bei Handlungsfähigkeit grundsätzlich richtig?,eine Person kann durch eigenes Handeln Rechte und Pflichten begründen,sie ist immer ohne Voraussetzungen vorhanden,sie bedeutet Steuerfreiheit,sie ersetzt Rechtsfähigkeit,A,Handlungsfähigkeit setzt Urteilsfähigkeit und Volljährigkeit voraus.,"ABU Smartlearn Quiz 1. Teil, Moodle-XHTML-Export, hochgeladene Referenzdatei",user_upload:quiz-ABU_Smartlearn_1.Teil-top-20260519-0952.html
abu,Allgemeinbildender Unterricht ABU,abu_l04,ABU,L04,"Rechtsgrundlagen, Personenrecht und Vertragsrecht",medium,single_choice,Welche Aussage zeigt ein korrektes Verständnis von Handlungsfähigkeit?,sie ist immer ohne Voraussetzungen vorhanden,eine Person kann durch eigenes Handeln Rechte und Pflichten begründen,sie bedeutet Steuerfreiheit,sie ersetzt Rechtsfähigkeit,B,Handlungsfähigkeit setzt Urteilsfähigkeit und Volljährigkeit voraus.,"ABU Smartlearn Quiz 1. Teil, Moodle-XHTML-Export, hochgeladene Referenzdatei",user_upload:quiz-ABU_Smartlearn_1.Teil-top-20260519-0952.html
abu,Allgemeinbildender Unterricht ABU,abu_l04,ABU,L04,"Rechtsgrundlagen, Personenrecht und Vertragsrecht",hard,single_choice,Welche Aussage grenzt Handlungsfähigkeit am präzisesten von falschen Vorstellungen ab?,sie ist immer ohne Voraussetzungen vorhanden,sie bedeutet Steuerfreiheit,eine Person kann durch eigenes Handeln Rechte und Pflichten begründen,sie ersetzt Rechtsfähigkeit,C,Handlungsfähigkeit setzt Urteilsfähigkeit und Volljährigkeit voraus.,"ABU Smartlearn Quiz 1. Teil, Moodle-XHTML-Export, hochgeladene Referenzdatei",user_upload:quiz-ABU_Smartlearn_1.Teil-top-20260519-0952.html
abu,Allgemeinbildender Unterricht ABU,abu_l04,ABU,L04,"Rechtsgrundlagen, Personenrecht und Vertragsrecht",easy,single_choice,Welche Kurzdefinition passt zu Handlungsfähigkeit?,sie ist immer ohne Voraussetzungen vorhanden,sie bedeutet Steuerfreiheit,sie ersetzt Rechtsfähigkeit,eine Person kann durch eigenes Handeln Rechte und Pflichten begründen,D,Handlungsfähigkeit setzt Urteilsfähigkeit und Volljährigkeit voraus.,"ABU Smartlearn Quiz 1. Teil, Moodle-XHTML-Export, hochgeladene Referenzdatei",user_upload:quiz-ABU_Smartlearn_1.Teil-top-20260519-0952.html
abu,Allgemeinbildender Unterricht ABU,abu_l04,ABU,L04,"Rechtsgrundlagen, Personenrecht und Vertragsrecht",easy,single_choice,Welche Aussage beschreibt Urteilsfähigkeit im ABU am besten?,eine Person kann vernünftig handeln und Folgen einschätzen,sie ist ein Bankkonto,sie ist immer altersunabhängig garantiert,sie bedeutet automatisch Ehefähigkeit,A,Urteilsfähigkeit hängt von Situation und Verständnis ab.,"ABU Smartlearn Quiz 1. Teil, Moodle-XHTML-Export, hochgeladene Referenzdatei",user_upload:quiz-ABU_Smartlearn_1.Teil-top-20260519-0952.html
abu,Allgemeinbildender Unterricht ABU,abu_l04,ABU,L04,"Rechtsgrundlagen, Personenrecht und Vertragsrecht",medium,single_choice,Worauf muss man beim Thema Urteilsfähigkeit besonders achten?,sie ist ein Bankkonto,eine Person kann vernünftig handeln und Folgen einschätzen,sie ist immer altersunabhängig garantiert,sie bedeutet automatisch Ehefähigkeit,B,Urteilsfähigkeit hängt von Situation und Verständnis ab.,"ABU Smartlearn Quiz 1. Teil, Moodle-XHTML-Export, hochgeladene Referenzdatei",user_upload:quiz-ABU_Smartlearn_1.Teil-top-20260519-0952.html
abu,Allgemeinbildender Unterricht ABU,abu_l04,ABU,L04,"Rechtsgrundlagen, Personenrecht und Vertragsrecht",hard,single_choice,Welche Aussage zu Urteilsfähigkeit ist fachlich am korrektesten?,sie ist ein Bankkonto,sie ist immer altersunabhängig garantiert,eine Person kann vernünftig handeln und Folgen einschätzen,sie bedeutet automatisch Ehefähigkeit,C,Urteilsfähigkeit hängt von Situation und Verständnis ab.,"ABU Smartlearn Quiz 1. Teil, Moodle-XHTML-Export, hochgeladene Referenzdatei",user_upload:quiz-ABU_Smartlearn_1.Teil-top-20260519-0952.html
abu,Allgemeinbildender Unterricht ABU,abu_l04,ABU,L04,"Rechtsgrundlagen, Personenrecht und Vertragsrecht",easy,single_choice,Welche Antwort passt zum Begriff Urteilsfähigkeit?,sie ist ein Bankkonto,sie ist immer altersunabhängig garantiert,sie bedeutet automatisch Ehefähigkeit,eine Person kann vernünftig handeln und Folgen einschätzen,D,Urteilsfähigkeit hängt von Situation und Verständnis ab.,"ABU Smartlearn Quiz 1. Teil, Moodle-XHTML-Export, hochgeladene Referenzdatei",user_upload:quiz-ABU_Smartlearn_1.Teil-top-20260519-0952.html
abu,Allgemeinbildender Unterricht ABU,abu_l04,ABU,L04,"Rechtsgrundlagen, Personenrecht und Vertragsrecht",medium,single_choice,Welche praktische Bedeutung hat Urteilsfähigkeit für Lernende?,eine Person kann vernünftig handeln und Folgen einschätzen,sie ist ein Bankkonto,sie ist immer altersunabhängig garantiert,sie bedeutet automatisch Ehefähigkeit,A,Urteilsfähigkeit hängt von Situation und Verständnis ab.,"ABU Smartlearn Quiz 1. Teil, Moodle-XHTML-Export, hochgeladene Referenzdatei",user_upload:quiz-ABU_Smartlearn_1.Teil-top-20260519-0952.html
abu,Allgemeinbildender Unterricht ABU,abu_l04,ABU,L04,"Rechtsgrundlagen, Personenrecht und Vertragsrecht",hard,single_choice,Welche Erklärung zu Urteilsfähigkeit ist im gesellschaftlichen und rechtlichen Kontext richtig?,sie ist ein Bankkonto,eine Person kann vernünftig handeln und Folgen einschätzen,sie ist immer altersunabhängig garantiert,sie bedeutet automatisch Ehefähigkeit,B,Urteilsfähigkeit hängt von Situation und Verständnis ab.,"ABU Smartlearn Quiz 1. Teil, Moodle-XHTML-Export, hochgeladene Referenzdatei",user_upload:quiz-ABU_Smartlearn_1.Teil-top-20260519-0952.html
abu,Allgemeinbildender Unterricht ABU,abu_l04,ABU,L04,"Rechtsgrundlagen, Personenrecht und Vertragsrecht",easy,single_choice,Was ist bei Urteilsfähigkeit grundsätzlich richtig?,sie ist ein Bankkonto,sie ist immer altersunabhängig garantiert,eine Person kann vernünftig handeln und Folgen einschätzen,sie bedeutet automatisch Ehefähigkeit,C,Urteilsfähigkeit hängt von Situation und Verständnis ab.,"ABU Smartlearn Quiz 1. Teil, Moodle-XHTML-Export, hochgeladene Referenzdatei",user_upload:quiz-ABU_Smartlearn_1.Teil-top-20260519-0952.html
abu,Allgemeinbildender Unterricht ABU,abu_l04,ABU,L04,"Rechtsgrundlagen, Personenrecht und Vertragsrecht",medium,single_choice,Welche Aussage zeigt ein korrektes Verständnis von Urteilsfähigkeit?,sie ist ein Bankkonto,sie ist immer altersunabhängig garantiert,sie bedeutet automatisch Ehefähigkeit,eine Person kann vernünftig handeln und Folgen einschätzen,D,Urteilsfähigkeit hängt von Situation und Verständnis ab.,"ABU Smartlearn Quiz 1. Teil, Moodle-XHTML-Export, hochgeladene Referenzdatei",user_upload:quiz-ABU_Smartlearn_1.Teil-top-20260519-0952.html
abu,Allgemeinbildender Unterricht ABU,abu_l04,ABU,L04,"Rechtsgrundlagen, Personenrecht und Vertragsrecht",hard,single_choice,Welche Aussage grenzt Urteilsfähigkeit am präzisesten von falschen Vorstellungen ab?,eine Person kann vernünftig handeln und Folgen einschätzen,sie ist ein Bankkonto,sie ist immer altersunabhängig garantiert,sie bedeutet automatisch Ehefähigkeit,A,Urteilsfähigkeit hängt von Situation und Verständnis ab.,"ABU Smartlearn Quiz 1. Teil, Moodle-XHTML-Export, hochgeladene Referenzdatei",user_upload:quiz-ABU_Smartlearn_1.Teil-top-20260519-0952.html
abu,Allgemeinbildender Unterricht ABU,abu_l04,ABU,L04,"Rechtsgrundlagen, Personenrecht und Vertragsrecht",easy,single_choice,Welche Kurzdefinition passt zu Urteilsfähigkeit?,sie ist ein Bankkonto,eine Person kann vernünftig handeln und Folgen einschätzen,sie ist immer altersunabhängig garantiert,sie bedeutet automatisch Ehefähigkeit,B,Urteilsfähigkeit hängt von Situation und Verständnis ab.,"ABU Smartlearn Quiz 1. Teil, Moodle-XHTML-Export, hochgeladene Referenzdatei",user_upload:quiz-ABU_Smartlearn_1.Teil-top-20260519-0952.html
abu,Allgemeinbildender Unterricht ABU,abu_l04,ABU,L04,"Rechtsgrundlagen, Personenrecht und Vertragsrecht",easy,single_choice,Welche Aussage beschreibt beschränkte Handlungsunfähigkeit im ABU am besten?,sie dürfen nie handeln,sie sind nicht rechtsfähig,Minderjährige können nicht alle Rechtsgeschäfte selbstständig gültig abschliessen,sie zahlen nie Steuern,C,Minderjährige brauchen oft Zustimmung der gesetzlichen Vertretung.,"ABU Smartlearn Quiz 1. Teil, Moodle-XHTML-Export, hochgeladene Referenzdatei",user_upload:quiz-ABU_Smartlearn_1.Teil-top-20260519-0952.html
abu,Allgemeinbildender Unterricht ABU,abu_l04,ABU,L04,"Rechtsgrundlagen, Personenrecht und Vertragsrecht",medium,single_choice,Worauf muss man beim Thema beschränkte Handlungsunfähigkeit besonders achten?,sie dürfen nie handeln,sie sind nicht rechtsfähig,sie zahlen nie Steuern,Minderjährige können nicht alle Rechtsgeschäfte selbstständig gültig abschliessen,D,Minderjährige brauchen oft Zustimmung der gesetzlichen Vertretung.,"ABU Smartlearn Quiz 1. Teil, Moodle-XHTML-Export, hochgeladene Referenzdatei",user_upload:quiz-ABU_Smartlearn_1.Teil-top-20260519-0952.html
abu,Allgemeinbildender Unterricht ABU,abu_l04,ABU,L04,"Rechtsgrundlagen, Personenrecht und Vertragsrecht",hard,single_choice,Welche Aussage zu beschränkte Handlungsunfähigkeit ist fachlich am korrektesten?,Minderjährige können nicht alle Rechtsgeschäfte selbstständig gültig abschliessen,sie dürfen nie handeln,sie sind nicht rechtsfähig,sie zahlen nie Steuern,A,Minderjährige brauchen oft Zustimmung der gesetzlichen Vertretung.,"ABU Smartlearn Quiz 1. Teil, Moodle-XHTML-Export, hochgeladene Referenzdatei",user_upload:quiz-ABU_Smartlearn_1.Teil-top-20260519-0952.html
abu,Allgemeinbildender Unterricht ABU,abu_l04,ABU,L04,"Rechtsgrundlagen, Personenrecht und Vertragsrecht",easy,single_choice,Welche Antwort passt zum Begriff beschränkte Handlungsunfähigkeit?,sie dürfen nie handeln,Minderjährige können nicht alle Rechtsgeschäfte selbstständig gültig abschliessen,sie sind nicht rechtsfähig,sie zahlen nie Steuern,B,Minderjährige brauchen oft Zustimmung der gesetzlichen Vertretung.,"ABU Smartlearn Quiz 1. Teil, Moodle-XHTML-Export, hochgeladene Referenzdatei",user_upload:quiz-ABU_Smartlearn_1.Teil-top-20260519-0952.html
abu,Allgemeinbildender Unterricht ABU,abu_l04,ABU,L04,"Rechtsgrundlagen, Personenrecht und Vertragsrecht",medium,single_choice,Welche praktische Bedeutung hat beschränkte Handlungsunfähigkeit für Lernende?,sie dürfen nie handeln,sie sind nicht rechtsfähig,Minderjährige können nicht alle Rechtsgeschäfte selbstständig gültig abschliessen,sie zahlen nie Steuern,C,Minderjährige brauchen oft Zustimmung der gesetzlichen Vertretung.,"ABU Smartlearn Quiz 1. Teil, Moodle-XHTML-Export, hochgeladene Referenzdatei",user_upload:quiz-ABU_Smartlearn_1.Teil-top-20260519-0952.html
abu,Allgemeinbildender Unterricht ABU,abu_l04,ABU,L04,"Rechtsgrundlagen, Personenrecht und Vertragsrecht",hard,single_choice,Welche Erklärung zu beschränkte Handlungsunfähigkeit ist im gesellschaftlichen und rechtlichen Kontext richtig?,sie dürfen nie handeln,sie sind nicht rechtsfähig,sie zahlen nie Steuern,Minderjährige können nicht alle Rechtsgeschäfte selbstständig gültig abschliessen,D,Minderjährige brauchen oft Zustimmung der gesetzlichen Vertretung.,"ABU Smartlearn Quiz 1. Teil, Moodle-XHTML-Export, hochgeladene Referenzdatei",user_upload:quiz-ABU_Smartlearn_1.Teil-top-20260519-0952.html
abu,Allgemeinbildender Unterricht ABU,abu_l04,ABU,L04,"Rechtsgrundlagen, Personenrecht und Vertragsrecht",easy,single_choice,Was ist bei beschränkte Handlungsunfähigkeit grundsätzlich richtig?,Minderjährige können nicht alle Rechtsgeschäfte selbstständig gültig abschliessen,sie dürfen nie handeln,sie sind nicht rechtsfähig,sie zahlen nie Steuern,A,Minderjährige brauchen oft Zustimmung der gesetzlichen Vertretung.,"ABU Smartlearn Quiz 1. Teil, Moodle-XHTML-Export, hochgeladene Referenzdatei",user_upload:quiz-ABU_Smartlearn_1.Teil-top-20260519-0952.html
abu,Allgemeinbildender Unterricht ABU,abu_l04,ABU,L04,"Rechtsgrundlagen, Personenrecht und Vertragsrecht",medium,single_choice,Welche Aussage zeigt ein korrektes Verständnis von beschränkte Handlungsunfähigkeit?,sie dürfen nie handeln,Minderjährige können nicht alle Rechtsgeschäfte selbstständig gültig abschliessen,sie sind nicht rechtsfähig,sie zahlen nie Steuern,B,Minderjährige brauchen oft Zustimmung der gesetzlichen Vertretung.,"ABU Smartlearn Quiz 1. Teil, Moodle-XHTML-Export, hochgeladene Referenzdatei",user_upload:quiz-ABU_Smartlearn_1.Teil-top-20260519-0952.html
abu,Allgemeinbildender Unterricht ABU,abu_l04,ABU,L04,"Rechtsgrundlagen, Personenrecht und Vertragsrecht",hard,single_choice,Welche Aussage grenzt beschränkte Handlungsunfähigkeit am präzisesten von falschen Vorstellungen ab?,sie dürfen nie handeln,sie sind nicht rechtsfähig,Minderjährige können nicht alle Rechtsgeschäfte selbstständig gültig abschliessen,sie zahlen nie Steuern,C,Minderjährige brauchen oft Zustimmung der gesetzlichen Vertretung.,"ABU Smartlearn Quiz 1. Teil, Moodle-XHTML-Export, hochgeladene Referenzdatei",user_upload:quiz-ABU_Smartlearn_1.Teil-top-20260519-0952.html
abu,Allgemeinbildender Unterricht ABU,abu_l04,ABU,L04,"Rechtsgrundlagen, Personenrecht und Vertragsrecht",easy,single_choice,Welche Kurzdefinition passt zu beschränkte Handlungsunfähigkeit?,sie dürfen nie handeln,sie sind nicht rechtsfähig,sie zahlen nie Steuern,Minderjährige können nicht alle Rechtsgeschäfte selbstständig gültig abschliessen,D,Minderjährige brauchen oft Zustimmung der gesetzlichen Vertretung.,"ABU Smartlearn Quiz 1. Teil, Moodle-XHTML-Export, hochgeladene Referenzdatei",user_upload:quiz-ABU_Smartlearn_1.Teil-top-20260519-0952.html
abu,Allgemeinbildender Unterricht ABU,abu_l04,ABU,L04,"Rechtsgrundlagen, Personenrecht und Vertragsrecht",easy,single_choice,Welche Aussage beschreibt nichtiges Geschäft im ABU am besten?,ein Vertrag entfaltet wegen schwerem Mangel keine Rechtswirkung,er ist immer perfekt gültig,er ist bloss teuer,er ist eine Wahlform,A,Nichtigkeit kann etwa bei rechtswidrigem Inhalt vorliegen.,"ABU Smartlearn Quiz 1. Teil, Moodle-XHTML-Export, hochgeladene Referenzdatei",user_upload:quiz-ABU_Smartlearn_1.Teil-top-20260519-0952.html
abu,Allgemeinbildender Unterricht ABU,abu_l04,ABU,L04,"Rechtsgrundlagen, Personenrecht und Vertragsrecht",medium,single_choice,Worauf muss man beim Thema nichtiges Geschäft besonders achten?,er ist immer perfekt gültig,ein Vertrag entfaltet wegen schwerem Mangel keine Rechtswirkung,er ist bloss teuer,er ist eine Wahlform,B,Nichtigkeit kann etwa bei rechtswidrigem Inhalt vorliegen.,"ABU Smartlearn Quiz 1. Teil, Moodle-XHTML-Export, hochgeladene Referenzdatei",user_upload:quiz-ABU_Smartlearn_1.Teil-top-20260519-0952.html
abu,Allgemeinbildender Unterricht ABU,abu_l04,ABU,L04,"Rechtsgrundlagen, Personenrecht und Vertragsrecht",hard,single_choice,Welche Aussage zu nichtiges Geschäft ist fachlich am korrektesten?,er ist immer perfekt gültig,er ist bloss teuer,ein Vertrag entfaltet wegen schwerem Mangel keine Rechtswirkung,er ist eine Wahlform,C,Nichtigkeit kann etwa bei rechtswidrigem Inhalt vorliegen.,"ABU Smartlearn Quiz 1. Teil, Moodle-XHTML-Export, hochgeladene Referenzdatei",user_upload:quiz-ABU_Smartlearn_1.Teil-top-20260519-0952.html
abu,Allgemeinbildender Unterricht ABU,abu_l04,ABU,L04,"Rechtsgrundlagen, Personenrecht und Vertragsrecht",easy,single_choice,Welche Antwort passt zum Begriff nichtiges Geschäft?,er ist immer perfekt gültig,er ist bloss teuer,er ist eine Wahlform,ein Vertrag entfaltet wegen schwerem Mangel keine Rechtswirkung,D,Nichtigkeit kann etwa bei rechtswidrigem Inhalt vorliegen.,"ABU Smartlearn Quiz 1. Teil, Moodle-XHTML-Export, hochgeladene Referenzdatei",user_upload:quiz-ABU_Smartlearn_1.Teil-top-20260519-0952.html
abu,Allgemeinbildender Unterricht ABU,abu_l04,ABU,L04,"Rechtsgrundlagen, Personenrecht und Vertragsrecht",medium,single_choice,Welche praktische Bedeutung hat nichtiges Geschäft für Lernende?,ein Vertrag entfaltet wegen schwerem Mangel keine Rechtswirkung,er ist immer perfekt gültig,er ist bloss teuer,er ist eine Wahlform,A,Nichtigkeit kann etwa bei rechtswidrigem Inhalt vorliegen.,"ABU Smartlearn Quiz 1. Teil, Moodle-XHTML-Export, hochgeladene Referenzdatei",user_upload:quiz-ABU_Smartlearn_1.Teil-top-20260519-0952.html
abu,Allgemeinbildender Unterricht ABU,abu_l04,ABU,L04,"Rechtsgrundlagen, Personenrecht und Vertragsrecht",hard,single_choice,Welche Erklärung zu nichtiges Geschäft ist im gesellschaftlichen und rechtlichen Kontext richtig?,er ist immer perfekt gültig,ein Vertrag entfaltet wegen schwerem Mangel keine Rechtswirkung,er ist bloss teuer,er ist eine Wahlform,B,Nichtigkeit kann etwa bei rechtswidrigem Inhalt vorliegen.,"ABU Smartlearn Quiz 1. Teil, Moodle-XHTML-Export, hochgeladene Referenzdatei",user_upload:quiz-ABU_Smartlearn_1.Teil-top-20260519-0952.html
abu,Allgemeinbildender Unterricht ABU,abu_l04,ABU,L04,"Rechtsgrundlagen, Personenrecht und Vertragsrecht",easy,single_choice,Was ist bei nichtiges Geschäft grundsätzlich richtig?,er ist immer perfekt gültig,er ist bloss teuer,ein Vertrag entfaltet wegen schwerem Mangel keine Rechtswirkung,er ist eine Wahlform,C,Nichtigkeit kann etwa bei rechtswidrigem Inhalt vorliegen.,"ABU Smartlearn Quiz 1. Teil, Moodle-XHTML-Export, hochgeladene Referenzdatei",user_upload:quiz-ABU_Smartlearn_1.Teil-top-20260519-0952.html
abu,Allgemeinbildender Unterricht ABU,abu_l04,ABU,L04,"Rechtsgrundlagen, Personenrecht und Vertragsrecht",medium,single_choice,Welche Aussage zeigt ein korrektes Verständnis von nichtiges Geschäft?,er ist immer perfekt gültig,er ist bloss teuer,er ist eine Wahlform,ein Vertrag entfaltet wegen schwerem Mangel keine Rechtswirkung,D,Nichtigkeit kann etwa bei rechtswidrigem Inhalt vorliegen.,"ABU Smartlearn Quiz 1. Teil, Moodle-XHTML-Export, hochgeladene Referenzdatei",user_upload:quiz-ABU_Smartlearn_1.Teil-top-20260519-0952.html
abu,Allgemeinbildender Unterricht ABU,abu_l04,ABU,L04,"Rechtsgrundlagen, Personenrecht und Vertragsrecht",hard,single_choice,Welche Aussage grenzt nichtiges Geschäft am präzisesten von falschen Vorstellungen ab?,ein Vertrag entfaltet wegen schwerem Mangel keine Rechtswirkung,er ist immer perfekt gültig,er ist bloss teuer,er ist eine Wahlform,A,Nichtigkeit kann etwa bei rechtswidrigem Inhalt vorliegen.,"ABU Smartlearn Quiz 1. Teil, Moodle-XHTML-Export, hochgeladene Referenzdatei",user_upload:quiz-ABU_Smartlearn_1.Teil-top-20260519-0952.html
abu,Allgemeinbildender Unterricht ABU,abu_l04,ABU,L04,"Rechtsgrundlagen, Personenrecht und Vertragsrecht",easy,single_choice,Welche Kurzdefinition passt zu nichtiges Geschäft?,er ist immer perfekt gültig,ein Vertrag entfaltet wegen schwerem Mangel keine Rechtswirkung,er ist bloss teuer,er ist eine Wahlform,B,Nichtigkeit kann etwa bei rechtswidrigem Inhalt vorliegen.,"ABU Smartlearn Quiz 1. Teil, Moodle-XHTML-Export, hochgeladene Referenzdatei",user_upload:quiz-ABU_Smartlearn_1.Teil-top-20260519-0952.html
abu,Allgemeinbildender Unterricht ABU,abu_l04,ABU,L04,"Rechtsgrundlagen, Personenrecht und Vertragsrecht",easy,single_choice,Welche Aussage beschreibt Vertrag im ABU am besten?,ein Vertrag braucht immer eine Behörde,er ist nur eine Quittung,übereinstimmende Willenserklärungen begründen Rechte und Pflichten,er ist nie verbindlich,C,Verträge entstehen durch gegenseitige Einigung.,"ABU Smartlearn Quiz 1. Teil, Moodle-XHTML-Export, hochgeladene Referenzdatei",user_upload:quiz-ABU_Smartlearn_1.Teil-top-20260519-0952.html
abu,Allgemeinbildender Unterricht ABU,abu_l04,ABU,L04,"Rechtsgrundlagen, Personenrecht und Vertragsrecht",medium,single_choice,Worauf muss man beim Thema Vertrag besonders achten?,ein Vertrag braucht immer eine Behörde,er ist nur eine Quittung,er ist nie verbindlich,übereinstimmende Willenserklärungen begründen Rechte und Pflichten,D,Verträge entstehen durch gegenseitige Einigung.,"ABU Smartlearn Quiz 1. Teil, Moodle-XHTML-Export, hochgeladene Referenzdatei",user_upload:quiz-ABU_Smartlearn_1.Teil-top-20260519-0952.html
abu,Allgemeinbildender Unterricht ABU,abu_l04,ABU,L04,"Rechtsgrundlagen, Personenrecht und Vertragsrecht",hard,single_choice,Welche Aussage zu Vertrag ist fachlich am korrektesten?,übereinstimmende Willenserklärungen begründen Rechte und Pflichten,ein Vertrag braucht immer eine Behörde,er ist nur eine Quittung,er ist nie verbindlich,A,Verträge entstehen durch gegenseitige Einigung.,"ABU Smartlearn Quiz 1. Teil, Moodle-XHTML-Export, hochgeladene Referenzdatei",user_upload:quiz-ABU_Smartlearn_1.Teil-top-20260519-0952.html
abu,Allgemeinbildender Unterricht ABU,abu_l04,ABU,L04,"Rechtsgrundlagen, Personenrecht und Vertragsrecht",easy,single_choice,Welche Antwort passt zum Begriff Vertrag?,ein Vertrag braucht immer eine Behörde,übereinstimmende Willenserklärungen begründen Rechte und Pflichten,er ist nur eine Quittung,er ist nie verbindlich,B,Verträge entstehen durch gegenseitige Einigung.,"ABU Smartlearn Quiz 1. Teil, Moodle-XHTML-Export, hochgeladene Referenzdatei",user_upload:quiz-ABU_Smartlearn_1.Teil-top-20260519-0952.html
abu,Allgemeinbildender Unterricht ABU,abu_l04,ABU,L04,"Rechtsgrundlagen, Personenrecht und Vertragsrecht",medium,single_choice,Welche praktische Bedeutung hat Vertrag für Lernende?,ein Vertrag braucht immer eine Behörde,er ist nur eine Quittung,übereinstimmende Willenserklärungen begründen Rechte und Pflichten,er ist nie verbindlich,C,Verträge entstehen durch gegenseitige Einigung.,"ABU Smartlearn Quiz 1. Teil, Moodle-XHTML-Export, hochgeladene Referenzdatei",user_upload:quiz-ABU_Smartlearn_1.Teil-top-20260519-0952.html
abu,Allgemeinbildender Unterricht ABU,abu_l04,ABU,L04,"Rechtsgrundlagen, Personenrecht und Vertragsrecht",hard,single_choice,Welche Erklärung zu Vertrag ist im gesellschaftlichen und rechtlichen Kontext richtig?,ein Vertrag braucht immer eine Behörde,er ist nur eine Quittung,er ist nie verbindlich,übereinstimmende Willenserklärungen begründen Rechte und Pflichten,D,Verträge entstehen durch gegenseitige Einigung.,"ABU Smartlearn Quiz 1. Teil, Moodle-XHTML-Export, hochgeladene Referenzdatei",user_upload:quiz-ABU_Smartlearn_1.Teil-top-20260519-0952.html
abu,Allgemeinbildender Unterricht ABU,abu_l04,ABU,L04,"Rechtsgrundlagen, Personenrecht und Vertragsrecht",easy,single_choice,Was ist bei Vertrag grundsätzlich richtig?,übereinstimmende Willenserklärungen begründen Rechte und Pflichten,ein Vertrag braucht immer eine Behörde,er ist nur eine Quittung,er ist nie verbindlich,A,Verträge entstehen durch gegenseitige Einigung.,"ABU Smartlearn Quiz 1. Teil, Moodle-XHTML-Export, hochgeladene Referenzdatei",user_upload:quiz-ABU_Smartlearn_1.Teil-top-20260519-0952.html
abu,Allgemeinbildender Unterricht ABU,abu_l04,ABU,L04,"Rechtsgrundlagen, Personenrecht und Vertragsrecht",medium,single_choice,Welche Aussage zeigt ein korrektes Verständnis von Vertrag?,ein Vertrag braucht immer eine Behörde,übereinstimmende Willenserklärungen begründen Rechte und Pflichten,er ist nur eine Quittung,er ist nie verbindlich,B,Verträge entstehen durch gegenseitige Einigung.,"ABU Smartlearn Quiz 1. Teil, Moodle-XHTML-Export, hochgeladene Referenzdatei",user_upload:quiz-ABU_Smartlearn_1.Teil-top-20260519-0952.html
abu,Allgemeinbildender Unterricht ABU,abu_l04,ABU,L04,"Rechtsgrundlagen, Personenrecht und Vertragsrecht",hard,single_choice,Welche Aussage grenzt Vertrag am präzisesten von falschen Vorstellungen ab?,ein Vertrag braucht immer eine Behörde,er ist nur eine Quittung,übereinstimmende Willenserklärungen begründen Rechte und Pflichten,er ist nie verbindlich,C,Verträge entstehen durch gegenseitige Einigung.,"ABU Smartlearn Quiz 1. Teil, Moodle-XHTML-Export, hochgeladene Referenzdatei",user_upload:quiz-ABU_Smartlearn_1.Teil-top-20260519-0952.html
abu,Allgemeinbildender Unterricht ABU,abu_l04,ABU,L04,"Rechtsgrundlagen, Personenrecht und Vertragsrecht",easy,single_choice,Welche Kurzdefinition passt zu Vertrag?,ein Vertrag braucht immer eine Behörde,er ist nur eine Quittung,er ist nie verbindlich,übereinstimmende Willenserklärungen begründen Rechte und Pflichten,D,Verträge entstehen durch gegenseitige Einigung.,"ABU Smartlearn Quiz 1. Teil, Moodle-XHTML-Export, hochgeladene Referenzdatei",user_upload:quiz-ABU_Smartlearn_1.Teil-top-20260519-0952.html
abu,Allgemeinbildender Unterricht ABU,abu_l04,ABU,L04,"Rechtsgrundlagen, Personenrecht und Vertragsrecht",easy,single_choice,Welche Aussage beschreibt Vertragsverletzung im ABU am besten?,eine Partei erfüllt ihre vertragliche Pflicht nicht oder schlecht,alle Pflichten werden korrekt erfüllt,niemand hat Ansprüche,der Vertrag existiert nie,A,Vertragsverletzungen können rechtliche Folgen haben.,"ABU Smartlearn Quiz 1. Teil, Moodle-XHTML-Export, hochgeladene Referenzdatei",user_upload:quiz-ABU_Smartlearn_1.Teil-top-20260519-0952.html
abu,Allgemeinbildender Unterricht ABU,abu_l04,ABU,L04,"Rechtsgrundlagen, Personenrecht und Vertragsrecht",medium,single_choice,Worauf muss man beim Thema Vertragsverletzung besonders achten?,alle Pflichten werden korrekt erfüllt,eine Partei erfüllt ihre vertragliche Pflicht nicht oder schlecht,niemand hat Ansprüche,der Vertrag existiert nie,B,Vertragsverletzungen können rechtliche Folgen haben.,"ABU Smartlearn Quiz 1. Teil, Moodle-XHTML-Export, hochgeladene Referenzdatei",user_upload:quiz-ABU_Smartlearn_1.Teil-top-20260519-0952.html
abu,Allgemeinbildender Unterricht ABU,abu_l04,ABU,L04,"Rechtsgrundlagen, Personenrecht und Vertragsrecht",hard,single_choice,Welche Aussage zu Vertragsverletzung ist fachlich am korrektesten?,alle Pflichten werden korrekt erfüllt,niemand hat Ansprüche,eine Partei erfüllt ihre vertragliche Pflicht nicht oder schlecht,der Vertrag existiert nie,C,Vertragsverletzungen können rechtliche Folgen haben.,"ABU Smartlearn Quiz 1. Teil, Moodle-XHTML-Export, hochgeladene Referenzdatei",user_upload:quiz-ABU_Smartlearn_1.Teil-top-20260519-0952.html
abu,Allgemeinbildender Unterricht ABU,abu_l04,ABU,L04,"Rechtsgrundlagen, Personenrecht und Vertragsrecht",easy,single_choice,Welche Antwort passt zum Begriff Vertragsverletzung?,alle Pflichten werden korrekt erfüllt,niemand hat Ansprüche,der Vertrag existiert nie,eine Partei erfüllt ihre vertragliche Pflicht nicht oder schlecht,D,Vertragsverletzungen können rechtliche Folgen haben.,"ABU Smartlearn Quiz 1. Teil, Moodle-XHTML-Export, hochgeladene Referenzdatei",user_upload:quiz-ABU_Smartlearn_1.Teil-top-20260519-0952.html
abu,Allgemeinbildender Unterricht ABU,abu_l04,ABU,L04,"Rechtsgrundlagen, Personenrecht und Vertragsrecht",medium,single_choice,Welche praktische Bedeutung hat Vertragsverletzung für Lernende?,eine Partei erfüllt ihre vertragliche Pflicht nicht oder schlecht,alle Pflichten werden korrekt erfüllt,niemand hat Ansprüche,der Vertrag existiert nie,A,Vertragsverletzungen können rechtliche Folgen haben.,"ABU Smartlearn Quiz 1. Teil, Moodle-XHTML-Export, hochgeladene Referenzdatei",user_upload:quiz-ABU_Smartlearn_1.Teil-top-20260519-0952.html
abu,Allgemeinbildender Unterricht ABU,abu_l04,ABU,L04,"Rechtsgrundlagen, Personenrecht und Vertragsrecht",hard,single_choice,Welche Erklärung zu Vertragsverletzung ist im gesellschaftlichen und rechtlichen Kontext richtig?,alle Pflichten werden korrekt erfüllt,eine Partei erfüllt ihre vertragliche Pflicht nicht oder schlecht,niemand hat Ansprüche,der Vertrag existiert nie,B,Vertragsverletzungen können rechtliche Folgen haben.,"ABU Smartlearn Quiz 1. Teil, Moodle-XHTML-Export, hochgeladene Referenzdatei",user_upload:quiz-ABU_Smartlearn_1.Teil-top-20260519-0952.html
abu,Allgemeinbildender Unterricht ABU,abu_l04,ABU,L04,"Rechtsgrundlagen, Personenrecht und Vertragsrecht",easy,single_choice,Was ist bei Vertragsverletzung grundsätzlich richtig?,alle Pflichten werden korrekt erfüllt,niemand hat Ansprüche,eine Partei erfüllt ihre vertragliche Pflicht nicht oder schlecht,der Vertrag existiert nie,C,Vertragsverletzungen können rechtliche Folgen haben.,"ABU Smartlearn Quiz 1. Teil, Moodle-XHTML-Export, hochgeladene Referenzdatei",user_upload:quiz-ABU_Smartlearn_1.Teil-top-20260519-0952.html
abu,Allgemeinbildender Unterricht ABU,abu_l04,ABU,L04,"Rechtsgrundlagen, Personenrecht und Vertragsrecht",medium,single_choice,Welche Aussage zeigt ein korrektes Verständnis von Vertragsverletzung?,alle Pflichten werden korrekt erfüllt,niemand hat Ansprüche,der Vertrag existiert nie,eine Partei erfüllt ihre vertragliche Pflicht nicht oder schlecht,D,Vertragsverletzungen können rechtliche Folgen haben.,"ABU Smartlearn Quiz 1. Teil, Moodle-XHTML-Export, hochgeladene Referenzdatei",user_upload:quiz-ABU_Smartlearn_1.Teil-top-20260519-0952.html
abu,Allgemeinbildender Unterricht ABU,abu_l04,ABU,L04,"Rechtsgrundlagen, Personenrecht und Vertragsrecht",hard,single_choice,Welche Aussage grenzt Vertragsverletzung am präzisesten von falschen Vorstellungen ab?,eine Partei erfüllt ihre vertragliche Pflicht nicht oder schlecht,alle Pflichten werden korrekt erfüllt,niemand hat Ansprüche,der Vertrag existiert nie,A,Vertragsverletzungen können rechtliche Folgen haben.,"ABU Smartlearn Quiz 1. Teil, Moodle-XHTML-Export, hochgeladene Referenzdatei",user_upload:quiz-ABU_Smartlearn_1.Teil-top-20260519-0952.html
abu,Allgemeinbildender Unterricht ABU,abu_l04,ABU,L04,"Rechtsgrundlagen, Personenrecht und Vertragsrecht",easy,single_choice,Welche Kurzdefinition passt zu Vertragsverletzung?,alle Pflichten werden korrekt erfüllt,eine Partei erfüllt ihre vertragliche Pflicht nicht oder schlecht,niemand hat Ansprüche,der Vertrag existiert nie,B,Vertragsverletzungen können rechtliche Folgen haben.,"ABU Smartlearn Quiz 1. Teil, Moodle-XHTML-Export, hochgeladene Referenzdatei",user_upload:quiz-ABU_Smartlearn_1.Teil-top-20260519-0952.html
abu,Allgemeinbildender Unterricht ABU,abu_l04,ABU,L04,"Rechtsgrundlagen, Personenrecht und Vertragsrecht",easy,single_choice,Welche Aussage beschreibt Obligationenrecht im ABU am besten?,es regelt nur Wahlen,es ist eine Krankenkasse,es enthält zentrale Regeln zu Verträgen und Schuldverhältnissen,es ersetzt die Bundesverfassung,C,Das OR ist für Alltag und Beruf wichtig.,"ABU Smartlearn Quiz 1. Teil, Moodle-XHTML-Export, hochgeladene Referenzdatei",user_upload:quiz-ABU_Smartlearn_1.Teil-top-20260519-0952.html
abu,Allgemeinbildender Unterricht ABU,abu_l04,ABU,L04,"Rechtsgrundlagen, Personenrecht und Vertragsrecht",medium,single_choice,Worauf muss man beim Thema Obligationenrecht besonders achten?,es regelt nur Wahlen,es ist eine Krankenkasse,es ersetzt die Bundesverfassung,es enthält zentrale Regeln zu Verträgen und Schuldverhältnissen,D,Das OR ist für Alltag und Beruf wichtig.,"ABU Smartlearn Quiz 1. Teil, Moodle-XHTML-Export, hochgeladene Referenzdatei",user_upload:quiz-ABU_Smartlearn_1.Teil-top-20260519-0952.html
abu,Allgemeinbildender Unterricht ABU,abu_l04,ABU,L04,"Rechtsgrundlagen, Personenrecht und Vertragsrecht",hard,single_choice,Welche Aussage zu Obligationenrecht ist fachlich am korrektesten?,es enthält zentrale Regeln zu Verträgen und Schuldverhältnissen,es regelt nur Wahlen,es ist eine Krankenkasse,es ersetzt die Bundesverfassung,A,Das OR ist für Alltag und Beruf wichtig.,"ABU Smartlearn Quiz 1. Teil, Moodle-XHTML-Export, hochgeladene Referenzdatei",user_upload:quiz-ABU_Smartlearn_1.Teil-top-20260519-0952.html
abu,Allgemeinbildender Unterricht ABU,abu_l04,ABU,L04,"Rechtsgrundlagen, Personenrecht und Vertragsrecht",easy,single_choice,Welche Antwort passt zum Begriff Obligationenrecht?,es regelt nur Wahlen,es enthält zentrale Regeln zu Verträgen und Schuldverhältnissen,es ist eine Krankenkasse,es ersetzt die Bundesverfassung,B,Das OR ist für Alltag und Beruf wichtig.,"ABU Smartlearn Quiz 1. Teil, Moodle-XHTML-Export, hochgeladene Referenzdatei",user_upload:quiz-ABU_Smartlearn_1.Teil-top-20260519-0952.html
abu,Allgemeinbildender Unterricht ABU,abu_l04,ABU,L04,"Rechtsgrundlagen, Personenrecht und Vertragsrecht",medium,single_choice,Welche praktische Bedeutung hat Obligationenrecht für Lernende?,es regelt nur Wahlen,es ist eine Krankenkasse,es enthält zentrale Regeln zu Verträgen und Schuldverhältnissen,es ersetzt die Bundesverfassung,C,Das OR ist für Alltag und Beruf wichtig.,"ABU Smartlearn Quiz 1. Teil, Moodle-XHTML-Export, hochgeladene Referenzdatei",user_upload:quiz-ABU_Smartlearn_1.Teil-top-20260519-0952.html
abu,Allgemeinbildender Unterricht ABU,abu_l04,ABU,L04,"Rechtsgrundlagen, Personenrecht und Vertragsrecht",hard,single_choice,Welche Erklärung zu Obligationenrecht ist im gesellschaftlichen und rechtlichen Kontext richtig?,es regelt nur Wahlen,es ist eine Krankenkasse,es ersetzt die Bundesverfassung,es enthält zentrale Regeln zu Verträgen und Schuldverhältnissen,D,Das OR ist für Alltag und Beruf wichtig.,"ABU Smartlearn Quiz 1. Teil, Moodle-XHTML-Export, hochgeladene Referenzdatei",user_upload:quiz-ABU_Smartlearn_1.Teil-top-20260519-0952.html
abu,Allgemeinbildender Unterricht ABU,abu_l04,ABU,L04,"Rechtsgrundlagen, Personenrecht und Vertragsrecht",easy,single_choice,Was ist bei Obligationenrecht grundsätzlich richtig?,es enthält zentrale Regeln zu Verträgen und Schuldverhältnissen,es regelt nur Wahlen,es ist eine Krankenkasse,es ersetzt die Bundesverfassung,A,Das OR ist für Alltag und Beruf wichtig.,"ABU Smartlearn Quiz 1. Teil, Moodle-XHTML-Export, hochgeladene Referenzdatei",user_upload:quiz-ABU_Smartlearn_1.Teil-top-20260519-0952.html
abu,Allgemeinbildender Unterricht ABU,abu_l04,ABU,L04,"Rechtsgrundlagen, Personenrecht und Vertragsrecht",medium,single_choice,Welche Aussage zeigt ein korrektes Verständnis von Obligationenrecht?,es regelt nur Wahlen,es enthält zentrale Regeln zu Verträgen und Schuldverhältnissen,es ist eine Krankenkasse,es ersetzt die Bundesverfassung,B,Das OR ist für Alltag und Beruf wichtig.,"ABU Smartlearn Quiz 1. Teil, Moodle-XHTML-Export, hochgeladene Referenzdatei",user_upload:quiz-ABU_Smartlearn_1.Teil-top-20260519-0952.html
abu,Allgemeinbildender Unterricht ABU,abu_l04,ABU,L04,"Rechtsgrundlagen, Personenrecht und Vertragsrecht",hard,single_choice,Welche Aussage grenzt Obligationenrecht am präzisesten von falschen Vorstellungen ab?,es regelt nur Wahlen,es ist eine Krankenkasse,es enthält zentrale Regeln zu Verträgen und Schuldverhältnissen,es ersetzt die Bundesverfassung,C,Das OR ist für Alltag und Beruf wichtig.,"ABU Smartlearn Quiz 1. Teil, Moodle-XHTML-Export, hochgeladene Referenzdatei",user_upload:quiz-ABU_Smartlearn_1.Teil-top-20260519-0952.html
abu,Allgemeinbildender Unterricht ABU,abu_l04,ABU,L04,"Rechtsgrundlagen, Personenrecht und Vertragsrecht",easy,single_choice,Welche Kurzdefinition passt zu Obligationenrecht?,es regelt nur Wahlen,es ist eine Krankenkasse,es ersetzt die Bundesverfassung,es enthält zentrale Regeln zu Verträgen und Schuldverhältnissen,D,Das OR ist für Alltag und Beruf wichtig.,"ABU Smartlearn Quiz 1. Teil, Moodle-XHTML-Export, hochgeladene Referenzdatei",user_upload:quiz-ABU_Smartlearn_1.Teil-top-20260519-0952.html
abu,Allgemeinbildender Unterricht ABU,abu_l04,ABU,L04,"Rechtsgrundlagen, Personenrecht und Vertragsrecht",easy,single_choice,Welche Aussage beschreibt Rangordnung der Rechtserlasse im ABU am besten?,höheres Recht geht tieferem Recht vor,Flyer stehen über Gesetzen,private Meinung steht über Verfassung,Verträge dürfen Gesetze immer brechen,A,Die Normenhierarchie ordnet Rechtsquellen.,"ABU Smartlearn Quiz 1. Teil, Moodle-XHTML-Export, hochgeladene Referenzdatei",user_upload:quiz-ABU_Smartlearn_1.Teil-top-20260519-0952.html
abu,Allgemeinbildender Unterricht ABU,abu_l04,ABU,L04,"Rechtsgrundlagen, Personenrecht und Vertragsrecht",medium,single_choice,Worauf muss man beim Thema Rangordnung der Rechtserlasse besonders achten?,Flyer stehen über Gesetzen,höheres Recht geht tieferem Recht vor,private Meinung steht über Verfassung,Verträge dürfen Gesetze immer brechen,B,Die Normenhierarchie ordnet Rechtsquellen.,"ABU Smartlearn Quiz 1. Teil, Moodle-XHTML-Export, hochgeladene Referenzdatei",user_upload:quiz-ABU_Smartlearn_1.Teil-top-20260519-0952.html
abu,Allgemeinbildender Unterricht ABU,abu_l04,ABU,L04,"Rechtsgrundlagen, Personenrecht und Vertragsrecht",hard,single_choice,Welche Aussage zu Rangordnung der Rechtserlasse ist fachlich am korrektesten?,Flyer stehen über Gesetzen,private Meinung steht über Verfassung,höheres Recht geht tieferem Recht vor,Verträge dürfen Gesetze immer brechen,C,Die Normenhierarchie ordnet Rechtsquellen.,"ABU Smartlearn Quiz 1. Teil, Moodle-XHTML-Export, hochgeladene Referenzdatei",user_upload:quiz-ABU_Smartlearn_1.Teil-top-20260519-0952.html
abu,Allgemeinbildender Unterricht ABU,abu_l04,ABU,L04,"Rechtsgrundlagen, Personenrecht und Vertragsrecht",easy,single_choice,Welche Antwort passt zum Begriff Rangordnung der Rechtserlasse?,Flyer stehen über Gesetzen,private Meinung steht über Verfassung,Verträge dürfen Gesetze immer brechen,höheres Recht geht tieferem Recht vor,D,Die Normenhierarchie ordnet Rechtsquellen.,"ABU Smartlearn Quiz 1. Teil, Moodle-XHTML-Export, hochgeladene Referenzdatei",user_upload:quiz-ABU_Smartlearn_1.Teil-top-20260519-0952.html
abu,Allgemeinbildender Unterricht ABU,abu_l04,ABU,L04,"Rechtsgrundlagen, Personenrecht und Vertragsrecht",medium,single_choice,Welche praktische Bedeutung hat Rangordnung der Rechtserlasse für Lernende?,höheres Recht geht tieferem Recht vor,Flyer stehen über Gesetzen,private Meinung steht über Verfassung,Verträge dürfen Gesetze immer brechen,A,Die Normenhierarchie ordnet Rechtsquellen.,"ABU Smartlearn Quiz 1. Teil, Moodle-XHTML-Export, hochgeladene Referenzdatei",user_upload:quiz-ABU_Smartlearn_1.Teil-top-20260519-0952.html
abu,Allgemeinbildender Unterricht ABU,abu_l04,ABU,L04,"Rechtsgrundlagen, Personenrecht und Vertragsrecht",hard,single_choice,Welche Erklärung zu Rangordnung der Rechtserlasse ist im gesellschaftlichen und rechtlichen Kontext richtig?,Flyer stehen über Gesetzen,höheres Recht geht tieferem Recht vor,private Meinung steht über Verfassung,Verträge dürfen Gesetze immer brechen,B,Die Normenhierarchie ordnet Rechtsquellen.,"ABU Smartlearn Quiz 1. Teil, Moodle-XHTML-Export, hochgeladene Referenzdatei",user_upload:quiz-ABU_Smartlearn_1.Teil-top-20260519-0952.html
abu,Allgemeinbildender Unterricht ABU,abu_l04,ABU,L04,"Rechtsgrundlagen, Personenrecht und Vertragsrecht",easy,single_choice,Was ist bei Rangordnung der Rechtserlasse grundsätzlich richtig?,Flyer stehen über Gesetzen,private Meinung steht über Verfassung,höheres Recht geht tieferem Recht vor,Verträge dürfen Gesetze immer brechen,C,Die Normenhierarchie ordnet Rechtsquellen.,"ABU Smartlearn Quiz 1. Teil, Moodle-XHTML-Export, hochgeladene Referenzdatei",user_upload:quiz-ABU_Smartlearn_1.Teil-top-20260519-0952.html
abu,Allgemeinbildender Unterricht ABU,abu_l04,ABU,L04,"Rechtsgrundlagen, Personenrecht und Vertragsrecht",medium,single_choice,Welche Aussage zeigt ein korrektes Verständnis von Rangordnung der Rechtserlasse?,Flyer stehen über Gesetzen,private Meinung steht über Verfassung,Verträge dürfen Gesetze immer brechen,höheres Recht geht tieferem Recht vor,D,Die Normenhierarchie ordnet Rechtsquellen.,"ABU Smartlearn Quiz 1. Teil, Moodle-XHTML-Export, hochgeladene Referenzdatei",user_upload:quiz-ABU_Smartlearn_1.Teil-top-20260519-0952.html
abu,Allgemeinbildender Unterricht ABU,abu_l04,ABU,L04,"Rechtsgrundlagen, Personenrecht und Vertragsrecht",hard,single_choice,Welche Aussage grenzt Rangordnung der Rechtserlasse am präzisesten von falschen Vorstellungen ab?,höheres Recht geht tieferem Recht vor,Flyer stehen über Gesetzen,private Meinung steht über Verfassung,Verträge dürfen Gesetze immer brechen,A,Die Normenhierarchie ordnet Rechtsquellen.,"ABU Smartlearn Quiz 1. Teil, Moodle-XHTML-Export, hochgeladene Referenzdatei",user_upload:quiz-ABU_Smartlearn_1.Teil-top-20260519-0952.html
abu,Allgemeinbildender Unterricht ABU,abu_l04,ABU,L04,"Rechtsgrundlagen, Personenrecht und Vertragsrecht",easy,single_choice,Welche Kurzdefinition passt zu Rangordnung der Rechtserlasse?,Flyer stehen über Gesetzen,höheres Recht geht tieferem Recht vor,private Meinung steht über Verfassung,Verträge dürfen Gesetze immer brechen,B,Die Normenhierarchie ordnet Rechtsquellen.,"ABU Smartlearn Quiz 1. Teil, Moodle-XHTML-Export, hochgeladene Referenzdatei",user_upload:quiz-ABU_Smartlearn_1.Teil-top-20260519-0952.html
abu,Allgemeinbildender Unterricht ABU,abu_l04,ABU,L04,"Rechtsgrundlagen, Personenrecht und Vertragsrecht",easy,single_choice,Welche Aussage beschreibt Rechtsgrundsatz im ABU am besten?,Gesetze gelten nie,Willkür ist vorgeschrieben,allgemeine Prinzipien wie Treu und Glauben prägen die Rechtsanwendung,nur Werbung zählt,C,Rechtsgrundsätze helfen bei Auslegung und Fairness.,"ABU Smartlearn Quiz 1. Teil, Moodle-XHTML-Export, hochgeladene Referenzdatei",user_upload:quiz-ABU_Smartlearn_1.Teil-top-20260519-0952.html
abu,Allgemeinbildender Unterricht ABU,abu_l04,ABU,L04,"Rechtsgrundlagen, Personenrecht und Vertragsrecht",medium,single_choice,Worauf muss man beim Thema Rechtsgrundsatz besonders achten?,Gesetze gelten nie,Willkür ist vorgeschrieben,nur Werbung zählt,allgemeine Prinzipien wie Treu und Glauben prägen die Rechtsanwendung,D,Rechtsgrundsätze helfen bei Auslegung und Fairness.,"ABU Smartlearn Quiz 1. Teil, Moodle-XHTML-Export, hochgeladene Referenzdatei",user_upload:quiz-ABU_Smartlearn_1.Teil-top-20260519-0952.html
abu,Allgemeinbildender Unterricht ABU,abu_l04,ABU,L04,"Rechtsgrundlagen, Personenrecht und Vertragsrecht",hard,single_choice,Welche Aussage zu Rechtsgrundsatz ist fachlich am korrektesten?,allgemeine Prinzipien wie Treu und Glauben prägen die Rechtsanwendung,Gesetze gelten nie,Willkür ist vorgeschrieben,nur Werbung zählt,A,Rechtsgrundsätze helfen bei Auslegung und Fairness.,"ABU Smartlearn Quiz 1. Teil, Moodle-XHTML-Export, hochgeladene Referenzdatei",user_upload:quiz-ABU_Smartlearn_1.Teil-top-20260519-0952.html
abu,Allgemeinbildender Unterricht ABU,abu_l04,ABU,L04,"Rechtsgrundlagen, Personenrecht und Vertragsrecht",easy,single_choice,Welche Antwort passt zum Begriff Rechtsgrundsatz?,Gesetze gelten nie,allgemeine Prinzipien wie Treu und Glauben prägen die Rechtsanwendung,Willkür ist vorgeschrieben,nur Werbung zählt,B,Rechtsgrundsätze helfen bei Auslegung und Fairness.,"ABU Smartlearn Quiz 1. Teil, Moodle-XHTML-Export, hochgeladene Referenzdatei",user_upload:quiz-ABU_Smartlearn_1.Teil-top-20260519-0952.html
abu,Allgemeinbildender Unterricht ABU,abu_l04,ABU,L04,"Rechtsgrundlagen, Personenrecht und Vertragsrecht",medium,single_choice,Welche praktische Bedeutung hat Rechtsgrundsatz für Lernende?,Gesetze gelten nie,Willkür ist vorgeschrieben,allgemeine Prinzipien wie Treu und Glauben prägen die Rechtsanwendung,nur Werbung zählt,C,Rechtsgrundsätze helfen bei Auslegung und Fairness.,"ABU Smartlearn Quiz 1. Teil, Moodle-XHTML-Export, hochgeladene Referenzdatei",user_upload:quiz-ABU_Smartlearn_1.Teil-top-20260519-0952.html
abu,Allgemeinbildender Unterricht ABU,abu_l04,ABU,L04,"Rechtsgrundlagen, Personenrecht und Vertragsrecht",hard,single_choice,Welche Erklärung zu Rechtsgrundsatz ist im gesellschaftlichen und rechtlichen Kontext richtig?,Gesetze gelten nie,Willkür ist vorgeschrieben,nur Werbung zählt,allgemeine Prinzipien wie Treu und Glauben prägen die Rechtsanwendung,D,Rechtsgrundsätze helfen bei Auslegung und Fairness.,"ABU Smartlearn Quiz 1. Teil, Moodle-XHTML-Export, hochgeladene Referenzdatei",user_upload:quiz-ABU_Smartlearn_1.Teil-top-20260519-0952.html
abu,Allgemeinbildender Unterricht ABU,abu_l04,ABU,L04,"Rechtsgrundlagen, Personenrecht und Vertragsrecht",easy,single_choice,Was ist bei Rechtsgrundsatz grundsätzlich richtig?,allgemeine Prinzipien wie Treu und Glauben prägen die Rechtsanwendung,Gesetze gelten nie,Willkür ist vorgeschrieben,nur Werbung zählt,A,Rechtsgrundsätze helfen bei Auslegung und Fairness.,"ABU Smartlearn Quiz 1. Teil, Moodle-XHTML-Export, hochgeladene Referenzdatei",user_upload:quiz-ABU_Smartlearn_1.Teil-top-20260519-0952.html
abu,Allgemeinbildender Unterricht ABU,abu_l04,ABU,L04,"Rechtsgrundlagen, Personenrecht und Vertragsrecht",medium,single_choice,Welche Aussage zeigt ein korrektes Verständnis von Rechtsgrundsatz?,Gesetze gelten nie,allgemeine Prinzipien wie Treu und Glauben prägen die Rechtsanwendung,Willkür ist vorgeschrieben,nur Werbung zählt,B,Rechtsgrundsätze helfen bei Auslegung und Fairness.,"ABU Smartlearn Quiz 1. Teil, Moodle-XHTML-Export, hochgeladene Referenzdatei",user_upload:quiz-ABU_Smartlearn_1.Teil-top-20260519-0952.html
abu,Allgemeinbildender Unterricht ABU,abu_l04,ABU,L04,"Rechtsgrundlagen, Personenrecht und Vertragsrecht",hard,single_choice,Welche Aussage grenzt Rechtsgrundsatz am präzisesten von falschen Vorstellungen ab?,Gesetze gelten nie,Willkür ist vorgeschrieben,allgemeine Prinzipien wie Treu und Glauben prägen die Rechtsanwendung,nur Werbung zählt,C,Rechtsgrundsätze helfen bei Auslegung und Fairness.,"ABU Smartlearn Quiz 1. Teil, Moodle-XHTML-Export, hochgeladene Referenzdatei",user_upload:quiz-ABU_Smartlearn_1.Teil-top-20260519-0952.html
abu,Allgemeinbildender Unterricht ABU,abu_l04,ABU,L04,"Rechtsgrundlagen, Personenrecht und Vertragsrecht",easy,single_choice,Welche Kurzdefinition passt zu Rechtsgrundsatz?,Gesetze gelten nie,Willkür ist vorgeschrieben,nur Werbung zählt,allgemeine Prinzipien wie Treu und Glauben prägen die Rechtsanwendung,D,Rechtsgrundsätze helfen bei Auslegung und Fairness.,"ABU Smartlearn Quiz 1. Teil, Moodle-XHTML-Export, hochgeladene Referenzdatei",user_upload:quiz-ABU_Smartlearn_1.Teil-top-20260519-0952.html
abu,Allgemeinbildender Unterricht ABU,abu_l05,ABU,L05,"Erwerbsarbeit, Arbeitsvertrag und Sozialpartnerschaft",easy,single_choice,Welche Aussage beschreibt Einzelarbeitsvertrag im ABU am besten?,Arbeitnehmende leisten Arbeit und erhalten Lohn,er ist ein Mietvertrag,er ist eine Steuerrechnung,er betrifft nur Erbschaften,A,Der EAV regelt das Arbeitsverhältnis zwischen zwei Parteien.,"ABU Smartlearn Quiz 1. Teil, Moodle-XHTML-Export, hochgeladene Referenzdatei",user_upload:quiz-ABU_Smartlearn_1.Teil-top-20260519-0952.html
abu,Allgemeinbildender Unterricht ABU,abu_l05,ABU,L05,"Erwerbsarbeit, Arbeitsvertrag und Sozialpartnerschaft",medium,single_choice,Worauf muss man beim Thema Einzelarbeitsvertrag besonders achten?,er ist ein Mietvertrag,Arbeitnehmende leisten Arbeit und erhalten Lohn,er ist eine Steuerrechnung,er betrifft nur Erbschaften,B,Der EAV regelt das Arbeitsverhältnis zwischen zwei Parteien.,"ABU Smartlearn Quiz 1. Teil, Moodle-XHTML-Export, hochgeladene Referenzdatei",user_upload:quiz-ABU_Smartlearn_1.Teil-top-20260519-0952.html
abu,Allgemeinbildender Unterricht ABU,abu_l05,ABU,L05,"Erwerbsarbeit, Arbeitsvertrag und Sozialpartnerschaft",hard,single_choice,Welche Aussage zu Einzelarbeitsvertrag ist fachlich am korrektesten?,er ist ein Mietvertrag,er ist eine Steuerrechnung,Arbeitnehmende leisten Arbeit und erhalten Lohn,er betrifft nur Erbschaften,C,Der EAV regelt das Arbeitsverhältnis zwischen zwei Parteien.,"ABU Smartlearn Quiz 1. Teil, Moodle-XHTML-Export, hochgeladene Referenzdatei",user_upload:quiz-ABU_Smartlearn_1.Teil-top-20260519-0952.html
abu,Allgemeinbildender Unterricht ABU,abu_l05,ABU,L05,"Erwerbsarbeit, Arbeitsvertrag und Sozialpartnerschaft",easy,single_choice,Welche Antwort passt zum Begriff Einzelarbeitsvertrag?,er ist ein Mietvertrag,er ist eine Steuerrechnung,er betrifft nur Erbschaften,Arbeitnehmende leisten Arbeit und erhalten Lohn,D,Der EAV regelt das Arbeitsverhältnis zwischen zwei Parteien.,"ABU Smartlearn Quiz 1. Teil, Moodle-XHTML-Export, hochgeladene Referenzdatei",user_upload:quiz-ABU_Smartlearn_1.Teil-top-20260519-0952.html
abu,Allgemeinbildender Unterricht ABU,abu_l05,ABU,L05,"Erwerbsarbeit, Arbeitsvertrag und Sozialpartnerschaft",medium,single_choice,Welche praktische Bedeutung hat Einzelarbeitsvertrag für Lernende?,Arbeitnehmende leisten Arbeit und erhalten Lohn,er ist ein Mietvertrag,er ist eine Steuerrechnung,er betrifft nur Erbschaften,A,Der EAV regelt das Arbeitsverhältnis zwischen zwei Parteien.,"ABU Smartlearn Quiz 1. Teil, Moodle-XHTML-Export, hochgeladene Referenzdatei",user_upload:quiz-ABU_Smartlearn_1.Teil-top-20260519-0952.html
abu,Allgemeinbildender Unterricht ABU,abu_l05,ABU,L05,"Erwerbsarbeit, Arbeitsvertrag und Sozialpartnerschaft",hard,single_choice,Welche Erklärung zu Einzelarbeitsvertrag ist im gesellschaftlichen und rechtlichen Kontext richtig?,er ist ein Mietvertrag,Arbeitnehmende leisten Arbeit und erhalten Lohn,er ist eine Steuerrechnung,er betrifft nur Erbschaften,B,Der EAV regelt das Arbeitsverhältnis zwischen zwei Parteien.,"ABU Smartlearn Quiz 1. Teil, Moodle-XHTML-Export, hochgeladene Referenzdatei",user_upload:quiz-ABU_Smartlearn_1.Teil-top-20260519-0952.html
abu,Allgemeinbildender Unterricht ABU,abu_l05,ABU,L05,"Erwerbsarbeit, Arbeitsvertrag und Sozialpartnerschaft",easy,single_choice,Was ist bei Einzelarbeitsvertrag grundsätzlich richtig?,er ist ein Mietvertrag,er ist eine Steuerrechnung,Arbeitnehmende leisten Arbeit und erhalten Lohn,er betrifft nur Erbschaften,C,Der EAV regelt das Arbeitsverhältnis zwischen zwei Parteien.,"ABU Smartlearn Quiz 1. Teil, Moodle-XHTML-Export, hochgeladene Referenzdatei",user_upload:quiz-ABU_Smartlearn_1.Teil-top-20260519-0952.html
abu,Allgemeinbildender Unterricht ABU,abu_l05,ABU,L05,"Erwerbsarbeit, Arbeitsvertrag und Sozialpartnerschaft",medium,single_choice,Welche Aussage zeigt ein korrektes Verständnis von Einzelarbeitsvertrag?,er ist ein Mietvertrag,er ist eine Steuerrechnung,er betrifft nur Erbschaften,Arbeitnehmende leisten Arbeit und erhalten Lohn,D,Der EAV regelt das Arbeitsverhältnis zwischen zwei Parteien.,"ABU Smartlearn Quiz 1. Teil, Moodle-XHTML-Export, hochgeladene Referenzdatei",user_upload:quiz-ABU_Smartlearn_1.Teil-top-20260519-0952.html
abu,Allgemeinbildender Unterricht ABU,abu_l05,ABU,L05,"Erwerbsarbeit, Arbeitsvertrag und Sozialpartnerschaft",hard,single_choice,Welche Aussage grenzt Einzelarbeitsvertrag am präzisesten von falschen Vorstellungen ab?,Arbeitnehmende leisten Arbeit und erhalten Lohn,er ist ein Mietvertrag,er ist eine Steuerrechnung,er betrifft nur Erbschaften,A,Der EAV regelt das Arbeitsverhältnis zwischen zwei Parteien.,"ABU Smartlearn Quiz 1. Teil, Moodle-XHTML-Export, hochgeladene Referenzdatei",user_upload:quiz-ABU_Smartlearn_1.Teil-top-20260519-0952.html
abu,Allgemeinbildender Unterricht ABU,abu_l05,ABU,L05,"Erwerbsarbeit, Arbeitsvertrag und Sozialpartnerschaft",easy,single_choice,Welche Kurzdefinition passt zu Einzelarbeitsvertrag?,er ist ein Mietvertrag,Arbeitnehmende leisten Arbeit und erhalten Lohn,er ist eine Steuerrechnung,er betrifft nur Erbschaften,B,Der EAV regelt das Arbeitsverhältnis zwischen zwei Parteien.,"ABU Smartlearn Quiz 1. Teil, Moodle-XHTML-Export, hochgeladene Referenzdatei",user_upload:quiz-ABU_Smartlearn_1.Teil-top-20260519-0952.html
abu,Allgemeinbildender Unterricht ABU,abu_l05,ABU,L05,"Erwerbsarbeit, Arbeitsvertrag und Sozialpartnerschaft",easy,single_choice,Welche Aussage beschreibt Lohn im ABU am besten?,er ist eine Versicherungspolice,er ist immer freiwillig,er ist die Gegenleistung für geleistete Arbeit,er ist eine Betreibung,C,Lohn ist ein Kernelement des Arbeitsvertrags.,"ABU Smartlearn Quiz 1. Teil, Moodle-XHTML-Export, hochgeladene Referenzdatei",user_upload:quiz-ABU_Smartlearn_1.Teil-top-20260519-0952.html
abu,Allgemeinbildender Unterricht ABU,abu_l05,ABU,L05,"Erwerbsarbeit, Arbeitsvertrag und Sozialpartnerschaft",medium,single_choice,Worauf muss man beim Thema Lohn besonders achten?,er ist eine Versicherungspolice,er ist immer freiwillig,er ist eine Betreibung,er ist die Gegenleistung für geleistete Arbeit,D,Lohn ist ein Kernelement des Arbeitsvertrags.,"ABU Smartlearn Quiz 1. Teil, Moodle-XHTML-Export, hochgeladene Referenzdatei",user_upload:quiz-ABU_Smartlearn_1.Teil-top-20260519-0952.html
abu,Allgemeinbildender Unterricht ABU,abu_l05,ABU,L05,"Erwerbsarbeit, Arbeitsvertrag und Sozialpartnerschaft",hard,single_choice,Welche Aussage zu Lohn ist fachlich am korrektesten?,er ist die Gegenleistung für geleistete Arbeit,er ist eine Versicherungspolice,er ist immer freiwillig,er ist eine Betreibung,A,Lohn ist ein Kernelement des Arbeitsvertrags.,"ABU Smartlearn Quiz 1. Teil, Moodle-XHTML-Export, hochgeladene Referenzdatei",user_upload:quiz-ABU_Smartlearn_1.Teil-top-20260519-0952.html
abu,Allgemeinbildender Unterricht ABU,abu_l05,ABU,L05,"Erwerbsarbeit, Arbeitsvertrag und Sozialpartnerschaft",easy,single_choice,Welche Antwort passt zum Begriff Lohn?,er ist eine Versicherungspolice,er ist die Gegenleistung für geleistete Arbeit,er ist immer freiwillig,er ist eine Betreibung,B,Lohn ist ein Kernelement des Arbeitsvertrags.,"ABU Smartlearn Quiz 1. Teil, Moodle-XHTML-Export, hochgeladene Referenzdatei",user_upload:quiz-ABU_Smartlearn_1.Teil-top-20260519-0952.html
abu,Allgemeinbildender Unterricht ABU,abu_l05,ABU,L05,"Erwerbsarbeit, Arbeitsvertrag und Sozialpartnerschaft",medium,single_choice,Welche praktische Bedeutung hat Lohn für Lernende?,er ist eine Versicherungspolice,er ist immer freiwillig,er ist die Gegenleistung für geleistete Arbeit,er ist eine Betreibung,C,Lohn ist ein Kernelement des Arbeitsvertrags.,"ABU Smartlearn Quiz 1. Teil, Moodle-XHTML-Export, hochgeladene Referenzdatei",user_upload:quiz-ABU_Smartlearn_1.Teil-top-20260519-0952.html
abu,Allgemeinbildender Unterricht ABU,abu_l05,ABU,L05,"Erwerbsarbeit, Arbeitsvertrag und Sozialpartnerschaft",hard,single_choice,Welche Erklärung zu Lohn ist im gesellschaftlichen und rechtlichen Kontext richtig?,er ist eine Versicherungspolice,er ist immer freiwillig,er ist eine Betreibung,er ist die Gegenleistung für geleistete Arbeit,D,Lohn ist ein Kernelement des Arbeitsvertrags.,"ABU Smartlearn Quiz 1. Teil, Moodle-XHTML-Export, hochgeladene Referenzdatei",user_upload:quiz-ABU_Smartlearn_1.Teil-top-20260519-0952.html
abu,Allgemeinbildender Unterricht ABU,abu_l05,ABU,L05,"Erwerbsarbeit, Arbeitsvertrag und Sozialpartnerschaft",easy,single_choice,Was ist bei Lohn grundsätzlich richtig?,er ist die Gegenleistung für geleistete Arbeit,er ist eine Versicherungspolice,er ist immer freiwillig,er ist eine Betreibung,A,Lohn ist ein Kernelement des Arbeitsvertrags.,"ABU Smartlearn Quiz 1. Teil, Moodle-XHTML-Export, hochgeladene Referenzdatei",user_upload:quiz-ABU_Smartlearn_1.Teil-top-20260519-0952.html
abu,Allgemeinbildender Unterricht ABU,abu_l05,ABU,L05,"Erwerbsarbeit, Arbeitsvertrag und Sozialpartnerschaft",medium,single_choice,Welche Aussage zeigt ein korrektes Verständnis von Lohn?,er ist eine Versicherungspolice,er ist die Gegenleistung für geleistete Arbeit,er ist immer freiwillig,er ist eine Betreibung,B,Lohn ist ein Kernelement des Arbeitsvertrags.,"ABU Smartlearn Quiz 1. Teil, Moodle-XHTML-Export, hochgeladene Referenzdatei",user_upload:quiz-ABU_Smartlearn_1.Teil-top-20260519-0952.html
abu,Allgemeinbildender Unterricht ABU,abu_l05,ABU,L05,"Erwerbsarbeit, Arbeitsvertrag und Sozialpartnerschaft",hard,single_choice,Welche Aussage grenzt Lohn am präzisesten von falschen Vorstellungen ab?,er ist eine Versicherungspolice,er ist immer freiwillig,er ist die Gegenleistung für geleistete Arbeit,er ist eine Betreibung,C,Lohn ist ein Kernelement des Arbeitsvertrags.,"ABU Smartlearn Quiz 1. Teil, Moodle-XHTML-Export, hochgeladene Referenzdatei",user_upload:quiz-ABU_Smartlearn_1.Teil-top-20260519-0952.html
abu,Allgemeinbildender Unterricht ABU,abu_l05,ABU,L05,"Erwerbsarbeit, Arbeitsvertrag und Sozialpartnerschaft",easy,single_choice,Welche Kurzdefinition passt zu Lohn?,er ist eine Versicherungspolice,er ist immer freiwillig,er ist eine Betreibung,er ist die Gegenleistung für geleistete Arbeit,D,Lohn ist ein Kernelement des Arbeitsvertrags.,"ABU Smartlearn Quiz 1. Teil, Moodle-XHTML-Export, hochgeladene Referenzdatei",user_upload:quiz-ABU_Smartlearn_1.Teil-top-20260519-0952.html
abu,Allgemeinbildender Unterricht ABU,abu_l05,ABU,L05,"Erwerbsarbeit, Arbeitsvertrag und Sozialpartnerschaft",easy,single_choice,Welche Aussage beschreibt Kündigung im ABU am besten?,sie beendet ein Arbeitsverhältnis unter Einhaltung von Regeln,sie ist immer verboten,sie ersetzt den Lohn,sie ist eine Wahlart,A,Kündigungen müssen Fristen und Schutzbestimmungen beachten.,"ABU Smartlearn Quiz 1. Teil, Moodle-XHTML-Export, hochgeladene Referenzdatei",user_upload:quiz-ABU_Smartlearn_1.Teil-top-20260519-0952.html
abu,Allgemeinbildender Unterricht ABU,abu_l05,ABU,L05,"Erwerbsarbeit, Arbeitsvertrag und Sozialpartnerschaft",medium,single_choice,Worauf muss man beim Thema Kündigung besonders achten?,sie ist immer verboten,sie beendet ein Arbeitsverhältnis unter Einhaltung von Regeln,sie ersetzt den Lohn,sie ist eine Wahlart,B,Kündigungen müssen Fristen und Schutzbestimmungen beachten.,"ABU Smartlearn Quiz 1. Teil, Moodle-XHTML-Export, hochgeladene Referenzdatei",user_upload:quiz-ABU_Smartlearn_1.Teil-top-20260519-0952.html
abu,Allgemeinbildender Unterricht ABU,abu_l05,ABU,L05,"Erwerbsarbeit, Arbeitsvertrag und Sozialpartnerschaft",hard,single_choice,Welche Aussage zu Kündigung ist fachlich am korrektesten?,sie ist immer verboten,sie ersetzt den Lohn,sie beendet ein Arbeitsverhältnis unter Einhaltung von Regeln,sie ist eine Wahlart,C,Kündigungen müssen Fristen und Schutzbestimmungen beachten.,"ABU Smartlearn Quiz 1. Teil, Moodle-XHTML-Export, hochgeladene Referenzdatei",user_upload:quiz-ABU_Smartlearn_1.Teil-top-20260519-0952.html
abu,Allgemeinbildender Unterricht ABU,abu_l05,ABU,L05,"Erwerbsarbeit, Arbeitsvertrag und Sozialpartnerschaft",easy,single_choice,Welche Antwort passt zum Begriff Kündigung?,sie ist immer verboten,sie ersetzt den Lohn,sie ist eine Wahlart,sie beendet ein Arbeitsverhältnis unter Einhaltung von Regeln,D,Kündigungen müssen Fristen und Schutzbestimmungen beachten.,"ABU Smartlearn Quiz 1. Teil, Moodle-XHTML-Export, hochgeladene Referenzdatei",user_upload:quiz-ABU_Smartlearn_1.Teil-top-20260519-0952.html
abu,Allgemeinbildender Unterricht ABU,abu_l05,ABU,L05,"Erwerbsarbeit, Arbeitsvertrag und Sozialpartnerschaft",medium,single_choice,Welche praktische Bedeutung hat Kündigung für Lernende?,sie beendet ein Arbeitsverhältnis unter Einhaltung von Regeln,sie ist immer verboten,sie ersetzt den Lohn,sie ist eine Wahlart,A,Kündigungen müssen Fristen und Schutzbestimmungen beachten.,"ABU Smartlearn Quiz 1. Teil, Moodle-XHTML-Export, hochgeladene Referenzdatei",user_upload:quiz-ABU_Smartlearn_1.Teil-top-20260519-0952.html
abu,Allgemeinbildender Unterricht ABU,abu_l05,ABU,L05,"Erwerbsarbeit, Arbeitsvertrag und Sozialpartnerschaft",hard,single_choice,Welche Erklärung zu Kündigung ist im gesellschaftlichen und rechtlichen Kontext richtig?,sie ist immer verboten,sie beendet ein Arbeitsverhältnis unter Einhaltung von Regeln,sie ersetzt den Lohn,sie ist eine Wahlart,B,Kündigungen müssen Fristen und Schutzbestimmungen beachten.,"ABU Smartlearn Quiz 1. Teil, Moodle-XHTML-Export, hochgeladene Referenzdatei",user_upload:quiz-ABU_Smartlearn_1.Teil-top-20260519-0952.html
abu,Allgemeinbildender Unterricht ABU,abu_l05,ABU,L05,"Erwerbsarbeit, Arbeitsvertrag und Sozialpartnerschaft",easy,single_choice,Was ist bei Kündigung grundsätzlich richtig?,sie ist immer verboten,sie ersetzt den Lohn,sie beendet ein Arbeitsverhältnis unter Einhaltung von Regeln,sie ist eine Wahlart,C,Kündigungen müssen Fristen und Schutzbestimmungen beachten.,"ABU Smartlearn Quiz 1. Teil, Moodle-XHTML-Export, hochgeladene Referenzdatei",user_upload:quiz-ABU_Smartlearn_1.Teil-top-20260519-0952.html
abu,Allgemeinbildender Unterricht ABU,abu_l05,ABU,L05,"Erwerbsarbeit, Arbeitsvertrag und Sozialpartnerschaft",medium,single_choice,Welche Aussage zeigt ein korrektes Verständnis von Kündigung?,sie ist immer verboten,sie ersetzt den Lohn,sie ist eine Wahlart,sie beendet ein Arbeitsverhältnis unter Einhaltung von Regeln,D,Kündigungen müssen Fristen und Schutzbestimmungen beachten.,"ABU Smartlearn Quiz 1. Teil, Moodle-XHTML-Export, hochgeladene Referenzdatei",user_upload:quiz-ABU_Smartlearn_1.Teil-top-20260519-0952.html
abu,Allgemeinbildender Unterricht ABU,abu_l05,ABU,L05,"Erwerbsarbeit, Arbeitsvertrag und Sozialpartnerschaft",hard,single_choice,Welche Aussage grenzt Kündigung am präzisesten von falschen Vorstellungen ab?,sie beendet ein Arbeitsverhältnis unter Einhaltung von Regeln,sie ist immer verboten,sie ersetzt den Lohn,sie ist eine Wahlart,A,Kündigungen müssen Fristen und Schutzbestimmungen beachten.,"ABU Smartlearn Quiz 1. Teil, Moodle-XHTML-Export, hochgeladene Referenzdatei",user_upload:quiz-ABU_Smartlearn_1.Teil-top-20260519-0952.html
abu,Allgemeinbildender Unterricht ABU,abu_l05,ABU,L05,"Erwerbsarbeit, Arbeitsvertrag und Sozialpartnerschaft",easy,single_choice,Welche Kurzdefinition passt zu Kündigung?,sie ist immer verboten,sie beendet ein Arbeitsverhältnis unter Einhaltung von Regeln,sie ersetzt den Lohn,sie ist eine Wahlart,B,Kündigungen müssen Fristen und Schutzbestimmungen beachten.,"ABU Smartlearn Quiz 1. Teil, Moodle-XHTML-Export, hochgeladene Referenzdatei",user_upload:quiz-ABU_Smartlearn_1.Teil-top-20260519-0952.html
abu,Allgemeinbildender Unterricht ABU,abu_l05,ABU,L05,"Erwerbsarbeit, Arbeitsvertrag und Sozialpartnerschaft",easy,single_choice,Welche Aussage beschreibt Gesamtarbeitsvertrag im ABU am besten?,er ist ein privates Tagebuch,er ersetzt alle Gesetze,Arbeitgeber- und Arbeitnehmerseite regeln Arbeitsbedingungen gemeinsam,er betrifft nur Konsumkredite,C,GAV sind ein Mittel der Sozialpartnerschaft.,"ABU Smartlearn Quiz 1. Teil, Moodle-XHTML-Export, hochgeladene Referenzdatei",user_upload:quiz-ABU_Smartlearn_1.Teil-top-20260519-0952.html
abu,Allgemeinbildender Unterricht ABU,abu_l05,ABU,L05,"Erwerbsarbeit, Arbeitsvertrag und Sozialpartnerschaft",medium,single_choice,Worauf muss man beim Thema Gesamtarbeitsvertrag besonders achten?,er ist ein privates Tagebuch,er ersetzt alle Gesetze,er betrifft nur Konsumkredite,Arbeitgeber- und Arbeitnehmerseite regeln Arbeitsbedingungen gemeinsam,D,GAV sind ein Mittel der Sozialpartnerschaft.,"ABU Smartlearn Quiz 1. Teil, Moodle-XHTML-Export, hochgeladene Referenzdatei",user_upload:quiz-ABU_Smartlearn_1.Teil-top-20260519-0952.html
abu,Allgemeinbildender Unterricht ABU,abu_l05,ABU,L05,"Erwerbsarbeit, Arbeitsvertrag und Sozialpartnerschaft",hard,single_choice,Welche Aussage zu Gesamtarbeitsvertrag ist fachlich am korrektesten?,Arbeitgeber- und Arbeitnehmerseite regeln Arbeitsbedingungen gemeinsam,er ist ein privates Tagebuch,er ersetzt alle Gesetze,er betrifft nur Konsumkredite,A,GAV sind ein Mittel der Sozialpartnerschaft.,"ABU Smartlearn Quiz 1. Teil, Moodle-XHTML-Export, hochgeladene Referenzdatei",user_upload:quiz-ABU_Smartlearn_1.Teil-top-20260519-0952.html
abu,Allgemeinbildender Unterricht ABU,abu_l05,ABU,L05,"Erwerbsarbeit, Arbeitsvertrag und Sozialpartnerschaft",easy,single_choice,Welche Antwort passt zum Begriff Gesamtarbeitsvertrag?,er ist ein privates Tagebuch,Arbeitgeber- und Arbeitnehmerseite regeln Arbeitsbedingungen gemeinsam,er ersetzt alle Gesetze,er betrifft nur Konsumkredite,B,GAV sind ein Mittel der Sozialpartnerschaft.,"ABU Smartlearn Quiz 1. Teil, Moodle-XHTML-Export, hochgeladene Referenzdatei",user_upload:quiz-ABU_Smartlearn_1.Teil-top-20260519-0952.html
abu,Allgemeinbildender Unterricht ABU,abu_l05,ABU,L05,"Erwerbsarbeit, Arbeitsvertrag und Sozialpartnerschaft",medium,single_choice,Welche praktische Bedeutung hat Gesamtarbeitsvertrag für Lernende?,er ist ein privates Tagebuch,er ersetzt alle Gesetze,Arbeitgeber- und Arbeitnehmerseite regeln Arbeitsbedingungen gemeinsam,er betrifft nur Konsumkredite,C,GAV sind ein Mittel der Sozialpartnerschaft.,"ABU Smartlearn Quiz 1. Teil, Moodle-XHTML-Export, hochgeladene Referenzdatei",user_upload:quiz-ABU_Smartlearn_1.Teil-top-20260519-0952.html
abu,Allgemeinbildender Unterricht ABU,abu_l05,ABU,L05,"Erwerbsarbeit, Arbeitsvertrag und Sozialpartnerschaft",hard,single_choice,Welche Erklärung zu Gesamtarbeitsvertrag ist im gesellschaftlichen und rechtlichen Kontext richtig?,er ist ein privates Tagebuch,er ersetzt alle Gesetze,er betrifft nur Konsumkredite,Arbeitgeber- und Arbeitnehmerseite regeln Arbeitsbedingungen gemeinsam,D,GAV sind ein Mittel der Sozialpartnerschaft.,"ABU Smartlearn Quiz 1. Teil, Moodle-XHTML-Export, hochgeladene Referenzdatei",user_upload:quiz-ABU_Smartlearn_1.Teil-top-20260519-0952.html
abu,Allgemeinbildender Unterricht ABU,abu_l05,ABU,L05,"Erwerbsarbeit, Arbeitsvertrag und Sozialpartnerschaft",easy,single_choice,Was ist bei Gesamtarbeitsvertrag grundsätzlich richtig?,Arbeitgeber- und Arbeitnehmerseite regeln Arbeitsbedingungen gemeinsam,er ist ein privates Tagebuch,er ersetzt alle Gesetze,er betrifft nur Konsumkredite,A,GAV sind ein Mittel der Sozialpartnerschaft.,"ABU Smartlearn Quiz 1. Teil, Moodle-XHTML-Export, hochgeladene Referenzdatei",user_upload:quiz-ABU_Smartlearn_1.Teil-top-20260519-0952.html
abu,Allgemeinbildender Unterricht ABU,abu_l05,ABU,L05,"Erwerbsarbeit, Arbeitsvertrag und Sozialpartnerschaft",medium,single_choice,Welche Aussage zeigt ein korrektes Verständnis von Gesamtarbeitsvertrag?,er ist ein privates Tagebuch,Arbeitgeber- und Arbeitnehmerseite regeln Arbeitsbedingungen gemeinsam,er ersetzt alle Gesetze,er betrifft nur Konsumkredite,B,GAV sind ein Mittel der Sozialpartnerschaft.,"ABU Smartlearn Quiz 1. Teil, Moodle-XHTML-Export, hochgeladene Referenzdatei",user_upload:quiz-ABU_Smartlearn_1.Teil-top-20260519-0952.html
abu,Allgemeinbildender Unterricht ABU,abu_l05,ABU,L05,"Erwerbsarbeit, Arbeitsvertrag und Sozialpartnerschaft",hard,single_choice,Welche Aussage grenzt Gesamtarbeitsvertrag am präzisesten von falschen Vorstellungen ab?,er ist ein privates Tagebuch,er ersetzt alle Gesetze,Arbeitgeber- und Arbeitnehmerseite regeln Arbeitsbedingungen gemeinsam,er betrifft nur Konsumkredite,C,GAV sind ein Mittel der Sozialpartnerschaft.,"ABU Smartlearn Quiz 1. Teil, Moodle-XHTML-Export, hochgeladene Referenzdatei",user_upload:quiz-ABU_Smartlearn_1.Teil-top-20260519-0952.html
abu,Allgemeinbildender Unterricht ABU,abu_l05,ABU,L05,"Erwerbsarbeit, Arbeitsvertrag und Sozialpartnerschaft",easy,single_choice,Welche Kurzdefinition passt zu Gesamtarbeitsvertrag?,er ist ein privates Tagebuch,er ersetzt alle Gesetze,er betrifft nur Konsumkredite,Arbeitgeber- und Arbeitnehmerseite regeln Arbeitsbedingungen gemeinsam,D,GAV sind ein Mittel der Sozialpartnerschaft.,"ABU Smartlearn Quiz 1. Teil, Moodle-XHTML-Export, hochgeladene Referenzdatei",user_upload:quiz-ABU_Smartlearn_1.Teil-top-20260519-0952.html
abu,Allgemeinbildender Unterricht ABU,abu_l05,ABU,L05,"Erwerbsarbeit, Arbeitsvertrag und Sozialpartnerschaft",easy,single_choice,Welche Aussage beschreibt Sozialpartner im ABU am besten?,Arbeitgeberverbände und Arbeitnehmervertretungen verhandeln Interessen,sie sind nur Banken,sie sind nur Gerichte,sie sind nur Mietparteien,A,Sozialpartner gestalten Arbeitsbedingungen mit.,"ABU Smartlearn Quiz 1. Teil, Moodle-XHTML-Export, hochgeladene Referenzdatei",user_upload:quiz-ABU_Smartlearn_1.Teil-top-20260519-0952.html
abu,Allgemeinbildender Unterricht ABU,abu_l05,ABU,L05,"Erwerbsarbeit, Arbeitsvertrag und Sozialpartnerschaft",medium,single_choice,Worauf muss man beim Thema Sozialpartner besonders achten?,sie sind nur Banken,Arbeitgeberverbände und Arbeitnehmervertretungen verhandeln Interessen,sie sind nur Gerichte,sie sind nur Mietparteien,B,Sozialpartner gestalten Arbeitsbedingungen mit.,"ABU Smartlearn Quiz 1. Teil, Moodle-XHTML-Export, hochgeladene Referenzdatei",user_upload:quiz-ABU_Smartlearn_1.Teil-top-20260519-0952.html
abu,Allgemeinbildender Unterricht ABU,abu_l05,ABU,L05,"Erwerbsarbeit, Arbeitsvertrag und Sozialpartnerschaft",hard,single_choice,Welche Aussage zu Sozialpartner ist fachlich am korrektesten?,sie sind nur Banken,sie sind nur Gerichte,Arbeitgeberverbände und Arbeitnehmervertretungen verhandeln Interessen,sie sind nur Mietparteien,C,Sozialpartner gestalten Arbeitsbedingungen mit.,"ABU Smartlearn Quiz 1. Teil, Moodle-XHTML-Export, hochgeladene Referenzdatei",user_upload:quiz-ABU_Smartlearn_1.Teil-top-20260519-0952.html
abu,Allgemeinbildender Unterricht ABU,abu_l05,ABU,L05,"Erwerbsarbeit, Arbeitsvertrag und Sozialpartnerschaft",easy,single_choice,Welche Antwort passt zum Begriff Sozialpartner?,sie sind nur Banken,sie sind nur Gerichte,sie sind nur Mietparteien,Arbeitgeberverbände und Arbeitnehmervertretungen verhandeln Interessen,D,Sozialpartner gestalten Arbeitsbedingungen mit.,"ABU Smartlearn Quiz 1. Teil, Moodle-XHTML-Export, hochgeladene Referenzdatei",user_upload:quiz-ABU_Smartlearn_1.Teil-top-20260519-0952.html
abu,Allgemeinbildender Unterricht ABU,abu_l05,ABU,L05,"Erwerbsarbeit, Arbeitsvertrag und Sozialpartnerschaft",medium,single_choice,Welche praktische Bedeutung hat Sozialpartner für Lernende?,Arbeitgeberverbände und Arbeitnehmervertretungen verhandeln Interessen,sie sind nur Banken,sie sind nur Gerichte,sie sind nur Mietparteien,A,Sozialpartner gestalten Arbeitsbedingungen mit.,"ABU Smartlearn Quiz 1. Teil, Moodle-XHTML-Export, hochgeladene Referenzdatei",user_upload:quiz-ABU_Smartlearn_1.Teil-top-20260519-0952.html
abu,Allgemeinbildender Unterricht ABU,abu_l05,ABU,L05,"Erwerbsarbeit, Arbeitsvertrag und Sozialpartnerschaft",hard,single_choice,Welche Erklärung zu Sozialpartner ist im gesellschaftlichen und rechtlichen Kontext richtig?,sie sind nur Banken,Arbeitgeberverbände und Arbeitnehmervertretungen verhandeln Interessen,sie sind nur Gerichte,sie sind nur Mietparteien,B,Sozialpartner gestalten Arbeitsbedingungen mit.,"ABU Smartlearn Quiz 1. Teil, Moodle-XHTML-Export, hochgeladene Referenzdatei",user_upload:quiz-ABU_Smartlearn_1.Teil-top-20260519-0952.html
abu,Allgemeinbildender Unterricht ABU,abu_l05,ABU,L05,"Erwerbsarbeit, Arbeitsvertrag und Sozialpartnerschaft",easy,single_choice,Was ist bei Sozialpartner grundsätzlich richtig?,sie sind nur Banken,sie sind nur Gerichte,Arbeitgeberverbände und Arbeitnehmervertretungen verhandeln Interessen,sie sind nur Mietparteien,C,Sozialpartner gestalten Arbeitsbedingungen mit.,"ABU Smartlearn Quiz 1. Teil, Moodle-XHTML-Export, hochgeladene Referenzdatei",user_upload:quiz-ABU_Smartlearn_1.Teil-top-20260519-0952.html
abu,Allgemeinbildender Unterricht ABU,abu_l05,ABU,L05,"Erwerbsarbeit, Arbeitsvertrag und Sozialpartnerschaft",medium,single_choice,Welche Aussage zeigt ein korrektes Verständnis von Sozialpartner?,sie sind nur Banken,sie sind nur Gerichte,sie sind nur Mietparteien,Arbeitgeberverbände und Arbeitnehmervertretungen verhandeln Interessen,D,Sozialpartner gestalten Arbeitsbedingungen mit.,"ABU Smartlearn Quiz 1. Teil, Moodle-XHTML-Export, hochgeladene Referenzdatei",user_upload:quiz-ABU_Smartlearn_1.Teil-top-20260519-0952.html
abu,Allgemeinbildender Unterricht ABU,abu_l05,ABU,L05,"Erwerbsarbeit, Arbeitsvertrag und Sozialpartnerschaft",hard,single_choice,Welche Aussage grenzt Sozialpartner am präzisesten von falschen Vorstellungen ab?,Arbeitgeberverbände und Arbeitnehmervertretungen verhandeln Interessen,sie sind nur Banken,sie sind nur Gerichte,sie sind nur Mietparteien,A,Sozialpartner gestalten Arbeitsbedingungen mit.,"ABU Smartlearn Quiz 1. Teil, Moodle-XHTML-Export, hochgeladene Referenzdatei",user_upload:quiz-ABU_Smartlearn_1.Teil-top-20260519-0952.html
abu,Allgemeinbildender Unterricht ABU,abu_l05,ABU,L05,"Erwerbsarbeit, Arbeitsvertrag und Sozialpartnerschaft",easy,single_choice,Welche Kurzdefinition passt zu Sozialpartner?,sie sind nur Banken,Arbeitgeberverbände und Arbeitnehmervertretungen verhandeln Interessen,sie sind nur Gerichte,sie sind nur Mietparteien,B,Sozialpartner gestalten Arbeitsbedingungen mit.,"ABU Smartlearn Quiz 1. Teil, Moodle-XHTML-Export, hochgeladene Referenzdatei",user_upload:quiz-ABU_Smartlearn_1.Teil-top-20260519-0952.html
abu,Allgemeinbildender Unterricht ABU,abu_l05,ABU,L05,"Erwerbsarbeit, Arbeitsvertrag und Sozialpartnerschaft",easy,single_choice,Welche Aussage beschreibt Arbeitslosigkeit im ABU am besten?,sie bedeutet automatisch Pensionierung,sie ist eine Steuerart,eine arbeitsfähige Person findet keine bezahlte Arbeit,sie ist ein Kaufmangel,C,Arbeitslosigkeit hat wirtschaftliche und persönliche Folgen.,"ABU Smartlearn Quiz 1. Teil, Moodle-XHTML-Export, hochgeladene Referenzdatei",user_upload:quiz-ABU_Smartlearn_1.Teil-top-20260519-0952.html
abu,Allgemeinbildender Unterricht ABU,abu_l05,ABU,L05,"Erwerbsarbeit, Arbeitsvertrag und Sozialpartnerschaft",medium,single_choice,Worauf muss man beim Thema Arbeitslosigkeit besonders achten?,sie bedeutet automatisch Pensionierung,sie ist eine Steuerart,sie ist ein Kaufmangel,eine arbeitsfähige Person findet keine bezahlte Arbeit,D,Arbeitslosigkeit hat wirtschaftliche und persönliche Folgen.,"ABU Smartlearn Quiz 1. Teil, Moodle-XHTML-Export, hochgeladene Referenzdatei",user_upload:quiz-ABU_Smartlearn_1.Teil-top-20260519-0952.html
abu,Allgemeinbildender Unterricht ABU,abu_l05,ABU,L05,"Erwerbsarbeit, Arbeitsvertrag und Sozialpartnerschaft",hard,single_choice,Welche Aussage zu Arbeitslosigkeit ist fachlich am korrektesten?,eine arbeitsfähige Person findet keine bezahlte Arbeit,sie bedeutet automatisch Pensionierung,sie ist eine Steuerart,sie ist ein Kaufmangel,A,Arbeitslosigkeit hat wirtschaftliche und persönliche Folgen.,"ABU Smartlearn Quiz 1. Teil, Moodle-XHTML-Export, hochgeladene Referenzdatei",user_upload:quiz-ABU_Smartlearn_1.Teil-top-20260519-0952.html
abu,Allgemeinbildender Unterricht ABU,abu_l05,ABU,L05,"Erwerbsarbeit, Arbeitsvertrag und Sozialpartnerschaft",easy,single_choice,Welche Antwort passt zum Begriff Arbeitslosigkeit?,sie bedeutet automatisch Pensionierung,eine arbeitsfähige Person findet keine bezahlte Arbeit,sie ist eine Steuerart,sie ist ein Kaufmangel,B,Arbeitslosigkeit hat wirtschaftliche und persönliche Folgen.,"ABU Smartlearn Quiz 1. Teil, Moodle-XHTML-Export, hochgeladene Referenzdatei",user_upload:quiz-ABU_Smartlearn_1.Teil-top-20260519-0952.html
abu,Allgemeinbildender Unterricht ABU,abu_l05,ABU,L05,"Erwerbsarbeit, Arbeitsvertrag und Sozialpartnerschaft",medium,single_choice,Welche praktische Bedeutung hat Arbeitslosigkeit für Lernende?,sie bedeutet automatisch Pensionierung,sie ist eine Steuerart,eine arbeitsfähige Person findet keine bezahlte Arbeit,sie ist ein Kaufmangel,C,Arbeitslosigkeit hat wirtschaftliche und persönliche Folgen.,"ABU Smartlearn Quiz 1. Teil, Moodle-XHTML-Export, hochgeladene Referenzdatei",user_upload:quiz-ABU_Smartlearn_1.Teil-top-20260519-0952.html
abu,Allgemeinbildender Unterricht ABU,abu_l05,ABU,L05,"Erwerbsarbeit, Arbeitsvertrag und Sozialpartnerschaft",hard,single_choice,Welche Erklärung zu Arbeitslosigkeit ist im gesellschaftlichen und rechtlichen Kontext richtig?,sie bedeutet automatisch Pensionierung,sie ist eine Steuerart,sie ist ein Kaufmangel,eine arbeitsfähige Person findet keine bezahlte Arbeit,D,Arbeitslosigkeit hat wirtschaftliche und persönliche Folgen.,"ABU Smartlearn Quiz 1. Teil, Moodle-XHTML-Export, hochgeladene Referenzdatei",user_upload:quiz-ABU_Smartlearn_1.Teil-top-20260519-0952.html
abu,Allgemeinbildender Unterricht ABU,abu_l05,ABU,L05,"Erwerbsarbeit, Arbeitsvertrag und Sozialpartnerschaft",easy,single_choice,Was ist bei Arbeitslosigkeit grundsätzlich richtig?,eine arbeitsfähige Person findet keine bezahlte Arbeit,sie bedeutet automatisch Pensionierung,sie ist eine Steuerart,sie ist ein Kaufmangel,A,Arbeitslosigkeit hat wirtschaftliche und persönliche Folgen.,"ABU Smartlearn Quiz 1. Teil, Moodle-XHTML-Export, hochgeladene Referenzdatei",user_upload:quiz-ABU_Smartlearn_1.Teil-top-20260519-0952.html
abu,Allgemeinbildender Unterricht ABU,abu_l05,ABU,L05,"Erwerbsarbeit, Arbeitsvertrag und Sozialpartnerschaft",medium,single_choice,Welche Aussage zeigt ein korrektes Verständnis von Arbeitslosigkeit?,sie bedeutet automatisch Pensionierung,eine arbeitsfähige Person findet keine bezahlte Arbeit,sie ist eine Steuerart,sie ist ein Kaufmangel,B,Arbeitslosigkeit hat wirtschaftliche und persönliche Folgen.,"ABU Smartlearn Quiz 1. Teil, Moodle-XHTML-Export, hochgeladene Referenzdatei",user_upload:quiz-ABU_Smartlearn_1.Teil-top-20260519-0952.html
abu,Allgemeinbildender Unterricht ABU,abu_l05,ABU,L05,"Erwerbsarbeit, Arbeitsvertrag und Sozialpartnerschaft",hard,single_choice,Welche Aussage grenzt Arbeitslosigkeit am präzisesten von falschen Vorstellungen ab?,sie bedeutet automatisch Pensionierung,sie ist eine Steuerart,eine arbeitsfähige Person findet keine bezahlte Arbeit,sie ist ein Kaufmangel,C,Arbeitslosigkeit hat wirtschaftliche und persönliche Folgen.,"ABU Smartlearn Quiz 1. Teil, Moodle-XHTML-Export, hochgeladene Referenzdatei",user_upload:quiz-ABU_Smartlearn_1.Teil-top-20260519-0952.html
abu,Allgemeinbildender Unterricht ABU,abu_l05,ABU,L05,"Erwerbsarbeit, Arbeitsvertrag und Sozialpartnerschaft",easy,single_choice,Welche Kurzdefinition passt zu Arbeitslosigkeit?,sie bedeutet automatisch Pensionierung,sie ist eine Steuerart,sie ist ein Kaufmangel,eine arbeitsfähige Person findet keine bezahlte Arbeit,D,Arbeitslosigkeit hat wirtschaftliche und persönliche Folgen.,"ABU Smartlearn Quiz 1. Teil, Moodle-XHTML-Export, hochgeladene Referenzdatei",user_upload:quiz-ABU_Smartlearn_1.Teil-top-20260519-0952.html
abu,Allgemeinbildender Unterricht ABU,abu_l05,ABU,L05,"Erwerbsarbeit, Arbeitsvertrag und Sozialpartnerschaft",easy,single_choice,Welche Aussage beschreibt Arbeitslosenversicherung im ABU am besten?,sie unterstützt bei Erwerbsausfall wegen Arbeitslosigkeit,sie bezahlt immer Ferien,sie ersetzt jede Ausbildung,sie ist eine Mietkaution,A,Sozialversicherungen mindern Risiken des Erwerbslebens.,"ABU Smartlearn Quiz 1. Teil, Moodle-XHTML-Export, hochgeladene Referenzdatei",user_upload:quiz-ABU_Smartlearn_1.Teil-top-20260519-0952.html
abu,Allgemeinbildender Unterricht ABU,abu_l05,ABU,L05,"Erwerbsarbeit, Arbeitsvertrag und Sozialpartnerschaft",medium,single_choice,Worauf muss man beim Thema Arbeitslosenversicherung besonders achten?,sie bezahlt immer Ferien,sie unterstützt bei Erwerbsausfall wegen Arbeitslosigkeit,sie ersetzt jede Ausbildung,sie ist eine Mietkaution,B,Sozialversicherungen mindern Risiken des Erwerbslebens.,"ABU Smartlearn Quiz 1. Teil, Moodle-XHTML-Export, hochgeladene Referenzdatei",user_upload:quiz-ABU_Smartlearn_1.Teil-top-20260519-0952.html
abu,Allgemeinbildender Unterricht ABU,abu_l05,ABU,L05,"Erwerbsarbeit, Arbeitsvertrag und Sozialpartnerschaft",hard,single_choice,Welche Aussage zu Arbeitslosenversicherung ist fachlich am korrektesten?,sie bezahlt immer Ferien,sie ersetzt jede Ausbildung,sie unterstützt bei Erwerbsausfall wegen Arbeitslosigkeit,sie ist eine Mietkaution,C,Sozialversicherungen mindern Risiken des Erwerbslebens.,"ABU Smartlearn Quiz 1. Teil, Moodle-XHTML-Export, hochgeladene Referenzdatei",user_upload:quiz-ABU_Smartlearn_1.Teil-top-20260519-0952.html
abu,Allgemeinbildender Unterricht ABU,abu_l05,ABU,L05,"Erwerbsarbeit, Arbeitsvertrag und Sozialpartnerschaft",easy,single_choice,Welche Antwort passt zum Begriff Arbeitslosenversicherung?,sie bezahlt immer Ferien,sie ersetzt jede Ausbildung,sie ist eine Mietkaution,sie unterstützt bei Erwerbsausfall wegen Arbeitslosigkeit,D,Sozialversicherungen mindern Risiken des Erwerbslebens.,"ABU Smartlearn Quiz 1. Teil, Moodle-XHTML-Export, hochgeladene Referenzdatei",user_upload:quiz-ABU_Smartlearn_1.Teil-top-20260519-0952.html
abu,Allgemeinbildender Unterricht ABU,abu_l05,ABU,L05,"Erwerbsarbeit, Arbeitsvertrag und Sozialpartnerschaft",medium,single_choice,Welche praktische Bedeutung hat Arbeitslosenversicherung für Lernende?,sie unterstützt bei Erwerbsausfall wegen Arbeitslosigkeit,sie bezahlt immer Ferien,sie ersetzt jede Ausbildung,sie ist eine Mietkaution,A,Sozialversicherungen mindern Risiken des Erwerbslebens.,"ABU Smartlearn Quiz 1. Teil, Moodle-XHTML-Export, hochgeladene Referenzdatei",user_upload:quiz-ABU_Smartlearn_1.Teil-top-20260519-0952.html
abu,Allgemeinbildender Unterricht ABU,abu_l05,ABU,L05,"Erwerbsarbeit, Arbeitsvertrag und Sozialpartnerschaft",hard,single_choice,Welche Erklärung zu Arbeitslosenversicherung ist im gesellschaftlichen und rechtlichen Kontext richtig?,sie bezahlt immer Ferien,sie unterstützt bei Erwerbsausfall wegen Arbeitslosigkeit,sie ersetzt jede Ausbildung,sie ist eine Mietkaution,B,Sozialversicherungen mindern Risiken des Erwerbslebens.,"ABU Smartlearn Quiz 1. Teil, Moodle-XHTML-Export, hochgeladene Referenzdatei",user_upload:quiz-ABU_Smartlearn_1.Teil-top-20260519-0952.html
abu,Allgemeinbildender Unterricht ABU,abu_l05,ABU,L05,"Erwerbsarbeit, Arbeitsvertrag und Sozialpartnerschaft",easy,single_choice,Was ist bei Arbeitslosenversicherung grundsätzlich richtig?,sie bezahlt immer Ferien,sie ersetzt jede Ausbildung,sie unterstützt bei Erwerbsausfall wegen Arbeitslosigkeit,sie ist eine Mietkaution,C,Sozialversicherungen mindern Risiken des Erwerbslebens.,"ABU Smartlearn Quiz 1. Teil, Moodle-XHTML-Export, hochgeladene Referenzdatei",user_upload:quiz-ABU_Smartlearn_1.Teil-top-20260519-0952.html
abu,Allgemeinbildender Unterricht ABU,abu_l05,ABU,L05,"Erwerbsarbeit, Arbeitsvertrag und Sozialpartnerschaft",medium,single_choice,Welche Aussage zeigt ein korrektes Verständnis von Arbeitslosenversicherung?,sie bezahlt immer Ferien,sie ersetzt jede Ausbildung,sie ist eine Mietkaution,sie unterstützt bei Erwerbsausfall wegen Arbeitslosigkeit,D,Sozialversicherungen mindern Risiken des Erwerbslebens.,"ABU Smartlearn Quiz 1. Teil, Moodle-XHTML-Export, hochgeladene Referenzdatei",user_upload:quiz-ABU_Smartlearn_1.Teil-top-20260519-0952.html
abu,Allgemeinbildender Unterricht ABU,abu_l05,ABU,L05,"Erwerbsarbeit, Arbeitsvertrag und Sozialpartnerschaft",hard,single_choice,Welche Aussage grenzt Arbeitslosenversicherung am präzisesten von falschen Vorstellungen ab?,sie unterstützt bei Erwerbsausfall wegen Arbeitslosigkeit,sie bezahlt immer Ferien,sie ersetzt jede Ausbildung,sie ist eine Mietkaution,A,Sozialversicherungen mindern Risiken des Erwerbslebens.,"ABU Smartlearn Quiz 1. Teil, Moodle-XHTML-Export, hochgeladene Referenzdatei",user_upload:quiz-ABU_Smartlearn_1.Teil-top-20260519-0952.html
abu,Allgemeinbildender Unterricht ABU,abu_l05,ABU,L05,"Erwerbsarbeit, Arbeitsvertrag und Sozialpartnerschaft",easy,single_choice,Welche Kurzdefinition passt zu Arbeitslosenversicherung?,sie bezahlt immer Ferien,sie unterstützt bei Erwerbsausfall wegen Arbeitslosigkeit,sie ersetzt jede Ausbildung,sie ist eine Mietkaution,B,Sozialversicherungen mindern Risiken des Erwerbslebens.,"ABU Smartlearn Quiz 1. Teil, Moodle-XHTML-Export, hochgeladene Referenzdatei",user_upload:quiz-ABU_Smartlearn_1.Teil-top-20260519-0952.html
abu,Allgemeinbildender Unterricht ABU,abu_l05,ABU,L05,"Erwerbsarbeit, Arbeitsvertrag und Sozialpartnerschaft",easy,single_choice,Welche Aussage beschreibt Strukturwandel im ABU am besten?,alles bleibt unverändert,nur Ferien ändern sich,"Wirtschaft und Arbeitswelt verändern sich durch Technik, Markt und Gesellschaft",er betrifft nur Privatkäufe,C,Strukturwandel beeinflusst Berufe und Perspektiven.,"ABU Smartlearn Quiz 1. Teil, Moodle-XHTML-Export, hochgeladene Referenzdatei",user_upload:quiz-ABU_Smartlearn_1.Teil-top-20260519-0952.html
abu,Allgemeinbildender Unterricht ABU,abu_l05,ABU,L05,"Erwerbsarbeit, Arbeitsvertrag und Sozialpartnerschaft",medium,single_choice,Worauf muss man beim Thema Strukturwandel besonders achten?,alles bleibt unverändert,nur Ferien ändern sich,er betrifft nur Privatkäufe,"Wirtschaft und Arbeitswelt verändern sich durch Technik, Markt und Gesellschaft",D,Strukturwandel beeinflusst Berufe und Perspektiven.,"ABU Smartlearn Quiz 1. Teil, Moodle-XHTML-Export, hochgeladene Referenzdatei",user_upload:quiz-ABU_Smartlearn_1.Teil-top-20260519-0952.html
abu,Allgemeinbildender Unterricht ABU,abu_l05,ABU,L05,"Erwerbsarbeit, Arbeitsvertrag und Sozialpartnerschaft",hard,single_choice,Welche Aussage zu Strukturwandel ist fachlich am korrektesten?,"Wirtschaft und Arbeitswelt verändern sich durch Technik, Markt und Gesellschaft",alles bleibt unverändert,nur Ferien ändern sich,er betrifft nur Privatkäufe,A,Strukturwandel beeinflusst Berufe und Perspektiven.,"ABU Smartlearn Quiz 1. Teil, Moodle-XHTML-Export, hochgeladene Referenzdatei",user_upload:quiz-ABU_Smartlearn_1.Teil-top-20260519-0952.html
abu,Allgemeinbildender Unterricht ABU,abu_l05,ABU,L05,"Erwerbsarbeit, Arbeitsvertrag und Sozialpartnerschaft",easy,single_choice,Welche Antwort passt zum Begriff Strukturwandel?,alles bleibt unverändert,"Wirtschaft und Arbeitswelt verändern sich durch Technik, Markt und Gesellschaft",nur Ferien ändern sich,er betrifft nur Privatkäufe,B,Strukturwandel beeinflusst Berufe und Perspektiven.,"ABU Smartlearn Quiz 1. Teil, Moodle-XHTML-Export, hochgeladene Referenzdatei",user_upload:quiz-ABU_Smartlearn_1.Teil-top-20260519-0952.html
abu,Allgemeinbildender Unterricht ABU,abu_l05,ABU,L05,"Erwerbsarbeit, Arbeitsvertrag und Sozialpartnerschaft",medium,single_choice,Welche praktische Bedeutung hat Strukturwandel für Lernende?,alles bleibt unverändert,nur Ferien ändern sich,"Wirtschaft und Arbeitswelt verändern sich durch Technik, Markt und Gesellschaft",er betrifft nur Privatkäufe,C,Strukturwandel beeinflusst Berufe und Perspektiven.,"ABU Smartlearn Quiz 1. Teil, Moodle-XHTML-Export, hochgeladene Referenzdatei",user_upload:quiz-ABU_Smartlearn_1.Teil-top-20260519-0952.html
abu,Allgemeinbildender Unterricht ABU,abu_l05,ABU,L05,"Erwerbsarbeit, Arbeitsvertrag und Sozialpartnerschaft",hard,single_choice,Welche Erklärung zu Strukturwandel ist im gesellschaftlichen und rechtlichen Kontext richtig?,alles bleibt unverändert,nur Ferien ändern sich,er betrifft nur Privatkäufe,"Wirtschaft und Arbeitswelt verändern sich durch Technik, Markt und Gesellschaft",D,Strukturwandel beeinflusst Berufe und Perspektiven.,"ABU Smartlearn Quiz 1. Teil, Moodle-XHTML-Export, hochgeladene Referenzdatei",user_upload:quiz-ABU_Smartlearn_1.Teil-top-20260519-0952.html
abu,Allgemeinbildender Unterricht ABU,abu_l05,ABU,L05,"Erwerbsarbeit, Arbeitsvertrag und Sozialpartnerschaft",easy,single_choice,Was ist bei Strukturwandel grundsätzlich richtig?,"Wirtschaft und Arbeitswelt verändern sich durch Technik, Markt und Gesellschaft",alles bleibt unverändert,nur Ferien ändern sich,er betrifft nur Privatkäufe,A,Strukturwandel beeinflusst Berufe und Perspektiven.,"ABU Smartlearn Quiz 1. Teil, Moodle-XHTML-Export, hochgeladene Referenzdatei",user_upload:quiz-ABU_Smartlearn_1.Teil-top-20260519-0952.html
abu,Allgemeinbildender Unterricht ABU,abu_l05,ABU,L05,"Erwerbsarbeit, Arbeitsvertrag und Sozialpartnerschaft",medium,single_choice,Welche Aussage zeigt ein korrektes Verständnis von Strukturwandel?,alles bleibt unverändert,"Wirtschaft und Arbeitswelt verändern sich durch Technik, Markt und Gesellschaft",nur Ferien ändern sich,er betrifft nur Privatkäufe,B,Strukturwandel beeinflusst Berufe und Perspektiven.,"ABU Smartlearn Quiz 1. Teil, Moodle-XHTML-Export, hochgeladene Referenzdatei",user_upload:quiz-ABU_Smartlearn_1.Teil-top-20260519-0952.html
abu,Allgemeinbildender Unterricht ABU,abu_l05,ABU,L05,"Erwerbsarbeit, Arbeitsvertrag und Sozialpartnerschaft",hard,single_choice,Welche Aussage grenzt Strukturwandel am präzisesten von falschen Vorstellungen ab?,alles bleibt unverändert,nur Ferien ändern sich,"Wirtschaft und Arbeitswelt verändern sich durch Technik, Markt und Gesellschaft",er betrifft nur Privatkäufe,C,Strukturwandel beeinflusst Berufe und Perspektiven.,"ABU Smartlearn Quiz 1. Teil, Moodle-XHTML-Export, hochgeladene Referenzdatei",user_upload:quiz-ABU_Smartlearn_1.Teil-top-20260519-0952.html
abu,Allgemeinbildender Unterricht ABU,abu_l05,ABU,L05,"Erwerbsarbeit, Arbeitsvertrag und Sozialpartnerschaft",easy,single_choice,Welche Kurzdefinition passt zu Strukturwandel?,alles bleibt unverändert,nur Ferien ändern sich,er betrifft nur Privatkäufe,"Wirtschaft und Arbeitswelt verändern sich durch Technik, Markt und Gesellschaft",D,Strukturwandel beeinflusst Berufe und Perspektiven.,"ABU Smartlearn Quiz 1. Teil, Moodle-XHTML-Export, hochgeladene Referenzdatei",user_upload:quiz-ABU_Smartlearn_1.Teil-top-20260519-0952.html
abu,Allgemeinbildender Unterricht ABU,abu_l05,ABU,L05,"Erwerbsarbeit, Arbeitsvertrag und Sozialpartnerschaft",easy,single_choice,Welche Aussage beschreibt Altersvorsorge im ABU am besten?,sie sichert Einkommen im Alter über verschiedene Säulen,sie ist ein Kaufvertrag,sie ersetzt die Demokratie,sie ist nur Taschengeld,A,Altersvorsorge schützt vor finanziellen Risiken im Alter.,"ABU Smartlearn Quiz 1. Teil, Moodle-XHTML-Export, hochgeladene Referenzdatei",user_upload:quiz-ABU_Smartlearn_1.Teil-top-20260519-0952.html
abu,Allgemeinbildender Unterricht ABU,abu_l05,ABU,L05,"Erwerbsarbeit, Arbeitsvertrag und Sozialpartnerschaft",medium,single_choice,Worauf muss man beim Thema Altersvorsorge besonders achten?,sie ist ein Kaufvertrag,sie sichert Einkommen im Alter über verschiedene Säulen,sie ersetzt die Demokratie,sie ist nur Taschengeld,B,Altersvorsorge schützt vor finanziellen Risiken im Alter.,"ABU Smartlearn Quiz 1. Teil, Moodle-XHTML-Export, hochgeladene Referenzdatei",user_upload:quiz-ABU_Smartlearn_1.Teil-top-20260519-0952.html
abu,Allgemeinbildender Unterricht ABU,abu_l05,ABU,L05,"Erwerbsarbeit, Arbeitsvertrag und Sozialpartnerschaft",hard,single_choice,Welche Aussage zu Altersvorsorge ist fachlich am korrektesten?,sie ist ein Kaufvertrag,sie ersetzt die Demokratie,sie sichert Einkommen im Alter über verschiedene Säulen,sie ist nur Taschengeld,C,Altersvorsorge schützt vor finanziellen Risiken im Alter.,"ABU Smartlearn Quiz 1. Teil, Moodle-XHTML-Export, hochgeladene Referenzdatei",user_upload:quiz-ABU_Smartlearn_1.Teil-top-20260519-0952.html
abu,Allgemeinbildender Unterricht ABU,abu_l05,ABU,L05,"Erwerbsarbeit, Arbeitsvertrag und Sozialpartnerschaft",easy,single_choice,Welche Antwort passt zum Begriff Altersvorsorge?,sie ist ein Kaufvertrag,sie ersetzt die Demokratie,sie ist nur Taschengeld,sie sichert Einkommen im Alter über verschiedene Säulen,D,Altersvorsorge schützt vor finanziellen Risiken im Alter.,"ABU Smartlearn Quiz 1. Teil, Moodle-XHTML-Export, hochgeladene Referenzdatei",user_upload:quiz-ABU_Smartlearn_1.Teil-top-20260519-0952.html
abu,Allgemeinbildender Unterricht ABU,abu_l05,ABU,L05,"Erwerbsarbeit, Arbeitsvertrag und Sozialpartnerschaft",medium,single_choice,Welche praktische Bedeutung hat Altersvorsorge für Lernende?,sie sichert Einkommen im Alter über verschiedene Säulen,sie ist ein Kaufvertrag,sie ersetzt die Demokratie,sie ist nur Taschengeld,A,Altersvorsorge schützt vor finanziellen Risiken im Alter.,"ABU Smartlearn Quiz 1. Teil, Moodle-XHTML-Export, hochgeladene Referenzdatei",user_upload:quiz-ABU_Smartlearn_1.Teil-top-20260519-0952.html
abu,Allgemeinbildender Unterricht ABU,abu_l05,ABU,L05,"Erwerbsarbeit, Arbeitsvertrag und Sozialpartnerschaft",hard,single_choice,Welche Erklärung zu Altersvorsorge ist im gesellschaftlichen und rechtlichen Kontext richtig?,sie ist ein Kaufvertrag,sie sichert Einkommen im Alter über verschiedene Säulen,sie ersetzt die Demokratie,sie ist nur Taschengeld,B,Altersvorsorge schützt vor finanziellen Risiken im Alter.,"ABU Smartlearn Quiz 1. Teil, Moodle-XHTML-Export, hochgeladene Referenzdatei",user_upload:quiz-ABU_Smartlearn_1.Teil-top-20260519-0952.html
abu,Allgemeinbildender Unterricht ABU,abu_l05,ABU,L05,"Erwerbsarbeit, Arbeitsvertrag und Sozialpartnerschaft",easy,single_choice,Was ist bei Altersvorsorge grundsätzlich richtig?,sie ist ein Kaufvertrag,sie ersetzt die Demokratie,sie sichert Einkommen im Alter über verschiedene Säulen,sie ist nur Taschengeld,C,Altersvorsorge schützt vor finanziellen Risiken im Alter.,"ABU Smartlearn Quiz 1. Teil, Moodle-XHTML-Export, hochgeladene Referenzdatei",user_upload:quiz-ABU_Smartlearn_1.Teil-top-20260519-0952.html
abu,Allgemeinbildender Unterricht ABU,abu_l05,ABU,L05,"Erwerbsarbeit, Arbeitsvertrag und Sozialpartnerschaft",medium,single_choice,Welche Aussage zeigt ein korrektes Verständnis von Altersvorsorge?,sie ist ein Kaufvertrag,sie ersetzt die Demokratie,sie ist nur Taschengeld,sie sichert Einkommen im Alter über verschiedene Säulen,D,Altersvorsorge schützt vor finanziellen Risiken im Alter.,"ABU Smartlearn Quiz 1. Teil, Moodle-XHTML-Export, hochgeladene Referenzdatei",user_upload:quiz-ABU_Smartlearn_1.Teil-top-20260519-0952.html
abu,Allgemeinbildender Unterricht ABU,abu_l05,ABU,L05,"Erwerbsarbeit, Arbeitsvertrag und Sozialpartnerschaft",hard,single_choice,Welche Aussage grenzt Altersvorsorge am präzisesten von falschen Vorstellungen ab?,sie sichert Einkommen im Alter über verschiedene Säulen,sie ist ein Kaufvertrag,sie ersetzt die Demokratie,sie ist nur Taschengeld,A,Altersvorsorge schützt vor finanziellen Risiken im Alter.,"ABU Smartlearn Quiz 1. Teil, Moodle-XHTML-Export, hochgeladene Referenzdatei",user_upload:quiz-ABU_Smartlearn_1.Teil-top-20260519-0952.html
abu,Allgemeinbildender Unterricht ABU,abu_l05,ABU,L05,"Erwerbsarbeit, Arbeitsvertrag und Sozialpartnerschaft",easy,single_choice,Welche Kurzdefinition passt zu Altersvorsorge?,sie ist ein Kaufvertrag,sie sichert Einkommen im Alter über verschiedene Säulen,sie ersetzt die Demokratie,sie ist nur Taschengeld,B,Altersvorsorge schützt vor finanziellen Risiken im Alter.,"ABU Smartlearn Quiz 1. Teil, Moodle-XHTML-Export, hochgeladene Referenzdatei",user_upload:quiz-ABU_Smartlearn_1.Teil-top-20260519-0952.html
abu,Allgemeinbildender Unterricht ABU,abu_l05,ABU,L05,"Erwerbsarbeit, Arbeitsvertrag und Sozialpartnerschaft",easy,single_choice,Welche Aussage beschreibt Drei-Säulen-Prinzip im ABU am besten?,alle Säulen sind identisch,es betrifft nur Mietrecht,"staatliche, berufliche und private Vorsorge ergänzen sich",es verbietet Sparen,C,Das Drei-Säulen-Prinzip ist zentral in der Schweiz.,"ABU Smartlearn Quiz 1. Teil, Moodle-XHTML-Export, hochgeladene Referenzdatei",user_upload:quiz-ABU_Smartlearn_1.Teil-top-20260519-0952.html
abu,Allgemeinbildender Unterricht ABU,abu_l05,ABU,L05,"Erwerbsarbeit, Arbeitsvertrag und Sozialpartnerschaft",medium,single_choice,Worauf muss man beim Thema Drei-Säulen-Prinzip besonders achten?,alle Säulen sind identisch,es betrifft nur Mietrecht,es verbietet Sparen,"staatliche, berufliche und private Vorsorge ergänzen sich",D,Das Drei-Säulen-Prinzip ist zentral in der Schweiz.,"ABU Smartlearn Quiz 1. Teil, Moodle-XHTML-Export, hochgeladene Referenzdatei",user_upload:quiz-ABU_Smartlearn_1.Teil-top-20260519-0952.html
abu,Allgemeinbildender Unterricht ABU,abu_l05,ABU,L05,"Erwerbsarbeit, Arbeitsvertrag und Sozialpartnerschaft",hard,single_choice,Welche Aussage zu Drei-Säulen-Prinzip ist fachlich am korrektesten?,"staatliche, berufliche und private Vorsorge ergänzen sich",alle Säulen sind identisch,es betrifft nur Mietrecht,es verbietet Sparen,A,Das Drei-Säulen-Prinzip ist zentral in der Schweiz.,"ABU Smartlearn Quiz 1. Teil, Moodle-XHTML-Export, hochgeladene Referenzdatei",user_upload:quiz-ABU_Smartlearn_1.Teil-top-20260519-0952.html
abu,Allgemeinbildender Unterricht ABU,abu_l05,ABU,L05,"Erwerbsarbeit, Arbeitsvertrag und Sozialpartnerschaft",easy,single_choice,Welche Antwort passt zum Begriff Drei-Säulen-Prinzip?,alle Säulen sind identisch,"staatliche, berufliche und private Vorsorge ergänzen sich",es betrifft nur Mietrecht,es verbietet Sparen,B,Das Drei-Säulen-Prinzip ist zentral in der Schweiz.,"ABU Smartlearn Quiz 1. Teil, Moodle-XHTML-Export, hochgeladene Referenzdatei",user_upload:quiz-ABU_Smartlearn_1.Teil-top-20260519-0952.html
abu,Allgemeinbildender Unterricht ABU,abu_l05,ABU,L05,"Erwerbsarbeit, Arbeitsvertrag und Sozialpartnerschaft",medium,single_choice,Welche praktische Bedeutung hat Drei-Säulen-Prinzip für Lernende?,alle Säulen sind identisch,es betrifft nur Mietrecht,"staatliche, berufliche und private Vorsorge ergänzen sich",es verbietet Sparen,C,Das Drei-Säulen-Prinzip ist zentral in der Schweiz.,"ABU Smartlearn Quiz 1. Teil, Moodle-XHTML-Export, hochgeladene Referenzdatei",user_upload:quiz-ABU_Smartlearn_1.Teil-top-20260519-0952.html
abu,Allgemeinbildender Unterricht ABU,abu_l05,ABU,L05,"Erwerbsarbeit, Arbeitsvertrag und Sozialpartnerschaft",hard,single_choice,Welche Erklärung zu Drei-Säulen-Prinzip ist im gesellschaftlichen und rechtlichen Kontext richtig?,alle Säulen sind identisch,es betrifft nur Mietrecht,es verbietet Sparen,"staatliche, berufliche und private Vorsorge ergänzen sich",D,Das Drei-Säulen-Prinzip ist zentral in der Schweiz.,"ABU Smartlearn Quiz 1. Teil, Moodle-XHTML-Export, hochgeladene Referenzdatei",user_upload:quiz-ABU_Smartlearn_1.Teil-top-20260519-0952.html
abu,Allgemeinbildender Unterricht ABU,abu_l05,ABU,L05,"Erwerbsarbeit, Arbeitsvertrag und Sozialpartnerschaft",easy,single_choice,Was ist bei Drei-Säulen-Prinzip grundsätzlich richtig?,"staatliche, berufliche und private Vorsorge ergänzen sich",alle Säulen sind identisch,es betrifft nur Mietrecht,es verbietet Sparen,A,Das Drei-Säulen-Prinzip ist zentral in der Schweiz.,"ABU Smartlearn Quiz 1. Teil, Moodle-XHTML-Export, hochgeladene Referenzdatei",user_upload:quiz-ABU_Smartlearn_1.Teil-top-20260519-0952.html
abu,Allgemeinbildender Unterricht ABU,abu_l05,ABU,L05,"Erwerbsarbeit, Arbeitsvertrag und Sozialpartnerschaft",medium,single_choice,Welche Aussage zeigt ein korrektes Verständnis von Drei-Säulen-Prinzip?,alle Säulen sind identisch,"staatliche, berufliche und private Vorsorge ergänzen sich",es betrifft nur Mietrecht,es verbietet Sparen,B,Das Drei-Säulen-Prinzip ist zentral in der Schweiz.,"ABU Smartlearn Quiz 1. Teil, Moodle-XHTML-Export, hochgeladene Referenzdatei",user_upload:quiz-ABU_Smartlearn_1.Teil-top-20260519-0952.html
abu,Allgemeinbildender Unterricht ABU,abu_l05,ABU,L05,"Erwerbsarbeit, Arbeitsvertrag und Sozialpartnerschaft",hard,single_choice,Welche Aussage grenzt Drei-Säulen-Prinzip am präzisesten von falschen Vorstellungen ab?,alle Säulen sind identisch,es betrifft nur Mietrecht,"staatliche, berufliche und private Vorsorge ergänzen sich",es verbietet Sparen,C,Das Drei-Säulen-Prinzip ist zentral in der Schweiz.,"ABU Smartlearn Quiz 1. Teil, Moodle-XHTML-Export, hochgeladene Referenzdatei",user_upload:quiz-ABU_Smartlearn_1.Teil-top-20260519-0952.html
abu,Allgemeinbildender Unterricht ABU,abu_l05,ABU,L05,"Erwerbsarbeit, Arbeitsvertrag und Sozialpartnerschaft",easy,single_choice,Welche Kurzdefinition passt zu Drei-Säulen-Prinzip?,alle Säulen sind identisch,es betrifft nur Mietrecht,es verbietet Sparen,"staatliche, berufliche und private Vorsorge ergänzen sich",D,Das Drei-Säulen-Prinzip ist zentral in der Schweiz.,"ABU Smartlearn Quiz 1. Teil, Moodle-XHTML-Export, hochgeladene Referenzdatei",user_upload:quiz-ABU_Smartlearn_1.Teil-top-20260519-0952.html
abu,Allgemeinbildender Unterricht ABU,abu_l06,ABU,L06,Geld und Unternehmen: Wirtschaftskreislauf und Wertschöpfung,easy,single_choice,Welche Aussage beschreibt Bedürfnis im ABU am besten?,ein Mangelgefühl oder Wunsch soll befriedigt werden,es ist immer ein Gesetz,es ist ein Lohnzettel,es ist eine Wahlurne,A,Bedürfnisse sind Ausgangspunkt wirtschaftlichen Handelns.,"ABU Smartlearn Quiz 1. Teil, Moodle-XHTML-Export, hochgeladene Referenzdatei",user_upload:quiz-ABU_Smartlearn_1.Teil-top-20260519-0952.html
abu,Allgemeinbildender Unterricht ABU,abu_l06,ABU,L06,Geld und Unternehmen: Wirtschaftskreislauf und Wertschöpfung,medium,single_choice,Worauf muss man beim Thema Bedürfnis besonders achten?,es ist immer ein Gesetz,ein Mangelgefühl oder Wunsch soll befriedigt werden,es ist ein Lohnzettel,es ist eine Wahlurne,B,Bedürfnisse sind Ausgangspunkt wirtschaftlichen Handelns.,"ABU Smartlearn Quiz 1. Teil, Moodle-XHTML-Export, hochgeladene Referenzdatei",user_upload:quiz-ABU_Smartlearn_1.Teil-top-20260519-0952.html
abu,Allgemeinbildender Unterricht ABU,abu_l06,ABU,L06,Geld und Unternehmen: Wirtschaftskreislauf und Wertschöpfung,hard,single_choice,Welche Aussage zu Bedürfnis ist fachlich am korrektesten?,es ist immer ein Gesetz,es ist ein Lohnzettel,ein Mangelgefühl oder Wunsch soll befriedigt werden,es ist eine Wahlurne,C,Bedürfnisse sind Ausgangspunkt wirtschaftlichen Handelns.,"ABU Smartlearn Quiz 1. Teil, Moodle-XHTML-Export, hochgeladene Referenzdatei",user_upload:quiz-ABU_Smartlearn_1.Teil-top-20260519-0952.html
abu,Allgemeinbildender Unterricht ABU,abu_l06,ABU,L06,Geld und Unternehmen: Wirtschaftskreislauf und Wertschöpfung,easy,single_choice,Welche Antwort passt zum Begriff Bedürfnis?,es ist immer ein Gesetz,es ist ein Lohnzettel,es ist eine Wahlurne,ein Mangelgefühl oder Wunsch soll befriedigt werden,D,Bedürfnisse sind Ausgangspunkt wirtschaftlichen Handelns.,"ABU Smartlearn Quiz 1. Teil, Moodle-XHTML-Export, hochgeladene Referenzdatei",user_upload:quiz-ABU_Smartlearn_1.Teil-top-20260519-0952.html
abu,Allgemeinbildender Unterricht ABU,abu_l06,ABU,L06,Geld und Unternehmen: Wirtschaftskreislauf und Wertschöpfung,medium,single_choice,Welche praktische Bedeutung hat Bedürfnis für Lernende?,ein Mangelgefühl oder Wunsch soll befriedigt werden,es ist immer ein Gesetz,es ist ein Lohnzettel,es ist eine Wahlurne,A,Bedürfnisse sind Ausgangspunkt wirtschaftlichen Handelns.,"ABU Smartlearn Quiz 1. Teil, Moodle-XHTML-Export, hochgeladene Referenzdatei",user_upload:quiz-ABU_Smartlearn_1.Teil-top-20260519-0952.html
abu,Allgemeinbildender Unterricht ABU,abu_l06,ABU,L06,Geld und Unternehmen: Wirtschaftskreislauf und Wertschöpfung,hard,single_choice,Welche Erklärung zu Bedürfnis ist im gesellschaftlichen und rechtlichen Kontext richtig?,es ist immer ein Gesetz,ein Mangelgefühl oder Wunsch soll befriedigt werden,es ist ein Lohnzettel,es ist eine Wahlurne,B,Bedürfnisse sind Ausgangspunkt wirtschaftlichen Handelns.,"ABU Smartlearn Quiz 1. Teil, Moodle-XHTML-Export, hochgeladene Referenzdatei",user_upload:quiz-ABU_Smartlearn_1.Teil-top-20260519-0952.html
abu,Allgemeinbildender Unterricht ABU,abu_l06,ABU,L06,Geld und Unternehmen: Wirtschaftskreislauf und Wertschöpfung,easy,single_choice,Was ist bei Bedürfnis grundsätzlich richtig?,es ist immer ein Gesetz,es ist ein Lohnzettel,ein Mangelgefühl oder Wunsch soll befriedigt werden,es ist eine Wahlurne,C,Bedürfnisse sind Ausgangspunkt wirtschaftlichen Handelns.,"ABU Smartlearn Quiz 1. Teil, Moodle-XHTML-Export, hochgeladene Referenzdatei",user_upload:quiz-ABU_Smartlearn_1.Teil-top-20260519-0952.html
abu,Allgemeinbildender Unterricht ABU,abu_l06,ABU,L06,Geld und Unternehmen: Wirtschaftskreislauf und Wertschöpfung,medium,single_choice,Welche Aussage zeigt ein korrektes Verständnis von Bedürfnis?,es ist immer ein Gesetz,es ist ein Lohnzettel,es ist eine Wahlurne,ein Mangelgefühl oder Wunsch soll befriedigt werden,D,Bedürfnisse sind Ausgangspunkt wirtschaftlichen Handelns.,"ABU Smartlearn Quiz 1. Teil, Moodle-XHTML-Export, hochgeladene Referenzdatei",user_upload:quiz-ABU_Smartlearn_1.Teil-top-20260519-0952.html
abu,Allgemeinbildender Unterricht ABU,abu_l06,ABU,L06,Geld und Unternehmen: Wirtschaftskreislauf und Wertschöpfung,hard,single_choice,Welche Aussage grenzt Bedürfnis am präzisesten von falschen Vorstellungen ab?,ein Mangelgefühl oder Wunsch soll befriedigt werden,es ist immer ein Gesetz,es ist ein Lohnzettel,es ist eine Wahlurne,A,Bedürfnisse sind Ausgangspunkt wirtschaftlichen Handelns.,"ABU Smartlearn Quiz 1. Teil, Moodle-XHTML-Export, hochgeladene Referenzdatei",user_upload:quiz-ABU_Smartlearn_1.Teil-top-20260519-0952.html
abu,Allgemeinbildender Unterricht ABU,abu_l06,ABU,L06,Geld und Unternehmen: Wirtschaftskreislauf und Wertschöpfung,easy,single_choice,Welche Kurzdefinition passt zu Bedürfnis?,es ist immer ein Gesetz,ein Mangelgefühl oder Wunsch soll befriedigt werden,es ist ein Lohnzettel,es ist eine Wahlurne,B,Bedürfnisse sind Ausgangspunkt wirtschaftlichen Handelns.,"ABU Smartlearn Quiz 1. Teil, Moodle-XHTML-Export, hochgeladene Referenzdatei",user_upload:quiz-ABU_Smartlearn_1.Teil-top-20260519-0952.html
abu,Allgemeinbildender Unterricht ABU,abu_l06,ABU,L06,Geld und Unternehmen: Wirtschaftskreislauf und Wertschöpfung,easy,single_choice,Welche Aussage beschreibt Bedürfnisbefriedigung im ABU am besten?,Schulden werden automatisch gelöscht,Wahlen werden gezählt,Güter und Dienstleistungen decken Bedürfnisse,Mietfristen entstehen,C,Wirtschaft dient der Versorgung mit Gütern und Dienstleistungen.,"ABU Smartlearn Quiz 1. Teil, Moodle-XHTML-Export, hochgeladene Referenzdatei",user_upload:quiz-ABU_Smartlearn_1.Teil-top-20260519-0952.html
abu,Allgemeinbildender Unterricht ABU,abu_l06,ABU,L06,Geld und Unternehmen: Wirtschaftskreislauf und Wertschöpfung,medium,single_choice,Worauf muss man beim Thema Bedürfnisbefriedigung besonders achten?,Schulden werden automatisch gelöscht,Wahlen werden gezählt,Mietfristen entstehen,Güter und Dienstleistungen decken Bedürfnisse,D,Wirtschaft dient der Versorgung mit Gütern und Dienstleistungen.,"ABU Smartlearn Quiz 1. Teil, Moodle-XHTML-Export, hochgeladene Referenzdatei",user_upload:quiz-ABU_Smartlearn_1.Teil-top-20260519-0952.html
abu,Allgemeinbildender Unterricht ABU,abu_l06,ABU,L06,Geld und Unternehmen: Wirtschaftskreislauf und Wertschöpfung,hard,single_choice,Welche Aussage zu Bedürfnisbefriedigung ist fachlich am korrektesten?,Güter und Dienstleistungen decken Bedürfnisse,Schulden werden automatisch gelöscht,Wahlen werden gezählt,Mietfristen entstehen,A,Wirtschaft dient der Versorgung mit Gütern und Dienstleistungen.,"ABU Smartlearn Quiz 1. Teil, Moodle-XHTML-Export, hochgeladene Referenzdatei",user_upload:quiz-ABU_Smartlearn_1.Teil-top-20260519-0952.html
abu,Allgemeinbildender Unterricht ABU,abu_l06,ABU,L06,Geld und Unternehmen: Wirtschaftskreislauf und Wertschöpfung,easy,single_choice,Welche Antwort passt zum Begriff Bedürfnisbefriedigung?,Schulden werden automatisch gelöscht,Güter und Dienstleistungen decken Bedürfnisse,Wahlen werden gezählt,Mietfristen entstehen,B,Wirtschaft dient der Versorgung mit Gütern und Dienstleistungen.,"ABU Smartlearn Quiz 1. Teil, Moodle-XHTML-Export, hochgeladene Referenzdatei",user_upload:quiz-ABU_Smartlearn_1.Teil-top-20260519-0952.html
abu,Allgemeinbildender Unterricht ABU,abu_l06,ABU,L06,Geld und Unternehmen: Wirtschaftskreislauf und Wertschöpfung,medium,single_choice,Welche praktische Bedeutung hat Bedürfnisbefriedigung für Lernende?,Schulden werden automatisch gelöscht,Wahlen werden gezählt,Güter und Dienstleistungen decken Bedürfnisse,Mietfristen entstehen,C,Wirtschaft dient der Versorgung mit Gütern und Dienstleistungen.,"ABU Smartlearn Quiz 1. Teil, Moodle-XHTML-Export, hochgeladene Referenzdatei",user_upload:quiz-ABU_Smartlearn_1.Teil-top-20260519-0952.html
abu,Allgemeinbildender Unterricht ABU,abu_l06,ABU,L06,Geld und Unternehmen: Wirtschaftskreislauf und Wertschöpfung,hard,single_choice,Welche Erklärung zu Bedürfnisbefriedigung ist im gesellschaftlichen und rechtlichen Kontext richtig?,Schulden werden automatisch gelöscht,Wahlen werden gezählt,Mietfristen entstehen,Güter und Dienstleistungen decken Bedürfnisse,D,Wirtschaft dient der Versorgung mit Gütern und Dienstleistungen.,"ABU Smartlearn Quiz 1. Teil, Moodle-XHTML-Export, hochgeladene Referenzdatei",user_upload:quiz-ABU_Smartlearn_1.Teil-top-20260519-0952.html
abu,Allgemeinbildender Unterricht ABU,abu_l06,ABU,L06,Geld und Unternehmen: Wirtschaftskreislauf und Wertschöpfung,easy,single_choice,Was ist bei Bedürfnisbefriedigung grundsätzlich richtig?,Güter und Dienstleistungen decken Bedürfnisse,Schulden werden automatisch gelöscht,Wahlen werden gezählt,Mietfristen entstehen,A,Wirtschaft dient der Versorgung mit Gütern und Dienstleistungen.,"ABU Smartlearn Quiz 1. Teil, Moodle-XHTML-Export, hochgeladene Referenzdatei",user_upload:quiz-ABU_Smartlearn_1.Teil-top-20260519-0952.html
abu,Allgemeinbildender Unterricht ABU,abu_l06,ABU,L06,Geld und Unternehmen: Wirtschaftskreislauf und Wertschöpfung,medium,single_choice,Welche Aussage zeigt ein korrektes Verständnis von Bedürfnisbefriedigung?,Schulden werden automatisch gelöscht,Güter und Dienstleistungen decken Bedürfnisse,Wahlen werden gezählt,Mietfristen entstehen,B,Wirtschaft dient der Versorgung mit Gütern und Dienstleistungen.,"ABU Smartlearn Quiz 1. Teil, Moodle-XHTML-Export, hochgeladene Referenzdatei",user_upload:quiz-ABU_Smartlearn_1.Teil-top-20260519-0952.html
abu,Allgemeinbildender Unterricht ABU,abu_l06,ABU,L06,Geld und Unternehmen: Wirtschaftskreislauf und Wertschöpfung,hard,single_choice,Welche Aussage grenzt Bedürfnisbefriedigung am präzisesten von falschen Vorstellungen ab?,Schulden werden automatisch gelöscht,Wahlen werden gezählt,Güter und Dienstleistungen decken Bedürfnisse,Mietfristen entstehen,C,Wirtschaft dient der Versorgung mit Gütern und Dienstleistungen.,"ABU Smartlearn Quiz 1. Teil, Moodle-XHTML-Export, hochgeladene Referenzdatei",user_upload:quiz-ABU_Smartlearn_1.Teil-top-20260519-0952.html
abu,Allgemeinbildender Unterricht ABU,abu_l06,ABU,L06,Geld und Unternehmen: Wirtschaftskreislauf und Wertschöpfung,easy,single_choice,Welche Kurzdefinition passt zu Bedürfnisbefriedigung?,Schulden werden automatisch gelöscht,Wahlen werden gezählt,Mietfristen entstehen,Güter und Dienstleistungen decken Bedürfnisse,D,Wirtschaft dient der Versorgung mit Gütern und Dienstleistungen.,"ABU Smartlearn Quiz 1. Teil, Moodle-XHTML-Export, hochgeladene Referenzdatei",user_upload:quiz-ABU_Smartlearn_1.Teil-top-20260519-0952.html
abu,Allgemeinbildender Unterricht ABU,abu_l06,ABU,L06,Geld und Unternehmen: Wirtschaftskreislauf und Wertschöpfung,easy,single_choice,Welche Aussage beschreibt Produktionsfaktoren im ABU am besten?,"Arbeit, Kapital, Boden und Wissen ermöglichen Produktion",nur Münzen zählen,nur Stimmzettel zählen,nur Erbschaften zählen,A,Unternehmen kombinieren Produktionsfaktoren.,"ABU Smartlearn Quiz 1. Teil, Moodle-XHTML-Export, hochgeladene Referenzdatei",user_upload:quiz-ABU_Smartlearn_1.Teil-top-20260519-0952.html
abu,Allgemeinbildender Unterricht ABU,abu_l06,ABU,L06,Geld und Unternehmen: Wirtschaftskreislauf und Wertschöpfung,medium,single_choice,Worauf muss man beim Thema Produktionsfaktoren besonders achten?,nur Münzen zählen,"Arbeit, Kapital, Boden und Wissen ermöglichen Produktion",nur Stimmzettel zählen,nur Erbschaften zählen,B,Unternehmen kombinieren Produktionsfaktoren.,"ABU Smartlearn Quiz 1. Teil, Moodle-XHTML-Export, hochgeladene Referenzdatei",user_upload:quiz-ABU_Smartlearn_1.Teil-top-20260519-0952.html
abu,Allgemeinbildender Unterricht ABU,abu_l06,ABU,L06,Geld und Unternehmen: Wirtschaftskreislauf und Wertschöpfung,hard,single_choice,Welche Aussage zu Produktionsfaktoren ist fachlich am korrektesten?,nur Münzen zählen,nur Stimmzettel zählen,"Arbeit, Kapital, Boden und Wissen ermöglichen Produktion",nur Erbschaften zählen,C,Unternehmen kombinieren Produktionsfaktoren.,"ABU Smartlearn Quiz 1. Teil, Moodle-XHTML-Export, hochgeladene Referenzdatei",user_upload:quiz-ABU_Smartlearn_1.Teil-top-20260519-0952.html
abu,Allgemeinbildender Unterricht ABU,abu_l06,ABU,L06,Geld und Unternehmen: Wirtschaftskreislauf und Wertschöpfung,easy,single_choice,Welche Antwort passt zum Begriff Produktionsfaktoren?,nur Münzen zählen,nur Stimmzettel zählen,nur Erbschaften zählen,"Arbeit, Kapital, Boden und Wissen ermöglichen Produktion",D,Unternehmen kombinieren Produktionsfaktoren.,"ABU Smartlearn Quiz 1. Teil, Moodle-XHTML-Export, hochgeladene Referenzdatei",user_upload:quiz-ABU_Smartlearn_1.Teil-top-20260519-0952.html
abu,Allgemeinbildender Unterricht ABU,abu_l06,ABU,L06,Geld und Unternehmen: Wirtschaftskreislauf und Wertschöpfung,medium,single_choice,Welche praktische Bedeutung hat Produktionsfaktoren für Lernende?,"Arbeit, Kapital, Boden und Wissen ermöglichen Produktion",nur Münzen zählen,nur Stimmzettel zählen,nur Erbschaften zählen,A,Unternehmen kombinieren Produktionsfaktoren.,"ABU Smartlearn Quiz 1. Teil, Moodle-XHTML-Export, hochgeladene Referenzdatei",user_upload:quiz-ABU_Smartlearn_1.Teil-top-20260519-0952.html
abu,Allgemeinbildender Unterricht ABU,abu_l06,ABU,L06,Geld und Unternehmen: Wirtschaftskreislauf und Wertschöpfung,hard,single_choice,Welche Erklärung zu Produktionsfaktoren ist im gesellschaftlichen und rechtlichen Kontext richtig?,nur Münzen zählen,"Arbeit, Kapital, Boden und Wissen ermöglichen Produktion",nur Stimmzettel zählen,nur Erbschaften zählen,B,Unternehmen kombinieren Produktionsfaktoren.,"ABU Smartlearn Quiz 1. Teil, Moodle-XHTML-Export, hochgeladene Referenzdatei",user_upload:quiz-ABU_Smartlearn_1.Teil-top-20260519-0952.html
abu,Allgemeinbildender Unterricht ABU,abu_l06,ABU,L06,Geld und Unternehmen: Wirtschaftskreislauf und Wertschöpfung,easy,single_choice,Was ist bei Produktionsfaktoren grundsätzlich richtig?,nur Münzen zählen,nur Stimmzettel zählen,"Arbeit, Kapital, Boden und Wissen ermöglichen Produktion",nur Erbschaften zählen,C,Unternehmen kombinieren Produktionsfaktoren.,"ABU Smartlearn Quiz 1. Teil, Moodle-XHTML-Export, hochgeladene Referenzdatei",user_upload:quiz-ABU_Smartlearn_1.Teil-top-20260519-0952.html
abu,Allgemeinbildender Unterricht ABU,abu_l06,ABU,L06,Geld und Unternehmen: Wirtschaftskreislauf und Wertschöpfung,medium,single_choice,Welche Aussage zeigt ein korrektes Verständnis von Produktionsfaktoren?,nur Münzen zählen,nur Stimmzettel zählen,nur Erbschaften zählen,"Arbeit, Kapital, Boden und Wissen ermöglichen Produktion",D,Unternehmen kombinieren Produktionsfaktoren.,"ABU Smartlearn Quiz 1. Teil, Moodle-XHTML-Export, hochgeladene Referenzdatei",user_upload:quiz-ABU_Smartlearn_1.Teil-top-20260519-0952.html
abu,Allgemeinbildender Unterricht ABU,abu_l06,ABU,L06,Geld und Unternehmen: Wirtschaftskreislauf und Wertschöpfung,hard,single_choice,Welche Aussage grenzt Produktionsfaktoren am präzisesten von falschen Vorstellungen ab?,"Arbeit, Kapital, Boden und Wissen ermöglichen Produktion",nur Münzen zählen,nur Stimmzettel zählen,nur Erbschaften zählen,A,Unternehmen kombinieren Produktionsfaktoren.,"ABU Smartlearn Quiz 1. Teil, Moodle-XHTML-Export, hochgeladene Referenzdatei",user_upload:quiz-ABU_Smartlearn_1.Teil-top-20260519-0952.html
abu,Allgemeinbildender Unterricht ABU,abu_l06,ABU,L06,Geld und Unternehmen: Wirtschaftskreislauf und Wertschöpfung,easy,single_choice,Welche Kurzdefinition passt zu Produktionsfaktoren?,nur Münzen zählen,"Arbeit, Kapital, Boden und Wissen ermöglichen Produktion",nur Stimmzettel zählen,nur Erbschaften zählen,B,Unternehmen kombinieren Produktionsfaktoren.,"ABU Smartlearn Quiz 1. Teil, Moodle-XHTML-Export, hochgeladene Referenzdatei",user_upload:quiz-ABU_Smartlearn_1.Teil-top-20260519-0952.html
abu,Allgemeinbildender Unterricht ABU,abu_l06,ABU,L06,Geld und Unternehmen: Wirtschaftskreislauf und Wertschöpfung,easy,single_choice,Welche Aussage beschreibt Wertschöpfung im ABU am besten?,Wert wird immer vernichtet,sie ist ein Gerichtsurteil,durch Produktion entsteht ein Mehrwert gegenüber Vorleistungen,sie ist ein Mietmangel,C,Wertschöpfung misst wirtschaftliche Leistung.,"ABU Smartlearn Quiz 1. Teil, Moodle-XHTML-Export, hochgeladene Referenzdatei",user_upload:quiz-ABU_Smartlearn_1.Teil-top-20260519-0952.html
abu,Allgemeinbildender Unterricht ABU,abu_l06,ABU,L06,Geld und Unternehmen: Wirtschaftskreislauf und Wertschöpfung,medium,single_choice,Worauf muss man beim Thema Wertschöpfung besonders achten?,Wert wird immer vernichtet,sie ist ein Gerichtsurteil,sie ist ein Mietmangel,durch Produktion entsteht ein Mehrwert gegenüber Vorleistungen,D,Wertschöpfung misst wirtschaftliche Leistung.,"ABU Smartlearn Quiz 1. Teil, Moodle-XHTML-Export, hochgeladene Referenzdatei",user_upload:quiz-ABU_Smartlearn_1.Teil-top-20260519-0952.html
abu,Allgemeinbildender Unterricht ABU,abu_l06,ABU,L06,Geld und Unternehmen: Wirtschaftskreislauf und Wertschöpfung,hard,single_choice,Welche Aussage zu Wertschöpfung ist fachlich am korrektesten?,durch Produktion entsteht ein Mehrwert gegenüber Vorleistungen,Wert wird immer vernichtet,sie ist ein Gerichtsurteil,sie ist ein Mietmangel,A,Wertschöpfung misst wirtschaftliche Leistung.,"ABU Smartlearn Quiz 1. Teil, Moodle-XHTML-Export, hochgeladene Referenzdatei",user_upload:quiz-ABU_Smartlearn_1.Teil-top-20260519-0952.html
abu,Allgemeinbildender Unterricht ABU,abu_l06,ABU,L06,Geld und Unternehmen: Wirtschaftskreislauf und Wertschöpfung,easy,single_choice,Welche Antwort passt zum Begriff Wertschöpfung?,Wert wird immer vernichtet,durch Produktion entsteht ein Mehrwert gegenüber Vorleistungen,sie ist ein Gerichtsurteil,sie ist ein Mietmangel,B,Wertschöpfung misst wirtschaftliche Leistung.,"ABU Smartlearn Quiz 1. Teil, Moodle-XHTML-Export, hochgeladene Referenzdatei",user_upload:quiz-ABU_Smartlearn_1.Teil-top-20260519-0952.html
abu,Allgemeinbildender Unterricht ABU,abu_l06,ABU,L06,Geld und Unternehmen: Wirtschaftskreislauf und Wertschöpfung,medium,single_choice,Welche praktische Bedeutung hat Wertschöpfung für Lernende?,Wert wird immer vernichtet,sie ist ein Gerichtsurteil,durch Produktion entsteht ein Mehrwert gegenüber Vorleistungen,sie ist ein Mietmangel,C,Wertschöpfung misst wirtschaftliche Leistung.,"ABU Smartlearn Quiz 1. Teil, Moodle-XHTML-Export, hochgeladene Referenzdatei",user_upload:quiz-ABU_Smartlearn_1.Teil-top-20260519-0952.html
abu,Allgemeinbildender Unterricht ABU,abu_l06,ABU,L06,Geld und Unternehmen: Wirtschaftskreislauf und Wertschöpfung,hard,single_choice,Welche Erklärung zu Wertschöpfung ist im gesellschaftlichen und rechtlichen Kontext richtig?,Wert wird immer vernichtet,sie ist ein Gerichtsurteil,sie ist ein Mietmangel,durch Produktion entsteht ein Mehrwert gegenüber Vorleistungen,D,Wertschöpfung misst wirtschaftliche Leistung.,"ABU Smartlearn Quiz 1. Teil, Moodle-XHTML-Export, hochgeladene Referenzdatei",user_upload:quiz-ABU_Smartlearn_1.Teil-top-20260519-0952.html
abu,Allgemeinbildender Unterricht ABU,abu_l06,ABU,L06,Geld und Unternehmen: Wirtschaftskreislauf und Wertschöpfung,easy,single_choice,Was ist bei Wertschöpfung grundsätzlich richtig?,durch Produktion entsteht ein Mehrwert gegenüber Vorleistungen,Wert wird immer vernichtet,sie ist ein Gerichtsurteil,sie ist ein Mietmangel,A,Wertschöpfung misst wirtschaftliche Leistung.,"ABU Smartlearn Quiz 1. Teil, Moodle-XHTML-Export, hochgeladene Referenzdatei",user_upload:quiz-ABU_Smartlearn_1.Teil-top-20260519-0952.html
abu,Allgemeinbildender Unterricht ABU,abu_l06,ABU,L06,Geld und Unternehmen: Wirtschaftskreislauf und Wertschöpfung,medium,single_choice,Welche Aussage zeigt ein korrektes Verständnis von Wertschöpfung?,Wert wird immer vernichtet,durch Produktion entsteht ein Mehrwert gegenüber Vorleistungen,sie ist ein Gerichtsurteil,sie ist ein Mietmangel,B,Wertschöpfung misst wirtschaftliche Leistung.,"ABU Smartlearn Quiz 1. Teil, Moodle-XHTML-Export, hochgeladene Referenzdatei",user_upload:quiz-ABU_Smartlearn_1.Teil-top-20260519-0952.html
abu,Allgemeinbildender Unterricht ABU,abu_l06,ABU,L06,Geld und Unternehmen: Wirtschaftskreislauf und Wertschöpfung,hard,single_choice,Welche Aussage grenzt Wertschöpfung am präzisesten von falschen Vorstellungen ab?,Wert wird immer vernichtet,sie ist ein Gerichtsurteil,durch Produktion entsteht ein Mehrwert gegenüber Vorleistungen,sie ist ein Mietmangel,C,Wertschöpfung misst wirtschaftliche Leistung.,"ABU Smartlearn Quiz 1. Teil, Moodle-XHTML-Export, hochgeladene Referenzdatei",user_upload:quiz-ABU_Smartlearn_1.Teil-top-20260519-0952.html
abu,Allgemeinbildender Unterricht ABU,abu_l06,ABU,L06,Geld und Unternehmen: Wirtschaftskreislauf und Wertschöpfung,easy,single_choice,Welche Kurzdefinition passt zu Wertschöpfung?,Wert wird immer vernichtet,sie ist ein Gerichtsurteil,sie ist ein Mietmangel,durch Produktion entsteht ein Mehrwert gegenüber Vorleistungen,D,Wertschöpfung misst wirtschaftliche Leistung.,"ABU Smartlearn Quiz 1. Teil, Moodle-XHTML-Export, hochgeladene Referenzdatei",user_upload:quiz-ABU_Smartlearn_1.Teil-top-20260519-0952.html
abu,Allgemeinbildender Unterricht ABU,abu_l06,ABU,L06,Geld und Unternehmen: Wirtschaftskreislauf und Wertschöpfung,easy,single_choice,Welche Aussage beschreibt Wirtschaftssektoren im ABU am besten?,"Primär-, Sekundär- und Tertiärsektor gliedern die Wirtschaft",sie sind Wahlkreise,sie sind Steuerformulare,sie sind Versicherungsarten,A,Sektoren zeigen Tätigkeitsbereiche der Wirtschaft.,"ABU Smartlearn Quiz 1. Teil, Moodle-XHTML-Export, hochgeladene Referenzdatei",user_upload:quiz-ABU_Smartlearn_1.Teil-top-20260519-0952.html
abu,Allgemeinbildender Unterricht ABU,abu_l06,ABU,L06,Geld und Unternehmen: Wirtschaftskreislauf und Wertschöpfung,medium,single_choice,Worauf muss man beim Thema Wirtschaftssektoren besonders achten?,sie sind Wahlkreise,"Primär-, Sekundär- und Tertiärsektor gliedern die Wirtschaft",sie sind Steuerformulare,sie sind Versicherungsarten,B,Sektoren zeigen Tätigkeitsbereiche der Wirtschaft.,"ABU Smartlearn Quiz 1. Teil, Moodle-XHTML-Export, hochgeladene Referenzdatei",user_upload:quiz-ABU_Smartlearn_1.Teil-top-20260519-0952.html
abu,Allgemeinbildender Unterricht ABU,abu_l06,ABU,L06,Geld und Unternehmen: Wirtschaftskreislauf und Wertschöpfung,hard,single_choice,Welche Aussage zu Wirtschaftssektoren ist fachlich am korrektesten?,sie sind Wahlkreise,sie sind Steuerformulare,"Primär-, Sekundär- und Tertiärsektor gliedern die Wirtschaft",sie sind Versicherungsarten,C,Sektoren zeigen Tätigkeitsbereiche der Wirtschaft.,"ABU Smartlearn Quiz 1. Teil, Moodle-XHTML-Export, hochgeladene Referenzdatei",user_upload:quiz-ABU_Smartlearn_1.Teil-top-20260519-0952.html
abu,Allgemeinbildender Unterricht ABU,abu_l06,ABU,L06,Geld und Unternehmen: Wirtschaftskreislauf und Wertschöpfung,easy,single_choice,Welche Antwort passt zum Begriff Wirtschaftssektoren?,sie sind Wahlkreise,sie sind Steuerformulare,sie sind Versicherungsarten,"Primär-, Sekundär- und Tertiärsektor gliedern die Wirtschaft",D,Sektoren zeigen Tätigkeitsbereiche der Wirtschaft.,"ABU Smartlearn Quiz 1. Teil, Moodle-XHTML-Export, hochgeladene Referenzdatei",user_upload:quiz-ABU_Smartlearn_1.Teil-top-20260519-0952.html
abu,Allgemeinbildender Unterricht ABU,abu_l06,ABU,L06,Geld und Unternehmen: Wirtschaftskreislauf und Wertschöpfung,medium,single_choice,Welche praktische Bedeutung hat Wirtschaftssektoren für Lernende?,"Primär-, Sekundär- und Tertiärsektor gliedern die Wirtschaft",sie sind Wahlkreise,sie sind Steuerformulare,sie sind Versicherungsarten,A,Sektoren zeigen Tätigkeitsbereiche der Wirtschaft.,"ABU Smartlearn Quiz 1. Teil, Moodle-XHTML-Export, hochgeladene Referenzdatei",user_upload:quiz-ABU_Smartlearn_1.Teil-top-20260519-0952.html
abu,Allgemeinbildender Unterricht ABU,abu_l06,ABU,L06,Geld und Unternehmen: Wirtschaftskreislauf und Wertschöpfung,hard,single_choice,Welche Erklärung zu Wirtschaftssektoren ist im gesellschaftlichen und rechtlichen Kontext richtig?,sie sind Wahlkreise,"Primär-, Sekundär- und Tertiärsektor gliedern die Wirtschaft",sie sind Steuerformulare,sie sind Versicherungsarten,B,Sektoren zeigen Tätigkeitsbereiche der Wirtschaft.,"ABU Smartlearn Quiz 1. Teil, Moodle-XHTML-Export, hochgeladene Referenzdatei",user_upload:quiz-ABU_Smartlearn_1.Teil-top-20260519-0952.html
abu,Allgemeinbildender Unterricht ABU,abu_l06,ABU,L06,Geld und Unternehmen: Wirtschaftskreislauf und Wertschöpfung,easy,single_choice,Was ist bei Wirtschaftssektoren grundsätzlich richtig?,sie sind Wahlkreise,sie sind Steuerformulare,"Primär-, Sekundär- und Tertiärsektor gliedern die Wirtschaft",sie sind Versicherungsarten,C,Sektoren zeigen Tätigkeitsbereiche der Wirtschaft.,"ABU Smartlearn Quiz 1. Teil, Moodle-XHTML-Export, hochgeladene Referenzdatei",user_upload:quiz-ABU_Smartlearn_1.Teil-top-20260519-0952.html
abu,Allgemeinbildender Unterricht ABU,abu_l06,ABU,L06,Geld und Unternehmen: Wirtschaftskreislauf und Wertschöpfung,medium,single_choice,Welche Aussage zeigt ein korrektes Verständnis von Wirtschaftssektoren?,sie sind Wahlkreise,sie sind Steuerformulare,sie sind Versicherungsarten,"Primär-, Sekundär- und Tertiärsektor gliedern die Wirtschaft",D,Sektoren zeigen Tätigkeitsbereiche der Wirtschaft.,"ABU Smartlearn Quiz 1. Teil, Moodle-XHTML-Export, hochgeladene Referenzdatei",user_upload:quiz-ABU_Smartlearn_1.Teil-top-20260519-0952.html
abu,Allgemeinbildender Unterricht ABU,abu_l06,ABU,L06,Geld und Unternehmen: Wirtschaftskreislauf und Wertschöpfung,hard,single_choice,Welche Aussage grenzt Wirtschaftssektoren am präzisesten von falschen Vorstellungen ab?,"Primär-, Sekundär- und Tertiärsektor gliedern die Wirtschaft",sie sind Wahlkreise,sie sind Steuerformulare,sie sind Versicherungsarten,A,Sektoren zeigen Tätigkeitsbereiche der Wirtschaft.,"ABU Smartlearn Quiz 1. Teil, Moodle-XHTML-Export, hochgeladene Referenzdatei",user_upload:quiz-ABU_Smartlearn_1.Teil-top-20260519-0952.html
abu,Allgemeinbildender Unterricht ABU,abu_l06,ABU,L06,Geld und Unternehmen: Wirtschaftskreislauf und Wertschöpfung,easy,single_choice,Welche Kurzdefinition passt zu Wirtschaftssektoren?,sie sind Wahlkreise,"Primär-, Sekundär- und Tertiärsektor gliedern die Wirtschaft",sie sind Steuerformulare,sie sind Versicherungsarten,B,Sektoren zeigen Tätigkeitsbereiche der Wirtschaft.,"ABU Smartlearn Quiz 1. Teil, Moodle-XHTML-Export, hochgeladene Referenzdatei",user_upload:quiz-ABU_Smartlearn_1.Teil-top-20260519-0952.html
abu,Allgemeinbildender Unterricht ABU,abu_l06,ABU,L06,Geld und Unternehmen: Wirtschaftskreislauf und Wertschöpfung,easy,single_choice,Welche Aussage beschreibt Bruttoinlandprodukt im ABU am besten?,es ist eine Krankenkasse,es ist ein Mietzins,es misst den Wert der in einem Land produzierten Güter und Dienstleistungen,es ist ein Wahlverfahren,C,Das BIP ist eine wichtige volkswirtschaftliche Kennzahl.,"ABU Smartlearn Quiz 1. Teil, Moodle-XHTML-Export, hochgeladene Referenzdatei",user_upload:quiz-ABU_Smartlearn_1.Teil-top-20260519-0952.html
abu,Allgemeinbildender Unterricht ABU,abu_l06,ABU,L06,Geld und Unternehmen: Wirtschaftskreislauf und Wertschöpfung,medium,single_choice,Worauf muss man beim Thema Bruttoinlandprodukt besonders achten?,es ist eine Krankenkasse,es ist ein Mietzins,es ist ein Wahlverfahren,es misst den Wert der in einem Land produzierten Güter und Dienstleistungen,D,Das BIP ist eine wichtige volkswirtschaftliche Kennzahl.,"ABU Smartlearn Quiz 1. Teil, Moodle-XHTML-Export, hochgeladene Referenzdatei",user_upload:quiz-ABU_Smartlearn_1.Teil-top-20260519-0952.html
abu,Allgemeinbildender Unterricht ABU,abu_l06,ABU,L06,Geld und Unternehmen: Wirtschaftskreislauf und Wertschöpfung,hard,single_choice,Welche Aussage zu Bruttoinlandprodukt ist fachlich am korrektesten?,es misst den Wert der in einem Land produzierten Güter und Dienstleistungen,es ist eine Krankenkasse,es ist ein Mietzins,es ist ein Wahlverfahren,A,Das BIP ist eine wichtige volkswirtschaftliche Kennzahl.,"ABU Smartlearn Quiz 1. Teil, Moodle-XHTML-Export, hochgeladene Referenzdatei",user_upload:quiz-ABU_Smartlearn_1.Teil-top-20260519-0952.html
abu,Allgemeinbildender Unterricht ABU,abu_l06,ABU,L06,Geld und Unternehmen: Wirtschaftskreislauf und Wertschöpfung,easy,single_choice,Welche Antwort passt zum Begriff Bruttoinlandprodukt?,es ist eine Krankenkasse,es misst den Wert der in einem Land produzierten Güter und Dienstleistungen,es ist ein Mietzins,es ist ein Wahlverfahren,B,Das BIP ist eine wichtige volkswirtschaftliche Kennzahl.,"ABU Smartlearn Quiz 1. Teil, Moodle-XHTML-Export, hochgeladene Referenzdatei",user_upload:quiz-ABU_Smartlearn_1.Teil-top-20260519-0952.html
abu,Allgemeinbildender Unterricht ABU,abu_l06,ABU,L06,Geld und Unternehmen: Wirtschaftskreislauf und Wertschöpfung,medium,single_choice,Welche praktische Bedeutung hat Bruttoinlandprodukt für Lernende?,es ist eine Krankenkasse,es ist ein Mietzins,es misst den Wert der in einem Land produzierten Güter und Dienstleistungen,es ist ein Wahlverfahren,C,Das BIP ist eine wichtige volkswirtschaftliche Kennzahl.,"ABU Smartlearn Quiz 1. Teil, Moodle-XHTML-Export, hochgeladene Referenzdatei",user_upload:quiz-ABU_Smartlearn_1.Teil-top-20260519-0952.html
abu,Allgemeinbildender Unterricht ABU,abu_l06,ABU,L06,Geld und Unternehmen: Wirtschaftskreislauf und Wertschöpfung,hard,single_choice,Welche Erklärung zu Bruttoinlandprodukt ist im gesellschaftlichen und rechtlichen Kontext richtig?,es ist eine Krankenkasse,es ist ein Mietzins,es ist ein Wahlverfahren,es misst den Wert der in einem Land produzierten Güter und Dienstleistungen,D,Das BIP ist eine wichtige volkswirtschaftliche Kennzahl.,"ABU Smartlearn Quiz 1. Teil, Moodle-XHTML-Export, hochgeladene Referenzdatei",user_upload:quiz-ABU_Smartlearn_1.Teil-top-20260519-0952.html
abu,Allgemeinbildender Unterricht ABU,abu_l06,ABU,L06,Geld und Unternehmen: Wirtschaftskreislauf und Wertschöpfung,easy,single_choice,Was ist bei Bruttoinlandprodukt grundsätzlich richtig?,es misst den Wert der in einem Land produzierten Güter und Dienstleistungen,es ist eine Krankenkasse,es ist ein Mietzins,es ist ein Wahlverfahren,A,Das BIP ist eine wichtige volkswirtschaftliche Kennzahl.,"ABU Smartlearn Quiz 1. Teil, Moodle-XHTML-Export, hochgeladene Referenzdatei",user_upload:quiz-ABU_Smartlearn_1.Teil-top-20260519-0952.html
abu,Allgemeinbildender Unterricht ABU,abu_l06,ABU,L06,Geld und Unternehmen: Wirtschaftskreislauf und Wertschöpfung,medium,single_choice,Welche Aussage zeigt ein korrektes Verständnis von Bruttoinlandprodukt?,es ist eine Krankenkasse,es misst den Wert der in einem Land produzierten Güter und Dienstleistungen,es ist ein Mietzins,es ist ein Wahlverfahren,B,Das BIP ist eine wichtige volkswirtschaftliche Kennzahl.,"ABU Smartlearn Quiz 1. Teil, Moodle-XHTML-Export, hochgeladene Referenzdatei",user_upload:quiz-ABU_Smartlearn_1.Teil-top-20260519-0952.html
abu,Allgemeinbildender Unterricht ABU,abu_l06,ABU,L06,Geld und Unternehmen: Wirtschaftskreislauf und Wertschöpfung,hard,single_choice,Welche Aussage grenzt Bruttoinlandprodukt am präzisesten von falschen Vorstellungen ab?,es ist eine Krankenkasse,es ist ein Mietzins,es misst den Wert der in einem Land produzierten Güter und Dienstleistungen,es ist ein Wahlverfahren,C,Das BIP ist eine wichtige volkswirtschaftliche Kennzahl.,"ABU Smartlearn Quiz 1. Teil, Moodle-XHTML-Export, hochgeladene Referenzdatei",user_upload:quiz-ABU_Smartlearn_1.Teil-top-20260519-0952.html
abu,Allgemeinbildender Unterricht ABU,abu_l06,ABU,L06,Geld und Unternehmen: Wirtschaftskreislauf und Wertschöpfung,easy,single_choice,Welche Kurzdefinition passt zu Bruttoinlandprodukt?,es ist eine Krankenkasse,es ist ein Mietzins,es ist ein Wahlverfahren,es misst den Wert der in einem Land produzierten Güter und Dienstleistungen,D,Das BIP ist eine wichtige volkswirtschaftliche Kennzahl.,"ABU Smartlearn Quiz 1. Teil, Moodle-XHTML-Export, hochgeladene Referenzdatei",user_upload:quiz-ABU_Smartlearn_1.Teil-top-20260519-0952.html
abu,Allgemeinbildender Unterricht ABU,abu_l06,ABU,L06,Geld und Unternehmen: Wirtschaftskreislauf und Wertschöpfung,easy,single_choice,Welche Aussage beschreibt Wirtschaftskreislauf im ABU am besten?,"Geld- und Güterströme zwischen Haushalten, Unternehmen und Staat werden dargestellt",nur Privatbriefe werden sortiert,nur Wohnungen werden vermietet,nur Erbschaften werden verteilt,A,Der Kreislauf zeigt wirtschaftliche Zusammenhänge.,"ABU Smartlearn Quiz 1. Teil, Moodle-XHTML-Export, hochgeladene Referenzdatei",user_upload:quiz-ABU_Smartlearn_1.Teil-top-20260519-0952.html
abu,Allgemeinbildender Unterricht ABU,abu_l06,ABU,L06,Geld und Unternehmen: Wirtschaftskreislauf und Wertschöpfung,medium,single_choice,Worauf muss man beim Thema Wirtschaftskreislauf besonders achten?,nur Privatbriefe werden sortiert,"Geld- und Güterströme zwischen Haushalten, Unternehmen und Staat werden dargestellt",nur Wohnungen werden vermietet,nur Erbschaften werden verteilt,B,Der Kreislauf zeigt wirtschaftliche Zusammenhänge.,"ABU Smartlearn Quiz 1. Teil, Moodle-XHTML-Export, hochgeladene Referenzdatei",user_upload:quiz-ABU_Smartlearn_1.Teil-top-20260519-0952.html
abu,Allgemeinbildender Unterricht ABU,abu_l06,ABU,L06,Geld und Unternehmen: Wirtschaftskreislauf und Wertschöpfung,hard,single_choice,Welche Aussage zu Wirtschaftskreislauf ist fachlich am korrektesten?,nur Privatbriefe werden sortiert,nur Wohnungen werden vermietet,"Geld- und Güterströme zwischen Haushalten, Unternehmen und Staat werden dargestellt",nur Erbschaften werden verteilt,C,Der Kreislauf zeigt wirtschaftliche Zusammenhänge.,"ABU Smartlearn Quiz 1. Teil, Moodle-XHTML-Export, hochgeladene Referenzdatei",user_upload:quiz-ABU_Smartlearn_1.Teil-top-20260519-0952.html
abu,Allgemeinbildender Unterricht ABU,abu_l06,ABU,L06,Geld und Unternehmen: Wirtschaftskreislauf und Wertschöpfung,easy,single_choice,Welche Antwort passt zum Begriff Wirtschaftskreislauf?,nur Privatbriefe werden sortiert,nur Wohnungen werden vermietet,nur Erbschaften werden verteilt,"Geld- und Güterströme zwischen Haushalten, Unternehmen und Staat werden dargestellt",D,Der Kreislauf zeigt wirtschaftliche Zusammenhänge.,"ABU Smartlearn Quiz 1. Teil, Moodle-XHTML-Export, hochgeladene Referenzdatei",user_upload:quiz-ABU_Smartlearn_1.Teil-top-20260519-0952.html
abu,Allgemeinbildender Unterricht ABU,abu_l06,ABU,L06,Geld und Unternehmen: Wirtschaftskreislauf und Wertschöpfung,medium,single_choice,Welche praktische Bedeutung hat Wirtschaftskreislauf für Lernende?,"Geld- und Güterströme zwischen Haushalten, Unternehmen und Staat werden dargestellt",nur Privatbriefe werden sortiert,nur Wohnungen werden vermietet,nur Erbschaften werden verteilt,A,Der Kreislauf zeigt wirtschaftliche Zusammenhänge.,"ABU Smartlearn Quiz 1. Teil, Moodle-XHTML-Export, hochgeladene Referenzdatei",user_upload:quiz-ABU_Smartlearn_1.Teil-top-20260519-0952.html
abu,Allgemeinbildender Unterricht ABU,abu_l06,ABU,L06,Geld und Unternehmen: Wirtschaftskreislauf und Wertschöpfung,hard,single_choice,Welche Erklärung zu Wirtschaftskreislauf ist im gesellschaftlichen und rechtlichen Kontext richtig?,nur Privatbriefe werden sortiert,"Geld- und Güterströme zwischen Haushalten, Unternehmen und Staat werden dargestellt",nur Wohnungen werden vermietet,nur Erbschaften werden verteilt,B,Der Kreislauf zeigt wirtschaftliche Zusammenhänge.,"ABU Smartlearn Quiz 1. Teil, Moodle-XHTML-Export, hochgeladene Referenzdatei",user_upload:quiz-ABU_Smartlearn_1.Teil-top-20260519-0952.html
abu,Allgemeinbildender Unterricht ABU,abu_l06,ABU,L06,Geld und Unternehmen: Wirtschaftskreislauf und Wertschöpfung,easy,single_choice,Was ist bei Wirtschaftskreislauf grundsätzlich richtig?,nur Privatbriefe werden sortiert,nur Wohnungen werden vermietet,"Geld- und Güterströme zwischen Haushalten, Unternehmen und Staat werden dargestellt",nur Erbschaften werden verteilt,C,Der Kreislauf zeigt wirtschaftliche Zusammenhänge.,"ABU Smartlearn Quiz 1. Teil, Moodle-XHTML-Export, hochgeladene Referenzdatei",user_upload:quiz-ABU_Smartlearn_1.Teil-top-20260519-0952.html
abu,Allgemeinbildender Unterricht ABU,abu_l06,ABU,L06,Geld und Unternehmen: Wirtschaftskreislauf und Wertschöpfung,medium,single_choice,Welche Aussage zeigt ein korrektes Verständnis von Wirtschaftskreislauf?,nur Privatbriefe werden sortiert,nur Wohnungen werden vermietet,nur Erbschaften werden verteilt,"Geld- und Güterströme zwischen Haushalten, Unternehmen und Staat werden dargestellt",D,Der Kreislauf zeigt wirtschaftliche Zusammenhänge.,"ABU Smartlearn Quiz 1. Teil, Moodle-XHTML-Export, hochgeladene Referenzdatei",user_upload:quiz-ABU_Smartlearn_1.Teil-top-20260519-0952.html
abu,Allgemeinbildender Unterricht ABU,abu_l06,ABU,L06,Geld und Unternehmen: Wirtschaftskreislauf und Wertschöpfung,hard,single_choice,Welche Aussage grenzt Wirtschaftskreislauf am präzisesten von falschen Vorstellungen ab?,"Geld- und Güterströme zwischen Haushalten, Unternehmen und Staat werden dargestellt",nur Privatbriefe werden sortiert,nur Wohnungen werden vermietet,nur Erbschaften werden verteilt,A,Der Kreislauf zeigt wirtschaftliche Zusammenhänge.,"ABU Smartlearn Quiz 1. Teil, Moodle-XHTML-Export, hochgeladene Referenzdatei",user_upload:quiz-ABU_Smartlearn_1.Teil-top-20260519-0952.html
abu,Allgemeinbildender Unterricht ABU,abu_l06,ABU,L06,Geld und Unternehmen: Wirtschaftskreislauf und Wertschöpfung,easy,single_choice,Welche Kurzdefinition passt zu Wirtschaftskreislauf?,nur Privatbriefe werden sortiert,"Geld- und Güterströme zwischen Haushalten, Unternehmen und Staat werden dargestellt",nur Wohnungen werden vermietet,nur Erbschaften werden verteilt,B,Der Kreislauf zeigt wirtschaftliche Zusammenhänge.,"ABU Smartlearn Quiz 1. Teil, Moodle-XHTML-Export, hochgeladene Referenzdatei",user_upload:quiz-ABU_Smartlearn_1.Teil-top-20260519-0952.html
abu,Allgemeinbildender Unterricht ABU,abu_l06,ABU,L06,Geld und Unternehmen: Wirtschaftskreislauf und Wertschöpfung,easy,single_choice,Welche Aussage beschreibt Unternehmen im ABU am besten?,es ist immer eine Steuer,es ist nur ein Parlament,es bietet Leistungen an und kombiniert Ressourcen,es ist nur eine Versicherung,C,Unternehmen schaffen Arbeitsplätze und Wertschöpfung.,"ABU Smartlearn Quiz 1. Teil, Moodle-XHTML-Export, hochgeladene Referenzdatei",user_upload:quiz-ABU_Smartlearn_1.Teil-top-20260519-0952.html
abu,Allgemeinbildender Unterricht ABU,abu_l06,ABU,L06,Geld und Unternehmen: Wirtschaftskreislauf und Wertschöpfung,medium,single_choice,Worauf muss man beim Thema Unternehmen besonders achten?,es ist immer eine Steuer,es ist nur ein Parlament,es ist nur eine Versicherung,es bietet Leistungen an und kombiniert Ressourcen,D,Unternehmen schaffen Arbeitsplätze und Wertschöpfung.,"ABU Smartlearn Quiz 1. Teil, Moodle-XHTML-Export, hochgeladene Referenzdatei",user_upload:quiz-ABU_Smartlearn_1.Teil-top-20260519-0952.html
abu,Allgemeinbildender Unterricht ABU,abu_l06,ABU,L06,Geld und Unternehmen: Wirtschaftskreislauf und Wertschöpfung,hard,single_choice,Welche Aussage zu Unternehmen ist fachlich am korrektesten?,es bietet Leistungen an und kombiniert Ressourcen,es ist immer eine Steuer,es ist nur ein Parlament,es ist nur eine Versicherung,A,Unternehmen schaffen Arbeitsplätze und Wertschöpfung.,"ABU Smartlearn Quiz 1. Teil, Moodle-XHTML-Export, hochgeladene Referenzdatei",user_upload:quiz-ABU_Smartlearn_1.Teil-top-20260519-0952.html
abu,Allgemeinbildender Unterricht ABU,abu_l06,ABU,L06,Geld und Unternehmen: Wirtschaftskreislauf und Wertschöpfung,easy,single_choice,Welche Antwort passt zum Begriff Unternehmen?,es ist immer eine Steuer,es bietet Leistungen an und kombiniert Ressourcen,es ist nur ein Parlament,es ist nur eine Versicherung,B,Unternehmen schaffen Arbeitsplätze und Wertschöpfung.,"ABU Smartlearn Quiz 1. Teil, Moodle-XHTML-Export, hochgeladene Referenzdatei",user_upload:quiz-ABU_Smartlearn_1.Teil-top-20260519-0952.html
abu,Allgemeinbildender Unterricht ABU,abu_l06,ABU,L06,Geld und Unternehmen: Wirtschaftskreislauf und Wertschöpfung,medium,single_choice,Welche praktische Bedeutung hat Unternehmen für Lernende?,es ist immer eine Steuer,es ist nur ein Parlament,es bietet Leistungen an und kombiniert Ressourcen,es ist nur eine Versicherung,C,Unternehmen schaffen Arbeitsplätze und Wertschöpfung.,"ABU Smartlearn Quiz 1. Teil, Moodle-XHTML-Export, hochgeladene Referenzdatei",user_upload:quiz-ABU_Smartlearn_1.Teil-top-20260519-0952.html
abu,Allgemeinbildender Unterricht ABU,abu_l06,ABU,L06,Geld und Unternehmen: Wirtschaftskreislauf und Wertschöpfung,hard,single_choice,Welche Erklärung zu Unternehmen ist im gesellschaftlichen und rechtlichen Kontext richtig?,es ist immer eine Steuer,es ist nur ein Parlament,es ist nur eine Versicherung,es bietet Leistungen an und kombiniert Ressourcen,D,Unternehmen schaffen Arbeitsplätze und Wertschöpfung.,"ABU Smartlearn Quiz 1. Teil, Moodle-XHTML-Export, hochgeladene Referenzdatei",user_upload:quiz-ABU_Smartlearn_1.Teil-top-20260519-0952.html
abu,Allgemeinbildender Unterricht ABU,abu_l06,ABU,L06,Geld und Unternehmen: Wirtschaftskreislauf und Wertschöpfung,easy,single_choice,Was ist bei Unternehmen grundsätzlich richtig?,es bietet Leistungen an und kombiniert Ressourcen,es ist immer eine Steuer,es ist nur ein Parlament,es ist nur eine Versicherung,A,Unternehmen schaffen Arbeitsplätze und Wertschöpfung.,"ABU Smartlearn Quiz 1. Teil, Moodle-XHTML-Export, hochgeladene Referenzdatei",user_upload:quiz-ABU_Smartlearn_1.Teil-top-20260519-0952.html
abu,Allgemeinbildender Unterricht ABU,abu_l06,ABU,L06,Geld und Unternehmen: Wirtschaftskreislauf und Wertschöpfung,medium,single_choice,Welche Aussage zeigt ein korrektes Verständnis von Unternehmen?,es ist immer eine Steuer,es bietet Leistungen an und kombiniert Ressourcen,es ist nur ein Parlament,es ist nur eine Versicherung,B,Unternehmen schaffen Arbeitsplätze und Wertschöpfung.,"ABU Smartlearn Quiz 1. Teil, Moodle-XHTML-Export, hochgeladene Referenzdatei",user_upload:quiz-ABU_Smartlearn_1.Teil-top-20260519-0952.html
abu,Allgemeinbildender Unterricht ABU,abu_l06,ABU,L06,Geld und Unternehmen: Wirtschaftskreislauf und Wertschöpfung,hard,single_choice,Welche Aussage grenzt Unternehmen am präzisesten von falschen Vorstellungen ab?,es ist immer eine Steuer,es ist nur ein Parlament,es bietet Leistungen an und kombiniert Ressourcen,es ist nur eine Versicherung,C,Unternehmen schaffen Arbeitsplätze und Wertschöpfung.,"ABU Smartlearn Quiz 1. Teil, Moodle-XHTML-Export, hochgeladene Referenzdatei",user_upload:quiz-ABU_Smartlearn_1.Teil-top-20260519-0952.html
abu,Allgemeinbildender Unterricht ABU,abu_l06,ABU,L06,Geld und Unternehmen: Wirtschaftskreislauf und Wertschöpfung,easy,single_choice,Welche Kurzdefinition passt zu Unternehmen?,es ist immer eine Steuer,es ist nur ein Parlament,es ist nur eine Versicherung,es bietet Leistungen an und kombiniert Ressourcen,D,Unternehmen schaffen Arbeitsplätze und Wertschöpfung.,"ABU Smartlearn Quiz 1. Teil, Moodle-XHTML-Export, hochgeladene Referenzdatei",user_upload:quiz-ABU_Smartlearn_1.Teil-top-20260519-0952.html
abu,Allgemeinbildender Unterricht ABU,abu_l06,ABU,L06,Geld und Unternehmen: Wirtschaftskreislauf und Wertschöpfung,easy,single_choice,Welche Aussage beschreibt Haushalte im ABU am besten?,sie bieten Arbeit an und konsumieren Güter und Dienstleistungen,sie sind immer Gerichte,sie sind nur Banken,sie sind immer Parteien,A,Haushalte sind wichtige Akteure im Wirtschaftskreislauf.,"ABU Smartlearn Quiz 1. Teil, Moodle-XHTML-Export, hochgeladene Referenzdatei",user_upload:quiz-ABU_Smartlearn_1.Teil-top-20260519-0952.html
abu,Allgemeinbildender Unterricht ABU,abu_l06,ABU,L06,Geld und Unternehmen: Wirtschaftskreislauf und Wertschöpfung,medium,single_choice,Worauf muss man beim Thema Haushalte besonders achten?,sie sind immer Gerichte,sie bieten Arbeit an und konsumieren Güter und Dienstleistungen,sie sind nur Banken,sie sind immer Parteien,B,Haushalte sind wichtige Akteure im Wirtschaftskreislauf.,"ABU Smartlearn Quiz 1. Teil, Moodle-XHTML-Export, hochgeladene Referenzdatei",user_upload:quiz-ABU_Smartlearn_1.Teil-top-20260519-0952.html
abu,Allgemeinbildender Unterricht ABU,abu_l06,ABU,L06,Geld und Unternehmen: Wirtschaftskreislauf und Wertschöpfung,hard,single_choice,Welche Aussage zu Haushalte ist fachlich am korrektesten?,sie sind immer Gerichte,sie sind nur Banken,sie bieten Arbeit an und konsumieren Güter und Dienstleistungen,sie sind immer Parteien,C,Haushalte sind wichtige Akteure im Wirtschaftskreislauf.,"ABU Smartlearn Quiz 1. Teil, Moodle-XHTML-Export, hochgeladene Referenzdatei",user_upload:quiz-ABU_Smartlearn_1.Teil-top-20260519-0952.html
abu,Allgemeinbildender Unterricht ABU,abu_l06,ABU,L06,Geld und Unternehmen: Wirtschaftskreislauf und Wertschöpfung,easy,single_choice,Welche Antwort passt zum Begriff Haushalte?,sie sind immer Gerichte,sie sind nur Banken,sie sind immer Parteien,sie bieten Arbeit an und konsumieren Güter und Dienstleistungen,D,Haushalte sind wichtige Akteure im Wirtschaftskreislauf.,"ABU Smartlearn Quiz 1. Teil, Moodle-XHTML-Export, hochgeladene Referenzdatei",user_upload:quiz-ABU_Smartlearn_1.Teil-top-20260519-0952.html
abu,Allgemeinbildender Unterricht ABU,abu_l06,ABU,L06,Geld und Unternehmen: Wirtschaftskreislauf und Wertschöpfung,medium,single_choice,Welche praktische Bedeutung hat Haushalte für Lernende?,sie bieten Arbeit an und konsumieren Güter und Dienstleistungen,sie sind immer Gerichte,sie sind nur Banken,sie sind immer Parteien,A,Haushalte sind wichtige Akteure im Wirtschaftskreislauf.,"ABU Smartlearn Quiz 1. Teil, Moodle-XHTML-Export, hochgeladene Referenzdatei",user_upload:quiz-ABU_Smartlearn_1.Teil-top-20260519-0952.html
abu,Allgemeinbildender Unterricht ABU,abu_l06,ABU,L06,Geld und Unternehmen: Wirtschaftskreislauf und Wertschöpfung,hard,single_choice,Welche Erklärung zu Haushalte ist im gesellschaftlichen und rechtlichen Kontext richtig?,sie sind immer Gerichte,sie bieten Arbeit an und konsumieren Güter und Dienstleistungen,sie sind nur Banken,sie sind immer Parteien,B,Haushalte sind wichtige Akteure im Wirtschaftskreislauf.,"ABU Smartlearn Quiz 1. Teil, Moodle-XHTML-Export, hochgeladene Referenzdatei",user_upload:quiz-ABU_Smartlearn_1.Teil-top-20260519-0952.html
abu,Allgemeinbildender Unterricht ABU,abu_l06,ABU,L06,Geld und Unternehmen: Wirtschaftskreislauf und Wertschöpfung,easy,single_choice,Was ist bei Haushalte grundsätzlich richtig?,sie sind immer Gerichte,sie sind nur Banken,sie bieten Arbeit an und konsumieren Güter und Dienstleistungen,sie sind immer Parteien,C,Haushalte sind wichtige Akteure im Wirtschaftskreislauf.,"ABU Smartlearn Quiz 1. Teil, Moodle-XHTML-Export, hochgeladene Referenzdatei",user_upload:quiz-ABU_Smartlearn_1.Teil-top-20260519-0952.html
abu,Allgemeinbildender Unterricht ABU,abu_l06,ABU,L06,Geld und Unternehmen: Wirtschaftskreislauf und Wertschöpfung,medium,single_choice,Welche Aussage zeigt ein korrektes Verständnis von Haushalte?,sie sind immer Gerichte,sie sind nur Banken,sie sind immer Parteien,sie bieten Arbeit an und konsumieren Güter und Dienstleistungen,D,Haushalte sind wichtige Akteure im Wirtschaftskreislauf.,"ABU Smartlearn Quiz 1. Teil, Moodle-XHTML-Export, hochgeladene Referenzdatei",user_upload:quiz-ABU_Smartlearn_1.Teil-top-20260519-0952.html
abu,Allgemeinbildender Unterricht ABU,abu_l06,ABU,L06,Geld und Unternehmen: Wirtschaftskreislauf und Wertschöpfung,hard,single_choice,Welche Aussage grenzt Haushalte am präzisesten von falschen Vorstellungen ab?,sie bieten Arbeit an und konsumieren Güter und Dienstleistungen,sie sind immer Gerichte,sie sind nur Banken,sie sind immer Parteien,A,Haushalte sind wichtige Akteure im Wirtschaftskreislauf.,"ABU Smartlearn Quiz 1. Teil, Moodle-XHTML-Export, hochgeladene Referenzdatei",user_upload:quiz-ABU_Smartlearn_1.Teil-top-20260519-0952.html
abu,Allgemeinbildender Unterricht ABU,abu_l06,ABU,L06,Geld und Unternehmen: Wirtschaftskreislauf und Wertschöpfung,easy,single_choice,Welche Kurzdefinition passt zu Haushalte?,sie sind immer Gerichte,sie bieten Arbeit an und konsumieren Güter und Dienstleistungen,sie sind nur Banken,sie sind immer Parteien,B,Haushalte sind wichtige Akteure im Wirtschaftskreislauf.,"ABU Smartlearn Quiz 1. Teil, Moodle-XHTML-Export, hochgeladene Referenzdatei",user_upload:quiz-ABU_Smartlearn_1.Teil-top-20260519-0952.html
abu,Allgemeinbildender Unterricht ABU,abu_l06,ABU,L06,Geld und Unternehmen: Wirtschaftskreislauf und Wertschöpfung,easy,single_choice,Welche Aussage beschreibt Konsum im ABU am besten?,er ist nur Gesetzgebung,er ist immer Sparen,Haushalte verwenden Güter und Dienstleistungen zur Bedürfnisbefriedigung,er ist eine Kündigungsfrist,C,Konsum beeinflusst Nachfrage und Produktion.,"ABU Smartlearn Quiz 1. Teil, Moodle-XHTML-Export, hochgeladene Referenzdatei",user_upload:quiz-ABU_Smartlearn_1.Teil-top-20260519-0952.html
abu,Allgemeinbildender Unterricht ABU,abu_l06,ABU,L06,Geld und Unternehmen: Wirtschaftskreislauf und Wertschöpfung,medium,single_choice,Worauf muss man beim Thema Konsum besonders achten?,er ist nur Gesetzgebung,er ist immer Sparen,er ist eine Kündigungsfrist,Haushalte verwenden Güter und Dienstleistungen zur Bedürfnisbefriedigung,D,Konsum beeinflusst Nachfrage und Produktion.,"ABU Smartlearn Quiz 1. Teil, Moodle-XHTML-Export, hochgeladene Referenzdatei",user_upload:quiz-ABU_Smartlearn_1.Teil-top-20260519-0952.html
abu,Allgemeinbildender Unterricht ABU,abu_l06,ABU,L06,Geld und Unternehmen: Wirtschaftskreislauf und Wertschöpfung,hard,single_choice,Welche Aussage zu Konsum ist fachlich am korrektesten?,Haushalte verwenden Güter und Dienstleistungen zur Bedürfnisbefriedigung,er ist nur Gesetzgebung,er ist immer Sparen,er ist eine Kündigungsfrist,A,Konsum beeinflusst Nachfrage und Produktion.,"ABU Smartlearn Quiz 1. Teil, Moodle-XHTML-Export, hochgeladene Referenzdatei",user_upload:quiz-ABU_Smartlearn_1.Teil-top-20260519-0952.html
abu,Allgemeinbildender Unterricht ABU,abu_l06,ABU,L06,Geld und Unternehmen: Wirtschaftskreislauf und Wertschöpfung,easy,single_choice,Welche Antwort passt zum Begriff Konsum?,er ist nur Gesetzgebung,Haushalte verwenden Güter und Dienstleistungen zur Bedürfnisbefriedigung,er ist immer Sparen,er ist eine Kündigungsfrist,B,Konsum beeinflusst Nachfrage und Produktion.,"ABU Smartlearn Quiz 1. Teil, Moodle-XHTML-Export, hochgeladene Referenzdatei",user_upload:quiz-ABU_Smartlearn_1.Teil-top-20260519-0952.html
abu,Allgemeinbildender Unterricht ABU,abu_l06,ABU,L06,Geld und Unternehmen: Wirtschaftskreislauf und Wertschöpfung,medium,single_choice,Welche praktische Bedeutung hat Konsum für Lernende?,er ist nur Gesetzgebung,er ist immer Sparen,Haushalte verwenden Güter und Dienstleistungen zur Bedürfnisbefriedigung,er ist eine Kündigungsfrist,C,Konsum beeinflusst Nachfrage und Produktion.,"ABU Smartlearn Quiz 1. Teil, Moodle-XHTML-Export, hochgeladene Referenzdatei",user_upload:quiz-ABU_Smartlearn_1.Teil-top-20260519-0952.html
abu,Allgemeinbildender Unterricht ABU,abu_l06,ABU,L06,Geld und Unternehmen: Wirtschaftskreislauf und Wertschöpfung,hard,single_choice,Welche Erklärung zu Konsum ist im gesellschaftlichen und rechtlichen Kontext richtig?,er ist nur Gesetzgebung,er ist immer Sparen,er ist eine Kündigungsfrist,Haushalte verwenden Güter und Dienstleistungen zur Bedürfnisbefriedigung,D,Konsum beeinflusst Nachfrage und Produktion.,"ABU Smartlearn Quiz 1. Teil, Moodle-XHTML-Export, hochgeladene Referenzdatei",user_upload:quiz-ABU_Smartlearn_1.Teil-top-20260519-0952.html
abu,Allgemeinbildender Unterricht ABU,abu_l06,ABU,L06,Geld und Unternehmen: Wirtschaftskreislauf und Wertschöpfung,easy,single_choice,Was ist bei Konsum grundsätzlich richtig?,Haushalte verwenden Güter und Dienstleistungen zur Bedürfnisbefriedigung,er ist nur Gesetzgebung,er ist immer Sparen,er ist eine Kündigungsfrist,A,Konsum beeinflusst Nachfrage und Produktion.,"ABU Smartlearn Quiz 1. Teil, Moodle-XHTML-Export, hochgeladene Referenzdatei",user_upload:quiz-ABU_Smartlearn_1.Teil-top-20260519-0952.html
abu,Allgemeinbildender Unterricht ABU,abu_l06,ABU,L06,Geld und Unternehmen: Wirtschaftskreislauf und Wertschöpfung,medium,single_choice,Welche Aussage zeigt ein korrektes Verständnis von Konsum?,er ist nur Gesetzgebung,Haushalte verwenden Güter und Dienstleistungen zur Bedürfnisbefriedigung,er ist immer Sparen,er ist eine Kündigungsfrist,B,Konsum beeinflusst Nachfrage und Produktion.,"ABU Smartlearn Quiz 1. Teil, Moodle-XHTML-Export, hochgeladene Referenzdatei",user_upload:quiz-ABU_Smartlearn_1.Teil-top-20260519-0952.html
abu,Allgemeinbildender Unterricht ABU,abu_l06,ABU,L06,Geld und Unternehmen: Wirtschaftskreislauf und Wertschöpfung,hard,single_choice,Welche Aussage grenzt Konsum am präzisesten von falschen Vorstellungen ab?,er ist nur Gesetzgebung,er ist immer Sparen,Haushalte verwenden Güter und Dienstleistungen zur Bedürfnisbefriedigung,er ist eine Kündigungsfrist,C,Konsum beeinflusst Nachfrage und Produktion.,"ABU Smartlearn Quiz 1. Teil, Moodle-XHTML-Export, hochgeladene Referenzdatei",user_upload:quiz-ABU_Smartlearn_1.Teil-top-20260519-0952.html
abu,Allgemeinbildender Unterricht ABU,abu_l06,ABU,L06,Geld und Unternehmen: Wirtschaftskreislauf und Wertschöpfung,easy,single_choice,Welche Kurzdefinition passt zu Konsum?,er ist nur Gesetzgebung,er ist immer Sparen,er ist eine Kündigungsfrist,Haushalte verwenden Güter und Dienstleistungen zur Bedürfnisbefriedigung,D,Konsum beeinflusst Nachfrage und Produktion.,"ABU Smartlearn Quiz 1. Teil, Moodle-XHTML-Export, hochgeladene Referenzdatei",user_upload:quiz-ABU_Smartlearn_1.Teil-top-20260519-0952.html
abu,Allgemeinbildender Unterricht ABU,abu_l07,ABU,L07,"Geld und Unternehmen: Banken, SNB, Inflation und Kaufkraft",easy,single_choice,Welche Aussage beschreibt Schweizerische Nationalbank im ABU am besten?,sie führt die Geld- und Währungspolitik der Schweiz,sie schliesst Lehrverträge ab,sie ist eine Mietschlichtung,sie verkauft nur Konsumgüter,A,Die SNB ist für Preisstabilität wichtig.,"ABU Smartlearn Quiz 1. Teil, Moodle-XHTML-Export, hochgeladene Referenzdatei",user_upload:quiz-ABU_Smartlearn_1.Teil-top-20260519-0952.html
abu,Allgemeinbildender Unterricht ABU,abu_l07,ABU,L07,"Geld und Unternehmen: Banken, SNB, Inflation und Kaufkraft",medium,single_choice,Worauf muss man beim Thema Schweizerische Nationalbank besonders achten?,sie schliesst Lehrverträge ab,sie führt die Geld- und Währungspolitik der Schweiz,sie ist eine Mietschlichtung,sie verkauft nur Konsumgüter,B,Die SNB ist für Preisstabilität wichtig.,"ABU Smartlearn Quiz 1. Teil, Moodle-XHTML-Export, hochgeladene Referenzdatei",user_upload:quiz-ABU_Smartlearn_1.Teil-top-20260519-0952.html
abu,Allgemeinbildender Unterricht ABU,abu_l07,ABU,L07,"Geld und Unternehmen: Banken, SNB, Inflation und Kaufkraft",hard,single_choice,Welche Aussage zu Schweizerische Nationalbank ist fachlich am korrektesten?,sie schliesst Lehrverträge ab,sie ist eine Mietschlichtung,sie führt die Geld- und Währungspolitik der Schweiz,sie verkauft nur Konsumgüter,C,Die SNB ist für Preisstabilität wichtig.,"ABU Smartlearn Quiz 1. Teil, Moodle-XHTML-Export, hochgeladene Referenzdatei",user_upload:quiz-ABU_Smartlearn_1.Teil-top-20260519-0952.html
abu,Allgemeinbildender Unterricht ABU,abu_l07,ABU,L07,"Geld und Unternehmen: Banken, SNB, Inflation und Kaufkraft",easy,single_choice,Welche Antwort passt zum Begriff Schweizerische Nationalbank?,sie schliesst Lehrverträge ab,sie ist eine Mietschlichtung,sie verkauft nur Konsumgüter,sie führt die Geld- und Währungspolitik der Schweiz,D,Die SNB ist für Preisstabilität wichtig.,"ABU Smartlearn Quiz 1. Teil, Moodle-XHTML-Export, hochgeladene Referenzdatei",user_upload:quiz-ABU_Smartlearn_1.Teil-top-20260519-0952.html
abu,Allgemeinbildender Unterricht ABU,abu_l07,ABU,L07,"Geld und Unternehmen: Banken, SNB, Inflation und Kaufkraft",medium,single_choice,Welche praktische Bedeutung hat Schweizerische Nationalbank für Lernende?,sie führt die Geld- und Währungspolitik der Schweiz,sie schliesst Lehrverträge ab,sie ist eine Mietschlichtung,sie verkauft nur Konsumgüter,A,Die SNB ist für Preisstabilität wichtig.,"ABU Smartlearn Quiz 1. Teil, Moodle-XHTML-Export, hochgeladene Referenzdatei",user_upload:quiz-ABU_Smartlearn_1.Teil-top-20260519-0952.html
abu,Allgemeinbildender Unterricht ABU,abu_l07,ABU,L07,"Geld und Unternehmen: Banken, SNB, Inflation und Kaufkraft",hard,single_choice,Welche Erklärung zu Schweizerische Nationalbank ist im gesellschaftlichen und rechtlichen Kontext richtig?,sie schliesst Lehrverträge ab,sie führt die Geld- und Währungspolitik der Schweiz,sie ist eine Mietschlichtung,sie verkauft nur Konsumgüter,B,Die SNB ist für Preisstabilität wichtig.,"ABU Smartlearn Quiz 1. Teil, Moodle-XHTML-Export, hochgeladene Referenzdatei",user_upload:quiz-ABU_Smartlearn_1.Teil-top-20260519-0952.html
abu,Allgemeinbildender Unterricht ABU,abu_l07,ABU,L07,"Geld und Unternehmen: Banken, SNB, Inflation und Kaufkraft",easy,single_choice,Was ist bei Schweizerische Nationalbank grundsätzlich richtig?,sie schliesst Lehrverträge ab,sie ist eine Mietschlichtung,sie führt die Geld- und Währungspolitik der Schweiz,sie verkauft nur Konsumgüter,C,Die SNB ist für Preisstabilität wichtig.,"ABU Smartlearn Quiz 1. Teil, Moodle-XHTML-Export, hochgeladene Referenzdatei",user_upload:quiz-ABU_Smartlearn_1.Teil-top-20260519-0952.html
abu,Allgemeinbildender Unterricht ABU,abu_l07,ABU,L07,"Geld und Unternehmen: Banken, SNB, Inflation und Kaufkraft",medium,single_choice,Welche Aussage zeigt ein korrektes Verständnis von Schweizerische Nationalbank?,sie schliesst Lehrverträge ab,sie ist eine Mietschlichtung,sie verkauft nur Konsumgüter,sie führt die Geld- und Währungspolitik der Schweiz,D,Die SNB ist für Preisstabilität wichtig.,"ABU Smartlearn Quiz 1. Teil, Moodle-XHTML-Export, hochgeladene Referenzdatei",user_upload:quiz-ABU_Smartlearn_1.Teil-top-20260519-0952.html
abu,Allgemeinbildender Unterricht ABU,abu_l07,ABU,L07,"Geld und Unternehmen: Banken, SNB, Inflation und Kaufkraft",hard,single_choice,Welche Aussage grenzt Schweizerische Nationalbank am präzisesten von falschen Vorstellungen ab?,sie führt die Geld- und Währungspolitik der Schweiz,sie schliesst Lehrverträge ab,sie ist eine Mietschlichtung,sie verkauft nur Konsumgüter,A,Die SNB ist für Preisstabilität wichtig.,"ABU Smartlearn Quiz 1. Teil, Moodle-XHTML-Export, hochgeladene Referenzdatei",user_upload:quiz-ABU_Smartlearn_1.Teil-top-20260519-0952.html
abu,Allgemeinbildender Unterricht ABU,abu_l07,ABU,L07,"Geld und Unternehmen: Banken, SNB, Inflation und Kaufkraft",easy,single_choice,Welche Kurzdefinition passt zu Schweizerische Nationalbank?,sie schliesst Lehrverträge ab,sie führt die Geld- und Währungspolitik der Schweiz,sie ist eine Mietschlichtung,sie verkauft nur Konsumgüter,B,Die SNB ist für Preisstabilität wichtig.,"ABU Smartlearn Quiz 1. Teil, Moodle-XHTML-Export, hochgeladene Referenzdatei",user_upload:quiz-ABU_Smartlearn_1.Teil-top-20260519-0952.html
abu,Allgemeinbildender Unterricht ABU,abu_l07,ABU,L07,"Geld und Unternehmen: Banken, SNB, Inflation und Kaufkraft",easy,single_choice,Welche Aussage beschreibt Geschäftsbank im ABU am besten?,sie macht Bundesgesetze,sie entscheidet Scheidungen,"sie bietet Konten, Kredite und Zahlungsverkehr für Kundschaft an",sie organisiert Wahlen,C,Geschäftsbanken sind zentrale Finanzdienstleister.,"ABU Smartlearn Quiz 1. Teil, Moodle-XHTML-Export, hochgeladene Referenzdatei",user_upload:quiz-ABU_Smartlearn_1.Teil-top-20260519-0952.html
abu,Allgemeinbildender Unterricht ABU,abu_l07,ABU,L07,"Geld und Unternehmen: Banken, SNB, Inflation und Kaufkraft",medium,single_choice,Worauf muss man beim Thema Geschäftsbank besonders achten?,sie macht Bundesgesetze,sie entscheidet Scheidungen,sie organisiert Wahlen,"sie bietet Konten, Kredite und Zahlungsverkehr für Kundschaft an",D,Geschäftsbanken sind zentrale Finanzdienstleister.,"ABU Smartlearn Quiz 1. Teil, Moodle-XHTML-Export, hochgeladene Referenzdatei",user_upload:quiz-ABU_Smartlearn_1.Teil-top-20260519-0952.html
abu,Allgemeinbildender Unterricht ABU,abu_l07,ABU,L07,"Geld und Unternehmen: Banken, SNB, Inflation und Kaufkraft",hard,single_choice,Welche Aussage zu Geschäftsbank ist fachlich am korrektesten?,"sie bietet Konten, Kredite und Zahlungsverkehr für Kundschaft an",sie macht Bundesgesetze,sie entscheidet Scheidungen,sie organisiert Wahlen,A,Geschäftsbanken sind zentrale Finanzdienstleister.,"ABU Smartlearn Quiz 1. Teil, Moodle-XHTML-Export, hochgeladene Referenzdatei",user_upload:quiz-ABU_Smartlearn_1.Teil-top-20260519-0952.html
abu,Allgemeinbildender Unterricht ABU,abu_l07,ABU,L07,"Geld und Unternehmen: Banken, SNB, Inflation und Kaufkraft",easy,single_choice,Welche Antwort passt zum Begriff Geschäftsbank?,sie macht Bundesgesetze,"sie bietet Konten, Kredite und Zahlungsverkehr für Kundschaft an",sie entscheidet Scheidungen,sie organisiert Wahlen,B,Geschäftsbanken sind zentrale Finanzdienstleister.,"ABU Smartlearn Quiz 1. Teil, Moodle-XHTML-Export, hochgeladene Referenzdatei",user_upload:quiz-ABU_Smartlearn_1.Teil-top-20260519-0952.html
abu,Allgemeinbildender Unterricht ABU,abu_l07,ABU,L07,"Geld und Unternehmen: Banken, SNB, Inflation und Kaufkraft",medium,single_choice,Welche praktische Bedeutung hat Geschäftsbank für Lernende?,sie macht Bundesgesetze,sie entscheidet Scheidungen,"sie bietet Konten, Kredite und Zahlungsverkehr für Kundschaft an",sie organisiert Wahlen,C,Geschäftsbanken sind zentrale Finanzdienstleister.,"ABU Smartlearn Quiz 1. Teil, Moodle-XHTML-Export, hochgeladene Referenzdatei",user_upload:quiz-ABU_Smartlearn_1.Teil-top-20260519-0952.html
abu,Allgemeinbildender Unterricht ABU,abu_l07,ABU,L07,"Geld und Unternehmen: Banken, SNB, Inflation und Kaufkraft",hard,single_choice,Welche Erklärung zu Geschäftsbank ist im gesellschaftlichen und rechtlichen Kontext richtig?,sie macht Bundesgesetze,sie entscheidet Scheidungen,sie organisiert Wahlen,"sie bietet Konten, Kredite und Zahlungsverkehr für Kundschaft an",D,Geschäftsbanken sind zentrale Finanzdienstleister.,"ABU Smartlearn Quiz 1. Teil, Moodle-XHTML-Export, hochgeladene Referenzdatei",user_upload:quiz-ABU_Smartlearn_1.Teil-top-20260519-0952.html
abu,Allgemeinbildender Unterricht ABU,abu_l07,ABU,L07,"Geld und Unternehmen: Banken, SNB, Inflation und Kaufkraft",easy,single_choice,Was ist bei Geschäftsbank grundsätzlich richtig?,"sie bietet Konten, Kredite und Zahlungsverkehr für Kundschaft an",sie macht Bundesgesetze,sie entscheidet Scheidungen,sie organisiert Wahlen,A,Geschäftsbanken sind zentrale Finanzdienstleister.,"ABU Smartlearn Quiz 1. Teil, Moodle-XHTML-Export, hochgeladene Referenzdatei",user_upload:quiz-ABU_Smartlearn_1.Teil-top-20260519-0952.html
abu,Allgemeinbildender Unterricht ABU,abu_l07,ABU,L07,"Geld und Unternehmen: Banken, SNB, Inflation und Kaufkraft",medium,single_choice,Welche Aussage zeigt ein korrektes Verständnis von Geschäftsbank?,sie macht Bundesgesetze,"sie bietet Konten, Kredite und Zahlungsverkehr für Kundschaft an",sie entscheidet Scheidungen,sie organisiert Wahlen,B,Geschäftsbanken sind zentrale Finanzdienstleister.,"ABU Smartlearn Quiz 1. Teil, Moodle-XHTML-Export, hochgeladene Referenzdatei",user_upload:quiz-ABU_Smartlearn_1.Teil-top-20260519-0952.html
abu,Allgemeinbildender Unterricht ABU,abu_l07,ABU,L07,"Geld und Unternehmen: Banken, SNB, Inflation und Kaufkraft",hard,single_choice,Welche Aussage grenzt Geschäftsbank am präzisesten von falschen Vorstellungen ab?,sie macht Bundesgesetze,sie entscheidet Scheidungen,"sie bietet Konten, Kredite und Zahlungsverkehr für Kundschaft an",sie organisiert Wahlen,C,Geschäftsbanken sind zentrale Finanzdienstleister.,"ABU Smartlearn Quiz 1. Teil, Moodle-XHTML-Export, hochgeladene Referenzdatei",user_upload:quiz-ABU_Smartlearn_1.Teil-top-20260519-0952.html
abu,Allgemeinbildender Unterricht ABU,abu_l07,ABU,L07,"Geld und Unternehmen: Banken, SNB, Inflation und Kaufkraft",easy,single_choice,Welche Kurzdefinition passt zu Geschäftsbank?,sie macht Bundesgesetze,sie entscheidet Scheidungen,sie organisiert Wahlen,"sie bietet Konten, Kredite und Zahlungsverkehr für Kundschaft an",D,Geschäftsbanken sind zentrale Finanzdienstleister.,"ABU Smartlearn Quiz 1. Teil, Moodle-XHTML-Export, hochgeladene Referenzdatei",user_upload:quiz-ABU_Smartlearn_1.Teil-top-20260519-0952.html
abu,Allgemeinbildender Unterricht ABU,abu_l07,ABU,L07,"Geld und Unternehmen: Banken, SNB, Inflation und Kaufkraft",easy,single_choice,Welche Aussage beschreibt Zahlungsmittel im ABU am besten?,Bargeld und Buchgeld können zur Bezahlung verwendet werden,nur Mietverträge zahlen,nur Stimmzettel zahlen,nur Versicherungen zahlen,A,Zahlungsmittel ermöglichen Tausch und Handel.,"ABU Smartlearn Quiz 1. Teil, Moodle-XHTML-Export, hochgeladene Referenzdatei",user_upload:quiz-ABU_Smartlearn_1.Teil-top-20260519-0952.html
abu,Allgemeinbildender Unterricht ABU,abu_l07,ABU,L07,"Geld und Unternehmen: Banken, SNB, Inflation und Kaufkraft",medium,single_choice,Worauf muss man beim Thema Zahlungsmittel besonders achten?,nur Mietverträge zahlen,Bargeld und Buchgeld können zur Bezahlung verwendet werden,nur Stimmzettel zahlen,nur Versicherungen zahlen,B,Zahlungsmittel ermöglichen Tausch und Handel.,"ABU Smartlearn Quiz 1. Teil, Moodle-XHTML-Export, hochgeladene Referenzdatei",user_upload:quiz-ABU_Smartlearn_1.Teil-top-20260519-0952.html
abu,Allgemeinbildender Unterricht ABU,abu_l07,ABU,L07,"Geld und Unternehmen: Banken, SNB, Inflation und Kaufkraft",hard,single_choice,Welche Aussage zu Zahlungsmittel ist fachlich am korrektesten?,nur Mietverträge zahlen,nur Stimmzettel zahlen,Bargeld und Buchgeld können zur Bezahlung verwendet werden,nur Versicherungen zahlen,C,Zahlungsmittel ermöglichen Tausch und Handel.,"ABU Smartlearn Quiz 1. Teil, Moodle-XHTML-Export, hochgeladene Referenzdatei",user_upload:quiz-ABU_Smartlearn_1.Teil-top-20260519-0952.html
abu,Allgemeinbildender Unterricht ABU,abu_l07,ABU,L07,"Geld und Unternehmen: Banken, SNB, Inflation und Kaufkraft",easy,single_choice,Welche Antwort passt zum Begriff Zahlungsmittel?,nur Mietverträge zahlen,nur Stimmzettel zahlen,nur Versicherungen zahlen,Bargeld und Buchgeld können zur Bezahlung verwendet werden,D,Zahlungsmittel ermöglichen Tausch und Handel.,"ABU Smartlearn Quiz 1. Teil, Moodle-XHTML-Export, hochgeladene Referenzdatei",user_upload:quiz-ABU_Smartlearn_1.Teil-top-20260519-0952.html
abu,Allgemeinbildender Unterricht ABU,abu_l07,ABU,L07,"Geld und Unternehmen: Banken, SNB, Inflation und Kaufkraft",medium,single_choice,Welche praktische Bedeutung hat Zahlungsmittel für Lernende?,Bargeld und Buchgeld können zur Bezahlung verwendet werden,nur Mietverträge zahlen,nur Stimmzettel zahlen,nur Versicherungen zahlen,A,Zahlungsmittel ermöglichen Tausch und Handel.,"ABU Smartlearn Quiz 1. Teil, Moodle-XHTML-Export, hochgeladene Referenzdatei",user_upload:quiz-ABU_Smartlearn_1.Teil-top-20260519-0952.html
abu,Allgemeinbildender Unterricht ABU,abu_l07,ABU,L07,"Geld und Unternehmen: Banken, SNB, Inflation und Kaufkraft",hard,single_choice,Welche Erklärung zu Zahlungsmittel ist im gesellschaftlichen und rechtlichen Kontext richtig?,nur Mietverträge zahlen,Bargeld und Buchgeld können zur Bezahlung verwendet werden,nur Stimmzettel zahlen,nur Versicherungen zahlen,B,Zahlungsmittel ermöglichen Tausch und Handel.,"ABU Smartlearn Quiz 1. Teil, Moodle-XHTML-Export, hochgeladene Referenzdatei",user_upload:quiz-ABU_Smartlearn_1.Teil-top-20260519-0952.html
abu,Allgemeinbildender Unterricht ABU,abu_l07,ABU,L07,"Geld und Unternehmen: Banken, SNB, Inflation und Kaufkraft",easy,single_choice,Was ist bei Zahlungsmittel grundsätzlich richtig?,nur Mietverträge zahlen,nur Stimmzettel zahlen,Bargeld und Buchgeld können zur Bezahlung verwendet werden,nur Versicherungen zahlen,C,Zahlungsmittel ermöglichen Tausch und Handel.,"ABU Smartlearn Quiz 1. Teil, Moodle-XHTML-Export, hochgeladene Referenzdatei",user_upload:quiz-ABU_Smartlearn_1.Teil-top-20260519-0952.html
abu,Allgemeinbildender Unterricht ABU,abu_l07,ABU,L07,"Geld und Unternehmen: Banken, SNB, Inflation und Kaufkraft",medium,single_choice,Welche Aussage zeigt ein korrektes Verständnis von Zahlungsmittel?,nur Mietverträge zahlen,nur Stimmzettel zahlen,nur Versicherungen zahlen,Bargeld und Buchgeld können zur Bezahlung verwendet werden,D,Zahlungsmittel ermöglichen Tausch und Handel.,"ABU Smartlearn Quiz 1. Teil, Moodle-XHTML-Export, hochgeladene Referenzdatei",user_upload:quiz-ABU_Smartlearn_1.Teil-top-20260519-0952.html
abu,Allgemeinbildender Unterricht ABU,abu_l07,ABU,L07,"Geld und Unternehmen: Banken, SNB, Inflation und Kaufkraft",hard,single_choice,Welche Aussage grenzt Zahlungsmittel am präzisesten von falschen Vorstellungen ab?,Bargeld und Buchgeld können zur Bezahlung verwendet werden,nur Mietverträge zahlen,nur Stimmzettel zahlen,nur Versicherungen zahlen,A,Zahlungsmittel ermöglichen Tausch und Handel.,"ABU Smartlearn Quiz 1. Teil, Moodle-XHTML-Export, hochgeladene Referenzdatei",user_upload:quiz-ABU_Smartlearn_1.Teil-top-20260519-0952.html
abu,Allgemeinbildender Unterricht ABU,abu_l07,ABU,L07,"Geld und Unternehmen: Banken, SNB, Inflation und Kaufkraft",easy,single_choice,Welche Kurzdefinition passt zu Zahlungsmittel?,nur Mietverträge zahlen,Bargeld und Buchgeld können zur Bezahlung verwendet werden,nur Stimmzettel zahlen,nur Versicherungen zahlen,B,Zahlungsmittel ermöglichen Tausch und Handel.,"ABU Smartlearn Quiz 1. Teil, Moodle-XHTML-Export, hochgeladene Referenzdatei",user_upload:quiz-ABU_Smartlearn_1.Teil-top-20260519-0952.html
abu,Allgemeinbildender Unterricht ABU,abu_l07,ABU,L07,"Geld und Unternehmen: Banken, SNB, Inflation und Kaufkraft",easy,single_choice,Welche Aussage beschreibt Zahlungsverkehr im ABU am besten?,Rechte werden gewählt,Wohnungen werden besichtigt,Geld wird zwischen Personen oder Institutionen übertragen,Erbschaften werden diskutiert,C,Zahlungsverkehr muss zuverlässig und nachvollziehbar sein.,"ABU Smartlearn Quiz 1. Teil, Moodle-XHTML-Export, hochgeladene Referenzdatei",user_upload:quiz-ABU_Smartlearn_1.Teil-top-20260519-0952.html
abu,Allgemeinbildender Unterricht ABU,abu_l07,ABU,L07,"Geld und Unternehmen: Banken, SNB, Inflation und Kaufkraft",medium,single_choice,Worauf muss man beim Thema Zahlungsverkehr besonders achten?,Rechte werden gewählt,Wohnungen werden besichtigt,Erbschaften werden diskutiert,Geld wird zwischen Personen oder Institutionen übertragen,D,Zahlungsverkehr muss zuverlässig und nachvollziehbar sein.,"ABU Smartlearn Quiz 1. Teil, Moodle-XHTML-Export, hochgeladene Referenzdatei",user_upload:quiz-ABU_Smartlearn_1.Teil-top-20260519-0952.html
abu,Allgemeinbildender Unterricht ABU,abu_l07,ABU,L07,"Geld und Unternehmen: Banken, SNB, Inflation und Kaufkraft",hard,single_choice,Welche Aussage zu Zahlungsverkehr ist fachlich am korrektesten?,Geld wird zwischen Personen oder Institutionen übertragen,Rechte werden gewählt,Wohnungen werden besichtigt,Erbschaften werden diskutiert,A,Zahlungsverkehr muss zuverlässig und nachvollziehbar sein.,"ABU Smartlearn Quiz 1. Teil, Moodle-XHTML-Export, hochgeladene Referenzdatei",user_upload:quiz-ABU_Smartlearn_1.Teil-top-20260519-0952.html
abu,Allgemeinbildender Unterricht ABU,abu_l07,ABU,L07,"Geld und Unternehmen: Banken, SNB, Inflation und Kaufkraft",easy,single_choice,Welche Antwort passt zum Begriff Zahlungsverkehr?,Rechte werden gewählt,Geld wird zwischen Personen oder Institutionen übertragen,Wohnungen werden besichtigt,Erbschaften werden diskutiert,B,Zahlungsverkehr muss zuverlässig und nachvollziehbar sein.,"ABU Smartlearn Quiz 1. Teil, Moodle-XHTML-Export, hochgeladene Referenzdatei",user_upload:quiz-ABU_Smartlearn_1.Teil-top-20260519-0952.html
abu,Allgemeinbildender Unterricht ABU,abu_l07,ABU,L07,"Geld und Unternehmen: Banken, SNB, Inflation und Kaufkraft",medium,single_choice,Welche praktische Bedeutung hat Zahlungsverkehr für Lernende?,Rechte werden gewählt,Wohnungen werden besichtigt,Geld wird zwischen Personen oder Institutionen übertragen,Erbschaften werden diskutiert,C,Zahlungsverkehr muss zuverlässig und nachvollziehbar sein.,"ABU Smartlearn Quiz 1. Teil, Moodle-XHTML-Export, hochgeladene Referenzdatei",user_upload:quiz-ABU_Smartlearn_1.Teil-top-20260519-0952.html
abu,Allgemeinbildender Unterricht ABU,abu_l07,ABU,L07,"Geld und Unternehmen: Banken, SNB, Inflation und Kaufkraft",hard,single_choice,Welche Erklärung zu Zahlungsverkehr ist im gesellschaftlichen und rechtlichen Kontext richtig?,Rechte werden gewählt,Wohnungen werden besichtigt,Erbschaften werden diskutiert,Geld wird zwischen Personen oder Institutionen übertragen,D,Zahlungsverkehr muss zuverlässig und nachvollziehbar sein.,"ABU Smartlearn Quiz 1. Teil, Moodle-XHTML-Export, hochgeladene Referenzdatei",user_upload:quiz-ABU_Smartlearn_1.Teil-top-20260519-0952.html
abu,Allgemeinbildender Unterricht ABU,abu_l07,ABU,L07,"Geld und Unternehmen: Banken, SNB, Inflation und Kaufkraft",easy,single_choice,Was ist bei Zahlungsverkehr grundsätzlich richtig?,Geld wird zwischen Personen oder Institutionen übertragen,Rechte werden gewählt,Wohnungen werden besichtigt,Erbschaften werden diskutiert,A,Zahlungsverkehr muss zuverlässig und nachvollziehbar sein.,"ABU Smartlearn Quiz 1. Teil, Moodle-XHTML-Export, hochgeladene Referenzdatei",user_upload:quiz-ABU_Smartlearn_1.Teil-top-20260519-0952.html
abu,Allgemeinbildender Unterricht ABU,abu_l07,ABU,L07,"Geld und Unternehmen: Banken, SNB, Inflation und Kaufkraft",medium,single_choice,Welche Aussage zeigt ein korrektes Verständnis von Zahlungsverkehr?,Rechte werden gewählt,Geld wird zwischen Personen oder Institutionen übertragen,Wohnungen werden besichtigt,Erbschaften werden diskutiert,B,Zahlungsverkehr muss zuverlässig und nachvollziehbar sein.,"ABU Smartlearn Quiz 1. Teil, Moodle-XHTML-Export, hochgeladene Referenzdatei",user_upload:quiz-ABU_Smartlearn_1.Teil-top-20260519-0952.html
abu,Allgemeinbildender Unterricht ABU,abu_l07,ABU,L07,"Geld und Unternehmen: Banken, SNB, Inflation und Kaufkraft",hard,single_choice,Welche Aussage grenzt Zahlungsverkehr am präzisesten von falschen Vorstellungen ab?,Rechte werden gewählt,Wohnungen werden besichtigt,Geld wird zwischen Personen oder Institutionen übertragen,Erbschaften werden diskutiert,C,Zahlungsverkehr muss zuverlässig und nachvollziehbar sein.,"ABU Smartlearn Quiz 1. Teil, Moodle-XHTML-Export, hochgeladene Referenzdatei",user_upload:quiz-ABU_Smartlearn_1.Teil-top-20260519-0952.html
abu,Allgemeinbildender Unterricht ABU,abu_l07,ABU,L07,"Geld und Unternehmen: Banken, SNB, Inflation und Kaufkraft",easy,single_choice,Welche Kurzdefinition passt zu Zahlungsverkehr?,Rechte werden gewählt,Wohnungen werden besichtigt,Erbschaften werden diskutiert,Geld wird zwischen Personen oder Institutionen übertragen,D,Zahlungsverkehr muss zuverlässig und nachvollziehbar sein.,"ABU Smartlearn Quiz 1. Teil, Moodle-XHTML-Export, hochgeladene Referenzdatei",user_upload:quiz-ABU_Smartlearn_1.Teil-top-20260519-0952.html
abu,Allgemeinbildender Unterricht ABU,abu_l07,ABU,L07,"Geld und Unternehmen: Banken, SNB, Inflation und Kaufkraft",easy,single_choice,Welche Aussage beschreibt Inflation im ABU am besten?,das allgemeine Preisniveau steigt über eine gewisse Zeit,alle Preise sinken zwingend,Geld gewinnt immer Kaufkraft,sie ist eine Vertragsform,A,Inflation verringert die Kaufkraft des Geldes.,"ABU Smartlearn Quiz 1. Teil, Moodle-XHTML-Export, hochgeladene Referenzdatei",user_upload:quiz-ABU_Smartlearn_1.Teil-top-20260519-0952.html
abu,Allgemeinbildender Unterricht ABU,abu_l07,ABU,L07,"Geld und Unternehmen: Banken, SNB, Inflation und Kaufkraft",medium,single_choice,Worauf muss man beim Thema Inflation besonders achten?,alle Preise sinken zwingend,das allgemeine Preisniveau steigt über eine gewisse Zeit,Geld gewinnt immer Kaufkraft,sie ist eine Vertragsform,B,Inflation verringert die Kaufkraft des Geldes.,"ABU Smartlearn Quiz 1. Teil, Moodle-XHTML-Export, hochgeladene Referenzdatei",user_upload:quiz-ABU_Smartlearn_1.Teil-top-20260519-0952.html
abu,Allgemeinbildender Unterricht ABU,abu_l07,ABU,L07,"Geld und Unternehmen: Banken, SNB, Inflation und Kaufkraft",hard,single_choice,Welche Aussage zu Inflation ist fachlich am korrektesten?,alle Preise sinken zwingend,Geld gewinnt immer Kaufkraft,das allgemeine Preisniveau steigt über eine gewisse Zeit,sie ist eine Vertragsform,C,Inflation verringert die Kaufkraft des Geldes.,"ABU Smartlearn Quiz 1. Teil, Moodle-XHTML-Export, hochgeladene Referenzdatei",user_upload:quiz-ABU_Smartlearn_1.Teil-top-20260519-0952.html
abu,Allgemeinbildender Unterricht ABU,abu_l07,ABU,L07,"Geld und Unternehmen: Banken, SNB, Inflation und Kaufkraft",easy,single_choice,Welche Antwort passt zum Begriff Inflation?,alle Preise sinken zwingend,Geld gewinnt immer Kaufkraft,sie ist eine Vertragsform,das allgemeine Preisniveau steigt über eine gewisse Zeit,D,Inflation verringert die Kaufkraft des Geldes.,"ABU Smartlearn Quiz 1. Teil, Moodle-XHTML-Export, hochgeladene Referenzdatei",user_upload:quiz-ABU_Smartlearn_1.Teil-top-20260519-0952.html
abu,Allgemeinbildender Unterricht ABU,abu_l07,ABU,L07,"Geld und Unternehmen: Banken, SNB, Inflation und Kaufkraft",medium,single_choice,Welche praktische Bedeutung hat Inflation für Lernende?,das allgemeine Preisniveau steigt über eine gewisse Zeit,alle Preise sinken zwingend,Geld gewinnt immer Kaufkraft,sie ist eine Vertragsform,A,Inflation verringert die Kaufkraft des Geldes.,"ABU Smartlearn Quiz 1. Teil, Moodle-XHTML-Export, hochgeladene Referenzdatei",user_upload:quiz-ABU_Smartlearn_1.Teil-top-20260519-0952.html
abu,Allgemeinbildender Unterricht ABU,abu_l07,ABU,L07,"Geld und Unternehmen: Banken, SNB, Inflation und Kaufkraft",hard,single_choice,Welche Erklärung zu Inflation ist im gesellschaftlichen und rechtlichen Kontext richtig?,alle Preise sinken zwingend,das allgemeine Preisniveau steigt über eine gewisse Zeit,Geld gewinnt immer Kaufkraft,sie ist eine Vertragsform,B,Inflation verringert die Kaufkraft des Geldes.,"ABU Smartlearn Quiz 1. Teil, Moodle-XHTML-Export, hochgeladene Referenzdatei",user_upload:quiz-ABU_Smartlearn_1.Teil-top-20260519-0952.html
abu,Allgemeinbildender Unterricht ABU,abu_l07,ABU,L07,"Geld und Unternehmen: Banken, SNB, Inflation und Kaufkraft",easy,single_choice,Was ist bei Inflation grundsätzlich richtig?,alle Preise sinken zwingend,Geld gewinnt immer Kaufkraft,das allgemeine Preisniveau steigt über eine gewisse Zeit,sie ist eine Vertragsform,C,Inflation verringert die Kaufkraft des Geldes.,"ABU Smartlearn Quiz 1. Teil, Moodle-XHTML-Export, hochgeladene Referenzdatei",user_upload:quiz-ABU_Smartlearn_1.Teil-top-20260519-0952.html
abu,Allgemeinbildender Unterricht ABU,abu_l07,ABU,L07,"Geld und Unternehmen: Banken, SNB, Inflation und Kaufkraft",medium,single_choice,Welche Aussage zeigt ein korrektes Verständnis von Inflation?,alle Preise sinken zwingend,Geld gewinnt immer Kaufkraft,sie ist eine Vertragsform,das allgemeine Preisniveau steigt über eine gewisse Zeit,D,Inflation verringert die Kaufkraft des Geldes.,"ABU Smartlearn Quiz 1. Teil, Moodle-XHTML-Export, hochgeladene Referenzdatei",user_upload:quiz-ABU_Smartlearn_1.Teil-top-20260519-0952.html
abu,Allgemeinbildender Unterricht ABU,abu_l07,ABU,L07,"Geld und Unternehmen: Banken, SNB, Inflation und Kaufkraft",hard,single_choice,Welche Aussage grenzt Inflation am präzisesten von falschen Vorstellungen ab?,das allgemeine Preisniveau steigt über eine gewisse Zeit,alle Preise sinken zwingend,Geld gewinnt immer Kaufkraft,sie ist eine Vertragsform,A,Inflation verringert die Kaufkraft des Geldes.,"ABU Smartlearn Quiz 1. Teil, Moodle-XHTML-Export, hochgeladene Referenzdatei",user_upload:quiz-ABU_Smartlearn_1.Teil-top-20260519-0952.html
abu,Allgemeinbildender Unterricht ABU,abu_l07,ABU,L07,"Geld und Unternehmen: Banken, SNB, Inflation und Kaufkraft",easy,single_choice,Welche Kurzdefinition passt zu Inflation?,alle Preise sinken zwingend,das allgemeine Preisniveau steigt über eine gewisse Zeit,Geld gewinnt immer Kaufkraft,sie ist eine Vertragsform,B,Inflation verringert die Kaufkraft des Geldes.,"ABU Smartlearn Quiz 1. Teil, Moodle-XHTML-Export, hochgeladene Referenzdatei",user_upload:quiz-ABU_Smartlearn_1.Teil-top-20260519-0952.html
abu,Allgemeinbildender Unterricht ABU,abu_l07,ABU,L07,"Geld und Unternehmen: Banken, SNB, Inflation und Kaufkraft",easy,single_choice,Welche Aussage beschreibt Kaufkraft im ABU am besten?,sie ist ein Wahlrecht,sie ist ein Mietvertrag,"sie zeigt, wie viele Güter man mit Geld kaufen kann",sie ist ein Gericht,C,Kaufkraft hängt von Preisen und Einkommen ab.,"ABU Smartlearn Quiz 1. Teil, Moodle-XHTML-Export, hochgeladene Referenzdatei",user_upload:quiz-ABU_Smartlearn_1.Teil-top-20260519-0952.html
abu,Allgemeinbildender Unterricht ABU,abu_l07,ABU,L07,"Geld und Unternehmen: Banken, SNB, Inflation und Kaufkraft",medium,single_choice,Worauf muss man beim Thema Kaufkraft besonders achten?,sie ist ein Wahlrecht,sie ist ein Mietvertrag,sie ist ein Gericht,"sie zeigt, wie viele Güter man mit Geld kaufen kann",D,Kaufkraft hängt von Preisen und Einkommen ab.,"ABU Smartlearn Quiz 1. Teil, Moodle-XHTML-Export, hochgeladene Referenzdatei",user_upload:quiz-ABU_Smartlearn_1.Teil-top-20260519-0952.html
abu,Allgemeinbildender Unterricht ABU,abu_l07,ABU,L07,"Geld und Unternehmen: Banken, SNB, Inflation und Kaufkraft",hard,single_choice,Welche Aussage zu Kaufkraft ist fachlich am korrektesten?,"sie zeigt, wie viele Güter man mit Geld kaufen kann",sie ist ein Wahlrecht,sie ist ein Mietvertrag,sie ist ein Gericht,A,Kaufkraft hängt von Preisen und Einkommen ab.,"ABU Smartlearn Quiz 1. Teil, Moodle-XHTML-Export, hochgeladene Referenzdatei",user_upload:quiz-ABU_Smartlearn_1.Teil-top-20260519-0952.html
abu,Allgemeinbildender Unterricht ABU,abu_l07,ABU,L07,"Geld und Unternehmen: Banken, SNB, Inflation und Kaufkraft",easy,single_choice,Welche Antwort passt zum Begriff Kaufkraft?,sie ist ein Wahlrecht,"sie zeigt, wie viele Güter man mit Geld kaufen kann",sie ist ein Mietvertrag,sie ist ein Gericht,B,Kaufkraft hängt von Preisen und Einkommen ab.,"ABU Smartlearn Quiz 1. Teil, Moodle-XHTML-Export, hochgeladene Referenzdatei",user_upload:quiz-ABU_Smartlearn_1.Teil-top-20260519-0952.html
abu,Allgemeinbildender Unterricht ABU,abu_l07,ABU,L07,"Geld und Unternehmen: Banken, SNB, Inflation und Kaufkraft",medium,single_choice,Welche praktische Bedeutung hat Kaufkraft für Lernende?,sie ist ein Wahlrecht,sie ist ein Mietvertrag,"sie zeigt, wie viele Güter man mit Geld kaufen kann",sie ist ein Gericht,C,Kaufkraft hängt von Preisen und Einkommen ab.,"ABU Smartlearn Quiz 1. Teil, Moodle-XHTML-Export, hochgeladene Referenzdatei",user_upload:quiz-ABU_Smartlearn_1.Teil-top-20260519-0952.html
abu,Allgemeinbildender Unterricht ABU,abu_l07,ABU,L07,"Geld und Unternehmen: Banken, SNB, Inflation und Kaufkraft",hard,single_choice,Welche Erklärung zu Kaufkraft ist im gesellschaftlichen und rechtlichen Kontext richtig?,sie ist ein Wahlrecht,sie ist ein Mietvertrag,sie ist ein Gericht,"sie zeigt, wie viele Güter man mit Geld kaufen kann",D,Kaufkraft hängt von Preisen und Einkommen ab.,"ABU Smartlearn Quiz 1. Teil, Moodle-XHTML-Export, hochgeladene Referenzdatei",user_upload:quiz-ABU_Smartlearn_1.Teil-top-20260519-0952.html
abu,Allgemeinbildender Unterricht ABU,abu_l07,ABU,L07,"Geld und Unternehmen: Banken, SNB, Inflation und Kaufkraft",easy,single_choice,Was ist bei Kaufkraft grundsätzlich richtig?,"sie zeigt, wie viele Güter man mit Geld kaufen kann",sie ist ein Wahlrecht,sie ist ein Mietvertrag,sie ist ein Gericht,A,Kaufkraft hängt von Preisen und Einkommen ab.,"ABU Smartlearn Quiz 1. Teil, Moodle-XHTML-Export, hochgeladene Referenzdatei",user_upload:quiz-ABU_Smartlearn_1.Teil-top-20260519-0952.html
abu,Allgemeinbildender Unterricht ABU,abu_l07,ABU,L07,"Geld und Unternehmen: Banken, SNB, Inflation und Kaufkraft",medium,single_choice,Welche Aussage zeigt ein korrektes Verständnis von Kaufkraft?,sie ist ein Wahlrecht,"sie zeigt, wie viele Güter man mit Geld kaufen kann",sie ist ein Mietvertrag,sie ist ein Gericht,B,Kaufkraft hängt von Preisen und Einkommen ab.,"ABU Smartlearn Quiz 1. Teil, Moodle-XHTML-Export, hochgeladene Referenzdatei",user_upload:quiz-ABU_Smartlearn_1.Teil-top-20260519-0952.html
abu,Allgemeinbildender Unterricht ABU,abu_l07,ABU,L07,"Geld und Unternehmen: Banken, SNB, Inflation und Kaufkraft",hard,single_choice,Welche Aussage grenzt Kaufkraft am präzisesten von falschen Vorstellungen ab?,sie ist ein Wahlrecht,sie ist ein Mietvertrag,"sie zeigt, wie viele Güter man mit Geld kaufen kann",sie ist ein Gericht,C,Kaufkraft hängt von Preisen und Einkommen ab.,"ABU Smartlearn Quiz 1. Teil, Moodle-XHTML-Export, hochgeladene Referenzdatei",user_upload:quiz-ABU_Smartlearn_1.Teil-top-20260519-0952.html
abu,Allgemeinbildender Unterricht ABU,abu_l07,ABU,L07,"Geld und Unternehmen: Banken, SNB, Inflation und Kaufkraft",easy,single_choice,Welche Kurzdefinition passt zu Kaufkraft?,sie ist ein Wahlrecht,sie ist ein Mietvertrag,sie ist ein Gericht,"sie zeigt, wie viele Güter man mit Geld kaufen kann",D,Kaufkraft hängt von Preisen und Einkommen ab.,"ABU Smartlearn Quiz 1. Teil, Moodle-XHTML-Export, hochgeladene Referenzdatei",user_upload:quiz-ABU_Smartlearn_1.Teil-top-20260519-0952.html
abu,Allgemeinbildender Unterricht ABU,abu_l07,ABU,L07,"Geld und Unternehmen: Banken, SNB, Inflation und Kaufkraft",easy,single_choice,Welche Aussage beschreibt Inflationsbekämpfung im ABU am besten?,Geldpolitik kann Preissteigerungen bremsen,sie erhöht Mängelrügen,sie ersetzt Berufsschule,sie kündigt Wohnungen,A,Zinsen und Geldmenge beeinflussen Inflation.,"ABU Smartlearn Quiz 1. Teil, Moodle-XHTML-Export, hochgeladene Referenzdatei",user_upload:quiz-ABU_Smartlearn_1.Teil-top-20260519-0952.html
abu,Allgemeinbildender Unterricht ABU,abu_l07,ABU,L07,"Geld und Unternehmen: Banken, SNB, Inflation und Kaufkraft",medium,single_choice,Worauf muss man beim Thema Inflationsbekämpfung besonders achten?,sie erhöht Mängelrügen,Geldpolitik kann Preissteigerungen bremsen,sie ersetzt Berufsschule,sie kündigt Wohnungen,B,Zinsen und Geldmenge beeinflussen Inflation.,"ABU Smartlearn Quiz 1. Teil, Moodle-XHTML-Export, hochgeladene Referenzdatei",user_upload:quiz-ABU_Smartlearn_1.Teil-top-20260519-0952.html
abu,Allgemeinbildender Unterricht ABU,abu_l07,ABU,L07,"Geld und Unternehmen: Banken, SNB, Inflation und Kaufkraft",hard,single_choice,Welche Aussage zu Inflationsbekämpfung ist fachlich am korrektesten?,sie erhöht Mängelrügen,sie ersetzt Berufsschule,Geldpolitik kann Preissteigerungen bremsen,sie kündigt Wohnungen,C,Zinsen und Geldmenge beeinflussen Inflation.,"ABU Smartlearn Quiz 1. Teil, Moodle-XHTML-Export, hochgeladene Referenzdatei",user_upload:quiz-ABU_Smartlearn_1.Teil-top-20260519-0952.html
abu,Allgemeinbildender Unterricht ABU,abu_l07,ABU,L07,"Geld und Unternehmen: Banken, SNB, Inflation und Kaufkraft",easy,single_choice,Welche Antwort passt zum Begriff Inflationsbekämpfung?,sie erhöht Mängelrügen,sie ersetzt Berufsschule,sie kündigt Wohnungen,Geldpolitik kann Preissteigerungen bremsen,D,Zinsen und Geldmenge beeinflussen Inflation.,"ABU Smartlearn Quiz 1. Teil, Moodle-XHTML-Export, hochgeladene Referenzdatei",user_upload:quiz-ABU_Smartlearn_1.Teil-top-20260519-0952.html
abu,Allgemeinbildender Unterricht ABU,abu_l07,ABU,L07,"Geld und Unternehmen: Banken, SNB, Inflation und Kaufkraft",medium,single_choice,Welche praktische Bedeutung hat Inflationsbekämpfung für Lernende?,Geldpolitik kann Preissteigerungen bremsen,sie erhöht Mängelrügen,sie ersetzt Berufsschule,sie kündigt Wohnungen,A,Zinsen und Geldmenge beeinflussen Inflation.,"ABU Smartlearn Quiz 1. Teil, Moodle-XHTML-Export, hochgeladene Referenzdatei",user_upload:quiz-ABU_Smartlearn_1.Teil-top-20260519-0952.html
abu,Allgemeinbildender Unterricht ABU,abu_l07,ABU,L07,"Geld und Unternehmen: Banken, SNB, Inflation und Kaufkraft",hard,single_choice,Welche Erklärung zu Inflationsbekämpfung ist im gesellschaftlichen und rechtlichen Kontext richtig?,sie erhöht Mängelrügen,Geldpolitik kann Preissteigerungen bremsen,sie ersetzt Berufsschule,sie kündigt Wohnungen,B,Zinsen und Geldmenge beeinflussen Inflation.,"ABU Smartlearn Quiz 1. Teil, Moodle-XHTML-Export, hochgeladene Referenzdatei",user_upload:quiz-ABU_Smartlearn_1.Teil-top-20260519-0952.html
abu,Allgemeinbildender Unterricht ABU,abu_l07,ABU,L07,"Geld und Unternehmen: Banken, SNB, Inflation und Kaufkraft",easy,single_choice,Was ist bei Inflationsbekämpfung grundsätzlich richtig?,sie erhöht Mängelrügen,sie ersetzt Berufsschule,Geldpolitik kann Preissteigerungen bremsen,sie kündigt Wohnungen,C,Zinsen und Geldmenge beeinflussen Inflation.,"ABU Smartlearn Quiz 1. Teil, Moodle-XHTML-Export, hochgeladene Referenzdatei",user_upload:quiz-ABU_Smartlearn_1.Teil-top-20260519-0952.html
abu,Allgemeinbildender Unterricht ABU,abu_l07,ABU,L07,"Geld und Unternehmen: Banken, SNB, Inflation und Kaufkraft",medium,single_choice,Welche Aussage zeigt ein korrektes Verständnis von Inflationsbekämpfung?,sie erhöht Mängelrügen,sie ersetzt Berufsschule,sie kündigt Wohnungen,Geldpolitik kann Preissteigerungen bremsen,D,Zinsen und Geldmenge beeinflussen Inflation.,"ABU Smartlearn Quiz 1. Teil, Moodle-XHTML-Export, hochgeladene Referenzdatei",user_upload:quiz-ABU_Smartlearn_1.Teil-top-20260519-0952.html
abu,Allgemeinbildender Unterricht ABU,abu_l07,ABU,L07,"Geld und Unternehmen: Banken, SNB, Inflation und Kaufkraft",hard,single_choice,Welche Aussage grenzt Inflationsbekämpfung am präzisesten von falschen Vorstellungen ab?,Geldpolitik kann Preissteigerungen bremsen,sie erhöht Mängelrügen,sie ersetzt Berufsschule,sie kündigt Wohnungen,A,Zinsen und Geldmenge beeinflussen Inflation.,"ABU Smartlearn Quiz 1. Teil, Moodle-XHTML-Export, hochgeladene Referenzdatei",user_upload:quiz-ABU_Smartlearn_1.Teil-top-20260519-0952.html
abu,Allgemeinbildender Unterricht ABU,abu_l07,ABU,L07,"Geld und Unternehmen: Banken, SNB, Inflation und Kaufkraft",easy,single_choice,Welche Kurzdefinition passt zu Inflationsbekämpfung?,sie erhöht Mängelrügen,Geldpolitik kann Preissteigerungen bremsen,sie ersetzt Berufsschule,sie kündigt Wohnungen,B,Zinsen und Geldmenge beeinflussen Inflation.,"ABU Smartlearn Quiz 1. Teil, Moodle-XHTML-Export, hochgeladene Referenzdatei",user_upload:quiz-ABU_Smartlearn_1.Teil-top-20260519-0952.html
abu,Allgemeinbildender Unterricht ABU,abu_l07,ABU,L07,"Geld und Unternehmen: Banken, SNB, Inflation und Kaufkraft",easy,single_choice,Welche Aussage beschreibt Konjunktur im ABU am besten?,sie ist ein Personenstand,sie ist ein Betreibungsformular,sie beschreibt Schwankungen der wirtschaftlichen Aktivität,sie ist ein Grundbuch,C,"Konjunktur betrifft Beschäftigung, Produktion und Nachfrage.","ABU Smartlearn Quiz 1. Teil, Moodle-XHTML-Export, hochgeladene Referenzdatei",user_upload:quiz-ABU_Smartlearn_1.Teil-top-20260519-0952.html
abu,Allgemeinbildender Unterricht ABU,abu_l07,ABU,L07,"Geld und Unternehmen: Banken, SNB, Inflation und Kaufkraft",medium,single_choice,Worauf muss man beim Thema Konjunktur besonders achten?,sie ist ein Personenstand,sie ist ein Betreibungsformular,sie ist ein Grundbuch,sie beschreibt Schwankungen der wirtschaftlichen Aktivität,D,"Konjunktur betrifft Beschäftigung, Produktion und Nachfrage.","ABU Smartlearn Quiz 1. Teil, Moodle-XHTML-Export, hochgeladene Referenzdatei",user_upload:quiz-ABU_Smartlearn_1.Teil-top-20260519-0952.html
abu,Allgemeinbildender Unterricht ABU,abu_l07,ABU,L07,"Geld und Unternehmen: Banken, SNB, Inflation und Kaufkraft",hard,single_choice,Welche Aussage zu Konjunktur ist fachlich am korrektesten?,sie beschreibt Schwankungen der wirtschaftlichen Aktivität,sie ist ein Personenstand,sie ist ein Betreibungsformular,sie ist ein Grundbuch,A,"Konjunktur betrifft Beschäftigung, Produktion und Nachfrage.","ABU Smartlearn Quiz 1. Teil, Moodle-XHTML-Export, hochgeladene Referenzdatei",user_upload:quiz-ABU_Smartlearn_1.Teil-top-20260519-0952.html
abu,Allgemeinbildender Unterricht ABU,abu_l07,ABU,L07,"Geld und Unternehmen: Banken, SNB, Inflation und Kaufkraft",easy,single_choice,Welche Antwort passt zum Begriff Konjunktur?,sie ist ein Personenstand,sie beschreibt Schwankungen der wirtschaftlichen Aktivität,sie ist ein Betreibungsformular,sie ist ein Grundbuch,B,"Konjunktur betrifft Beschäftigung, Produktion und Nachfrage.","ABU Smartlearn Quiz 1. Teil, Moodle-XHTML-Export, hochgeladene Referenzdatei",user_upload:quiz-ABU_Smartlearn_1.Teil-top-20260519-0952.html
abu,Allgemeinbildender Unterricht ABU,abu_l07,ABU,L07,"Geld und Unternehmen: Banken, SNB, Inflation und Kaufkraft",medium,single_choice,Welche praktische Bedeutung hat Konjunktur für Lernende?,sie ist ein Personenstand,sie ist ein Betreibungsformular,sie beschreibt Schwankungen der wirtschaftlichen Aktivität,sie ist ein Grundbuch,C,"Konjunktur betrifft Beschäftigung, Produktion und Nachfrage.","ABU Smartlearn Quiz 1. Teil, Moodle-XHTML-Export, hochgeladene Referenzdatei",user_upload:quiz-ABU_Smartlearn_1.Teil-top-20260519-0952.html
abu,Allgemeinbildender Unterricht ABU,abu_l07,ABU,L07,"Geld und Unternehmen: Banken, SNB, Inflation und Kaufkraft",hard,single_choice,Welche Erklärung zu Konjunktur ist im gesellschaftlichen und rechtlichen Kontext richtig?,sie ist ein Personenstand,sie ist ein Betreibungsformular,sie ist ein Grundbuch,sie beschreibt Schwankungen der wirtschaftlichen Aktivität,D,"Konjunktur betrifft Beschäftigung, Produktion und Nachfrage.","ABU Smartlearn Quiz 1. Teil, Moodle-XHTML-Export, hochgeladene Referenzdatei",user_upload:quiz-ABU_Smartlearn_1.Teil-top-20260519-0952.html
abu,Allgemeinbildender Unterricht ABU,abu_l07,ABU,L07,"Geld und Unternehmen: Banken, SNB, Inflation und Kaufkraft",easy,single_choice,Was ist bei Konjunktur grundsätzlich richtig?,sie beschreibt Schwankungen der wirtschaftlichen Aktivität,sie ist ein Personenstand,sie ist ein Betreibungsformular,sie ist ein Grundbuch,A,"Konjunktur betrifft Beschäftigung, Produktion und Nachfrage.","ABU Smartlearn Quiz 1. Teil, Moodle-XHTML-Export, hochgeladene Referenzdatei",user_upload:quiz-ABU_Smartlearn_1.Teil-top-20260519-0952.html
abu,Allgemeinbildender Unterricht ABU,abu_l07,ABU,L07,"Geld und Unternehmen: Banken, SNB, Inflation und Kaufkraft",medium,single_choice,Welche Aussage zeigt ein korrektes Verständnis von Konjunktur?,sie ist ein Personenstand,sie beschreibt Schwankungen der wirtschaftlichen Aktivität,sie ist ein Betreibungsformular,sie ist ein Grundbuch,B,"Konjunktur betrifft Beschäftigung, Produktion und Nachfrage.","ABU Smartlearn Quiz 1. Teil, Moodle-XHTML-Export, hochgeladene Referenzdatei",user_upload:quiz-ABU_Smartlearn_1.Teil-top-20260519-0952.html
abu,Allgemeinbildender Unterricht ABU,abu_l07,ABU,L07,"Geld und Unternehmen: Banken, SNB, Inflation und Kaufkraft",hard,single_choice,Welche Aussage grenzt Konjunktur am präzisesten von falschen Vorstellungen ab?,sie ist ein Personenstand,sie ist ein Betreibungsformular,sie beschreibt Schwankungen der wirtschaftlichen Aktivität,sie ist ein Grundbuch,C,"Konjunktur betrifft Beschäftigung, Produktion und Nachfrage.","ABU Smartlearn Quiz 1. Teil, Moodle-XHTML-Export, hochgeladene Referenzdatei",user_upload:quiz-ABU_Smartlearn_1.Teil-top-20260519-0952.html
abu,Allgemeinbildender Unterricht ABU,abu_l07,ABU,L07,"Geld und Unternehmen: Banken, SNB, Inflation und Kaufkraft",easy,single_choice,Welche Kurzdefinition passt zu Konjunktur?,sie ist ein Personenstand,sie ist ein Betreibungsformular,sie ist ein Grundbuch,sie beschreibt Schwankungen der wirtschaftlichen Aktivität,D,"Konjunktur betrifft Beschäftigung, Produktion und Nachfrage.","ABU Smartlearn Quiz 1. Teil, Moodle-XHTML-Export, hochgeladene Referenzdatei",user_upload:quiz-ABU_Smartlearn_1.Teil-top-20260519-0952.html
abu,Allgemeinbildender Unterricht ABU,abu_l07,ABU,L07,"Geld und Unternehmen: Banken, SNB, Inflation und Kaufkraft",easy,single_choice,Welche Aussage beschreibt Zinsniveau im ABU am besten?,"es beeinflusst Sparen, Kredite und Investitionen",es bestimmt das Stimmalter,es ist eine Eheform,es ist eine Mietkaution,A,Zinsen sind ein wichtiges Steuerungsinstrument.,"ABU Smartlearn Quiz 1. Teil, Moodle-XHTML-Export, hochgeladene Referenzdatei",user_upload:quiz-ABU_Smartlearn_1.Teil-top-20260519-0952.html
abu,Allgemeinbildender Unterricht ABU,abu_l07,ABU,L07,"Geld und Unternehmen: Banken, SNB, Inflation und Kaufkraft",medium,single_choice,Worauf muss man beim Thema Zinsniveau besonders achten?,es bestimmt das Stimmalter,"es beeinflusst Sparen, Kredite und Investitionen",es ist eine Eheform,es ist eine Mietkaution,B,Zinsen sind ein wichtiges Steuerungsinstrument.,"ABU Smartlearn Quiz 1. Teil, Moodle-XHTML-Export, hochgeladene Referenzdatei",user_upload:quiz-ABU_Smartlearn_1.Teil-top-20260519-0952.html
abu,Allgemeinbildender Unterricht ABU,abu_l07,ABU,L07,"Geld und Unternehmen: Banken, SNB, Inflation und Kaufkraft",hard,single_choice,Welche Aussage zu Zinsniveau ist fachlich am korrektesten?,es bestimmt das Stimmalter,es ist eine Eheform,"es beeinflusst Sparen, Kredite und Investitionen",es ist eine Mietkaution,C,Zinsen sind ein wichtiges Steuerungsinstrument.,"ABU Smartlearn Quiz 1. Teil, Moodle-XHTML-Export, hochgeladene Referenzdatei",user_upload:quiz-ABU_Smartlearn_1.Teil-top-20260519-0952.html
abu,Allgemeinbildender Unterricht ABU,abu_l07,ABU,L07,"Geld und Unternehmen: Banken, SNB, Inflation und Kaufkraft",easy,single_choice,Welche Antwort passt zum Begriff Zinsniveau?,es bestimmt das Stimmalter,es ist eine Eheform,es ist eine Mietkaution,"es beeinflusst Sparen, Kredite und Investitionen",D,Zinsen sind ein wichtiges Steuerungsinstrument.,"ABU Smartlearn Quiz 1. Teil, Moodle-XHTML-Export, hochgeladene Referenzdatei",user_upload:quiz-ABU_Smartlearn_1.Teil-top-20260519-0952.html
abu,Allgemeinbildender Unterricht ABU,abu_l07,ABU,L07,"Geld und Unternehmen: Banken, SNB, Inflation und Kaufkraft",medium,single_choice,Welche praktische Bedeutung hat Zinsniveau für Lernende?,"es beeinflusst Sparen, Kredite und Investitionen",es bestimmt das Stimmalter,es ist eine Eheform,es ist eine Mietkaution,A,Zinsen sind ein wichtiges Steuerungsinstrument.,"ABU Smartlearn Quiz 1. Teil, Moodle-XHTML-Export, hochgeladene Referenzdatei",user_upload:quiz-ABU_Smartlearn_1.Teil-top-20260519-0952.html
abu,Allgemeinbildender Unterricht ABU,abu_l07,ABU,L07,"Geld und Unternehmen: Banken, SNB, Inflation und Kaufkraft",hard,single_choice,Welche Erklärung zu Zinsniveau ist im gesellschaftlichen und rechtlichen Kontext richtig?,es bestimmt das Stimmalter,"es beeinflusst Sparen, Kredite und Investitionen",es ist eine Eheform,es ist eine Mietkaution,B,Zinsen sind ein wichtiges Steuerungsinstrument.,"ABU Smartlearn Quiz 1. Teil, Moodle-XHTML-Export, hochgeladene Referenzdatei",user_upload:quiz-ABU_Smartlearn_1.Teil-top-20260519-0952.html
abu,Allgemeinbildender Unterricht ABU,abu_l07,ABU,L07,"Geld und Unternehmen: Banken, SNB, Inflation und Kaufkraft",easy,single_choice,Was ist bei Zinsniveau grundsätzlich richtig?,es bestimmt das Stimmalter,es ist eine Eheform,"es beeinflusst Sparen, Kredite und Investitionen",es ist eine Mietkaution,C,Zinsen sind ein wichtiges Steuerungsinstrument.,"ABU Smartlearn Quiz 1. Teil, Moodle-XHTML-Export, hochgeladene Referenzdatei",user_upload:quiz-ABU_Smartlearn_1.Teil-top-20260519-0952.html
abu,Allgemeinbildender Unterricht ABU,abu_l07,ABU,L07,"Geld und Unternehmen: Banken, SNB, Inflation und Kaufkraft",medium,single_choice,Welche Aussage zeigt ein korrektes Verständnis von Zinsniveau?,es bestimmt das Stimmalter,es ist eine Eheform,es ist eine Mietkaution,"es beeinflusst Sparen, Kredite und Investitionen",D,Zinsen sind ein wichtiges Steuerungsinstrument.,"ABU Smartlearn Quiz 1. Teil, Moodle-XHTML-Export, hochgeladene Referenzdatei",user_upload:quiz-ABU_Smartlearn_1.Teil-top-20260519-0952.html
abu,Allgemeinbildender Unterricht ABU,abu_l07,ABU,L07,"Geld und Unternehmen: Banken, SNB, Inflation und Kaufkraft",hard,single_choice,Welche Aussage grenzt Zinsniveau am präzisesten von falschen Vorstellungen ab?,"es beeinflusst Sparen, Kredite und Investitionen",es bestimmt das Stimmalter,es ist eine Eheform,es ist eine Mietkaution,A,Zinsen sind ein wichtiges Steuerungsinstrument.,"ABU Smartlearn Quiz 1. Teil, Moodle-XHTML-Export, hochgeladene Referenzdatei",user_upload:quiz-ABU_Smartlearn_1.Teil-top-20260519-0952.html
abu,Allgemeinbildender Unterricht ABU,abu_l07,ABU,L07,"Geld und Unternehmen: Banken, SNB, Inflation und Kaufkraft",easy,single_choice,Welche Kurzdefinition passt zu Zinsniveau?,es bestimmt das Stimmalter,"es beeinflusst Sparen, Kredite und Investitionen",es ist eine Eheform,es ist eine Mietkaution,B,Zinsen sind ein wichtiges Steuerungsinstrument.,"ABU Smartlearn Quiz 1. Teil, Moodle-XHTML-Export, hochgeladene Referenzdatei",user_upload:quiz-ABU_Smartlearn_1.Teil-top-20260519-0952.html
abu,Allgemeinbildender Unterricht ABU,abu_l07,ABU,L07,"Geld und Unternehmen: Banken, SNB, Inflation und Kaufkraft",easy,single_choice,Welche Aussage beschreibt Umweltsphären im ABU am besten?,sie sind nur Wohnungsschlüssel,sie sind nur Lohnabrechnungen,"Unternehmen stehen mit wirtschaftlichen, sozialen, technischen und ökologischen Umfeldern in Beziehung",sie sind nur Parteiprogramme,C,Umweltsphären helfen bei der Unternehmensanalyse.,"ABU Smartlearn Quiz 1. Teil, Moodle-XHTML-Export, hochgeladene Referenzdatei",user_upload:quiz-ABU_Smartlearn_1.Teil-top-20260519-0952.html
abu,Allgemeinbildender Unterricht ABU,abu_l07,ABU,L07,"Geld und Unternehmen: Banken, SNB, Inflation und Kaufkraft",medium,single_choice,Worauf muss man beim Thema Umweltsphären besonders achten?,sie sind nur Wohnungsschlüssel,sie sind nur Lohnabrechnungen,sie sind nur Parteiprogramme,"Unternehmen stehen mit wirtschaftlichen, sozialen, technischen und ökologischen Umfeldern in Beziehung",D,Umweltsphären helfen bei der Unternehmensanalyse.,"ABU Smartlearn Quiz 1. Teil, Moodle-XHTML-Export, hochgeladene Referenzdatei",user_upload:quiz-ABU_Smartlearn_1.Teil-top-20260519-0952.html
abu,Allgemeinbildender Unterricht ABU,abu_l07,ABU,L07,"Geld und Unternehmen: Banken, SNB, Inflation und Kaufkraft",hard,single_choice,Welche Aussage zu Umweltsphären ist fachlich am korrektesten?,"Unternehmen stehen mit wirtschaftlichen, sozialen, technischen und ökologischen Umfeldern in Beziehung",sie sind nur Wohnungsschlüssel,sie sind nur Lohnabrechnungen,sie sind nur Parteiprogramme,A,Umweltsphären helfen bei der Unternehmensanalyse.,"ABU Smartlearn Quiz 1. Teil, Moodle-XHTML-Export, hochgeladene Referenzdatei",user_upload:quiz-ABU_Smartlearn_1.Teil-top-20260519-0952.html
abu,Allgemeinbildender Unterricht ABU,abu_l07,ABU,L07,"Geld und Unternehmen: Banken, SNB, Inflation und Kaufkraft",easy,single_choice,Welche Antwort passt zum Begriff Umweltsphären?,sie sind nur Wohnungsschlüssel,"Unternehmen stehen mit wirtschaftlichen, sozialen, technischen und ökologischen Umfeldern in Beziehung",sie sind nur Lohnabrechnungen,sie sind nur Parteiprogramme,B,Umweltsphären helfen bei der Unternehmensanalyse.,"ABU Smartlearn Quiz 1. Teil, Moodle-XHTML-Export, hochgeladene Referenzdatei",user_upload:quiz-ABU_Smartlearn_1.Teil-top-20260519-0952.html
abu,Allgemeinbildender Unterricht ABU,abu_l07,ABU,L07,"Geld und Unternehmen: Banken, SNB, Inflation und Kaufkraft",medium,single_choice,Welche praktische Bedeutung hat Umweltsphären für Lernende?,sie sind nur Wohnungsschlüssel,sie sind nur Lohnabrechnungen,"Unternehmen stehen mit wirtschaftlichen, sozialen, technischen und ökologischen Umfeldern in Beziehung",sie sind nur Parteiprogramme,C,Umweltsphären helfen bei der Unternehmensanalyse.,"ABU Smartlearn Quiz 1. Teil, Moodle-XHTML-Export, hochgeladene Referenzdatei",user_upload:quiz-ABU_Smartlearn_1.Teil-top-20260519-0952.html
abu,Allgemeinbildender Unterricht ABU,abu_l07,ABU,L07,"Geld und Unternehmen: Banken, SNB, Inflation und Kaufkraft",hard,single_choice,Welche Erklärung zu Umweltsphären ist im gesellschaftlichen und rechtlichen Kontext richtig?,sie sind nur Wohnungsschlüssel,sie sind nur Lohnabrechnungen,sie sind nur Parteiprogramme,"Unternehmen stehen mit wirtschaftlichen, sozialen, technischen und ökologischen Umfeldern in Beziehung",D,Umweltsphären helfen bei der Unternehmensanalyse.,"ABU Smartlearn Quiz 1. Teil, Moodle-XHTML-Export, hochgeladene Referenzdatei",user_upload:quiz-ABU_Smartlearn_1.Teil-top-20260519-0952.html
abu,Allgemeinbildender Unterricht ABU,abu_l07,ABU,L07,"Geld und Unternehmen: Banken, SNB, Inflation und Kaufkraft",easy,single_choice,Was ist bei Umweltsphären grundsätzlich richtig?,"Unternehmen stehen mit wirtschaftlichen, sozialen, technischen und ökologischen Umfeldern in Beziehung",sie sind nur Wohnungsschlüssel,sie sind nur Lohnabrechnungen,sie sind nur Parteiprogramme,A,Umweltsphären helfen bei der Unternehmensanalyse.,"ABU Smartlearn Quiz 1. Teil, Moodle-XHTML-Export, hochgeladene Referenzdatei",user_upload:quiz-ABU_Smartlearn_1.Teil-top-20260519-0952.html
abu,Allgemeinbildender Unterricht ABU,abu_l07,ABU,L07,"Geld und Unternehmen: Banken, SNB, Inflation und Kaufkraft",medium,single_choice,Welche Aussage zeigt ein korrektes Verständnis von Umweltsphären?,sie sind nur Wohnungsschlüssel,"Unternehmen stehen mit wirtschaftlichen, sozialen, technischen und ökologischen Umfeldern in Beziehung",sie sind nur Lohnabrechnungen,sie sind nur Parteiprogramme,B,Umweltsphären helfen bei der Unternehmensanalyse.,"ABU Smartlearn Quiz 1. Teil, Moodle-XHTML-Export, hochgeladene Referenzdatei",user_upload:quiz-ABU_Smartlearn_1.Teil-top-20260519-0952.html
abu,Allgemeinbildender Unterricht ABU,abu_l07,ABU,L07,"Geld und Unternehmen: Banken, SNB, Inflation und Kaufkraft",hard,single_choice,Welche Aussage grenzt Umweltsphären am präzisesten von falschen Vorstellungen ab?,sie sind nur Wohnungsschlüssel,sie sind nur Lohnabrechnungen,"Unternehmen stehen mit wirtschaftlichen, sozialen, technischen und ökologischen Umfeldern in Beziehung",sie sind nur Parteiprogramme,C,Umweltsphären helfen bei der Unternehmensanalyse.,"ABU Smartlearn Quiz 1. Teil, Moodle-XHTML-Export, hochgeladene Referenzdatei",user_upload:quiz-ABU_Smartlearn_1.Teil-top-20260519-0952.html
abu,Allgemeinbildender Unterricht ABU,abu_l07,ABU,L07,"Geld und Unternehmen: Banken, SNB, Inflation und Kaufkraft",easy,single_choice,Welche Kurzdefinition passt zu Umweltsphären?,sie sind nur Wohnungsschlüssel,sie sind nur Lohnabrechnungen,sie sind nur Parteiprogramme,"Unternehmen stehen mit wirtschaftlichen, sozialen, technischen und ökologischen Umfeldern in Beziehung",D,Umweltsphären helfen bei der Unternehmensanalyse.,"ABU Smartlearn Quiz 1. Teil, Moodle-XHTML-Export, hochgeladene Referenzdatei",user_upload:quiz-ABU_Smartlearn_1.Teil-top-20260519-0952.html
abu,Allgemeinbildender Unterricht ABU,abu_l08,ABU,L08,"Risiko, Sicherheit und Versicherungen",easy,single_choice,Welche Aussage beschreibt Risiko im ABU am besten?,ein mögliches Ereignis kann Schaden verursachen,es ist immer sicher,es ist nur ein Gewinn,es ist eine Quittung,A,Risiken werden eingeschätzt und abgesichert.,"ABU Smartlearn Quiz 1. Teil, Moodle-XHTML-Export, hochgeladene Referenzdatei",user_upload:quiz-ABU_Smartlearn_1.Teil-top-20260519-0952.html
abu,Allgemeinbildender Unterricht ABU,abu_l08,ABU,L08,"Risiko, Sicherheit und Versicherungen",medium,single_choice,Worauf muss man beim Thema Risiko besonders achten?,es ist immer sicher,ein mögliches Ereignis kann Schaden verursachen,es ist nur ein Gewinn,es ist eine Quittung,B,Risiken werden eingeschätzt und abgesichert.,"ABU Smartlearn Quiz 1. Teil, Moodle-XHTML-Export, hochgeladene Referenzdatei",user_upload:quiz-ABU_Smartlearn_1.Teil-top-20260519-0952.html
abu,Allgemeinbildender Unterricht ABU,abu_l08,ABU,L08,"Risiko, Sicherheit und Versicherungen",hard,single_choice,Welche Aussage zu Risiko ist fachlich am korrektesten?,es ist immer sicher,es ist nur ein Gewinn,ein mögliches Ereignis kann Schaden verursachen,es ist eine Quittung,C,Risiken werden eingeschätzt und abgesichert.,"ABU Smartlearn Quiz 1. Teil, Moodle-XHTML-Export, hochgeladene Referenzdatei",user_upload:quiz-ABU_Smartlearn_1.Teil-top-20260519-0952.html
abu,Allgemeinbildender Unterricht ABU,abu_l08,ABU,L08,"Risiko, Sicherheit und Versicherungen",easy,single_choice,Welche Antwort passt zum Begriff Risiko?,es ist immer sicher,es ist nur ein Gewinn,es ist eine Quittung,ein mögliches Ereignis kann Schaden verursachen,D,Risiken werden eingeschätzt und abgesichert.,"ABU Smartlearn Quiz 1. Teil, Moodle-XHTML-Export, hochgeladene Referenzdatei",user_upload:quiz-ABU_Smartlearn_1.Teil-top-20260519-0952.html
abu,Allgemeinbildender Unterricht ABU,abu_l08,ABU,L08,"Risiko, Sicherheit und Versicherungen",medium,single_choice,Welche praktische Bedeutung hat Risiko für Lernende?,ein mögliches Ereignis kann Schaden verursachen,es ist immer sicher,es ist nur ein Gewinn,es ist eine Quittung,A,Risiken werden eingeschätzt und abgesichert.,"ABU Smartlearn Quiz 1. Teil, Moodle-XHTML-Export, hochgeladene Referenzdatei",user_upload:quiz-ABU_Smartlearn_1.Teil-top-20260519-0952.html
abu,Allgemeinbildender Unterricht ABU,abu_l08,ABU,L08,"Risiko, Sicherheit und Versicherungen",hard,single_choice,Welche Erklärung zu Risiko ist im gesellschaftlichen und rechtlichen Kontext richtig?,es ist immer sicher,ein mögliches Ereignis kann Schaden verursachen,es ist nur ein Gewinn,es ist eine Quittung,B,Risiken werden eingeschätzt und abgesichert.,"ABU Smartlearn Quiz 1. Teil, Moodle-XHTML-Export, hochgeladene Referenzdatei",user_upload:quiz-ABU_Smartlearn_1.Teil-top-20260519-0952.html
abu,Allgemeinbildender Unterricht ABU,abu_l08,ABU,L08,"Risiko, Sicherheit und Versicherungen",easy,single_choice,Was ist bei Risiko grundsätzlich richtig?,es ist immer sicher,es ist nur ein Gewinn,ein mögliches Ereignis kann Schaden verursachen,es ist eine Quittung,C,Risiken werden eingeschätzt und abgesichert.,"ABU Smartlearn Quiz 1. Teil, Moodle-XHTML-Export, hochgeladene Referenzdatei",user_upload:quiz-ABU_Smartlearn_1.Teil-top-20260519-0952.html
abu,Allgemeinbildender Unterricht ABU,abu_l08,ABU,L08,"Risiko, Sicherheit und Versicherungen",medium,single_choice,Welche Aussage zeigt ein korrektes Verständnis von Risiko?,es ist immer sicher,es ist nur ein Gewinn,es ist eine Quittung,ein mögliches Ereignis kann Schaden verursachen,D,Risiken werden eingeschätzt und abgesichert.,"ABU Smartlearn Quiz 1. Teil, Moodle-XHTML-Export, hochgeladene Referenzdatei",user_upload:quiz-ABU_Smartlearn_1.Teil-top-20260519-0952.html
abu,Allgemeinbildender Unterricht ABU,abu_l08,ABU,L08,"Risiko, Sicherheit und Versicherungen",hard,single_choice,Welche Aussage grenzt Risiko am präzisesten von falschen Vorstellungen ab?,ein mögliches Ereignis kann Schaden verursachen,es ist immer sicher,es ist nur ein Gewinn,es ist eine Quittung,A,Risiken werden eingeschätzt und abgesichert.,"ABU Smartlearn Quiz 1. Teil, Moodle-XHTML-Export, hochgeladene Referenzdatei",user_upload:quiz-ABU_Smartlearn_1.Teil-top-20260519-0952.html
abu,Allgemeinbildender Unterricht ABU,abu_l08,ABU,L08,"Risiko, Sicherheit und Versicherungen",easy,single_choice,Welche Kurzdefinition passt zu Risiko?,es ist immer sicher,ein mögliches Ereignis kann Schaden verursachen,es ist nur ein Gewinn,es ist eine Quittung,B,Risiken werden eingeschätzt und abgesichert.,"ABU Smartlearn Quiz 1. Teil, Moodle-XHTML-Export, hochgeladene Referenzdatei",user_upload:quiz-ABU_Smartlearn_1.Teil-top-20260519-0952.html
abu,Allgemeinbildender Unterricht ABU,abu_l08,ABU,L08,"Risiko, Sicherheit und Versicherungen",easy,single_choice,Welche Aussage beschreibt Versicherung im ABU am besten?,sie ist ein Kaufpreis,sie ist immer ein Geschenk,"viele zahlen Prämien, damit Schäden einzelner gedeckt werden",sie ersetzt jedes Gesetz,C,Versicherungen verteilen Risiken auf eine Gemeinschaft.,"ABU Smartlearn Quiz 1. Teil, Moodle-XHTML-Export, hochgeladene Referenzdatei",user_upload:quiz-ABU_Smartlearn_1.Teil-top-20260519-0952.html
abu,Allgemeinbildender Unterricht ABU,abu_l08,ABU,L08,"Risiko, Sicherheit und Versicherungen",medium,single_choice,Worauf muss man beim Thema Versicherung besonders achten?,sie ist ein Kaufpreis,sie ist immer ein Geschenk,sie ersetzt jedes Gesetz,"viele zahlen Prämien, damit Schäden einzelner gedeckt werden",D,Versicherungen verteilen Risiken auf eine Gemeinschaft.,"ABU Smartlearn Quiz 1. Teil, Moodle-XHTML-Export, hochgeladene Referenzdatei",user_upload:quiz-ABU_Smartlearn_1.Teil-top-20260519-0952.html
abu,Allgemeinbildender Unterricht ABU,abu_l08,ABU,L08,"Risiko, Sicherheit und Versicherungen",hard,single_choice,Welche Aussage zu Versicherung ist fachlich am korrektesten?,"viele zahlen Prämien, damit Schäden einzelner gedeckt werden",sie ist ein Kaufpreis,sie ist immer ein Geschenk,sie ersetzt jedes Gesetz,A,Versicherungen verteilen Risiken auf eine Gemeinschaft.,"ABU Smartlearn Quiz 1. Teil, Moodle-XHTML-Export, hochgeladene Referenzdatei",user_upload:quiz-ABU_Smartlearn_1.Teil-top-20260519-0952.html
abu,Allgemeinbildender Unterricht ABU,abu_l08,ABU,L08,"Risiko, Sicherheit und Versicherungen",easy,single_choice,Welche Antwort passt zum Begriff Versicherung?,sie ist ein Kaufpreis,"viele zahlen Prämien, damit Schäden einzelner gedeckt werden",sie ist immer ein Geschenk,sie ersetzt jedes Gesetz,B,Versicherungen verteilen Risiken auf eine Gemeinschaft.,"ABU Smartlearn Quiz 1. Teil, Moodle-XHTML-Export, hochgeladene Referenzdatei",user_upload:quiz-ABU_Smartlearn_1.Teil-top-20260519-0952.html
abu,Allgemeinbildender Unterricht ABU,abu_l08,ABU,L08,"Risiko, Sicherheit und Versicherungen",medium,single_choice,Welche praktische Bedeutung hat Versicherung für Lernende?,sie ist ein Kaufpreis,sie ist immer ein Geschenk,"viele zahlen Prämien, damit Schäden einzelner gedeckt werden",sie ersetzt jedes Gesetz,C,Versicherungen verteilen Risiken auf eine Gemeinschaft.,"ABU Smartlearn Quiz 1. Teil, Moodle-XHTML-Export, hochgeladene Referenzdatei",user_upload:quiz-ABU_Smartlearn_1.Teil-top-20260519-0952.html
abu,Allgemeinbildender Unterricht ABU,abu_l08,ABU,L08,"Risiko, Sicherheit und Versicherungen",hard,single_choice,Welche Erklärung zu Versicherung ist im gesellschaftlichen und rechtlichen Kontext richtig?,sie ist ein Kaufpreis,sie ist immer ein Geschenk,sie ersetzt jedes Gesetz,"viele zahlen Prämien, damit Schäden einzelner gedeckt werden",D,Versicherungen verteilen Risiken auf eine Gemeinschaft.,"ABU Smartlearn Quiz 1. Teil, Moodle-XHTML-Export, hochgeladene Referenzdatei",user_upload:quiz-ABU_Smartlearn_1.Teil-top-20260519-0952.html
abu,Allgemeinbildender Unterricht ABU,abu_l08,ABU,L08,"Risiko, Sicherheit und Versicherungen",easy,single_choice,Was ist bei Versicherung grundsätzlich richtig?,"viele zahlen Prämien, damit Schäden einzelner gedeckt werden",sie ist ein Kaufpreis,sie ist immer ein Geschenk,sie ersetzt jedes Gesetz,A,Versicherungen verteilen Risiken auf eine Gemeinschaft.,"ABU Smartlearn Quiz 1. Teil, Moodle-XHTML-Export, hochgeladene Referenzdatei",user_upload:quiz-ABU_Smartlearn_1.Teil-top-20260519-0952.html
abu,Allgemeinbildender Unterricht ABU,abu_l08,ABU,L08,"Risiko, Sicherheit und Versicherungen",medium,single_choice,Welche Aussage zeigt ein korrektes Verständnis von Versicherung?,sie ist ein Kaufpreis,"viele zahlen Prämien, damit Schäden einzelner gedeckt werden",sie ist immer ein Geschenk,sie ersetzt jedes Gesetz,B,Versicherungen verteilen Risiken auf eine Gemeinschaft.,"ABU Smartlearn Quiz 1. Teil, Moodle-XHTML-Export, hochgeladene Referenzdatei",user_upload:quiz-ABU_Smartlearn_1.Teil-top-20260519-0952.html
abu,Allgemeinbildender Unterricht ABU,abu_l08,ABU,L08,"Risiko, Sicherheit und Versicherungen",hard,single_choice,Welche Aussage grenzt Versicherung am präzisesten von falschen Vorstellungen ab?,sie ist ein Kaufpreis,sie ist immer ein Geschenk,"viele zahlen Prämien, damit Schäden einzelner gedeckt werden",sie ersetzt jedes Gesetz,C,Versicherungen verteilen Risiken auf eine Gemeinschaft.,"ABU Smartlearn Quiz 1. Teil, Moodle-XHTML-Export, hochgeladene Referenzdatei",user_upload:quiz-ABU_Smartlearn_1.Teil-top-20260519-0952.html
abu,Allgemeinbildender Unterricht ABU,abu_l08,ABU,L08,"Risiko, Sicherheit und Versicherungen",easy,single_choice,Welche Kurzdefinition passt zu Versicherung?,sie ist ein Kaufpreis,sie ist immer ein Geschenk,sie ersetzt jedes Gesetz,"viele zahlen Prämien, damit Schäden einzelner gedeckt werden",D,Versicherungen verteilen Risiken auf eine Gemeinschaft.,"ABU Smartlearn Quiz 1. Teil, Moodle-XHTML-Export, hochgeladene Referenzdatei",user_upload:quiz-ABU_Smartlearn_1.Teil-top-20260519-0952.html
abu,Allgemeinbildender Unterricht ABU,abu_l08,ABU,L08,"Risiko, Sicherheit und Versicherungen",easy,single_choice,Welche Aussage beschreibt Solidaritätsprinzip im ABU am besten?,viele Versicherte tragen gemeinsam die Schäden weniger Betroffener,alle zahlen nur für sich exakt,niemand zahlt Prämien,Schäden werden nie gedeckt,A,Solidarität ist Grundlage vieler Versicherungen.,"ABU Smartlearn Quiz 1. Teil, Moodle-XHTML-Export, hochgeladene Referenzdatei",user_upload:quiz-ABU_Smartlearn_1.Teil-top-20260519-0952.html
abu,Allgemeinbildender Unterricht ABU,abu_l08,ABU,L08,"Risiko, Sicherheit und Versicherungen",medium,single_choice,Worauf muss man beim Thema Solidaritätsprinzip besonders achten?,alle zahlen nur für sich exakt,viele Versicherte tragen gemeinsam die Schäden weniger Betroffener,niemand zahlt Prämien,Schäden werden nie gedeckt,B,Solidarität ist Grundlage vieler Versicherungen.,"ABU Smartlearn Quiz 1. Teil, Moodle-XHTML-Export, hochgeladene Referenzdatei",user_upload:quiz-ABU_Smartlearn_1.Teil-top-20260519-0952.html
abu,Allgemeinbildender Unterricht ABU,abu_l08,ABU,L08,"Risiko, Sicherheit und Versicherungen",hard,single_choice,Welche Aussage zu Solidaritätsprinzip ist fachlich am korrektesten?,alle zahlen nur für sich exakt,niemand zahlt Prämien,viele Versicherte tragen gemeinsam die Schäden weniger Betroffener,Schäden werden nie gedeckt,C,Solidarität ist Grundlage vieler Versicherungen.,"ABU Smartlearn Quiz 1. Teil, Moodle-XHTML-Export, hochgeladene Referenzdatei",user_upload:quiz-ABU_Smartlearn_1.Teil-top-20260519-0952.html
abu,Allgemeinbildender Unterricht ABU,abu_l08,ABU,L08,"Risiko, Sicherheit und Versicherungen",easy,single_choice,Welche Antwort passt zum Begriff Solidaritätsprinzip?,alle zahlen nur für sich exakt,niemand zahlt Prämien,Schäden werden nie gedeckt,viele Versicherte tragen gemeinsam die Schäden weniger Betroffener,D,Solidarität ist Grundlage vieler Versicherungen.,"ABU Smartlearn Quiz 1. Teil, Moodle-XHTML-Export, hochgeladene Referenzdatei",user_upload:quiz-ABU_Smartlearn_1.Teil-top-20260519-0952.html
abu,Allgemeinbildender Unterricht ABU,abu_l08,ABU,L08,"Risiko, Sicherheit und Versicherungen",medium,single_choice,Welche praktische Bedeutung hat Solidaritätsprinzip für Lernende?,viele Versicherte tragen gemeinsam die Schäden weniger Betroffener,alle zahlen nur für sich exakt,niemand zahlt Prämien,Schäden werden nie gedeckt,A,Solidarität ist Grundlage vieler Versicherungen.,"ABU Smartlearn Quiz 1. Teil, Moodle-XHTML-Export, hochgeladene Referenzdatei",user_upload:quiz-ABU_Smartlearn_1.Teil-top-20260519-0952.html
abu,Allgemeinbildender Unterricht ABU,abu_l08,ABU,L08,"Risiko, Sicherheit und Versicherungen",hard,single_choice,Welche Erklärung zu Solidaritätsprinzip ist im gesellschaftlichen und rechtlichen Kontext richtig?,alle zahlen nur für sich exakt,viele Versicherte tragen gemeinsam die Schäden weniger Betroffener,niemand zahlt Prämien,Schäden werden nie gedeckt,B,Solidarität ist Grundlage vieler Versicherungen.,"ABU Smartlearn Quiz 1. Teil, Moodle-XHTML-Export, hochgeladene Referenzdatei",user_upload:quiz-ABU_Smartlearn_1.Teil-top-20260519-0952.html
abu,Allgemeinbildender Unterricht ABU,abu_l08,ABU,L08,"Risiko, Sicherheit und Versicherungen",easy,single_choice,Was ist bei Solidaritätsprinzip grundsätzlich richtig?,alle zahlen nur für sich exakt,niemand zahlt Prämien,viele Versicherte tragen gemeinsam die Schäden weniger Betroffener,Schäden werden nie gedeckt,C,Solidarität ist Grundlage vieler Versicherungen.,"ABU Smartlearn Quiz 1. Teil, Moodle-XHTML-Export, hochgeladene Referenzdatei",user_upload:quiz-ABU_Smartlearn_1.Teil-top-20260519-0952.html
abu,Allgemeinbildender Unterricht ABU,abu_l08,ABU,L08,"Risiko, Sicherheit und Versicherungen",medium,single_choice,Welche Aussage zeigt ein korrektes Verständnis von Solidaritätsprinzip?,alle zahlen nur für sich exakt,niemand zahlt Prämien,Schäden werden nie gedeckt,viele Versicherte tragen gemeinsam die Schäden weniger Betroffener,D,Solidarität ist Grundlage vieler Versicherungen.,"ABU Smartlearn Quiz 1. Teil, Moodle-XHTML-Export, hochgeladene Referenzdatei",user_upload:quiz-ABU_Smartlearn_1.Teil-top-20260519-0952.html
abu,Allgemeinbildender Unterricht ABU,abu_l08,ABU,L08,"Risiko, Sicherheit und Versicherungen",hard,single_choice,Welche Aussage grenzt Solidaritätsprinzip am präzisesten von falschen Vorstellungen ab?,viele Versicherte tragen gemeinsam die Schäden weniger Betroffener,alle zahlen nur für sich exakt,niemand zahlt Prämien,Schäden werden nie gedeckt,A,Solidarität ist Grundlage vieler Versicherungen.,"ABU Smartlearn Quiz 1. Teil, Moodle-XHTML-Export, hochgeladene Referenzdatei",user_upload:quiz-ABU_Smartlearn_1.Teil-top-20260519-0952.html
abu,Allgemeinbildender Unterricht ABU,abu_l08,ABU,L08,"Risiko, Sicherheit und Versicherungen",easy,single_choice,Welche Kurzdefinition passt zu Solidaritätsprinzip?,alle zahlen nur für sich exakt,viele Versicherte tragen gemeinsam die Schäden weniger Betroffener,niemand zahlt Prämien,Schäden werden nie gedeckt,B,Solidarität ist Grundlage vieler Versicherungen.,"ABU Smartlearn Quiz 1. Teil, Moodle-XHTML-Export, hochgeladene Referenzdatei",user_upload:quiz-ABU_Smartlearn_1.Teil-top-20260519-0952.html
abu,Allgemeinbildender Unterricht ABU,abu_l08,ABU,L08,"Risiko, Sicherheit und Versicherungen",easy,single_choice,Welche Aussage beschreibt Krankenversicherung im ABU am besten?,sie bezahlt immer Autoschäden,sie ersetzt Mietrecht,sie deckt Kosten bei Krankheit gemäss Versicherungsbedingungen,sie ist eine Wahlpflicht,C,Die Grundversicherung ist in der Schweiz obligatorisch.,"ABU Smartlearn Quiz 1. Teil, Moodle-XHTML-Export, hochgeladene Referenzdatei",user_upload:quiz-ABU_Smartlearn_1.Teil-top-20260519-0952.html
abu,Allgemeinbildender Unterricht ABU,abu_l08,ABU,L08,"Risiko, Sicherheit und Versicherungen",medium,single_choice,Worauf muss man beim Thema Krankenversicherung besonders achten?,sie bezahlt immer Autoschäden,sie ersetzt Mietrecht,sie ist eine Wahlpflicht,sie deckt Kosten bei Krankheit gemäss Versicherungsbedingungen,D,Die Grundversicherung ist in der Schweiz obligatorisch.,"ABU Smartlearn Quiz 1. Teil, Moodle-XHTML-Export, hochgeladene Referenzdatei",user_upload:quiz-ABU_Smartlearn_1.Teil-top-20260519-0952.html
abu,Allgemeinbildender Unterricht ABU,abu_l08,ABU,L08,"Risiko, Sicherheit und Versicherungen",hard,single_choice,Welche Aussage zu Krankenversicherung ist fachlich am korrektesten?,sie deckt Kosten bei Krankheit gemäss Versicherungsbedingungen,sie bezahlt immer Autoschäden,sie ersetzt Mietrecht,sie ist eine Wahlpflicht,A,Die Grundversicherung ist in der Schweiz obligatorisch.,"ABU Smartlearn Quiz 1. Teil, Moodle-XHTML-Export, hochgeladene Referenzdatei",user_upload:quiz-ABU_Smartlearn_1.Teil-top-20260519-0952.html
abu,Allgemeinbildender Unterricht ABU,abu_l08,ABU,L08,"Risiko, Sicherheit und Versicherungen",easy,single_choice,Welche Antwort passt zum Begriff Krankenversicherung?,sie bezahlt immer Autoschäden,sie deckt Kosten bei Krankheit gemäss Versicherungsbedingungen,sie ersetzt Mietrecht,sie ist eine Wahlpflicht,B,Die Grundversicherung ist in der Schweiz obligatorisch.,"ABU Smartlearn Quiz 1. Teil, Moodle-XHTML-Export, hochgeladene Referenzdatei",user_upload:quiz-ABU_Smartlearn_1.Teil-top-20260519-0952.html
abu,Allgemeinbildender Unterricht ABU,abu_l08,ABU,L08,"Risiko, Sicherheit und Versicherungen",medium,single_choice,Welche praktische Bedeutung hat Krankenversicherung für Lernende?,sie bezahlt immer Autoschäden,sie ersetzt Mietrecht,sie deckt Kosten bei Krankheit gemäss Versicherungsbedingungen,sie ist eine Wahlpflicht,C,Die Grundversicherung ist in der Schweiz obligatorisch.,"ABU Smartlearn Quiz 1. Teil, Moodle-XHTML-Export, hochgeladene Referenzdatei",user_upload:quiz-ABU_Smartlearn_1.Teil-top-20260519-0952.html
abu,Allgemeinbildender Unterricht ABU,abu_l08,ABU,L08,"Risiko, Sicherheit und Versicherungen",hard,single_choice,Welche Erklärung zu Krankenversicherung ist im gesellschaftlichen und rechtlichen Kontext richtig?,sie bezahlt immer Autoschäden,sie ersetzt Mietrecht,sie ist eine Wahlpflicht,sie deckt Kosten bei Krankheit gemäss Versicherungsbedingungen,D,Die Grundversicherung ist in der Schweiz obligatorisch.,"ABU Smartlearn Quiz 1. Teil, Moodle-XHTML-Export, hochgeladene Referenzdatei",user_upload:quiz-ABU_Smartlearn_1.Teil-top-20260519-0952.html
abu,Allgemeinbildender Unterricht ABU,abu_l08,ABU,L08,"Risiko, Sicherheit und Versicherungen",easy,single_choice,Was ist bei Krankenversicherung grundsätzlich richtig?,sie deckt Kosten bei Krankheit gemäss Versicherungsbedingungen,sie bezahlt immer Autoschäden,sie ersetzt Mietrecht,sie ist eine Wahlpflicht,A,Die Grundversicherung ist in der Schweiz obligatorisch.,"ABU Smartlearn Quiz 1. Teil, Moodle-XHTML-Export, hochgeladene Referenzdatei",user_upload:quiz-ABU_Smartlearn_1.Teil-top-20260519-0952.html
abu,Allgemeinbildender Unterricht ABU,abu_l08,ABU,L08,"Risiko, Sicherheit und Versicherungen",medium,single_choice,Welche Aussage zeigt ein korrektes Verständnis von Krankenversicherung?,sie bezahlt immer Autoschäden,sie deckt Kosten bei Krankheit gemäss Versicherungsbedingungen,sie ersetzt Mietrecht,sie ist eine Wahlpflicht,B,Die Grundversicherung ist in der Schweiz obligatorisch.,"ABU Smartlearn Quiz 1. Teil, Moodle-XHTML-Export, hochgeladene Referenzdatei",user_upload:quiz-ABU_Smartlearn_1.Teil-top-20260519-0952.html
abu,Allgemeinbildender Unterricht ABU,abu_l08,ABU,L08,"Risiko, Sicherheit und Versicherungen",hard,single_choice,Welche Aussage grenzt Krankenversicherung am präzisesten von falschen Vorstellungen ab?,sie bezahlt immer Autoschäden,sie ersetzt Mietrecht,sie deckt Kosten bei Krankheit gemäss Versicherungsbedingungen,sie ist eine Wahlpflicht,C,Die Grundversicherung ist in der Schweiz obligatorisch.,"ABU Smartlearn Quiz 1. Teil, Moodle-XHTML-Export, hochgeladene Referenzdatei",user_upload:quiz-ABU_Smartlearn_1.Teil-top-20260519-0952.html
abu,Allgemeinbildender Unterricht ABU,abu_l08,ABU,L08,"Risiko, Sicherheit und Versicherungen",easy,single_choice,Welche Kurzdefinition passt zu Krankenversicherung?,sie bezahlt immer Autoschäden,sie ersetzt Mietrecht,sie ist eine Wahlpflicht,sie deckt Kosten bei Krankheit gemäss Versicherungsbedingungen,D,Die Grundversicherung ist in der Schweiz obligatorisch.,"ABU Smartlearn Quiz 1. Teil, Moodle-XHTML-Export, hochgeladene Referenzdatei",user_upload:quiz-ABU_Smartlearn_1.Teil-top-20260519-0952.html
abu,Allgemeinbildender Unterricht ABU,abu_l08,ABU,L08,"Risiko, Sicherheit und Versicherungen",easy,single_choice,Welche Aussage beschreibt Franchise im ABU am besten?,ein vereinbarter Kostenanteil wird zuerst selbst bezahlt,sie ist eine Steuerprogression,sie ist ein Ehevertrag,sie ist eine Kündigung,A,Die Franchise beeinflusst Prämien und Selbstkosten.,"ABU Smartlearn Quiz 1. Teil, Moodle-XHTML-Export, hochgeladene Referenzdatei",user_upload:quiz-ABU_Smartlearn_1.Teil-top-20260519-0952.html
abu,Allgemeinbildender Unterricht ABU,abu_l08,ABU,L08,"Risiko, Sicherheit und Versicherungen",medium,single_choice,Worauf muss man beim Thema Franchise besonders achten?,sie ist eine Steuerprogression,ein vereinbarter Kostenanteil wird zuerst selbst bezahlt,sie ist ein Ehevertrag,sie ist eine Kündigung,B,Die Franchise beeinflusst Prämien und Selbstkosten.,"ABU Smartlearn Quiz 1. Teil, Moodle-XHTML-Export, hochgeladene Referenzdatei",user_upload:quiz-ABU_Smartlearn_1.Teil-top-20260519-0952.html
abu,Allgemeinbildender Unterricht ABU,abu_l08,ABU,L08,"Risiko, Sicherheit und Versicherungen",hard,single_choice,Welche Aussage zu Franchise ist fachlich am korrektesten?,sie ist eine Steuerprogression,sie ist ein Ehevertrag,ein vereinbarter Kostenanteil wird zuerst selbst bezahlt,sie ist eine Kündigung,C,Die Franchise beeinflusst Prämien und Selbstkosten.,"ABU Smartlearn Quiz 1. Teil, Moodle-XHTML-Export, hochgeladene Referenzdatei",user_upload:quiz-ABU_Smartlearn_1.Teil-top-20260519-0952.html
abu,Allgemeinbildender Unterricht ABU,abu_l08,ABU,L08,"Risiko, Sicherheit und Versicherungen",easy,single_choice,Welche Antwort passt zum Begriff Franchise?,sie ist eine Steuerprogression,sie ist ein Ehevertrag,sie ist eine Kündigung,ein vereinbarter Kostenanteil wird zuerst selbst bezahlt,D,Die Franchise beeinflusst Prämien und Selbstkosten.,"ABU Smartlearn Quiz 1. Teil, Moodle-XHTML-Export, hochgeladene Referenzdatei",user_upload:quiz-ABU_Smartlearn_1.Teil-top-20260519-0952.html
abu,Allgemeinbildender Unterricht ABU,abu_l08,ABU,L08,"Risiko, Sicherheit und Versicherungen",medium,single_choice,Welche praktische Bedeutung hat Franchise für Lernende?,ein vereinbarter Kostenanteil wird zuerst selbst bezahlt,sie ist eine Steuerprogression,sie ist ein Ehevertrag,sie ist eine Kündigung,A,Die Franchise beeinflusst Prämien und Selbstkosten.,"ABU Smartlearn Quiz 1. Teil, Moodle-XHTML-Export, hochgeladene Referenzdatei",user_upload:quiz-ABU_Smartlearn_1.Teil-top-20260519-0952.html
abu,Allgemeinbildender Unterricht ABU,abu_l08,ABU,L08,"Risiko, Sicherheit und Versicherungen",hard,single_choice,Welche Erklärung zu Franchise ist im gesellschaftlichen und rechtlichen Kontext richtig?,sie ist eine Steuerprogression,ein vereinbarter Kostenanteil wird zuerst selbst bezahlt,sie ist ein Ehevertrag,sie ist eine Kündigung,B,Die Franchise beeinflusst Prämien und Selbstkosten.,"ABU Smartlearn Quiz 1. Teil, Moodle-XHTML-Export, hochgeladene Referenzdatei",user_upload:quiz-ABU_Smartlearn_1.Teil-top-20260519-0952.html
abu,Allgemeinbildender Unterricht ABU,abu_l08,ABU,L08,"Risiko, Sicherheit und Versicherungen",easy,single_choice,Was ist bei Franchise grundsätzlich richtig?,sie ist eine Steuerprogression,sie ist ein Ehevertrag,ein vereinbarter Kostenanteil wird zuerst selbst bezahlt,sie ist eine Kündigung,C,Die Franchise beeinflusst Prämien und Selbstkosten.,"ABU Smartlearn Quiz 1. Teil, Moodle-XHTML-Export, hochgeladene Referenzdatei",user_upload:quiz-ABU_Smartlearn_1.Teil-top-20260519-0952.html
abu,Allgemeinbildender Unterricht ABU,abu_l08,ABU,L08,"Risiko, Sicherheit und Versicherungen",medium,single_choice,Welche Aussage zeigt ein korrektes Verständnis von Franchise?,sie ist eine Steuerprogression,sie ist ein Ehevertrag,sie ist eine Kündigung,ein vereinbarter Kostenanteil wird zuerst selbst bezahlt,D,Die Franchise beeinflusst Prämien und Selbstkosten.,"ABU Smartlearn Quiz 1. Teil, Moodle-XHTML-Export, hochgeladene Referenzdatei",user_upload:quiz-ABU_Smartlearn_1.Teil-top-20260519-0952.html
abu,Allgemeinbildender Unterricht ABU,abu_l08,ABU,L08,"Risiko, Sicherheit und Versicherungen",hard,single_choice,Welche Aussage grenzt Franchise am präzisesten von falschen Vorstellungen ab?,ein vereinbarter Kostenanteil wird zuerst selbst bezahlt,sie ist eine Steuerprogression,sie ist ein Ehevertrag,sie ist eine Kündigung,A,Die Franchise beeinflusst Prämien und Selbstkosten.,"ABU Smartlearn Quiz 1. Teil, Moodle-XHTML-Export, hochgeladene Referenzdatei",user_upload:quiz-ABU_Smartlearn_1.Teil-top-20260519-0952.html
abu,Allgemeinbildender Unterricht ABU,abu_l08,ABU,L08,"Risiko, Sicherheit und Versicherungen",easy,single_choice,Welche Kurzdefinition passt zu Franchise?,sie ist eine Steuerprogression,ein vereinbarter Kostenanteil wird zuerst selbst bezahlt,sie ist ein Ehevertrag,sie ist eine Kündigung,B,Die Franchise beeinflusst Prämien und Selbstkosten.,"ABU Smartlearn Quiz 1. Teil, Moodle-XHTML-Export, hochgeladene Referenzdatei",user_upload:quiz-ABU_Smartlearn_1.Teil-top-20260519-0952.html
abu,Allgemeinbildender Unterricht ABU,abu_l08,ABU,L08,"Risiko, Sicherheit und Versicherungen",easy,single_choice,Welche Aussage beschreibt Selbstbehalt im ABU am besten?,er ist eine Wahlart,er ist ein Lohnbonus,nach der Franchise wird ein Anteil der Kosten selbst getragen,er ist ein Mietzins,C,Selbstbehalt begrenzt die volle Kostenübernahme.,"ABU Smartlearn Quiz 1. Teil, Moodle-XHTML-Export, hochgeladene Referenzdatei",user_upload:quiz-ABU_Smartlearn_1.Teil-top-20260519-0952.html
abu,Allgemeinbildender Unterricht ABU,abu_l08,ABU,L08,"Risiko, Sicherheit und Versicherungen",medium,single_choice,Worauf muss man beim Thema Selbstbehalt besonders achten?,er ist eine Wahlart,er ist ein Lohnbonus,er ist ein Mietzins,nach der Franchise wird ein Anteil der Kosten selbst getragen,D,Selbstbehalt begrenzt die volle Kostenübernahme.,"ABU Smartlearn Quiz 1. Teil, Moodle-XHTML-Export, hochgeladene Referenzdatei",user_upload:quiz-ABU_Smartlearn_1.Teil-top-20260519-0952.html
abu,Allgemeinbildender Unterricht ABU,abu_l08,ABU,L08,"Risiko, Sicherheit und Versicherungen",hard,single_choice,Welche Aussage zu Selbstbehalt ist fachlich am korrektesten?,nach der Franchise wird ein Anteil der Kosten selbst getragen,er ist eine Wahlart,er ist ein Lohnbonus,er ist ein Mietzins,A,Selbstbehalt begrenzt die volle Kostenübernahme.,"ABU Smartlearn Quiz 1. Teil, Moodle-XHTML-Export, hochgeladene Referenzdatei",user_upload:quiz-ABU_Smartlearn_1.Teil-top-20260519-0952.html
abu,Allgemeinbildender Unterricht ABU,abu_l08,ABU,L08,"Risiko, Sicherheit und Versicherungen",easy,single_choice,Welche Antwort passt zum Begriff Selbstbehalt?,er ist eine Wahlart,nach der Franchise wird ein Anteil der Kosten selbst getragen,er ist ein Lohnbonus,er ist ein Mietzins,B,Selbstbehalt begrenzt die volle Kostenübernahme.,"ABU Smartlearn Quiz 1. Teil, Moodle-XHTML-Export, hochgeladene Referenzdatei",user_upload:quiz-ABU_Smartlearn_1.Teil-top-20260519-0952.html
abu,Allgemeinbildender Unterricht ABU,abu_l08,ABU,L08,"Risiko, Sicherheit und Versicherungen",medium,single_choice,Welche praktische Bedeutung hat Selbstbehalt für Lernende?,er ist eine Wahlart,er ist ein Lohnbonus,nach der Franchise wird ein Anteil der Kosten selbst getragen,er ist ein Mietzins,C,Selbstbehalt begrenzt die volle Kostenübernahme.,"ABU Smartlearn Quiz 1. Teil, Moodle-XHTML-Export, hochgeladene Referenzdatei",user_upload:quiz-ABU_Smartlearn_1.Teil-top-20260519-0952.html
abu,Allgemeinbildender Unterricht ABU,abu_l08,ABU,L08,"Risiko, Sicherheit und Versicherungen",hard,single_choice,Welche Erklärung zu Selbstbehalt ist im gesellschaftlichen und rechtlichen Kontext richtig?,er ist eine Wahlart,er ist ein Lohnbonus,er ist ein Mietzins,nach der Franchise wird ein Anteil der Kosten selbst getragen,D,Selbstbehalt begrenzt die volle Kostenübernahme.,"ABU Smartlearn Quiz 1. Teil, Moodle-XHTML-Export, hochgeladene Referenzdatei",user_upload:quiz-ABU_Smartlearn_1.Teil-top-20260519-0952.html
abu,Allgemeinbildender Unterricht ABU,abu_l08,ABU,L08,"Risiko, Sicherheit und Versicherungen",easy,single_choice,Was ist bei Selbstbehalt grundsätzlich richtig?,nach der Franchise wird ein Anteil der Kosten selbst getragen,er ist eine Wahlart,er ist ein Lohnbonus,er ist ein Mietzins,A,Selbstbehalt begrenzt die volle Kostenübernahme.,"ABU Smartlearn Quiz 1. Teil, Moodle-XHTML-Export, hochgeladene Referenzdatei",user_upload:quiz-ABU_Smartlearn_1.Teil-top-20260519-0952.html
abu,Allgemeinbildender Unterricht ABU,abu_l08,ABU,L08,"Risiko, Sicherheit und Versicherungen",medium,single_choice,Welche Aussage zeigt ein korrektes Verständnis von Selbstbehalt?,er ist eine Wahlart,nach der Franchise wird ein Anteil der Kosten selbst getragen,er ist ein Lohnbonus,er ist ein Mietzins,B,Selbstbehalt begrenzt die volle Kostenübernahme.,"ABU Smartlearn Quiz 1. Teil, Moodle-XHTML-Export, hochgeladene Referenzdatei",user_upload:quiz-ABU_Smartlearn_1.Teil-top-20260519-0952.html
abu,Allgemeinbildender Unterricht ABU,abu_l08,ABU,L08,"Risiko, Sicherheit und Versicherungen",hard,single_choice,Welche Aussage grenzt Selbstbehalt am präzisesten von falschen Vorstellungen ab?,er ist eine Wahlart,er ist ein Lohnbonus,nach der Franchise wird ein Anteil der Kosten selbst getragen,er ist ein Mietzins,C,Selbstbehalt begrenzt die volle Kostenübernahme.,"ABU Smartlearn Quiz 1. Teil, Moodle-XHTML-Export, hochgeladene Referenzdatei",user_upload:quiz-ABU_Smartlearn_1.Teil-top-20260519-0952.html
abu,Allgemeinbildender Unterricht ABU,abu_l08,ABU,L08,"Risiko, Sicherheit und Versicherungen",easy,single_choice,Welche Kurzdefinition passt zu Selbstbehalt?,er ist eine Wahlart,er ist ein Lohnbonus,er ist ein Mietzins,nach der Franchise wird ein Anteil der Kosten selbst getragen,D,Selbstbehalt begrenzt die volle Kostenübernahme.,"ABU Smartlearn Quiz 1. Teil, Moodle-XHTML-Export, hochgeladene Referenzdatei",user_upload:quiz-ABU_Smartlearn_1.Teil-top-20260519-0952.html
abu,Allgemeinbildender Unterricht ABU,abu_l08,ABU,L08,"Risiko, Sicherheit und Versicherungen",easy,single_choice,Welche Aussage beschreibt Unfallversicherung im ABU am besten?,sie deckt Folgen von Unfällen,sie deckt nur Erbschaften,sie ist immer freiwillig für Lernende,sie ist eine Steuerrechnung,A,Unfall und Krankheit werden rechtlich unterschieden.,"ABU Smartlearn Quiz 1. Teil, Moodle-XHTML-Export, hochgeladene Referenzdatei",user_upload:quiz-ABU_Smartlearn_1.Teil-top-20260519-0952.html
abu,Allgemeinbildender Unterricht ABU,abu_l08,ABU,L08,"Risiko, Sicherheit und Versicherungen",medium,single_choice,Worauf muss man beim Thema Unfallversicherung besonders achten?,sie deckt nur Erbschaften,sie deckt Folgen von Unfällen,sie ist immer freiwillig für Lernende,sie ist eine Steuerrechnung,B,Unfall und Krankheit werden rechtlich unterschieden.,"ABU Smartlearn Quiz 1. Teil, Moodle-XHTML-Export, hochgeladene Referenzdatei",user_upload:quiz-ABU_Smartlearn_1.Teil-top-20260519-0952.html
abu,Allgemeinbildender Unterricht ABU,abu_l08,ABU,L08,"Risiko, Sicherheit und Versicherungen",hard,single_choice,Welche Aussage zu Unfallversicherung ist fachlich am korrektesten?,sie deckt nur Erbschaften,sie ist immer freiwillig für Lernende,sie deckt Folgen von Unfällen,sie ist eine Steuerrechnung,C,Unfall und Krankheit werden rechtlich unterschieden.,"ABU Smartlearn Quiz 1. Teil, Moodle-XHTML-Export, hochgeladene Referenzdatei",user_upload:quiz-ABU_Smartlearn_1.Teil-top-20260519-0952.html
abu,Allgemeinbildender Unterricht ABU,abu_l08,ABU,L08,"Risiko, Sicherheit und Versicherungen",easy,single_choice,Welche Antwort passt zum Begriff Unfallversicherung?,sie deckt nur Erbschaften,sie ist immer freiwillig für Lernende,sie ist eine Steuerrechnung,sie deckt Folgen von Unfällen,D,Unfall und Krankheit werden rechtlich unterschieden.,"ABU Smartlearn Quiz 1. Teil, Moodle-XHTML-Export, hochgeladene Referenzdatei",user_upload:quiz-ABU_Smartlearn_1.Teil-top-20260519-0952.html
abu,Allgemeinbildender Unterricht ABU,abu_l08,ABU,L08,"Risiko, Sicherheit und Versicherungen",medium,single_choice,Welche praktische Bedeutung hat Unfallversicherung für Lernende?,sie deckt Folgen von Unfällen,sie deckt nur Erbschaften,sie ist immer freiwillig für Lernende,sie ist eine Steuerrechnung,A,Unfall und Krankheit werden rechtlich unterschieden.,"ABU Smartlearn Quiz 1. Teil, Moodle-XHTML-Export, hochgeladene Referenzdatei",user_upload:quiz-ABU_Smartlearn_1.Teil-top-20260519-0952.html
abu,Allgemeinbildender Unterricht ABU,abu_l08,ABU,L08,"Risiko, Sicherheit und Versicherungen",hard,single_choice,Welche Erklärung zu Unfallversicherung ist im gesellschaftlichen und rechtlichen Kontext richtig?,sie deckt nur Erbschaften,sie deckt Folgen von Unfällen,sie ist immer freiwillig für Lernende,sie ist eine Steuerrechnung,B,Unfall und Krankheit werden rechtlich unterschieden.,"ABU Smartlearn Quiz 1. Teil, Moodle-XHTML-Export, hochgeladene Referenzdatei",user_upload:quiz-ABU_Smartlearn_1.Teil-top-20260519-0952.html
abu,Allgemeinbildender Unterricht ABU,abu_l08,ABU,L08,"Risiko, Sicherheit und Versicherungen",easy,single_choice,Was ist bei Unfallversicherung grundsätzlich richtig?,sie deckt nur Erbschaften,sie ist immer freiwillig für Lernende,sie deckt Folgen von Unfällen,sie ist eine Steuerrechnung,C,Unfall und Krankheit werden rechtlich unterschieden.,"ABU Smartlearn Quiz 1. Teil, Moodle-XHTML-Export, hochgeladene Referenzdatei",user_upload:quiz-ABU_Smartlearn_1.Teil-top-20260519-0952.html
abu,Allgemeinbildender Unterricht ABU,abu_l08,ABU,L08,"Risiko, Sicherheit und Versicherungen",medium,single_choice,Welche Aussage zeigt ein korrektes Verständnis von Unfallversicherung?,sie deckt nur Erbschaften,sie ist immer freiwillig für Lernende,sie ist eine Steuerrechnung,sie deckt Folgen von Unfällen,D,Unfall und Krankheit werden rechtlich unterschieden.,"ABU Smartlearn Quiz 1. Teil, Moodle-XHTML-Export, hochgeladene Referenzdatei",user_upload:quiz-ABU_Smartlearn_1.Teil-top-20260519-0952.html
abu,Allgemeinbildender Unterricht ABU,abu_l08,ABU,L08,"Risiko, Sicherheit und Versicherungen",hard,single_choice,Welche Aussage grenzt Unfallversicherung am präzisesten von falschen Vorstellungen ab?,sie deckt Folgen von Unfällen,sie deckt nur Erbschaften,sie ist immer freiwillig für Lernende,sie ist eine Steuerrechnung,A,Unfall und Krankheit werden rechtlich unterschieden.,"ABU Smartlearn Quiz 1. Teil, Moodle-XHTML-Export, hochgeladene Referenzdatei",user_upload:quiz-ABU_Smartlearn_1.Teil-top-20260519-0952.html
abu,Allgemeinbildender Unterricht ABU,abu_l08,ABU,L08,"Risiko, Sicherheit und Versicherungen",easy,single_choice,Welche Kurzdefinition passt zu Unfallversicherung?,sie deckt nur Erbschaften,sie deckt Folgen von Unfällen,sie ist immer freiwillig für Lernende,sie ist eine Steuerrechnung,B,Unfall und Krankheit werden rechtlich unterschieden.,"ABU Smartlearn Quiz 1. Teil, Moodle-XHTML-Export, hochgeladene Referenzdatei",user_upload:quiz-ABU_Smartlearn_1.Teil-top-20260519-0952.html
abu,Allgemeinbildender Unterricht ABU,abu_l08,ABU,L08,"Risiko, Sicherheit und Versicherungen",easy,single_choice,Welche Aussage beschreibt Privathaftpflicht im ABU am besten?,sie zahlt eigene Konsumwünsche,sie ersetzt AHV,"sie deckt Schäden, die man anderen versehentlich zufügt",sie ist ein Wahlzettel,C,Haftpflicht schützt vor finanziellen Folgen fremder Schäden.,"ABU Smartlearn Quiz 1. Teil, Moodle-XHTML-Export, hochgeladene Referenzdatei",user_upload:quiz-ABU_Smartlearn_1.Teil-top-20260519-0952.html
abu,Allgemeinbildender Unterricht ABU,abu_l08,ABU,L08,"Risiko, Sicherheit und Versicherungen",medium,single_choice,Worauf muss man beim Thema Privathaftpflicht besonders achten?,sie zahlt eigene Konsumwünsche,sie ersetzt AHV,sie ist ein Wahlzettel,"sie deckt Schäden, die man anderen versehentlich zufügt",D,Haftpflicht schützt vor finanziellen Folgen fremder Schäden.,"ABU Smartlearn Quiz 1. Teil, Moodle-XHTML-Export, hochgeladene Referenzdatei",user_upload:quiz-ABU_Smartlearn_1.Teil-top-20260519-0952.html
abu,Allgemeinbildender Unterricht ABU,abu_l08,ABU,L08,"Risiko, Sicherheit und Versicherungen",hard,single_choice,Welche Aussage zu Privathaftpflicht ist fachlich am korrektesten?,"sie deckt Schäden, die man anderen versehentlich zufügt",sie zahlt eigene Konsumwünsche,sie ersetzt AHV,sie ist ein Wahlzettel,A,Haftpflicht schützt vor finanziellen Folgen fremder Schäden.,"ABU Smartlearn Quiz 1. Teil, Moodle-XHTML-Export, hochgeladene Referenzdatei",user_upload:quiz-ABU_Smartlearn_1.Teil-top-20260519-0952.html
abu,Allgemeinbildender Unterricht ABU,abu_l08,ABU,L08,"Risiko, Sicherheit und Versicherungen",easy,single_choice,Welche Antwort passt zum Begriff Privathaftpflicht?,sie zahlt eigene Konsumwünsche,"sie deckt Schäden, die man anderen versehentlich zufügt",sie ersetzt AHV,sie ist ein Wahlzettel,B,Haftpflicht schützt vor finanziellen Folgen fremder Schäden.,"ABU Smartlearn Quiz 1. Teil, Moodle-XHTML-Export, hochgeladene Referenzdatei",user_upload:quiz-ABU_Smartlearn_1.Teil-top-20260519-0952.html
abu,Allgemeinbildender Unterricht ABU,abu_l08,ABU,L08,"Risiko, Sicherheit und Versicherungen",medium,single_choice,Welche praktische Bedeutung hat Privathaftpflicht für Lernende?,sie zahlt eigene Konsumwünsche,sie ersetzt AHV,"sie deckt Schäden, die man anderen versehentlich zufügt",sie ist ein Wahlzettel,C,Haftpflicht schützt vor finanziellen Folgen fremder Schäden.,"ABU Smartlearn Quiz 1. Teil, Moodle-XHTML-Export, hochgeladene Referenzdatei",user_upload:quiz-ABU_Smartlearn_1.Teil-top-20260519-0952.html
abu,Allgemeinbildender Unterricht ABU,abu_l08,ABU,L08,"Risiko, Sicherheit und Versicherungen",hard,single_choice,Welche Erklärung zu Privathaftpflicht ist im gesellschaftlichen und rechtlichen Kontext richtig?,sie zahlt eigene Konsumwünsche,sie ersetzt AHV,sie ist ein Wahlzettel,"sie deckt Schäden, die man anderen versehentlich zufügt",D,Haftpflicht schützt vor finanziellen Folgen fremder Schäden.,"ABU Smartlearn Quiz 1. Teil, Moodle-XHTML-Export, hochgeladene Referenzdatei",user_upload:quiz-ABU_Smartlearn_1.Teil-top-20260519-0952.html
abu,Allgemeinbildender Unterricht ABU,abu_l08,ABU,L08,"Risiko, Sicherheit und Versicherungen",easy,single_choice,Was ist bei Privathaftpflicht grundsätzlich richtig?,"sie deckt Schäden, die man anderen versehentlich zufügt",sie zahlt eigene Konsumwünsche,sie ersetzt AHV,sie ist ein Wahlzettel,A,Haftpflicht schützt vor finanziellen Folgen fremder Schäden.,"ABU Smartlearn Quiz 1. Teil, Moodle-XHTML-Export, hochgeladene Referenzdatei",user_upload:quiz-ABU_Smartlearn_1.Teil-top-20260519-0952.html
abu,Allgemeinbildender Unterricht ABU,abu_l08,ABU,L08,"Risiko, Sicherheit und Versicherungen",medium,single_choice,Welche Aussage zeigt ein korrektes Verständnis von Privathaftpflicht?,sie zahlt eigene Konsumwünsche,"sie deckt Schäden, die man anderen versehentlich zufügt",sie ersetzt AHV,sie ist ein Wahlzettel,B,Haftpflicht schützt vor finanziellen Folgen fremder Schäden.,"ABU Smartlearn Quiz 1. Teil, Moodle-XHTML-Export, hochgeladene Referenzdatei",user_upload:quiz-ABU_Smartlearn_1.Teil-top-20260519-0952.html
abu,Allgemeinbildender Unterricht ABU,abu_l08,ABU,L08,"Risiko, Sicherheit und Versicherungen",hard,single_choice,Welche Aussage grenzt Privathaftpflicht am präzisesten von falschen Vorstellungen ab?,sie zahlt eigene Konsumwünsche,sie ersetzt AHV,"sie deckt Schäden, die man anderen versehentlich zufügt",sie ist ein Wahlzettel,C,Haftpflicht schützt vor finanziellen Folgen fremder Schäden.,"ABU Smartlearn Quiz 1. Teil, Moodle-XHTML-Export, hochgeladene Referenzdatei",user_upload:quiz-ABU_Smartlearn_1.Teil-top-20260519-0952.html
abu,Allgemeinbildender Unterricht ABU,abu_l08,ABU,L08,"Risiko, Sicherheit und Versicherungen",easy,single_choice,Welche Kurzdefinition passt zu Privathaftpflicht?,sie zahlt eigene Konsumwünsche,sie ersetzt AHV,sie ist ein Wahlzettel,"sie deckt Schäden, die man anderen versehentlich zufügt",D,Haftpflicht schützt vor finanziellen Folgen fremder Schäden.,"ABU Smartlearn Quiz 1. Teil, Moodle-XHTML-Export, hochgeladene Referenzdatei",user_upload:quiz-ABU_Smartlearn_1.Teil-top-20260519-0952.html
abu,Allgemeinbildender Unterricht ABU,abu_l08,ABU,L08,"Risiko, Sicherheit und Versicherungen",easy,single_choice,Welche Aussage beschreibt Hausratversicherung im ABU am besten?,sie schützt bewegliche Sachen im Haushalt gegen versicherte Ereignisse,sie ist ein Lehrvertrag,sie deckt nur Nationalratswahlen,sie ersetzt Krankenkasse,A,Hausrat betrifft persönliche Gegenstände zu Hause.,"ABU Smartlearn Quiz 1. Teil, Moodle-XHTML-Export, hochgeladene Referenzdatei",user_upload:quiz-ABU_Smartlearn_1.Teil-top-20260519-0952.html
abu,Allgemeinbildender Unterricht ABU,abu_l08,ABU,L08,"Risiko, Sicherheit und Versicherungen",medium,single_choice,Worauf muss man beim Thema Hausratversicherung besonders achten?,sie ist ein Lehrvertrag,sie schützt bewegliche Sachen im Haushalt gegen versicherte Ereignisse,sie deckt nur Nationalratswahlen,sie ersetzt Krankenkasse,B,Hausrat betrifft persönliche Gegenstände zu Hause.,"ABU Smartlearn Quiz 1. Teil, Moodle-XHTML-Export, hochgeladene Referenzdatei",user_upload:quiz-ABU_Smartlearn_1.Teil-top-20260519-0952.html
abu,Allgemeinbildender Unterricht ABU,abu_l08,ABU,L08,"Risiko, Sicherheit und Versicherungen",hard,single_choice,Welche Aussage zu Hausratversicherung ist fachlich am korrektesten?,sie ist ein Lehrvertrag,sie deckt nur Nationalratswahlen,sie schützt bewegliche Sachen im Haushalt gegen versicherte Ereignisse,sie ersetzt Krankenkasse,C,Hausrat betrifft persönliche Gegenstände zu Hause.,"ABU Smartlearn Quiz 1. Teil, Moodle-XHTML-Export, hochgeladene Referenzdatei",user_upload:quiz-ABU_Smartlearn_1.Teil-top-20260519-0952.html
abu,Allgemeinbildender Unterricht ABU,abu_l08,ABU,L08,"Risiko, Sicherheit und Versicherungen",easy,single_choice,Welche Antwort passt zum Begriff Hausratversicherung?,sie ist ein Lehrvertrag,sie deckt nur Nationalratswahlen,sie ersetzt Krankenkasse,sie schützt bewegliche Sachen im Haushalt gegen versicherte Ereignisse,D,Hausrat betrifft persönliche Gegenstände zu Hause.,"ABU Smartlearn Quiz 1. Teil, Moodle-XHTML-Export, hochgeladene Referenzdatei",user_upload:quiz-ABU_Smartlearn_1.Teil-top-20260519-0952.html
abu,Allgemeinbildender Unterricht ABU,abu_l08,ABU,L08,"Risiko, Sicherheit und Versicherungen",medium,single_choice,Welche praktische Bedeutung hat Hausratversicherung für Lernende?,sie schützt bewegliche Sachen im Haushalt gegen versicherte Ereignisse,sie ist ein Lehrvertrag,sie deckt nur Nationalratswahlen,sie ersetzt Krankenkasse,A,Hausrat betrifft persönliche Gegenstände zu Hause.,"ABU Smartlearn Quiz 1. Teil, Moodle-XHTML-Export, hochgeladene Referenzdatei",user_upload:quiz-ABU_Smartlearn_1.Teil-top-20260519-0952.html
abu,Allgemeinbildender Unterricht ABU,abu_l08,ABU,L08,"Risiko, Sicherheit und Versicherungen",hard,single_choice,Welche Erklärung zu Hausratversicherung ist im gesellschaftlichen und rechtlichen Kontext richtig?,sie ist ein Lehrvertrag,sie schützt bewegliche Sachen im Haushalt gegen versicherte Ereignisse,sie deckt nur Nationalratswahlen,sie ersetzt Krankenkasse,B,Hausrat betrifft persönliche Gegenstände zu Hause.,"ABU Smartlearn Quiz 1. Teil, Moodle-XHTML-Export, hochgeladene Referenzdatei",user_upload:quiz-ABU_Smartlearn_1.Teil-top-20260519-0952.html
abu,Allgemeinbildender Unterricht ABU,abu_l08,ABU,L08,"Risiko, Sicherheit und Versicherungen",easy,single_choice,Was ist bei Hausratversicherung grundsätzlich richtig?,sie ist ein Lehrvertrag,sie deckt nur Nationalratswahlen,sie schützt bewegliche Sachen im Haushalt gegen versicherte Ereignisse,sie ersetzt Krankenkasse,C,Hausrat betrifft persönliche Gegenstände zu Hause.,"ABU Smartlearn Quiz 1. Teil, Moodle-XHTML-Export, hochgeladene Referenzdatei",user_upload:quiz-ABU_Smartlearn_1.Teil-top-20260519-0952.html
abu,Allgemeinbildender Unterricht ABU,abu_l08,ABU,L08,"Risiko, Sicherheit und Versicherungen",medium,single_choice,Welche Aussage zeigt ein korrektes Verständnis von Hausratversicherung?,sie ist ein Lehrvertrag,sie deckt nur Nationalratswahlen,sie ersetzt Krankenkasse,sie schützt bewegliche Sachen im Haushalt gegen versicherte Ereignisse,D,Hausrat betrifft persönliche Gegenstände zu Hause.,"ABU Smartlearn Quiz 1. Teil, Moodle-XHTML-Export, hochgeladene Referenzdatei",user_upload:quiz-ABU_Smartlearn_1.Teil-top-20260519-0952.html
abu,Allgemeinbildender Unterricht ABU,abu_l08,ABU,L08,"Risiko, Sicherheit und Versicherungen",hard,single_choice,Welche Aussage grenzt Hausratversicherung am präzisesten von falschen Vorstellungen ab?,sie schützt bewegliche Sachen im Haushalt gegen versicherte Ereignisse,sie ist ein Lehrvertrag,sie deckt nur Nationalratswahlen,sie ersetzt Krankenkasse,A,Hausrat betrifft persönliche Gegenstände zu Hause.,"ABU Smartlearn Quiz 1. Teil, Moodle-XHTML-Export, hochgeladene Referenzdatei",user_upload:quiz-ABU_Smartlearn_1.Teil-top-20260519-0952.html
abu,Allgemeinbildender Unterricht ABU,abu_l08,ABU,L08,"Risiko, Sicherheit und Versicherungen",easy,single_choice,Welche Kurzdefinition passt zu Hausratversicherung?,sie ist ein Lehrvertrag,sie schützt bewegliche Sachen im Haushalt gegen versicherte Ereignisse,sie deckt nur Nationalratswahlen,sie ersetzt Krankenkasse,B,Hausrat betrifft persönliche Gegenstände zu Hause.,"ABU Smartlearn Quiz 1. Teil, Moodle-XHTML-Export, hochgeladene Referenzdatei",user_upload:quiz-ABU_Smartlearn_1.Teil-top-20260519-0952.html
abu,Allgemeinbildender Unterricht ABU,abu_l08,ABU,L08,"Risiko, Sicherheit und Versicherungen",easy,single_choice,Welche Aussage beschreibt Regress im ABU am besten?,sie schenkt immer Geld,sie beendet alle Verträge,eine Versicherung kann unter Umständen Geld von Verursachern zurückfordern,sie erhöht automatisch Lohn,C,Regress betrifft Rückgriff auf verantwortliche Personen.,"ABU Smartlearn Quiz 1. Teil, Moodle-XHTML-Export, hochgeladene Referenzdatei",user_upload:quiz-ABU_Smartlearn_1.Teil-top-20260519-0952.html
abu,Allgemeinbildender Unterricht ABU,abu_l08,ABU,L08,"Risiko, Sicherheit und Versicherungen",medium,single_choice,Worauf muss man beim Thema Regress besonders achten?,sie schenkt immer Geld,sie beendet alle Verträge,sie erhöht automatisch Lohn,eine Versicherung kann unter Umständen Geld von Verursachern zurückfordern,D,Regress betrifft Rückgriff auf verantwortliche Personen.,"ABU Smartlearn Quiz 1. Teil, Moodle-XHTML-Export, hochgeladene Referenzdatei",user_upload:quiz-ABU_Smartlearn_1.Teil-top-20260519-0952.html
abu,Allgemeinbildender Unterricht ABU,abu_l08,ABU,L08,"Risiko, Sicherheit und Versicherungen",hard,single_choice,Welche Aussage zu Regress ist fachlich am korrektesten?,eine Versicherung kann unter Umständen Geld von Verursachern zurückfordern,sie schenkt immer Geld,sie beendet alle Verträge,sie erhöht automatisch Lohn,A,Regress betrifft Rückgriff auf verantwortliche Personen.,"ABU Smartlearn Quiz 1. Teil, Moodle-XHTML-Export, hochgeladene Referenzdatei",user_upload:quiz-ABU_Smartlearn_1.Teil-top-20260519-0952.html
abu,Allgemeinbildender Unterricht ABU,abu_l08,ABU,L08,"Risiko, Sicherheit und Versicherungen",easy,single_choice,Welche Antwort passt zum Begriff Regress?,sie schenkt immer Geld,eine Versicherung kann unter Umständen Geld von Verursachern zurückfordern,sie beendet alle Verträge,sie erhöht automatisch Lohn,B,Regress betrifft Rückgriff auf verantwortliche Personen.,"ABU Smartlearn Quiz 1. Teil, Moodle-XHTML-Export, hochgeladene Referenzdatei",user_upload:quiz-ABU_Smartlearn_1.Teil-top-20260519-0952.html
abu,Allgemeinbildender Unterricht ABU,abu_l08,ABU,L08,"Risiko, Sicherheit und Versicherungen",medium,single_choice,Welche praktische Bedeutung hat Regress für Lernende?,sie schenkt immer Geld,sie beendet alle Verträge,eine Versicherung kann unter Umständen Geld von Verursachern zurückfordern,sie erhöht automatisch Lohn,C,Regress betrifft Rückgriff auf verantwortliche Personen.,"ABU Smartlearn Quiz 1. Teil, Moodle-XHTML-Export, hochgeladene Referenzdatei",user_upload:quiz-ABU_Smartlearn_1.Teil-top-20260519-0952.html
abu,Allgemeinbildender Unterricht ABU,abu_l08,ABU,L08,"Risiko, Sicherheit und Versicherungen",hard,single_choice,Welche Erklärung zu Regress ist im gesellschaftlichen und rechtlichen Kontext richtig?,sie schenkt immer Geld,sie beendet alle Verträge,sie erhöht automatisch Lohn,eine Versicherung kann unter Umständen Geld von Verursachern zurückfordern,D,Regress betrifft Rückgriff auf verantwortliche Personen.,"ABU Smartlearn Quiz 1. Teil, Moodle-XHTML-Export, hochgeladene Referenzdatei",user_upload:quiz-ABU_Smartlearn_1.Teil-top-20260519-0952.html
abu,Allgemeinbildender Unterricht ABU,abu_l08,ABU,L08,"Risiko, Sicherheit und Versicherungen",easy,single_choice,Was ist bei Regress grundsätzlich richtig?,eine Versicherung kann unter Umständen Geld von Verursachern zurückfordern,sie schenkt immer Geld,sie beendet alle Verträge,sie erhöht automatisch Lohn,A,Regress betrifft Rückgriff auf verantwortliche Personen.,"ABU Smartlearn Quiz 1. Teil, Moodle-XHTML-Export, hochgeladene Referenzdatei",user_upload:quiz-ABU_Smartlearn_1.Teil-top-20260519-0952.html
abu,Allgemeinbildender Unterricht ABU,abu_l08,ABU,L08,"Risiko, Sicherheit und Versicherungen",medium,single_choice,Welche Aussage zeigt ein korrektes Verständnis von Regress?,sie schenkt immer Geld,eine Versicherung kann unter Umständen Geld von Verursachern zurückfordern,sie beendet alle Verträge,sie erhöht automatisch Lohn,B,Regress betrifft Rückgriff auf verantwortliche Personen.,"ABU Smartlearn Quiz 1. Teil, Moodle-XHTML-Export, hochgeladene Referenzdatei",user_upload:quiz-ABU_Smartlearn_1.Teil-top-20260519-0952.html
abu,Allgemeinbildender Unterricht ABU,abu_l08,ABU,L08,"Risiko, Sicherheit und Versicherungen",hard,single_choice,Welche Aussage grenzt Regress am präzisesten von falschen Vorstellungen ab?,sie schenkt immer Geld,sie beendet alle Verträge,eine Versicherung kann unter Umständen Geld von Verursachern zurückfordern,sie erhöht automatisch Lohn,C,Regress betrifft Rückgriff auf verantwortliche Personen.,"ABU Smartlearn Quiz 1. Teil, Moodle-XHTML-Export, hochgeladene Referenzdatei",user_upload:quiz-ABU_Smartlearn_1.Teil-top-20260519-0952.html
abu,Allgemeinbildender Unterricht ABU,abu_l08,ABU,L08,"Risiko, Sicherheit und Versicherungen",easy,single_choice,Welche Kurzdefinition passt zu Regress?,sie schenkt immer Geld,sie beendet alle Verträge,sie erhöht automatisch Lohn,eine Versicherung kann unter Umständen Geld von Verursachern zurückfordern,D,Regress betrifft Rückgriff auf verantwortliche Personen.,"ABU Smartlearn Quiz 1. Teil, Moodle-XHTML-Export, hochgeladene Referenzdatei",user_upload:quiz-ABU_Smartlearn_1.Teil-top-20260519-0952.html
abu,Allgemeinbildender Unterricht ABU,abu_l09,ABU,L09,"Staat, Rechte und Pflichten: Grundlagen der Schweiz",easy,single_choice,Welche Aussage beschreibt Bundesverfassung im ABU am besten?,sie ist die rechtliche Grundordnung der Schweiz,sie ist ein Mietvertrag,sie ist eine Versicherungspolice,sie ist ein Bankkonto,A,Die Bundesverfassung steht in der Normenhierarchie weit oben.,"ABU Smartlearn Quiz 1. Teil, Moodle-XHTML-Export, hochgeladene Referenzdatei",user_upload:quiz-ABU_Smartlearn_1.Teil-top-20260519-0952.html
abu,Allgemeinbildender Unterricht ABU,abu_l09,ABU,L09,"Staat, Rechte und Pflichten: Grundlagen der Schweiz",medium,single_choice,Worauf muss man beim Thema Bundesverfassung besonders achten?,sie ist ein Mietvertrag,sie ist die rechtliche Grundordnung der Schweiz,sie ist eine Versicherungspolice,sie ist ein Bankkonto,B,Die Bundesverfassung steht in der Normenhierarchie weit oben.,"ABU Smartlearn Quiz 1. Teil, Moodle-XHTML-Export, hochgeladene Referenzdatei",user_upload:quiz-ABU_Smartlearn_1.Teil-top-20260519-0952.html
abu,Allgemeinbildender Unterricht ABU,abu_l09,ABU,L09,"Staat, Rechte und Pflichten: Grundlagen der Schweiz",hard,single_choice,Welche Aussage zu Bundesverfassung ist fachlich am korrektesten?,sie ist ein Mietvertrag,sie ist eine Versicherungspolice,sie ist die rechtliche Grundordnung der Schweiz,sie ist ein Bankkonto,C,Die Bundesverfassung steht in der Normenhierarchie weit oben.,"ABU Smartlearn Quiz 1. Teil, Moodle-XHTML-Export, hochgeladene Referenzdatei",user_upload:quiz-ABU_Smartlearn_1.Teil-top-20260519-0952.html
abu,Allgemeinbildender Unterricht ABU,abu_l09,ABU,L09,"Staat, Rechte und Pflichten: Grundlagen der Schweiz",easy,single_choice,Welche Antwort passt zum Begriff Bundesverfassung?,sie ist ein Mietvertrag,sie ist eine Versicherungspolice,sie ist ein Bankkonto,sie ist die rechtliche Grundordnung der Schweiz,D,Die Bundesverfassung steht in der Normenhierarchie weit oben.,"ABU Smartlearn Quiz 1. Teil, Moodle-XHTML-Export, hochgeladene Referenzdatei",user_upload:quiz-ABU_Smartlearn_1.Teil-top-20260519-0952.html
abu,Allgemeinbildender Unterricht ABU,abu_l09,ABU,L09,"Staat, Rechte und Pflichten: Grundlagen der Schweiz",medium,single_choice,Welche praktische Bedeutung hat Bundesverfassung für Lernende?,sie ist die rechtliche Grundordnung der Schweiz,sie ist ein Mietvertrag,sie ist eine Versicherungspolice,sie ist ein Bankkonto,A,Die Bundesverfassung steht in der Normenhierarchie weit oben.,"ABU Smartlearn Quiz 1. Teil, Moodle-XHTML-Export, hochgeladene Referenzdatei",user_upload:quiz-ABU_Smartlearn_1.Teil-top-20260519-0952.html
abu,Allgemeinbildender Unterricht ABU,abu_l09,ABU,L09,"Staat, Rechte und Pflichten: Grundlagen der Schweiz",hard,single_choice,Welche Erklärung zu Bundesverfassung ist im gesellschaftlichen und rechtlichen Kontext richtig?,sie ist ein Mietvertrag,sie ist die rechtliche Grundordnung der Schweiz,sie ist eine Versicherungspolice,sie ist ein Bankkonto,B,Die Bundesverfassung steht in der Normenhierarchie weit oben.,"ABU Smartlearn Quiz 1. Teil, Moodle-XHTML-Export, hochgeladene Referenzdatei",user_upload:quiz-ABU_Smartlearn_1.Teil-top-20260519-0952.html
abu,Allgemeinbildender Unterricht ABU,abu_l09,ABU,L09,"Staat, Rechte und Pflichten: Grundlagen der Schweiz",easy,single_choice,Was ist bei Bundesverfassung grundsätzlich richtig?,sie ist ein Mietvertrag,sie ist eine Versicherungspolice,sie ist die rechtliche Grundordnung der Schweiz,sie ist ein Bankkonto,C,Die Bundesverfassung steht in der Normenhierarchie weit oben.,"ABU Smartlearn Quiz 1. Teil, Moodle-XHTML-Export, hochgeladene Referenzdatei",user_upload:quiz-ABU_Smartlearn_1.Teil-top-20260519-0952.html
abu,Allgemeinbildender Unterricht ABU,abu_l09,ABU,L09,"Staat, Rechte und Pflichten: Grundlagen der Schweiz",medium,single_choice,Welche Aussage zeigt ein korrektes Verständnis von Bundesverfassung?,sie ist ein Mietvertrag,sie ist eine Versicherungspolice,sie ist ein Bankkonto,sie ist die rechtliche Grundordnung der Schweiz,D,Die Bundesverfassung steht in der Normenhierarchie weit oben.,"ABU Smartlearn Quiz 1. Teil, Moodle-XHTML-Export, hochgeladene Referenzdatei",user_upload:quiz-ABU_Smartlearn_1.Teil-top-20260519-0952.html
abu,Allgemeinbildender Unterricht ABU,abu_l09,ABU,L09,"Staat, Rechte und Pflichten: Grundlagen der Schweiz",hard,single_choice,Welche Aussage grenzt Bundesverfassung am präzisesten von falschen Vorstellungen ab?,sie ist die rechtliche Grundordnung der Schweiz,sie ist ein Mietvertrag,sie ist eine Versicherungspolice,sie ist ein Bankkonto,A,Die Bundesverfassung steht in der Normenhierarchie weit oben.,"ABU Smartlearn Quiz 1. Teil, Moodle-XHTML-Export, hochgeladene Referenzdatei",user_upload:quiz-ABU_Smartlearn_1.Teil-top-20260519-0952.html
abu,Allgemeinbildender Unterricht ABU,abu_l09,ABU,L09,"Staat, Rechte und Pflichten: Grundlagen der Schweiz",easy,single_choice,Welche Kurzdefinition passt zu Bundesverfassung?,sie ist ein Mietvertrag,sie ist die rechtliche Grundordnung der Schweiz,sie ist eine Versicherungspolice,sie ist ein Bankkonto,B,Die Bundesverfassung steht in der Normenhierarchie weit oben.,"ABU Smartlearn Quiz 1. Teil, Moodle-XHTML-Export, hochgeladene Referenzdatei",user_upload:quiz-ABU_Smartlearn_1.Teil-top-20260519-0952.html
abu,Allgemeinbildender Unterricht ABU,abu_l09,ABU,L09,"Staat, Rechte und Pflichten: Grundlagen der Schweiz",easy,single_choice,Welche Aussage beschreibt Demokratie im ABU am besten?,nur eine Person entscheidet alles,Wahlen sind verboten,das Volk kann politisch mitbestimmen,Meinungen zählen nie,C,Demokratie ermöglicht politische Beteiligung.,"ABU Smartlearn Quiz 1. Teil, Moodle-XHTML-Export, hochgeladene Referenzdatei",user_upload:quiz-ABU_Smartlearn_1.Teil-top-20260519-0952.html
abu,Allgemeinbildender Unterricht ABU,abu_l09,ABU,L09,"Staat, Rechte und Pflichten: Grundlagen der Schweiz",medium,single_choice,Worauf muss man beim Thema Demokratie besonders achten?,nur eine Person entscheidet alles,Wahlen sind verboten,Meinungen zählen nie,das Volk kann politisch mitbestimmen,D,Demokratie ermöglicht politische Beteiligung.,"ABU Smartlearn Quiz 1. Teil, Moodle-XHTML-Export, hochgeladene Referenzdatei",user_upload:quiz-ABU_Smartlearn_1.Teil-top-20260519-0952.html
abu,Allgemeinbildender Unterricht ABU,abu_l09,ABU,L09,"Staat, Rechte und Pflichten: Grundlagen der Schweiz",hard,single_choice,Welche Aussage zu Demokratie ist fachlich am korrektesten?,das Volk kann politisch mitbestimmen,nur eine Person entscheidet alles,Wahlen sind verboten,Meinungen zählen nie,A,Demokratie ermöglicht politische Beteiligung.,"ABU Smartlearn Quiz 1. Teil, Moodle-XHTML-Export, hochgeladene Referenzdatei",user_upload:quiz-ABU_Smartlearn_1.Teil-top-20260519-0952.html
abu,Allgemeinbildender Unterricht ABU,abu_l09,ABU,L09,"Staat, Rechte und Pflichten: Grundlagen der Schweiz",easy,single_choice,Welche Antwort passt zum Begriff Demokratie?,nur eine Person entscheidet alles,das Volk kann politisch mitbestimmen,Wahlen sind verboten,Meinungen zählen nie,B,Demokratie ermöglicht politische Beteiligung.,"ABU Smartlearn Quiz 1. Teil, Moodle-XHTML-Export, hochgeladene Referenzdatei",user_upload:quiz-ABU_Smartlearn_1.Teil-top-20260519-0952.html
abu,Allgemeinbildender Unterricht ABU,abu_l09,ABU,L09,"Staat, Rechte und Pflichten: Grundlagen der Schweiz",medium,single_choice,Welche praktische Bedeutung hat Demokratie für Lernende?,nur eine Person entscheidet alles,Wahlen sind verboten,das Volk kann politisch mitbestimmen,Meinungen zählen nie,C,Demokratie ermöglicht politische Beteiligung.,"ABU Smartlearn Quiz 1. Teil, Moodle-XHTML-Export, hochgeladene Referenzdatei",user_upload:quiz-ABU_Smartlearn_1.Teil-top-20260519-0952.html
abu,Allgemeinbildender Unterricht ABU,abu_l09,ABU,L09,"Staat, Rechte und Pflichten: Grundlagen der Schweiz",hard,single_choice,Welche Erklärung zu Demokratie ist im gesellschaftlichen und rechtlichen Kontext richtig?,nur eine Person entscheidet alles,Wahlen sind verboten,Meinungen zählen nie,das Volk kann politisch mitbestimmen,D,Demokratie ermöglicht politische Beteiligung.,"ABU Smartlearn Quiz 1. Teil, Moodle-XHTML-Export, hochgeladene Referenzdatei",user_upload:quiz-ABU_Smartlearn_1.Teil-top-20260519-0952.html
abu,Allgemeinbildender Unterricht ABU,abu_l09,ABU,L09,"Staat, Rechte und Pflichten: Grundlagen der Schweiz",easy,single_choice,Was ist bei Demokratie grundsätzlich richtig?,das Volk kann politisch mitbestimmen,nur eine Person entscheidet alles,Wahlen sind verboten,Meinungen zählen nie,A,Demokratie ermöglicht politische Beteiligung.,"ABU Smartlearn Quiz 1. Teil, Moodle-XHTML-Export, hochgeladene Referenzdatei",user_upload:quiz-ABU_Smartlearn_1.Teil-top-20260519-0952.html
abu,Allgemeinbildender Unterricht ABU,abu_l09,ABU,L09,"Staat, Rechte und Pflichten: Grundlagen der Schweiz",medium,single_choice,Welche Aussage zeigt ein korrektes Verständnis von Demokratie?,nur eine Person entscheidet alles,das Volk kann politisch mitbestimmen,Wahlen sind verboten,Meinungen zählen nie,B,Demokratie ermöglicht politische Beteiligung.,"ABU Smartlearn Quiz 1. Teil, Moodle-XHTML-Export, hochgeladene Referenzdatei",user_upload:quiz-ABU_Smartlearn_1.Teil-top-20260519-0952.html
abu,Allgemeinbildender Unterricht ABU,abu_l09,ABU,L09,"Staat, Rechte und Pflichten: Grundlagen der Schweiz",hard,single_choice,Welche Aussage grenzt Demokratie am präzisesten von falschen Vorstellungen ab?,nur eine Person entscheidet alles,Wahlen sind verboten,das Volk kann politisch mitbestimmen,Meinungen zählen nie,C,Demokratie ermöglicht politische Beteiligung.,"ABU Smartlearn Quiz 1. Teil, Moodle-XHTML-Export, hochgeladene Referenzdatei",user_upload:quiz-ABU_Smartlearn_1.Teil-top-20260519-0952.html
abu,Allgemeinbildender Unterricht ABU,abu_l09,ABU,L09,"Staat, Rechte und Pflichten: Grundlagen der Schweiz",easy,single_choice,Welche Kurzdefinition passt zu Demokratie?,nur eine Person entscheidet alles,Wahlen sind verboten,Meinungen zählen nie,das Volk kann politisch mitbestimmen,D,Demokratie ermöglicht politische Beteiligung.,"ABU Smartlearn Quiz 1. Teil, Moodle-XHTML-Export, hochgeladene Referenzdatei",user_upload:quiz-ABU_Smartlearn_1.Teil-top-20260519-0952.html
abu,Allgemeinbildender Unterricht ABU,abu_l09,ABU,L09,"Staat, Rechte und Pflichten: Grundlagen der Schweiz",easy,single_choice,Welche Aussage beschreibt Föderalismus im ABU am besten?,"Bund, Kantone und Gemeinden teilen Aufgaben und Kompetenzen",alle Entscheide liegen nur bei einer Firma,Gemeinden gibt es nicht,Kantone haben nie Aufgaben,A,Föderalismus ist ein Merkmal der Schweiz.,"ABU Smartlearn Quiz 1. Teil, Moodle-XHTML-Export, hochgeladene Referenzdatei",user_upload:quiz-ABU_Smartlearn_1.Teil-top-20260519-0952.html
abu,Allgemeinbildender Unterricht ABU,abu_l09,ABU,L09,"Staat, Rechte und Pflichten: Grundlagen der Schweiz",medium,single_choice,Worauf muss man beim Thema Föderalismus besonders achten?,alle Entscheide liegen nur bei einer Firma,"Bund, Kantone und Gemeinden teilen Aufgaben und Kompetenzen",Gemeinden gibt es nicht,Kantone haben nie Aufgaben,B,Föderalismus ist ein Merkmal der Schweiz.,"ABU Smartlearn Quiz 1. Teil, Moodle-XHTML-Export, hochgeladene Referenzdatei",user_upload:quiz-ABU_Smartlearn_1.Teil-top-20260519-0952.html
abu,Allgemeinbildender Unterricht ABU,abu_l09,ABU,L09,"Staat, Rechte und Pflichten: Grundlagen der Schweiz",hard,single_choice,Welche Aussage zu Föderalismus ist fachlich am korrektesten?,alle Entscheide liegen nur bei einer Firma,Gemeinden gibt es nicht,"Bund, Kantone und Gemeinden teilen Aufgaben und Kompetenzen",Kantone haben nie Aufgaben,C,Föderalismus ist ein Merkmal der Schweiz.,"ABU Smartlearn Quiz 1. Teil, Moodle-XHTML-Export, hochgeladene Referenzdatei",user_upload:quiz-ABU_Smartlearn_1.Teil-top-20260519-0952.html
abu,Allgemeinbildender Unterricht ABU,abu_l09,ABU,L09,"Staat, Rechte und Pflichten: Grundlagen der Schweiz",easy,single_choice,Welche Antwort passt zum Begriff Föderalismus?,alle Entscheide liegen nur bei einer Firma,Gemeinden gibt es nicht,Kantone haben nie Aufgaben,"Bund, Kantone und Gemeinden teilen Aufgaben und Kompetenzen",D,Föderalismus ist ein Merkmal der Schweiz.,"ABU Smartlearn Quiz 1. Teil, Moodle-XHTML-Export, hochgeladene Referenzdatei",user_upload:quiz-ABU_Smartlearn_1.Teil-top-20260519-0952.html
abu,Allgemeinbildender Unterricht ABU,abu_l09,ABU,L09,"Staat, Rechte und Pflichten: Grundlagen der Schweiz",medium,single_choice,Welche praktische Bedeutung hat Föderalismus für Lernende?,"Bund, Kantone und Gemeinden teilen Aufgaben und Kompetenzen",alle Entscheide liegen nur bei einer Firma,Gemeinden gibt es nicht,Kantone haben nie Aufgaben,A,Föderalismus ist ein Merkmal der Schweiz.,"ABU Smartlearn Quiz 1. Teil, Moodle-XHTML-Export, hochgeladene Referenzdatei",user_upload:quiz-ABU_Smartlearn_1.Teil-top-20260519-0952.html
abu,Allgemeinbildender Unterricht ABU,abu_l09,ABU,L09,"Staat, Rechte und Pflichten: Grundlagen der Schweiz",hard,single_choice,Welche Erklärung zu Föderalismus ist im gesellschaftlichen und rechtlichen Kontext richtig?,alle Entscheide liegen nur bei einer Firma,"Bund, Kantone und Gemeinden teilen Aufgaben und Kompetenzen",Gemeinden gibt es nicht,Kantone haben nie Aufgaben,B,Föderalismus ist ein Merkmal der Schweiz.,"ABU Smartlearn Quiz 1. Teil, Moodle-XHTML-Export, hochgeladene Referenzdatei",user_upload:quiz-ABU_Smartlearn_1.Teil-top-20260519-0952.html
abu,Allgemeinbildender Unterricht ABU,abu_l09,ABU,L09,"Staat, Rechte und Pflichten: Grundlagen der Schweiz",easy,single_choice,Was ist bei Föderalismus grundsätzlich richtig?,alle Entscheide liegen nur bei einer Firma,Gemeinden gibt es nicht,"Bund, Kantone und Gemeinden teilen Aufgaben und Kompetenzen",Kantone haben nie Aufgaben,C,Föderalismus ist ein Merkmal der Schweiz.,"ABU Smartlearn Quiz 1. Teil, Moodle-XHTML-Export, hochgeladene Referenzdatei",user_upload:quiz-ABU_Smartlearn_1.Teil-top-20260519-0952.html
abu,Allgemeinbildender Unterricht ABU,abu_l09,ABU,L09,"Staat, Rechte und Pflichten: Grundlagen der Schweiz",medium,single_choice,Welche Aussage zeigt ein korrektes Verständnis von Föderalismus?,alle Entscheide liegen nur bei einer Firma,Gemeinden gibt es nicht,Kantone haben nie Aufgaben,"Bund, Kantone und Gemeinden teilen Aufgaben und Kompetenzen",D,Föderalismus ist ein Merkmal der Schweiz.,"ABU Smartlearn Quiz 1. Teil, Moodle-XHTML-Export, hochgeladene Referenzdatei",user_upload:quiz-ABU_Smartlearn_1.Teil-top-20260519-0952.html
abu,Allgemeinbildender Unterricht ABU,abu_l09,ABU,L09,"Staat, Rechte und Pflichten: Grundlagen der Schweiz",hard,single_choice,Welche Aussage grenzt Föderalismus am präzisesten von falschen Vorstellungen ab?,"Bund, Kantone und Gemeinden teilen Aufgaben und Kompetenzen",alle Entscheide liegen nur bei einer Firma,Gemeinden gibt es nicht,Kantone haben nie Aufgaben,A,Föderalismus ist ein Merkmal der Schweiz.,"ABU Smartlearn Quiz 1. Teil, Moodle-XHTML-Export, hochgeladene Referenzdatei",user_upload:quiz-ABU_Smartlearn_1.Teil-top-20260519-0952.html
abu,Allgemeinbildender Unterricht ABU,abu_l09,ABU,L09,"Staat, Rechte und Pflichten: Grundlagen der Schweiz",easy,single_choice,Welche Kurzdefinition passt zu Föderalismus?,alle Entscheide liegen nur bei einer Firma,"Bund, Kantone und Gemeinden teilen Aufgaben und Kompetenzen",Gemeinden gibt es nicht,Kantone haben nie Aufgaben,B,Föderalismus ist ein Merkmal der Schweiz.,"ABU Smartlearn Quiz 1. Teil, Moodle-XHTML-Export, hochgeladene Referenzdatei",user_upload:quiz-ABU_Smartlearn_1.Teil-top-20260519-0952.html
abu,Allgemeinbildender Unterricht ABU,abu_l09,ABU,L09,"Staat, Rechte und Pflichten: Grundlagen der Schweiz",easy,single_choice,Welche Aussage beschreibt Gewaltenteilung im ABU am besten?,alle Macht liegt bei derselben Stelle,Gerichte machen Werbung,"Legislative, Exekutive und Judikative kontrollieren sich gegenseitig",Parlament ersetzt alle Gerichte,C,Gewaltenteilung verhindert Machtkonzentration.,"ABU Smartlearn Quiz 1. Teil, Moodle-XHTML-Export, hochgeladene Referenzdatei",user_upload:quiz-ABU_Smartlearn_1.Teil-top-20260519-0952.html
abu,Allgemeinbildender Unterricht ABU,abu_l09,ABU,L09,"Staat, Rechte und Pflichten: Grundlagen der Schweiz",medium,single_choice,Worauf muss man beim Thema Gewaltenteilung besonders achten?,alle Macht liegt bei derselben Stelle,Gerichte machen Werbung,Parlament ersetzt alle Gerichte,"Legislative, Exekutive und Judikative kontrollieren sich gegenseitig",D,Gewaltenteilung verhindert Machtkonzentration.,"ABU Smartlearn Quiz 1. Teil, Moodle-XHTML-Export, hochgeladene Referenzdatei",user_upload:quiz-ABU_Smartlearn_1.Teil-top-20260519-0952.html
abu,Allgemeinbildender Unterricht ABU,abu_l09,ABU,L09,"Staat, Rechte und Pflichten: Grundlagen der Schweiz",hard,single_choice,Welche Aussage zu Gewaltenteilung ist fachlich am korrektesten?,"Legislative, Exekutive und Judikative kontrollieren sich gegenseitig",alle Macht liegt bei derselben Stelle,Gerichte machen Werbung,Parlament ersetzt alle Gerichte,A,Gewaltenteilung verhindert Machtkonzentration.,"ABU Smartlearn Quiz 1. Teil, Moodle-XHTML-Export, hochgeladene Referenzdatei",user_upload:quiz-ABU_Smartlearn_1.Teil-top-20260519-0952.html
abu,Allgemeinbildender Unterricht ABU,abu_l09,ABU,L09,"Staat, Rechte und Pflichten: Grundlagen der Schweiz",easy,single_choice,Welche Antwort passt zum Begriff Gewaltenteilung?,alle Macht liegt bei derselben Stelle,"Legislative, Exekutive und Judikative kontrollieren sich gegenseitig",Gerichte machen Werbung,Parlament ersetzt alle Gerichte,B,Gewaltenteilung verhindert Machtkonzentration.,"ABU Smartlearn Quiz 1. Teil, Moodle-XHTML-Export, hochgeladene Referenzdatei",user_upload:quiz-ABU_Smartlearn_1.Teil-top-20260519-0952.html
abu,Allgemeinbildender Unterricht ABU,abu_l09,ABU,L09,"Staat, Rechte und Pflichten: Grundlagen der Schweiz",medium,single_choice,Welche praktische Bedeutung hat Gewaltenteilung für Lernende?,alle Macht liegt bei derselben Stelle,Gerichte machen Werbung,"Legislative, Exekutive und Judikative kontrollieren sich gegenseitig",Parlament ersetzt alle Gerichte,C,Gewaltenteilung verhindert Machtkonzentration.,"ABU Smartlearn Quiz 1. Teil, Moodle-XHTML-Export, hochgeladene Referenzdatei",user_upload:quiz-ABU_Smartlearn_1.Teil-top-20260519-0952.html
abu,Allgemeinbildender Unterricht ABU,abu_l09,ABU,L09,"Staat, Rechte und Pflichten: Grundlagen der Schweiz",hard,single_choice,Welche Erklärung zu Gewaltenteilung ist im gesellschaftlichen und rechtlichen Kontext richtig?,alle Macht liegt bei derselben Stelle,Gerichte machen Werbung,Parlament ersetzt alle Gerichte,"Legislative, Exekutive und Judikative kontrollieren sich gegenseitig",D,Gewaltenteilung verhindert Machtkonzentration.,"ABU Smartlearn Quiz 1. Teil, Moodle-XHTML-Export, hochgeladene Referenzdatei",user_upload:quiz-ABU_Smartlearn_1.Teil-top-20260519-0952.html
abu,Allgemeinbildender Unterricht ABU,abu_l09,ABU,L09,"Staat, Rechte und Pflichten: Grundlagen der Schweiz",easy,single_choice,Was ist bei Gewaltenteilung grundsätzlich richtig?,"Legislative, Exekutive und Judikative kontrollieren sich gegenseitig",alle Macht liegt bei derselben Stelle,Gerichte machen Werbung,Parlament ersetzt alle Gerichte,A,Gewaltenteilung verhindert Machtkonzentration.,"ABU Smartlearn Quiz 1. Teil, Moodle-XHTML-Export, hochgeladene Referenzdatei",user_upload:quiz-ABU_Smartlearn_1.Teil-top-20260519-0952.html
abu,Allgemeinbildender Unterricht ABU,abu_l09,ABU,L09,"Staat, Rechte und Pflichten: Grundlagen der Schweiz",medium,single_choice,Welche Aussage zeigt ein korrektes Verständnis von Gewaltenteilung?,alle Macht liegt bei derselben Stelle,"Legislative, Exekutive und Judikative kontrollieren sich gegenseitig",Gerichte machen Werbung,Parlament ersetzt alle Gerichte,B,Gewaltenteilung verhindert Machtkonzentration.,"ABU Smartlearn Quiz 1. Teil, Moodle-XHTML-Export, hochgeladene Referenzdatei",user_upload:quiz-ABU_Smartlearn_1.Teil-top-20260519-0952.html
abu,Allgemeinbildender Unterricht ABU,abu_l09,ABU,L09,"Staat, Rechte und Pflichten: Grundlagen der Schweiz",hard,single_choice,Welche Aussage grenzt Gewaltenteilung am präzisesten von falschen Vorstellungen ab?,alle Macht liegt bei derselben Stelle,Gerichte machen Werbung,"Legislative, Exekutive und Judikative kontrollieren sich gegenseitig",Parlament ersetzt alle Gerichte,C,Gewaltenteilung verhindert Machtkonzentration.,"ABU Smartlearn Quiz 1. Teil, Moodle-XHTML-Export, hochgeladene Referenzdatei",user_upload:quiz-ABU_Smartlearn_1.Teil-top-20260519-0952.html
abu,Allgemeinbildender Unterricht ABU,abu_l09,ABU,L09,"Staat, Rechte und Pflichten: Grundlagen der Schweiz",easy,single_choice,Welche Kurzdefinition passt zu Gewaltenteilung?,alle Macht liegt bei derselben Stelle,Gerichte machen Werbung,Parlament ersetzt alle Gerichte,"Legislative, Exekutive und Judikative kontrollieren sich gegenseitig",D,Gewaltenteilung verhindert Machtkonzentration.,"ABU Smartlearn Quiz 1. Teil, Moodle-XHTML-Export, hochgeladene Referenzdatei",user_upload:quiz-ABU_Smartlearn_1.Teil-top-20260519-0952.html
abu,Allgemeinbildender Unterricht ABU,abu_l09,ABU,L09,"Staat, Rechte und Pflichten: Grundlagen der Schweiz",easy,single_choice,Welche Aussage beschreibt Legislative im ABU am besten?,sie erlässt Gesetze,sie spricht jedes Urteil,sie betreibt Bankkonten,sie vermietet Wohnungen,A,Parlamente gehören zur Legislative.,"ABU Smartlearn Quiz 1. Teil, Moodle-XHTML-Export, hochgeladene Referenzdatei",user_upload:quiz-ABU_Smartlearn_1.Teil-top-20260519-0952.html
abu,Allgemeinbildender Unterricht ABU,abu_l09,ABU,L09,"Staat, Rechte und Pflichten: Grundlagen der Schweiz",medium,single_choice,Worauf muss man beim Thema Legislative besonders achten?,sie spricht jedes Urteil,sie erlässt Gesetze,sie betreibt Bankkonten,sie vermietet Wohnungen,B,Parlamente gehören zur Legislative.,"ABU Smartlearn Quiz 1. Teil, Moodle-XHTML-Export, hochgeladene Referenzdatei",user_upload:quiz-ABU_Smartlearn_1.Teil-top-20260519-0952.html
abu,Allgemeinbildender Unterricht ABU,abu_l09,ABU,L09,"Staat, Rechte und Pflichten: Grundlagen der Schweiz",hard,single_choice,Welche Aussage zu Legislative ist fachlich am korrektesten?,sie spricht jedes Urteil,sie betreibt Bankkonten,sie erlässt Gesetze,sie vermietet Wohnungen,C,Parlamente gehören zur Legislative.,"ABU Smartlearn Quiz 1. Teil, Moodle-XHTML-Export, hochgeladene Referenzdatei",user_upload:quiz-ABU_Smartlearn_1.Teil-top-20260519-0952.html
abu,Allgemeinbildender Unterricht ABU,abu_l09,ABU,L09,"Staat, Rechte und Pflichten: Grundlagen der Schweiz",easy,single_choice,Welche Antwort passt zum Begriff Legislative?,sie spricht jedes Urteil,sie betreibt Bankkonten,sie vermietet Wohnungen,sie erlässt Gesetze,D,Parlamente gehören zur Legislative.,"ABU Smartlearn Quiz 1. Teil, Moodle-XHTML-Export, hochgeladene Referenzdatei",user_upload:quiz-ABU_Smartlearn_1.Teil-top-20260519-0952.html
abu,Allgemeinbildender Unterricht ABU,abu_l09,ABU,L09,"Staat, Rechte und Pflichten: Grundlagen der Schweiz",medium,single_choice,Welche praktische Bedeutung hat Legislative für Lernende?,sie erlässt Gesetze,sie spricht jedes Urteil,sie betreibt Bankkonten,sie vermietet Wohnungen,A,Parlamente gehören zur Legislative.,"ABU Smartlearn Quiz 1. Teil, Moodle-XHTML-Export, hochgeladene Referenzdatei",user_upload:quiz-ABU_Smartlearn_1.Teil-top-20260519-0952.html
abu,Allgemeinbildender Unterricht ABU,abu_l09,ABU,L09,"Staat, Rechte und Pflichten: Grundlagen der Schweiz",hard,single_choice,Welche Erklärung zu Legislative ist im gesellschaftlichen und rechtlichen Kontext richtig?,sie spricht jedes Urteil,sie erlässt Gesetze,sie betreibt Bankkonten,sie vermietet Wohnungen,B,Parlamente gehören zur Legislative.,"ABU Smartlearn Quiz 1. Teil, Moodle-XHTML-Export, hochgeladene Referenzdatei",user_upload:quiz-ABU_Smartlearn_1.Teil-top-20260519-0952.html
abu,Allgemeinbildender Unterricht ABU,abu_l09,ABU,L09,"Staat, Rechte und Pflichten: Grundlagen der Schweiz",easy,single_choice,Was ist bei Legislative grundsätzlich richtig?,sie spricht jedes Urteil,sie betreibt Bankkonten,sie erlässt Gesetze,sie vermietet Wohnungen,C,Parlamente gehören zur Legislative.,"ABU Smartlearn Quiz 1. Teil, Moodle-XHTML-Export, hochgeladene Referenzdatei",user_upload:quiz-ABU_Smartlearn_1.Teil-top-20260519-0952.html
abu,Allgemeinbildender Unterricht ABU,abu_l09,ABU,L09,"Staat, Rechte und Pflichten: Grundlagen der Schweiz",medium,single_choice,Welche Aussage zeigt ein korrektes Verständnis von Legislative?,sie spricht jedes Urteil,sie betreibt Bankkonten,sie vermietet Wohnungen,sie erlässt Gesetze,D,Parlamente gehören zur Legislative.,"ABU Smartlearn Quiz 1. Teil, Moodle-XHTML-Export, hochgeladene Referenzdatei",user_upload:quiz-ABU_Smartlearn_1.Teil-top-20260519-0952.html
abu,Allgemeinbildender Unterricht ABU,abu_l09,ABU,L09,"Staat, Rechte und Pflichten: Grundlagen der Schweiz",hard,single_choice,Welche Aussage grenzt Legislative am präzisesten von falschen Vorstellungen ab?,sie erlässt Gesetze,sie spricht jedes Urteil,sie betreibt Bankkonten,sie vermietet Wohnungen,A,Parlamente gehören zur Legislative.,"ABU Smartlearn Quiz 1. Teil, Moodle-XHTML-Export, hochgeladene Referenzdatei",user_upload:quiz-ABU_Smartlearn_1.Teil-top-20260519-0952.html
abu,Allgemeinbildender Unterricht ABU,abu_l09,ABU,L09,"Staat, Rechte und Pflichten: Grundlagen der Schweiz",easy,single_choice,Welche Kurzdefinition passt zu Legislative?,sie spricht jedes Urteil,sie erlässt Gesetze,sie betreibt Bankkonten,sie vermietet Wohnungen,B,Parlamente gehören zur Legislative.,"ABU Smartlearn Quiz 1. Teil, Moodle-XHTML-Export, hochgeladene Referenzdatei",user_upload:quiz-ABU_Smartlearn_1.Teil-top-20260519-0952.html
abu,Allgemeinbildender Unterricht ABU,abu_l09,ABU,L09,"Staat, Rechte und Pflichten: Grundlagen der Schweiz",easy,single_choice,Welche Aussage beschreibt Exekutive im ABU am besten?,sie ist immer eine Versicherung,sie erlässt alle Gerichtsurteile,sie setzt Gesetze um und führt die Verwaltung,sie ist nur ein Kaufvertrag,C,Regierungen gehören zur Exekutive.,"ABU Smartlearn Quiz 1. Teil, Moodle-XHTML-Export, hochgeladene Referenzdatei",user_upload:quiz-ABU_Smartlearn_1.Teil-top-20260519-0952.html
abu,Allgemeinbildender Unterricht ABU,abu_l09,ABU,L09,"Staat, Rechte und Pflichten: Grundlagen der Schweiz",medium,single_choice,Worauf muss man beim Thema Exekutive besonders achten?,sie ist immer eine Versicherung,sie erlässt alle Gerichtsurteile,sie ist nur ein Kaufvertrag,sie setzt Gesetze um und führt die Verwaltung,D,Regierungen gehören zur Exekutive.,"ABU Smartlearn Quiz 1. Teil, Moodle-XHTML-Export, hochgeladene Referenzdatei",user_upload:quiz-ABU_Smartlearn_1.Teil-top-20260519-0952.html
abu,Allgemeinbildender Unterricht ABU,abu_l09,ABU,L09,"Staat, Rechte und Pflichten: Grundlagen der Schweiz",hard,single_choice,Welche Aussage zu Exekutive ist fachlich am korrektesten?,sie setzt Gesetze um und führt die Verwaltung,sie ist immer eine Versicherung,sie erlässt alle Gerichtsurteile,sie ist nur ein Kaufvertrag,A,Regierungen gehören zur Exekutive.,"ABU Smartlearn Quiz 1. Teil, Moodle-XHTML-Export, hochgeladene Referenzdatei",user_upload:quiz-ABU_Smartlearn_1.Teil-top-20260519-0952.html
abu,Allgemeinbildender Unterricht ABU,abu_l09,ABU,L09,"Staat, Rechte und Pflichten: Grundlagen der Schweiz",easy,single_choice,Welche Antwort passt zum Begriff Exekutive?,sie ist immer eine Versicherung,sie setzt Gesetze um und führt die Verwaltung,sie erlässt alle Gerichtsurteile,sie ist nur ein Kaufvertrag,B,Regierungen gehören zur Exekutive.,"ABU Smartlearn Quiz 1. Teil, Moodle-XHTML-Export, hochgeladene Referenzdatei",user_upload:quiz-ABU_Smartlearn_1.Teil-top-20260519-0952.html
abu,Allgemeinbildender Unterricht ABU,abu_l09,ABU,L09,"Staat, Rechte und Pflichten: Grundlagen der Schweiz",medium,single_choice,Welche praktische Bedeutung hat Exekutive für Lernende?,sie ist immer eine Versicherung,sie erlässt alle Gerichtsurteile,sie setzt Gesetze um und führt die Verwaltung,sie ist nur ein Kaufvertrag,C,Regierungen gehören zur Exekutive.,"ABU Smartlearn Quiz 1. Teil, Moodle-XHTML-Export, hochgeladene Referenzdatei",user_upload:quiz-ABU_Smartlearn_1.Teil-top-20260519-0952.html
abu,Allgemeinbildender Unterricht ABU,abu_l09,ABU,L09,"Staat, Rechte und Pflichten: Grundlagen der Schweiz",hard,single_choice,Welche Erklärung zu Exekutive ist im gesellschaftlichen und rechtlichen Kontext richtig?,sie ist immer eine Versicherung,sie erlässt alle Gerichtsurteile,sie ist nur ein Kaufvertrag,sie setzt Gesetze um und führt die Verwaltung,D,Regierungen gehören zur Exekutive.,"ABU Smartlearn Quiz 1. Teil, Moodle-XHTML-Export, hochgeladene Referenzdatei",user_upload:quiz-ABU_Smartlearn_1.Teil-top-20260519-0952.html
abu,Allgemeinbildender Unterricht ABU,abu_l09,ABU,L09,"Staat, Rechte und Pflichten: Grundlagen der Schweiz",easy,single_choice,Was ist bei Exekutive grundsätzlich richtig?,sie setzt Gesetze um und führt die Verwaltung,sie ist immer eine Versicherung,sie erlässt alle Gerichtsurteile,sie ist nur ein Kaufvertrag,A,Regierungen gehören zur Exekutive.,"ABU Smartlearn Quiz 1. Teil, Moodle-XHTML-Export, hochgeladene Referenzdatei",user_upload:quiz-ABU_Smartlearn_1.Teil-top-20260519-0952.html
abu,Allgemeinbildender Unterricht ABU,abu_l09,ABU,L09,"Staat, Rechte und Pflichten: Grundlagen der Schweiz",medium,single_choice,Welche Aussage zeigt ein korrektes Verständnis von Exekutive?,sie ist immer eine Versicherung,sie setzt Gesetze um und führt die Verwaltung,sie erlässt alle Gerichtsurteile,sie ist nur ein Kaufvertrag,B,Regierungen gehören zur Exekutive.,"ABU Smartlearn Quiz 1. Teil, Moodle-XHTML-Export, hochgeladene Referenzdatei",user_upload:quiz-ABU_Smartlearn_1.Teil-top-20260519-0952.html
abu,Allgemeinbildender Unterricht ABU,abu_l09,ABU,L09,"Staat, Rechte und Pflichten: Grundlagen der Schweiz",hard,single_choice,Welche Aussage grenzt Exekutive am präzisesten von falschen Vorstellungen ab?,sie ist immer eine Versicherung,sie erlässt alle Gerichtsurteile,sie setzt Gesetze um und führt die Verwaltung,sie ist nur ein Kaufvertrag,C,Regierungen gehören zur Exekutive.,"ABU Smartlearn Quiz 1. Teil, Moodle-XHTML-Export, hochgeladene Referenzdatei",user_upload:quiz-ABU_Smartlearn_1.Teil-top-20260519-0952.html
abu,Allgemeinbildender Unterricht ABU,abu_l09,ABU,L09,"Staat, Rechte und Pflichten: Grundlagen der Schweiz",easy,single_choice,Welche Kurzdefinition passt zu Exekutive?,sie ist immer eine Versicherung,sie erlässt alle Gerichtsurteile,sie ist nur ein Kaufvertrag,sie setzt Gesetze um und führt die Verwaltung,D,Regierungen gehören zur Exekutive.,"ABU Smartlearn Quiz 1. Teil, Moodle-XHTML-Export, hochgeladene Referenzdatei",user_upload:quiz-ABU_Smartlearn_1.Teil-top-20260519-0952.html
abu,Allgemeinbildender Unterricht ABU,abu_l09,ABU,L09,"Staat, Rechte und Pflichten: Grundlagen der Schweiz",easy,single_choice,Welche Aussage beschreibt Judikative im ABU am besten?,sie beurteilt Rechtsstreitigkeiten und wendet Recht an,sie verkauft Konsumkredite,sie macht nur Plakate,sie verwaltet Lehrstellen,A,Gerichte gehören zur Judikative.,"ABU Smartlearn Quiz 1. Teil, Moodle-XHTML-Export, hochgeladene Referenzdatei",user_upload:quiz-ABU_Smartlearn_1.Teil-top-20260519-0952.html
abu,Allgemeinbildender Unterricht ABU,abu_l09,ABU,L09,"Staat, Rechte und Pflichten: Grundlagen der Schweiz",medium,single_choice,Worauf muss man beim Thema Judikative besonders achten?,sie verkauft Konsumkredite,sie beurteilt Rechtsstreitigkeiten und wendet Recht an,sie macht nur Plakate,sie verwaltet Lehrstellen,B,Gerichte gehören zur Judikative.,"ABU Smartlearn Quiz 1. Teil, Moodle-XHTML-Export, hochgeladene Referenzdatei",user_upload:quiz-ABU_Smartlearn_1.Teil-top-20260519-0952.html
abu,Allgemeinbildender Unterricht ABU,abu_l09,ABU,L09,"Staat, Rechte und Pflichten: Grundlagen der Schweiz",hard,single_choice,Welche Aussage zu Judikative ist fachlich am korrektesten?,sie verkauft Konsumkredite,sie macht nur Plakate,sie beurteilt Rechtsstreitigkeiten und wendet Recht an,sie verwaltet Lehrstellen,C,Gerichte gehören zur Judikative.,"ABU Smartlearn Quiz 1. Teil, Moodle-XHTML-Export, hochgeladene Referenzdatei",user_upload:quiz-ABU_Smartlearn_1.Teil-top-20260519-0952.html
abu,Allgemeinbildender Unterricht ABU,abu_l09,ABU,L09,"Staat, Rechte und Pflichten: Grundlagen der Schweiz",easy,single_choice,Welche Antwort passt zum Begriff Judikative?,sie verkauft Konsumkredite,sie macht nur Plakate,sie verwaltet Lehrstellen,sie beurteilt Rechtsstreitigkeiten und wendet Recht an,D,Gerichte gehören zur Judikative.,"ABU Smartlearn Quiz 1. Teil, Moodle-XHTML-Export, hochgeladene Referenzdatei",user_upload:quiz-ABU_Smartlearn_1.Teil-top-20260519-0952.html
abu,Allgemeinbildender Unterricht ABU,abu_l09,ABU,L09,"Staat, Rechte und Pflichten: Grundlagen der Schweiz",medium,single_choice,Welche praktische Bedeutung hat Judikative für Lernende?,sie beurteilt Rechtsstreitigkeiten und wendet Recht an,sie verkauft Konsumkredite,sie macht nur Plakate,sie verwaltet Lehrstellen,A,Gerichte gehören zur Judikative.,"ABU Smartlearn Quiz 1. Teil, Moodle-XHTML-Export, hochgeladene Referenzdatei",user_upload:quiz-ABU_Smartlearn_1.Teil-top-20260519-0952.html
abu,Allgemeinbildender Unterricht ABU,abu_l09,ABU,L09,"Staat, Rechte und Pflichten: Grundlagen der Schweiz",hard,single_choice,Welche Erklärung zu Judikative ist im gesellschaftlichen und rechtlichen Kontext richtig?,sie verkauft Konsumkredite,sie beurteilt Rechtsstreitigkeiten und wendet Recht an,sie macht nur Plakate,sie verwaltet Lehrstellen,B,Gerichte gehören zur Judikative.,"ABU Smartlearn Quiz 1. Teil, Moodle-XHTML-Export, hochgeladene Referenzdatei",user_upload:quiz-ABU_Smartlearn_1.Teil-top-20260519-0952.html
abu,Allgemeinbildender Unterricht ABU,abu_l09,ABU,L09,"Staat, Rechte und Pflichten: Grundlagen der Schweiz",easy,single_choice,Was ist bei Judikative grundsätzlich richtig?,sie verkauft Konsumkredite,sie macht nur Plakate,sie beurteilt Rechtsstreitigkeiten und wendet Recht an,sie verwaltet Lehrstellen,C,Gerichte gehören zur Judikative.,"ABU Smartlearn Quiz 1. Teil, Moodle-XHTML-Export, hochgeladene Referenzdatei",user_upload:quiz-ABU_Smartlearn_1.Teil-top-20260519-0952.html
abu,Allgemeinbildender Unterricht ABU,abu_l09,ABU,L09,"Staat, Rechte und Pflichten: Grundlagen der Schweiz",medium,single_choice,Welche Aussage zeigt ein korrektes Verständnis von Judikative?,sie verkauft Konsumkredite,sie macht nur Plakate,sie verwaltet Lehrstellen,sie beurteilt Rechtsstreitigkeiten und wendet Recht an,D,Gerichte gehören zur Judikative.,"ABU Smartlearn Quiz 1. Teil, Moodle-XHTML-Export, hochgeladene Referenzdatei",user_upload:quiz-ABU_Smartlearn_1.Teil-top-20260519-0952.html
abu,Allgemeinbildender Unterricht ABU,abu_l09,ABU,L09,"Staat, Rechte und Pflichten: Grundlagen der Schweiz",hard,single_choice,Welche Aussage grenzt Judikative am präzisesten von falschen Vorstellungen ab?,sie beurteilt Rechtsstreitigkeiten und wendet Recht an,sie verkauft Konsumkredite,sie macht nur Plakate,sie verwaltet Lehrstellen,A,Gerichte gehören zur Judikative.,"ABU Smartlearn Quiz 1. Teil, Moodle-XHTML-Export, hochgeladene Referenzdatei",user_upload:quiz-ABU_Smartlearn_1.Teil-top-20260519-0952.html
abu,Allgemeinbildender Unterricht ABU,abu_l09,ABU,L09,"Staat, Rechte und Pflichten: Grundlagen der Schweiz",easy,single_choice,Welche Kurzdefinition passt zu Judikative?,sie verkauft Konsumkredite,sie beurteilt Rechtsstreitigkeiten und wendet Recht an,sie macht nur Plakate,sie verwaltet Lehrstellen,B,Gerichte gehören zur Judikative.,"ABU Smartlearn Quiz 1. Teil, Moodle-XHTML-Export, hochgeladene Referenzdatei",user_upload:quiz-ABU_Smartlearn_1.Teil-top-20260519-0952.html
abu,Allgemeinbildender Unterricht ABU,abu_l09,ABU,L09,"Staat, Rechte und Pflichten: Grundlagen der Schweiz",easy,single_choice,Welche Aussage beschreibt Pflichten im ABU am besten?,Pflichten sind immer freiwillig,niemand muss Gesetze beachten,Bürgerinnen und Bürger müssen bestimmte rechtliche Vorgaben einhalten,Pflichten sind nur Rabatte,C,Rechte und Pflichten gehören zusammen.,"ABU Smartlearn Quiz 1. Teil, Moodle-XHTML-Export, hochgeladene Referenzdatei",user_upload:quiz-ABU_Smartlearn_1.Teil-top-20260519-0952.html
abu,Allgemeinbildender Unterricht ABU,abu_l09,ABU,L09,"Staat, Rechte und Pflichten: Grundlagen der Schweiz",medium,single_choice,Worauf muss man beim Thema Pflichten besonders achten?,Pflichten sind immer freiwillig,niemand muss Gesetze beachten,Pflichten sind nur Rabatte,Bürgerinnen und Bürger müssen bestimmte rechtliche Vorgaben einhalten,D,Rechte und Pflichten gehören zusammen.,"ABU Smartlearn Quiz 1. Teil, Moodle-XHTML-Export, hochgeladene Referenzdatei",user_upload:quiz-ABU_Smartlearn_1.Teil-top-20260519-0952.html
abu,Allgemeinbildender Unterricht ABU,abu_l09,ABU,L09,"Staat, Rechte und Pflichten: Grundlagen der Schweiz",hard,single_choice,Welche Aussage zu Pflichten ist fachlich am korrektesten?,Bürgerinnen und Bürger müssen bestimmte rechtliche Vorgaben einhalten,Pflichten sind immer freiwillig,niemand muss Gesetze beachten,Pflichten sind nur Rabatte,A,Rechte und Pflichten gehören zusammen.,"ABU Smartlearn Quiz 1. Teil, Moodle-XHTML-Export, hochgeladene Referenzdatei",user_upload:quiz-ABU_Smartlearn_1.Teil-top-20260519-0952.html
abu,Allgemeinbildender Unterricht ABU,abu_l09,ABU,L09,"Staat, Rechte und Pflichten: Grundlagen der Schweiz",easy,single_choice,Welche Antwort passt zum Begriff Pflichten?,Pflichten sind immer freiwillig,Bürgerinnen und Bürger müssen bestimmte rechtliche Vorgaben einhalten,niemand muss Gesetze beachten,Pflichten sind nur Rabatte,B,Rechte und Pflichten gehören zusammen.,"ABU Smartlearn Quiz 1. Teil, Moodle-XHTML-Export, hochgeladene Referenzdatei",user_upload:quiz-ABU_Smartlearn_1.Teil-top-20260519-0952.html
abu,Allgemeinbildender Unterricht ABU,abu_l09,ABU,L09,"Staat, Rechte und Pflichten: Grundlagen der Schweiz",medium,single_choice,Welche praktische Bedeutung hat Pflichten für Lernende?,Pflichten sind immer freiwillig,niemand muss Gesetze beachten,Bürgerinnen und Bürger müssen bestimmte rechtliche Vorgaben einhalten,Pflichten sind nur Rabatte,C,Rechte und Pflichten gehören zusammen.,"ABU Smartlearn Quiz 1. Teil, Moodle-XHTML-Export, hochgeladene Referenzdatei",user_upload:quiz-ABU_Smartlearn_1.Teil-top-20260519-0952.html
abu,Allgemeinbildender Unterricht ABU,abu_l09,ABU,L09,"Staat, Rechte und Pflichten: Grundlagen der Schweiz",hard,single_choice,Welche Erklärung zu Pflichten ist im gesellschaftlichen und rechtlichen Kontext richtig?,Pflichten sind immer freiwillig,niemand muss Gesetze beachten,Pflichten sind nur Rabatte,Bürgerinnen und Bürger müssen bestimmte rechtliche Vorgaben einhalten,D,Rechte und Pflichten gehören zusammen.,"ABU Smartlearn Quiz 1. Teil, Moodle-XHTML-Export, hochgeladene Referenzdatei",user_upload:quiz-ABU_Smartlearn_1.Teil-top-20260519-0952.html
abu,Allgemeinbildender Unterricht ABU,abu_l09,ABU,L09,"Staat, Rechte und Pflichten: Grundlagen der Schweiz",easy,single_choice,Was ist bei Pflichten grundsätzlich richtig?,Bürgerinnen und Bürger müssen bestimmte rechtliche Vorgaben einhalten,Pflichten sind immer freiwillig,niemand muss Gesetze beachten,Pflichten sind nur Rabatte,A,Rechte und Pflichten gehören zusammen.,"ABU Smartlearn Quiz 1. Teil, Moodle-XHTML-Export, hochgeladene Referenzdatei",user_upload:quiz-ABU_Smartlearn_1.Teil-top-20260519-0952.html
abu,Allgemeinbildender Unterricht ABU,abu_l09,ABU,L09,"Staat, Rechte und Pflichten: Grundlagen der Schweiz",medium,single_choice,Welche Aussage zeigt ein korrektes Verständnis von Pflichten?,Pflichten sind immer freiwillig,Bürgerinnen und Bürger müssen bestimmte rechtliche Vorgaben einhalten,niemand muss Gesetze beachten,Pflichten sind nur Rabatte,B,Rechte und Pflichten gehören zusammen.,"ABU Smartlearn Quiz 1. Teil, Moodle-XHTML-Export, hochgeladene Referenzdatei",user_upload:quiz-ABU_Smartlearn_1.Teil-top-20260519-0952.html
abu,Allgemeinbildender Unterricht ABU,abu_l09,ABU,L09,"Staat, Rechte und Pflichten: Grundlagen der Schweiz",hard,single_choice,Welche Aussage grenzt Pflichten am präzisesten von falschen Vorstellungen ab?,Pflichten sind immer freiwillig,niemand muss Gesetze beachten,Bürgerinnen und Bürger müssen bestimmte rechtliche Vorgaben einhalten,Pflichten sind nur Rabatte,C,Rechte und Pflichten gehören zusammen.,"ABU Smartlearn Quiz 1. Teil, Moodle-XHTML-Export, hochgeladene Referenzdatei",user_upload:quiz-ABU_Smartlearn_1.Teil-top-20260519-0952.html
abu,Allgemeinbildender Unterricht ABU,abu_l09,ABU,L09,"Staat, Rechte und Pflichten: Grundlagen der Schweiz",easy,single_choice,Welche Kurzdefinition passt zu Pflichten?,Pflichten sind immer freiwillig,niemand muss Gesetze beachten,Pflichten sind nur Rabatte,Bürgerinnen und Bürger müssen bestimmte rechtliche Vorgaben einhalten,D,Rechte und Pflichten gehören zusammen.,"ABU Smartlearn Quiz 1. Teil, Moodle-XHTML-Export, hochgeladene Referenzdatei",user_upload:quiz-ABU_Smartlearn_1.Teil-top-20260519-0952.html
abu,Allgemeinbildender Unterricht ABU,abu_l09,ABU,L09,"Staat, Rechte und Pflichten: Grundlagen der Schweiz",easy,single_choice,Welche Aussage beschreibt politische Rechte im ABU am besten?,"Stimmberechtigte können wählen, abstimmen und Initiativen unterstützen",sie sind Mietmängel,sie sind Kreditkarten,sie sind Versicherungsfranchisen,A,Politische Rechte ermöglichen direkte Mitwirkung.,"ABU Smartlearn Quiz 1. Teil, Moodle-XHTML-Export, hochgeladene Referenzdatei",user_upload:quiz-ABU_Smartlearn_1.Teil-top-20260519-0952.html
abu,Allgemeinbildender Unterricht ABU,abu_l09,ABU,L09,"Staat, Rechte und Pflichten: Grundlagen der Schweiz",medium,single_choice,Worauf muss man beim Thema politische Rechte besonders achten?,sie sind Mietmängel,"Stimmberechtigte können wählen, abstimmen und Initiativen unterstützen",sie sind Kreditkarten,sie sind Versicherungsfranchisen,B,Politische Rechte ermöglichen direkte Mitwirkung.,"ABU Smartlearn Quiz 1. Teil, Moodle-XHTML-Export, hochgeladene Referenzdatei",user_upload:quiz-ABU_Smartlearn_1.Teil-top-20260519-0952.html
abu,Allgemeinbildender Unterricht ABU,abu_l09,ABU,L09,"Staat, Rechte und Pflichten: Grundlagen der Schweiz",hard,single_choice,Welche Aussage zu politische Rechte ist fachlich am korrektesten?,sie sind Mietmängel,sie sind Kreditkarten,"Stimmberechtigte können wählen, abstimmen und Initiativen unterstützen",sie sind Versicherungsfranchisen,C,Politische Rechte ermöglichen direkte Mitwirkung.,"ABU Smartlearn Quiz 1. Teil, Moodle-XHTML-Export, hochgeladene Referenzdatei",user_upload:quiz-ABU_Smartlearn_1.Teil-top-20260519-0952.html
abu,Allgemeinbildender Unterricht ABU,abu_l09,ABU,L09,"Staat, Rechte und Pflichten: Grundlagen der Schweiz",easy,single_choice,Welche Antwort passt zum Begriff politische Rechte?,sie sind Mietmängel,sie sind Kreditkarten,sie sind Versicherungsfranchisen,"Stimmberechtigte können wählen, abstimmen und Initiativen unterstützen",D,Politische Rechte ermöglichen direkte Mitwirkung.,"ABU Smartlearn Quiz 1. Teil, Moodle-XHTML-Export, hochgeladene Referenzdatei",user_upload:quiz-ABU_Smartlearn_1.Teil-top-20260519-0952.html
abu,Allgemeinbildender Unterricht ABU,abu_l09,ABU,L09,"Staat, Rechte und Pflichten: Grundlagen der Schweiz",medium,single_choice,Welche praktische Bedeutung hat politische Rechte für Lernende?,"Stimmberechtigte können wählen, abstimmen und Initiativen unterstützen",sie sind Mietmängel,sie sind Kreditkarten,sie sind Versicherungsfranchisen,A,Politische Rechte ermöglichen direkte Mitwirkung.,"ABU Smartlearn Quiz 1. Teil, Moodle-XHTML-Export, hochgeladene Referenzdatei",user_upload:quiz-ABU_Smartlearn_1.Teil-top-20260519-0952.html
abu,Allgemeinbildender Unterricht ABU,abu_l09,ABU,L09,"Staat, Rechte und Pflichten: Grundlagen der Schweiz",hard,single_choice,Welche Erklärung zu politische Rechte ist im gesellschaftlichen und rechtlichen Kontext richtig?,sie sind Mietmängel,"Stimmberechtigte können wählen, abstimmen und Initiativen unterstützen",sie sind Kreditkarten,sie sind Versicherungsfranchisen,B,Politische Rechte ermöglichen direkte Mitwirkung.,"ABU Smartlearn Quiz 1. Teil, Moodle-XHTML-Export, hochgeladene Referenzdatei",user_upload:quiz-ABU_Smartlearn_1.Teil-top-20260519-0952.html
abu,Allgemeinbildender Unterricht ABU,abu_l09,ABU,L09,"Staat, Rechte und Pflichten: Grundlagen der Schweiz",easy,single_choice,Was ist bei politische Rechte grundsätzlich richtig?,sie sind Mietmängel,sie sind Kreditkarten,"Stimmberechtigte können wählen, abstimmen und Initiativen unterstützen",sie sind Versicherungsfranchisen,C,Politische Rechte ermöglichen direkte Mitwirkung.,"ABU Smartlearn Quiz 1. Teil, Moodle-XHTML-Export, hochgeladene Referenzdatei",user_upload:quiz-ABU_Smartlearn_1.Teil-top-20260519-0952.html
abu,Allgemeinbildender Unterricht ABU,abu_l09,ABU,L09,"Staat, Rechte und Pflichten: Grundlagen der Schweiz",medium,single_choice,Welche Aussage zeigt ein korrektes Verständnis von politische Rechte?,sie sind Mietmängel,sie sind Kreditkarten,sie sind Versicherungsfranchisen,"Stimmberechtigte können wählen, abstimmen und Initiativen unterstützen",D,Politische Rechte ermöglichen direkte Mitwirkung.,"ABU Smartlearn Quiz 1. Teil, Moodle-XHTML-Export, hochgeladene Referenzdatei",user_upload:quiz-ABU_Smartlearn_1.Teil-top-20260519-0952.html
abu,Allgemeinbildender Unterricht ABU,abu_l09,ABU,L09,"Staat, Rechte und Pflichten: Grundlagen der Schweiz",hard,single_choice,Welche Aussage grenzt politische Rechte am präzisesten von falschen Vorstellungen ab?,"Stimmberechtigte können wählen, abstimmen und Initiativen unterstützen",sie sind Mietmängel,sie sind Kreditkarten,sie sind Versicherungsfranchisen,A,Politische Rechte ermöglichen direkte Mitwirkung.,"ABU Smartlearn Quiz 1. Teil, Moodle-XHTML-Export, hochgeladene Referenzdatei",user_upload:quiz-ABU_Smartlearn_1.Teil-top-20260519-0952.html
abu,Allgemeinbildender Unterricht ABU,abu_l09,ABU,L09,"Staat, Rechte und Pflichten: Grundlagen der Schweiz",easy,single_choice,Welche Kurzdefinition passt zu politische Rechte?,sie sind Mietmängel,"Stimmberechtigte können wählen, abstimmen und Initiativen unterstützen",sie sind Kreditkarten,sie sind Versicherungsfranchisen,B,Politische Rechte ermöglichen direkte Mitwirkung.,"ABU Smartlearn Quiz 1. Teil, Moodle-XHTML-Export, hochgeladene Referenzdatei",user_upload:quiz-ABU_Smartlearn_1.Teil-top-20260519-0952.html
abu,Allgemeinbildender Unterricht ABU,abu_l09,ABU,L09,"Staat, Rechte und Pflichten: Grundlagen der Schweiz",easy,single_choice,Welche Aussage beschreibt Rechtsstaat im ABU am besten?,Behörden handeln völlig willkürlich,Gesetze gelten nur manchmal,staatliches Handeln ist an Recht und Verfahren gebunden,Gerichte sind verboten,C,Der Rechtsstaat schützt vor Willkür.,"ABU Smartlearn Quiz 1. Teil, Moodle-XHTML-Export, hochgeladene Referenzdatei",user_upload:quiz-ABU_Smartlearn_1.Teil-top-20260519-0952.html
abu,Allgemeinbildender Unterricht ABU,abu_l09,ABU,L09,"Staat, Rechte und Pflichten: Grundlagen der Schweiz",medium,single_choice,Worauf muss man beim Thema Rechtsstaat besonders achten?,Behörden handeln völlig willkürlich,Gesetze gelten nur manchmal,Gerichte sind verboten,staatliches Handeln ist an Recht und Verfahren gebunden,D,Der Rechtsstaat schützt vor Willkür.,"ABU Smartlearn Quiz 1. Teil, Moodle-XHTML-Export, hochgeladene Referenzdatei",user_upload:quiz-ABU_Smartlearn_1.Teil-top-20260519-0952.html
abu,Allgemeinbildender Unterricht ABU,abu_l09,ABU,L09,"Staat, Rechte und Pflichten: Grundlagen der Schweiz",hard,single_choice,Welche Aussage zu Rechtsstaat ist fachlich am korrektesten?,staatliches Handeln ist an Recht und Verfahren gebunden,Behörden handeln völlig willkürlich,Gesetze gelten nur manchmal,Gerichte sind verboten,A,Der Rechtsstaat schützt vor Willkür.,"ABU Smartlearn Quiz 1. Teil, Moodle-XHTML-Export, hochgeladene Referenzdatei",user_upload:quiz-ABU_Smartlearn_1.Teil-top-20260519-0952.html
abu,Allgemeinbildender Unterricht ABU,abu_l09,ABU,L09,"Staat, Rechte und Pflichten: Grundlagen der Schweiz",easy,single_choice,Welche Antwort passt zum Begriff Rechtsstaat?,Behörden handeln völlig willkürlich,staatliches Handeln ist an Recht und Verfahren gebunden,Gesetze gelten nur manchmal,Gerichte sind verboten,B,Der Rechtsstaat schützt vor Willkür.,"ABU Smartlearn Quiz 1. Teil, Moodle-XHTML-Export, hochgeladene Referenzdatei",user_upload:quiz-ABU_Smartlearn_1.Teil-top-20260519-0952.html
abu,Allgemeinbildender Unterricht ABU,abu_l09,ABU,L09,"Staat, Rechte und Pflichten: Grundlagen der Schweiz",medium,single_choice,Welche praktische Bedeutung hat Rechtsstaat für Lernende?,Behörden handeln völlig willkürlich,Gesetze gelten nur manchmal,staatliches Handeln ist an Recht und Verfahren gebunden,Gerichte sind verboten,C,Der Rechtsstaat schützt vor Willkür.,"ABU Smartlearn Quiz 1. Teil, Moodle-XHTML-Export, hochgeladene Referenzdatei",user_upload:quiz-ABU_Smartlearn_1.Teil-top-20260519-0952.html
abu,Allgemeinbildender Unterricht ABU,abu_l09,ABU,L09,"Staat, Rechte und Pflichten: Grundlagen der Schweiz",hard,single_choice,Welche Erklärung zu Rechtsstaat ist im gesellschaftlichen und rechtlichen Kontext richtig?,Behörden handeln völlig willkürlich,Gesetze gelten nur manchmal,Gerichte sind verboten,staatliches Handeln ist an Recht und Verfahren gebunden,D,Der Rechtsstaat schützt vor Willkür.,"ABU Smartlearn Quiz 1. Teil, Moodle-XHTML-Export, hochgeladene Referenzdatei",user_upload:quiz-ABU_Smartlearn_1.Teil-top-20260519-0952.html
abu,Allgemeinbildender Unterricht ABU,abu_l09,ABU,L09,"Staat, Rechte und Pflichten: Grundlagen der Schweiz",easy,single_choice,Was ist bei Rechtsstaat grundsätzlich richtig?,staatliches Handeln ist an Recht und Verfahren gebunden,Behörden handeln völlig willkürlich,Gesetze gelten nur manchmal,Gerichte sind verboten,A,Der Rechtsstaat schützt vor Willkür.,"ABU Smartlearn Quiz 1. Teil, Moodle-XHTML-Export, hochgeladene Referenzdatei",user_upload:quiz-ABU_Smartlearn_1.Teil-top-20260519-0952.html
abu,Allgemeinbildender Unterricht ABU,abu_l09,ABU,L09,"Staat, Rechte und Pflichten: Grundlagen der Schweiz",medium,single_choice,Welche Aussage zeigt ein korrektes Verständnis von Rechtsstaat?,Behörden handeln völlig willkürlich,staatliches Handeln ist an Recht und Verfahren gebunden,Gesetze gelten nur manchmal,Gerichte sind verboten,B,Der Rechtsstaat schützt vor Willkür.,"ABU Smartlearn Quiz 1. Teil, Moodle-XHTML-Export, hochgeladene Referenzdatei",user_upload:quiz-ABU_Smartlearn_1.Teil-top-20260519-0952.html
abu,Allgemeinbildender Unterricht ABU,abu_l09,ABU,L09,"Staat, Rechte und Pflichten: Grundlagen der Schweiz",hard,single_choice,Welche Aussage grenzt Rechtsstaat am präzisesten von falschen Vorstellungen ab?,Behörden handeln völlig willkürlich,Gesetze gelten nur manchmal,staatliches Handeln ist an Recht und Verfahren gebunden,Gerichte sind verboten,C,Der Rechtsstaat schützt vor Willkür.,"ABU Smartlearn Quiz 1. Teil, Moodle-XHTML-Export, hochgeladene Referenzdatei",user_upload:quiz-ABU_Smartlearn_1.Teil-top-20260519-0952.html
abu,Allgemeinbildender Unterricht ABU,abu_l09,ABU,L09,"Staat, Rechte und Pflichten: Grundlagen der Schweiz",easy,single_choice,Welche Kurzdefinition passt zu Rechtsstaat?,Behörden handeln völlig willkürlich,Gesetze gelten nur manchmal,Gerichte sind verboten,staatliches Handeln ist an Recht und Verfahren gebunden,D,Der Rechtsstaat schützt vor Willkür.,"ABU Smartlearn Quiz 1. Teil, Moodle-XHTML-Export, hochgeladene Referenzdatei",user_upload:quiz-ABU_Smartlearn_1.Teil-top-20260519-0952.html
abu,Allgemeinbildender Unterricht ABU,abu_l10,ABU,L10,"Staat, Rechte und Pflichten: Wahlen, Abstimmungen und Einflussnahme",easy,single_choice,Welche Aussage beschreibt Stimmrecht im ABU am besten?,Stimmberechtigte können bei Abstimmungen mitentscheiden,es ist ein Mietzins,es ist ein Bankkredit,es ist eine Gewährleistung,A,Stimmrecht ist ein politisches Recht.,"ABU Smartlearn Quiz 1. Teil, Moodle-XHTML-Export, hochgeladene Referenzdatei",user_upload:quiz-ABU_Smartlearn_1.Teil-top-20260519-0952.html
abu,Allgemeinbildender Unterricht ABU,abu_l10,ABU,L10,"Staat, Rechte und Pflichten: Wahlen, Abstimmungen und Einflussnahme",medium,single_choice,Worauf muss man beim Thema Stimmrecht besonders achten?,es ist ein Mietzins,Stimmberechtigte können bei Abstimmungen mitentscheiden,es ist ein Bankkredit,es ist eine Gewährleistung,B,Stimmrecht ist ein politisches Recht.,"ABU Smartlearn Quiz 1. Teil, Moodle-XHTML-Export, hochgeladene Referenzdatei",user_upload:quiz-ABU_Smartlearn_1.Teil-top-20260519-0952.html
abu,Allgemeinbildender Unterricht ABU,abu_l10,ABU,L10,"Staat, Rechte und Pflichten: Wahlen, Abstimmungen und Einflussnahme",hard,single_choice,Welche Aussage zu Stimmrecht ist fachlich am korrektesten?,es ist ein Mietzins,es ist ein Bankkredit,Stimmberechtigte können bei Abstimmungen mitentscheiden,es ist eine Gewährleistung,C,Stimmrecht ist ein politisches Recht.,"ABU Smartlearn Quiz 1. Teil, Moodle-XHTML-Export, hochgeladene Referenzdatei",user_upload:quiz-ABU_Smartlearn_1.Teil-top-20260519-0952.html
abu,Allgemeinbildender Unterricht ABU,abu_l10,ABU,L10,"Staat, Rechte und Pflichten: Wahlen, Abstimmungen und Einflussnahme",easy,single_choice,Welche Antwort passt zum Begriff Stimmrecht?,es ist ein Mietzins,es ist ein Bankkredit,es ist eine Gewährleistung,Stimmberechtigte können bei Abstimmungen mitentscheiden,D,Stimmrecht ist ein politisches Recht.,"ABU Smartlearn Quiz 1. Teil, Moodle-XHTML-Export, hochgeladene Referenzdatei",user_upload:quiz-ABU_Smartlearn_1.Teil-top-20260519-0952.html
abu,Allgemeinbildender Unterricht ABU,abu_l10,ABU,L10,"Staat, Rechte und Pflichten: Wahlen, Abstimmungen und Einflussnahme",medium,single_choice,Welche praktische Bedeutung hat Stimmrecht für Lernende?,Stimmberechtigte können bei Abstimmungen mitentscheiden,es ist ein Mietzins,es ist ein Bankkredit,es ist eine Gewährleistung,A,Stimmrecht ist ein politisches Recht.,"ABU Smartlearn Quiz 1. Teil, Moodle-XHTML-Export, hochgeladene Referenzdatei",user_upload:quiz-ABU_Smartlearn_1.Teil-top-20260519-0952.html
abu,Allgemeinbildender Unterricht ABU,abu_l10,ABU,L10,"Staat, Rechte und Pflichten: Wahlen, Abstimmungen und Einflussnahme",hard,single_choice,Welche Erklärung zu Stimmrecht ist im gesellschaftlichen und rechtlichen Kontext richtig?,es ist ein Mietzins,Stimmberechtigte können bei Abstimmungen mitentscheiden,es ist ein Bankkredit,es ist eine Gewährleistung,B,Stimmrecht ist ein politisches Recht.,"ABU Smartlearn Quiz 1. Teil, Moodle-XHTML-Export, hochgeladene Referenzdatei",user_upload:quiz-ABU_Smartlearn_1.Teil-top-20260519-0952.html
abu,Allgemeinbildender Unterricht ABU,abu_l10,ABU,L10,"Staat, Rechte und Pflichten: Wahlen, Abstimmungen und Einflussnahme",easy,single_choice,Was ist bei Stimmrecht grundsätzlich richtig?,es ist ein Mietzins,es ist ein Bankkredit,Stimmberechtigte können bei Abstimmungen mitentscheiden,es ist eine Gewährleistung,C,Stimmrecht ist ein politisches Recht.,"ABU Smartlearn Quiz 1. Teil, Moodle-XHTML-Export, hochgeladene Referenzdatei",user_upload:quiz-ABU_Smartlearn_1.Teil-top-20260519-0952.html
abu,Allgemeinbildender Unterricht ABU,abu_l10,ABU,L10,"Staat, Rechte und Pflichten: Wahlen, Abstimmungen und Einflussnahme",medium,single_choice,Welche Aussage zeigt ein korrektes Verständnis von Stimmrecht?,es ist ein Mietzins,es ist ein Bankkredit,es ist eine Gewährleistung,Stimmberechtigte können bei Abstimmungen mitentscheiden,D,Stimmrecht ist ein politisches Recht.,"ABU Smartlearn Quiz 1. Teil, Moodle-XHTML-Export, hochgeladene Referenzdatei",user_upload:quiz-ABU_Smartlearn_1.Teil-top-20260519-0952.html
abu,Allgemeinbildender Unterricht ABU,abu_l10,ABU,L10,"Staat, Rechte und Pflichten: Wahlen, Abstimmungen und Einflussnahme",hard,single_choice,Welche Aussage grenzt Stimmrecht am präzisesten von falschen Vorstellungen ab?,Stimmberechtigte können bei Abstimmungen mitentscheiden,es ist ein Mietzins,es ist ein Bankkredit,es ist eine Gewährleistung,A,Stimmrecht ist ein politisches Recht.,"ABU Smartlearn Quiz 1. Teil, Moodle-XHTML-Export, hochgeladene Referenzdatei",user_upload:quiz-ABU_Smartlearn_1.Teil-top-20260519-0952.html
abu,Allgemeinbildender Unterricht ABU,abu_l10,ABU,L10,"Staat, Rechte und Pflichten: Wahlen, Abstimmungen und Einflussnahme",easy,single_choice,Welche Kurzdefinition passt zu Stimmrecht?,es ist ein Mietzins,Stimmberechtigte können bei Abstimmungen mitentscheiden,es ist ein Bankkredit,es ist eine Gewährleistung,B,Stimmrecht ist ein politisches Recht.,"ABU Smartlearn Quiz 1. Teil, Moodle-XHTML-Export, hochgeladene Referenzdatei",user_upload:quiz-ABU_Smartlearn_1.Teil-top-20260519-0952.html
abu,Allgemeinbildender Unterricht ABU,abu_l10,ABU,L10,"Staat, Rechte und Pflichten: Wahlen, Abstimmungen und Einflussnahme",easy,single_choice,Welche Aussage beschreibt Wahlrecht im ABU am besten?,es ist eine Krankenkasse,es ist ein Kaufvertrag,Stimmberechtigte können Personen in politische Ämter wählen,es ist ein Betreibungsbegehren,C,Wahlen bestimmen Vertretungen.,"ABU Smartlearn Quiz 1. Teil, Moodle-XHTML-Export, hochgeladene Referenzdatei",user_upload:quiz-ABU_Smartlearn_1.Teil-top-20260519-0952.html
abu,Allgemeinbildender Unterricht ABU,abu_l10,ABU,L10,"Staat, Rechte und Pflichten: Wahlen, Abstimmungen und Einflussnahme",medium,single_choice,Worauf muss man beim Thema Wahlrecht besonders achten?,es ist eine Krankenkasse,es ist ein Kaufvertrag,es ist ein Betreibungsbegehren,Stimmberechtigte können Personen in politische Ämter wählen,D,Wahlen bestimmen Vertretungen.,"ABU Smartlearn Quiz 1. Teil, Moodle-XHTML-Export, hochgeladene Referenzdatei",user_upload:quiz-ABU_Smartlearn_1.Teil-top-20260519-0952.html
abu,Allgemeinbildender Unterricht ABU,abu_l10,ABU,L10,"Staat, Rechte und Pflichten: Wahlen, Abstimmungen und Einflussnahme",hard,single_choice,Welche Aussage zu Wahlrecht ist fachlich am korrektesten?,Stimmberechtigte können Personen in politische Ämter wählen,es ist eine Krankenkasse,es ist ein Kaufvertrag,es ist ein Betreibungsbegehren,A,Wahlen bestimmen Vertretungen.,"ABU Smartlearn Quiz 1. Teil, Moodle-XHTML-Export, hochgeladene Referenzdatei",user_upload:quiz-ABU_Smartlearn_1.Teil-top-20260519-0952.html
abu,Allgemeinbildender Unterricht ABU,abu_l10,ABU,L10,"Staat, Rechte und Pflichten: Wahlen, Abstimmungen und Einflussnahme",easy,single_choice,Welche Antwort passt zum Begriff Wahlrecht?,es ist eine Krankenkasse,Stimmberechtigte können Personen in politische Ämter wählen,es ist ein Kaufvertrag,es ist ein Betreibungsbegehren,B,Wahlen bestimmen Vertretungen.,"ABU Smartlearn Quiz 1. Teil, Moodle-XHTML-Export, hochgeladene Referenzdatei",user_upload:quiz-ABU_Smartlearn_1.Teil-top-20260519-0952.html
abu,Allgemeinbildender Unterricht ABU,abu_l10,ABU,L10,"Staat, Rechte und Pflichten: Wahlen, Abstimmungen und Einflussnahme",medium,single_choice,Welche praktische Bedeutung hat Wahlrecht für Lernende?,es ist eine Krankenkasse,es ist ein Kaufvertrag,Stimmberechtigte können Personen in politische Ämter wählen,es ist ein Betreibungsbegehren,C,Wahlen bestimmen Vertretungen.,"ABU Smartlearn Quiz 1. Teil, Moodle-XHTML-Export, hochgeladene Referenzdatei",user_upload:quiz-ABU_Smartlearn_1.Teil-top-20260519-0952.html
abu,Allgemeinbildender Unterricht ABU,abu_l10,ABU,L10,"Staat, Rechte und Pflichten: Wahlen, Abstimmungen und Einflussnahme",hard,single_choice,Welche Erklärung zu Wahlrecht ist im gesellschaftlichen und rechtlichen Kontext richtig?,es ist eine Krankenkasse,es ist ein Kaufvertrag,es ist ein Betreibungsbegehren,Stimmberechtigte können Personen in politische Ämter wählen,D,Wahlen bestimmen Vertretungen.,"ABU Smartlearn Quiz 1. Teil, Moodle-XHTML-Export, hochgeladene Referenzdatei",user_upload:quiz-ABU_Smartlearn_1.Teil-top-20260519-0952.html
abu,Allgemeinbildender Unterricht ABU,abu_l10,ABU,L10,"Staat, Rechte und Pflichten: Wahlen, Abstimmungen und Einflussnahme",easy,single_choice,Was ist bei Wahlrecht grundsätzlich richtig?,Stimmberechtigte können Personen in politische Ämter wählen,es ist eine Krankenkasse,es ist ein Kaufvertrag,es ist ein Betreibungsbegehren,A,Wahlen bestimmen Vertretungen.,"ABU Smartlearn Quiz 1. Teil, Moodle-XHTML-Export, hochgeladene Referenzdatei",user_upload:quiz-ABU_Smartlearn_1.Teil-top-20260519-0952.html
abu,Allgemeinbildender Unterricht ABU,abu_l10,ABU,L10,"Staat, Rechte und Pflichten: Wahlen, Abstimmungen und Einflussnahme",medium,single_choice,Welche Aussage zeigt ein korrektes Verständnis von Wahlrecht?,es ist eine Krankenkasse,Stimmberechtigte können Personen in politische Ämter wählen,es ist ein Kaufvertrag,es ist ein Betreibungsbegehren,B,Wahlen bestimmen Vertretungen.,"ABU Smartlearn Quiz 1. Teil, Moodle-XHTML-Export, hochgeladene Referenzdatei",user_upload:quiz-ABU_Smartlearn_1.Teil-top-20260519-0952.html
abu,Allgemeinbildender Unterricht ABU,abu_l10,ABU,L10,"Staat, Rechte und Pflichten: Wahlen, Abstimmungen und Einflussnahme",hard,single_choice,Welche Aussage grenzt Wahlrecht am präzisesten von falschen Vorstellungen ab?,es ist eine Krankenkasse,es ist ein Kaufvertrag,Stimmberechtigte können Personen in politische Ämter wählen,es ist ein Betreibungsbegehren,C,Wahlen bestimmen Vertretungen.,"ABU Smartlearn Quiz 1. Teil, Moodle-XHTML-Export, hochgeladene Referenzdatei",user_upload:quiz-ABU_Smartlearn_1.Teil-top-20260519-0952.html
abu,Allgemeinbildender Unterricht ABU,abu_l10,ABU,L10,"Staat, Rechte und Pflichten: Wahlen, Abstimmungen und Einflussnahme",easy,single_choice,Welche Kurzdefinition passt zu Wahlrecht?,es ist eine Krankenkasse,es ist ein Kaufvertrag,es ist ein Betreibungsbegehren,Stimmberechtigte können Personen in politische Ämter wählen,D,Wahlen bestimmen Vertretungen.,"ABU Smartlearn Quiz 1. Teil, Moodle-XHTML-Export, hochgeladene Referenzdatei",user_upload:quiz-ABU_Smartlearn_1.Teil-top-20260519-0952.html
abu,Allgemeinbildender Unterricht ABU,abu_l10,ABU,L10,"Staat, Rechte und Pflichten: Wahlen, Abstimmungen und Einflussnahme",easy,single_choice,Welche Aussage beschreibt Initiative im ABU am besten?,Stimmberechtigte können eine Verfassungsänderung anstossen,sie ist eine Quittung,sie ist ein Leasingvertrag,sie ist eine Hausratversicherung,A,Initiativen sind ein Instrument direkter Demokratie.,"ABU Smartlearn Quiz 1. Teil, Moodle-XHTML-Export, hochgeladene Referenzdatei",user_upload:quiz-ABU_Smartlearn_1.Teil-top-20260519-0952.html
abu,Allgemeinbildender Unterricht ABU,abu_l10,ABU,L10,"Staat, Rechte und Pflichten: Wahlen, Abstimmungen und Einflussnahme",medium,single_choice,Worauf muss man beim Thema Initiative besonders achten?,sie ist eine Quittung,Stimmberechtigte können eine Verfassungsänderung anstossen,sie ist ein Leasingvertrag,sie ist eine Hausratversicherung,B,Initiativen sind ein Instrument direkter Demokratie.,"ABU Smartlearn Quiz 1. Teil, Moodle-XHTML-Export, hochgeladene Referenzdatei",user_upload:quiz-ABU_Smartlearn_1.Teil-top-20260519-0952.html
abu,Allgemeinbildender Unterricht ABU,abu_l10,ABU,L10,"Staat, Rechte und Pflichten: Wahlen, Abstimmungen und Einflussnahme",hard,single_choice,Welche Aussage zu Initiative ist fachlich am korrektesten?,sie ist eine Quittung,sie ist ein Leasingvertrag,Stimmberechtigte können eine Verfassungsänderung anstossen,sie ist eine Hausratversicherung,C,Initiativen sind ein Instrument direkter Demokratie.,"ABU Smartlearn Quiz 1. Teil, Moodle-XHTML-Export, hochgeladene Referenzdatei",user_upload:quiz-ABU_Smartlearn_1.Teil-top-20260519-0952.html
abu,Allgemeinbildender Unterricht ABU,abu_l10,ABU,L10,"Staat, Rechte und Pflichten: Wahlen, Abstimmungen und Einflussnahme",easy,single_choice,Welche Antwort passt zum Begriff Initiative?,sie ist eine Quittung,sie ist ein Leasingvertrag,sie ist eine Hausratversicherung,Stimmberechtigte können eine Verfassungsänderung anstossen,D,Initiativen sind ein Instrument direkter Demokratie.,"ABU Smartlearn Quiz 1. Teil, Moodle-XHTML-Export, hochgeladene Referenzdatei",user_upload:quiz-ABU_Smartlearn_1.Teil-top-20260519-0952.html
abu,Allgemeinbildender Unterricht ABU,abu_l10,ABU,L10,"Staat, Rechte und Pflichten: Wahlen, Abstimmungen und Einflussnahme",medium,single_choice,Welche praktische Bedeutung hat Initiative für Lernende?,Stimmberechtigte können eine Verfassungsänderung anstossen,sie ist eine Quittung,sie ist ein Leasingvertrag,sie ist eine Hausratversicherung,A,Initiativen sind ein Instrument direkter Demokratie.,"ABU Smartlearn Quiz 1. Teil, Moodle-XHTML-Export, hochgeladene Referenzdatei",user_upload:quiz-ABU_Smartlearn_1.Teil-top-20260519-0952.html
abu,Allgemeinbildender Unterricht ABU,abu_l10,ABU,L10,"Staat, Rechte und Pflichten: Wahlen, Abstimmungen und Einflussnahme",hard,single_choice,Welche Erklärung zu Initiative ist im gesellschaftlichen und rechtlichen Kontext richtig?,sie ist eine Quittung,Stimmberechtigte können eine Verfassungsänderung anstossen,sie ist ein Leasingvertrag,sie ist eine Hausratversicherung,B,Initiativen sind ein Instrument direkter Demokratie.,"ABU Smartlearn Quiz 1. Teil, Moodle-XHTML-Export, hochgeladene Referenzdatei",user_upload:quiz-ABU_Smartlearn_1.Teil-top-20260519-0952.html
abu,Allgemeinbildender Unterricht ABU,abu_l10,ABU,L10,"Staat, Rechte und Pflichten: Wahlen, Abstimmungen und Einflussnahme",easy,single_choice,Was ist bei Initiative grundsätzlich richtig?,sie ist eine Quittung,sie ist ein Leasingvertrag,Stimmberechtigte können eine Verfassungsänderung anstossen,sie ist eine Hausratversicherung,C,Initiativen sind ein Instrument direkter Demokratie.,"ABU Smartlearn Quiz 1. Teil, Moodle-XHTML-Export, hochgeladene Referenzdatei",user_upload:quiz-ABU_Smartlearn_1.Teil-top-20260519-0952.html
abu,Allgemeinbildender Unterricht ABU,abu_l10,ABU,L10,"Staat, Rechte und Pflichten: Wahlen, Abstimmungen und Einflussnahme",medium,single_choice,Welche Aussage zeigt ein korrektes Verständnis von Initiative?,sie ist eine Quittung,sie ist ein Leasingvertrag,sie ist eine Hausratversicherung,Stimmberechtigte können eine Verfassungsänderung anstossen,D,Initiativen sind ein Instrument direkter Demokratie.,"ABU Smartlearn Quiz 1. Teil, Moodle-XHTML-Export, hochgeladene Referenzdatei",user_upload:quiz-ABU_Smartlearn_1.Teil-top-20260519-0952.html
abu,Allgemeinbildender Unterricht ABU,abu_l10,ABU,L10,"Staat, Rechte und Pflichten: Wahlen, Abstimmungen und Einflussnahme",hard,single_choice,Welche Aussage grenzt Initiative am präzisesten von falschen Vorstellungen ab?,Stimmberechtigte können eine Verfassungsänderung anstossen,sie ist eine Quittung,sie ist ein Leasingvertrag,sie ist eine Hausratversicherung,A,Initiativen sind ein Instrument direkter Demokratie.,"ABU Smartlearn Quiz 1. Teil, Moodle-XHTML-Export, hochgeladene Referenzdatei",user_upload:quiz-ABU_Smartlearn_1.Teil-top-20260519-0952.html
abu,Allgemeinbildender Unterricht ABU,abu_l10,ABU,L10,"Staat, Rechte und Pflichten: Wahlen, Abstimmungen und Einflussnahme",easy,single_choice,Welche Kurzdefinition passt zu Initiative?,sie ist eine Quittung,Stimmberechtigte können eine Verfassungsänderung anstossen,sie ist ein Leasingvertrag,sie ist eine Hausratversicherung,B,Initiativen sind ein Instrument direkter Demokratie.,"ABU Smartlearn Quiz 1. Teil, Moodle-XHTML-Export, hochgeladene Referenzdatei",user_upload:quiz-ABU_Smartlearn_1.Teil-top-20260519-0952.html
abu,Allgemeinbildender Unterricht ABU,abu_l10,ABU,L10,"Staat, Rechte und Pflichten: Wahlen, Abstimmungen und Einflussnahme",easy,single_choice,Welche Aussage beschreibt fakultatives Referendum im ABU am besten?,es ist eine Mängelrüge,es ist ein Lohnabzug,eine Volksabstimmung über ein beschlossenes Gesetz kann verlangt werden,es ist ein Mietdepot,C,Referenden ermöglichen Kontrolle über Parlamentsentscheide.,"ABU Smartlearn Quiz 1. Teil, Moodle-XHTML-Export, hochgeladene Referenzdatei",user_upload:quiz-ABU_Smartlearn_1.Teil-top-20260519-0952.html
abu,Allgemeinbildender Unterricht ABU,abu_l10,ABU,L10,"Staat, Rechte und Pflichten: Wahlen, Abstimmungen und Einflussnahme",medium,single_choice,Worauf muss man beim Thema fakultatives Referendum besonders achten?,es ist eine Mängelrüge,es ist ein Lohnabzug,es ist ein Mietdepot,eine Volksabstimmung über ein beschlossenes Gesetz kann verlangt werden,D,Referenden ermöglichen Kontrolle über Parlamentsentscheide.,"ABU Smartlearn Quiz 1. Teil, Moodle-XHTML-Export, hochgeladene Referenzdatei",user_upload:quiz-ABU_Smartlearn_1.Teil-top-20260519-0952.html
abu,Allgemeinbildender Unterricht ABU,abu_l10,ABU,L10,"Staat, Rechte und Pflichten: Wahlen, Abstimmungen und Einflussnahme",hard,single_choice,Welche Aussage zu fakultatives Referendum ist fachlich am korrektesten?,eine Volksabstimmung über ein beschlossenes Gesetz kann verlangt werden,es ist eine Mängelrüge,es ist ein Lohnabzug,es ist ein Mietdepot,A,Referenden ermöglichen Kontrolle über Parlamentsentscheide.,"ABU Smartlearn Quiz 1. Teil, Moodle-XHTML-Export, hochgeladene Referenzdatei",user_upload:quiz-ABU_Smartlearn_1.Teil-top-20260519-0952.html
abu,Allgemeinbildender Unterricht ABU,abu_l10,ABU,L10,"Staat, Rechte und Pflichten: Wahlen, Abstimmungen und Einflussnahme",easy,single_choice,Welche Antwort passt zum Begriff fakultatives Referendum?,es ist eine Mängelrüge,eine Volksabstimmung über ein beschlossenes Gesetz kann verlangt werden,es ist ein Lohnabzug,es ist ein Mietdepot,B,Referenden ermöglichen Kontrolle über Parlamentsentscheide.,"ABU Smartlearn Quiz 1. Teil, Moodle-XHTML-Export, hochgeladene Referenzdatei",user_upload:quiz-ABU_Smartlearn_1.Teil-top-20260519-0952.html
abu,Allgemeinbildender Unterricht ABU,abu_l10,ABU,L10,"Staat, Rechte und Pflichten: Wahlen, Abstimmungen und Einflussnahme",medium,single_choice,Welche praktische Bedeutung hat fakultatives Referendum für Lernende?,es ist eine Mängelrüge,es ist ein Lohnabzug,eine Volksabstimmung über ein beschlossenes Gesetz kann verlangt werden,es ist ein Mietdepot,C,Referenden ermöglichen Kontrolle über Parlamentsentscheide.,"ABU Smartlearn Quiz 1. Teil, Moodle-XHTML-Export, hochgeladene Referenzdatei",user_upload:quiz-ABU_Smartlearn_1.Teil-top-20260519-0952.html
abu,Allgemeinbildender Unterricht ABU,abu_l10,ABU,L10,"Staat, Rechte und Pflichten: Wahlen, Abstimmungen und Einflussnahme",hard,single_choice,Welche Erklärung zu fakultatives Referendum ist im gesellschaftlichen und rechtlichen Kontext richtig?,es ist eine Mängelrüge,es ist ein Lohnabzug,es ist ein Mietdepot,eine Volksabstimmung über ein beschlossenes Gesetz kann verlangt werden,D,Referenden ermöglichen Kontrolle über Parlamentsentscheide.,"ABU Smartlearn Quiz 1. Teil, Moodle-XHTML-Export, hochgeladene Referenzdatei",user_upload:quiz-ABU_Smartlearn_1.Teil-top-20260519-0952.html
abu,Allgemeinbildender Unterricht ABU,abu_l10,ABU,L10,"Staat, Rechte und Pflichten: Wahlen, Abstimmungen und Einflussnahme",easy,single_choice,Was ist bei fakultatives Referendum grundsätzlich richtig?,eine Volksabstimmung über ein beschlossenes Gesetz kann verlangt werden,es ist eine Mängelrüge,es ist ein Lohnabzug,es ist ein Mietdepot,A,Referenden ermöglichen Kontrolle über Parlamentsentscheide.,"ABU Smartlearn Quiz 1. Teil, Moodle-XHTML-Export, hochgeladene Referenzdatei",user_upload:quiz-ABU_Smartlearn_1.Teil-top-20260519-0952.html
abu,Allgemeinbildender Unterricht ABU,abu_l10,ABU,L10,"Staat, Rechte und Pflichten: Wahlen, Abstimmungen und Einflussnahme",medium,single_choice,Welche Aussage zeigt ein korrektes Verständnis von fakultatives Referendum?,es ist eine Mängelrüge,eine Volksabstimmung über ein beschlossenes Gesetz kann verlangt werden,es ist ein Lohnabzug,es ist ein Mietdepot,B,Referenden ermöglichen Kontrolle über Parlamentsentscheide.,"ABU Smartlearn Quiz 1. Teil, Moodle-XHTML-Export, hochgeladene Referenzdatei",user_upload:quiz-ABU_Smartlearn_1.Teil-top-20260519-0952.html
abu,Allgemeinbildender Unterricht ABU,abu_l10,ABU,L10,"Staat, Rechte und Pflichten: Wahlen, Abstimmungen und Einflussnahme",hard,single_choice,Welche Aussage grenzt fakultatives Referendum am präzisesten von falschen Vorstellungen ab?,es ist eine Mängelrüge,es ist ein Lohnabzug,eine Volksabstimmung über ein beschlossenes Gesetz kann verlangt werden,es ist ein Mietdepot,C,Referenden ermöglichen Kontrolle über Parlamentsentscheide.,"ABU Smartlearn Quiz 1. Teil, Moodle-XHTML-Export, hochgeladene Referenzdatei",user_upload:quiz-ABU_Smartlearn_1.Teil-top-20260519-0952.html
abu,Allgemeinbildender Unterricht ABU,abu_l10,ABU,L10,"Staat, Rechte und Pflichten: Wahlen, Abstimmungen und Einflussnahme",easy,single_choice,Welche Kurzdefinition passt zu fakultatives Referendum?,es ist eine Mängelrüge,es ist ein Lohnabzug,es ist ein Mietdepot,eine Volksabstimmung über ein beschlossenes Gesetz kann verlangt werden,D,Referenden ermöglichen Kontrolle über Parlamentsentscheide.,"ABU Smartlearn Quiz 1. Teil, Moodle-XHTML-Export, hochgeladene Referenzdatei",user_upload:quiz-ABU_Smartlearn_1.Teil-top-20260519-0952.html
abu,Allgemeinbildender Unterricht ABU,abu_l10,ABU,L10,"Staat, Rechte und Pflichten: Wahlen, Abstimmungen und Einflussnahme",easy,single_choice,Welche Aussage beschreibt Proporzwahl im ABU am besten?,Sitze werden möglichst proportional zu Stimmenanteilen verteilt,nur die stärkste Person gewinnt alles,es gibt keine Listen,Stimmenanteile spielen keine Rolle,A,Proporz bildet Parteienanteile ab.,"ABU Smartlearn Quiz 1. Teil, Moodle-XHTML-Export, hochgeladene Referenzdatei",user_upload:quiz-ABU_Smartlearn_1.Teil-top-20260519-0952.html
abu,Allgemeinbildender Unterricht ABU,abu_l10,ABU,L10,"Staat, Rechte und Pflichten: Wahlen, Abstimmungen und Einflussnahme",medium,single_choice,Worauf muss man beim Thema Proporzwahl besonders achten?,nur die stärkste Person gewinnt alles,Sitze werden möglichst proportional zu Stimmenanteilen verteilt,es gibt keine Listen,Stimmenanteile spielen keine Rolle,B,Proporz bildet Parteienanteile ab.,"ABU Smartlearn Quiz 1. Teil, Moodle-XHTML-Export, hochgeladene Referenzdatei",user_upload:quiz-ABU_Smartlearn_1.Teil-top-20260519-0952.html
abu,Allgemeinbildender Unterricht ABU,abu_l10,ABU,L10,"Staat, Rechte und Pflichten: Wahlen, Abstimmungen und Einflussnahme",hard,single_choice,Welche Aussage zu Proporzwahl ist fachlich am korrektesten?,nur die stärkste Person gewinnt alles,es gibt keine Listen,Sitze werden möglichst proportional zu Stimmenanteilen verteilt,Stimmenanteile spielen keine Rolle,C,Proporz bildet Parteienanteile ab.,"ABU Smartlearn Quiz 1. Teil, Moodle-XHTML-Export, hochgeladene Referenzdatei",user_upload:quiz-ABU_Smartlearn_1.Teil-top-20260519-0952.html
abu,Allgemeinbildender Unterricht ABU,abu_l10,ABU,L10,"Staat, Rechte und Pflichten: Wahlen, Abstimmungen und Einflussnahme",easy,single_choice,Welche Antwort passt zum Begriff Proporzwahl?,nur die stärkste Person gewinnt alles,es gibt keine Listen,Stimmenanteile spielen keine Rolle,Sitze werden möglichst proportional zu Stimmenanteilen verteilt,D,Proporz bildet Parteienanteile ab.,"ABU Smartlearn Quiz 1. Teil, Moodle-XHTML-Export, hochgeladene Referenzdatei",user_upload:quiz-ABU_Smartlearn_1.Teil-top-20260519-0952.html
abu,Allgemeinbildender Unterricht ABU,abu_l10,ABU,L10,"Staat, Rechte und Pflichten: Wahlen, Abstimmungen und Einflussnahme",medium,single_choice,Welche praktische Bedeutung hat Proporzwahl für Lernende?,Sitze werden möglichst proportional zu Stimmenanteilen verteilt,nur die stärkste Person gewinnt alles,es gibt keine Listen,Stimmenanteile spielen keine Rolle,A,Proporz bildet Parteienanteile ab.,"ABU Smartlearn Quiz 1. Teil, Moodle-XHTML-Export, hochgeladene Referenzdatei",user_upload:quiz-ABU_Smartlearn_1.Teil-top-20260519-0952.html
abu,Allgemeinbildender Unterricht ABU,abu_l10,ABU,L10,"Staat, Rechte und Pflichten: Wahlen, Abstimmungen und Einflussnahme",hard,single_choice,Welche Erklärung zu Proporzwahl ist im gesellschaftlichen und rechtlichen Kontext richtig?,nur die stärkste Person gewinnt alles,Sitze werden möglichst proportional zu Stimmenanteilen verteilt,es gibt keine Listen,Stimmenanteile spielen keine Rolle,B,Proporz bildet Parteienanteile ab.,"ABU Smartlearn Quiz 1. Teil, Moodle-XHTML-Export, hochgeladene Referenzdatei",user_upload:quiz-ABU_Smartlearn_1.Teil-top-20260519-0952.html
abu,Allgemeinbildender Unterricht ABU,abu_l10,ABU,L10,"Staat, Rechte und Pflichten: Wahlen, Abstimmungen und Einflussnahme",easy,single_choice,Was ist bei Proporzwahl grundsätzlich richtig?,nur die stärkste Person gewinnt alles,es gibt keine Listen,Sitze werden möglichst proportional zu Stimmenanteilen verteilt,Stimmenanteile spielen keine Rolle,C,Proporz bildet Parteienanteile ab.,"ABU Smartlearn Quiz 1. Teil, Moodle-XHTML-Export, hochgeladene Referenzdatei",user_upload:quiz-ABU_Smartlearn_1.Teil-top-20260519-0952.html
abu,Allgemeinbildender Unterricht ABU,abu_l10,ABU,L10,"Staat, Rechte und Pflichten: Wahlen, Abstimmungen und Einflussnahme",medium,single_choice,Welche Aussage zeigt ein korrektes Verständnis von Proporzwahl?,nur die stärkste Person gewinnt alles,es gibt keine Listen,Stimmenanteile spielen keine Rolle,Sitze werden möglichst proportional zu Stimmenanteilen verteilt,D,Proporz bildet Parteienanteile ab.,"ABU Smartlearn Quiz 1. Teil, Moodle-XHTML-Export, hochgeladene Referenzdatei",user_upload:quiz-ABU_Smartlearn_1.Teil-top-20260519-0952.html
abu,Allgemeinbildender Unterricht ABU,abu_l10,ABU,L10,"Staat, Rechte und Pflichten: Wahlen, Abstimmungen und Einflussnahme",hard,single_choice,Welche Aussage grenzt Proporzwahl am präzisesten von falschen Vorstellungen ab?,Sitze werden möglichst proportional zu Stimmenanteilen verteilt,nur die stärkste Person gewinnt alles,es gibt keine Listen,Stimmenanteile spielen keine Rolle,A,Proporz bildet Parteienanteile ab.,"ABU Smartlearn Quiz 1. Teil, Moodle-XHTML-Export, hochgeladene Referenzdatei",user_upload:quiz-ABU_Smartlearn_1.Teil-top-20260519-0952.html
abu,Allgemeinbildender Unterricht ABU,abu_l10,ABU,L10,"Staat, Rechte und Pflichten: Wahlen, Abstimmungen und Einflussnahme",easy,single_choice,Welche Kurzdefinition passt zu Proporzwahl?,nur die stärkste Person gewinnt alles,Sitze werden möglichst proportional zu Stimmenanteilen verteilt,es gibt keine Listen,Stimmenanteile spielen keine Rolle,B,Proporz bildet Parteienanteile ab.,"ABU Smartlearn Quiz 1. Teil, Moodle-XHTML-Export, hochgeladene Referenzdatei",user_upload:quiz-ABU_Smartlearn_1.Teil-top-20260519-0952.html
abu,Allgemeinbildender Unterricht ABU,abu_l10,ABU,L10,"Staat, Rechte und Pflichten: Wahlen, Abstimmungen und Einflussnahme",easy,single_choice,Welche Aussage beschreibt Majorzwahl im ABU am besten?,Sitze werden nur nach Listenanteil verteilt,Mehrheiten zählen nie,"gewählt ist, wer die erforderliche Mehrheit erreicht",alle Kandidaten gewinnen,C,Majorzwahlen fokussieren stärker auf Personen.,"ABU Smartlearn Quiz 1. Teil, Moodle-XHTML-Export, hochgeladene Referenzdatei",user_upload:quiz-ABU_Smartlearn_1.Teil-top-20260519-0952.html
abu,Allgemeinbildender Unterricht ABU,abu_l10,ABU,L10,"Staat, Rechte und Pflichten: Wahlen, Abstimmungen und Einflussnahme",medium,single_choice,Worauf muss man beim Thema Majorzwahl besonders achten?,Sitze werden nur nach Listenanteil verteilt,Mehrheiten zählen nie,alle Kandidaten gewinnen,"gewählt ist, wer die erforderliche Mehrheit erreicht",D,Majorzwahlen fokussieren stärker auf Personen.,"ABU Smartlearn Quiz 1. Teil, Moodle-XHTML-Export, hochgeladene Referenzdatei",user_upload:quiz-ABU_Smartlearn_1.Teil-top-20260519-0952.html
abu,Allgemeinbildender Unterricht ABU,abu_l10,ABU,L10,"Staat, Rechte und Pflichten: Wahlen, Abstimmungen und Einflussnahme",hard,single_choice,Welche Aussage zu Majorzwahl ist fachlich am korrektesten?,"gewählt ist, wer die erforderliche Mehrheit erreicht",Sitze werden nur nach Listenanteil verteilt,Mehrheiten zählen nie,alle Kandidaten gewinnen,A,Majorzwahlen fokussieren stärker auf Personen.,"ABU Smartlearn Quiz 1. Teil, Moodle-XHTML-Export, hochgeladene Referenzdatei",user_upload:quiz-ABU_Smartlearn_1.Teil-top-20260519-0952.html
abu,Allgemeinbildender Unterricht ABU,abu_l10,ABU,L10,"Staat, Rechte und Pflichten: Wahlen, Abstimmungen und Einflussnahme",easy,single_choice,Welche Antwort passt zum Begriff Majorzwahl?,Sitze werden nur nach Listenanteil verteilt,"gewählt ist, wer die erforderliche Mehrheit erreicht",Mehrheiten zählen nie,alle Kandidaten gewinnen,B,Majorzwahlen fokussieren stärker auf Personen.,"ABU Smartlearn Quiz 1. Teil, Moodle-XHTML-Export, hochgeladene Referenzdatei",user_upload:quiz-ABU_Smartlearn_1.Teil-top-20260519-0952.html
abu,Allgemeinbildender Unterricht ABU,abu_l10,ABU,L10,"Staat, Rechte und Pflichten: Wahlen, Abstimmungen und Einflussnahme",medium,single_choice,Welche praktische Bedeutung hat Majorzwahl für Lernende?,Sitze werden nur nach Listenanteil verteilt,Mehrheiten zählen nie,"gewählt ist, wer die erforderliche Mehrheit erreicht",alle Kandidaten gewinnen,C,Majorzwahlen fokussieren stärker auf Personen.,"ABU Smartlearn Quiz 1. Teil, Moodle-XHTML-Export, hochgeladene Referenzdatei",user_upload:quiz-ABU_Smartlearn_1.Teil-top-20260519-0952.html
abu,Allgemeinbildender Unterricht ABU,abu_l10,ABU,L10,"Staat, Rechte und Pflichten: Wahlen, Abstimmungen und Einflussnahme",hard,single_choice,Welche Erklärung zu Majorzwahl ist im gesellschaftlichen und rechtlichen Kontext richtig?,Sitze werden nur nach Listenanteil verteilt,Mehrheiten zählen nie,alle Kandidaten gewinnen,"gewählt ist, wer die erforderliche Mehrheit erreicht",D,Majorzwahlen fokussieren stärker auf Personen.,"ABU Smartlearn Quiz 1. Teil, Moodle-XHTML-Export, hochgeladene Referenzdatei",user_upload:quiz-ABU_Smartlearn_1.Teil-top-20260519-0952.html
abu,Allgemeinbildender Unterricht ABU,abu_l10,ABU,L10,"Staat, Rechte und Pflichten: Wahlen, Abstimmungen und Einflussnahme",easy,single_choice,Was ist bei Majorzwahl grundsätzlich richtig?,"gewählt ist, wer die erforderliche Mehrheit erreicht",Sitze werden nur nach Listenanteil verteilt,Mehrheiten zählen nie,alle Kandidaten gewinnen,A,Majorzwahlen fokussieren stärker auf Personen.,"ABU Smartlearn Quiz 1. Teil, Moodle-XHTML-Export, hochgeladene Referenzdatei",user_upload:quiz-ABU_Smartlearn_1.Teil-top-20260519-0952.html
abu,Allgemeinbildender Unterricht ABU,abu_l10,ABU,L10,"Staat, Rechte und Pflichten: Wahlen, Abstimmungen und Einflussnahme",medium,single_choice,Welche Aussage zeigt ein korrektes Verständnis von Majorzwahl?,Sitze werden nur nach Listenanteil verteilt,"gewählt ist, wer die erforderliche Mehrheit erreicht",Mehrheiten zählen nie,alle Kandidaten gewinnen,B,Majorzwahlen fokussieren stärker auf Personen.,"ABU Smartlearn Quiz 1. Teil, Moodle-XHTML-Export, hochgeladene Referenzdatei",user_upload:quiz-ABU_Smartlearn_1.Teil-top-20260519-0952.html
abu,Allgemeinbildender Unterricht ABU,abu_l10,ABU,L10,"Staat, Rechte und Pflichten: Wahlen, Abstimmungen und Einflussnahme",hard,single_choice,Welche Aussage grenzt Majorzwahl am präzisesten von falschen Vorstellungen ab?,Sitze werden nur nach Listenanteil verteilt,Mehrheiten zählen nie,"gewählt ist, wer die erforderliche Mehrheit erreicht",alle Kandidaten gewinnen,C,Majorzwahlen fokussieren stärker auf Personen.,"ABU Smartlearn Quiz 1. Teil, Moodle-XHTML-Export, hochgeladene Referenzdatei",user_upload:quiz-ABU_Smartlearn_1.Teil-top-20260519-0952.html
abu,Allgemeinbildender Unterricht ABU,abu_l10,ABU,L10,"Staat, Rechte und Pflichten: Wahlen, Abstimmungen und Einflussnahme",easy,single_choice,Welche Kurzdefinition passt zu Majorzwahl?,Sitze werden nur nach Listenanteil verteilt,Mehrheiten zählen nie,alle Kandidaten gewinnen,"gewählt ist, wer die erforderliche Mehrheit erreicht",D,Majorzwahlen fokussieren stärker auf Personen.,"ABU Smartlearn Quiz 1. Teil, Moodle-XHTML-Export, hochgeladene Referenzdatei",user_upload:quiz-ABU_Smartlearn_1.Teil-top-20260519-0952.html
abu,Allgemeinbildender Unterricht ABU,abu_l10,ABU,L10,"Staat, Rechte und Pflichten: Wahlen, Abstimmungen und Einflussnahme",easy,single_choice,Welche Aussage beschreibt absolutes Mehr im ABU am besten?,mehr als die Hälfte der gültigen Stimmen ist nötig,eine Stimme genügt immer,es ist ein Versicherungsschaden,es ist ein Konsumkredit,A,Das absolute Mehr ist eine Mehrheitsregel.,"ABU Smartlearn Quiz 1. Teil, Moodle-XHTML-Export, hochgeladene Referenzdatei",user_upload:quiz-ABU_Smartlearn_1.Teil-top-20260519-0952.html
abu,Allgemeinbildender Unterricht ABU,abu_l10,ABU,L10,"Staat, Rechte und Pflichten: Wahlen, Abstimmungen und Einflussnahme",medium,single_choice,Worauf muss man beim Thema absolutes Mehr besonders achten?,eine Stimme genügt immer,mehr als die Hälfte der gültigen Stimmen ist nötig,es ist ein Versicherungsschaden,es ist ein Konsumkredit,B,Das absolute Mehr ist eine Mehrheitsregel.,"ABU Smartlearn Quiz 1. Teil, Moodle-XHTML-Export, hochgeladene Referenzdatei",user_upload:quiz-ABU_Smartlearn_1.Teil-top-20260519-0952.html
abu,Allgemeinbildender Unterricht ABU,abu_l10,ABU,L10,"Staat, Rechte und Pflichten: Wahlen, Abstimmungen und Einflussnahme",hard,single_choice,Welche Aussage zu absolutes Mehr ist fachlich am korrektesten?,eine Stimme genügt immer,es ist ein Versicherungsschaden,mehr als die Hälfte der gültigen Stimmen ist nötig,es ist ein Konsumkredit,C,Das absolute Mehr ist eine Mehrheitsregel.,"ABU Smartlearn Quiz 1. Teil, Moodle-XHTML-Export, hochgeladene Referenzdatei",user_upload:quiz-ABU_Smartlearn_1.Teil-top-20260519-0952.html
abu,Allgemeinbildender Unterricht ABU,abu_l10,ABU,L10,"Staat, Rechte und Pflichten: Wahlen, Abstimmungen und Einflussnahme",easy,single_choice,Welche Antwort passt zum Begriff absolutes Mehr?,eine Stimme genügt immer,es ist ein Versicherungsschaden,es ist ein Konsumkredit,mehr als die Hälfte der gültigen Stimmen ist nötig,D,Das absolute Mehr ist eine Mehrheitsregel.,"ABU Smartlearn Quiz 1. Teil, Moodle-XHTML-Export, hochgeladene Referenzdatei",user_upload:quiz-ABU_Smartlearn_1.Teil-top-20260519-0952.html
abu,Allgemeinbildender Unterricht ABU,abu_l10,ABU,L10,"Staat, Rechte und Pflichten: Wahlen, Abstimmungen und Einflussnahme",medium,single_choice,Welche praktische Bedeutung hat absolutes Mehr für Lernende?,mehr als die Hälfte der gültigen Stimmen ist nötig,eine Stimme genügt immer,es ist ein Versicherungsschaden,es ist ein Konsumkredit,A,Das absolute Mehr ist eine Mehrheitsregel.,"ABU Smartlearn Quiz 1. Teil, Moodle-XHTML-Export, hochgeladene Referenzdatei",user_upload:quiz-ABU_Smartlearn_1.Teil-top-20260519-0952.html
abu,Allgemeinbildender Unterricht ABU,abu_l10,ABU,L10,"Staat, Rechte und Pflichten: Wahlen, Abstimmungen und Einflussnahme",hard,single_choice,Welche Erklärung zu absolutes Mehr ist im gesellschaftlichen und rechtlichen Kontext richtig?,eine Stimme genügt immer,mehr als die Hälfte der gültigen Stimmen ist nötig,es ist ein Versicherungsschaden,es ist ein Konsumkredit,B,Das absolute Mehr ist eine Mehrheitsregel.,"ABU Smartlearn Quiz 1. Teil, Moodle-XHTML-Export, hochgeladene Referenzdatei",user_upload:quiz-ABU_Smartlearn_1.Teil-top-20260519-0952.html
abu,Allgemeinbildender Unterricht ABU,abu_l10,ABU,L10,"Staat, Rechte und Pflichten: Wahlen, Abstimmungen und Einflussnahme",easy,single_choice,Was ist bei absolutes Mehr grundsätzlich richtig?,eine Stimme genügt immer,es ist ein Versicherungsschaden,mehr als die Hälfte der gültigen Stimmen ist nötig,es ist ein Konsumkredit,C,Das absolute Mehr ist eine Mehrheitsregel.,"ABU Smartlearn Quiz 1. Teil, Moodle-XHTML-Export, hochgeladene Referenzdatei",user_upload:quiz-ABU_Smartlearn_1.Teil-top-20260519-0952.html
abu,Allgemeinbildender Unterricht ABU,abu_l10,ABU,L10,"Staat, Rechte und Pflichten: Wahlen, Abstimmungen und Einflussnahme",medium,single_choice,Welche Aussage zeigt ein korrektes Verständnis von absolutes Mehr?,eine Stimme genügt immer,es ist ein Versicherungsschaden,es ist ein Konsumkredit,mehr als die Hälfte der gültigen Stimmen ist nötig,D,Das absolute Mehr ist eine Mehrheitsregel.,"ABU Smartlearn Quiz 1. Teil, Moodle-XHTML-Export, hochgeladene Referenzdatei",user_upload:quiz-ABU_Smartlearn_1.Teil-top-20260519-0952.html
abu,Allgemeinbildender Unterricht ABU,abu_l10,ABU,L10,"Staat, Rechte und Pflichten: Wahlen, Abstimmungen und Einflussnahme",hard,single_choice,Welche Aussage grenzt absolutes Mehr am präzisesten von falschen Vorstellungen ab?,mehr als die Hälfte der gültigen Stimmen ist nötig,eine Stimme genügt immer,es ist ein Versicherungsschaden,es ist ein Konsumkredit,A,Das absolute Mehr ist eine Mehrheitsregel.,"ABU Smartlearn Quiz 1. Teil, Moodle-XHTML-Export, hochgeladene Referenzdatei",user_upload:quiz-ABU_Smartlearn_1.Teil-top-20260519-0952.html
abu,Allgemeinbildender Unterricht ABU,abu_l10,ABU,L10,"Staat, Rechte und Pflichten: Wahlen, Abstimmungen und Einflussnahme",easy,single_choice,Welche Kurzdefinition passt zu absolutes Mehr?,eine Stimme genügt immer,mehr als die Hälfte der gültigen Stimmen ist nötig,es ist ein Versicherungsschaden,es ist ein Konsumkredit,B,Das absolute Mehr ist eine Mehrheitsregel.,"ABU Smartlearn Quiz 1. Teil, Moodle-XHTML-Export, hochgeladene Referenzdatei",user_upload:quiz-ABU_Smartlearn_1.Teil-top-20260519-0952.html
abu,Allgemeinbildender Unterricht ABU,abu_l10,ABU,L10,"Staat, Rechte und Pflichten: Wahlen, Abstimmungen und Einflussnahme",easy,single_choice,Welche Aussage beschreibt relatives Mehr im ABU am besten?,mehr als alle zusammen ist nötig,es ist immer verboten,die meisten Stimmen im Vergleich zu anderen genügen,es ist eine Steuerart,C,Relatives Mehr vergleicht Kandidierende direkt.,"ABU Smartlearn Quiz 1. Teil, Moodle-XHTML-Export, hochgeladene Referenzdatei",user_upload:quiz-ABU_Smartlearn_1.Teil-top-20260519-0952.html
abu,Allgemeinbildender Unterricht ABU,abu_l10,ABU,L10,"Staat, Rechte und Pflichten: Wahlen, Abstimmungen und Einflussnahme",medium,single_choice,Worauf muss man beim Thema relatives Mehr besonders achten?,mehr als alle zusammen ist nötig,es ist immer verboten,es ist eine Steuerart,die meisten Stimmen im Vergleich zu anderen genügen,D,Relatives Mehr vergleicht Kandidierende direkt.,"ABU Smartlearn Quiz 1. Teil, Moodle-XHTML-Export, hochgeladene Referenzdatei",user_upload:quiz-ABU_Smartlearn_1.Teil-top-20260519-0952.html
abu,Allgemeinbildender Unterricht ABU,abu_l10,ABU,L10,"Staat, Rechte und Pflichten: Wahlen, Abstimmungen und Einflussnahme",hard,single_choice,Welche Aussage zu relatives Mehr ist fachlich am korrektesten?,die meisten Stimmen im Vergleich zu anderen genügen,mehr als alle zusammen ist nötig,es ist immer verboten,es ist eine Steuerart,A,Relatives Mehr vergleicht Kandidierende direkt.,"ABU Smartlearn Quiz 1. Teil, Moodle-XHTML-Export, hochgeladene Referenzdatei",user_upload:quiz-ABU_Smartlearn_1.Teil-top-20260519-0952.html
abu,Allgemeinbildender Unterricht ABU,abu_l10,ABU,L10,"Staat, Rechte und Pflichten: Wahlen, Abstimmungen und Einflussnahme",easy,single_choice,Welche Antwort passt zum Begriff relatives Mehr?,mehr als alle zusammen ist nötig,die meisten Stimmen im Vergleich zu anderen genügen,es ist immer verboten,es ist eine Steuerart,B,Relatives Mehr vergleicht Kandidierende direkt.,"ABU Smartlearn Quiz 1. Teil, Moodle-XHTML-Export, hochgeladene Referenzdatei",user_upload:quiz-ABU_Smartlearn_1.Teil-top-20260519-0952.html
abu,Allgemeinbildender Unterricht ABU,abu_l10,ABU,L10,"Staat, Rechte und Pflichten: Wahlen, Abstimmungen und Einflussnahme",medium,single_choice,Welche praktische Bedeutung hat relatives Mehr für Lernende?,mehr als alle zusammen ist nötig,es ist immer verboten,die meisten Stimmen im Vergleich zu anderen genügen,es ist eine Steuerart,C,Relatives Mehr vergleicht Kandidierende direkt.,"ABU Smartlearn Quiz 1. Teil, Moodle-XHTML-Export, hochgeladene Referenzdatei",user_upload:quiz-ABU_Smartlearn_1.Teil-top-20260519-0952.html
abu,Allgemeinbildender Unterricht ABU,abu_l10,ABU,L10,"Staat, Rechte und Pflichten: Wahlen, Abstimmungen und Einflussnahme",hard,single_choice,Welche Erklärung zu relatives Mehr ist im gesellschaftlichen und rechtlichen Kontext richtig?,mehr als alle zusammen ist nötig,es ist immer verboten,es ist eine Steuerart,die meisten Stimmen im Vergleich zu anderen genügen,D,Relatives Mehr vergleicht Kandidierende direkt.,"ABU Smartlearn Quiz 1. Teil, Moodle-XHTML-Export, hochgeladene Referenzdatei",user_upload:quiz-ABU_Smartlearn_1.Teil-top-20260519-0952.html
abu,Allgemeinbildender Unterricht ABU,abu_l10,ABU,L10,"Staat, Rechte und Pflichten: Wahlen, Abstimmungen und Einflussnahme",easy,single_choice,Was ist bei relatives Mehr grundsätzlich richtig?,die meisten Stimmen im Vergleich zu anderen genügen,mehr als alle zusammen ist nötig,es ist immer verboten,es ist eine Steuerart,A,Relatives Mehr vergleicht Kandidierende direkt.,"ABU Smartlearn Quiz 1. Teil, Moodle-XHTML-Export, hochgeladene Referenzdatei",user_upload:quiz-ABU_Smartlearn_1.Teil-top-20260519-0952.html
abu,Allgemeinbildender Unterricht ABU,abu_l10,ABU,L10,"Staat, Rechte und Pflichten: Wahlen, Abstimmungen und Einflussnahme",medium,single_choice,Welche Aussage zeigt ein korrektes Verständnis von relatives Mehr?,mehr als alle zusammen ist nötig,die meisten Stimmen im Vergleich zu anderen genügen,es ist immer verboten,es ist eine Steuerart,B,Relatives Mehr vergleicht Kandidierende direkt.,"ABU Smartlearn Quiz 1. Teil, Moodle-XHTML-Export, hochgeladene Referenzdatei",user_upload:quiz-ABU_Smartlearn_1.Teil-top-20260519-0952.html
abu,Allgemeinbildender Unterricht ABU,abu_l10,ABU,L10,"Staat, Rechte und Pflichten: Wahlen, Abstimmungen und Einflussnahme",hard,single_choice,Welche Aussage grenzt relatives Mehr am präzisesten von falschen Vorstellungen ab?,mehr als alle zusammen ist nötig,es ist immer verboten,die meisten Stimmen im Vergleich zu anderen genügen,es ist eine Steuerart,C,Relatives Mehr vergleicht Kandidierende direkt.,"ABU Smartlearn Quiz 1. Teil, Moodle-XHTML-Export, hochgeladene Referenzdatei",user_upload:quiz-ABU_Smartlearn_1.Teil-top-20260519-0952.html
abu,Allgemeinbildender Unterricht ABU,abu_l10,ABU,L10,"Staat, Rechte und Pflichten: Wahlen, Abstimmungen und Einflussnahme",easy,single_choice,Welche Kurzdefinition passt zu relatives Mehr?,mehr als alle zusammen ist nötig,es ist immer verboten,es ist eine Steuerart,die meisten Stimmen im Vergleich zu anderen genügen,D,Relatives Mehr vergleicht Kandidierende direkt.,"ABU Smartlearn Quiz 1. Teil, Moodle-XHTML-Export, hochgeladene Referenzdatei",user_upload:quiz-ABU_Smartlearn_1.Teil-top-20260519-0952.html
abu,Allgemeinbildender Unterricht ABU,abu_l10,ABU,L10,"Staat, Rechte und Pflichten: Wahlen, Abstimmungen und Einflussnahme",easy,single_choice,Welche Aussage beschreibt Lobbyismus im ABU am besten?,Interessengruppen versuchen politische Entscheide zu beeinflussen,niemand äussert Interessen,es ist ein Mietmangel,es ist eine AHV-Rente,A,Lobbyismus kann transparent oder problematisch sein.,"ABU Smartlearn Quiz 1. Teil, Moodle-XHTML-Export, hochgeladene Referenzdatei",user_upload:quiz-ABU_Smartlearn_1.Teil-top-20260519-0952.html
abu,Allgemeinbildender Unterricht ABU,abu_l10,ABU,L10,"Staat, Rechte und Pflichten: Wahlen, Abstimmungen und Einflussnahme",medium,single_choice,Worauf muss man beim Thema Lobbyismus besonders achten?,niemand äussert Interessen,Interessengruppen versuchen politische Entscheide zu beeinflussen,es ist ein Mietmangel,es ist eine AHV-Rente,B,Lobbyismus kann transparent oder problematisch sein.,"ABU Smartlearn Quiz 1. Teil, Moodle-XHTML-Export, hochgeladene Referenzdatei",user_upload:quiz-ABU_Smartlearn_1.Teil-top-20260519-0952.html
abu,Allgemeinbildender Unterricht ABU,abu_l10,ABU,L10,"Staat, Rechte und Pflichten: Wahlen, Abstimmungen und Einflussnahme",hard,single_choice,Welche Aussage zu Lobbyismus ist fachlich am korrektesten?,niemand äussert Interessen,es ist ein Mietmangel,Interessengruppen versuchen politische Entscheide zu beeinflussen,es ist eine AHV-Rente,C,Lobbyismus kann transparent oder problematisch sein.,"ABU Smartlearn Quiz 1. Teil, Moodle-XHTML-Export, hochgeladene Referenzdatei",user_upload:quiz-ABU_Smartlearn_1.Teil-top-20260519-0952.html
abu,Allgemeinbildender Unterricht ABU,abu_l10,ABU,L10,"Staat, Rechte und Pflichten: Wahlen, Abstimmungen und Einflussnahme",easy,single_choice,Welche Antwort passt zum Begriff Lobbyismus?,niemand äussert Interessen,es ist ein Mietmangel,es ist eine AHV-Rente,Interessengruppen versuchen politische Entscheide zu beeinflussen,D,Lobbyismus kann transparent oder problematisch sein.,"ABU Smartlearn Quiz 1. Teil, Moodle-XHTML-Export, hochgeladene Referenzdatei",user_upload:quiz-ABU_Smartlearn_1.Teil-top-20260519-0952.html
abu,Allgemeinbildender Unterricht ABU,abu_l10,ABU,L10,"Staat, Rechte und Pflichten: Wahlen, Abstimmungen und Einflussnahme",medium,single_choice,Welche praktische Bedeutung hat Lobbyismus für Lernende?,Interessengruppen versuchen politische Entscheide zu beeinflussen,niemand äussert Interessen,es ist ein Mietmangel,es ist eine AHV-Rente,A,Lobbyismus kann transparent oder problematisch sein.,"ABU Smartlearn Quiz 1. Teil, Moodle-XHTML-Export, hochgeladene Referenzdatei",user_upload:quiz-ABU_Smartlearn_1.Teil-top-20260519-0952.html
abu,Allgemeinbildender Unterricht ABU,abu_l10,ABU,L10,"Staat, Rechte und Pflichten: Wahlen, Abstimmungen und Einflussnahme",hard,single_choice,Welche Erklärung zu Lobbyismus ist im gesellschaftlichen und rechtlichen Kontext richtig?,niemand äussert Interessen,Interessengruppen versuchen politische Entscheide zu beeinflussen,es ist ein Mietmangel,es ist eine AHV-Rente,B,Lobbyismus kann transparent oder problematisch sein.,"ABU Smartlearn Quiz 1. Teil, Moodle-XHTML-Export, hochgeladene Referenzdatei",user_upload:quiz-ABU_Smartlearn_1.Teil-top-20260519-0952.html
abu,Allgemeinbildender Unterricht ABU,abu_l10,ABU,L10,"Staat, Rechte und Pflichten: Wahlen, Abstimmungen und Einflussnahme",easy,single_choice,Was ist bei Lobbyismus grundsätzlich richtig?,niemand äussert Interessen,es ist ein Mietmangel,Interessengruppen versuchen politische Entscheide zu beeinflussen,es ist eine AHV-Rente,C,Lobbyismus kann transparent oder problematisch sein.,"ABU Smartlearn Quiz 1. Teil, Moodle-XHTML-Export, hochgeladene Referenzdatei",user_upload:quiz-ABU_Smartlearn_1.Teil-top-20260519-0952.html
abu,Allgemeinbildender Unterricht ABU,abu_l10,ABU,L10,"Staat, Rechte und Pflichten: Wahlen, Abstimmungen und Einflussnahme",medium,single_choice,Welche Aussage zeigt ein korrektes Verständnis von Lobbyismus?,niemand äussert Interessen,es ist ein Mietmangel,es ist eine AHV-Rente,Interessengruppen versuchen politische Entscheide zu beeinflussen,D,Lobbyismus kann transparent oder problematisch sein.,"ABU Smartlearn Quiz 1. Teil, Moodle-XHTML-Export, hochgeladene Referenzdatei",user_upload:quiz-ABU_Smartlearn_1.Teil-top-20260519-0952.html
abu,Allgemeinbildender Unterricht ABU,abu_l10,ABU,L10,"Staat, Rechte und Pflichten: Wahlen, Abstimmungen und Einflussnahme",hard,single_choice,Welche Aussage grenzt Lobbyismus am präzisesten von falschen Vorstellungen ab?,Interessengruppen versuchen politische Entscheide zu beeinflussen,niemand äussert Interessen,es ist ein Mietmangel,es ist eine AHV-Rente,A,Lobbyismus kann transparent oder problematisch sein.,"ABU Smartlearn Quiz 1. Teil, Moodle-XHTML-Export, hochgeladene Referenzdatei",user_upload:quiz-ABU_Smartlearn_1.Teil-top-20260519-0952.html
abu,Allgemeinbildender Unterricht ABU,abu_l10,ABU,L10,"Staat, Rechte und Pflichten: Wahlen, Abstimmungen und Einflussnahme",easy,single_choice,Welche Kurzdefinition passt zu Lobbyismus?,niemand äussert Interessen,Interessengruppen versuchen politische Entscheide zu beeinflussen,es ist ein Mietmangel,es ist eine AHV-Rente,B,Lobbyismus kann transparent oder problematisch sein.,"ABU Smartlearn Quiz 1. Teil, Moodle-XHTML-Export, hochgeladene Referenzdatei",user_upload:quiz-ABU_Smartlearn_1.Teil-top-20260519-0952.html
abu,Allgemeinbildender Unterricht ABU,abu_l10,ABU,L10,"Staat, Rechte und Pflichten: Wahlen, Abstimmungen und Einflussnahme",easy,single_choice,Welche Aussage beschreibt Massenmedien im ABU am besten?,sie sind nur Gerichte,sie ersetzen alle Wahlen,sie informieren die Öffentlichkeit und beeinflussen Meinungsbildung,sie sind nur Kreditkarten,C,Medien sind wichtig für Demokratie und Kontrolle.,"ABU Smartlearn Quiz 1. Teil, Moodle-XHTML-Export, hochgeladene Referenzdatei",user_upload:quiz-ABU_Smartlearn_1.Teil-top-20260519-0952.html
abu,Allgemeinbildender Unterricht ABU,abu_l10,ABU,L10,"Staat, Rechte und Pflichten: Wahlen, Abstimmungen und Einflussnahme",medium,single_choice,Worauf muss man beim Thema Massenmedien besonders achten?,sie sind nur Gerichte,sie ersetzen alle Wahlen,sie sind nur Kreditkarten,sie informieren die Öffentlichkeit und beeinflussen Meinungsbildung,D,Medien sind wichtig für Demokratie und Kontrolle.,"ABU Smartlearn Quiz 1. Teil, Moodle-XHTML-Export, hochgeladene Referenzdatei",user_upload:quiz-ABU_Smartlearn_1.Teil-top-20260519-0952.html
abu,Allgemeinbildender Unterricht ABU,abu_l10,ABU,L10,"Staat, Rechte und Pflichten: Wahlen, Abstimmungen und Einflussnahme",hard,single_choice,Welche Aussage zu Massenmedien ist fachlich am korrektesten?,sie informieren die Öffentlichkeit und beeinflussen Meinungsbildung,sie sind nur Gerichte,sie ersetzen alle Wahlen,sie sind nur Kreditkarten,A,Medien sind wichtig für Demokratie und Kontrolle.,"ABU Smartlearn Quiz 1. Teil, Moodle-XHTML-Export, hochgeladene Referenzdatei",user_upload:quiz-ABU_Smartlearn_1.Teil-top-20260519-0952.html
abu,Allgemeinbildender Unterricht ABU,abu_l10,ABU,L10,"Staat, Rechte und Pflichten: Wahlen, Abstimmungen und Einflussnahme",easy,single_choice,Welche Antwort passt zum Begriff Massenmedien?,sie sind nur Gerichte,sie informieren die Öffentlichkeit und beeinflussen Meinungsbildung,sie ersetzen alle Wahlen,sie sind nur Kreditkarten,B,Medien sind wichtig für Demokratie und Kontrolle.,"ABU Smartlearn Quiz 1. Teil, Moodle-XHTML-Export, hochgeladene Referenzdatei",user_upload:quiz-ABU_Smartlearn_1.Teil-top-20260519-0952.html
abu,Allgemeinbildender Unterricht ABU,abu_l10,ABU,L10,"Staat, Rechte und Pflichten: Wahlen, Abstimmungen und Einflussnahme",medium,single_choice,Welche praktische Bedeutung hat Massenmedien für Lernende?,sie sind nur Gerichte,sie ersetzen alle Wahlen,sie informieren die Öffentlichkeit und beeinflussen Meinungsbildung,sie sind nur Kreditkarten,C,Medien sind wichtig für Demokratie und Kontrolle.,"ABU Smartlearn Quiz 1. Teil, Moodle-XHTML-Export, hochgeladene Referenzdatei",user_upload:quiz-ABU_Smartlearn_1.Teil-top-20260519-0952.html
abu,Allgemeinbildender Unterricht ABU,abu_l10,ABU,L10,"Staat, Rechte und Pflichten: Wahlen, Abstimmungen und Einflussnahme",hard,single_choice,Welche Erklärung zu Massenmedien ist im gesellschaftlichen und rechtlichen Kontext richtig?,sie sind nur Gerichte,sie ersetzen alle Wahlen,sie sind nur Kreditkarten,sie informieren die Öffentlichkeit und beeinflussen Meinungsbildung,D,Medien sind wichtig für Demokratie und Kontrolle.,"ABU Smartlearn Quiz 1. Teil, Moodle-XHTML-Export, hochgeladene Referenzdatei",user_upload:quiz-ABU_Smartlearn_1.Teil-top-20260519-0952.html
abu,Allgemeinbildender Unterricht ABU,abu_l10,ABU,L10,"Staat, Rechte und Pflichten: Wahlen, Abstimmungen und Einflussnahme",easy,single_choice,Was ist bei Massenmedien grundsätzlich richtig?,sie informieren die Öffentlichkeit und beeinflussen Meinungsbildung,sie sind nur Gerichte,sie ersetzen alle Wahlen,sie sind nur Kreditkarten,A,Medien sind wichtig für Demokratie und Kontrolle.,"ABU Smartlearn Quiz 1. Teil, Moodle-XHTML-Export, hochgeladene Referenzdatei",user_upload:quiz-ABU_Smartlearn_1.Teil-top-20260519-0952.html
abu,Allgemeinbildender Unterricht ABU,abu_l10,ABU,L10,"Staat, Rechte und Pflichten: Wahlen, Abstimmungen und Einflussnahme",medium,single_choice,Welche Aussage zeigt ein korrektes Verständnis von Massenmedien?,sie sind nur Gerichte,sie informieren die Öffentlichkeit und beeinflussen Meinungsbildung,sie ersetzen alle Wahlen,sie sind nur Kreditkarten,B,Medien sind wichtig für Demokratie und Kontrolle.,"ABU Smartlearn Quiz 1. Teil, Moodle-XHTML-Export, hochgeladene Referenzdatei",user_upload:quiz-ABU_Smartlearn_1.Teil-top-20260519-0952.html
abu,Allgemeinbildender Unterricht ABU,abu_l10,ABU,L10,"Staat, Rechte und Pflichten: Wahlen, Abstimmungen und Einflussnahme",hard,single_choice,Welche Aussage grenzt Massenmedien am präzisesten von falschen Vorstellungen ab?,sie sind nur Gerichte,sie ersetzen alle Wahlen,sie informieren die Öffentlichkeit und beeinflussen Meinungsbildung,sie sind nur Kreditkarten,C,Medien sind wichtig für Demokratie und Kontrolle.,"ABU Smartlearn Quiz 1. Teil, Moodle-XHTML-Export, hochgeladene Referenzdatei",user_upload:quiz-ABU_Smartlearn_1.Teil-top-20260519-0952.html
abu,Allgemeinbildender Unterricht ABU,abu_l10,ABU,L10,"Staat, Rechte und Pflichten: Wahlen, Abstimmungen und Einflussnahme",easy,single_choice,Welche Kurzdefinition passt zu Massenmedien?,sie sind nur Gerichte,sie ersetzen alle Wahlen,sie sind nur Kreditkarten,sie informieren die Öffentlichkeit und beeinflussen Meinungsbildung,D,Medien sind wichtig für Demokratie und Kontrolle.,"ABU Smartlearn Quiz 1. Teil, Moodle-XHTML-Export, hochgeladene Referenzdatei",user_upload:quiz-ABU_Smartlearn_1.Teil-top-20260519-0952.html
abu,Allgemeinbildender Unterricht ABU,abu_l11,ABU,L11,"Heimat, Migration und gesellschaftliche Orientierung",easy,single_choice,Welche Aussage beschreibt Heimat im ABU am besten?,"sie beschreibt Zugehörigkeit zu Orten, Menschen, Sprache oder Kultur",sie ist nur ein Bankkonto,sie ist immer ein Gesetz,sie ist ein Kreditvertrag,A,Heimat kann persönliche und gesellschaftliche Bedeutung haben.,"ABU Smartlearn Quiz 1. Teil, Moodle-XHTML-Export, hochgeladene Referenzdatei",user_upload:quiz-ABU_Smartlearn_1.Teil-top-20260519-0952.html
abu,Allgemeinbildender Unterricht ABU,abu_l11,ABU,L11,"Heimat, Migration und gesellschaftliche Orientierung",medium,single_choice,Worauf muss man beim Thema Heimat besonders achten?,sie ist nur ein Bankkonto,"sie beschreibt Zugehörigkeit zu Orten, Menschen, Sprache oder Kultur",sie ist immer ein Gesetz,sie ist ein Kreditvertrag,B,Heimat kann persönliche und gesellschaftliche Bedeutung haben.,"ABU Smartlearn Quiz 1. Teil, Moodle-XHTML-Export, hochgeladene Referenzdatei",user_upload:quiz-ABU_Smartlearn_1.Teil-top-20260519-0952.html
abu,Allgemeinbildender Unterricht ABU,abu_l11,ABU,L11,"Heimat, Migration und gesellschaftliche Orientierung",hard,single_choice,Welche Aussage zu Heimat ist fachlich am korrektesten?,sie ist nur ein Bankkonto,sie ist immer ein Gesetz,"sie beschreibt Zugehörigkeit zu Orten, Menschen, Sprache oder Kultur",sie ist ein Kreditvertrag,C,Heimat kann persönliche und gesellschaftliche Bedeutung haben.,"ABU Smartlearn Quiz 1. Teil, Moodle-XHTML-Export, hochgeladene Referenzdatei",user_upload:quiz-ABU_Smartlearn_1.Teil-top-20260519-0952.html
abu,Allgemeinbildender Unterricht ABU,abu_l11,ABU,L11,"Heimat, Migration und gesellschaftliche Orientierung",easy,single_choice,Welche Antwort passt zum Begriff Heimat?,sie ist nur ein Bankkonto,sie ist immer ein Gesetz,sie ist ein Kreditvertrag,"sie beschreibt Zugehörigkeit zu Orten, Menschen, Sprache oder Kultur",D,Heimat kann persönliche und gesellschaftliche Bedeutung haben.,"ABU Smartlearn Quiz 1. Teil, Moodle-XHTML-Export, hochgeladene Referenzdatei",user_upload:quiz-ABU_Smartlearn_1.Teil-top-20260519-0952.html
abu,Allgemeinbildender Unterricht ABU,abu_l11,ABU,L11,"Heimat, Migration und gesellschaftliche Orientierung",medium,single_choice,Welche praktische Bedeutung hat Heimat für Lernende?,"sie beschreibt Zugehörigkeit zu Orten, Menschen, Sprache oder Kultur",sie ist nur ein Bankkonto,sie ist immer ein Gesetz,sie ist ein Kreditvertrag,A,Heimat kann persönliche und gesellschaftliche Bedeutung haben.,"ABU Smartlearn Quiz 1. Teil, Moodle-XHTML-Export, hochgeladene Referenzdatei",user_upload:quiz-ABU_Smartlearn_1.Teil-top-20260519-0952.html
abu,Allgemeinbildender Unterricht ABU,abu_l11,ABU,L11,"Heimat, Migration und gesellschaftliche Orientierung",hard,single_choice,Welche Erklärung zu Heimat ist im gesellschaftlichen und rechtlichen Kontext richtig?,sie ist nur ein Bankkonto,"sie beschreibt Zugehörigkeit zu Orten, Menschen, Sprache oder Kultur",sie ist immer ein Gesetz,sie ist ein Kreditvertrag,B,Heimat kann persönliche und gesellschaftliche Bedeutung haben.,"ABU Smartlearn Quiz 1. Teil, Moodle-XHTML-Export, hochgeladene Referenzdatei",user_upload:quiz-ABU_Smartlearn_1.Teil-top-20260519-0952.html
abu,Allgemeinbildender Unterricht ABU,abu_l11,ABU,L11,"Heimat, Migration und gesellschaftliche Orientierung",easy,single_choice,Was ist bei Heimat grundsätzlich richtig?,sie ist nur ein Bankkonto,sie ist immer ein Gesetz,"sie beschreibt Zugehörigkeit zu Orten, Menschen, Sprache oder Kultur",sie ist ein Kreditvertrag,C,Heimat kann persönliche und gesellschaftliche Bedeutung haben.,"ABU Smartlearn Quiz 1. Teil, Moodle-XHTML-Export, hochgeladene Referenzdatei",user_upload:quiz-ABU_Smartlearn_1.Teil-top-20260519-0952.html
abu,Allgemeinbildender Unterricht ABU,abu_l11,ABU,L11,"Heimat, Migration und gesellschaftliche Orientierung",medium,single_choice,Welche Aussage zeigt ein korrektes Verständnis von Heimat?,sie ist nur ein Bankkonto,sie ist immer ein Gesetz,sie ist ein Kreditvertrag,"sie beschreibt Zugehörigkeit zu Orten, Menschen, Sprache oder Kultur",D,Heimat kann persönliche und gesellschaftliche Bedeutung haben.,"ABU Smartlearn Quiz 1. Teil, Moodle-XHTML-Export, hochgeladene Referenzdatei",user_upload:quiz-ABU_Smartlearn_1.Teil-top-20260519-0952.html
abu,Allgemeinbildender Unterricht ABU,abu_l11,ABU,L11,"Heimat, Migration und gesellschaftliche Orientierung",hard,single_choice,Welche Aussage grenzt Heimat am präzisesten von falschen Vorstellungen ab?,"sie beschreibt Zugehörigkeit zu Orten, Menschen, Sprache oder Kultur",sie ist nur ein Bankkonto,sie ist immer ein Gesetz,sie ist ein Kreditvertrag,A,Heimat kann persönliche und gesellschaftliche Bedeutung haben.,"ABU Smartlearn Quiz 1. Teil, Moodle-XHTML-Export, hochgeladene Referenzdatei",user_upload:quiz-ABU_Smartlearn_1.Teil-top-20260519-0952.html
abu,Allgemeinbildender Unterricht ABU,abu_l11,ABU,L11,"Heimat, Migration und gesellschaftliche Orientierung",easy,single_choice,Welche Kurzdefinition passt zu Heimat?,sie ist nur ein Bankkonto,"sie beschreibt Zugehörigkeit zu Orten, Menschen, Sprache oder Kultur",sie ist immer ein Gesetz,sie ist ein Kreditvertrag,B,Heimat kann persönliche und gesellschaftliche Bedeutung haben.,"ABU Smartlearn Quiz 1. Teil, Moodle-XHTML-Export, hochgeladene Referenzdatei",user_upload:quiz-ABU_Smartlearn_1.Teil-top-20260519-0952.html
abu,Allgemeinbildender Unterricht ABU,abu_l11,ABU,L11,"Heimat, Migration und gesellschaftliche Orientierung",easy,single_choice,Welche Aussage beschreibt Migration im ABU am besten?,Geld wird elektronisch überwiesen,eine Wohnung wird gestrichen,Menschen verlegen ihren Lebensmittelpunkt über Grenzen hinweg,ein Vertrag wird unterschrieben,C,Migration entsteht aus verschiedenen Gründen.,"ABU Smartlearn Quiz 1. Teil, Moodle-XHTML-Export, hochgeladene Referenzdatei",user_upload:quiz-ABU_Smartlearn_1.Teil-top-20260519-0952.html
abu,Allgemeinbildender Unterricht ABU,abu_l11,ABU,L11,"Heimat, Migration und gesellschaftliche Orientierung",medium,single_choice,Worauf muss man beim Thema Migration besonders achten?,Geld wird elektronisch überwiesen,eine Wohnung wird gestrichen,ein Vertrag wird unterschrieben,Menschen verlegen ihren Lebensmittelpunkt über Grenzen hinweg,D,Migration entsteht aus verschiedenen Gründen.,"ABU Smartlearn Quiz 1. Teil, Moodle-XHTML-Export, hochgeladene Referenzdatei",user_upload:quiz-ABU_Smartlearn_1.Teil-top-20260519-0952.html
abu,Allgemeinbildender Unterricht ABU,abu_l11,ABU,L11,"Heimat, Migration und gesellschaftliche Orientierung",hard,single_choice,Welche Aussage zu Migration ist fachlich am korrektesten?,Menschen verlegen ihren Lebensmittelpunkt über Grenzen hinweg,Geld wird elektronisch überwiesen,eine Wohnung wird gestrichen,ein Vertrag wird unterschrieben,A,Migration entsteht aus verschiedenen Gründen.,"ABU Smartlearn Quiz 1. Teil, Moodle-XHTML-Export, hochgeladene Referenzdatei",user_upload:quiz-ABU_Smartlearn_1.Teil-top-20260519-0952.html
abu,Allgemeinbildender Unterricht ABU,abu_l11,ABU,L11,"Heimat, Migration und gesellschaftliche Orientierung",easy,single_choice,Welche Antwort passt zum Begriff Migration?,Geld wird elektronisch überwiesen,Menschen verlegen ihren Lebensmittelpunkt über Grenzen hinweg,eine Wohnung wird gestrichen,ein Vertrag wird unterschrieben,B,Migration entsteht aus verschiedenen Gründen.,"ABU Smartlearn Quiz 1. Teil, Moodle-XHTML-Export, hochgeladene Referenzdatei",user_upload:quiz-ABU_Smartlearn_1.Teil-top-20260519-0952.html
abu,Allgemeinbildender Unterricht ABU,abu_l11,ABU,L11,"Heimat, Migration und gesellschaftliche Orientierung",medium,single_choice,Welche praktische Bedeutung hat Migration für Lernende?,Geld wird elektronisch überwiesen,eine Wohnung wird gestrichen,Menschen verlegen ihren Lebensmittelpunkt über Grenzen hinweg,ein Vertrag wird unterschrieben,C,Migration entsteht aus verschiedenen Gründen.,"ABU Smartlearn Quiz 1. Teil, Moodle-XHTML-Export, hochgeladene Referenzdatei",user_upload:quiz-ABU_Smartlearn_1.Teil-top-20260519-0952.html
abu,Allgemeinbildender Unterricht ABU,abu_l11,ABU,L11,"Heimat, Migration und gesellschaftliche Orientierung",hard,single_choice,Welche Erklärung zu Migration ist im gesellschaftlichen und rechtlichen Kontext richtig?,Geld wird elektronisch überwiesen,eine Wohnung wird gestrichen,ein Vertrag wird unterschrieben,Menschen verlegen ihren Lebensmittelpunkt über Grenzen hinweg,D,Migration entsteht aus verschiedenen Gründen.,"ABU Smartlearn Quiz 1. Teil, Moodle-XHTML-Export, hochgeladene Referenzdatei",user_upload:quiz-ABU_Smartlearn_1.Teil-top-20260519-0952.html
abu,Allgemeinbildender Unterricht ABU,abu_l11,ABU,L11,"Heimat, Migration und gesellschaftliche Orientierung",easy,single_choice,Was ist bei Migration grundsätzlich richtig?,Menschen verlegen ihren Lebensmittelpunkt über Grenzen hinweg,Geld wird elektronisch überwiesen,eine Wohnung wird gestrichen,ein Vertrag wird unterschrieben,A,Migration entsteht aus verschiedenen Gründen.,"ABU Smartlearn Quiz 1. Teil, Moodle-XHTML-Export, hochgeladene Referenzdatei",user_upload:quiz-ABU_Smartlearn_1.Teil-top-20260519-0952.html
abu,Allgemeinbildender Unterricht ABU,abu_l11,ABU,L11,"Heimat, Migration und gesellschaftliche Orientierung",medium,single_choice,Welche Aussage zeigt ein korrektes Verständnis von Migration?,Geld wird elektronisch überwiesen,Menschen verlegen ihren Lebensmittelpunkt über Grenzen hinweg,eine Wohnung wird gestrichen,ein Vertrag wird unterschrieben,B,Migration entsteht aus verschiedenen Gründen.,"ABU Smartlearn Quiz 1. Teil, Moodle-XHTML-Export, hochgeladene Referenzdatei",user_upload:quiz-ABU_Smartlearn_1.Teil-top-20260519-0952.html
abu,Allgemeinbildender Unterricht ABU,abu_l11,ABU,L11,"Heimat, Migration und gesellschaftliche Orientierung",hard,single_choice,Welche Aussage grenzt Migration am präzisesten von falschen Vorstellungen ab?,Geld wird elektronisch überwiesen,eine Wohnung wird gestrichen,Menschen verlegen ihren Lebensmittelpunkt über Grenzen hinweg,ein Vertrag wird unterschrieben,C,Migration entsteht aus verschiedenen Gründen.,"ABU Smartlearn Quiz 1. Teil, Moodle-XHTML-Export, hochgeladene Referenzdatei",user_upload:quiz-ABU_Smartlearn_1.Teil-top-20260519-0952.html
abu,Allgemeinbildender Unterricht ABU,abu_l11,ABU,L11,"Heimat, Migration und gesellschaftliche Orientierung",easy,single_choice,Welche Kurzdefinition passt zu Migration?,Geld wird elektronisch überwiesen,eine Wohnung wird gestrichen,ein Vertrag wird unterschrieben,Menschen verlegen ihren Lebensmittelpunkt über Grenzen hinweg,D,Migration entsteht aus verschiedenen Gründen.,"ABU Smartlearn Quiz 1. Teil, Moodle-XHTML-Export, hochgeladene Referenzdatei",user_upload:quiz-ABU_Smartlearn_1.Teil-top-20260519-0952.html
abu,Allgemeinbildender Unterricht ABU,abu_l11,ABU,L11,"Heimat, Migration und gesellschaftliche Orientierung",easy,single_choice,Welche Aussage beschreibt Push-Faktoren im ABU am besten?,sie drängen Menschen aus einem Herkunftsort weg,sie ziehen Menschen immer an,sie sind nur Mietzinsen,sie sind Wahlzettel,A,"Krieg, Armut oder Perspektivlosigkeit können Push-Faktoren sein.","ABU Smartlearn Quiz 1. Teil, Moodle-XHTML-Export, hochgeladene Referenzdatei",user_upload:quiz-ABU_Smartlearn_1.Teil-top-20260519-0952.html
abu,Allgemeinbildender Unterricht ABU,abu_l11,ABU,L11,"Heimat, Migration und gesellschaftliche Orientierung",medium,single_choice,Worauf muss man beim Thema Push-Faktoren besonders achten?,sie ziehen Menschen immer an,sie drängen Menschen aus einem Herkunftsort weg,sie sind nur Mietzinsen,sie sind Wahlzettel,B,"Krieg, Armut oder Perspektivlosigkeit können Push-Faktoren sein.","ABU Smartlearn Quiz 1. Teil, Moodle-XHTML-Export, hochgeladene Referenzdatei",user_upload:quiz-ABU_Smartlearn_1.Teil-top-20260519-0952.html
abu,Allgemeinbildender Unterricht ABU,abu_l11,ABU,L11,"Heimat, Migration und gesellschaftliche Orientierung",hard,single_choice,Welche Aussage zu Push-Faktoren ist fachlich am korrektesten?,sie ziehen Menschen immer an,sie sind nur Mietzinsen,sie drängen Menschen aus einem Herkunftsort weg,sie sind Wahlzettel,C,"Krieg, Armut oder Perspektivlosigkeit können Push-Faktoren sein.","ABU Smartlearn Quiz 1. Teil, Moodle-XHTML-Export, hochgeladene Referenzdatei",user_upload:quiz-ABU_Smartlearn_1.Teil-top-20260519-0952.html
abu,Allgemeinbildender Unterricht ABU,abu_l11,ABU,L11,"Heimat, Migration und gesellschaftliche Orientierung",easy,single_choice,Welche Antwort passt zum Begriff Push-Faktoren?,sie ziehen Menschen immer an,sie sind nur Mietzinsen,sie sind Wahlzettel,sie drängen Menschen aus einem Herkunftsort weg,D,"Krieg, Armut oder Perspektivlosigkeit können Push-Faktoren sein.","ABU Smartlearn Quiz 1. Teil, Moodle-XHTML-Export, hochgeladene Referenzdatei",user_upload:quiz-ABU_Smartlearn_1.Teil-top-20260519-0952.html
abu,Allgemeinbildender Unterricht ABU,abu_l11,ABU,L11,"Heimat, Migration und gesellschaftliche Orientierung",medium,single_choice,Welche praktische Bedeutung hat Push-Faktoren für Lernende?,sie drängen Menschen aus einem Herkunftsort weg,sie ziehen Menschen immer an,sie sind nur Mietzinsen,sie sind Wahlzettel,A,"Krieg, Armut oder Perspektivlosigkeit können Push-Faktoren sein.","ABU Smartlearn Quiz 1. Teil, Moodle-XHTML-Export, hochgeladene Referenzdatei",user_upload:quiz-ABU_Smartlearn_1.Teil-top-20260519-0952.html
abu,Allgemeinbildender Unterricht ABU,abu_l11,ABU,L11,"Heimat, Migration und gesellschaftliche Orientierung",hard,single_choice,Welche Erklärung zu Push-Faktoren ist im gesellschaftlichen und rechtlichen Kontext richtig?,sie ziehen Menschen immer an,sie drängen Menschen aus einem Herkunftsort weg,sie sind nur Mietzinsen,sie sind Wahlzettel,B,"Krieg, Armut oder Perspektivlosigkeit können Push-Faktoren sein.","ABU Smartlearn Quiz 1. Teil, Moodle-XHTML-Export, hochgeladene Referenzdatei",user_upload:quiz-ABU_Smartlearn_1.Teil-top-20260519-0952.html
abu,Allgemeinbildender Unterricht ABU,abu_l11,ABU,L11,"Heimat, Migration und gesellschaftliche Orientierung",easy,single_choice,Was ist bei Push-Faktoren grundsätzlich richtig?,sie ziehen Menschen immer an,sie sind nur Mietzinsen,sie drängen Menschen aus einem Herkunftsort weg,sie sind Wahlzettel,C,"Krieg, Armut oder Perspektivlosigkeit können Push-Faktoren sein.","ABU Smartlearn Quiz 1. Teil, Moodle-XHTML-Export, hochgeladene Referenzdatei",user_upload:quiz-ABU_Smartlearn_1.Teil-top-20260519-0952.html
abu,Allgemeinbildender Unterricht ABU,abu_l11,ABU,L11,"Heimat, Migration und gesellschaftliche Orientierung",medium,single_choice,Welche Aussage zeigt ein korrektes Verständnis von Push-Faktoren?,sie ziehen Menschen immer an,sie sind nur Mietzinsen,sie sind Wahlzettel,sie drängen Menschen aus einem Herkunftsort weg,D,"Krieg, Armut oder Perspektivlosigkeit können Push-Faktoren sein.","ABU Smartlearn Quiz 1. Teil, Moodle-XHTML-Export, hochgeladene Referenzdatei",user_upload:quiz-ABU_Smartlearn_1.Teil-top-20260519-0952.html
abu,Allgemeinbildender Unterricht ABU,abu_l11,ABU,L11,"Heimat, Migration und gesellschaftliche Orientierung",hard,single_choice,Welche Aussage grenzt Push-Faktoren am präzisesten von falschen Vorstellungen ab?,sie drängen Menschen aus einem Herkunftsort weg,sie ziehen Menschen immer an,sie sind nur Mietzinsen,sie sind Wahlzettel,A,"Krieg, Armut oder Perspektivlosigkeit können Push-Faktoren sein.","ABU Smartlearn Quiz 1. Teil, Moodle-XHTML-Export, hochgeladene Referenzdatei",user_upload:quiz-ABU_Smartlearn_1.Teil-top-20260519-0952.html
abu,Allgemeinbildender Unterricht ABU,abu_l11,ABU,L11,"Heimat, Migration und gesellschaftliche Orientierung",easy,single_choice,Welche Kurzdefinition passt zu Push-Faktoren?,sie ziehen Menschen immer an,sie drängen Menschen aus einem Herkunftsort weg,sie sind nur Mietzinsen,sie sind Wahlzettel,B,"Krieg, Armut oder Perspektivlosigkeit können Push-Faktoren sein.","ABU Smartlearn Quiz 1. Teil, Moodle-XHTML-Export, hochgeladene Referenzdatei",user_upload:quiz-ABU_Smartlearn_1.Teil-top-20260519-0952.html
abu,Allgemeinbildender Unterricht ABU,abu_l11,ABU,L11,"Heimat, Migration und gesellschaftliche Orientierung",easy,single_choice,Welche Aussage beschreibt Pull-Faktoren im ABU am besten?,sie verbieten jede Mobilität,sie sind nur Versicherungsprämien,sie machen ein Zielland oder einen Zielort attraktiv,sie sind Gerichtsurteile,C,Arbeitsmöglichkeiten oder Sicherheit können Pull-Faktoren sein.,"ABU Smartlearn Quiz 1. Teil, Moodle-XHTML-Export, hochgeladene Referenzdatei",user_upload:quiz-ABU_Smartlearn_1.Teil-top-20260519-0952.html
abu,Allgemeinbildender Unterricht ABU,abu_l11,ABU,L11,"Heimat, Migration und gesellschaftliche Orientierung",medium,single_choice,Worauf muss man beim Thema Pull-Faktoren besonders achten?,sie verbieten jede Mobilität,sie sind nur Versicherungsprämien,sie sind Gerichtsurteile,sie machen ein Zielland oder einen Zielort attraktiv,D,Arbeitsmöglichkeiten oder Sicherheit können Pull-Faktoren sein.,"ABU Smartlearn Quiz 1. Teil, Moodle-XHTML-Export, hochgeladene Referenzdatei",user_upload:quiz-ABU_Smartlearn_1.Teil-top-20260519-0952.html
abu,Allgemeinbildender Unterricht ABU,abu_l11,ABU,L11,"Heimat, Migration und gesellschaftliche Orientierung",hard,single_choice,Welche Aussage zu Pull-Faktoren ist fachlich am korrektesten?,sie machen ein Zielland oder einen Zielort attraktiv,sie verbieten jede Mobilität,sie sind nur Versicherungsprämien,sie sind Gerichtsurteile,A,Arbeitsmöglichkeiten oder Sicherheit können Pull-Faktoren sein.,"ABU Smartlearn Quiz 1. Teil, Moodle-XHTML-Export, hochgeladene Referenzdatei",user_upload:quiz-ABU_Smartlearn_1.Teil-top-20260519-0952.html
abu,Allgemeinbildender Unterricht ABU,abu_l11,ABU,L11,"Heimat, Migration und gesellschaftliche Orientierung",easy,single_choice,Welche Antwort passt zum Begriff Pull-Faktoren?,sie verbieten jede Mobilität,sie machen ein Zielland oder einen Zielort attraktiv,sie sind nur Versicherungsprämien,sie sind Gerichtsurteile,B,Arbeitsmöglichkeiten oder Sicherheit können Pull-Faktoren sein.,"ABU Smartlearn Quiz 1. Teil, Moodle-XHTML-Export, hochgeladene Referenzdatei",user_upload:quiz-ABU_Smartlearn_1.Teil-top-20260519-0952.html
abu,Allgemeinbildender Unterricht ABU,abu_l11,ABU,L11,"Heimat, Migration und gesellschaftliche Orientierung",medium,single_choice,Welche praktische Bedeutung hat Pull-Faktoren für Lernende?,sie verbieten jede Mobilität,sie sind nur Versicherungsprämien,sie machen ein Zielland oder einen Zielort attraktiv,sie sind Gerichtsurteile,C,Arbeitsmöglichkeiten oder Sicherheit können Pull-Faktoren sein.,"ABU Smartlearn Quiz 1. Teil, Moodle-XHTML-Export, hochgeladene Referenzdatei",user_upload:quiz-ABU_Smartlearn_1.Teil-top-20260519-0952.html
abu,Allgemeinbildender Unterricht ABU,abu_l11,ABU,L11,"Heimat, Migration und gesellschaftliche Orientierung",hard,single_choice,Welche Erklärung zu Pull-Faktoren ist im gesellschaftlichen und rechtlichen Kontext richtig?,sie verbieten jede Mobilität,sie sind nur Versicherungsprämien,sie sind Gerichtsurteile,sie machen ein Zielland oder einen Zielort attraktiv,D,Arbeitsmöglichkeiten oder Sicherheit können Pull-Faktoren sein.,"ABU Smartlearn Quiz 1. Teil, Moodle-XHTML-Export, hochgeladene Referenzdatei",user_upload:quiz-ABU_Smartlearn_1.Teil-top-20260519-0952.html
abu,Allgemeinbildender Unterricht ABU,abu_l11,ABU,L11,"Heimat, Migration und gesellschaftliche Orientierung",easy,single_choice,Was ist bei Pull-Faktoren grundsätzlich richtig?,sie machen ein Zielland oder einen Zielort attraktiv,sie verbieten jede Mobilität,sie sind nur Versicherungsprämien,sie sind Gerichtsurteile,A,Arbeitsmöglichkeiten oder Sicherheit können Pull-Faktoren sein.,"ABU Smartlearn Quiz 1. Teil, Moodle-XHTML-Export, hochgeladene Referenzdatei",user_upload:quiz-ABU_Smartlearn_1.Teil-top-20260519-0952.html
abu,Allgemeinbildender Unterricht ABU,abu_l11,ABU,L11,"Heimat, Migration und gesellschaftliche Orientierung",medium,single_choice,Welche Aussage zeigt ein korrektes Verständnis von Pull-Faktoren?,sie verbieten jede Mobilität,sie machen ein Zielland oder einen Zielort attraktiv,sie sind nur Versicherungsprämien,sie sind Gerichtsurteile,B,Arbeitsmöglichkeiten oder Sicherheit können Pull-Faktoren sein.,"ABU Smartlearn Quiz 1. Teil, Moodle-XHTML-Export, hochgeladene Referenzdatei",user_upload:quiz-ABU_Smartlearn_1.Teil-top-20260519-0952.html
abu,Allgemeinbildender Unterricht ABU,abu_l11,ABU,L11,"Heimat, Migration und gesellschaftliche Orientierung",hard,single_choice,Welche Aussage grenzt Pull-Faktoren am präzisesten von falschen Vorstellungen ab?,sie verbieten jede Mobilität,sie sind nur Versicherungsprämien,sie machen ein Zielland oder einen Zielort attraktiv,sie sind Gerichtsurteile,C,Arbeitsmöglichkeiten oder Sicherheit können Pull-Faktoren sein.,"ABU Smartlearn Quiz 1. Teil, Moodle-XHTML-Export, hochgeladene Referenzdatei",user_upload:quiz-ABU_Smartlearn_1.Teil-top-20260519-0952.html
abu,Allgemeinbildender Unterricht ABU,abu_l11,ABU,L11,"Heimat, Migration und gesellschaftliche Orientierung",easy,single_choice,Welche Kurzdefinition passt zu Pull-Faktoren?,sie verbieten jede Mobilität,sie sind nur Versicherungsprämien,sie sind Gerichtsurteile,sie machen ein Zielland oder einen Zielort attraktiv,D,Arbeitsmöglichkeiten oder Sicherheit können Pull-Faktoren sein.,"ABU Smartlearn Quiz 1. Teil, Moodle-XHTML-Export, hochgeladene Referenzdatei",user_upload:quiz-ABU_Smartlearn_1.Teil-top-20260519-0952.html
abu,Allgemeinbildender Unterricht ABU,abu_l11,ABU,L11,"Heimat, Migration und gesellschaftliche Orientierung",easy,single_choice,Welche Aussage beschreibt Integration im ABU am besten?,Menschen nehmen am gesellschaftlichen Leben teil und respektieren Regeln,alle bleiben vollständig isoliert,Gesetze werden ignoriert,Dialog ist verboten,A,Integration ist ein gegenseitiger gesellschaftlicher Prozess.,"ABU Smartlearn Quiz 1. Teil, Moodle-XHTML-Export, hochgeladene Referenzdatei",user_upload:quiz-ABU_Smartlearn_1.Teil-top-20260519-0952.html
abu,Allgemeinbildender Unterricht ABU,abu_l11,ABU,L11,"Heimat, Migration und gesellschaftliche Orientierung",medium,single_choice,Worauf muss man beim Thema Integration besonders achten?,alle bleiben vollständig isoliert,Menschen nehmen am gesellschaftlichen Leben teil und respektieren Regeln,Gesetze werden ignoriert,Dialog ist verboten,B,Integration ist ein gegenseitiger gesellschaftlicher Prozess.,"ABU Smartlearn Quiz 1. Teil, Moodle-XHTML-Export, hochgeladene Referenzdatei",user_upload:quiz-ABU_Smartlearn_1.Teil-top-20260519-0952.html
abu,Allgemeinbildender Unterricht ABU,abu_l11,ABU,L11,"Heimat, Migration und gesellschaftliche Orientierung",hard,single_choice,Welche Aussage zu Integration ist fachlich am korrektesten?,alle bleiben vollständig isoliert,Gesetze werden ignoriert,Menschen nehmen am gesellschaftlichen Leben teil und respektieren Regeln,Dialog ist verboten,C,Integration ist ein gegenseitiger gesellschaftlicher Prozess.,"ABU Smartlearn Quiz 1. Teil, Moodle-XHTML-Export, hochgeladene Referenzdatei",user_upload:quiz-ABU_Smartlearn_1.Teil-top-20260519-0952.html
abu,Allgemeinbildender Unterricht ABU,abu_l11,ABU,L11,"Heimat, Migration und gesellschaftliche Orientierung",easy,single_choice,Welche Antwort passt zum Begriff Integration?,alle bleiben vollständig isoliert,Gesetze werden ignoriert,Dialog ist verboten,Menschen nehmen am gesellschaftlichen Leben teil und respektieren Regeln,D,Integration ist ein gegenseitiger gesellschaftlicher Prozess.,"ABU Smartlearn Quiz 1. Teil, Moodle-XHTML-Export, hochgeladene Referenzdatei",user_upload:quiz-ABU_Smartlearn_1.Teil-top-20260519-0952.html
abu,Allgemeinbildender Unterricht ABU,abu_l11,ABU,L11,"Heimat, Migration und gesellschaftliche Orientierung",medium,single_choice,Welche praktische Bedeutung hat Integration für Lernende?,Menschen nehmen am gesellschaftlichen Leben teil und respektieren Regeln,alle bleiben vollständig isoliert,Gesetze werden ignoriert,Dialog ist verboten,A,Integration ist ein gegenseitiger gesellschaftlicher Prozess.,"ABU Smartlearn Quiz 1. Teil, Moodle-XHTML-Export, hochgeladene Referenzdatei",user_upload:quiz-ABU_Smartlearn_1.Teil-top-20260519-0952.html
abu,Allgemeinbildender Unterricht ABU,abu_l11,ABU,L11,"Heimat, Migration und gesellschaftliche Orientierung",hard,single_choice,Welche Erklärung zu Integration ist im gesellschaftlichen und rechtlichen Kontext richtig?,alle bleiben vollständig isoliert,Menschen nehmen am gesellschaftlichen Leben teil und respektieren Regeln,Gesetze werden ignoriert,Dialog ist verboten,B,Integration ist ein gegenseitiger gesellschaftlicher Prozess.,"ABU Smartlearn Quiz 1. Teil, Moodle-XHTML-Export, hochgeladene Referenzdatei",user_upload:quiz-ABU_Smartlearn_1.Teil-top-20260519-0952.html
abu,Allgemeinbildender Unterricht ABU,abu_l11,ABU,L11,"Heimat, Migration und gesellschaftliche Orientierung",easy,single_choice,Was ist bei Integration grundsätzlich richtig?,alle bleiben vollständig isoliert,Gesetze werden ignoriert,Menschen nehmen am gesellschaftlichen Leben teil und respektieren Regeln,Dialog ist verboten,C,Integration ist ein gegenseitiger gesellschaftlicher Prozess.,"ABU Smartlearn Quiz 1. Teil, Moodle-XHTML-Export, hochgeladene Referenzdatei",user_upload:quiz-ABU_Smartlearn_1.Teil-top-20260519-0952.html
abu,Allgemeinbildender Unterricht ABU,abu_l11,ABU,L11,"Heimat, Migration und gesellschaftliche Orientierung",medium,single_choice,Welche Aussage zeigt ein korrektes Verständnis von Integration?,alle bleiben vollständig isoliert,Gesetze werden ignoriert,Dialog ist verboten,Menschen nehmen am gesellschaftlichen Leben teil und respektieren Regeln,D,Integration ist ein gegenseitiger gesellschaftlicher Prozess.,"ABU Smartlearn Quiz 1. Teil, Moodle-XHTML-Export, hochgeladene Referenzdatei",user_upload:quiz-ABU_Smartlearn_1.Teil-top-20260519-0952.html
abu,Allgemeinbildender Unterricht ABU,abu_l11,ABU,L11,"Heimat, Migration und gesellschaftliche Orientierung",hard,single_choice,Welche Aussage grenzt Integration am präzisesten von falschen Vorstellungen ab?,Menschen nehmen am gesellschaftlichen Leben teil und respektieren Regeln,alle bleiben vollständig isoliert,Gesetze werden ignoriert,Dialog ist verboten,A,Integration ist ein gegenseitiger gesellschaftlicher Prozess.,"ABU Smartlearn Quiz 1. Teil, Moodle-XHTML-Export, hochgeladene Referenzdatei",user_upload:quiz-ABU_Smartlearn_1.Teil-top-20260519-0952.html
abu,Allgemeinbildender Unterricht ABU,abu_l11,ABU,L11,"Heimat, Migration und gesellschaftliche Orientierung",easy,single_choice,Welche Kurzdefinition passt zu Integration?,alle bleiben vollständig isoliert,Menschen nehmen am gesellschaftlichen Leben teil und respektieren Regeln,Gesetze werden ignoriert,Dialog ist verboten,B,Integration ist ein gegenseitiger gesellschaftlicher Prozess.,"ABU Smartlearn Quiz 1. Teil, Moodle-XHTML-Export, hochgeladene Referenzdatei",user_upload:quiz-ABU_Smartlearn_1.Teil-top-20260519-0952.html
abu,Allgemeinbildender Unterricht ABU,abu_l11,ABU,L11,"Heimat, Migration und gesellschaftliche Orientierung",easy,single_choice,Welche Aussage beschreibt Neutralität im ABU am besten?,sie ist ein Bankzins,sie ist ein Mietvertrag,ein Staat beteiligt sich nicht an bestimmten militärischen Konflikten,sie ist eine Scheidung,C,Neutralität ist ein wichtiges Thema der Schweizer Aussenpolitik.,"ABU Smartlearn Quiz 1. Teil, Moodle-XHTML-Export, hochgeladene Referenzdatei",user_upload:quiz-ABU_Smartlearn_1.Teil-top-20260519-0952.html
abu,Allgemeinbildender Unterricht ABU,abu_l11,ABU,L11,"Heimat, Migration und gesellschaftliche Orientierung",medium,single_choice,Worauf muss man beim Thema Neutralität besonders achten?,sie ist ein Bankzins,sie ist ein Mietvertrag,sie ist eine Scheidung,ein Staat beteiligt sich nicht an bestimmten militärischen Konflikten,D,Neutralität ist ein wichtiges Thema der Schweizer Aussenpolitik.,"ABU Smartlearn Quiz 1. Teil, Moodle-XHTML-Export, hochgeladene Referenzdatei",user_upload:quiz-ABU_Smartlearn_1.Teil-top-20260519-0952.html
abu,Allgemeinbildender Unterricht ABU,abu_l11,ABU,L11,"Heimat, Migration und gesellschaftliche Orientierung",hard,single_choice,Welche Aussage zu Neutralität ist fachlich am korrektesten?,ein Staat beteiligt sich nicht an bestimmten militärischen Konflikten,sie ist ein Bankzins,sie ist ein Mietvertrag,sie ist eine Scheidung,A,Neutralität ist ein wichtiges Thema der Schweizer Aussenpolitik.,"ABU Smartlearn Quiz 1. Teil, Moodle-XHTML-Export, hochgeladene Referenzdatei",user_upload:quiz-ABU_Smartlearn_1.Teil-top-20260519-0952.html
abu,Allgemeinbildender Unterricht ABU,abu_l11,ABU,L11,"Heimat, Migration und gesellschaftliche Orientierung",easy,single_choice,Welche Antwort passt zum Begriff Neutralität?,sie ist ein Bankzins,ein Staat beteiligt sich nicht an bestimmten militärischen Konflikten,sie ist ein Mietvertrag,sie ist eine Scheidung,B,Neutralität ist ein wichtiges Thema der Schweizer Aussenpolitik.,"ABU Smartlearn Quiz 1. Teil, Moodle-XHTML-Export, hochgeladene Referenzdatei",user_upload:quiz-ABU_Smartlearn_1.Teil-top-20260519-0952.html
abu,Allgemeinbildender Unterricht ABU,abu_l11,ABU,L11,"Heimat, Migration und gesellschaftliche Orientierung",medium,single_choice,Welche praktische Bedeutung hat Neutralität für Lernende?,sie ist ein Bankzins,sie ist ein Mietvertrag,ein Staat beteiligt sich nicht an bestimmten militärischen Konflikten,sie ist eine Scheidung,C,Neutralität ist ein wichtiges Thema der Schweizer Aussenpolitik.,"ABU Smartlearn Quiz 1. Teil, Moodle-XHTML-Export, hochgeladene Referenzdatei",user_upload:quiz-ABU_Smartlearn_1.Teil-top-20260519-0952.html
abu,Allgemeinbildender Unterricht ABU,abu_l11,ABU,L11,"Heimat, Migration und gesellschaftliche Orientierung",hard,single_choice,Welche Erklärung zu Neutralität ist im gesellschaftlichen und rechtlichen Kontext richtig?,sie ist ein Bankzins,sie ist ein Mietvertrag,sie ist eine Scheidung,ein Staat beteiligt sich nicht an bestimmten militärischen Konflikten,D,Neutralität ist ein wichtiges Thema der Schweizer Aussenpolitik.,"ABU Smartlearn Quiz 1. Teil, Moodle-XHTML-Export, hochgeladene Referenzdatei",user_upload:quiz-ABU_Smartlearn_1.Teil-top-20260519-0952.html
abu,Allgemeinbildender Unterricht ABU,abu_l11,ABU,L11,"Heimat, Migration und gesellschaftliche Orientierung",easy,single_choice,Was ist bei Neutralität grundsätzlich richtig?,ein Staat beteiligt sich nicht an bestimmten militärischen Konflikten,sie ist ein Bankzins,sie ist ein Mietvertrag,sie ist eine Scheidung,A,Neutralität ist ein wichtiges Thema der Schweizer Aussenpolitik.,"ABU Smartlearn Quiz 1. Teil, Moodle-XHTML-Export, hochgeladene Referenzdatei",user_upload:quiz-ABU_Smartlearn_1.Teil-top-20260519-0952.html
abu,Allgemeinbildender Unterricht ABU,abu_l11,ABU,L11,"Heimat, Migration und gesellschaftliche Orientierung",medium,single_choice,Welche Aussage zeigt ein korrektes Verständnis von Neutralität?,sie ist ein Bankzins,ein Staat beteiligt sich nicht an bestimmten militärischen Konflikten,sie ist ein Mietvertrag,sie ist eine Scheidung,B,Neutralität ist ein wichtiges Thema der Schweizer Aussenpolitik.,"ABU Smartlearn Quiz 1. Teil, Moodle-XHTML-Export, hochgeladene Referenzdatei",user_upload:quiz-ABU_Smartlearn_1.Teil-top-20260519-0952.html
abu,Allgemeinbildender Unterricht ABU,abu_l11,ABU,L11,"Heimat, Migration und gesellschaftliche Orientierung",hard,single_choice,Welche Aussage grenzt Neutralität am präzisesten von falschen Vorstellungen ab?,sie ist ein Bankzins,sie ist ein Mietvertrag,ein Staat beteiligt sich nicht an bestimmten militärischen Konflikten,sie ist eine Scheidung,C,Neutralität ist ein wichtiges Thema der Schweizer Aussenpolitik.,"ABU Smartlearn Quiz 1. Teil, Moodle-XHTML-Export, hochgeladene Referenzdatei",user_upload:quiz-ABU_Smartlearn_1.Teil-top-20260519-0952.html
abu,Allgemeinbildender Unterricht ABU,abu_l11,ABU,L11,"Heimat, Migration und gesellschaftliche Orientierung",easy,single_choice,Welche Kurzdefinition passt zu Neutralität?,sie ist ein Bankzins,sie ist ein Mietvertrag,sie ist eine Scheidung,ein Staat beteiligt sich nicht an bestimmten militärischen Konflikten,D,Neutralität ist ein wichtiges Thema der Schweizer Aussenpolitik.,"ABU Smartlearn Quiz 1. Teil, Moodle-XHTML-Export, hochgeladene Referenzdatei",user_upload:quiz-ABU_Smartlearn_1.Teil-top-20260519-0952.html
abu,Allgemeinbildender Unterricht ABU,abu_l11,ABU,L11,"Heimat, Migration und gesellschaftliche Orientierung",easy,single_choice,Welche Aussage beschreibt Einbürgerung im ABU am besten?,eine Person erhält die Staatsbürgerschaft nach geregeltem Verfahren,sie ist ein Konsumkredit,sie ist automatisch bei jedem Kauf,sie ersetzt die Krankenversicherung,A,Einbürgerung ist rechtlich geregelt.,"ABU Smartlearn Quiz 1. Teil, Moodle-XHTML-Export, hochgeladene Referenzdatei",user_upload:quiz-ABU_Smartlearn_1.Teil-top-20260519-0952.html
abu,Allgemeinbildender Unterricht ABU,abu_l11,ABU,L11,"Heimat, Migration und gesellschaftliche Orientierung",medium,single_choice,Worauf muss man beim Thema Einbürgerung besonders achten?,sie ist ein Konsumkredit,eine Person erhält die Staatsbürgerschaft nach geregeltem Verfahren,sie ist automatisch bei jedem Kauf,sie ersetzt die Krankenversicherung,B,Einbürgerung ist rechtlich geregelt.,"ABU Smartlearn Quiz 1. Teil, Moodle-XHTML-Export, hochgeladene Referenzdatei",user_upload:quiz-ABU_Smartlearn_1.Teil-top-20260519-0952.html
abu,Allgemeinbildender Unterricht ABU,abu_l11,ABU,L11,"Heimat, Migration und gesellschaftliche Orientierung",hard,single_choice,Welche Aussage zu Einbürgerung ist fachlich am korrektesten?,sie ist ein Konsumkredit,sie ist automatisch bei jedem Kauf,eine Person erhält die Staatsbürgerschaft nach geregeltem Verfahren,sie ersetzt die Krankenversicherung,C,Einbürgerung ist rechtlich geregelt.,"ABU Smartlearn Quiz 1. Teil, Moodle-XHTML-Export, hochgeladene Referenzdatei",user_upload:quiz-ABU_Smartlearn_1.Teil-top-20260519-0952.html
abu,Allgemeinbildender Unterricht ABU,abu_l11,ABU,L11,"Heimat, Migration und gesellschaftliche Orientierung",easy,single_choice,Welche Antwort passt zum Begriff Einbürgerung?,sie ist ein Konsumkredit,sie ist automatisch bei jedem Kauf,sie ersetzt die Krankenversicherung,eine Person erhält die Staatsbürgerschaft nach geregeltem Verfahren,D,Einbürgerung ist rechtlich geregelt.,"ABU Smartlearn Quiz 1. Teil, Moodle-XHTML-Export, hochgeladene Referenzdatei",user_upload:quiz-ABU_Smartlearn_1.Teil-top-20260519-0952.html
abu,Allgemeinbildender Unterricht ABU,abu_l11,ABU,L11,"Heimat, Migration und gesellschaftliche Orientierung",medium,single_choice,Welche praktische Bedeutung hat Einbürgerung für Lernende?,eine Person erhält die Staatsbürgerschaft nach geregeltem Verfahren,sie ist ein Konsumkredit,sie ist automatisch bei jedem Kauf,sie ersetzt die Krankenversicherung,A,Einbürgerung ist rechtlich geregelt.,"ABU Smartlearn Quiz 1. Teil, Moodle-XHTML-Export, hochgeladene Referenzdatei",user_upload:quiz-ABU_Smartlearn_1.Teil-top-20260519-0952.html
abu,Allgemeinbildender Unterricht ABU,abu_l11,ABU,L11,"Heimat, Migration und gesellschaftliche Orientierung",hard,single_choice,Welche Erklärung zu Einbürgerung ist im gesellschaftlichen und rechtlichen Kontext richtig?,sie ist ein Konsumkredit,eine Person erhält die Staatsbürgerschaft nach geregeltem Verfahren,sie ist automatisch bei jedem Kauf,sie ersetzt die Krankenversicherung,B,Einbürgerung ist rechtlich geregelt.,"ABU Smartlearn Quiz 1. Teil, Moodle-XHTML-Export, hochgeladene Referenzdatei",user_upload:quiz-ABU_Smartlearn_1.Teil-top-20260519-0952.html
abu,Allgemeinbildender Unterricht ABU,abu_l11,ABU,L11,"Heimat, Migration und gesellschaftliche Orientierung",easy,single_choice,Was ist bei Einbürgerung grundsätzlich richtig?,sie ist ein Konsumkredit,sie ist automatisch bei jedem Kauf,eine Person erhält die Staatsbürgerschaft nach geregeltem Verfahren,sie ersetzt die Krankenversicherung,C,Einbürgerung ist rechtlich geregelt.,"ABU Smartlearn Quiz 1. Teil, Moodle-XHTML-Export, hochgeladene Referenzdatei",user_upload:quiz-ABU_Smartlearn_1.Teil-top-20260519-0952.html
abu,Allgemeinbildender Unterricht ABU,abu_l11,ABU,L11,"Heimat, Migration und gesellschaftliche Orientierung",medium,single_choice,Welche Aussage zeigt ein korrektes Verständnis von Einbürgerung?,sie ist ein Konsumkredit,sie ist automatisch bei jedem Kauf,sie ersetzt die Krankenversicherung,eine Person erhält die Staatsbürgerschaft nach geregeltem Verfahren,D,Einbürgerung ist rechtlich geregelt.,"ABU Smartlearn Quiz 1. Teil, Moodle-XHTML-Export, hochgeladene Referenzdatei",user_upload:quiz-ABU_Smartlearn_1.Teil-top-20260519-0952.html
abu,Allgemeinbildender Unterricht ABU,abu_l11,ABU,L11,"Heimat, Migration und gesellschaftliche Orientierung",hard,single_choice,Welche Aussage grenzt Einbürgerung am präzisesten von falschen Vorstellungen ab?,eine Person erhält die Staatsbürgerschaft nach geregeltem Verfahren,sie ist ein Konsumkredit,sie ist automatisch bei jedem Kauf,sie ersetzt die Krankenversicherung,A,Einbürgerung ist rechtlich geregelt.,"ABU Smartlearn Quiz 1. Teil, Moodle-XHTML-Export, hochgeladene Referenzdatei",user_upload:quiz-ABU_Smartlearn_1.Teil-top-20260519-0952.html
abu,Allgemeinbildender Unterricht ABU,abu_l11,ABU,L11,"Heimat, Migration und gesellschaftliche Orientierung",easy,single_choice,Welche Kurzdefinition passt zu Einbürgerung?,sie ist ein Konsumkredit,eine Person erhält die Staatsbürgerschaft nach geregeltem Verfahren,sie ist automatisch bei jedem Kauf,sie ersetzt die Krankenversicherung,B,Einbürgerung ist rechtlich geregelt.,"ABU Smartlearn Quiz 1. Teil, Moodle-XHTML-Export, hochgeladene Referenzdatei",user_upload:quiz-ABU_Smartlearn_1.Teil-top-20260519-0952.html
abu,Allgemeinbildender Unterricht ABU,abu_l11,ABU,L11,"Heimat, Migration und gesellschaftliche Orientierung",easy,single_choice,Welche Aussage beschreibt Moral im ABU am besten?,sie ist ein Mietformular,sie ist ein Bankautomat,sie beschreibt Vorstellungen von richtigem und falschem Handeln,sie ist ein Kaufpreis,C,Moral beeinflusst Entscheidungen und Zusammenleben.,"ABU Smartlearn Quiz 1. Teil, Moodle-XHTML-Export, hochgeladene Referenzdatei",user_upload:quiz-ABU_Smartlearn_1.Teil-top-20260519-0952.html
abu,Allgemeinbildender Unterricht ABU,abu_l11,ABU,L11,"Heimat, Migration und gesellschaftliche Orientierung",medium,single_choice,Worauf muss man beim Thema Moral besonders achten?,sie ist ein Mietformular,sie ist ein Bankautomat,sie ist ein Kaufpreis,sie beschreibt Vorstellungen von richtigem und falschem Handeln,D,Moral beeinflusst Entscheidungen und Zusammenleben.,"ABU Smartlearn Quiz 1. Teil, Moodle-XHTML-Export, hochgeladene Referenzdatei",user_upload:quiz-ABU_Smartlearn_1.Teil-top-20260519-0952.html
abu,Allgemeinbildender Unterricht ABU,abu_l11,ABU,L11,"Heimat, Migration und gesellschaftliche Orientierung",hard,single_choice,Welche Aussage zu Moral ist fachlich am korrektesten?,sie beschreibt Vorstellungen von richtigem und falschem Handeln,sie ist ein Mietformular,sie ist ein Bankautomat,sie ist ein Kaufpreis,A,Moral beeinflusst Entscheidungen und Zusammenleben.,"ABU Smartlearn Quiz 1. Teil, Moodle-XHTML-Export, hochgeladene Referenzdatei",user_upload:quiz-ABU_Smartlearn_1.Teil-top-20260519-0952.html
abu,Allgemeinbildender Unterricht ABU,abu_l11,ABU,L11,"Heimat, Migration und gesellschaftliche Orientierung",easy,single_choice,Welche Antwort passt zum Begriff Moral?,sie ist ein Mietformular,sie beschreibt Vorstellungen von richtigem und falschem Handeln,sie ist ein Bankautomat,sie ist ein Kaufpreis,B,Moral beeinflusst Entscheidungen und Zusammenleben.,"ABU Smartlearn Quiz 1. Teil, Moodle-XHTML-Export, hochgeladene Referenzdatei",user_upload:quiz-ABU_Smartlearn_1.Teil-top-20260519-0952.html
abu,Allgemeinbildender Unterricht ABU,abu_l11,ABU,L11,"Heimat, Migration und gesellschaftliche Orientierung",medium,single_choice,Welche praktische Bedeutung hat Moral für Lernende?,sie ist ein Mietformular,sie ist ein Bankautomat,sie beschreibt Vorstellungen von richtigem und falschem Handeln,sie ist ein Kaufpreis,C,Moral beeinflusst Entscheidungen und Zusammenleben.,"ABU Smartlearn Quiz 1. Teil, Moodle-XHTML-Export, hochgeladene Referenzdatei",user_upload:quiz-ABU_Smartlearn_1.Teil-top-20260519-0952.html
abu,Allgemeinbildender Unterricht ABU,abu_l11,ABU,L11,"Heimat, Migration und gesellschaftliche Orientierung",hard,single_choice,Welche Erklärung zu Moral ist im gesellschaftlichen und rechtlichen Kontext richtig?,sie ist ein Mietformular,sie ist ein Bankautomat,sie ist ein Kaufpreis,sie beschreibt Vorstellungen von richtigem und falschem Handeln,D,Moral beeinflusst Entscheidungen und Zusammenleben.,"ABU Smartlearn Quiz 1. Teil, Moodle-XHTML-Export, hochgeladene Referenzdatei",user_upload:quiz-ABU_Smartlearn_1.Teil-top-20260519-0952.html
abu,Allgemeinbildender Unterricht ABU,abu_l11,ABU,L11,"Heimat, Migration und gesellschaftliche Orientierung",easy,single_choice,Was ist bei Moral grundsätzlich richtig?,sie beschreibt Vorstellungen von richtigem und falschem Handeln,sie ist ein Mietformular,sie ist ein Bankautomat,sie ist ein Kaufpreis,A,Moral beeinflusst Entscheidungen und Zusammenleben.,"ABU Smartlearn Quiz 1. Teil, Moodle-XHTML-Export, hochgeladene Referenzdatei",user_upload:quiz-ABU_Smartlearn_1.Teil-top-20260519-0952.html
abu,Allgemeinbildender Unterricht ABU,abu_l11,ABU,L11,"Heimat, Migration und gesellschaftliche Orientierung",medium,single_choice,Welche Aussage zeigt ein korrektes Verständnis von Moral?,sie ist ein Mietformular,sie beschreibt Vorstellungen von richtigem und falschem Handeln,sie ist ein Bankautomat,sie ist ein Kaufpreis,B,Moral beeinflusst Entscheidungen und Zusammenleben.,"ABU Smartlearn Quiz 1. Teil, Moodle-XHTML-Export, hochgeladene Referenzdatei",user_upload:quiz-ABU_Smartlearn_1.Teil-top-20260519-0952.html
abu,Allgemeinbildender Unterricht ABU,abu_l11,ABU,L11,"Heimat, Migration und gesellschaftliche Orientierung",hard,single_choice,Welche Aussage grenzt Moral am präzisesten von falschen Vorstellungen ab?,sie ist ein Mietformular,sie ist ein Bankautomat,sie beschreibt Vorstellungen von richtigem und falschem Handeln,sie ist ein Kaufpreis,C,Moral beeinflusst Entscheidungen und Zusammenleben.,"ABU Smartlearn Quiz 1. Teil, Moodle-XHTML-Export, hochgeladene Referenzdatei",user_upload:quiz-ABU_Smartlearn_1.Teil-top-20260519-0952.html
abu,Allgemeinbildender Unterricht ABU,abu_l11,ABU,L11,"Heimat, Migration und gesellschaftliche Orientierung",easy,single_choice,Welche Kurzdefinition passt zu Moral?,sie ist ein Mietformular,sie ist ein Bankautomat,sie ist ein Kaufpreis,sie beschreibt Vorstellungen von richtigem und falschem Handeln,D,Moral beeinflusst Entscheidungen und Zusammenleben.,"ABU Smartlearn Quiz 1. Teil, Moodle-XHTML-Export, hochgeladene Referenzdatei",user_upload:quiz-ABU_Smartlearn_1.Teil-top-20260519-0952.html
abu,Allgemeinbildender Unterricht ABU,abu_l11,ABU,L11,"Heimat, Migration und gesellschaftliche Orientierung",easy,single_choice,Welche Aussage beschreibt Ethik im ABU am besten?,sie reflektiert moralische Fragen systematisch,sie ist nur ein Kassenzettel,sie ist eine Steuerart,sie ist eine Versicherung,A,"Ethik hilft, Werte und Begründungen zu prüfen.","ABU Smartlearn Quiz 1. Teil, Moodle-XHTML-Export, hochgeladene Referenzdatei",user_upload:quiz-ABU_Smartlearn_1.Teil-top-20260519-0952.html
abu,Allgemeinbildender Unterricht ABU,abu_l11,ABU,L11,"Heimat, Migration und gesellschaftliche Orientierung",medium,single_choice,Worauf muss man beim Thema Ethik besonders achten?,sie ist nur ein Kassenzettel,sie reflektiert moralische Fragen systematisch,sie ist eine Steuerart,sie ist eine Versicherung,B,"Ethik hilft, Werte und Begründungen zu prüfen.","ABU Smartlearn Quiz 1. Teil, Moodle-XHTML-Export, hochgeladene Referenzdatei",user_upload:quiz-ABU_Smartlearn_1.Teil-top-20260519-0952.html
abu,Allgemeinbildender Unterricht ABU,abu_l11,ABU,L11,"Heimat, Migration und gesellschaftliche Orientierung",hard,single_choice,Welche Aussage zu Ethik ist fachlich am korrektesten?,sie ist nur ein Kassenzettel,sie ist eine Steuerart,sie reflektiert moralische Fragen systematisch,sie ist eine Versicherung,C,"Ethik hilft, Werte und Begründungen zu prüfen.","ABU Smartlearn Quiz 1. Teil, Moodle-XHTML-Export, hochgeladene Referenzdatei",user_upload:quiz-ABU_Smartlearn_1.Teil-top-20260519-0952.html
abu,Allgemeinbildender Unterricht ABU,abu_l11,ABU,L11,"Heimat, Migration und gesellschaftliche Orientierung",easy,single_choice,Welche Antwort passt zum Begriff Ethik?,sie ist nur ein Kassenzettel,sie ist eine Steuerart,sie ist eine Versicherung,sie reflektiert moralische Fragen systematisch,D,"Ethik hilft, Werte und Begründungen zu prüfen.","ABU Smartlearn Quiz 1. Teil, Moodle-XHTML-Export, hochgeladene Referenzdatei",user_upload:quiz-ABU_Smartlearn_1.Teil-top-20260519-0952.html
abu,Allgemeinbildender Unterricht ABU,abu_l11,ABU,L11,"Heimat, Migration und gesellschaftliche Orientierung",medium,single_choice,Welche praktische Bedeutung hat Ethik für Lernende?,sie reflektiert moralische Fragen systematisch,sie ist nur ein Kassenzettel,sie ist eine Steuerart,sie ist eine Versicherung,A,"Ethik hilft, Werte und Begründungen zu prüfen.","ABU Smartlearn Quiz 1. Teil, Moodle-XHTML-Export, hochgeladene Referenzdatei",user_upload:quiz-ABU_Smartlearn_1.Teil-top-20260519-0952.html
abu,Allgemeinbildender Unterricht ABU,abu_l11,ABU,L11,"Heimat, Migration und gesellschaftliche Orientierung",hard,single_choice,Welche Erklärung zu Ethik ist im gesellschaftlichen und rechtlichen Kontext richtig?,sie ist nur ein Kassenzettel,sie reflektiert moralische Fragen systematisch,sie ist eine Steuerart,sie ist eine Versicherung,B,"Ethik hilft, Werte und Begründungen zu prüfen.","ABU Smartlearn Quiz 1. Teil, Moodle-XHTML-Export, hochgeladene Referenzdatei",user_upload:quiz-ABU_Smartlearn_1.Teil-top-20260519-0952.html
abu,Allgemeinbildender Unterricht ABU,abu_l11,ABU,L11,"Heimat, Migration und gesellschaftliche Orientierung",easy,single_choice,Was ist bei Ethik grundsätzlich richtig?,sie ist nur ein Kassenzettel,sie ist eine Steuerart,sie reflektiert moralische Fragen systematisch,sie ist eine Versicherung,C,"Ethik hilft, Werte und Begründungen zu prüfen.","ABU Smartlearn Quiz 1. Teil, Moodle-XHTML-Export, hochgeladene Referenzdatei",user_upload:quiz-ABU_Smartlearn_1.Teil-top-20260519-0952.html
abu,Allgemeinbildender Unterricht ABU,abu_l11,ABU,L11,"Heimat, Migration und gesellschaftliche Orientierung",medium,single_choice,Welche Aussage zeigt ein korrektes Verständnis von Ethik?,sie ist nur ein Kassenzettel,sie ist eine Steuerart,sie ist eine Versicherung,sie reflektiert moralische Fragen systematisch,D,"Ethik hilft, Werte und Begründungen zu prüfen.","ABU Smartlearn Quiz 1. Teil, Moodle-XHTML-Export, hochgeladene Referenzdatei",user_upload:quiz-ABU_Smartlearn_1.Teil-top-20260519-0952.html
abu,Allgemeinbildender Unterricht ABU,abu_l11,ABU,L11,"Heimat, Migration und gesellschaftliche Orientierung",hard,single_choice,Welche Aussage grenzt Ethik am präzisesten von falschen Vorstellungen ab?,sie reflektiert moralische Fragen systematisch,sie ist nur ein Kassenzettel,sie ist eine Steuerart,sie ist eine Versicherung,A,"Ethik hilft, Werte und Begründungen zu prüfen.","ABU Smartlearn Quiz 1. Teil, Moodle-XHTML-Export, hochgeladene Referenzdatei",user_upload:quiz-ABU_Smartlearn_1.Teil-top-20260519-0952.html
abu,Allgemeinbildender Unterricht ABU,abu_l11,ABU,L11,"Heimat, Migration und gesellschaftliche Orientierung",easy,single_choice,Welche Kurzdefinition passt zu Ethik?,sie ist nur ein Kassenzettel,sie reflektiert moralische Fragen systematisch,sie ist eine Steuerart,sie ist eine Versicherung,B,"Ethik hilft, Werte und Begründungen zu prüfen.","ABU Smartlearn Quiz 1. Teil, Moodle-XHTML-Export, hochgeladene Referenzdatei",user_upload:quiz-ABU_Smartlearn_1.Teil-top-20260519-0952.html
abu,Allgemeinbildender Unterricht ABU,abu_l11,ABU,L11,"Heimat, Migration und gesellschaftliche Orientierung",easy,single_choice,Welche Aussage beschreibt Manipulation im ABU am besten?,alle Informationen sind neutral,nur Mietverträge sind betroffen,"Informationen werden gezielt verzerrt, um Meinungen zu steuern",sie ist eine Lohnform,C,Medienkompetenz hilft Manipulation zu erkennen.,"ABU Smartlearn Quiz 1. Teil, Moodle-XHTML-Export, hochgeladene Referenzdatei",user_upload:quiz-ABU_Smartlearn_1.Teil-top-20260519-0952.html
abu,Allgemeinbildender Unterricht ABU,abu_l11,ABU,L11,"Heimat, Migration und gesellschaftliche Orientierung",medium,single_choice,Worauf muss man beim Thema Manipulation besonders achten?,alle Informationen sind neutral,nur Mietverträge sind betroffen,sie ist eine Lohnform,"Informationen werden gezielt verzerrt, um Meinungen zu steuern",D,Medienkompetenz hilft Manipulation zu erkennen.,"ABU Smartlearn Quiz 1. Teil, Moodle-XHTML-Export, hochgeladene Referenzdatei",user_upload:quiz-ABU_Smartlearn_1.Teil-top-20260519-0952.html
abu,Allgemeinbildender Unterricht ABU,abu_l11,ABU,L11,"Heimat, Migration und gesellschaftliche Orientierung",hard,single_choice,Welche Aussage zu Manipulation ist fachlich am korrektesten?,"Informationen werden gezielt verzerrt, um Meinungen zu steuern",alle Informationen sind neutral,nur Mietverträge sind betroffen,sie ist eine Lohnform,A,Medienkompetenz hilft Manipulation zu erkennen.,"ABU Smartlearn Quiz 1. Teil, Moodle-XHTML-Export, hochgeladene Referenzdatei",user_upload:quiz-ABU_Smartlearn_1.Teil-top-20260519-0952.html
abu,Allgemeinbildender Unterricht ABU,abu_l11,ABU,L11,"Heimat, Migration und gesellschaftliche Orientierung",easy,single_choice,Welche Antwort passt zum Begriff Manipulation?,alle Informationen sind neutral,"Informationen werden gezielt verzerrt, um Meinungen zu steuern",nur Mietverträge sind betroffen,sie ist eine Lohnform,B,Medienkompetenz hilft Manipulation zu erkennen.,"ABU Smartlearn Quiz 1. Teil, Moodle-XHTML-Export, hochgeladene Referenzdatei",user_upload:quiz-ABU_Smartlearn_1.Teil-top-20260519-0952.html
abu,Allgemeinbildender Unterricht ABU,abu_l11,ABU,L11,"Heimat, Migration und gesellschaftliche Orientierung",medium,single_choice,Welche praktische Bedeutung hat Manipulation für Lernende?,alle Informationen sind neutral,nur Mietverträge sind betroffen,"Informationen werden gezielt verzerrt, um Meinungen zu steuern",sie ist eine Lohnform,C,Medienkompetenz hilft Manipulation zu erkennen.,"ABU Smartlearn Quiz 1. Teil, Moodle-XHTML-Export, hochgeladene Referenzdatei",user_upload:quiz-ABU_Smartlearn_1.Teil-top-20260519-0952.html
abu,Allgemeinbildender Unterricht ABU,abu_l11,ABU,L11,"Heimat, Migration und gesellschaftliche Orientierung",hard,single_choice,Welche Erklärung zu Manipulation ist im gesellschaftlichen und rechtlichen Kontext richtig?,alle Informationen sind neutral,nur Mietverträge sind betroffen,sie ist eine Lohnform,"Informationen werden gezielt verzerrt, um Meinungen zu steuern",D,Medienkompetenz hilft Manipulation zu erkennen.,"ABU Smartlearn Quiz 1. Teil, Moodle-XHTML-Export, hochgeladene Referenzdatei",user_upload:quiz-ABU_Smartlearn_1.Teil-top-20260519-0952.html
abu,Allgemeinbildender Unterricht ABU,abu_l11,ABU,L11,"Heimat, Migration und gesellschaftliche Orientierung",easy,single_choice,Was ist bei Manipulation grundsätzlich richtig?,"Informationen werden gezielt verzerrt, um Meinungen zu steuern",alle Informationen sind neutral,nur Mietverträge sind betroffen,sie ist eine Lohnform,A,Medienkompetenz hilft Manipulation zu erkennen.,"ABU Smartlearn Quiz 1. Teil, Moodle-XHTML-Export, hochgeladene Referenzdatei",user_upload:quiz-ABU_Smartlearn_1.Teil-top-20260519-0952.html
abu,Allgemeinbildender Unterricht ABU,abu_l11,ABU,L11,"Heimat, Migration und gesellschaftliche Orientierung",medium,single_choice,Welche Aussage zeigt ein korrektes Verständnis von Manipulation?,alle Informationen sind neutral,"Informationen werden gezielt verzerrt, um Meinungen zu steuern",nur Mietverträge sind betroffen,sie ist eine Lohnform,B,Medienkompetenz hilft Manipulation zu erkennen.,"ABU Smartlearn Quiz 1. Teil, Moodle-XHTML-Export, hochgeladene Referenzdatei",user_upload:quiz-ABU_Smartlearn_1.Teil-top-20260519-0952.html
abu,Allgemeinbildender Unterricht ABU,abu_l11,ABU,L11,"Heimat, Migration und gesellschaftliche Orientierung",hard,single_choice,Welche Aussage grenzt Manipulation am präzisesten von falschen Vorstellungen ab?,alle Informationen sind neutral,nur Mietverträge sind betroffen,"Informationen werden gezielt verzerrt, um Meinungen zu steuern",sie ist eine Lohnform,C,Medienkompetenz hilft Manipulation zu erkennen.,"ABU Smartlearn Quiz 1. Teil, Moodle-XHTML-Export, hochgeladene Referenzdatei",user_upload:quiz-ABU_Smartlearn_1.Teil-top-20260519-0952.html
abu,Allgemeinbildender Unterricht ABU,abu_l11,ABU,L11,"Heimat, Migration und gesellschaftliche Orientierung",easy,single_choice,Welche Kurzdefinition passt zu Manipulation?,alle Informationen sind neutral,nur Mietverträge sind betroffen,sie ist eine Lohnform,"Informationen werden gezielt verzerrt, um Meinungen zu steuern",D,Medienkompetenz hilft Manipulation zu erkennen.,"ABU Smartlearn Quiz 1. Teil, Moodle-XHTML-Export, hochgeladene Referenzdatei",user_upload:quiz-ABU_Smartlearn_1.Teil-top-20260519-0952.html
abu,Allgemeinbildender Unterricht ABU,abu_l12,ABU,L12,"Partnerschaft, Familie, Ehe, Konkubinat und Erbrecht",easy,single_choice,Welche Aussage beschreibt Ehe im ABU am besten?,sie ist eine rechtlich geregelte Lebensgemeinschaft,sie ist ein Kreditvertrag,sie ist immer formlos,sie ist eine Betreibung,A,Die Ehe bringt Rechte und Pflichten mit sich.,"ABU Smartlearn Quiz 1. Teil, Moodle-XHTML-Export, hochgeladene Referenzdatei",user_upload:quiz-ABU_Smartlearn_1.Teil-top-20260519-0952.html
abu,Allgemeinbildender Unterricht ABU,abu_l12,ABU,L12,"Partnerschaft, Familie, Ehe, Konkubinat und Erbrecht",medium,single_choice,Worauf muss man beim Thema Ehe besonders achten?,sie ist ein Kreditvertrag,sie ist eine rechtlich geregelte Lebensgemeinschaft,sie ist immer formlos,sie ist eine Betreibung,B,Die Ehe bringt Rechte und Pflichten mit sich.,"ABU Smartlearn Quiz 1. Teil, Moodle-XHTML-Export, hochgeladene Referenzdatei",user_upload:quiz-ABU_Smartlearn_1.Teil-top-20260519-0952.html
abu,Allgemeinbildender Unterricht ABU,abu_l12,ABU,L12,"Partnerschaft, Familie, Ehe, Konkubinat und Erbrecht",hard,single_choice,Welche Aussage zu Ehe ist fachlich am korrektesten?,sie ist ein Kreditvertrag,sie ist immer formlos,sie ist eine rechtlich geregelte Lebensgemeinschaft,sie ist eine Betreibung,C,Die Ehe bringt Rechte und Pflichten mit sich.,"ABU Smartlearn Quiz 1. Teil, Moodle-XHTML-Export, hochgeladene Referenzdatei",user_upload:quiz-ABU_Smartlearn_1.Teil-top-20260519-0952.html
abu,Allgemeinbildender Unterricht ABU,abu_l12,ABU,L12,"Partnerschaft, Familie, Ehe, Konkubinat und Erbrecht",easy,single_choice,Welche Antwort passt zum Begriff Ehe?,sie ist ein Kreditvertrag,sie ist immer formlos,sie ist eine Betreibung,sie ist eine rechtlich geregelte Lebensgemeinschaft,D,Die Ehe bringt Rechte und Pflichten mit sich.,"ABU Smartlearn Quiz 1. Teil, Moodle-XHTML-Export, hochgeladene Referenzdatei",user_upload:quiz-ABU_Smartlearn_1.Teil-top-20260519-0952.html
abu,Allgemeinbildender Unterricht ABU,abu_l12,ABU,L12,"Partnerschaft, Familie, Ehe, Konkubinat und Erbrecht",medium,single_choice,Welche praktische Bedeutung hat Ehe für Lernende?,sie ist eine rechtlich geregelte Lebensgemeinschaft,sie ist ein Kreditvertrag,sie ist immer formlos,sie ist eine Betreibung,A,Die Ehe bringt Rechte und Pflichten mit sich.,"ABU Smartlearn Quiz 1. Teil, Moodle-XHTML-Export, hochgeladene Referenzdatei",user_upload:quiz-ABU_Smartlearn_1.Teil-top-20260519-0952.html
abu,Allgemeinbildender Unterricht ABU,abu_l12,ABU,L12,"Partnerschaft, Familie, Ehe, Konkubinat und Erbrecht",hard,single_choice,Welche Erklärung zu Ehe ist im gesellschaftlichen und rechtlichen Kontext richtig?,sie ist ein Kreditvertrag,sie ist eine rechtlich geregelte Lebensgemeinschaft,sie ist immer formlos,sie ist eine Betreibung,B,Die Ehe bringt Rechte und Pflichten mit sich.,"ABU Smartlearn Quiz 1. Teil, Moodle-XHTML-Export, hochgeladene Referenzdatei",user_upload:quiz-ABU_Smartlearn_1.Teil-top-20260519-0952.html
abu,Allgemeinbildender Unterricht ABU,abu_l12,ABU,L12,"Partnerschaft, Familie, Ehe, Konkubinat und Erbrecht",easy,single_choice,Was ist bei Ehe grundsätzlich richtig?,sie ist ein Kreditvertrag,sie ist immer formlos,sie ist eine rechtlich geregelte Lebensgemeinschaft,sie ist eine Betreibung,C,Die Ehe bringt Rechte und Pflichten mit sich.,"ABU Smartlearn Quiz 1. Teil, Moodle-XHTML-Export, hochgeladene Referenzdatei",user_upload:quiz-ABU_Smartlearn_1.Teil-top-20260519-0952.html
abu,Allgemeinbildender Unterricht ABU,abu_l12,ABU,L12,"Partnerschaft, Familie, Ehe, Konkubinat und Erbrecht",medium,single_choice,Welche Aussage zeigt ein korrektes Verständnis von Ehe?,sie ist ein Kreditvertrag,sie ist immer formlos,sie ist eine Betreibung,sie ist eine rechtlich geregelte Lebensgemeinschaft,D,Die Ehe bringt Rechte und Pflichten mit sich.,"ABU Smartlearn Quiz 1. Teil, Moodle-XHTML-Export, hochgeladene Referenzdatei",user_upload:quiz-ABU_Smartlearn_1.Teil-top-20260519-0952.html
abu,Allgemeinbildender Unterricht ABU,abu_l12,ABU,L12,"Partnerschaft, Familie, Ehe, Konkubinat und Erbrecht",hard,single_choice,Welche Aussage grenzt Ehe am präzisesten von falschen Vorstellungen ab?,sie ist eine rechtlich geregelte Lebensgemeinschaft,sie ist ein Kreditvertrag,sie ist immer formlos,sie ist eine Betreibung,A,Die Ehe bringt Rechte und Pflichten mit sich.,"ABU Smartlearn Quiz 1. Teil, Moodle-XHTML-Export, hochgeladene Referenzdatei",user_upload:quiz-ABU_Smartlearn_1.Teil-top-20260519-0952.html
abu,Allgemeinbildender Unterricht ABU,abu_l12,ABU,L12,"Partnerschaft, Familie, Ehe, Konkubinat und Erbrecht",easy,single_choice,Welche Kurzdefinition passt zu Ehe?,sie ist ein Kreditvertrag,sie ist eine rechtlich geregelte Lebensgemeinschaft,sie ist immer formlos,sie ist eine Betreibung,B,Die Ehe bringt Rechte und Pflichten mit sich.,"ABU Smartlearn Quiz 1. Teil, Moodle-XHTML-Export, hochgeladene Referenzdatei",user_upload:quiz-ABU_Smartlearn_1.Teil-top-20260519-0952.html
abu,Allgemeinbildender Unterricht ABU,abu_l12,ABU,L12,"Partnerschaft, Familie, Ehe, Konkubinat und Erbrecht",easy,single_choice,Welche Aussage beschreibt Konkubinat im ABU am besten?,es ist automatisch eine Ehe,es hat immer dieselben Regeln wie Ehe,"zwei Personen leben zusammen, ohne verheiratet zu sein",es ist eine Steuerbehörde,C,Im Konkubinat sollten wichtige Fragen vertraglich geregelt werden.,"ABU Smartlearn Quiz 1. Teil, Moodle-XHTML-Export, hochgeladene Referenzdatei",user_upload:quiz-ABU_Smartlearn_1.Teil-top-20260519-0952.html
abu,Allgemeinbildender Unterricht ABU,abu_l12,ABU,L12,"Partnerschaft, Familie, Ehe, Konkubinat und Erbrecht",medium,single_choice,Worauf muss man beim Thema Konkubinat besonders achten?,es ist automatisch eine Ehe,es hat immer dieselben Regeln wie Ehe,es ist eine Steuerbehörde,"zwei Personen leben zusammen, ohne verheiratet zu sein",D,Im Konkubinat sollten wichtige Fragen vertraglich geregelt werden.,"ABU Smartlearn Quiz 1. Teil, Moodle-XHTML-Export, hochgeladene Referenzdatei",user_upload:quiz-ABU_Smartlearn_1.Teil-top-20260519-0952.html
abu,Allgemeinbildender Unterricht ABU,abu_l12,ABU,L12,"Partnerschaft, Familie, Ehe, Konkubinat und Erbrecht",hard,single_choice,Welche Aussage zu Konkubinat ist fachlich am korrektesten?,"zwei Personen leben zusammen, ohne verheiratet zu sein",es ist automatisch eine Ehe,es hat immer dieselben Regeln wie Ehe,es ist eine Steuerbehörde,A,Im Konkubinat sollten wichtige Fragen vertraglich geregelt werden.,"ABU Smartlearn Quiz 1. Teil, Moodle-XHTML-Export, hochgeladene Referenzdatei",user_upload:quiz-ABU_Smartlearn_1.Teil-top-20260519-0952.html
abu,Allgemeinbildender Unterricht ABU,abu_l12,ABU,L12,"Partnerschaft, Familie, Ehe, Konkubinat und Erbrecht",easy,single_choice,Welche Antwort passt zum Begriff Konkubinat?,es ist automatisch eine Ehe,"zwei Personen leben zusammen, ohne verheiratet zu sein",es hat immer dieselben Regeln wie Ehe,es ist eine Steuerbehörde,B,Im Konkubinat sollten wichtige Fragen vertraglich geregelt werden.,"ABU Smartlearn Quiz 1. Teil, Moodle-XHTML-Export, hochgeladene Referenzdatei",user_upload:quiz-ABU_Smartlearn_1.Teil-top-20260519-0952.html
abu,Allgemeinbildender Unterricht ABU,abu_l12,ABU,L12,"Partnerschaft, Familie, Ehe, Konkubinat und Erbrecht",medium,single_choice,Welche praktische Bedeutung hat Konkubinat für Lernende?,es ist automatisch eine Ehe,es hat immer dieselben Regeln wie Ehe,"zwei Personen leben zusammen, ohne verheiratet zu sein",es ist eine Steuerbehörde,C,Im Konkubinat sollten wichtige Fragen vertraglich geregelt werden.,"ABU Smartlearn Quiz 1. Teil, Moodle-XHTML-Export, hochgeladene Referenzdatei",user_upload:quiz-ABU_Smartlearn_1.Teil-top-20260519-0952.html
abu,Allgemeinbildender Unterricht ABU,abu_l12,ABU,L12,"Partnerschaft, Familie, Ehe, Konkubinat und Erbrecht",hard,single_choice,Welche Erklärung zu Konkubinat ist im gesellschaftlichen und rechtlichen Kontext richtig?,es ist automatisch eine Ehe,es hat immer dieselben Regeln wie Ehe,es ist eine Steuerbehörde,"zwei Personen leben zusammen, ohne verheiratet zu sein",D,Im Konkubinat sollten wichtige Fragen vertraglich geregelt werden.,"ABU Smartlearn Quiz 1. Teil, Moodle-XHTML-Export, hochgeladene Referenzdatei",user_upload:quiz-ABU_Smartlearn_1.Teil-top-20260519-0952.html
abu,Allgemeinbildender Unterricht ABU,abu_l12,ABU,L12,"Partnerschaft, Familie, Ehe, Konkubinat und Erbrecht",easy,single_choice,Was ist bei Konkubinat grundsätzlich richtig?,"zwei Personen leben zusammen, ohne verheiratet zu sein",es ist automatisch eine Ehe,es hat immer dieselben Regeln wie Ehe,es ist eine Steuerbehörde,A,Im Konkubinat sollten wichtige Fragen vertraglich geregelt werden.,"ABU Smartlearn Quiz 1. Teil, Moodle-XHTML-Export, hochgeladene Referenzdatei",user_upload:quiz-ABU_Smartlearn_1.Teil-top-20260519-0952.html
abu,Allgemeinbildender Unterricht ABU,abu_l12,ABU,L12,"Partnerschaft, Familie, Ehe, Konkubinat und Erbrecht",medium,single_choice,Welche Aussage zeigt ein korrektes Verständnis von Konkubinat?,es ist automatisch eine Ehe,"zwei Personen leben zusammen, ohne verheiratet zu sein",es hat immer dieselben Regeln wie Ehe,es ist eine Steuerbehörde,B,Im Konkubinat sollten wichtige Fragen vertraglich geregelt werden.,"ABU Smartlearn Quiz 1. Teil, Moodle-XHTML-Export, hochgeladene Referenzdatei",user_upload:quiz-ABU_Smartlearn_1.Teil-top-20260519-0952.html
abu,Allgemeinbildender Unterricht ABU,abu_l12,ABU,L12,"Partnerschaft, Familie, Ehe, Konkubinat und Erbrecht",hard,single_choice,Welche Aussage grenzt Konkubinat am präzisesten von falschen Vorstellungen ab?,es ist automatisch eine Ehe,es hat immer dieselben Regeln wie Ehe,"zwei Personen leben zusammen, ohne verheiratet zu sein",es ist eine Steuerbehörde,C,Im Konkubinat sollten wichtige Fragen vertraglich geregelt werden.,"ABU Smartlearn Quiz 1. Teil, Moodle-XHTML-Export, hochgeladene Referenzdatei",user_upload:quiz-ABU_Smartlearn_1.Teil-top-20260519-0952.html
abu,Allgemeinbildender Unterricht ABU,abu_l12,ABU,L12,"Partnerschaft, Familie, Ehe, Konkubinat und Erbrecht",easy,single_choice,Welche Kurzdefinition passt zu Konkubinat?,es ist automatisch eine Ehe,es hat immer dieselben Regeln wie Ehe,es ist eine Steuerbehörde,"zwei Personen leben zusammen, ohne verheiratet zu sein",D,Im Konkubinat sollten wichtige Fragen vertraglich geregelt werden.,"ABU Smartlearn Quiz 1. Teil, Moodle-XHTML-Export, hochgeladene Referenzdatei",user_upload:quiz-ABU_Smartlearn_1.Teil-top-20260519-0952.html
abu,Allgemeinbildender Unterricht ABU,abu_l12,ABU,L12,"Partnerschaft, Familie, Ehe, Konkubinat und Erbrecht",easy,single_choice,Welche Aussage beschreibt Güterrecht im ABU am besten?,es regelt Vermögen und Schulden in der Ehe,es zählt Stimmen aus,es ersetzt Mietrecht,es ist eine Bankkarte,A,Güterrecht ist für Ehepaare finanziell wichtig.,"ABU Smartlearn Quiz 1. Teil, Moodle-XHTML-Export, hochgeladene Referenzdatei",user_upload:quiz-ABU_Smartlearn_1.Teil-top-20260519-0952.html
abu,Allgemeinbildender Unterricht ABU,abu_l12,ABU,L12,"Partnerschaft, Familie, Ehe, Konkubinat und Erbrecht",medium,single_choice,Worauf muss man beim Thema Güterrecht besonders achten?,es zählt Stimmen aus,es regelt Vermögen und Schulden in der Ehe,es ersetzt Mietrecht,es ist eine Bankkarte,B,Güterrecht ist für Ehepaare finanziell wichtig.,"ABU Smartlearn Quiz 1. Teil, Moodle-XHTML-Export, hochgeladene Referenzdatei",user_upload:quiz-ABU_Smartlearn_1.Teil-top-20260519-0952.html
abu,Allgemeinbildender Unterricht ABU,abu_l12,ABU,L12,"Partnerschaft, Familie, Ehe, Konkubinat und Erbrecht",hard,single_choice,Welche Aussage zu Güterrecht ist fachlich am korrektesten?,es zählt Stimmen aus,es ersetzt Mietrecht,es regelt Vermögen und Schulden in der Ehe,es ist eine Bankkarte,C,Güterrecht ist für Ehepaare finanziell wichtig.,"ABU Smartlearn Quiz 1. Teil, Moodle-XHTML-Export, hochgeladene Referenzdatei",user_upload:quiz-ABU_Smartlearn_1.Teil-top-20260519-0952.html
abu,Allgemeinbildender Unterricht ABU,abu_l12,ABU,L12,"Partnerschaft, Familie, Ehe, Konkubinat und Erbrecht",easy,single_choice,Welche Antwort passt zum Begriff Güterrecht?,es zählt Stimmen aus,es ersetzt Mietrecht,es ist eine Bankkarte,es regelt Vermögen und Schulden in der Ehe,D,Güterrecht ist für Ehepaare finanziell wichtig.,"ABU Smartlearn Quiz 1. Teil, Moodle-XHTML-Export, hochgeladene Referenzdatei",user_upload:quiz-ABU_Smartlearn_1.Teil-top-20260519-0952.html
abu,Allgemeinbildender Unterricht ABU,abu_l12,ABU,L12,"Partnerschaft, Familie, Ehe, Konkubinat und Erbrecht",medium,single_choice,Welche praktische Bedeutung hat Güterrecht für Lernende?,es regelt Vermögen und Schulden in der Ehe,es zählt Stimmen aus,es ersetzt Mietrecht,es ist eine Bankkarte,A,Güterrecht ist für Ehepaare finanziell wichtig.,"ABU Smartlearn Quiz 1. Teil, Moodle-XHTML-Export, hochgeladene Referenzdatei",user_upload:quiz-ABU_Smartlearn_1.Teil-top-20260519-0952.html
abu,Allgemeinbildender Unterricht ABU,abu_l12,ABU,L12,"Partnerschaft, Familie, Ehe, Konkubinat und Erbrecht",hard,single_choice,Welche Erklärung zu Güterrecht ist im gesellschaftlichen und rechtlichen Kontext richtig?,es zählt Stimmen aus,es regelt Vermögen und Schulden in der Ehe,es ersetzt Mietrecht,es ist eine Bankkarte,B,Güterrecht ist für Ehepaare finanziell wichtig.,"ABU Smartlearn Quiz 1. Teil, Moodle-XHTML-Export, hochgeladene Referenzdatei",user_upload:quiz-ABU_Smartlearn_1.Teil-top-20260519-0952.html
abu,Allgemeinbildender Unterricht ABU,abu_l12,ABU,L12,"Partnerschaft, Familie, Ehe, Konkubinat und Erbrecht",easy,single_choice,Was ist bei Güterrecht grundsätzlich richtig?,es zählt Stimmen aus,es ersetzt Mietrecht,es regelt Vermögen und Schulden in der Ehe,es ist eine Bankkarte,C,Güterrecht ist für Ehepaare finanziell wichtig.,"ABU Smartlearn Quiz 1. Teil, Moodle-XHTML-Export, hochgeladene Referenzdatei",user_upload:quiz-ABU_Smartlearn_1.Teil-top-20260519-0952.html
abu,Allgemeinbildender Unterricht ABU,abu_l12,ABU,L12,"Partnerschaft, Familie, Ehe, Konkubinat und Erbrecht",medium,single_choice,Welche Aussage zeigt ein korrektes Verständnis von Güterrecht?,es zählt Stimmen aus,es ersetzt Mietrecht,es ist eine Bankkarte,es regelt Vermögen und Schulden in der Ehe,D,Güterrecht ist für Ehepaare finanziell wichtig.,"ABU Smartlearn Quiz 1. Teil, Moodle-XHTML-Export, hochgeladene Referenzdatei",user_upload:quiz-ABU_Smartlearn_1.Teil-top-20260519-0952.html
abu,Allgemeinbildender Unterricht ABU,abu_l12,ABU,L12,"Partnerschaft, Familie, Ehe, Konkubinat und Erbrecht",hard,single_choice,Welche Aussage grenzt Güterrecht am präzisesten von falschen Vorstellungen ab?,es regelt Vermögen und Schulden in der Ehe,es zählt Stimmen aus,es ersetzt Mietrecht,es ist eine Bankkarte,A,Güterrecht ist für Ehepaare finanziell wichtig.,"ABU Smartlearn Quiz 1. Teil, Moodle-XHTML-Export, hochgeladene Referenzdatei",user_upload:quiz-ABU_Smartlearn_1.Teil-top-20260519-0952.html
abu,Allgemeinbildender Unterricht ABU,abu_l12,ABU,L12,"Partnerschaft, Familie, Ehe, Konkubinat und Erbrecht",easy,single_choice,Welche Kurzdefinition passt zu Güterrecht?,es zählt Stimmen aus,es regelt Vermögen und Schulden in der Ehe,es ersetzt Mietrecht,es ist eine Bankkarte,B,Güterrecht ist für Ehepaare finanziell wichtig.,"ABU Smartlearn Quiz 1. Teil, Moodle-XHTML-Export, hochgeladene Referenzdatei",user_upload:quiz-ABU_Smartlearn_1.Teil-top-20260519-0952.html
abu,Allgemeinbildender Unterricht ABU,abu_l12,ABU,L12,"Partnerschaft, Familie, Ehe, Konkubinat und Erbrecht",easy,single_choice,Welche Aussage beschreibt Errungenschaftsbeteiligung im ABU am besten?,sie ist eine Wahlmethode,sie ist immer ein Darlehen,"sie ist der ordentliche Güterstand, wenn nichts anderes vereinbart wurde",sie ist nur für Firmen,C,Die Errungenschaftsbeteiligung unterscheidet Eigengut und Errungenschaft.,"ABU Smartlearn Quiz 1. Teil, Moodle-XHTML-Export, hochgeladene Referenzdatei",user_upload:quiz-ABU_Smartlearn_1.Teil-top-20260519-0952.html
abu,Allgemeinbildender Unterricht ABU,abu_l12,ABU,L12,"Partnerschaft, Familie, Ehe, Konkubinat und Erbrecht",medium,single_choice,Worauf muss man beim Thema Errungenschaftsbeteiligung besonders achten?,sie ist eine Wahlmethode,sie ist immer ein Darlehen,sie ist nur für Firmen,"sie ist der ordentliche Güterstand, wenn nichts anderes vereinbart wurde",D,Die Errungenschaftsbeteiligung unterscheidet Eigengut und Errungenschaft.,"ABU Smartlearn Quiz 1. Teil, Moodle-XHTML-Export, hochgeladene Referenzdatei",user_upload:quiz-ABU_Smartlearn_1.Teil-top-20260519-0952.html
abu,Allgemeinbildender Unterricht ABU,abu_l12,ABU,L12,"Partnerschaft, Familie, Ehe, Konkubinat und Erbrecht",hard,single_choice,Welche Aussage zu Errungenschaftsbeteiligung ist fachlich am korrektesten?,"sie ist der ordentliche Güterstand, wenn nichts anderes vereinbart wurde",sie ist eine Wahlmethode,sie ist immer ein Darlehen,sie ist nur für Firmen,A,Die Errungenschaftsbeteiligung unterscheidet Eigengut und Errungenschaft.,"ABU Smartlearn Quiz 1. Teil, Moodle-XHTML-Export, hochgeladene Referenzdatei",user_upload:quiz-ABU_Smartlearn_1.Teil-top-20260519-0952.html
abu,Allgemeinbildender Unterricht ABU,abu_l12,ABU,L12,"Partnerschaft, Familie, Ehe, Konkubinat und Erbrecht",easy,single_choice,Welche Antwort passt zum Begriff Errungenschaftsbeteiligung?,sie ist eine Wahlmethode,"sie ist der ordentliche Güterstand, wenn nichts anderes vereinbart wurde",sie ist immer ein Darlehen,sie ist nur für Firmen,B,Die Errungenschaftsbeteiligung unterscheidet Eigengut und Errungenschaft.,"ABU Smartlearn Quiz 1. Teil, Moodle-XHTML-Export, hochgeladene Referenzdatei",user_upload:quiz-ABU_Smartlearn_1.Teil-top-20260519-0952.html
abu,Allgemeinbildender Unterricht ABU,abu_l12,ABU,L12,"Partnerschaft, Familie, Ehe, Konkubinat und Erbrecht",medium,single_choice,Welche praktische Bedeutung hat Errungenschaftsbeteiligung für Lernende?,sie ist eine Wahlmethode,sie ist immer ein Darlehen,"sie ist der ordentliche Güterstand, wenn nichts anderes vereinbart wurde",sie ist nur für Firmen,C,Die Errungenschaftsbeteiligung unterscheidet Eigengut und Errungenschaft.,"ABU Smartlearn Quiz 1. Teil, Moodle-XHTML-Export, hochgeladene Referenzdatei",user_upload:quiz-ABU_Smartlearn_1.Teil-top-20260519-0952.html
abu,Allgemeinbildender Unterricht ABU,abu_l12,ABU,L12,"Partnerschaft, Familie, Ehe, Konkubinat und Erbrecht",hard,single_choice,Welche Erklärung zu Errungenschaftsbeteiligung ist im gesellschaftlichen und rechtlichen Kontext richtig?,sie ist eine Wahlmethode,sie ist immer ein Darlehen,sie ist nur für Firmen,"sie ist der ordentliche Güterstand, wenn nichts anderes vereinbart wurde",D,Die Errungenschaftsbeteiligung unterscheidet Eigengut und Errungenschaft.,"ABU Smartlearn Quiz 1. Teil, Moodle-XHTML-Export, hochgeladene Referenzdatei",user_upload:quiz-ABU_Smartlearn_1.Teil-top-20260519-0952.html
abu,Allgemeinbildender Unterricht ABU,abu_l12,ABU,L12,"Partnerschaft, Familie, Ehe, Konkubinat und Erbrecht",easy,single_choice,Was ist bei Errungenschaftsbeteiligung grundsätzlich richtig?,"sie ist der ordentliche Güterstand, wenn nichts anderes vereinbart wurde",sie ist eine Wahlmethode,sie ist immer ein Darlehen,sie ist nur für Firmen,A,Die Errungenschaftsbeteiligung unterscheidet Eigengut und Errungenschaft.,"ABU Smartlearn Quiz 1. Teil, Moodle-XHTML-Export, hochgeladene Referenzdatei",user_upload:quiz-ABU_Smartlearn_1.Teil-top-20260519-0952.html
abu,Allgemeinbildender Unterricht ABU,abu_l12,ABU,L12,"Partnerschaft, Familie, Ehe, Konkubinat und Erbrecht",medium,single_choice,Welche Aussage zeigt ein korrektes Verständnis von Errungenschaftsbeteiligung?,sie ist eine Wahlmethode,"sie ist der ordentliche Güterstand, wenn nichts anderes vereinbart wurde",sie ist immer ein Darlehen,sie ist nur für Firmen,B,Die Errungenschaftsbeteiligung unterscheidet Eigengut und Errungenschaft.,"ABU Smartlearn Quiz 1. Teil, Moodle-XHTML-Export, hochgeladene Referenzdatei",user_upload:quiz-ABU_Smartlearn_1.Teil-top-20260519-0952.html
abu,Allgemeinbildender Unterricht ABU,abu_l12,ABU,L12,"Partnerschaft, Familie, Ehe, Konkubinat und Erbrecht",hard,single_choice,Welche Aussage grenzt Errungenschaftsbeteiligung am präzisesten von falschen Vorstellungen ab?,sie ist eine Wahlmethode,sie ist immer ein Darlehen,"sie ist der ordentliche Güterstand, wenn nichts anderes vereinbart wurde",sie ist nur für Firmen,C,Die Errungenschaftsbeteiligung unterscheidet Eigengut und Errungenschaft.,"ABU Smartlearn Quiz 1. Teil, Moodle-XHTML-Export, hochgeladene Referenzdatei",user_upload:quiz-ABU_Smartlearn_1.Teil-top-20260519-0952.html
abu,Allgemeinbildender Unterricht ABU,abu_l12,ABU,L12,"Partnerschaft, Familie, Ehe, Konkubinat und Erbrecht",easy,single_choice,Welche Kurzdefinition passt zu Errungenschaftsbeteiligung?,sie ist eine Wahlmethode,sie ist immer ein Darlehen,sie ist nur für Firmen,"sie ist der ordentliche Güterstand, wenn nichts anderes vereinbart wurde",D,Die Errungenschaftsbeteiligung unterscheidet Eigengut und Errungenschaft.,"ABU Smartlearn Quiz 1. Teil, Moodle-XHTML-Export, hochgeladene Referenzdatei",user_upload:quiz-ABU_Smartlearn_1.Teil-top-20260519-0952.html
abu,Allgemeinbildender Unterricht ABU,abu_l12,ABU,L12,"Partnerschaft, Familie, Ehe, Konkubinat und Erbrecht",easy,single_choice,Welche Aussage beschreibt Eigengut im ABU am besten?,bestimmtes Vermögen gehört einer Eheperson persönlich,es ist immer gemeinsamer Lohn,es ist ein Stimmzettel,es ist eine Steuerprogression,A,Eigengut spielt bei güterrechtlicher Aufteilung eine Rolle.,"ABU Smartlearn Quiz 1. Teil, Moodle-XHTML-Export, hochgeladene Referenzdatei",user_upload:quiz-ABU_Smartlearn_1.Teil-top-20260519-0952.html
abu,Allgemeinbildender Unterricht ABU,abu_l12,ABU,L12,"Partnerschaft, Familie, Ehe, Konkubinat und Erbrecht",medium,single_choice,Worauf muss man beim Thema Eigengut besonders achten?,es ist immer gemeinsamer Lohn,bestimmtes Vermögen gehört einer Eheperson persönlich,es ist ein Stimmzettel,es ist eine Steuerprogression,B,Eigengut spielt bei güterrechtlicher Aufteilung eine Rolle.,"ABU Smartlearn Quiz 1. Teil, Moodle-XHTML-Export, hochgeladene Referenzdatei",user_upload:quiz-ABU_Smartlearn_1.Teil-top-20260519-0952.html
abu,Allgemeinbildender Unterricht ABU,abu_l12,ABU,L12,"Partnerschaft, Familie, Ehe, Konkubinat und Erbrecht",hard,single_choice,Welche Aussage zu Eigengut ist fachlich am korrektesten?,es ist immer gemeinsamer Lohn,es ist ein Stimmzettel,bestimmtes Vermögen gehört einer Eheperson persönlich,es ist eine Steuerprogression,C,Eigengut spielt bei güterrechtlicher Aufteilung eine Rolle.,"ABU Smartlearn Quiz 1. Teil, Moodle-XHTML-Export, hochgeladene Referenzdatei",user_upload:quiz-ABU_Smartlearn_1.Teil-top-20260519-0952.html
abu,Allgemeinbildender Unterricht ABU,abu_l12,ABU,L12,"Partnerschaft, Familie, Ehe, Konkubinat und Erbrecht",easy,single_choice,Welche Antwort passt zum Begriff Eigengut?,es ist immer gemeinsamer Lohn,es ist ein Stimmzettel,es ist eine Steuerprogression,bestimmtes Vermögen gehört einer Eheperson persönlich,D,Eigengut spielt bei güterrechtlicher Aufteilung eine Rolle.,"ABU Smartlearn Quiz 1. Teil, Moodle-XHTML-Export, hochgeladene Referenzdatei",user_upload:quiz-ABU_Smartlearn_1.Teil-top-20260519-0952.html
abu,Allgemeinbildender Unterricht ABU,abu_l12,ABU,L12,"Partnerschaft, Familie, Ehe, Konkubinat und Erbrecht",medium,single_choice,Welche praktische Bedeutung hat Eigengut für Lernende?,bestimmtes Vermögen gehört einer Eheperson persönlich,es ist immer gemeinsamer Lohn,es ist ein Stimmzettel,es ist eine Steuerprogression,A,Eigengut spielt bei güterrechtlicher Aufteilung eine Rolle.,"ABU Smartlearn Quiz 1. Teil, Moodle-XHTML-Export, hochgeladene Referenzdatei",user_upload:quiz-ABU_Smartlearn_1.Teil-top-20260519-0952.html
abu,Allgemeinbildender Unterricht ABU,abu_l12,ABU,L12,"Partnerschaft, Familie, Ehe, Konkubinat und Erbrecht",hard,single_choice,Welche Erklärung zu Eigengut ist im gesellschaftlichen und rechtlichen Kontext richtig?,es ist immer gemeinsamer Lohn,bestimmtes Vermögen gehört einer Eheperson persönlich,es ist ein Stimmzettel,es ist eine Steuerprogression,B,Eigengut spielt bei güterrechtlicher Aufteilung eine Rolle.,"ABU Smartlearn Quiz 1. Teil, Moodle-XHTML-Export, hochgeladene Referenzdatei",user_upload:quiz-ABU_Smartlearn_1.Teil-top-20260519-0952.html
abu,Allgemeinbildender Unterricht ABU,abu_l12,ABU,L12,"Partnerschaft, Familie, Ehe, Konkubinat und Erbrecht",easy,single_choice,Was ist bei Eigengut grundsätzlich richtig?,es ist immer gemeinsamer Lohn,es ist ein Stimmzettel,bestimmtes Vermögen gehört einer Eheperson persönlich,es ist eine Steuerprogression,C,Eigengut spielt bei güterrechtlicher Aufteilung eine Rolle.,"ABU Smartlearn Quiz 1. Teil, Moodle-XHTML-Export, hochgeladene Referenzdatei",user_upload:quiz-ABU_Smartlearn_1.Teil-top-20260519-0952.html
abu,Allgemeinbildender Unterricht ABU,abu_l12,ABU,L12,"Partnerschaft, Familie, Ehe, Konkubinat und Erbrecht",medium,single_choice,Welche Aussage zeigt ein korrektes Verständnis von Eigengut?,es ist immer gemeinsamer Lohn,es ist ein Stimmzettel,es ist eine Steuerprogression,bestimmtes Vermögen gehört einer Eheperson persönlich,D,Eigengut spielt bei güterrechtlicher Aufteilung eine Rolle.,"ABU Smartlearn Quiz 1. Teil, Moodle-XHTML-Export, hochgeladene Referenzdatei",user_upload:quiz-ABU_Smartlearn_1.Teil-top-20260519-0952.html
abu,Allgemeinbildender Unterricht ABU,abu_l12,ABU,L12,"Partnerschaft, Familie, Ehe, Konkubinat und Erbrecht",hard,single_choice,Welche Aussage grenzt Eigengut am präzisesten von falschen Vorstellungen ab?,bestimmtes Vermögen gehört einer Eheperson persönlich,es ist immer gemeinsamer Lohn,es ist ein Stimmzettel,es ist eine Steuerprogression,A,Eigengut spielt bei güterrechtlicher Aufteilung eine Rolle.,"ABU Smartlearn Quiz 1. Teil, Moodle-XHTML-Export, hochgeladene Referenzdatei",user_upload:quiz-ABU_Smartlearn_1.Teil-top-20260519-0952.html
abu,Allgemeinbildender Unterricht ABU,abu_l12,ABU,L12,"Partnerschaft, Familie, Ehe, Konkubinat und Erbrecht",easy,single_choice,Welche Kurzdefinition passt zu Eigengut?,es ist immer gemeinsamer Lohn,bestimmtes Vermögen gehört einer Eheperson persönlich,es ist ein Stimmzettel,es ist eine Steuerprogression,B,Eigengut spielt bei güterrechtlicher Aufteilung eine Rolle.,"ABU Smartlearn Quiz 1. Teil, Moodle-XHTML-Export, hochgeladene Referenzdatei",user_upload:quiz-ABU_Smartlearn_1.Teil-top-20260519-0952.html
abu,Allgemeinbildender Unterricht ABU,abu_l12,ABU,L12,"Partnerschaft, Familie, Ehe, Konkubinat und Erbrecht",easy,single_choice,Welche Aussage beschreibt Errungenschaft im ABU am besten?,sie ist eine Krankenkasse,sie ist eine Kündigungsfrist,während der Ehe erworbenes Vermögen wird güterrechtlich berücksichtigt,sie ist ein Wahlkreis,C,Errungenschaft ist zentral beim ordentlichen Güterstand.,"ABU Smartlearn Quiz 1. Teil, Moodle-XHTML-Export, hochgeladene Referenzdatei",user_upload:quiz-ABU_Smartlearn_1.Teil-top-20260519-0952.html
abu,Allgemeinbildender Unterricht ABU,abu_l12,ABU,L12,"Partnerschaft, Familie, Ehe, Konkubinat und Erbrecht",medium,single_choice,Worauf muss man beim Thema Errungenschaft besonders achten?,sie ist eine Krankenkasse,sie ist eine Kündigungsfrist,sie ist ein Wahlkreis,während der Ehe erworbenes Vermögen wird güterrechtlich berücksichtigt,D,Errungenschaft ist zentral beim ordentlichen Güterstand.,"ABU Smartlearn Quiz 1. Teil, Moodle-XHTML-Export, hochgeladene Referenzdatei",user_upload:quiz-ABU_Smartlearn_1.Teil-top-20260519-0952.html
abu,Allgemeinbildender Unterricht ABU,abu_l12,ABU,L12,"Partnerschaft, Familie, Ehe, Konkubinat und Erbrecht",hard,single_choice,Welche Aussage zu Errungenschaft ist fachlich am korrektesten?,während der Ehe erworbenes Vermögen wird güterrechtlich berücksichtigt,sie ist eine Krankenkasse,sie ist eine Kündigungsfrist,sie ist ein Wahlkreis,A,Errungenschaft ist zentral beim ordentlichen Güterstand.,"ABU Smartlearn Quiz 1. Teil, Moodle-XHTML-Export, hochgeladene Referenzdatei",user_upload:quiz-ABU_Smartlearn_1.Teil-top-20260519-0952.html
abu,Allgemeinbildender Unterricht ABU,abu_l12,ABU,L12,"Partnerschaft, Familie, Ehe, Konkubinat und Erbrecht",easy,single_choice,Welche Antwort passt zum Begriff Errungenschaft?,sie ist eine Krankenkasse,während der Ehe erworbenes Vermögen wird güterrechtlich berücksichtigt,sie ist eine Kündigungsfrist,sie ist ein Wahlkreis,B,Errungenschaft ist zentral beim ordentlichen Güterstand.,"ABU Smartlearn Quiz 1. Teil, Moodle-XHTML-Export, hochgeladene Referenzdatei",user_upload:quiz-ABU_Smartlearn_1.Teil-top-20260519-0952.html
abu,Allgemeinbildender Unterricht ABU,abu_l12,ABU,L12,"Partnerschaft, Familie, Ehe, Konkubinat und Erbrecht",medium,single_choice,Welche praktische Bedeutung hat Errungenschaft für Lernende?,sie ist eine Krankenkasse,sie ist eine Kündigungsfrist,während der Ehe erworbenes Vermögen wird güterrechtlich berücksichtigt,sie ist ein Wahlkreis,C,Errungenschaft ist zentral beim ordentlichen Güterstand.,"ABU Smartlearn Quiz 1. Teil, Moodle-XHTML-Export, hochgeladene Referenzdatei",user_upload:quiz-ABU_Smartlearn_1.Teil-top-20260519-0952.html
abu,Allgemeinbildender Unterricht ABU,abu_l12,ABU,L12,"Partnerschaft, Familie, Ehe, Konkubinat und Erbrecht",hard,single_choice,Welche Erklärung zu Errungenschaft ist im gesellschaftlichen und rechtlichen Kontext richtig?,sie ist eine Krankenkasse,sie ist eine Kündigungsfrist,sie ist ein Wahlkreis,während der Ehe erworbenes Vermögen wird güterrechtlich berücksichtigt,D,Errungenschaft ist zentral beim ordentlichen Güterstand.,"ABU Smartlearn Quiz 1. Teil, Moodle-XHTML-Export, hochgeladene Referenzdatei",user_upload:quiz-ABU_Smartlearn_1.Teil-top-20260519-0952.html
abu,Allgemeinbildender Unterricht ABU,abu_l12,ABU,L12,"Partnerschaft, Familie, Ehe, Konkubinat und Erbrecht",easy,single_choice,Was ist bei Errungenschaft grundsätzlich richtig?,während der Ehe erworbenes Vermögen wird güterrechtlich berücksichtigt,sie ist eine Krankenkasse,sie ist eine Kündigungsfrist,sie ist ein Wahlkreis,A,Errungenschaft ist zentral beim ordentlichen Güterstand.,"ABU Smartlearn Quiz 1. Teil, Moodle-XHTML-Export, hochgeladene Referenzdatei",user_upload:quiz-ABU_Smartlearn_1.Teil-top-20260519-0952.html
abu,Allgemeinbildender Unterricht ABU,abu_l12,ABU,L12,"Partnerschaft, Familie, Ehe, Konkubinat und Erbrecht",medium,single_choice,Welche Aussage zeigt ein korrektes Verständnis von Errungenschaft?,sie ist eine Krankenkasse,während der Ehe erworbenes Vermögen wird güterrechtlich berücksichtigt,sie ist eine Kündigungsfrist,sie ist ein Wahlkreis,B,Errungenschaft ist zentral beim ordentlichen Güterstand.,"ABU Smartlearn Quiz 1. Teil, Moodle-XHTML-Export, hochgeladene Referenzdatei",user_upload:quiz-ABU_Smartlearn_1.Teil-top-20260519-0952.html
abu,Allgemeinbildender Unterricht ABU,abu_l12,ABU,L12,"Partnerschaft, Familie, Ehe, Konkubinat und Erbrecht",hard,single_choice,Welche Aussage grenzt Errungenschaft am präzisesten von falschen Vorstellungen ab?,sie ist eine Krankenkasse,sie ist eine Kündigungsfrist,während der Ehe erworbenes Vermögen wird güterrechtlich berücksichtigt,sie ist ein Wahlkreis,C,Errungenschaft ist zentral beim ordentlichen Güterstand.,"ABU Smartlearn Quiz 1. Teil, Moodle-XHTML-Export, hochgeladene Referenzdatei",user_upload:quiz-ABU_Smartlearn_1.Teil-top-20260519-0952.html
abu,Allgemeinbildender Unterricht ABU,abu_l12,ABU,L12,"Partnerschaft, Familie, Ehe, Konkubinat und Erbrecht",easy,single_choice,Welche Kurzdefinition passt zu Errungenschaft?,sie ist eine Krankenkasse,sie ist eine Kündigungsfrist,sie ist ein Wahlkreis,während der Ehe erworbenes Vermögen wird güterrechtlich berücksichtigt,D,Errungenschaft ist zentral beim ordentlichen Güterstand.,"ABU Smartlearn Quiz 1. Teil, Moodle-XHTML-Export, hochgeladene Referenzdatei",user_upload:quiz-ABU_Smartlearn_1.Teil-top-20260519-0952.html
abu,Allgemeinbildender Unterricht ABU,abu_l12,ABU,L12,"Partnerschaft, Familie, Ehe, Konkubinat und Erbrecht",easy,single_choice,Welche Aussage beschreibt Sorgerecht im ABU am besten?,es betrifft rechtliche Verantwortung für Kinder,es ist ein Leasingvertrag,es ist eine Bankgebühr,es ist eine Abstimmung,A,Sorgerecht und Kindeswohl gehören zusammen.,"ABU Smartlearn Quiz 1. Teil, Moodle-XHTML-Export, hochgeladene Referenzdatei",user_upload:quiz-ABU_Smartlearn_1.Teil-top-20260519-0952.html
abu,Allgemeinbildender Unterricht ABU,abu_l12,ABU,L12,"Partnerschaft, Familie, Ehe, Konkubinat und Erbrecht",medium,single_choice,Worauf muss man beim Thema Sorgerecht besonders achten?,es ist ein Leasingvertrag,es betrifft rechtliche Verantwortung für Kinder,es ist eine Bankgebühr,es ist eine Abstimmung,B,Sorgerecht und Kindeswohl gehören zusammen.,"ABU Smartlearn Quiz 1. Teil, Moodle-XHTML-Export, hochgeladene Referenzdatei",user_upload:quiz-ABU_Smartlearn_1.Teil-top-20260519-0952.html
abu,Allgemeinbildender Unterricht ABU,abu_l12,ABU,L12,"Partnerschaft, Familie, Ehe, Konkubinat und Erbrecht",hard,single_choice,Welche Aussage zu Sorgerecht ist fachlich am korrektesten?,es ist ein Leasingvertrag,es ist eine Bankgebühr,es betrifft rechtliche Verantwortung für Kinder,es ist eine Abstimmung,C,Sorgerecht und Kindeswohl gehören zusammen.,"ABU Smartlearn Quiz 1. Teil, Moodle-XHTML-Export, hochgeladene Referenzdatei",user_upload:quiz-ABU_Smartlearn_1.Teil-top-20260519-0952.html
abu,Allgemeinbildender Unterricht ABU,abu_l12,ABU,L12,"Partnerschaft, Familie, Ehe, Konkubinat und Erbrecht",easy,single_choice,Welche Antwort passt zum Begriff Sorgerecht?,es ist ein Leasingvertrag,es ist eine Bankgebühr,es ist eine Abstimmung,es betrifft rechtliche Verantwortung für Kinder,D,Sorgerecht und Kindeswohl gehören zusammen.,"ABU Smartlearn Quiz 1. Teil, Moodle-XHTML-Export, hochgeladene Referenzdatei",user_upload:quiz-ABU_Smartlearn_1.Teil-top-20260519-0952.html
abu,Allgemeinbildender Unterricht ABU,abu_l12,ABU,L12,"Partnerschaft, Familie, Ehe, Konkubinat und Erbrecht",medium,single_choice,Welche praktische Bedeutung hat Sorgerecht für Lernende?,es betrifft rechtliche Verantwortung für Kinder,es ist ein Leasingvertrag,es ist eine Bankgebühr,es ist eine Abstimmung,A,Sorgerecht und Kindeswohl gehören zusammen.,"ABU Smartlearn Quiz 1. Teil, Moodle-XHTML-Export, hochgeladene Referenzdatei",user_upload:quiz-ABU_Smartlearn_1.Teil-top-20260519-0952.html
abu,Allgemeinbildender Unterricht ABU,abu_l12,ABU,L12,"Partnerschaft, Familie, Ehe, Konkubinat und Erbrecht",hard,single_choice,Welche Erklärung zu Sorgerecht ist im gesellschaftlichen und rechtlichen Kontext richtig?,es ist ein Leasingvertrag,es betrifft rechtliche Verantwortung für Kinder,es ist eine Bankgebühr,es ist eine Abstimmung,B,Sorgerecht und Kindeswohl gehören zusammen.,"ABU Smartlearn Quiz 1. Teil, Moodle-XHTML-Export, hochgeladene Referenzdatei",user_upload:quiz-ABU_Smartlearn_1.Teil-top-20260519-0952.html
abu,Allgemeinbildender Unterricht ABU,abu_l12,ABU,L12,"Partnerschaft, Familie, Ehe, Konkubinat und Erbrecht",easy,single_choice,Was ist bei Sorgerecht grundsätzlich richtig?,es ist ein Leasingvertrag,es ist eine Bankgebühr,es betrifft rechtliche Verantwortung für Kinder,es ist eine Abstimmung,C,Sorgerecht und Kindeswohl gehören zusammen.,"ABU Smartlearn Quiz 1. Teil, Moodle-XHTML-Export, hochgeladene Referenzdatei",user_upload:quiz-ABU_Smartlearn_1.Teil-top-20260519-0952.html
abu,Allgemeinbildender Unterricht ABU,abu_l12,ABU,L12,"Partnerschaft, Familie, Ehe, Konkubinat und Erbrecht",medium,single_choice,Welche Aussage zeigt ein korrektes Verständnis von Sorgerecht?,es ist ein Leasingvertrag,es ist eine Bankgebühr,es ist eine Abstimmung,es betrifft rechtliche Verantwortung für Kinder,D,Sorgerecht und Kindeswohl gehören zusammen.,"ABU Smartlearn Quiz 1. Teil, Moodle-XHTML-Export, hochgeladene Referenzdatei",user_upload:quiz-ABU_Smartlearn_1.Teil-top-20260519-0952.html
abu,Allgemeinbildender Unterricht ABU,abu_l12,ABU,L12,"Partnerschaft, Familie, Ehe, Konkubinat und Erbrecht",hard,single_choice,Welche Aussage grenzt Sorgerecht am präzisesten von falschen Vorstellungen ab?,es betrifft rechtliche Verantwortung für Kinder,es ist ein Leasingvertrag,es ist eine Bankgebühr,es ist eine Abstimmung,A,Sorgerecht und Kindeswohl gehören zusammen.,"ABU Smartlearn Quiz 1. Teil, Moodle-XHTML-Export, hochgeladene Referenzdatei",user_upload:quiz-ABU_Smartlearn_1.Teil-top-20260519-0952.html
abu,Allgemeinbildender Unterricht ABU,abu_l12,ABU,L12,"Partnerschaft, Familie, Ehe, Konkubinat und Erbrecht",easy,single_choice,Welche Kurzdefinition passt zu Sorgerecht?,es ist ein Leasingvertrag,es betrifft rechtliche Verantwortung für Kinder,es ist eine Bankgebühr,es ist eine Abstimmung,B,Sorgerecht und Kindeswohl gehören zusammen.,"ABU Smartlearn Quiz 1. Teil, Moodle-XHTML-Export, hochgeladene Referenzdatei",user_upload:quiz-ABU_Smartlearn_1.Teil-top-20260519-0952.html
abu,Allgemeinbildender Unterricht ABU,abu_l12,ABU,L12,"Partnerschaft, Familie, Ehe, Konkubinat und Erbrecht",easy,single_choice,Welche Aussage beschreibt Kindesrecht im ABU am besten?,es regelt nur Bankzinsen,es ist nur ein Mietzins,es schützt Rechte und Interessen von Kindern,es ist eine Betreibungsart,C,"Das Kindesrecht betrifft Eltern, Betreuung und Schutz.","ABU Smartlearn Quiz 1. Teil, Moodle-XHTML-Export, hochgeladene Referenzdatei",user_upload:quiz-ABU_Smartlearn_1.Teil-top-20260519-0952.html
abu,Allgemeinbildender Unterricht ABU,abu_l12,ABU,L12,"Partnerschaft, Familie, Ehe, Konkubinat und Erbrecht",medium,single_choice,Worauf muss man beim Thema Kindesrecht besonders achten?,es regelt nur Bankzinsen,es ist nur ein Mietzins,es ist eine Betreibungsart,es schützt Rechte und Interessen von Kindern,D,"Das Kindesrecht betrifft Eltern, Betreuung und Schutz.","ABU Smartlearn Quiz 1. Teil, Moodle-XHTML-Export, hochgeladene Referenzdatei",user_upload:quiz-ABU_Smartlearn_1.Teil-top-20260519-0952.html
abu,Allgemeinbildender Unterricht ABU,abu_l12,ABU,L12,"Partnerschaft, Familie, Ehe, Konkubinat und Erbrecht",hard,single_choice,Welche Aussage zu Kindesrecht ist fachlich am korrektesten?,es schützt Rechte und Interessen von Kindern,es regelt nur Bankzinsen,es ist nur ein Mietzins,es ist eine Betreibungsart,A,"Das Kindesrecht betrifft Eltern, Betreuung und Schutz.","ABU Smartlearn Quiz 1. Teil, Moodle-XHTML-Export, hochgeladene Referenzdatei",user_upload:quiz-ABU_Smartlearn_1.Teil-top-20260519-0952.html
abu,Allgemeinbildender Unterricht ABU,abu_l12,ABU,L12,"Partnerschaft, Familie, Ehe, Konkubinat und Erbrecht",easy,single_choice,Welche Antwort passt zum Begriff Kindesrecht?,es regelt nur Bankzinsen,es schützt Rechte und Interessen von Kindern,es ist nur ein Mietzins,es ist eine Betreibungsart,B,"Das Kindesrecht betrifft Eltern, Betreuung und Schutz.","ABU Smartlearn Quiz 1. Teil, Moodle-XHTML-Export, hochgeladene Referenzdatei",user_upload:quiz-ABU_Smartlearn_1.Teil-top-20260519-0952.html
abu,Allgemeinbildender Unterricht ABU,abu_l12,ABU,L12,"Partnerschaft, Familie, Ehe, Konkubinat und Erbrecht",medium,single_choice,Welche praktische Bedeutung hat Kindesrecht für Lernende?,es regelt nur Bankzinsen,es ist nur ein Mietzins,es schützt Rechte und Interessen von Kindern,es ist eine Betreibungsart,C,"Das Kindesrecht betrifft Eltern, Betreuung und Schutz.","ABU Smartlearn Quiz 1. Teil, Moodle-XHTML-Export, hochgeladene Referenzdatei",user_upload:quiz-ABU_Smartlearn_1.Teil-top-20260519-0952.html
abu,Allgemeinbildender Unterricht ABU,abu_l12,ABU,L12,"Partnerschaft, Familie, Ehe, Konkubinat und Erbrecht",hard,single_choice,Welche Erklärung zu Kindesrecht ist im gesellschaftlichen und rechtlichen Kontext richtig?,es regelt nur Bankzinsen,es ist nur ein Mietzins,es ist eine Betreibungsart,es schützt Rechte und Interessen von Kindern,D,"Das Kindesrecht betrifft Eltern, Betreuung und Schutz.","ABU Smartlearn Quiz 1. Teil, Moodle-XHTML-Export, hochgeladene Referenzdatei",user_upload:quiz-ABU_Smartlearn_1.Teil-top-20260519-0952.html
abu,Allgemeinbildender Unterricht ABU,abu_l12,ABU,L12,"Partnerschaft, Familie, Ehe, Konkubinat und Erbrecht",easy,single_choice,Was ist bei Kindesrecht grundsätzlich richtig?,es schützt Rechte und Interessen von Kindern,es regelt nur Bankzinsen,es ist nur ein Mietzins,es ist eine Betreibungsart,A,"Das Kindesrecht betrifft Eltern, Betreuung und Schutz.","ABU Smartlearn Quiz 1. Teil, Moodle-XHTML-Export, hochgeladene Referenzdatei",user_upload:quiz-ABU_Smartlearn_1.Teil-top-20260519-0952.html
abu,Allgemeinbildender Unterricht ABU,abu_l12,ABU,L12,"Partnerschaft, Familie, Ehe, Konkubinat und Erbrecht",medium,single_choice,Welche Aussage zeigt ein korrektes Verständnis von Kindesrecht?,es regelt nur Bankzinsen,es schützt Rechte und Interessen von Kindern,es ist nur ein Mietzins,es ist eine Betreibungsart,B,"Das Kindesrecht betrifft Eltern, Betreuung und Schutz.","ABU Smartlearn Quiz 1. Teil, Moodle-XHTML-Export, hochgeladene Referenzdatei",user_upload:quiz-ABU_Smartlearn_1.Teil-top-20260519-0952.html
abu,Allgemeinbildender Unterricht ABU,abu_l12,ABU,L12,"Partnerschaft, Familie, Ehe, Konkubinat und Erbrecht",hard,single_choice,Welche Aussage grenzt Kindesrecht am präzisesten von falschen Vorstellungen ab?,es regelt nur Bankzinsen,es ist nur ein Mietzins,es schützt Rechte und Interessen von Kindern,es ist eine Betreibungsart,C,"Das Kindesrecht betrifft Eltern, Betreuung und Schutz.","ABU Smartlearn Quiz 1. Teil, Moodle-XHTML-Export, hochgeladene Referenzdatei",user_upload:quiz-ABU_Smartlearn_1.Teil-top-20260519-0952.html
abu,Allgemeinbildender Unterricht ABU,abu_l12,ABU,L12,"Partnerschaft, Familie, Ehe, Konkubinat und Erbrecht",easy,single_choice,Welche Kurzdefinition passt zu Kindesrecht?,es regelt nur Bankzinsen,es ist nur ein Mietzins,es ist eine Betreibungsart,es schützt Rechte und Interessen von Kindern,D,"Das Kindesrecht betrifft Eltern, Betreuung und Schutz.","ABU Smartlearn Quiz 1. Teil, Moodle-XHTML-Export, hochgeladene Referenzdatei",user_upload:quiz-ABU_Smartlearn_1.Teil-top-20260519-0952.html
abu,Allgemeinbildender Unterricht ABU,abu_l12,ABU,L12,"Partnerschaft, Familie, Ehe, Konkubinat und Erbrecht",easy,single_choice,Welche Aussage beschreibt Ehescheidung im ABU am besten?,eine Ehe wird rechtlich aufgelöst,sie ist ein Kaufbeleg,sie ist eine Versicherung,sie ist ein Budgetposten,A,"Scheidungen regeln unter anderem Vermögen, Unterhalt und Kinderfragen.","ABU Smartlearn Quiz 1. Teil, Moodle-XHTML-Export, hochgeladene Referenzdatei",user_upload:quiz-ABU_Smartlearn_1.Teil-top-20260519-0952.html
abu,Allgemeinbildender Unterricht ABU,abu_l12,ABU,L12,"Partnerschaft, Familie, Ehe, Konkubinat und Erbrecht",medium,single_choice,Worauf muss man beim Thema Ehescheidung besonders achten?,sie ist ein Kaufbeleg,eine Ehe wird rechtlich aufgelöst,sie ist eine Versicherung,sie ist ein Budgetposten,B,"Scheidungen regeln unter anderem Vermögen, Unterhalt und Kinderfragen.","ABU Smartlearn Quiz 1. Teil, Moodle-XHTML-Export, hochgeladene Referenzdatei",user_upload:quiz-ABU_Smartlearn_1.Teil-top-20260519-0952.html
abu,Allgemeinbildender Unterricht ABU,abu_l12,ABU,L12,"Partnerschaft, Familie, Ehe, Konkubinat und Erbrecht",hard,single_choice,Welche Aussage zu Ehescheidung ist fachlich am korrektesten?,sie ist ein Kaufbeleg,sie ist eine Versicherung,eine Ehe wird rechtlich aufgelöst,sie ist ein Budgetposten,C,"Scheidungen regeln unter anderem Vermögen, Unterhalt und Kinderfragen.","ABU Smartlearn Quiz 1. Teil, Moodle-XHTML-Export, hochgeladene Referenzdatei",user_upload:quiz-ABU_Smartlearn_1.Teil-top-20260519-0952.html
abu,Allgemeinbildender Unterricht ABU,abu_l12,ABU,L12,"Partnerschaft, Familie, Ehe, Konkubinat und Erbrecht",easy,single_choice,Welche Antwort passt zum Begriff Ehescheidung?,sie ist ein Kaufbeleg,sie ist eine Versicherung,sie ist ein Budgetposten,eine Ehe wird rechtlich aufgelöst,D,"Scheidungen regeln unter anderem Vermögen, Unterhalt und Kinderfragen.","ABU Smartlearn Quiz 1. Teil, Moodle-XHTML-Export, hochgeladene Referenzdatei",user_upload:quiz-ABU_Smartlearn_1.Teil-top-20260519-0952.html
abu,Allgemeinbildender Unterricht ABU,abu_l12,ABU,L12,"Partnerschaft, Familie, Ehe, Konkubinat und Erbrecht",medium,single_choice,Welche praktische Bedeutung hat Ehescheidung für Lernende?,eine Ehe wird rechtlich aufgelöst,sie ist ein Kaufbeleg,sie ist eine Versicherung,sie ist ein Budgetposten,A,"Scheidungen regeln unter anderem Vermögen, Unterhalt und Kinderfragen.","ABU Smartlearn Quiz 1. Teil, Moodle-XHTML-Export, hochgeladene Referenzdatei",user_upload:quiz-ABU_Smartlearn_1.Teil-top-20260519-0952.html
abu,Allgemeinbildender Unterricht ABU,abu_l12,ABU,L12,"Partnerschaft, Familie, Ehe, Konkubinat und Erbrecht",hard,single_choice,Welche Erklärung zu Ehescheidung ist im gesellschaftlichen und rechtlichen Kontext richtig?,sie ist ein Kaufbeleg,eine Ehe wird rechtlich aufgelöst,sie ist eine Versicherung,sie ist ein Budgetposten,B,"Scheidungen regeln unter anderem Vermögen, Unterhalt und Kinderfragen.","ABU Smartlearn Quiz 1. Teil, Moodle-XHTML-Export, hochgeladene Referenzdatei",user_upload:quiz-ABU_Smartlearn_1.Teil-top-20260519-0952.html
abu,Allgemeinbildender Unterricht ABU,abu_l12,ABU,L12,"Partnerschaft, Familie, Ehe, Konkubinat und Erbrecht",easy,single_choice,Was ist bei Ehescheidung grundsätzlich richtig?,sie ist ein Kaufbeleg,sie ist eine Versicherung,eine Ehe wird rechtlich aufgelöst,sie ist ein Budgetposten,C,"Scheidungen regeln unter anderem Vermögen, Unterhalt und Kinderfragen.","ABU Smartlearn Quiz 1. Teil, Moodle-XHTML-Export, hochgeladene Referenzdatei",user_upload:quiz-ABU_Smartlearn_1.Teil-top-20260519-0952.html
abu,Allgemeinbildender Unterricht ABU,abu_l12,ABU,L12,"Partnerschaft, Familie, Ehe, Konkubinat und Erbrecht",medium,single_choice,Welche Aussage zeigt ein korrektes Verständnis von Ehescheidung?,sie ist ein Kaufbeleg,sie ist eine Versicherung,sie ist ein Budgetposten,eine Ehe wird rechtlich aufgelöst,D,"Scheidungen regeln unter anderem Vermögen, Unterhalt und Kinderfragen.","ABU Smartlearn Quiz 1. Teil, Moodle-XHTML-Export, hochgeladene Referenzdatei",user_upload:quiz-ABU_Smartlearn_1.Teil-top-20260519-0952.html
abu,Allgemeinbildender Unterricht ABU,abu_l12,ABU,L12,"Partnerschaft, Familie, Ehe, Konkubinat und Erbrecht",hard,single_choice,Welche Aussage grenzt Ehescheidung am präzisesten von falschen Vorstellungen ab?,eine Ehe wird rechtlich aufgelöst,sie ist ein Kaufbeleg,sie ist eine Versicherung,sie ist ein Budgetposten,A,"Scheidungen regeln unter anderem Vermögen, Unterhalt und Kinderfragen.","ABU Smartlearn Quiz 1. Teil, Moodle-XHTML-Export, hochgeladene Referenzdatei",user_upload:quiz-ABU_Smartlearn_1.Teil-top-20260519-0952.html
abu,Allgemeinbildender Unterricht ABU,abu_l12,ABU,L12,"Partnerschaft, Familie, Ehe, Konkubinat und Erbrecht",easy,single_choice,Welche Kurzdefinition passt zu Ehescheidung?,sie ist ein Kaufbeleg,eine Ehe wird rechtlich aufgelöst,sie ist eine Versicherung,sie ist ein Budgetposten,B,"Scheidungen regeln unter anderem Vermögen, Unterhalt und Kinderfragen.","ABU Smartlearn Quiz 1. Teil, Moodle-XHTML-Export, hochgeladene Referenzdatei",user_upload:quiz-ABU_Smartlearn_1.Teil-top-20260519-0952.html
abu,Allgemeinbildender Unterricht ABU,abu_l12,ABU,L12,"Partnerschaft, Familie, Ehe, Konkubinat und Erbrecht",easy,single_choice,Welche Aussage beschreibt Erbrecht im ABU am besten?,es ist ein Stimmrecht,es ist eine Mängelrüge,"es regelt, wer Vermögen nach dem Tod erhält",es ist ein Lohnzettel,C,Erbrecht schafft Regeln für Nachlass und Erben.,"ABU Smartlearn Quiz 1. Teil, Moodle-XHTML-Export, hochgeladene Referenzdatei",user_upload:quiz-ABU_Smartlearn_1.Teil-top-20260519-0952.html
abu,Allgemeinbildender Unterricht ABU,abu_l12,ABU,L12,"Partnerschaft, Familie, Ehe, Konkubinat und Erbrecht",medium,single_choice,Worauf muss man beim Thema Erbrecht besonders achten?,es ist ein Stimmrecht,es ist eine Mängelrüge,es ist ein Lohnzettel,"es regelt, wer Vermögen nach dem Tod erhält",D,Erbrecht schafft Regeln für Nachlass und Erben.,"ABU Smartlearn Quiz 1. Teil, Moodle-XHTML-Export, hochgeladene Referenzdatei",user_upload:quiz-ABU_Smartlearn_1.Teil-top-20260519-0952.html
abu,Allgemeinbildender Unterricht ABU,abu_l12,ABU,L12,"Partnerschaft, Familie, Ehe, Konkubinat und Erbrecht",hard,single_choice,Welche Aussage zu Erbrecht ist fachlich am korrektesten?,"es regelt, wer Vermögen nach dem Tod erhält",es ist ein Stimmrecht,es ist eine Mängelrüge,es ist ein Lohnzettel,A,Erbrecht schafft Regeln für Nachlass und Erben.,"ABU Smartlearn Quiz 1. Teil, Moodle-XHTML-Export, hochgeladene Referenzdatei",user_upload:quiz-ABU_Smartlearn_1.Teil-top-20260519-0952.html
abu,Allgemeinbildender Unterricht ABU,abu_l12,ABU,L12,"Partnerschaft, Familie, Ehe, Konkubinat und Erbrecht",easy,single_choice,Welche Antwort passt zum Begriff Erbrecht?,es ist ein Stimmrecht,"es regelt, wer Vermögen nach dem Tod erhält",es ist eine Mängelrüge,es ist ein Lohnzettel,B,Erbrecht schafft Regeln für Nachlass und Erben.,"ABU Smartlearn Quiz 1. Teil, Moodle-XHTML-Export, hochgeladene Referenzdatei",user_upload:quiz-ABU_Smartlearn_1.Teil-top-20260519-0952.html
abu,Allgemeinbildender Unterricht ABU,abu_l12,ABU,L12,"Partnerschaft, Familie, Ehe, Konkubinat und Erbrecht",medium,single_choice,Welche praktische Bedeutung hat Erbrecht für Lernende?,es ist ein Stimmrecht,es ist eine Mängelrüge,"es regelt, wer Vermögen nach dem Tod erhält",es ist ein Lohnzettel,C,Erbrecht schafft Regeln für Nachlass und Erben.,"ABU Smartlearn Quiz 1. Teil, Moodle-XHTML-Export, hochgeladene Referenzdatei",user_upload:quiz-ABU_Smartlearn_1.Teil-top-20260519-0952.html
abu,Allgemeinbildender Unterricht ABU,abu_l12,ABU,L12,"Partnerschaft, Familie, Ehe, Konkubinat und Erbrecht",hard,single_choice,Welche Erklärung zu Erbrecht ist im gesellschaftlichen und rechtlichen Kontext richtig?,es ist ein Stimmrecht,es ist eine Mängelrüge,es ist ein Lohnzettel,"es regelt, wer Vermögen nach dem Tod erhält",D,Erbrecht schafft Regeln für Nachlass und Erben.,"ABU Smartlearn Quiz 1. Teil, Moodle-XHTML-Export, hochgeladene Referenzdatei",user_upload:quiz-ABU_Smartlearn_1.Teil-top-20260519-0952.html
abu,Allgemeinbildender Unterricht ABU,abu_l12,ABU,L12,"Partnerschaft, Familie, Ehe, Konkubinat und Erbrecht",easy,single_choice,Was ist bei Erbrecht grundsätzlich richtig?,"es regelt, wer Vermögen nach dem Tod erhält",es ist ein Stimmrecht,es ist eine Mängelrüge,es ist ein Lohnzettel,A,Erbrecht schafft Regeln für Nachlass und Erben.,"ABU Smartlearn Quiz 1. Teil, Moodle-XHTML-Export, hochgeladene Referenzdatei",user_upload:quiz-ABU_Smartlearn_1.Teil-top-20260519-0952.html
abu,Allgemeinbildender Unterricht ABU,abu_l12,ABU,L12,"Partnerschaft, Familie, Ehe, Konkubinat und Erbrecht",medium,single_choice,Welche Aussage zeigt ein korrektes Verständnis von Erbrecht?,es ist ein Stimmrecht,"es regelt, wer Vermögen nach dem Tod erhält",es ist eine Mängelrüge,es ist ein Lohnzettel,B,Erbrecht schafft Regeln für Nachlass und Erben.,"ABU Smartlearn Quiz 1. Teil, Moodle-XHTML-Export, hochgeladene Referenzdatei",user_upload:quiz-ABU_Smartlearn_1.Teil-top-20260519-0952.html
abu,Allgemeinbildender Unterricht ABU,abu_l12,ABU,L12,"Partnerschaft, Familie, Ehe, Konkubinat und Erbrecht",hard,single_choice,Welche Aussage grenzt Erbrecht am präzisesten von falschen Vorstellungen ab?,es ist ein Stimmrecht,es ist eine Mängelrüge,"es regelt, wer Vermögen nach dem Tod erhält",es ist ein Lohnzettel,C,Erbrecht schafft Regeln für Nachlass und Erben.,"ABU Smartlearn Quiz 1. Teil, Moodle-XHTML-Export, hochgeladene Referenzdatei",user_upload:quiz-ABU_Smartlearn_1.Teil-top-20260519-0952.html
abu,Allgemeinbildender Unterricht ABU,abu_l12,ABU,L12,"Partnerschaft, Familie, Ehe, Konkubinat und Erbrecht",easy,single_choice,Welche Kurzdefinition passt zu Erbrecht?,es ist ein Stimmrecht,es ist eine Mängelrüge,es ist ein Lohnzettel,"es regelt, wer Vermögen nach dem Tod erhält",D,Erbrecht schafft Regeln für Nachlass und Erben.,"ABU Smartlearn Quiz 1. Teil, Moodle-XHTML-Export, hochgeladene Referenzdatei",user_upload:quiz-ABU_Smartlearn_1.Teil-top-20260519-0952.html
abu,Allgemeinbildender Unterricht ABU,abu_l13,ABU,L13,"Wohnen, Miete, Zusammenleben und Wohnversicherungen",easy,single_choice,Welche Aussage beschreibt Mietvertrag im ABU am besten?,er regelt Rechte und Pflichten von Mieterschaft und Vermieterschaft,er ist ein Lehrvertrag,er ist eine Wahlurne,er ist ein Kreditkartenauszug,A,Der Mietvertrag ist Grundlage des Wohnverhältnisses.,"ABU Smartlearn Quiz 1. Teil, Moodle-XHTML-Export, hochgeladene Referenzdatei",user_upload:quiz-ABU_Smartlearn_1.Teil-top-20260519-0952.html
abu,Allgemeinbildender Unterricht ABU,abu_l13,ABU,L13,"Wohnen, Miete, Zusammenleben und Wohnversicherungen",medium,single_choice,Worauf muss man beim Thema Mietvertrag besonders achten?,er ist ein Lehrvertrag,er regelt Rechte und Pflichten von Mieterschaft und Vermieterschaft,er ist eine Wahlurne,er ist ein Kreditkartenauszug,B,Der Mietvertrag ist Grundlage des Wohnverhältnisses.,"ABU Smartlearn Quiz 1. Teil, Moodle-XHTML-Export, hochgeladene Referenzdatei",user_upload:quiz-ABU_Smartlearn_1.Teil-top-20260519-0952.html
abu,Allgemeinbildender Unterricht ABU,abu_l13,ABU,L13,"Wohnen, Miete, Zusammenleben und Wohnversicherungen",hard,single_choice,Welche Aussage zu Mietvertrag ist fachlich am korrektesten?,er ist ein Lehrvertrag,er ist eine Wahlurne,er regelt Rechte und Pflichten von Mieterschaft und Vermieterschaft,er ist ein Kreditkartenauszug,C,Der Mietvertrag ist Grundlage des Wohnverhältnisses.,"ABU Smartlearn Quiz 1. Teil, Moodle-XHTML-Export, hochgeladene Referenzdatei",user_upload:quiz-ABU_Smartlearn_1.Teil-top-20260519-0952.html
abu,Allgemeinbildender Unterricht ABU,abu_l13,ABU,L13,"Wohnen, Miete, Zusammenleben und Wohnversicherungen",easy,single_choice,Welche Antwort passt zum Begriff Mietvertrag?,er ist ein Lehrvertrag,er ist eine Wahlurne,er ist ein Kreditkartenauszug,er regelt Rechte und Pflichten von Mieterschaft und Vermieterschaft,D,Der Mietvertrag ist Grundlage des Wohnverhältnisses.,"ABU Smartlearn Quiz 1. Teil, Moodle-XHTML-Export, hochgeladene Referenzdatei",user_upload:quiz-ABU_Smartlearn_1.Teil-top-20260519-0952.html
abu,Allgemeinbildender Unterricht ABU,abu_l13,ABU,L13,"Wohnen, Miete, Zusammenleben und Wohnversicherungen",medium,single_choice,Welche praktische Bedeutung hat Mietvertrag für Lernende?,er regelt Rechte und Pflichten von Mieterschaft und Vermieterschaft,er ist ein Lehrvertrag,er ist eine Wahlurne,er ist ein Kreditkartenauszug,A,Der Mietvertrag ist Grundlage des Wohnverhältnisses.,"ABU Smartlearn Quiz 1. Teil, Moodle-XHTML-Export, hochgeladene Referenzdatei",user_upload:quiz-ABU_Smartlearn_1.Teil-top-20260519-0952.html
abu,Allgemeinbildender Unterricht ABU,abu_l13,ABU,L13,"Wohnen, Miete, Zusammenleben und Wohnversicherungen",hard,single_choice,Welche Erklärung zu Mietvertrag ist im gesellschaftlichen und rechtlichen Kontext richtig?,er ist ein Lehrvertrag,er regelt Rechte und Pflichten von Mieterschaft und Vermieterschaft,er ist eine Wahlurne,er ist ein Kreditkartenauszug,B,Der Mietvertrag ist Grundlage des Wohnverhältnisses.,"ABU Smartlearn Quiz 1. Teil, Moodle-XHTML-Export, hochgeladene Referenzdatei",user_upload:quiz-ABU_Smartlearn_1.Teil-top-20260519-0952.html
abu,Allgemeinbildender Unterricht ABU,abu_l13,ABU,L13,"Wohnen, Miete, Zusammenleben und Wohnversicherungen",easy,single_choice,Was ist bei Mietvertrag grundsätzlich richtig?,er ist ein Lehrvertrag,er ist eine Wahlurne,er regelt Rechte und Pflichten von Mieterschaft und Vermieterschaft,er ist ein Kreditkartenauszug,C,Der Mietvertrag ist Grundlage des Wohnverhältnisses.,"ABU Smartlearn Quiz 1. Teil, Moodle-XHTML-Export, hochgeladene Referenzdatei",user_upload:quiz-ABU_Smartlearn_1.Teil-top-20260519-0952.html
abu,Allgemeinbildender Unterricht ABU,abu_l13,ABU,L13,"Wohnen, Miete, Zusammenleben und Wohnversicherungen",medium,single_choice,Welche Aussage zeigt ein korrektes Verständnis von Mietvertrag?,er ist ein Lehrvertrag,er ist eine Wahlurne,er ist ein Kreditkartenauszug,er regelt Rechte und Pflichten von Mieterschaft und Vermieterschaft,D,Der Mietvertrag ist Grundlage des Wohnverhältnisses.,"ABU Smartlearn Quiz 1. Teil, Moodle-XHTML-Export, hochgeladene Referenzdatei",user_upload:quiz-ABU_Smartlearn_1.Teil-top-20260519-0952.html
abu,Allgemeinbildender Unterricht ABU,abu_l13,ABU,L13,"Wohnen, Miete, Zusammenleben und Wohnversicherungen",hard,single_choice,Welche Aussage grenzt Mietvertrag am präzisesten von falschen Vorstellungen ab?,er regelt Rechte und Pflichten von Mieterschaft und Vermieterschaft,er ist ein Lehrvertrag,er ist eine Wahlurne,er ist ein Kreditkartenauszug,A,Der Mietvertrag ist Grundlage des Wohnverhältnisses.,"ABU Smartlearn Quiz 1. Teil, Moodle-XHTML-Export, hochgeladene Referenzdatei",user_upload:quiz-ABU_Smartlearn_1.Teil-top-20260519-0952.html
abu,Allgemeinbildender Unterricht ABU,abu_l13,ABU,L13,"Wohnen, Miete, Zusammenleben und Wohnversicherungen",easy,single_choice,Welche Kurzdefinition passt zu Mietvertrag?,er ist ein Lehrvertrag,er regelt Rechte und Pflichten von Mieterschaft und Vermieterschaft,er ist eine Wahlurne,er ist ein Kreditkartenauszug,B,Der Mietvertrag ist Grundlage des Wohnverhältnisses.,"ABU Smartlearn Quiz 1. Teil, Moodle-XHTML-Export, hochgeladene Referenzdatei",user_upload:quiz-ABU_Smartlearn_1.Teil-top-20260519-0952.html
abu,Allgemeinbildender Unterricht ABU,abu_l13,ABU,L13,"Wohnen, Miete, Zusammenleben und Wohnversicherungen",easy,single_choice,Welche Aussage beschreibt Mietzins im ABU am besten?,er ist ein Stimmzettel,er ist immer eine Steuer,er ist der Preis für die Nutzung der Wohnung,er ist eine Versicherungspolice,C,Der Mietzins muss vertragsgemäss bezahlt werden.,"ABU Smartlearn Quiz 1. Teil, Moodle-XHTML-Export, hochgeladene Referenzdatei",user_upload:quiz-ABU_Smartlearn_1.Teil-top-20260519-0952.html
abu,Allgemeinbildender Unterricht ABU,abu_l13,ABU,L13,"Wohnen, Miete, Zusammenleben und Wohnversicherungen",medium,single_choice,Worauf muss man beim Thema Mietzins besonders achten?,er ist ein Stimmzettel,er ist immer eine Steuer,er ist eine Versicherungspolice,er ist der Preis für die Nutzung der Wohnung,D,Der Mietzins muss vertragsgemäss bezahlt werden.,"ABU Smartlearn Quiz 1. Teil, Moodle-XHTML-Export, hochgeladene Referenzdatei",user_upload:quiz-ABU_Smartlearn_1.Teil-top-20260519-0952.html
abu,Allgemeinbildender Unterricht ABU,abu_l13,ABU,L13,"Wohnen, Miete, Zusammenleben und Wohnversicherungen",hard,single_choice,Welche Aussage zu Mietzins ist fachlich am korrektesten?,er ist der Preis für die Nutzung der Wohnung,er ist ein Stimmzettel,er ist immer eine Steuer,er ist eine Versicherungspolice,A,Der Mietzins muss vertragsgemäss bezahlt werden.,"ABU Smartlearn Quiz 1. Teil, Moodle-XHTML-Export, hochgeladene Referenzdatei",user_upload:quiz-ABU_Smartlearn_1.Teil-top-20260519-0952.html
abu,Allgemeinbildender Unterricht ABU,abu_l13,ABU,L13,"Wohnen, Miete, Zusammenleben und Wohnversicherungen",easy,single_choice,Welche Antwort passt zum Begriff Mietzins?,er ist ein Stimmzettel,er ist der Preis für die Nutzung der Wohnung,er ist immer eine Steuer,er ist eine Versicherungspolice,B,Der Mietzins muss vertragsgemäss bezahlt werden.,"ABU Smartlearn Quiz 1. Teil, Moodle-XHTML-Export, hochgeladene Referenzdatei",user_upload:quiz-ABU_Smartlearn_1.Teil-top-20260519-0952.html
abu,Allgemeinbildender Unterricht ABU,abu_l13,ABU,L13,"Wohnen, Miete, Zusammenleben und Wohnversicherungen",medium,single_choice,Welche praktische Bedeutung hat Mietzins für Lernende?,er ist ein Stimmzettel,er ist immer eine Steuer,er ist der Preis für die Nutzung der Wohnung,er ist eine Versicherungspolice,C,Der Mietzins muss vertragsgemäss bezahlt werden.,"ABU Smartlearn Quiz 1. Teil, Moodle-XHTML-Export, hochgeladene Referenzdatei",user_upload:quiz-ABU_Smartlearn_1.Teil-top-20260519-0952.html
abu,Allgemeinbildender Unterricht ABU,abu_l13,ABU,L13,"Wohnen, Miete, Zusammenleben und Wohnversicherungen",hard,single_choice,Welche Erklärung zu Mietzins ist im gesellschaftlichen und rechtlichen Kontext richtig?,er ist ein Stimmzettel,er ist immer eine Steuer,er ist eine Versicherungspolice,er ist der Preis für die Nutzung der Wohnung,D,Der Mietzins muss vertragsgemäss bezahlt werden.,"ABU Smartlearn Quiz 1. Teil, Moodle-XHTML-Export, hochgeladene Referenzdatei",user_upload:quiz-ABU_Smartlearn_1.Teil-top-20260519-0952.html
abu,Allgemeinbildender Unterricht ABU,abu_l13,ABU,L13,"Wohnen, Miete, Zusammenleben und Wohnversicherungen",easy,single_choice,Was ist bei Mietzins grundsätzlich richtig?,er ist der Preis für die Nutzung der Wohnung,er ist ein Stimmzettel,er ist immer eine Steuer,er ist eine Versicherungspolice,A,Der Mietzins muss vertragsgemäss bezahlt werden.,"ABU Smartlearn Quiz 1. Teil, Moodle-XHTML-Export, hochgeladene Referenzdatei",user_upload:quiz-ABU_Smartlearn_1.Teil-top-20260519-0952.html
abu,Allgemeinbildender Unterricht ABU,abu_l13,ABU,L13,"Wohnen, Miete, Zusammenleben und Wohnversicherungen",medium,single_choice,Welche Aussage zeigt ein korrektes Verständnis von Mietzins?,er ist ein Stimmzettel,er ist der Preis für die Nutzung der Wohnung,er ist immer eine Steuer,er ist eine Versicherungspolice,B,Der Mietzins muss vertragsgemäss bezahlt werden.,"ABU Smartlearn Quiz 1. Teil, Moodle-XHTML-Export, hochgeladene Referenzdatei",user_upload:quiz-ABU_Smartlearn_1.Teil-top-20260519-0952.html
abu,Allgemeinbildender Unterricht ABU,abu_l13,ABU,L13,"Wohnen, Miete, Zusammenleben und Wohnversicherungen",hard,single_choice,Welche Aussage grenzt Mietzins am präzisesten von falschen Vorstellungen ab?,er ist ein Stimmzettel,er ist immer eine Steuer,er ist der Preis für die Nutzung der Wohnung,er ist eine Versicherungspolice,C,Der Mietzins muss vertragsgemäss bezahlt werden.,"ABU Smartlearn Quiz 1. Teil, Moodle-XHTML-Export, hochgeladene Referenzdatei",user_upload:quiz-ABU_Smartlearn_1.Teil-top-20260519-0952.html
abu,Allgemeinbildender Unterricht ABU,abu_l13,ABU,L13,"Wohnen, Miete, Zusammenleben und Wohnversicherungen",easy,single_choice,Welche Kurzdefinition passt zu Mietzins?,er ist ein Stimmzettel,er ist immer eine Steuer,er ist eine Versicherungspolice,er ist der Preis für die Nutzung der Wohnung,D,Der Mietzins muss vertragsgemäss bezahlt werden.,"ABU Smartlearn Quiz 1. Teil, Moodle-XHTML-Export, hochgeladene Referenzdatei",user_upload:quiz-ABU_Smartlearn_1.Teil-top-20260519-0952.html
abu,Allgemeinbildender Unterricht ABU,abu_l13,ABU,L13,"Wohnen, Miete, Zusammenleben und Wohnversicherungen",easy,single_choice,Welche Aussage beschreibt Kündigungsfrist im ABU am besten?,"sie bestimmt, bis wann eine Kündigung wirksam erklärt werden muss",sie ist ein Kaufmangel,sie ist ein Bankzins,sie ist ein Erbanteil,A,Fristen sind im Mietrecht besonders wichtig.,"ABU Smartlearn Quiz 1. Teil, Moodle-XHTML-Export, hochgeladene Referenzdatei",user_upload:quiz-ABU_Smartlearn_1.Teil-top-20260519-0952.html
abu,Allgemeinbildender Unterricht ABU,abu_l13,ABU,L13,"Wohnen, Miete, Zusammenleben und Wohnversicherungen",medium,single_choice,Worauf muss man beim Thema Kündigungsfrist besonders achten?,sie ist ein Kaufmangel,"sie bestimmt, bis wann eine Kündigung wirksam erklärt werden muss",sie ist ein Bankzins,sie ist ein Erbanteil,B,Fristen sind im Mietrecht besonders wichtig.,"ABU Smartlearn Quiz 1. Teil, Moodle-XHTML-Export, hochgeladene Referenzdatei",user_upload:quiz-ABU_Smartlearn_1.Teil-top-20260519-0952.html
abu,Allgemeinbildender Unterricht ABU,abu_l13,ABU,L13,"Wohnen, Miete, Zusammenleben und Wohnversicherungen",hard,single_choice,Welche Aussage zu Kündigungsfrist ist fachlich am korrektesten?,sie ist ein Kaufmangel,sie ist ein Bankzins,"sie bestimmt, bis wann eine Kündigung wirksam erklärt werden muss",sie ist ein Erbanteil,C,Fristen sind im Mietrecht besonders wichtig.,"ABU Smartlearn Quiz 1. Teil, Moodle-XHTML-Export, hochgeladene Referenzdatei",user_upload:quiz-ABU_Smartlearn_1.Teil-top-20260519-0952.html
abu,Allgemeinbildender Unterricht ABU,abu_l13,ABU,L13,"Wohnen, Miete, Zusammenleben und Wohnversicherungen",easy,single_choice,Welche Antwort passt zum Begriff Kündigungsfrist?,sie ist ein Kaufmangel,sie ist ein Bankzins,sie ist ein Erbanteil,"sie bestimmt, bis wann eine Kündigung wirksam erklärt werden muss",D,Fristen sind im Mietrecht besonders wichtig.,"ABU Smartlearn Quiz 1. Teil, Moodle-XHTML-Export, hochgeladene Referenzdatei",user_upload:quiz-ABU_Smartlearn_1.Teil-top-20260519-0952.html
abu,Allgemeinbildender Unterricht ABU,abu_l13,ABU,L13,"Wohnen, Miete, Zusammenleben und Wohnversicherungen",medium,single_choice,Welche praktische Bedeutung hat Kündigungsfrist für Lernende?,"sie bestimmt, bis wann eine Kündigung wirksam erklärt werden muss",sie ist ein Kaufmangel,sie ist ein Bankzins,sie ist ein Erbanteil,A,Fristen sind im Mietrecht besonders wichtig.,"ABU Smartlearn Quiz 1. Teil, Moodle-XHTML-Export, hochgeladene Referenzdatei",user_upload:quiz-ABU_Smartlearn_1.Teil-top-20260519-0952.html
abu,Allgemeinbildender Unterricht ABU,abu_l13,ABU,L13,"Wohnen, Miete, Zusammenleben und Wohnversicherungen",hard,single_choice,Welche Erklärung zu Kündigungsfrist ist im gesellschaftlichen und rechtlichen Kontext richtig?,sie ist ein Kaufmangel,"sie bestimmt, bis wann eine Kündigung wirksam erklärt werden muss",sie ist ein Bankzins,sie ist ein Erbanteil,B,Fristen sind im Mietrecht besonders wichtig.,"ABU Smartlearn Quiz 1. Teil, Moodle-XHTML-Export, hochgeladene Referenzdatei",user_upload:quiz-ABU_Smartlearn_1.Teil-top-20260519-0952.html
abu,Allgemeinbildender Unterricht ABU,abu_l13,ABU,L13,"Wohnen, Miete, Zusammenleben und Wohnversicherungen",easy,single_choice,Was ist bei Kündigungsfrist grundsätzlich richtig?,sie ist ein Kaufmangel,sie ist ein Bankzins,"sie bestimmt, bis wann eine Kündigung wirksam erklärt werden muss",sie ist ein Erbanteil,C,Fristen sind im Mietrecht besonders wichtig.,"ABU Smartlearn Quiz 1. Teil, Moodle-XHTML-Export, hochgeladene Referenzdatei",user_upload:quiz-ABU_Smartlearn_1.Teil-top-20260519-0952.html
abu,Allgemeinbildender Unterricht ABU,abu_l13,ABU,L13,"Wohnen, Miete, Zusammenleben und Wohnversicherungen",medium,single_choice,Welche Aussage zeigt ein korrektes Verständnis von Kündigungsfrist?,sie ist ein Kaufmangel,sie ist ein Bankzins,sie ist ein Erbanteil,"sie bestimmt, bis wann eine Kündigung wirksam erklärt werden muss",D,Fristen sind im Mietrecht besonders wichtig.,"ABU Smartlearn Quiz 1. Teil, Moodle-XHTML-Export, hochgeladene Referenzdatei",user_upload:quiz-ABU_Smartlearn_1.Teil-top-20260519-0952.html
abu,Allgemeinbildender Unterricht ABU,abu_l13,ABU,L13,"Wohnen, Miete, Zusammenleben und Wohnversicherungen",hard,single_choice,Welche Aussage grenzt Kündigungsfrist am präzisesten von falschen Vorstellungen ab?,"sie bestimmt, bis wann eine Kündigung wirksam erklärt werden muss",sie ist ein Kaufmangel,sie ist ein Bankzins,sie ist ein Erbanteil,A,Fristen sind im Mietrecht besonders wichtig.,"ABU Smartlearn Quiz 1. Teil, Moodle-XHTML-Export, hochgeladene Referenzdatei",user_upload:quiz-ABU_Smartlearn_1.Teil-top-20260519-0952.html
abu,Allgemeinbildender Unterricht ABU,abu_l13,ABU,L13,"Wohnen, Miete, Zusammenleben und Wohnversicherungen",easy,single_choice,Welche Kurzdefinition passt zu Kündigungsfrist?,sie ist ein Kaufmangel,"sie bestimmt, bis wann eine Kündigung wirksam erklärt werden muss",sie ist ein Bankzins,sie ist ein Erbanteil,B,Fristen sind im Mietrecht besonders wichtig.,"ABU Smartlearn Quiz 1. Teil, Moodle-XHTML-Export, hochgeladene Referenzdatei",user_upload:quiz-ABU_Smartlearn_1.Teil-top-20260519-0952.html
abu,Allgemeinbildender Unterricht ABU,abu_l13,ABU,L13,"Wohnen, Miete, Zusammenleben und Wohnversicherungen",easy,single_choice,Welche Aussage beschreibt Wohnungsübergabe im ABU am besten?,Stimmen werden gezählt,Kredite werden bewilligt,Zustand und Mängel werden bei Einzug oder Auszug festgehalten,Steuern werden progressiv,C,Ein Protokoll schützt beide Seiten.,"ABU Smartlearn Quiz 1. Teil, Moodle-XHTML-Export, hochgeladene Referenzdatei",user_upload:quiz-ABU_Smartlearn_1.Teil-top-20260519-0952.html
abu,Allgemeinbildender Unterricht ABU,abu_l13,ABU,L13,"Wohnen, Miete, Zusammenleben und Wohnversicherungen",medium,single_choice,Worauf muss man beim Thema Wohnungsübergabe besonders achten?,Stimmen werden gezählt,Kredite werden bewilligt,Steuern werden progressiv,Zustand und Mängel werden bei Einzug oder Auszug festgehalten,D,Ein Protokoll schützt beide Seiten.,"ABU Smartlearn Quiz 1. Teil, Moodle-XHTML-Export, hochgeladene Referenzdatei",user_upload:quiz-ABU_Smartlearn_1.Teil-top-20260519-0952.html
abu,Allgemeinbildender Unterricht ABU,abu_l13,ABU,L13,"Wohnen, Miete, Zusammenleben und Wohnversicherungen",hard,single_choice,Welche Aussage zu Wohnungsübergabe ist fachlich am korrektesten?,Zustand und Mängel werden bei Einzug oder Auszug festgehalten,Stimmen werden gezählt,Kredite werden bewilligt,Steuern werden progressiv,A,Ein Protokoll schützt beide Seiten.,"ABU Smartlearn Quiz 1. Teil, Moodle-XHTML-Export, hochgeladene Referenzdatei",user_upload:quiz-ABU_Smartlearn_1.Teil-top-20260519-0952.html
abu,Allgemeinbildender Unterricht ABU,abu_l13,ABU,L13,"Wohnen, Miete, Zusammenleben und Wohnversicherungen",easy,single_choice,Welche Antwort passt zum Begriff Wohnungsübergabe?,Stimmen werden gezählt,Zustand und Mängel werden bei Einzug oder Auszug festgehalten,Kredite werden bewilligt,Steuern werden progressiv,B,Ein Protokoll schützt beide Seiten.,"ABU Smartlearn Quiz 1. Teil, Moodle-XHTML-Export, hochgeladene Referenzdatei",user_upload:quiz-ABU_Smartlearn_1.Teil-top-20260519-0952.html
abu,Allgemeinbildender Unterricht ABU,abu_l13,ABU,L13,"Wohnen, Miete, Zusammenleben und Wohnversicherungen",medium,single_choice,Welche praktische Bedeutung hat Wohnungsübergabe für Lernende?,Stimmen werden gezählt,Kredite werden bewilligt,Zustand und Mängel werden bei Einzug oder Auszug festgehalten,Steuern werden progressiv,C,Ein Protokoll schützt beide Seiten.,"ABU Smartlearn Quiz 1. Teil, Moodle-XHTML-Export, hochgeladene Referenzdatei",user_upload:quiz-ABU_Smartlearn_1.Teil-top-20260519-0952.html
abu,Allgemeinbildender Unterricht ABU,abu_l13,ABU,L13,"Wohnen, Miete, Zusammenleben und Wohnversicherungen",hard,single_choice,Welche Erklärung zu Wohnungsübergabe ist im gesellschaftlichen und rechtlichen Kontext richtig?,Stimmen werden gezählt,Kredite werden bewilligt,Steuern werden progressiv,Zustand und Mängel werden bei Einzug oder Auszug festgehalten,D,Ein Protokoll schützt beide Seiten.,"ABU Smartlearn Quiz 1. Teil, Moodle-XHTML-Export, hochgeladene Referenzdatei",user_upload:quiz-ABU_Smartlearn_1.Teil-top-20260519-0952.html
abu,Allgemeinbildender Unterricht ABU,abu_l13,ABU,L13,"Wohnen, Miete, Zusammenleben und Wohnversicherungen",easy,single_choice,Was ist bei Wohnungsübergabe grundsätzlich richtig?,Zustand und Mängel werden bei Einzug oder Auszug festgehalten,Stimmen werden gezählt,Kredite werden bewilligt,Steuern werden progressiv,A,Ein Protokoll schützt beide Seiten.,"ABU Smartlearn Quiz 1. Teil, Moodle-XHTML-Export, hochgeladene Referenzdatei",user_upload:quiz-ABU_Smartlearn_1.Teil-top-20260519-0952.html
abu,Allgemeinbildender Unterricht ABU,abu_l13,ABU,L13,"Wohnen, Miete, Zusammenleben und Wohnversicherungen",medium,single_choice,Welche Aussage zeigt ein korrektes Verständnis von Wohnungsübergabe?,Stimmen werden gezählt,Zustand und Mängel werden bei Einzug oder Auszug festgehalten,Kredite werden bewilligt,Steuern werden progressiv,B,Ein Protokoll schützt beide Seiten.,"ABU Smartlearn Quiz 1. Teil, Moodle-XHTML-Export, hochgeladene Referenzdatei",user_upload:quiz-ABU_Smartlearn_1.Teil-top-20260519-0952.html
abu,Allgemeinbildender Unterricht ABU,abu_l13,ABU,L13,"Wohnen, Miete, Zusammenleben und Wohnversicherungen",hard,single_choice,Welche Aussage grenzt Wohnungsübergabe am präzisesten von falschen Vorstellungen ab?,Stimmen werden gezählt,Kredite werden bewilligt,Zustand und Mängel werden bei Einzug oder Auszug festgehalten,Steuern werden progressiv,C,Ein Protokoll schützt beide Seiten.,"ABU Smartlearn Quiz 1. Teil, Moodle-XHTML-Export, hochgeladene Referenzdatei",user_upload:quiz-ABU_Smartlearn_1.Teil-top-20260519-0952.html
abu,Allgemeinbildender Unterricht ABU,abu_l13,ABU,L13,"Wohnen, Miete, Zusammenleben und Wohnversicherungen",easy,single_choice,Welche Kurzdefinition passt zu Wohnungsübergabe?,Stimmen werden gezählt,Kredite werden bewilligt,Steuern werden progressiv,Zustand und Mängel werden bei Einzug oder Auszug festgehalten,D,Ein Protokoll schützt beide Seiten.,"ABU Smartlearn Quiz 1. Teil, Moodle-XHTML-Export, hochgeladene Referenzdatei",user_upload:quiz-ABU_Smartlearn_1.Teil-top-20260519-0952.html
abu,Allgemeinbildender Unterricht ABU,abu_l13,ABU,L13,"Wohnen, Miete, Zusammenleben und Wohnversicherungen",easy,single_choice,Welche Aussage beschreibt Reparaturen im ABU am besten?,je nach Ursache und Umfang sind Mietende oder Vermietende zuständig,immer zahlt die Krankenkasse,immer zahlt die SNB,niemand ist zuständig,A,Kleine und grössere Reparaturen werden unterschiedlich behandelt.,"ABU Smartlearn Quiz 1. Teil, Moodle-XHTML-Export, hochgeladene Referenzdatei",user_upload:quiz-ABU_Smartlearn_1.Teil-top-20260519-0952.html
abu,Allgemeinbildender Unterricht ABU,abu_l13,ABU,L13,"Wohnen, Miete, Zusammenleben und Wohnversicherungen",medium,single_choice,Worauf muss man beim Thema Reparaturen besonders achten?,immer zahlt die Krankenkasse,je nach Ursache und Umfang sind Mietende oder Vermietende zuständig,immer zahlt die SNB,niemand ist zuständig,B,Kleine und grössere Reparaturen werden unterschiedlich behandelt.,"ABU Smartlearn Quiz 1. Teil, Moodle-XHTML-Export, hochgeladene Referenzdatei",user_upload:quiz-ABU_Smartlearn_1.Teil-top-20260519-0952.html
abu,Allgemeinbildender Unterricht ABU,abu_l13,ABU,L13,"Wohnen, Miete, Zusammenleben und Wohnversicherungen",hard,single_choice,Welche Aussage zu Reparaturen ist fachlich am korrektesten?,immer zahlt die Krankenkasse,immer zahlt die SNB,je nach Ursache und Umfang sind Mietende oder Vermietende zuständig,niemand ist zuständig,C,Kleine und grössere Reparaturen werden unterschiedlich behandelt.,"ABU Smartlearn Quiz 1. Teil, Moodle-XHTML-Export, hochgeladene Referenzdatei",user_upload:quiz-ABU_Smartlearn_1.Teil-top-20260519-0952.html
abu,Allgemeinbildender Unterricht ABU,abu_l13,ABU,L13,"Wohnen, Miete, Zusammenleben und Wohnversicherungen",easy,single_choice,Welche Antwort passt zum Begriff Reparaturen?,immer zahlt die Krankenkasse,immer zahlt die SNB,niemand ist zuständig,je nach Ursache und Umfang sind Mietende oder Vermietende zuständig,D,Kleine und grössere Reparaturen werden unterschiedlich behandelt.,"ABU Smartlearn Quiz 1. Teil, Moodle-XHTML-Export, hochgeladene Referenzdatei",user_upload:quiz-ABU_Smartlearn_1.Teil-top-20260519-0952.html
abu,Allgemeinbildender Unterricht ABU,abu_l13,ABU,L13,"Wohnen, Miete, Zusammenleben und Wohnversicherungen",medium,single_choice,Welche praktische Bedeutung hat Reparaturen für Lernende?,je nach Ursache und Umfang sind Mietende oder Vermietende zuständig,immer zahlt die Krankenkasse,immer zahlt die SNB,niemand ist zuständig,A,Kleine und grössere Reparaturen werden unterschiedlich behandelt.,"ABU Smartlearn Quiz 1. Teil, Moodle-XHTML-Export, hochgeladene Referenzdatei",user_upload:quiz-ABU_Smartlearn_1.Teil-top-20260519-0952.html
abu,Allgemeinbildender Unterricht ABU,abu_l13,ABU,L13,"Wohnen, Miete, Zusammenleben und Wohnversicherungen",hard,single_choice,Welche Erklärung zu Reparaturen ist im gesellschaftlichen und rechtlichen Kontext richtig?,immer zahlt die Krankenkasse,je nach Ursache und Umfang sind Mietende oder Vermietende zuständig,immer zahlt die SNB,niemand ist zuständig,B,Kleine und grössere Reparaturen werden unterschiedlich behandelt.,"ABU Smartlearn Quiz 1. Teil, Moodle-XHTML-Export, hochgeladene Referenzdatei",user_upload:quiz-ABU_Smartlearn_1.Teil-top-20260519-0952.html
abu,Allgemeinbildender Unterricht ABU,abu_l13,ABU,L13,"Wohnen, Miete, Zusammenleben und Wohnversicherungen",easy,single_choice,Was ist bei Reparaturen grundsätzlich richtig?,immer zahlt die Krankenkasse,immer zahlt die SNB,je nach Ursache und Umfang sind Mietende oder Vermietende zuständig,niemand ist zuständig,C,Kleine und grössere Reparaturen werden unterschiedlich behandelt.,"ABU Smartlearn Quiz 1. Teil, Moodle-XHTML-Export, hochgeladene Referenzdatei",user_upload:quiz-ABU_Smartlearn_1.Teil-top-20260519-0952.html
abu,Allgemeinbildender Unterricht ABU,abu_l13,ABU,L13,"Wohnen, Miete, Zusammenleben und Wohnversicherungen",medium,single_choice,Welche Aussage zeigt ein korrektes Verständnis von Reparaturen?,immer zahlt die Krankenkasse,immer zahlt die SNB,niemand ist zuständig,je nach Ursache und Umfang sind Mietende oder Vermietende zuständig,D,Kleine und grössere Reparaturen werden unterschiedlich behandelt.,"ABU Smartlearn Quiz 1. Teil, Moodle-XHTML-Export, hochgeladene Referenzdatei",user_upload:quiz-ABU_Smartlearn_1.Teil-top-20260519-0952.html
abu,Allgemeinbildender Unterricht ABU,abu_l13,ABU,L13,"Wohnen, Miete, Zusammenleben und Wohnversicherungen",hard,single_choice,Welche Aussage grenzt Reparaturen am präzisesten von falschen Vorstellungen ab?,je nach Ursache und Umfang sind Mietende oder Vermietende zuständig,immer zahlt die Krankenkasse,immer zahlt die SNB,niemand ist zuständig,A,Kleine und grössere Reparaturen werden unterschiedlich behandelt.,"ABU Smartlearn Quiz 1. Teil, Moodle-XHTML-Export, hochgeladene Referenzdatei",user_upload:quiz-ABU_Smartlearn_1.Teil-top-20260519-0952.html
abu,Allgemeinbildender Unterricht ABU,abu_l13,ABU,L13,"Wohnen, Miete, Zusammenleben und Wohnversicherungen",easy,single_choice,Welche Kurzdefinition passt zu Reparaturen?,immer zahlt die Krankenkasse,je nach Ursache und Umfang sind Mietende oder Vermietende zuständig,immer zahlt die SNB,niemand ist zuständig,B,Kleine und grössere Reparaturen werden unterschiedlich behandelt.,"ABU Smartlearn Quiz 1. Teil, Moodle-XHTML-Export, hochgeladene Referenzdatei",user_upload:quiz-ABU_Smartlearn_1.Teil-top-20260519-0952.html
abu,Allgemeinbildender Unterricht ABU,abu_l13,ABU,L13,"Wohnen, Miete, Zusammenleben und Wohnversicherungen",easy,single_choice,Welche Aussage beschreibt Streitfall im ABU am besten?,man muss sofort auswandern,nur die Bank entscheidet,bei Konflikten können Schlichtungsstellen helfen,alle Rechte verfallen,C,Schlichtung kann vor einem Gerichtsverfahren stehen.,"ABU Smartlearn Quiz 1. Teil, Moodle-XHTML-Export, hochgeladene Referenzdatei",user_upload:quiz-ABU_Smartlearn_1.Teil-top-20260519-0952.html
abu,Allgemeinbildender Unterricht ABU,abu_l13,ABU,L13,"Wohnen, Miete, Zusammenleben und Wohnversicherungen",medium,single_choice,Worauf muss man beim Thema Streitfall besonders achten?,man muss sofort auswandern,nur die Bank entscheidet,alle Rechte verfallen,bei Konflikten können Schlichtungsstellen helfen,D,Schlichtung kann vor einem Gerichtsverfahren stehen.,"ABU Smartlearn Quiz 1. Teil, Moodle-XHTML-Export, hochgeladene Referenzdatei",user_upload:quiz-ABU_Smartlearn_1.Teil-top-20260519-0952.html
abu,Allgemeinbildender Unterricht ABU,abu_l13,ABU,L13,"Wohnen, Miete, Zusammenleben und Wohnversicherungen",hard,single_choice,Welche Aussage zu Streitfall ist fachlich am korrektesten?,bei Konflikten können Schlichtungsstellen helfen,man muss sofort auswandern,nur die Bank entscheidet,alle Rechte verfallen,A,Schlichtung kann vor einem Gerichtsverfahren stehen.,"ABU Smartlearn Quiz 1. Teil, Moodle-XHTML-Export, hochgeladene Referenzdatei",user_upload:quiz-ABU_Smartlearn_1.Teil-top-20260519-0952.html
abu,Allgemeinbildender Unterricht ABU,abu_l13,ABU,L13,"Wohnen, Miete, Zusammenleben und Wohnversicherungen",easy,single_choice,Welche Antwort passt zum Begriff Streitfall?,man muss sofort auswandern,bei Konflikten können Schlichtungsstellen helfen,nur die Bank entscheidet,alle Rechte verfallen,B,Schlichtung kann vor einem Gerichtsverfahren stehen.,"ABU Smartlearn Quiz 1. Teil, Moodle-XHTML-Export, hochgeladene Referenzdatei",user_upload:quiz-ABU_Smartlearn_1.Teil-top-20260519-0952.html
abu,Allgemeinbildender Unterricht ABU,abu_l13,ABU,L13,"Wohnen, Miete, Zusammenleben und Wohnversicherungen",medium,single_choice,Welche praktische Bedeutung hat Streitfall für Lernende?,man muss sofort auswandern,nur die Bank entscheidet,bei Konflikten können Schlichtungsstellen helfen,alle Rechte verfallen,C,Schlichtung kann vor einem Gerichtsverfahren stehen.,"ABU Smartlearn Quiz 1. Teil, Moodle-XHTML-Export, hochgeladene Referenzdatei",user_upload:quiz-ABU_Smartlearn_1.Teil-top-20260519-0952.html
abu,Allgemeinbildender Unterricht ABU,abu_l13,ABU,L13,"Wohnen, Miete, Zusammenleben und Wohnversicherungen",hard,single_choice,Welche Erklärung zu Streitfall ist im gesellschaftlichen und rechtlichen Kontext richtig?,man muss sofort auswandern,nur die Bank entscheidet,alle Rechte verfallen,bei Konflikten können Schlichtungsstellen helfen,D,Schlichtung kann vor einem Gerichtsverfahren stehen.,"ABU Smartlearn Quiz 1. Teil, Moodle-XHTML-Export, hochgeladene Referenzdatei",user_upload:quiz-ABU_Smartlearn_1.Teil-top-20260519-0952.html
abu,Allgemeinbildender Unterricht ABU,abu_l13,ABU,L13,"Wohnen, Miete, Zusammenleben und Wohnversicherungen",easy,single_choice,Was ist bei Streitfall grundsätzlich richtig?,bei Konflikten können Schlichtungsstellen helfen,man muss sofort auswandern,nur die Bank entscheidet,alle Rechte verfallen,A,Schlichtung kann vor einem Gerichtsverfahren stehen.,"ABU Smartlearn Quiz 1. Teil, Moodle-XHTML-Export, hochgeladene Referenzdatei",user_upload:quiz-ABU_Smartlearn_1.Teil-top-20260519-0952.html
abu,Allgemeinbildender Unterricht ABU,abu_l13,ABU,L13,"Wohnen, Miete, Zusammenleben und Wohnversicherungen",medium,single_choice,Welche Aussage zeigt ein korrektes Verständnis von Streitfall?,man muss sofort auswandern,bei Konflikten können Schlichtungsstellen helfen,nur die Bank entscheidet,alle Rechte verfallen,B,Schlichtung kann vor einem Gerichtsverfahren stehen.,"ABU Smartlearn Quiz 1. Teil, Moodle-XHTML-Export, hochgeladene Referenzdatei",user_upload:quiz-ABU_Smartlearn_1.Teil-top-20260519-0952.html
abu,Allgemeinbildender Unterricht ABU,abu_l13,ABU,L13,"Wohnen, Miete, Zusammenleben und Wohnversicherungen",hard,single_choice,Welche Aussage grenzt Streitfall am präzisesten von falschen Vorstellungen ab?,man muss sofort auswandern,nur die Bank entscheidet,bei Konflikten können Schlichtungsstellen helfen,alle Rechte verfallen,C,Schlichtung kann vor einem Gerichtsverfahren stehen.,"ABU Smartlearn Quiz 1. Teil, Moodle-XHTML-Export, hochgeladene Referenzdatei",user_upload:quiz-ABU_Smartlearn_1.Teil-top-20260519-0952.html
abu,Allgemeinbildender Unterricht ABU,abu_l13,ABU,L13,"Wohnen, Miete, Zusammenleben und Wohnversicherungen",easy,single_choice,Welche Kurzdefinition passt zu Streitfall?,man muss sofort auswandern,nur die Bank entscheidet,alle Rechte verfallen,bei Konflikten können Schlichtungsstellen helfen,D,Schlichtung kann vor einem Gerichtsverfahren stehen.,"ABU Smartlearn Quiz 1. Teil, Moodle-XHTML-Export, hochgeladene Referenzdatei",user_upload:quiz-ABU_Smartlearn_1.Teil-top-20260519-0952.html
abu,Allgemeinbildender Unterricht ABU,abu_l13,ABU,L13,"Wohnen, Miete, Zusammenleben und Wohnversicherungen",easy,single_choice,Welche Aussage beschreibt Privathaftpflicht beim Wohnen im ABU am besten?,sie kann Schäden an fremdem Eigentum decken,sie zahlt immer die Miete,sie ersetzt jede Kündigung,sie ist ein Wahlrecht,A,Haftpflicht ist im Wohnalltag wichtig.,"ABU Smartlearn Quiz 1. Teil, Moodle-XHTML-Export, hochgeladene Referenzdatei",user_upload:quiz-ABU_Smartlearn_1.Teil-top-20260519-0952.html
abu,Allgemeinbildender Unterricht ABU,abu_l13,ABU,L13,"Wohnen, Miete, Zusammenleben und Wohnversicherungen",medium,single_choice,Worauf muss man beim Thema Privathaftpflicht beim Wohnen besonders achten?,sie zahlt immer die Miete,sie kann Schäden an fremdem Eigentum decken,sie ersetzt jede Kündigung,sie ist ein Wahlrecht,B,Haftpflicht ist im Wohnalltag wichtig.,"ABU Smartlearn Quiz 1. Teil, Moodle-XHTML-Export, hochgeladene Referenzdatei",user_upload:quiz-ABU_Smartlearn_1.Teil-top-20260519-0952.html
abu,Allgemeinbildender Unterricht ABU,abu_l13,ABU,L13,"Wohnen, Miete, Zusammenleben und Wohnversicherungen",hard,single_choice,Welche Aussage zu Privathaftpflicht beim Wohnen ist fachlich am korrektesten?,sie zahlt immer die Miete,sie ersetzt jede Kündigung,sie kann Schäden an fremdem Eigentum decken,sie ist ein Wahlrecht,C,Haftpflicht ist im Wohnalltag wichtig.,"ABU Smartlearn Quiz 1. Teil, Moodle-XHTML-Export, hochgeladene Referenzdatei",user_upload:quiz-ABU_Smartlearn_1.Teil-top-20260519-0952.html
abu,Allgemeinbildender Unterricht ABU,abu_l13,ABU,L13,"Wohnen, Miete, Zusammenleben und Wohnversicherungen",easy,single_choice,Welche Antwort passt zum Begriff Privathaftpflicht beim Wohnen?,sie zahlt immer die Miete,sie ersetzt jede Kündigung,sie ist ein Wahlrecht,sie kann Schäden an fremdem Eigentum decken,D,Haftpflicht ist im Wohnalltag wichtig.,"ABU Smartlearn Quiz 1. Teil, Moodle-XHTML-Export, hochgeladene Referenzdatei",user_upload:quiz-ABU_Smartlearn_1.Teil-top-20260519-0952.html
abu,Allgemeinbildender Unterricht ABU,abu_l13,ABU,L13,"Wohnen, Miete, Zusammenleben und Wohnversicherungen",medium,single_choice,Welche praktische Bedeutung hat Privathaftpflicht beim Wohnen für Lernende?,sie kann Schäden an fremdem Eigentum decken,sie zahlt immer die Miete,sie ersetzt jede Kündigung,sie ist ein Wahlrecht,A,Haftpflicht ist im Wohnalltag wichtig.,"ABU Smartlearn Quiz 1. Teil, Moodle-XHTML-Export, hochgeladene Referenzdatei",user_upload:quiz-ABU_Smartlearn_1.Teil-top-20260519-0952.html
abu,Allgemeinbildender Unterricht ABU,abu_l13,ABU,L13,"Wohnen, Miete, Zusammenleben und Wohnversicherungen",hard,single_choice,Welche Erklärung zu Privathaftpflicht beim Wohnen ist im gesellschaftlichen und rechtlichen Kontext richtig?,sie zahlt immer die Miete,sie kann Schäden an fremdem Eigentum decken,sie ersetzt jede Kündigung,sie ist ein Wahlrecht,B,Haftpflicht ist im Wohnalltag wichtig.,"ABU Smartlearn Quiz 1. Teil, Moodle-XHTML-Export, hochgeladene Referenzdatei",user_upload:quiz-ABU_Smartlearn_1.Teil-top-20260519-0952.html
abu,Allgemeinbildender Unterricht ABU,abu_l13,ABU,L13,"Wohnen, Miete, Zusammenleben und Wohnversicherungen",easy,single_choice,Was ist bei Privathaftpflicht beim Wohnen grundsätzlich richtig?,sie zahlt immer die Miete,sie ersetzt jede Kündigung,sie kann Schäden an fremdem Eigentum decken,sie ist ein Wahlrecht,C,Haftpflicht ist im Wohnalltag wichtig.,"ABU Smartlearn Quiz 1. Teil, Moodle-XHTML-Export, hochgeladene Referenzdatei",user_upload:quiz-ABU_Smartlearn_1.Teil-top-20260519-0952.html
abu,Allgemeinbildender Unterricht ABU,abu_l13,ABU,L13,"Wohnen, Miete, Zusammenleben und Wohnversicherungen",medium,single_choice,Welche Aussage zeigt ein korrektes Verständnis von Privathaftpflicht beim Wohnen?,sie zahlt immer die Miete,sie ersetzt jede Kündigung,sie ist ein Wahlrecht,sie kann Schäden an fremdem Eigentum decken,D,Haftpflicht ist im Wohnalltag wichtig.,"ABU Smartlearn Quiz 1. Teil, Moodle-XHTML-Export, hochgeladene Referenzdatei",user_upload:quiz-ABU_Smartlearn_1.Teil-top-20260519-0952.html
abu,Allgemeinbildender Unterricht ABU,abu_l13,ABU,L13,"Wohnen, Miete, Zusammenleben und Wohnversicherungen",hard,single_choice,Welche Aussage grenzt Privathaftpflicht beim Wohnen am präzisesten von falschen Vorstellungen ab?,sie kann Schäden an fremdem Eigentum decken,sie zahlt immer die Miete,sie ersetzt jede Kündigung,sie ist ein Wahlrecht,A,Haftpflicht ist im Wohnalltag wichtig.,"ABU Smartlearn Quiz 1. Teil, Moodle-XHTML-Export, hochgeladene Referenzdatei",user_upload:quiz-ABU_Smartlearn_1.Teil-top-20260519-0952.html
abu,Allgemeinbildender Unterricht ABU,abu_l13,ABU,L13,"Wohnen, Miete, Zusammenleben und Wohnversicherungen",easy,single_choice,Welche Kurzdefinition passt zu Privathaftpflicht beim Wohnen?,sie zahlt immer die Miete,sie kann Schäden an fremdem Eigentum decken,sie ersetzt jede Kündigung,sie ist ein Wahlrecht,B,Haftpflicht ist im Wohnalltag wichtig.,"ABU Smartlearn Quiz 1. Teil, Moodle-XHTML-Export, hochgeladene Referenzdatei",user_upload:quiz-ABU_Smartlearn_1.Teil-top-20260519-0952.html
abu,Allgemeinbildender Unterricht ABU,abu_l13,ABU,L13,"Wohnen, Miete, Zusammenleben und Wohnversicherungen",easy,single_choice,Welche Aussage beschreibt Hausratsversicherung im ABU am besten?,sie ist ein Lehrvertrag,sie ist eine Steuererklärung,sie deckt bewegliche persönliche Gegenstände gegen versicherte Schäden,sie ist ein Parteiprogramm,C,Hausrat umfasst Mobiliar und persönliche Sachen.,"ABU Smartlearn Quiz 1. Teil, Moodle-XHTML-Export, hochgeladene Referenzdatei",user_upload:quiz-ABU_Smartlearn_1.Teil-top-20260519-0952.html
abu,Allgemeinbildender Unterricht ABU,abu_l13,ABU,L13,"Wohnen, Miete, Zusammenleben und Wohnversicherungen",medium,single_choice,Worauf muss man beim Thema Hausratsversicherung besonders achten?,sie ist ein Lehrvertrag,sie ist eine Steuererklärung,sie ist ein Parteiprogramm,sie deckt bewegliche persönliche Gegenstände gegen versicherte Schäden,D,Hausrat umfasst Mobiliar und persönliche Sachen.,"ABU Smartlearn Quiz 1. Teil, Moodle-XHTML-Export, hochgeladene Referenzdatei",user_upload:quiz-ABU_Smartlearn_1.Teil-top-20260519-0952.html
abu,Allgemeinbildender Unterricht ABU,abu_l13,ABU,L13,"Wohnen, Miete, Zusammenleben und Wohnversicherungen",hard,single_choice,Welche Aussage zu Hausratsversicherung ist fachlich am korrektesten?,sie deckt bewegliche persönliche Gegenstände gegen versicherte Schäden,sie ist ein Lehrvertrag,sie ist eine Steuererklärung,sie ist ein Parteiprogramm,A,Hausrat umfasst Mobiliar und persönliche Sachen.,"ABU Smartlearn Quiz 1. Teil, Moodle-XHTML-Export, hochgeladene Referenzdatei",user_upload:quiz-ABU_Smartlearn_1.Teil-top-20260519-0952.html
abu,Allgemeinbildender Unterricht ABU,abu_l13,ABU,L13,"Wohnen, Miete, Zusammenleben und Wohnversicherungen",easy,single_choice,Welche Antwort passt zum Begriff Hausratsversicherung?,sie ist ein Lehrvertrag,sie deckt bewegliche persönliche Gegenstände gegen versicherte Schäden,sie ist eine Steuererklärung,sie ist ein Parteiprogramm,B,Hausrat umfasst Mobiliar und persönliche Sachen.,"ABU Smartlearn Quiz 1. Teil, Moodle-XHTML-Export, hochgeladene Referenzdatei",user_upload:quiz-ABU_Smartlearn_1.Teil-top-20260519-0952.html
abu,Allgemeinbildender Unterricht ABU,abu_l13,ABU,L13,"Wohnen, Miete, Zusammenleben und Wohnversicherungen",medium,single_choice,Welche praktische Bedeutung hat Hausratsversicherung für Lernende?,sie ist ein Lehrvertrag,sie ist eine Steuererklärung,sie deckt bewegliche persönliche Gegenstände gegen versicherte Schäden,sie ist ein Parteiprogramm,C,Hausrat umfasst Mobiliar und persönliche Sachen.,"ABU Smartlearn Quiz 1. Teil, Moodle-XHTML-Export, hochgeladene Referenzdatei",user_upload:quiz-ABU_Smartlearn_1.Teil-top-20260519-0952.html
abu,Allgemeinbildender Unterricht ABU,abu_l13,ABU,L13,"Wohnen, Miete, Zusammenleben und Wohnversicherungen",hard,single_choice,Welche Erklärung zu Hausratsversicherung ist im gesellschaftlichen und rechtlichen Kontext richtig?,sie ist ein Lehrvertrag,sie ist eine Steuererklärung,sie ist ein Parteiprogramm,sie deckt bewegliche persönliche Gegenstände gegen versicherte Schäden,D,Hausrat umfasst Mobiliar und persönliche Sachen.,"ABU Smartlearn Quiz 1. Teil, Moodle-XHTML-Export, hochgeladene Referenzdatei",user_upload:quiz-ABU_Smartlearn_1.Teil-top-20260519-0952.html
abu,Allgemeinbildender Unterricht ABU,abu_l13,ABU,L13,"Wohnen, Miete, Zusammenleben und Wohnversicherungen",easy,single_choice,Was ist bei Hausratsversicherung grundsätzlich richtig?,sie deckt bewegliche persönliche Gegenstände gegen versicherte Schäden,sie ist ein Lehrvertrag,sie ist eine Steuererklärung,sie ist ein Parteiprogramm,A,Hausrat umfasst Mobiliar und persönliche Sachen.,"ABU Smartlearn Quiz 1. Teil, Moodle-XHTML-Export, hochgeladene Referenzdatei",user_upload:quiz-ABU_Smartlearn_1.Teil-top-20260519-0952.html
abu,Allgemeinbildender Unterricht ABU,abu_l13,ABU,L13,"Wohnen, Miete, Zusammenleben und Wohnversicherungen",medium,single_choice,Welche Aussage zeigt ein korrektes Verständnis von Hausratsversicherung?,sie ist ein Lehrvertrag,sie deckt bewegliche persönliche Gegenstände gegen versicherte Schäden,sie ist eine Steuererklärung,sie ist ein Parteiprogramm,B,Hausrat umfasst Mobiliar und persönliche Sachen.,"ABU Smartlearn Quiz 1. Teil, Moodle-XHTML-Export, hochgeladene Referenzdatei",user_upload:quiz-ABU_Smartlearn_1.Teil-top-20260519-0952.html
abu,Allgemeinbildender Unterricht ABU,abu_l13,ABU,L13,"Wohnen, Miete, Zusammenleben und Wohnversicherungen",hard,single_choice,Welche Aussage grenzt Hausratsversicherung am präzisesten von falschen Vorstellungen ab?,sie ist ein Lehrvertrag,sie ist eine Steuererklärung,sie deckt bewegliche persönliche Gegenstände gegen versicherte Schäden,sie ist ein Parteiprogramm,C,Hausrat umfasst Mobiliar und persönliche Sachen.,"ABU Smartlearn Quiz 1. Teil, Moodle-XHTML-Export, hochgeladene Referenzdatei",user_upload:quiz-ABU_Smartlearn_1.Teil-top-20260519-0952.html
abu,Allgemeinbildender Unterricht ABU,abu_l13,ABU,L13,"Wohnen, Miete, Zusammenleben und Wohnversicherungen",easy,single_choice,Welche Kurzdefinition passt zu Hausratsversicherung?,sie ist ein Lehrvertrag,sie ist eine Steuererklärung,sie ist ein Parteiprogramm,sie deckt bewegliche persönliche Gegenstände gegen versicherte Schäden,D,Hausrat umfasst Mobiliar und persönliche Sachen.,"ABU Smartlearn Quiz 1. Teil, Moodle-XHTML-Export, hochgeladene Referenzdatei",user_upload:quiz-ABU_Smartlearn_1.Teil-top-20260519-0952.html
abu,Allgemeinbildender Unterricht ABU,abu_l13,ABU,L13,"Wohnen, Miete, Zusammenleben und Wohnversicherungen",easy,single_choice,Welche Aussage beschreibt Wohnformen im ABU am besten?,"Menschen wohnen allein, in Familien, WGs oder anderen Formen",alle müssen gleich wohnen,nur Eigentum ist erlaubt,Miete ist verboten,A,Wohnformen hängen von Lebenssituation und Bedürfnissen ab.,"ABU Smartlearn Quiz 1. Teil, Moodle-XHTML-Export, hochgeladene Referenzdatei",user_upload:quiz-ABU_Smartlearn_1.Teil-top-20260519-0952.html
abu,Allgemeinbildender Unterricht ABU,abu_l13,ABU,L13,"Wohnen, Miete, Zusammenleben und Wohnversicherungen",medium,single_choice,Worauf muss man beim Thema Wohnformen besonders achten?,alle müssen gleich wohnen,"Menschen wohnen allein, in Familien, WGs oder anderen Formen",nur Eigentum ist erlaubt,Miete ist verboten,B,Wohnformen hängen von Lebenssituation und Bedürfnissen ab.,"ABU Smartlearn Quiz 1. Teil, Moodle-XHTML-Export, hochgeladene Referenzdatei",user_upload:quiz-ABU_Smartlearn_1.Teil-top-20260519-0952.html
abu,Allgemeinbildender Unterricht ABU,abu_l13,ABU,L13,"Wohnen, Miete, Zusammenleben und Wohnversicherungen",hard,single_choice,Welche Aussage zu Wohnformen ist fachlich am korrektesten?,alle müssen gleich wohnen,nur Eigentum ist erlaubt,"Menschen wohnen allein, in Familien, WGs oder anderen Formen",Miete ist verboten,C,Wohnformen hängen von Lebenssituation und Bedürfnissen ab.,"ABU Smartlearn Quiz 1. Teil, Moodle-XHTML-Export, hochgeladene Referenzdatei",user_upload:quiz-ABU_Smartlearn_1.Teil-top-20260519-0952.html
abu,Allgemeinbildender Unterricht ABU,abu_l13,ABU,L13,"Wohnen, Miete, Zusammenleben und Wohnversicherungen",easy,single_choice,Welche Antwort passt zum Begriff Wohnformen?,alle müssen gleich wohnen,nur Eigentum ist erlaubt,Miete ist verboten,"Menschen wohnen allein, in Familien, WGs oder anderen Formen",D,Wohnformen hängen von Lebenssituation und Bedürfnissen ab.,"ABU Smartlearn Quiz 1. Teil, Moodle-XHTML-Export, hochgeladene Referenzdatei",user_upload:quiz-ABU_Smartlearn_1.Teil-top-20260519-0952.html
abu,Allgemeinbildender Unterricht ABU,abu_l13,ABU,L13,"Wohnen, Miete, Zusammenleben und Wohnversicherungen",medium,single_choice,Welche praktische Bedeutung hat Wohnformen für Lernende?,"Menschen wohnen allein, in Familien, WGs oder anderen Formen",alle müssen gleich wohnen,nur Eigentum ist erlaubt,Miete ist verboten,A,Wohnformen hängen von Lebenssituation und Bedürfnissen ab.,"ABU Smartlearn Quiz 1. Teil, Moodle-XHTML-Export, hochgeladene Referenzdatei",user_upload:quiz-ABU_Smartlearn_1.Teil-top-20260519-0952.html
abu,Allgemeinbildender Unterricht ABU,abu_l13,ABU,L13,"Wohnen, Miete, Zusammenleben und Wohnversicherungen",hard,single_choice,Welche Erklärung zu Wohnformen ist im gesellschaftlichen und rechtlichen Kontext richtig?,alle müssen gleich wohnen,"Menschen wohnen allein, in Familien, WGs oder anderen Formen",nur Eigentum ist erlaubt,Miete ist verboten,B,Wohnformen hängen von Lebenssituation und Bedürfnissen ab.,"ABU Smartlearn Quiz 1. Teil, Moodle-XHTML-Export, hochgeladene Referenzdatei",user_upload:quiz-ABU_Smartlearn_1.Teil-top-20260519-0952.html
abu,Allgemeinbildender Unterricht ABU,abu_l13,ABU,L13,"Wohnen, Miete, Zusammenleben und Wohnversicherungen",easy,single_choice,Was ist bei Wohnformen grundsätzlich richtig?,alle müssen gleich wohnen,nur Eigentum ist erlaubt,"Menschen wohnen allein, in Familien, WGs oder anderen Formen",Miete ist verboten,C,Wohnformen hängen von Lebenssituation und Bedürfnissen ab.,"ABU Smartlearn Quiz 1. Teil, Moodle-XHTML-Export, hochgeladene Referenzdatei",user_upload:quiz-ABU_Smartlearn_1.Teil-top-20260519-0952.html
abu,Allgemeinbildender Unterricht ABU,abu_l13,ABU,L13,"Wohnen, Miete, Zusammenleben und Wohnversicherungen",medium,single_choice,Welche Aussage zeigt ein korrektes Verständnis von Wohnformen?,alle müssen gleich wohnen,nur Eigentum ist erlaubt,Miete ist verboten,"Menschen wohnen allein, in Familien, WGs oder anderen Formen",D,Wohnformen hängen von Lebenssituation und Bedürfnissen ab.,"ABU Smartlearn Quiz 1. Teil, Moodle-XHTML-Export, hochgeladene Referenzdatei",user_upload:quiz-ABU_Smartlearn_1.Teil-top-20260519-0952.html
abu,Allgemeinbildender Unterricht ABU,abu_l13,ABU,L13,"Wohnen, Miete, Zusammenleben und Wohnversicherungen",hard,single_choice,Welche Aussage grenzt Wohnformen am präzisesten von falschen Vorstellungen ab?,"Menschen wohnen allein, in Familien, WGs oder anderen Formen",alle müssen gleich wohnen,nur Eigentum ist erlaubt,Miete ist verboten,A,Wohnformen hängen von Lebenssituation und Bedürfnissen ab.,"ABU Smartlearn Quiz 1. Teil, Moodle-XHTML-Export, hochgeladene Referenzdatei",user_upload:quiz-ABU_Smartlearn_1.Teil-top-20260519-0952.html
abu,Allgemeinbildender Unterricht ABU,abu_l13,ABU,L13,"Wohnen, Miete, Zusammenleben und Wohnversicherungen",easy,single_choice,Welche Kurzdefinition passt zu Wohnformen?,alle müssen gleich wohnen,"Menschen wohnen allein, in Familien, WGs oder anderen Formen",nur Eigentum ist erlaubt,Miete ist verboten,B,Wohnformen hängen von Lebenssituation und Bedürfnissen ab.,"ABU Smartlearn Quiz 1. Teil, Moodle-XHTML-Export, hochgeladene Referenzdatei",user_upload:quiz-ABU_Smartlearn_1.Teil-top-20260519-0952.html
abu,Allgemeinbildender Unterricht ABU,abu_l13,ABU,L13,"Wohnen, Miete, Zusammenleben und Wohnversicherungen",easy,single_choice,Welche Aussage beschreibt Zusammenleben im ABU am besten?,Konflikte werden immer ignoriert,Hausordnung ist bedeutungslos,"Rücksicht, Regeln und Kommunikation erleichtern den Alltag",Nachbarn haben nie Rechte,C,"Zusammenleben braucht Rechte, Pflichten und Dialog.","ABU Smartlearn Quiz 1. Teil, Moodle-XHTML-Export, hochgeladene Referenzdatei",user_upload:quiz-ABU_Smartlearn_1.Teil-top-20260519-0952.html
abu,Allgemeinbildender Unterricht ABU,abu_l13,ABU,L13,"Wohnen, Miete, Zusammenleben und Wohnversicherungen",medium,single_choice,Worauf muss man beim Thema Zusammenleben besonders achten?,Konflikte werden immer ignoriert,Hausordnung ist bedeutungslos,Nachbarn haben nie Rechte,"Rücksicht, Regeln und Kommunikation erleichtern den Alltag",D,"Zusammenleben braucht Rechte, Pflichten und Dialog.","ABU Smartlearn Quiz 1. Teil, Moodle-XHTML-Export, hochgeladene Referenzdatei",user_upload:quiz-ABU_Smartlearn_1.Teil-top-20260519-0952.html
abu,Allgemeinbildender Unterricht ABU,abu_l13,ABU,L13,"Wohnen, Miete, Zusammenleben und Wohnversicherungen",hard,single_choice,Welche Aussage zu Zusammenleben ist fachlich am korrektesten?,"Rücksicht, Regeln und Kommunikation erleichtern den Alltag",Konflikte werden immer ignoriert,Hausordnung ist bedeutungslos,Nachbarn haben nie Rechte,A,"Zusammenleben braucht Rechte, Pflichten und Dialog.","ABU Smartlearn Quiz 1. Teil, Moodle-XHTML-Export, hochgeladene Referenzdatei",user_upload:quiz-ABU_Smartlearn_1.Teil-top-20260519-0952.html
abu,Allgemeinbildender Unterricht ABU,abu_l13,ABU,L13,"Wohnen, Miete, Zusammenleben und Wohnversicherungen",easy,single_choice,Welche Antwort passt zum Begriff Zusammenleben?,Konflikte werden immer ignoriert,"Rücksicht, Regeln und Kommunikation erleichtern den Alltag",Hausordnung ist bedeutungslos,Nachbarn haben nie Rechte,B,"Zusammenleben braucht Rechte, Pflichten und Dialog.","ABU Smartlearn Quiz 1. Teil, Moodle-XHTML-Export, hochgeladene Referenzdatei",user_upload:quiz-ABU_Smartlearn_1.Teil-top-20260519-0952.html
abu,Allgemeinbildender Unterricht ABU,abu_l13,ABU,L13,"Wohnen, Miete, Zusammenleben und Wohnversicherungen",medium,single_choice,Welche praktische Bedeutung hat Zusammenleben für Lernende?,Konflikte werden immer ignoriert,Hausordnung ist bedeutungslos,"Rücksicht, Regeln und Kommunikation erleichtern den Alltag",Nachbarn haben nie Rechte,C,"Zusammenleben braucht Rechte, Pflichten und Dialog.","ABU Smartlearn Quiz 1. Teil, Moodle-XHTML-Export, hochgeladene Referenzdatei",user_upload:quiz-ABU_Smartlearn_1.Teil-top-20260519-0952.html
abu,Allgemeinbildender Unterricht ABU,abu_l13,ABU,L13,"Wohnen, Miete, Zusammenleben und Wohnversicherungen",hard,single_choice,Welche Erklärung zu Zusammenleben ist im gesellschaftlichen und rechtlichen Kontext richtig?,Konflikte werden immer ignoriert,Hausordnung ist bedeutungslos,Nachbarn haben nie Rechte,"Rücksicht, Regeln und Kommunikation erleichtern den Alltag",D,"Zusammenleben braucht Rechte, Pflichten und Dialog.","ABU Smartlearn Quiz 1. Teil, Moodle-XHTML-Export, hochgeladene Referenzdatei",user_upload:quiz-ABU_Smartlearn_1.Teil-top-20260519-0952.html
abu,Allgemeinbildender Unterricht ABU,abu_l13,ABU,L13,"Wohnen, Miete, Zusammenleben und Wohnversicherungen",easy,single_choice,Was ist bei Zusammenleben grundsätzlich richtig?,"Rücksicht, Regeln und Kommunikation erleichtern den Alltag",Konflikte werden immer ignoriert,Hausordnung ist bedeutungslos,Nachbarn haben nie Rechte,A,"Zusammenleben braucht Rechte, Pflichten und Dialog.","ABU Smartlearn Quiz 1. Teil, Moodle-XHTML-Export, hochgeladene Referenzdatei",user_upload:quiz-ABU_Smartlearn_1.Teil-top-20260519-0952.html
abu,Allgemeinbildender Unterricht ABU,abu_l13,ABU,L13,"Wohnen, Miete, Zusammenleben und Wohnversicherungen",medium,single_choice,Welche Aussage zeigt ein korrektes Verständnis von Zusammenleben?,Konflikte werden immer ignoriert,"Rücksicht, Regeln und Kommunikation erleichtern den Alltag",Hausordnung ist bedeutungslos,Nachbarn haben nie Rechte,B,"Zusammenleben braucht Rechte, Pflichten und Dialog.","ABU Smartlearn Quiz 1. Teil, Moodle-XHTML-Export, hochgeladene Referenzdatei",user_upload:quiz-ABU_Smartlearn_1.Teil-top-20260519-0952.html
abu,Allgemeinbildender Unterricht ABU,abu_l13,ABU,L13,"Wohnen, Miete, Zusammenleben und Wohnversicherungen",hard,single_choice,Welche Aussage grenzt Zusammenleben am präzisesten von falschen Vorstellungen ab?,Konflikte werden immer ignoriert,Hausordnung ist bedeutungslos,"Rücksicht, Regeln und Kommunikation erleichtern den Alltag",Nachbarn haben nie Rechte,C,"Zusammenleben braucht Rechte, Pflichten und Dialog.","ABU Smartlearn Quiz 1. Teil, Moodle-XHTML-Export, hochgeladene Referenzdatei",user_upload:quiz-ABU_Smartlearn_1.Teil-top-20260519-0952.html
abu,Allgemeinbildender Unterricht ABU,abu_l13,ABU,L13,"Wohnen, Miete, Zusammenleben und Wohnversicherungen",easy,single_choice,Welche Kurzdefinition passt zu Zusammenleben?,Konflikte werden immer ignoriert,Hausordnung ist bedeutungslos,Nachbarn haben nie Rechte,"Rücksicht, Regeln und Kommunikation erleichtern den Alltag",D,"Zusammenleben braucht Rechte, Pflichten und Dialog.","ABU Smartlearn Quiz 1. Teil, Moodle-XHTML-Export, hochgeladene Referenzdatei",user_upload:quiz-ABU_Smartlearn_1.Teil-top-20260519-0952.html
abu,Allgemeinbildender Unterricht ABU,abu_l14,ABU,L14,"Steuern, Gerechtigkeit und öffentliche Aufgaben",easy,single_choice,Welche Aussage beschreibt Steuern im ABU am besten?,sie finanzieren öffentliche Aufgaben,sie sind freiwillige Trinkgelder,sie sind Mietmängel,sie sind immer Versicherungsleistungen,A,Steuern ermöglichen staatliche Leistungen.,"ABU Smartlearn Quiz 1. Teil, Moodle-XHTML-Export, hochgeladene Referenzdatei",user_upload:quiz-ABU_Smartlearn_1.Teil-top-20260519-0952.html
abu,Allgemeinbildender Unterricht ABU,abu_l14,ABU,L14,"Steuern, Gerechtigkeit und öffentliche Aufgaben",medium,single_choice,Worauf muss man beim Thema Steuern besonders achten?,sie sind freiwillige Trinkgelder,sie finanzieren öffentliche Aufgaben,sie sind Mietmängel,sie sind immer Versicherungsleistungen,B,Steuern ermöglichen staatliche Leistungen.,"ABU Smartlearn Quiz 1. Teil, Moodle-XHTML-Export, hochgeladene Referenzdatei",user_upload:quiz-ABU_Smartlearn_1.Teil-top-20260519-0952.html
abu,Allgemeinbildender Unterricht ABU,abu_l14,ABU,L14,"Steuern, Gerechtigkeit und öffentliche Aufgaben",hard,single_choice,Welche Aussage zu Steuern ist fachlich am korrektesten?,sie sind freiwillige Trinkgelder,sie sind Mietmängel,sie finanzieren öffentliche Aufgaben,sie sind immer Versicherungsleistungen,C,Steuern ermöglichen staatliche Leistungen.,"ABU Smartlearn Quiz 1. Teil, Moodle-XHTML-Export, hochgeladene Referenzdatei",user_upload:quiz-ABU_Smartlearn_1.Teil-top-20260519-0952.html
abu,Allgemeinbildender Unterricht ABU,abu_l14,ABU,L14,"Steuern, Gerechtigkeit und öffentliche Aufgaben",easy,single_choice,Welche Antwort passt zum Begriff Steuern?,sie sind freiwillige Trinkgelder,sie sind Mietmängel,sie sind immer Versicherungsleistungen,sie finanzieren öffentliche Aufgaben,D,Steuern ermöglichen staatliche Leistungen.,"ABU Smartlearn Quiz 1. Teil, Moodle-XHTML-Export, hochgeladene Referenzdatei",user_upload:quiz-ABU_Smartlearn_1.Teil-top-20260519-0952.html
abu,Allgemeinbildender Unterricht ABU,abu_l14,ABU,L14,"Steuern, Gerechtigkeit und öffentliche Aufgaben",medium,single_choice,Welche praktische Bedeutung hat Steuern für Lernende?,sie finanzieren öffentliche Aufgaben,sie sind freiwillige Trinkgelder,sie sind Mietmängel,sie sind immer Versicherungsleistungen,A,Steuern ermöglichen staatliche Leistungen.,"ABU Smartlearn Quiz 1. Teil, Moodle-XHTML-Export, hochgeladene Referenzdatei",user_upload:quiz-ABU_Smartlearn_1.Teil-top-20260519-0952.html
abu,Allgemeinbildender Unterricht ABU,abu_l14,ABU,L14,"Steuern, Gerechtigkeit und öffentliche Aufgaben",hard,single_choice,Welche Erklärung zu Steuern ist im gesellschaftlichen und rechtlichen Kontext richtig?,sie sind freiwillige Trinkgelder,sie finanzieren öffentliche Aufgaben,sie sind Mietmängel,sie sind immer Versicherungsleistungen,B,Steuern ermöglichen staatliche Leistungen.,"ABU Smartlearn Quiz 1. Teil, Moodle-XHTML-Export, hochgeladene Referenzdatei",user_upload:quiz-ABU_Smartlearn_1.Teil-top-20260519-0952.html
abu,Allgemeinbildender Unterricht ABU,abu_l14,ABU,L14,"Steuern, Gerechtigkeit und öffentliche Aufgaben",easy,single_choice,Was ist bei Steuern grundsätzlich richtig?,sie sind freiwillige Trinkgelder,sie sind Mietmängel,sie finanzieren öffentliche Aufgaben,sie sind immer Versicherungsleistungen,C,Steuern ermöglichen staatliche Leistungen.,"ABU Smartlearn Quiz 1. Teil, Moodle-XHTML-Export, hochgeladene Referenzdatei",user_upload:quiz-ABU_Smartlearn_1.Teil-top-20260519-0952.html
abu,Allgemeinbildender Unterricht ABU,abu_l14,ABU,L14,"Steuern, Gerechtigkeit und öffentliche Aufgaben",medium,single_choice,Welche Aussage zeigt ein korrektes Verständnis von Steuern?,sie sind freiwillige Trinkgelder,sie sind Mietmängel,sie sind immer Versicherungsleistungen,sie finanzieren öffentliche Aufgaben,D,Steuern ermöglichen staatliche Leistungen.,"ABU Smartlearn Quiz 1. Teil, Moodle-XHTML-Export, hochgeladene Referenzdatei",user_upload:quiz-ABU_Smartlearn_1.Teil-top-20260519-0952.html
abu,Allgemeinbildender Unterricht ABU,abu_l14,ABU,L14,"Steuern, Gerechtigkeit und öffentliche Aufgaben",hard,single_choice,Welche Aussage grenzt Steuern am präzisesten von falschen Vorstellungen ab?,sie finanzieren öffentliche Aufgaben,sie sind freiwillige Trinkgelder,sie sind Mietmängel,sie sind immer Versicherungsleistungen,A,Steuern ermöglichen staatliche Leistungen.,"ABU Smartlearn Quiz 1. Teil, Moodle-XHTML-Export, hochgeladene Referenzdatei",user_upload:quiz-ABU_Smartlearn_1.Teil-top-20260519-0952.html
abu,Allgemeinbildender Unterricht ABU,abu_l14,ABU,L14,"Steuern, Gerechtigkeit und öffentliche Aufgaben",easy,single_choice,Welche Kurzdefinition passt zu Steuern?,sie sind freiwillige Trinkgelder,sie finanzieren öffentliche Aufgaben,sie sind Mietmängel,sie sind immer Versicherungsleistungen,B,Steuern ermöglichen staatliche Leistungen.,"ABU Smartlearn Quiz 1. Teil, Moodle-XHTML-Export, hochgeladene Referenzdatei",user_upload:quiz-ABU_Smartlearn_1.Teil-top-20260519-0952.html
abu,Allgemeinbildender Unterricht ABU,abu_l14,ABU,L14,"Steuern, Gerechtigkeit und öffentliche Aufgaben",easy,single_choice,Welche Aussage beschreibt direkte Steuern im ABU am besten?,sie sind immer im Kaufpreis versteckt,sie sind nur Gebühren am Automaten,sie werden direkt bei Personen oder Unternehmen erhoben,sie sind keine Staatsfinanzierung,C,Einkommens- und Vermögenssteuern sind typische direkte Steuern.,"ABU Smartlearn Quiz 1. Teil, Moodle-XHTML-Export, hochgeladene Referenzdatei",user_upload:quiz-ABU_Smartlearn_1.Teil-top-20260519-0952.html
abu,Allgemeinbildender Unterricht ABU,abu_l14,ABU,L14,"Steuern, Gerechtigkeit und öffentliche Aufgaben",medium,single_choice,Worauf muss man beim Thema direkte Steuern besonders achten?,sie sind immer im Kaufpreis versteckt,sie sind nur Gebühren am Automaten,sie sind keine Staatsfinanzierung,sie werden direkt bei Personen oder Unternehmen erhoben,D,Einkommens- und Vermögenssteuern sind typische direkte Steuern.,"ABU Smartlearn Quiz 1. Teil, Moodle-XHTML-Export, hochgeladene Referenzdatei",user_upload:quiz-ABU_Smartlearn_1.Teil-top-20260519-0952.html
abu,Allgemeinbildender Unterricht ABU,abu_l14,ABU,L14,"Steuern, Gerechtigkeit und öffentliche Aufgaben",hard,single_choice,Welche Aussage zu direkte Steuern ist fachlich am korrektesten?,sie werden direkt bei Personen oder Unternehmen erhoben,sie sind immer im Kaufpreis versteckt,sie sind nur Gebühren am Automaten,sie sind keine Staatsfinanzierung,A,Einkommens- und Vermögenssteuern sind typische direkte Steuern.,"ABU Smartlearn Quiz 1. Teil, Moodle-XHTML-Export, hochgeladene Referenzdatei",user_upload:quiz-ABU_Smartlearn_1.Teil-top-20260519-0952.html
abu,Allgemeinbildender Unterricht ABU,abu_l14,ABU,L14,"Steuern, Gerechtigkeit und öffentliche Aufgaben",easy,single_choice,Welche Antwort passt zum Begriff direkte Steuern?,sie sind immer im Kaufpreis versteckt,sie werden direkt bei Personen oder Unternehmen erhoben,sie sind nur Gebühren am Automaten,sie sind keine Staatsfinanzierung,B,Einkommens- und Vermögenssteuern sind typische direkte Steuern.,"ABU Smartlearn Quiz 1. Teil, Moodle-XHTML-Export, hochgeladene Referenzdatei",user_upload:quiz-ABU_Smartlearn_1.Teil-top-20260519-0952.html
abu,Allgemeinbildender Unterricht ABU,abu_l14,ABU,L14,"Steuern, Gerechtigkeit und öffentliche Aufgaben",medium,single_choice,Welche praktische Bedeutung hat direkte Steuern für Lernende?,sie sind immer im Kaufpreis versteckt,sie sind nur Gebühren am Automaten,sie werden direkt bei Personen oder Unternehmen erhoben,sie sind keine Staatsfinanzierung,C,Einkommens- und Vermögenssteuern sind typische direkte Steuern.,"ABU Smartlearn Quiz 1. Teil, Moodle-XHTML-Export, hochgeladene Referenzdatei",user_upload:quiz-ABU_Smartlearn_1.Teil-top-20260519-0952.html
abu,Allgemeinbildender Unterricht ABU,abu_l14,ABU,L14,"Steuern, Gerechtigkeit und öffentliche Aufgaben",hard,single_choice,Welche Erklärung zu direkte Steuern ist im gesellschaftlichen und rechtlichen Kontext richtig?,sie sind immer im Kaufpreis versteckt,sie sind nur Gebühren am Automaten,sie sind keine Staatsfinanzierung,sie werden direkt bei Personen oder Unternehmen erhoben,D,Einkommens- und Vermögenssteuern sind typische direkte Steuern.,"ABU Smartlearn Quiz 1. Teil, Moodle-XHTML-Export, hochgeladene Referenzdatei",user_upload:quiz-ABU_Smartlearn_1.Teil-top-20260519-0952.html
abu,Allgemeinbildender Unterricht ABU,abu_l14,ABU,L14,"Steuern, Gerechtigkeit und öffentliche Aufgaben",easy,single_choice,Was ist bei direkte Steuern grundsätzlich richtig?,sie werden direkt bei Personen oder Unternehmen erhoben,sie sind immer im Kaufpreis versteckt,sie sind nur Gebühren am Automaten,sie sind keine Staatsfinanzierung,A,Einkommens- und Vermögenssteuern sind typische direkte Steuern.,"ABU Smartlearn Quiz 1. Teil, Moodle-XHTML-Export, hochgeladene Referenzdatei",user_upload:quiz-ABU_Smartlearn_1.Teil-top-20260519-0952.html
abu,Allgemeinbildender Unterricht ABU,abu_l14,ABU,L14,"Steuern, Gerechtigkeit und öffentliche Aufgaben",medium,single_choice,Welche Aussage zeigt ein korrektes Verständnis von direkte Steuern?,sie sind immer im Kaufpreis versteckt,sie werden direkt bei Personen oder Unternehmen erhoben,sie sind nur Gebühren am Automaten,sie sind keine Staatsfinanzierung,B,Einkommens- und Vermögenssteuern sind typische direkte Steuern.,"ABU Smartlearn Quiz 1. Teil, Moodle-XHTML-Export, hochgeladene Referenzdatei",user_upload:quiz-ABU_Smartlearn_1.Teil-top-20260519-0952.html
abu,Allgemeinbildender Unterricht ABU,abu_l14,ABU,L14,"Steuern, Gerechtigkeit und öffentliche Aufgaben",hard,single_choice,Welche Aussage grenzt direkte Steuern am präzisesten von falschen Vorstellungen ab?,sie sind immer im Kaufpreis versteckt,sie sind nur Gebühren am Automaten,sie werden direkt bei Personen oder Unternehmen erhoben,sie sind keine Staatsfinanzierung,C,Einkommens- und Vermögenssteuern sind typische direkte Steuern.,"ABU Smartlearn Quiz 1. Teil, Moodle-XHTML-Export, hochgeladene Referenzdatei",user_upload:quiz-ABU_Smartlearn_1.Teil-top-20260519-0952.html
abu,Allgemeinbildender Unterricht ABU,abu_l14,ABU,L14,"Steuern, Gerechtigkeit und öffentliche Aufgaben",easy,single_choice,Welche Kurzdefinition passt zu direkte Steuern?,sie sind immer im Kaufpreis versteckt,sie sind nur Gebühren am Automaten,sie sind keine Staatsfinanzierung,sie werden direkt bei Personen oder Unternehmen erhoben,D,Einkommens- und Vermögenssteuern sind typische direkte Steuern.,"ABU Smartlearn Quiz 1. Teil, Moodle-XHTML-Export, hochgeladene Referenzdatei",user_upload:quiz-ABU_Smartlearn_1.Teil-top-20260519-0952.html
abu,Allgemeinbildender Unterricht ABU,abu_l14,ABU,L14,"Steuern, Gerechtigkeit und öffentliche Aufgaben",easy,single_choice,Welche Aussage beschreibt indirekte Steuern im ABU am besten?,sie werden über Preise oder Konsum erhoben,sie werden nie von Konsumenten getragen,sie sind nur Lohnabzüge,sie sind Mietverträge,A,Die Mehrwertsteuer ist eine wichtige indirekte Steuer.,"ABU Smartlearn Quiz 1. Teil, Moodle-XHTML-Export, hochgeladene Referenzdatei",user_upload:quiz-ABU_Smartlearn_1.Teil-top-20260519-0952.html
abu,Allgemeinbildender Unterricht ABU,abu_l14,ABU,L14,"Steuern, Gerechtigkeit und öffentliche Aufgaben",medium,single_choice,Worauf muss man beim Thema indirekte Steuern besonders achten?,sie werden nie von Konsumenten getragen,sie werden über Preise oder Konsum erhoben,sie sind nur Lohnabzüge,sie sind Mietverträge,B,Die Mehrwertsteuer ist eine wichtige indirekte Steuer.,"ABU Smartlearn Quiz 1. Teil, Moodle-XHTML-Export, hochgeladene Referenzdatei",user_upload:quiz-ABU_Smartlearn_1.Teil-top-20260519-0952.html
abu,Allgemeinbildender Unterricht ABU,abu_l14,ABU,L14,"Steuern, Gerechtigkeit und öffentliche Aufgaben",hard,single_choice,Welche Aussage zu indirekte Steuern ist fachlich am korrektesten?,sie werden nie von Konsumenten getragen,sie sind nur Lohnabzüge,sie werden über Preise oder Konsum erhoben,sie sind Mietverträge,C,Die Mehrwertsteuer ist eine wichtige indirekte Steuer.,"ABU Smartlearn Quiz 1. Teil, Moodle-XHTML-Export, hochgeladene Referenzdatei",user_upload:quiz-ABU_Smartlearn_1.Teil-top-20260519-0952.html
abu,Allgemeinbildender Unterricht ABU,abu_l14,ABU,L14,"Steuern, Gerechtigkeit und öffentliche Aufgaben",easy,single_choice,Welche Antwort passt zum Begriff indirekte Steuern?,sie werden nie von Konsumenten getragen,sie sind nur Lohnabzüge,sie sind Mietverträge,sie werden über Preise oder Konsum erhoben,D,Die Mehrwertsteuer ist eine wichtige indirekte Steuer.,"ABU Smartlearn Quiz 1. Teil, Moodle-XHTML-Export, hochgeladene Referenzdatei",user_upload:quiz-ABU_Smartlearn_1.Teil-top-20260519-0952.html
abu,Allgemeinbildender Unterricht ABU,abu_l14,ABU,L14,"Steuern, Gerechtigkeit und öffentliche Aufgaben",medium,single_choice,Welche praktische Bedeutung hat indirekte Steuern für Lernende?,sie werden über Preise oder Konsum erhoben,sie werden nie von Konsumenten getragen,sie sind nur Lohnabzüge,sie sind Mietverträge,A,Die Mehrwertsteuer ist eine wichtige indirekte Steuer.,"ABU Smartlearn Quiz 1. Teil, Moodle-XHTML-Export, hochgeladene Referenzdatei",user_upload:quiz-ABU_Smartlearn_1.Teil-top-20260519-0952.html
abu,Allgemeinbildender Unterricht ABU,abu_l14,ABU,L14,"Steuern, Gerechtigkeit und öffentliche Aufgaben",hard,single_choice,Welche Erklärung zu indirekte Steuern ist im gesellschaftlichen und rechtlichen Kontext richtig?,sie werden nie von Konsumenten getragen,sie werden über Preise oder Konsum erhoben,sie sind nur Lohnabzüge,sie sind Mietverträge,B,Die Mehrwertsteuer ist eine wichtige indirekte Steuer.,"ABU Smartlearn Quiz 1. Teil, Moodle-XHTML-Export, hochgeladene Referenzdatei",user_upload:quiz-ABU_Smartlearn_1.Teil-top-20260519-0952.html
abu,Allgemeinbildender Unterricht ABU,abu_l14,ABU,L14,"Steuern, Gerechtigkeit und öffentliche Aufgaben",easy,single_choice,Was ist bei indirekte Steuern grundsätzlich richtig?,sie werden nie von Konsumenten getragen,sie sind nur Lohnabzüge,sie werden über Preise oder Konsum erhoben,sie sind Mietverträge,C,Die Mehrwertsteuer ist eine wichtige indirekte Steuer.,"ABU Smartlearn Quiz 1. Teil, Moodle-XHTML-Export, hochgeladene Referenzdatei",user_upload:quiz-ABU_Smartlearn_1.Teil-top-20260519-0952.html
abu,Allgemeinbildender Unterricht ABU,abu_l14,ABU,L14,"Steuern, Gerechtigkeit und öffentliche Aufgaben",medium,single_choice,Welche Aussage zeigt ein korrektes Verständnis von indirekte Steuern?,sie werden nie von Konsumenten getragen,sie sind nur Lohnabzüge,sie sind Mietverträge,sie werden über Preise oder Konsum erhoben,D,Die Mehrwertsteuer ist eine wichtige indirekte Steuer.,"ABU Smartlearn Quiz 1. Teil, Moodle-XHTML-Export, hochgeladene Referenzdatei",user_upload:quiz-ABU_Smartlearn_1.Teil-top-20260519-0952.html
abu,Allgemeinbildender Unterricht ABU,abu_l14,ABU,L14,"Steuern, Gerechtigkeit und öffentliche Aufgaben",hard,single_choice,Welche Aussage grenzt indirekte Steuern am präzisesten von falschen Vorstellungen ab?,sie werden über Preise oder Konsum erhoben,sie werden nie von Konsumenten getragen,sie sind nur Lohnabzüge,sie sind Mietverträge,A,Die Mehrwertsteuer ist eine wichtige indirekte Steuer.,"ABU Smartlearn Quiz 1. Teil, Moodle-XHTML-Export, hochgeladene Referenzdatei",user_upload:quiz-ABU_Smartlearn_1.Teil-top-20260519-0952.html
abu,Allgemeinbildender Unterricht ABU,abu_l14,ABU,L14,"Steuern, Gerechtigkeit und öffentliche Aufgaben",easy,single_choice,Welche Kurzdefinition passt zu indirekte Steuern?,sie werden nie von Konsumenten getragen,sie werden über Preise oder Konsum erhoben,sie sind nur Lohnabzüge,sie sind Mietverträge,B,Die Mehrwertsteuer ist eine wichtige indirekte Steuer.,"ABU Smartlearn Quiz 1. Teil, Moodle-XHTML-Export, hochgeladene Referenzdatei",user_upload:quiz-ABU_Smartlearn_1.Teil-top-20260519-0952.html
abu,Allgemeinbildender Unterricht ABU,abu_l14,ABU,L14,"Steuern, Gerechtigkeit und öffentliche Aufgaben",easy,single_choice,Welche Aussage beschreibt Mehrwertsteuer im ABU am besten?,sie ist ein Ehescheidungsrecht,sie ist ein Lehrvertrag,sie belastet den Konsum von Waren und Dienstleistungen,sie ist eine Krankenfranchise,C,Mehrwertsteuer wird im Preis mitgetragen.,"ABU Smartlearn Quiz 1. Teil, Moodle-XHTML-Export, hochgeladene Referenzdatei",user_upload:quiz-ABU_Smartlearn_1.Teil-top-20260519-0952.html
abu,Allgemeinbildender Unterricht ABU,abu_l14,ABU,L14,"Steuern, Gerechtigkeit und öffentliche Aufgaben",medium,single_choice,Worauf muss man beim Thema Mehrwertsteuer besonders achten?,sie ist ein Ehescheidungsrecht,sie ist ein Lehrvertrag,sie ist eine Krankenfranchise,sie belastet den Konsum von Waren und Dienstleistungen,D,Mehrwertsteuer wird im Preis mitgetragen.,"ABU Smartlearn Quiz 1. Teil, Moodle-XHTML-Export, hochgeladene Referenzdatei",user_upload:quiz-ABU_Smartlearn_1.Teil-top-20260519-0952.html
abu,Allgemeinbildender Unterricht ABU,abu_l14,ABU,L14,"Steuern, Gerechtigkeit und öffentliche Aufgaben",hard,single_choice,Welche Aussage zu Mehrwertsteuer ist fachlich am korrektesten?,sie belastet den Konsum von Waren und Dienstleistungen,sie ist ein Ehescheidungsrecht,sie ist ein Lehrvertrag,sie ist eine Krankenfranchise,A,Mehrwertsteuer wird im Preis mitgetragen.,"ABU Smartlearn Quiz 1. Teil, Moodle-XHTML-Export, hochgeladene Referenzdatei",user_upload:quiz-ABU_Smartlearn_1.Teil-top-20260519-0952.html
abu,Allgemeinbildender Unterricht ABU,abu_l14,ABU,L14,"Steuern, Gerechtigkeit und öffentliche Aufgaben",easy,single_choice,Welche Antwort passt zum Begriff Mehrwertsteuer?,sie ist ein Ehescheidungsrecht,sie belastet den Konsum von Waren und Dienstleistungen,sie ist ein Lehrvertrag,sie ist eine Krankenfranchise,B,Mehrwertsteuer wird im Preis mitgetragen.,"ABU Smartlearn Quiz 1. Teil, Moodle-XHTML-Export, hochgeladene Referenzdatei",user_upload:quiz-ABU_Smartlearn_1.Teil-top-20260519-0952.html
abu,Allgemeinbildender Unterricht ABU,abu_l14,ABU,L14,"Steuern, Gerechtigkeit und öffentliche Aufgaben",medium,single_choice,Welche praktische Bedeutung hat Mehrwertsteuer für Lernende?,sie ist ein Ehescheidungsrecht,sie ist ein Lehrvertrag,sie belastet den Konsum von Waren und Dienstleistungen,sie ist eine Krankenfranchise,C,Mehrwertsteuer wird im Preis mitgetragen.,"ABU Smartlearn Quiz 1. Teil, Moodle-XHTML-Export, hochgeladene Referenzdatei",user_upload:quiz-ABU_Smartlearn_1.Teil-top-20260519-0952.html
abu,Allgemeinbildender Unterricht ABU,abu_l14,ABU,L14,"Steuern, Gerechtigkeit und öffentliche Aufgaben",hard,single_choice,Welche Erklärung zu Mehrwertsteuer ist im gesellschaftlichen und rechtlichen Kontext richtig?,sie ist ein Ehescheidungsrecht,sie ist ein Lehrvertrag,sie ist eine Krankenfranchise,sie belastet den Konsum von Waren und Dienstleistungen,D,Mehrwertsteuer wird im Preis mitgetragen.,"ABU Smartlearn Quiz 1. Teil, Moodle-XHTML-Export, hochgeladene Referenzdatei",user_upload:quiz-ABU_Smartlearn_1.Teil-top-20260519-0952.html
abu,Allgemeinbildender Unterricht ABU,abu_l14,ABU,L14,"Steuern, Gerechtigkeit und öffentliche Aufgaben",easy,single_choice,Was ist bei Mehrwertsteuer grundsätzlich richtig?,sie belastet den Konsum von Waren und Dienstleistungen,sie ist ein Ehescheidungsrecht,sie ist ein Lehrvertrag,sie ist eine Krankenfranchise,A,Mehrwertsteuer wird im Preis mitgetragen.,"ABU Smartlearn Quiz 1. Teil, Moodle-XHTML-Export, hochgeladene Referenzdatei",user_upload:quiz-ABU_Smartlearn_1.Teil-top-20260519-0952.html
abu,Allgemeinbildender Unterricht ABU,abu_l14,ABU,L14,"Steuern, Gerechtigkeit und öffentliche Aufgaben",medium,single_choice,Welche Aussage zeigt ein korrektes Verständnis von Mehrwertsteuer?,sie ist ein Ehescheidungsrecht,sie belastet den Konsum von Waren und Dienstleistungen,sie ist ein Lehrvertrag,sie ist eine Krankenfranchise,B,Mehrwertsteuer wird im Preis mitgetragen.,"ABU Smartlearn Quiz 1. Teil, Moodle-XHTML-Export, hochgeladene Referenzdatei",user_upload:quiz-ABU_Smartlearn_1.Teil-top-20260519-0952.html
abu,Allgemeinbildender Unterricht ABU,abu_l14,ABU,L14,"Steuern, Gerechtigkeit und öffentliche Aufgaben",hard,single_choice,Welche Aussage grenzt Mehrwertsteuer am präzisesten von falschen Vorstellungen ab?,sie ist ein Ehescheidungsrecht,sie ist ein Lehrvertrag,sie belastet den Konsum von Waren und Dienstleistungen,sie ist eine Krankenfranchise,C,Mehrwertsteuer wird im Preis mitgetragen.,"ABU Smartlearn Quiz 1. Teil, Moodle-XHTML-Export, hochgeladene Referenzdatei",user_upload:quiz-ABU_Smartlearn_1.Teil-top-20260519-0952.html
abu,Allgemeinbildender Unterricht ABU,abu_l14,ABU,L14,"Steuern, Gerechtigkeit und öffentliche Aufgaben",easy,single_choice,Welche Kurzdefinition passt zu Mehrwertsteuer?,sie ist ein Ehescheidungsrecht,sie ist ein Lehrvertrag,sie ist eine Krankenfranchise,sie belastet den Konsum von Waren und Dienstleistungen,D,Mehrwertsteuer wird im Preis mitgetragen.,"ABU Smartlearn Quiz 1. Teil, Moodle-XHTML-Export, hochgeladene Referenzdatei",user_upload:quiz-ABU_Smartlearn_1.Teil-top-20260519-0952.html
abu,Allgemeinbildender Unterricht ABU,abu_l14,ABU,L14,"Steuern, Gerechtigkeit und öffentliche Aufgaben",easy,single_choice,Welche Aussage beschreibt Steuerprogression im ABU am besten?,höhere Einkommen werden prozentual stärker belastet,alle zahlen immer denselben Frankenbetrag,Steuern sinken automatisch auf null,Progression betrifft nur Mietrecht,A,Progression soll Leistungsfähigkeit berücksichtigen.,"ABU Smartlearn Quiz 1. Teil, Moodle-XHTML-Export, hochgeladene Referenzdatei",user_upload:quiz-ABU_Smartlearn_1.Teil-top-20260519-0952.html
abu,Allgemeinbildender Unterricht ABU,abu_l14,ABU,L14,"Steuern, Gerechtigkeit und öffentliche Aufgaben",medium,single_choice,Worauf muss man beim Thema Steuerprogression besonders achten?,alle zahlen immer denselben Frankenbetrag,höhere Einkommen werden prozentual stärker belastet,Steuern sinken automatisch auf null,Progression betrifft nur Mietrecht,B,Progression soll Leistungsfähigkeit berücksichtigen.,"ABU Smartlearn Quiz 1. Teil, Moodle-XHTML-Export, hochgeladene Referenzdatei",user_upload:quiz-ABU_Smartlearn_1.Teil-top-20260519-0952.html
abu,Allgemeinbildender Unterricht ABU,abu_l14,ABU,L14,"Steuern, Gerechtigkeit und öffentliche Aufgaben",hard,single_choice,Welche Aussage zu Steuerprogression ist fachlich am korrektesten?,alle zahlen immer denselben Frankenbetrag,Steuern sinken automatisch auf null,höhere Einkommen werden prozentual stärker belastet,Progression betrifft nur Mietrecht,C,Progression soll Leistungsfähigkeit berücksichtigen.,"ABU Smartlearn Quiz 1. Teil, Moodle-XHTML-Export, hochgeladene Referenzdatei",user_upload:quiz-ABU_Smartlearn_1.Teil-top-20260519-0952.html
abu,Allgemeinbildender Unterricht ABU,abu_l14,ABU,L14,"Steuern, Gerechtigkeit und öffentliche Aufgaben",easy,single_choice,Welche Antwort passt zum Begriff Steuerprogression?,alle zahlen immer denselben Frankenbetrag,Steuern sinken automatisch auf null,Progression betrifft nur Mietrecht,höhere Einkommen werden prozentual stärker belastet,D,Progression soll Leistungsfähigkeit berücksichtigen.,"ABU Smartlearn Quiz 1. Teil, Moodle-XHTML-Export, hochgeladene Referenzdatei",user_upload:quiz-ABU_Smartlearn_1.Teil-top-20260519-0952.html
abu,Allgemeinbildender Unterricht ABU,abu_l14,ABU,L14,"Steuern, Gerechtigkeit und öffentliche Aufgaben",medium,single_choice,Welche praktische Bedeutung hat Steuerprogression für Lernende?,höhere Einkommen werden prozentual stärker belastet,alle zahlen immer denselben Frankenbetrag,Steuern sinken automatisch auf null,Progression betrifft nur Mietrecht,A,Progression soll Leistungsfähigkeit berücksichtigen.,"ABU Smartlearn Quiz 1. Teil, Moodle-XHTML-Export, hochgeladene Referenzdatei",user_upload:quiz-ABU_Smartlearn_1.Teil-top-20260519-0952.html
abu,Allgemeinbildender Unterricht ABU,abu_l14,ABU,L14,"Steuern, Gerechtigkeit und öffentliche Aufgaben",hard,single_choice,Welche Erklärung zu Steuerprogression ist im gesellschaftlichen und rechtlichen Kontext richtig?,alle zahlen immer denselben Frankenbetrag,höhere Einkommen werden prozentual stärker belastet,Steuern sinken automatisch auf null,Progression betrifft nur Mietrecht,B,Progression soll Leistungsfähigkeit berücksichtigen.,"ABU Smartlearn Quiz 1. Teil, Moodle-XHTML-Export, hochgeladene Referenzdatei",user_upload:quiz-ABU_Smartlearn_1.Teil-top-20260519-0952.html
abu,Allgemeinbildender Unterricht ABU,abu_l14,ABU,L14,"Steuern, Gerechtigkeit und öffentliche Aufgaben",easy,single_choice,Was ist bei Steuerprogression grundsätzlich richtig?,alle zahlen immer denselben Frankenbetrag,Steuern sinken automatisch auf null,höhere Einkommen werden prozentual stärker belastet,Progression betrifft nur Mietrecht,C,Progression soll Leistungsfähigkeit berücksichtigen.,"ABU Smartlearn Quiz 1. Teil, Moodle-XHTML-Export, hochgeladene Referenzdatei",user_upload:quiz-ABU_Smartlearn_1.Teil-top-20260519-0952.html
abu,Allgemeinbildender Unterricht ABU,abu_l14,ABU,L14,"Steuern, Gerechtigkeit und öffentliche Aufgaben",medium,single_choice,Welche Aussage zeigt ein korrektes Verständnis von Steuerprogression?,alle zahlen immer denselben Frankenbetrag,Steuern sinken automatisch auf null,Progression betrifft nur Mietrecht,höhere Einkommen werden prozentual stärker belastet,D,Progression soll Leistungsfähigkeit berücksichtigen.,"ABU Smartlearn Quiz 1. Teil, Moodle-XHTML-Export, hochgeladene Referenzdatei",user_upload:quiz-ABU_Smartlearn_1.Teil-top-20260519-0952.html
abu,Allgemeinbildender Unterricht ABU,abu_l14,ABU,L14,"Steuern, Gerechtigkeit und öffentliche Aufgaben",hard,single_choice,Welche Aussage grenzt Steuerprogression am präzisesten von falschen Vorstellungen ab?,höhere Einkommen werden prozentual stärker belastet,alle zahlen immer denselben Frankenbetrag,Steuern sinken automatisch auf null,Progression betrifft nur Mietrecht,A,Progression soll Leistungsfähigkeit berücksichtigen.,"ABU Smartlearn Quiz 1. Teil, Moodle-XHTML-Export, hochgeladene Referenzdatei",user_upload:quiz-ABU_Smartlearn_1.Teil-top-20260519-0952.html
abu,Allgemeinbildender Unterricht ABU,abu_l14,ABU,L14,"Steuern, Gerechtigkeit und öffentliche Aufgaben",easy,single_choice,Welche Kurzdefinition passt zu Steuerprogression?,alle zahlen immer denselben Frankenbetrag,höhere Einkommen werden prozentual stärker belastet,Steuern sinken automatisch auf null,Progression betrifft nur Mietrecht,B,Progression soll Leistungsfähigkeit berücksichtigen.,"ABU Smartlearn Quiz 1. Teil, Moodle-XHTML-Export, hochgeladene Referenzdatei",user_upload:quiz-ABU_Smartlearn_1.Teil-top-20260519-0952.html
abu,Allgemeinbildender Unterricht ABU,abu_l14,ABU,L14,"Steuern, Gerechtigkeit und öffentliche Aufgaben",easy,single_choice,Welche Aussage beschreibt Steuerveranlagung im ABU am besten?,sie ist ein Wahlzettel,sie ist ein Kaufbeleg,die Steuerbehörde legt die geschuldete Steuer fest,sie ist eine Versicherungspolice,C,Die Veranlagung basiert auf Angaben und gesetzlichen Regeln.,"ABU Smartlearn Quiz 1. Teil, Moodle-XHTML-Export, hochgeladene Referenzdatei",user_upload:quiz-ABU_Smartlearn_1.Teil-top-20260519-0952.html
abu,Allgemeinbildender Unterricht ABU,abu_l14,ABU,L14,"Steuern, Gerechtigkeit und öffentliche Aufgaben",medium,single_choice,Worauf muss man beim Thema Steuerveranlagung besonders achten?,sie ist ein Wahlzettel,sie ist ein Kaufbeleg,sie ist eine Versicherungspolice,die Steuerbehörde legt die geschuldete Steuer fest,D,Die Veranlagung basiert auf Angaben und gesetzlichen Regeln.,"ABU Smartlearn Quiz 1. Teil, Moodle-XHTML-Export, hochgeladene Referenzdatei",user_upload:quiz-ABU_Smartlearn_1.Teil-top-20260519-0952.html
abu,Allgemeinbildender Unterricht ABU,abu_l14,ABU,L14,"Steuern, Gerechtigkeit und öffentliche Aufgaben",hard,single_choice,Welche Aussage zu Steuerveranlagung ist fachlich am korrektesten?,die Steuerbehörde legt die geschuldete Steuer fest,sie ist ein Wahlzettel,sie ist ein Kaufbeleg,sie ist eine Versicherungspolice,A,Die Veranlagung basiert auf Angaben und gesetzlichen Regeln.,"ABU Smartlearn Quiz 1. Teil, Moodle-XHTML-Export, hochgeladene Referenzdatei",user_upload:quiz-ABU_Smartlearn_1.Teil-top-20260519-0952.html
abu,Allgemeinbildender Unterricht ABU,abu_l14,ABU,L14,"Steuern, Gerechtigkeit und öffentliche Aufgaben",easy,single_choice,Welche Antwort passt zum Begriff Steuerveranlagung?,sie ist ein Wahlzettel,die Steuerbehörde legt die geschuldete Steuer fest,sie ist ein Kaufbeleg,sie ist eine Versicherungspolice,B,Die Veranlagung basiert auf Angaben und gesetzlichen Regeln.,"ABU Smartlearn Quiz 1. Teil, Moodle-XHTML-Export, hochgeladene Referenzdatei",user_upload:quiz-ABU_Smartlearn_1.Teil-top-20260519-0952.html
abu,Allgemeinbildender Unterricht ABU,abu_l14,ABU,L14,"Steuern, Gerechtigkeit und öffentliche Aufgaben",medium,single_choice,Welche praktische Bedeutung hat Steuerveranlagung für Lernende?,sie ist ein Wahlzettel,sie ist ein Kaufbeleg,die Steuerbehörde legt die geschuldete Steuer fest,sie ist eine Versicherungspolice,C,Die Veranlagung basiert auf Angaben und gesetzlichen Regeln.,"ABU Smartlearn Quiz 1. Teil, Moodle-XHTML-Export, hochgeladene Referenzdatei",user_upload:quiz-ABU_Smartlearn_1.Teil-top-20260519-0952.html
abu,Allgemeinbildender Unterricht ABU,abu_l14,ABU,L14,"Steuern, Gerechtigkeit und öffentliche Aufgaben",hard,single_choice,Welche Erklärung zu Steuerveranlagung ist im gesellschaftlichen und rechtlichen Kontext richtig?,sie ist ein Wahlzettel,sie ist ein Kaufbeleg,sie ist eine Versicherungspolice,die Steuerbehörde legt die geschuldete Steuer fest,D,Die Veranlagung basiert auf Angaben und gesetzlichen Regeln.,"ABU Smartlearn Quiz 1. Teil, Moodle-XHTML-Export, hochgeladene Referenzdatei",user_upload:quiz-ABU_Smartlearn_1.Teil-top-20260519-0952.html
abu,Allgemeinbildender Unterricht ABU,abu_l14,ABU,L14,"Steuern, Gerechtigkeit und öffentliche Aufgaben",easy,single_choice,Was ist bei Steuerveranlagung grundsätzlich richtig?,die Steuerbehörde legt die geschuldete Steuer fest,sie ist ein Wahlzettel,sie ist ein Kaufbeleg,sie ist eine Versicherungspolice,A,Die Veranlagung basiert auf Angaben und gesetzlichen Regeln.,"ABU Smartlearn Quiz 1. Teil, Moodle-XHTML-Export, hochgeladene Referenzdatei",user_upload:quiz-ABU_Smartlearn_1.Teil-top-20260519-0952.html
abu,Allgemeinbildender Unterricht ABU,abu_l14,ABU,L14,"Steuern, Gerechtigkeit und öffentliche Aufgaben",medium,single_choice,Welche Aussage zeigt ein korrektes Verständnis von Steuerveranlagung?,sie ist ein Wahlzettel,die Steuerbehörde legt die geschuldete Steuer fest,sie ist ein Kaufbeleg,sie ist eine Versicherungspolice,B,Die Veranlagung basiert auf Angaben und gesetzlichen Regeln.,"ABU Smartlearn Quiz 1. Teil, Moodle-XHTML-Export, hochgeladene Referenzdatei",user_upload:quiz-ABU_Smartlearn_1.Teil-top-20260519-0952.html
abu,Allgemeinbildender Unterricht ABU,abu_l14,ABU,L14,"Steuern, Gerechtigkeit und öffentliche Aufgaben",hard,single_choice,Welche Aussage grenzt Steuerveranlagung am präzisesten von falschen Vorstellungen ab?,sie ist ein Wahlzettel,sie ist ein Kaufbeleg,die Steuerbehörde legt die geschuldete Steuer fest,sie ist eine Versicherungspolice,C,Die Veranlagung basiert auf Angaben und gesetzlichen Regeln.,"ABU Smartlearn Quiz 1. Teil, Moodle-XHTML-Export, hochgeladene Referenzdatei",user_upload:quiz-ABU_Smartlearn_1.Teil-top-20260519-0952.html
abu,Allgemeinbildender Unterricht ABU,abu_l14,ABU,L14,"Steuern, Gerechtigkeit und öffentliche Aufgaben",easy,single_choice,Welche Kurzdefinition passt zu Steuerveranlagung?,sie ist ein Wahlzettel,sie ist ein Kaufbeleg,sie ist eine Versicherungspolice,die Steuerbehörde legt die geschuldete Steuer fest,D,Die Veranlagung basiert auf Angaben und gesetzlichen Regeln.,"ABU Smartlearn Quiz 1. Teil, Moodle-XHTML-Export, hochgeladene Referenzdatei",user_upload:quiz-ABU_Smartlearn_1.Teil-top-20260519-0952.html
abu,Allgemeinbildender Unterricht ABU,abu_l14,ABU,L14,"Steuern, Gerechtigkeit und öffentliche Aufgaben",easy,single_choice,Welche Aussage beschreibt Steuerpflicht im ABU am besten?,Personen oder Unternehmen müssen unter bestimmten Voraussetzungen Steuern zahlen,sie ist immer freiwillig,sie ersetzt die Krankenkasse,sie gilt nur bei Ferien,A,"Steuerpflicht hängt von Wohnsitz, Einkommen oder Vermögen ab.","ABU Smartlearn Quiz 1. Teil, Moodle-XHTML-Export, hochgeladene Referenzdatei",user_upload:quiz-ABU_Smartlearn_1.Teil-top-20260519-0952.html
abu,Allgemeinbildender Unterricht ABU,abu_l14,ABU,L14,"Steuern, Gerechtigkeit und öffentliche Aufgaben",medium,single_choice,Worauf muss man beim Thema Steuerpflicht besonders achten?,sie ist immer freiwillig,Personen oder Unternehmen müssen unter bestimmten Voraussetzungen Steuern zahlen,sie ersetzt die Krankenkasse,sie gilt nur bei Ferien,B,"Steuerpflicht hängt von Wohnsitz, Einkommen oder Vermögen ab.","ABU Smartlearn Quiz 1. Teil, Moodle-XHTML-Export, hochgeladene Referenzdatei",user_upload:quiz-ABU_Smartlearn_1.Teil-top-20260519-0952.html
abu,Allgemeinbildender Unterricht ABU,abu_l14,ABU,L14,"Steuern, Gerechtigkeit und öffentliche Aufgaben",hard,single_choice,Welche Aussage zu Steuerpflicht ist fachlich am korrektesten?,sie ist immer freiwillig,sie ersetzt die Krankenkasse,Personen oder Unternehmen müssen unter bestimmten Voraussetzungen Steuern zahlen,sie gilt nur bei Ferien,C,"Steuerpflicht hängt von Wohnsitz, Einkommen oder Vermögen ab.","ABU Smartlearn Quiz 1. Teil, Moodle-XHTML-Export, hochgeladene Referenzdatei",user_upload:quiz-ABU_Smartlearn_1.Teil-top-20260519-0952.html
abu,Allgemeinbildender Unterricht ABU,abu_l14,ABU,L14,"Steuern, Gerechtigkeit und öffentliche Aufgaben",easy,single_choice,Welche Antwort passt zum Begriff Steuerpflicht?,sie ist immer freiwillig,sie ersetzt die Krankenkasse,sie gilt nur bei Ferien,Personen oder Unternehmen müssen unter bestimmten Voraussetzungen Steuern zahlen,D,"Steuerpflicht hängt von Wohnsitz, Einkommen oder Vermögen ab.","ABU Smartlearn Quiz 1. Teil, Moodle-XHTML-Export, hochgeladene Referenzdatei",user_upload:quiz-ABU_Smartlearn_1.Teil-top-20260519-0952.html
abu,Allgemeinbildender Unterricht ABU,abu_l14,ABU,L14,"Steuern, Gerechtigkeit und öffentliche Aufgaben",medium,single_choice,Welche praktische Bedeutung hat Steuerpflicht für Lernende?,Personen oder Unternehmen müssen unter bestimmten Voraussetzungen Steuern zahlen,sie ist immer freiwillig,sie ersetzt die Krankenkasse,sie gilt nur bei Ferien,A,"Steuerpflicht hängt von Wohnsitz, Einkommen oder Vermögen ab.","ABU Smartlearn Quiz 1. Teil, Moodle-XHTML-Export, hochgeladene Referenzdatei",user_upload:quiz-ABU_Smartlearn_1.Teil-top-20260519-0952.html
abu,Allgemeinbildender Unterricht ABU,abu_l14,ABU,L14,"Steuern, Gerechtigkeit und öffentliche Aufgaben",hard,single_choice,Welche Erklärung zu Steuerpflicht ist im gesellschaftlichen und rechtlichen Kontext richtig?,sie ist immer freiwillig,Personen oder Unternehmen müssen unter bestimmten Voraussetzungen Steuern zahlen,sie ersetzt die Krankenkasse,sie gilt nur bei Ferien,B,"Steuerpflicht hängt von Wohnsitz, Einkommen oder Vermögen ab.","ABU Smartlearn Quiz 1. Teil, Moodle-XHTML-Export, hochgeladene Referenzdatei",user_upload:quiz-ABU_Smartlearn_1.Teil-top-20260519-0952.html
abu,Allgemeinbildender Unterricht ABU,abu_l14,ABU,L14,"Steuern, Gerechtigkeit und öffentliche Aufgaben",easy,single_choice,Was ist bei Steuerpflicht grundsätzlich richtig?,sie ist immer freiwillig,sie ersetzt die Krankenkasse,Personen oder Unternehmen müssen unter bestimmten Voraussetzungen Steuern zahlen,sie gilt nur bei Ferien,C,"Steuerpflicht hängt von Wohnsitz, Einkommen oder Vermögen ab.","ABU Smartlearn Quiz 1. Teil, Moodle-XHTML-Export, hochgeladene Referenzdatei",user_upload:quiz-ABU_Smartlearn_1.Teil-top-20260519-0952.html
abu,Allgemeinbildender Unterricht ABU,abu_l14,ABU,L14,"Steuern, Gerechtigkeit und öffentliche Aufgaben",medium,single_choice,Welche Aussage zeigt ein korrektes Verständnis von Steuerpflicht?,sie ist immer freiwillig,sie ersetzt die Krankenkasse,sie gilt nur bei Ferien,Personen oder Unternehmen müssen unter bestimmten Voraussetzungen Steuern zahlen,D,"Steuerpflicht hängt von Wohnsitz, Einkommen oder Vermögen ab.","ABU Smartlearn Quiz 1. Teil, Moodle-XHTML-Export, hochgeladene Referenzdatei",user_upload:quiz-ABU_Smartlearn_1.Teil-top-20260519-0952.html
abu,Allgemeinbildender Unterricht ABU,abu_l14,ABU,L14,"Steuern, Gerechtigkeit und öffentliche Aufgaben",hard,single_choice,Welche Aussage grenzt Steuerpflicht am präzisesten von falschen Vorstellungen ab?,Personen oder Unternehmen müssen unter bestimmten Voraussetzungen Steuern zahlen,sie ist immer freiwillig,sie ersetzt die Krankenkasse,sie gilt nur bei Ferien,A,"Steuerpflicht hängt von Wohnsitz, Einkommen oder Vermögen ab.","ABU Smartlearn Quiz 1. Teil, Moodle-XHTML-Export, hochgeladene Referenzdatei",user_upload:quiz-ABU_Smartlearn_1.Teil-top-20260519-0952.html
abu,Allgemeinbildender Unterricht ABU,abu_l14,ABU,L14,"Steuern, Gerechtigkeit und öffentliche Aufgaben",easy,single_choice,Welche Kurzdefinition passt zu Steuerpflicht?,sie ist immer freiwillig,Personen oder Unternehmen müssen unter bestimmten Voraussetzungen Steuern zahlen,sie ersetzt die Krankenkasse,sie gilt nur bei Ferien,B,"Steuerpflicht hängt von Wohnsitz, Einkommen oder Vermögen ab.","ABU Smartlearn Quiz 1. Teil, Moodle-XHTML-Export, hochgeladene Referenzdatei",user_upload:quiz-ABU_Smartlearn_1.Teil-top-20260519-0952.html
abu,Allgemeinbildender Unterricht ABU,abu_l14,ABU,L14,"Steuern, Gerechtigkeit und öffentliche Aufgaben",easy,single_choice,Welche Aussage beschreibt Steuerhoheit im ABU am besten?,nur private Firmen dürfen Steuern erheben,Steuern sind nie geregelt,"Bund, Kantone und Gemeinden dürfen bestimmte Steuern erheben",Gerichte erheben beliebig Steuern,C,Steuerhoheit ist föderal organisiert.,"ABU Smartlearn Quiz 1. Teil, Moodle-XHTML-Export, hochgeladene Referenzdatei",user_upload:quiz-ABU_Smartlearn_1.Teil-top-20260519-0952.html
abu,Allgemeinbildender Unterricht ABU,abu_l14,ABU,L14,"Steuern, Gerechtigkeit und öffentliche Aufgaben",medium,single_choice,Worauf muss man beim Thema Steuerhoheit besonders achten?,nur private Firmen dürfen Steuern erheben,Steuern sind nie geregelt,Gerichte erheben beliebig Steuern,"Bund, Kantone und Gemeinden dürfen bestimmte Steuern erheben",D,Steuerhoheit ist föderal organisiert.,"ABU Smartlearn Quiz 1. Teil, Moodle-XHTML-Export, hochgeladene Referenzdatei",user_upload:quiz-ABU_Smartlearn_1.Teil-top-20260519-0952.html
abu,Allgemeinbildender Unterricht ABU,abu_l14,ABU,L14,"Steuern, Gerechtigkeit und öffentliche Aufgaben",hard,single_choice,Welche Aussage zu Steuerhoheit ist fachlich am korrektesten?,"Bund, Kantone und Gemeinden dürfen bestimmte Steuern erheben",nur private Firmen dürfen Steuern erheben,Steuern sind nie geregelt,Gerichte erheben beliebig Steuern,A,Steuerhoheit ist föderal organisiert.,"ABU Smartlearn Quiz 1. Teil, Moodle-XHTML-Export, hochgeladene Referenzdatei",user_upload:quiz-ABU_Smartlearn_1.Teil-top-20260519-0952.html
abu,Allgemeinbildender Unterricht ABU,abu_l14,ABU,L14,"Steuern, Gerechtigkeit und öffentliche Aufgaben",easy,single_choice,Welche Antwort passt zum Begriff Steuerhoheit?,nur private Firmen dürfen Steuern erheben,"Bund, Kantone und Gemeinden dürfen bestimmte Steuern erheben",Steuern sind nie geregelt,Gerichte erheben beliebig Steuern,B,Steuerhoheit ist föderal organisiert.,"ABU Smartlearn Quiz 1. Teil, Moodle-XHTML-Export, hochgeladene Referenzdatei",user_upload:quiz-ABU_Smartlearn_1.Teil-top-20260519-0952.html
abu,Allgemeinbildender Unterricht ABU,abu_l14,ABU,L14,"Steuern, Gerechtigkeit und öffentliche Aufgaben",medium,single_choice,Welche praktische Bedeutung hat Steuerhoheit für Lernende?,nur private Firmen dürfen Steuern erheben,Steuern sind nie geregelt,"Bund, Kantone und Gemeinden dürfen bestimmte Steuern erheben",Gerichte erheben beliebig Steuern,C,Steuerhoheit ist föderal organisiert.,"ABU Smartlearn Quiz 1. Teil, Moodle-XHTML-Export, hochgeladene Referenzdatei",user_upload:quiz-ABU_Smartlearn_1.Teil-top-20260519-0952.html
abu,Allgemeinbildender Unterricht ABU,abu_l14,ABU,L14,"Steuern, Gerechtigkeit und öffentliche Aufgaben",hard,single_choice,Welche Erklärung zu Steuerhoheit ist im gesellschaftlichen und rechtlichen Kontext richtig?,nur private Firmen dürfen Steuern erheben,Steuern sind nie geregelt,Gerichte erheben beliebig Steuern,"Bund, Kantone und Gemeinden dürfen bestimmte Steuern erheben",D,Steuerhoheit ist föderal organisiert.,"ABU Smartlearn Quiz 1. Teil, Moodle-XHTML-Export, hochgeladene Referenzdatei",user_upload:quiz-ABU_Smartlearn_1.Teil-top-20260519-0952.html
abu,Allgemeinbildender Unterricht ABU,abu_l14,ABU,L14,"Steuern, Gerechtigkeit und öffentliche Aufgaben",easy,single_choice,Was ist bei Steuerhoheit grundsätzlich richtig?,"Bund, Kantone und Gemeinden dürfen bestimmte Steuern erheben",nur private Firmen dürfen Steuern erheben,Steuern sind nie geregelt,Gerichte erheben beliebig Steuern,A,Steuerhoheit ist föderal organisiert.,"ABU Smartlearn Quiz 1. Teil, Moodle-XHTML-Export, hochgeladene Referenzdatei",user_upload:quiz-ABU_Smartlearn_1.Teil-top-20260519-0952.html
abu,Allgemeinbildender Unterricht ABU,abu_l14,ABU,L14,"Steuern, Gerechtigkeit und öffentliche Aufgaben",medium,single_choice,Welche Aussage zeigt ein korrektes Verständnis von Steuerhoheit?,nur private Firmen dürfen Steuern erheben,"Bund, Kantone und Gemeinden dürfen bestimmte Steuern erheben",Steuern sind nie geregelt,Gerichte erheben beliebig Steuern,B,Steuerhoheit ist föderal organisiert.,"ABU Smartlearn Quiz 1. Teil, Moodle-XHTML-Export, hochgeladene Referenzdatei",user_upload:quiz-ABU_Smartlearn_1.Teil-top-20260519-0952.html
abu,Allgemeinbildender Unterricht ABU,abu_l14,ABU,L14,"Steuern, Gerechtigkeit und öffentliche Aufgaben",hard,single_choice,Welche Aussage grenzt Steuerhoheit am präzisesten von falschen Vorstellungen ab?,nur private Firmen dürfen Steuern erheben,Steuern sind nie geregelt,"Bund, Kantone und Gemeinden dürfen bestimmte Steuern erheben",Gerichte erheben beliebig Steuern,C,Steuerhoheit ist föderal organisiert.,"ABU Smartlearn Quiz 1. Teil, Moodle-XHTML-Export, hochgeladene Referenzdatei",user_upload:quiz-ABU_Smartlearn_1.Teil-top-20260519-0952.html
abu,Allgemeinbildender Unterricht ABU,abu_l14,ABU,L14,"Steuern, Gerechtigkeit und öffentliche Aufgaben",easy,single_choice,Welche Kurzdefinition passt zu Steuerhoheit?,nur private Firmen dürfen Steuern erheben,Steuern sind nie geregelt,Gerichte erheben beliebig Steuern,"Bund, Kantone und Gemeinden dürfen bestimmte Steuern erheben",D,Steuerhoheit ist föderal organisiert.,"ABU Smartlearn Quiz 1. Teil, Moodle-XHTML-Export, hochgeladene Referenzdatei",user_upload:quiz-ABU_Smartlearn_1.Teil-top-20260519-0952.html
abu,Allgemeinbildender Unterricht ABU,abu_l14,ABU,L14,"Steuern, Gerechtigkeit und öffentliche Aufgaben",easy,single_choice,Welche Aussage beschreibt Steuerwettbewerb im ABU am besten?,Kantone und Gemeinden unterscheiden sich bei Steuerbelastungen,alle Orte haben zwingend identische Steuern,Wettbewerb ist ein Mietmangel,Steuern betreffen nur Banken,A,Steuerwettbewerb ist politisch umstritten.,"ABU Smartlearn Quiz 1. Teil, Moodle-XHTML-Export, hochgeladene Referenzdatei",user_upload:quiz-ABU_Smartlearn_1.Teil-top-20260519-0952.html
abu,Allgemeinbildender Unterricht ABU,abu_l14,ABU,L14,"Steuern, Gerechtigkeit und öffentliche Aufgaben",medium,single_choice,Worauf muss man beim Thema Steuerwettbewerb besonders achten?,alle Orte haben zwingend identische Steuern,Kantone und Gemeinden unterscheiden sich bei Steuerbelastungen,Wettbewerb ist ein Mietmangel,Steuern betreffen nur Banken,B,Steuerwettbewerb ist politisch umstritten.,"ABU Smartlearn Quiz 1. Teil, Moodle-XHTML-Export, hochgeladene Referenzdatei",user_upload:quiz-ABU_Smartlearn_1.Teil-top-20260519-0952.html
abu,Allgemeinbildender Unterricht ABU,abu_l14,ABU,L14,"Steuern, Gerechtigkeit und öffentliche Aufgaben",hard,single_choice,Welche Aussage zu Steuerwettbewerb ist fachlich am korrektesten?,alle Orte haben zwingend identische Steuern,Wettbewerb ist ein Mietmangel,Kantone und Gemeinden unterscheiden sich bei Steuerbelastungen,Steuern betreffen nur Banken,C,Steuerwettbewerb ist politisch umstritten.,"ABU Smartlearn Quiz 1. Teil, Moodle-XHTML-Export, hochgeladene Referenzdatei",user_upload:quiz-ABU_Smartlearn_1.Teil-top-20260519-0952.html
abu,Allgemeinbildender Unterricht ABU,abu_l14,ABU,L14,"Steuern, Gerechtigkeit und öffentliche Aufgaben",easy,single_choice,Welche Antwort passt zum Begriff Steuerwettbewerb?,alle Orte haben zwingend identische Steuern,Wettbewerb ist ein Mietmangel,Steuern betreffen nur Banken,Kantone und Gemeinden unterscheiden sich bei Steuerbelastungen,D,Steuerwettbewerb ist politisch umstritten.,"ABU Smartlearn Quiz 1. Teil, Moodle-XHTML-Export, hochgeladene Referenzdatei",user_upload:quiz-ABU_Smartlearn_1.Teil-top-20260519-0952.html
abu,Allgemeinbildender Unterricht ABU,abu_l14,ABU,L14,"Steuern, Gerechtigkeit und öffentliche Aufgaben",medium,single_choice,Welche praktische Bedeutung hat Steuerwettbewerb für Lernende?,Kantone und Gemeinden unterscheiden sich bei Steuerbelastungen,alle Orte haben zwingend identische Steuern,Wettbewerb ist ein Mietmangel,Steuern betreffen nur Banken,A,Steuerwettbewerb ist politisch umstritten.,"ABU Smartlearn Quiz 1. Teil, Moodle-XHTML-Export, hochgeladene Referenzdatei",user_upload:quiz-ABU_Smartlearn_1.Teil-top-20260519-0952.html
abu,Allgemeinbildender Unterricht ABU,abu_l14,ABU,L14,"Steuern, Gerechtigkeit und öffentliche Aufgaben",hard,single_choice,Welche Erklärung zu Steuerwettbewerb ist im gesellschaftlichen und rechtlichen Kontext richtig?,alle Orte haben zwingend identische Steuern,Kantone und Gemeinden unterscheiden sich bei Steuerbelastungen,Wettbewerb ist ein Mietmangel,Steuern betreffen nur Banken,B,Steuerwettbewerb ist politisch umstritten.,"ABU Smartlearn Quiz 1. Teil, Moodle-XHTML-Export, hochgeladene Referenzdatei",user_upload:quiz-ABU_Smartlearn_1.Teil-top-20260519-0952.html
abu,Allgemeinbildender Unterricht ABU,abu_l14,ABU,L14,"Steuern, Gerechtigkeit und öffentliche Aufgaben",easy,single_choice,Was ist bei Steuerwettbewerb grundsätzlich richtig?,alle Orte haben zwingend identische Steuern,Wettbewerb ist ein Mietmangel,Kantone und Gemeinden unterscheiden sich bei Steuerbelastungen,Steuern betreffen nur Banken,C,Steuerwettbewerb ist politisch umstritten.,"ABU Smartlearn Quiz 1. Teil, Moodle-XHTML-Export, hochgeladene Referenzdatei",user_upload:quiz-ABU_Smartlearn_1.Teil-top-20260519-0952.html
abu,Allgemeinbildender Unterricht ABU,abu_l14,ABU,L14,"Steuern, Gerechtigkeit und öffentliche Aufgaben",medium,single_choice,Welche Aussage zeigt ein korrektes Verständnis von Steuerwettbewerb?,alle Orte haben zwingend identische Steuern,Wettbewerb ist ein Mietmangel,Steuern betreffen nur Banken,Kantone und Gemeinden unterscheiden sich bei Steuerbelastungen,D,Steuerwettbewerb ist politisch umstritten.,"ABU Smartlearn Quiz 1. Teil, Moodle-XHTML-Export, hochgeladene Referenzdatei",user_upload:quiz-ABU_Smartlearn_1.Teil-top-20260519-0952.html
abu,Allgemeinbildender Unterricht ABU,abu_l14,ABU,L14,"Steuern, Gerechtigkeit und öffentliche Aufgaben",hard,single_choice,Welche Aussage grenzt Steuerwettbewerb am präzisesten von falschen Vorstellungen ab?,Kantone und Gemeinden unterscheiden sich bei Steuerbelastungen,alle Orte haben zwingend identische Steuern,Wettbewerb ist ein Mietmangel,Steuern betreffen nur Banken,A,Steuerwettbewerb ist politisch umstritten.,"ABU Smartlearn Quiz 1. Teil, Moodle-XHTML-Export, hochgeladene Referenzdatei",user_upload:quiz-ABU_Smartlearn_1.Teil-top-20260519-0952.html
abu,Allgemeinbildender Unterricht ABU,abu_l14,ABU,L14,"Steuern, Gerechtigkeit und öffentliche Aufgaben",easy,single_choice,Welche Kurzdefinition passt zu Steuerwettbewerb?,alle Orte haben zwingend identische Steuern,Kantone und Gemeinden unterscheiden sich bei Steuerbelastungen,Wettbewerb ist ein Mietmangel,Steuern betreffen nur Banken,B,Steuerwettbewerb ist politisch umstritten.,"ABU Smartlearn Quiz 1. Teil, Moodle-XHTML-Export, hochgeladene Referenzdatei",user_upload:quiz-ABU_Smartlearn_1.Teil-top-20260519-0952.html
abu,Allgemeinbildender Unterricht ABU,abu_l14,ABU,L14,"Steuern, Gerechtigkeit und öffentliche Aufgaben",easy,single_choice,Welche Aussage beschreibt Verrechnungssteuer im ABU am besten?,sie ist eine Wohnungsübergabe,sie ist ein Wahlverfahren,sie sichert die Deklaration bestimmter Erträge,sie ist eine Scheidung,C,Die Verrechnungssteuer hat Sicherungsfunktion.,"ABU Smartlearn Quiz 1. Teil, Moodle-XHTML-Export, hochgeladene Referenzdatei",user_upload:quiz-ABU_Smartlearn_1.Teil-top-20260519-0952.html
abu,Allgemeinbildender Unterricht ABU,abu_l14,ABU,L14,"Steuern, Gerechtigkeit und öffentliche Aufgaben",medium,single_choice,Worauf muss man beim Thema Verrechnungssteuer besonders achten?,sie ist eine Wohnungsübergabe,sie ist ein Wahlverfahren,sie ist eine Scheidung,sie sichert die Deklaration bestimmter Erträge,D,Die Verrechnungssteuer hat Sicherungsfunktion.,"ABU Smartlearn Quiz 1. Teil, Moodle-XHTML-Export, hochgeladene Referenzdatei",user_upload:quiz-ABU_Smartlearn_1.Teil-top-20260519-0952.html
abu,Allgemeinbildender Unterricht ABU,abu_l14,ABU,L14,"Steuern, Gerechtigkeit und öffentliche Aufgaben",hard,single_choice,Welche Aussage zu Verrechnungssteuer ist fachlich am korrektesten?,sie sichert die Deklaration bestimmter Erträge,sie ist eine Wohnungsübergabe,sie ist ein Wahlverfahren,sie ist eine Scheidung,A,Die Verrechnungssteuer hat Sicherungsfunktion.,"ABU Smartlearn Quiz 1. Teil, Moodle-XHTML-Export, hochgeladene Referenzdatei",user_upload:quiz-ABU_Smartlearn_1.Teil-top-20260519-0952.html
abu,Allgemeinbildender Unterricht ABU,abu_l14,ABU,L14,"Steuern, Gerechtigkeit und öffentliche Aufgaben",easy,single_choice,Welche Antwort passt zum Begriff Verrechnungssteuer?,sie ist eine Wohnungsübergabe,sie sichert die Deklaration bestimmter Erträge,sie ist ein Wahlverfahren,sie ist eine Scheidung,B,Die Verrechnungssteuer hat Sicherungsfunktion.,"ABU Smartlearn Quiz 1. Teil, Moodle-XHTML-Export, hochgeladene Referenzdatei",user_upload:quiz-ABU_Smartlearn_1.Teil-top-20260519-0952.html
abu,Allgemeinbildender Unterricht ABU,abu_l14,ABU,L14,"Steuern, Gerechtigkeit und öffentliche Aufgaben",medium,single_choice,Welche praktische Bedeutung hat Verrechnungssteuer für Lernende?,sie ist eine Wohnungsübergabe,sie ist ein Wahlverfahren,sie sichert die Deklaration bestimmter Erträge,sie ist eine Scheidung,C,Die Verrechnungssteuer hat Sicherungsfunktion.,"ABU Smartlearn Quiz 1. Teil, Moodle-XHTML-Export, hochgeladene Referenzdatei",user_upload:quiz-ABU_Smartlearn_1.Teil-top-20260519-0952.html
abu,Allgemeinbildender Unterricht ABU,abu_l14,ABU,L14,"Steuern, Gerechtigkeit und öffentliche Aufgaben",hard,single_choice,Welche Erklärung zu Verrechnungssteuer ist im gesellschaftlichen und rechtlichen Kontext richtig?,sie ist eine Wohnungsübergabe,sie ist ein Wahlverfahren,sie ist eine Scheidung,sie sichert die Deklaration bestimmter Erträge,D,Die Verrechnungssteuer hat Sicherungsfunktion.,"ABU Smartlearn Quiz 1. Teil, Moodle-XHTML-Export, hochgeladene Referenzdatei",user_upload:quiz-ABU_Smartlearn_1.Teil-top-20260519-0952.html
abu,Allgemeinbildender Unterricht ABU,abu_l14,ABU,L14,"Steuern, Gerechtigkeit und öffentliche Aufgaben",easy,single_choice,Was ist bei Verrechnungssteuer grundsätzlich richtig?,sie sichert die Deklaration bestimmter Erträge,sie ist eine Wohnungsübergabe,sie ist ein Wahlverfahren,sie ist eine Scheidung,A,Die Verrechnungssteuer hat Sicherungsfunktion.,"ABU Smartlearn Quiz 1. Teil, Moodle-XHTML-Export, hochgeladene Referenzdatei",user_upload:quiz-ABU_Smartlearn_1.Teil-top-20260519-0952.html
abu,Allgemeinbildender Unterricht ABU,abu_l14,ABU,L14,"Steuern, Gerechtigkeit und öffentliche Aufgaben",medium,single_choice,Welche Aussage zeigt ein korrektes Verständnis von Verrechnungssteuer?,sie ist eine Wohnungsübergabe,sie sichert die Deklaration bestimmter Erträge,sie ist ein Wahlverfahren,sie ist eine Scheidung,B,Die Verrechnungssteuer hat Sicherungsfunktion.,"ABU Smartlearn Quiz 1. Teil, Moodle-XHTML-Export, hochgeladene Referenzdatei",user_upload:quiz-ABU_Smartlearn_1.Teil-top-20260519-0952.html
abu,Allgemeinbildender Unterricht ABU,abu_l14,ABU,L14,"Steuern, Gerechtigkeit und öffentliche Aufgaben",hard,single_choice,Welche Aussage grenzt Verrechnungssteuer am präzisesten von falschen Vorstellungen ab?,sie ist eine Wohnungsübergabe,sie ist ein Wahlverfahren,sie sichert die Deklaration bestimmter Erträge,sie ist eine Scheidung,C,Die Verrechnungssteuer hat Sicherungsfunktion.,"ABU Smartlearn Quiz 1. Teil, Moodle-XHTML-Export, hochgeladene Referenzdatei",user_upload:quiz-ABU_Smartlearn_1.Teil-top-20260519-0952.html
abu,Allgemeinbildender Unterricht ABU,abu_l14,ABU,L14,"Steuern, Gerechtigkeit und öffentliche Aufgaben",easy,single_choice,Welche Kurzdefinition passt zu Verrechnungssteuer?,sie ist eine Wohnungsübergabe,sie ist ein Wahlverfahren,sie ist eine Scheidung,sie sichert die Deklaration bestimmter Erträge,D,Die Verrechnungssteuer hat Sicherungsfunktion.,"ABU Smartlearn Quiz 1. Teil, Moodle-XHTML-Export, hochgeladene Referenzdatei",user_upload:quiz-ABU_Smartlearn_1.Teil-top-20260519-0952.html
abu,Allgemeinbildender Unterricht ABU,abu_l15,ABU,L15,"Globalisierung, Nachhaltigkeit, Energie und internationale Beziehungen",easy,single_choice,Welche Aussage beschreibt Globalisierung im ABU am besten?,"weltweite Verflechtung von Wirtschaft, Politik, Kultur und Kommunikation nimmt zu",alle Länder sind völlig isoliert,Handel ist unmöglich,Kommunikation endet an Gemeindegrenzen,A,Globalisierung schafft Chancen und Abhängigkeiten.,"ABU Smartlearn Quiz 1. Teil, Moodle-XHTML-Export, hochgeladene Referenzdatei",user_upload:quiz-ABU_Smartlearn_1.Teil-top-20260519-0952.html
abu,Allgemeinbildender Unterricht ABU,abu_l15,ABU,L15,"Globalisierung, Nachhaltigkeit, Energie und internationale Beziehungen",medium,single_choice,Worauf muss man beim Thema Globalisierung besonders achten?,alle Länder sind völlig isoliert,"weltweite Verflechtung von Wirtschaft, Politik, Kultur und Kommunikation nimmt zu",Handel ist unmöglich,Kommunikation endet an Gemeindegrenzen,B,Globalisierung schafft Chancen und Abhängigkeiten.,"ABU Smartlearn Quiz 1. Teil, Moodle-XHTML-Export, hochgeladene Referenzdatei",user_upload:quiz-ABU_Smartlearn_1.Teil-top-20260519-0952.html
abu,Allgemeinbildender Unterricht ABU,abu_l15,ABU,L15,"Globalisierung, Nachhaltigkeit, Energie und internationale Beziehungen",hard,single_choice,Welche Aussage zu Globalisierung ist fachlich am korrektesten?,alle Länder sind völlig isoliert,Handel ist unmöglich,"weltweite Verflechtung von Wirtschaft, Politik, Kultur und Kommunikation nimmt zu",Kommunikation endet an Gemeindegrenzen,C,Globalisierung schafft Chancen und Abhängigkeiten.,"ABU Smartlearn Quiz 1. Teil, Moodle-XHTML-Export, hochgeladene Referenzdatei",user_upload:quiz-ABU_Smartlearn_1.Teil-top-20260519-0952.html
abu,Allgemeinbildender Unterricht ABU,abu_l15,ABU,L15,"Globalisierung, Nachhaltigkeit, Energie und internationale Beziehungen",easy,single_choice,Welche Antwort passt zum Begriff Globalisierung?,alle Länder sind völlig isoliert,Handel ist unmöglich,Kommunikation endet an Gemeindegrenzen,"weltweite Verflechtung von Wirtschaft, Politik, Kultur und Kommunikation nimmt zu",D,Globalisierung schafft Chancen und Abhängigkeiten.,"ABU Smartlearn Quiz 1. Teil, Moodle-XHTML-Export, hochgeladene Referenzdatei",user_upload:quiz-ABU_Smartlearn_1.Teil-top-20260519-0952.html
abu,Allgemeinbildender Unterricht ABU,abu_l15,ABU,L15,"Globalisierung, Nachhaltigkeit, Energie und internationale Beziehungen",medium,single_choice,Welche praktische Bedeutung hat Globalisierung für Lernende?,"weltweite Verflechtung von Wirtschaft, Politik, Kultur und Kommunikation nimmt zu",alle Länder sind völlig isoliert,Handel ist unmöglich,Kommunikation endet an Gemeindegrenzen,A,Globalisierung schafft Chancen und Abhängigkeiten.,"ABU Smartlearn Quiz 1. Teil, Moodle-XHTML-Export, hochgeladene Referenzdatei",user_upload:quiz-ABU_Smartlearn_1.Teil-top-20260519-0952.html
abu,Allgemeinbildender Unterricht ABU,abu_l15,ABU,L15,"Globalisierung, Nachhaltigkeit, Energie und internationale Beziehungen",hard,single_choice,Welche Erklärung zu Globalisierung ist im gesellschaftlichen und rechtlichen Kontext richtig?,alle Länder sind völlig isoliert,"weltweite Verflechtung von Wirtschaft, Politik, Kultur und Kommunikation nimmt zu",Handel ist unmöglich,Kommunikation endet an Gemeindegrenzen,B,Globalisierung schafft Chancen und Abhängigkeiten.,"ABU Smartlearn Quiz 1. Teil, Moodle-XHTML-Export, hochgeladene Referenzdatei",user_upload:quiz-ABU_Smartlearn_1.Teil-top-20260519-0952.html
abu,Allgemeinbildender Unterricht ABU,abu_l15,ABU,L15,"Globalisierung, Nachhaltigkeit, Energie und internationale Beziehungen",easy,single_choice,Was ist bei Globalisierung grundsätzlich richtig?,alle Länder sind völlig isoliert,Handel ist unmöglich,"weltweite Verflechtung von Wirtschaft, Politik, Kultur und Kommunikation nimmt zu",Kommunikation endet an Gemeindegrenzen,C,Globalisierung schafft Chancen und Abhängigkeiten.,"ABU Smartlearn Quiz 1. Teil, Moodle-XHTML-Export, hochgeladene Referenzdatei",user_upload:quiz-ABU_Smartlearn_1.Teil-top-20260519-0952.html
abu,Allgemeinbildender Unterricht ABU,abu_l15,ABU,L15,"Globalisierung, Nachhaltigkeit, Energie und internationale Beziehungen",medium,single_choice,Welche Aussage zeigt ein korrektes Verständnis von Globalisierung?,alle Länder sind völlig isoliert,Handel ist unmöglich,Kommunikation endet an Gemeindegrenzen,"weltweite Verflechtung von Wirtschaft, Politik, Kultur und Kommunikation nimmt zu",D,Globalisierung schafft Chancen und Abhängigkeiten.,"ABU Smartlearn Quiz 1. Teil, Moodle-XHTML-Export, hochgeladene Referenzdatei",user_upload:quiz-ABU_Smartlearn_1.Teil-top-20260519-0952.html
abu,Allgemeinbildender Unterricht ABU,abu_l15,ABU,L15,"Globalisierung, Nachhaltigkeit, Energie und internationale Beziehungen",hard,single_choice,Welche Aussage grenzt Globalisierung am präzisesten von falschen Vorstellungen ab?,"weltweite Verflechtung von Wirtschaft, Politik, Kultur und Kommunikation nimmt zu",alle Länder sind völlig isoliert,Handel ist unmöglich,Kommunikation endet an Gemeindegrenzen,A,Globalisierung schafft Chancen und Abhängigkeiten.,"ABU Smartlearn Quiz 1. Teil, Moodle-XHTML-Export, hochgeladene Referenzdatei",user_upload:quiz-ABU_Smartlearn_1.Teil-top-20260519-0952.html
abu,Allgemeinbildender Unterricht ABU,abu_l15,ABU,L15,"Globalisierung, Nachhaltigkeit, Energie und internationale Beziehungen",easy,single_choice,Welche Kurzdefinition passt zu Globalisierung?,alle Länder sind völlig isoliert,"weltweite Verflechtung von Wirtschaft, Politik, Kultur und Kommunikation nimmt zu",Handel ist unmöglich,Kommunikation endet an Gemeindegrenzen,B,Globalisierung schafft Chancen und Abhängigkeiten.,"ABU Smartlearn Quiz 1. Teil, Moodle-XHTML-Export, hochgeladene Referenzdatei",user_upload:quiz-ABU_Smartlearn_1.Teil-top-20260519-0952.html
abu,Allgemeinbildender Unterricht ABU,abu_l15,ABU,L15,"Globalisierung, Nachhaltigkeit, Energie und internationale Beziehungen",easy,single_choice,Welche Aussage beschreibt Freihandel im ABU am besten?,jede Einfuhr ist verboten,nur lokale Tauschgeschäfte sind erlaubt,Handelshemmnisse zwischen Ländern werden reduziert,Zölle steigen immer unbegrenzt,C,"Freihandel kann Handel erleichtern, aber auch Konflikte auslösen.","ABU Smartlearn Quiz 1. Teil, Moodle-XHTML-Export, hochgeladene Referenzdatei",user_upload:quiz-ABU_Smartlearn_1.Teil-top-20260519-0952.html
abu,Allgemeinbildender Unterricht ABU,abu_l15,ABU,L15,"Globalisierung, Nachhaltigkeit, Energie und internationale Beziehungen",medium,single_choice,Worauf muss man beim Thema Freihandel besonders achten?,jede Einfuhr ist verboten,nur lokale Tauschgeschäfte sind erlaubt,Zölle steigen immer unbegrenzt,Handelshemmnisse zwischen Ländern werden reduziert,D,"Freihandel kann Handel erleichtern, aber auch Konflikte auslösen.","ABU Smartlearn Quiz 1. Teil, Moodle-XHTML-Export, hochgeladene Referenzdatei",user_upload:quiz-ABU_Smartlearn_1.Teil-top-20260519-0952.html
abu,Allgemeinbildender Unterricht ABU,abu_l15,ABU,L15,"Globalisierung, Nachhaltigkeit, Energie und internationale Beziehungen",hard,single_choice,Welche Aussage zu Freihandel ist fachlich am korrektesten?,Handelshemmnisse zwischen Ländern werden reduziert,jede Einfuhr ist verboten,nur lokale Tauschgeschäfte sind erlaubt,Zölle steigen immer unbegrenzt,A,"Freihandel kann Handel erleichtern, aber auch Konflikte auslösen.","ABU Smartlearn Quiz 1. Teil, Moodle-XHTML-Export, hochgeladene Referenzdatei",user_upload:quiz-ABU_Smartlearn_1.Teil-top-20260519-0952.html
abu,Allgemeinbildender Unterricht ABU,abu_l15,ABU,L15,"Globalisierung, Nachhaltigkeit, Energie und internationale Beziehungen",easy,single_choice,Welche Antwort passt zum Begriff Freihandel?,jede Einfuhr ist verboten,Handelshemmnisse zwischen Ländern werden reduziert,nur lokale Tauschgeschäfte sind erlaubt,Zölle steigen immer unbegrenzt,B,"Freihandel kann Handel erleichtern, aber auch Konflikte auslösen.","ABU Smartlearn Quiz 1. Teil, Moodle-XHTML-Export, hochgeladene Referenzdatei",user_upload:quiz-ABU_Smartlearn_1.Teil-top-20260519-0952.html
abu,Allgemeinbildender Unterricht ABU,abu_l15,ABU,L15,"Globalisierung, Nachhaltigkeit, Energie und internationale Beziehungen",medium,single_choice,Welche praktische Bedeutung hat Freihandel für Lernende?,jede Einfuhr ist verboten,nur lokale Tauschgeschäfte sind erlaubt,Handelshemmnisse zwischen Ländern werden reduziert,Zölle steigen immer unbegrenzt,C,"Freihandel kann Handel erleichtern, aber auch Konflikte auslösen.","ABU Smartlearn Quiz 1. Teil, Moodle-XHTML-Export, hochgeladene Referenzdatei",user_upload:quiz-ABU_Smartlearn_1.Teil-top-20260519-0952.html
abu,Allgemeinbildender Unterricht ABU,abu_l15,ABU,L15,"Globalisierung, Nachhaltigkeit, Energie und internationale Beziehungen",hard,single_choice,Welche Erklärung zu Freihandel ist im gesellschaftlichen und rechtlichen Kontext richtig?,jede Einfuhr ist verboten,nur lokale Tauschgeschäfte sind erlaubt,Zölle steigen immer unbegrenzt,Handelshemmnisse zwischen Ländern werden reduziert,D,"Freihandel kann Handel erleichtern, aber auch Konflikte auslösen.","ABU Smartlearn Quiz 1. Teil, Moodle-XHTML-Export, hochgeladene Referenzdatei",user_upload:quiz-ABU_Smartlearn_1.Teil-top-20260519-0952.html
abu,Allgemeinbildender Unterricht ABU,abu_l15,ABU,L15,"Globalisierung, Nachhaltigkeit, Energie und internationale Beziehungen",easy,single_choice,Was ist bei Freihandel grundsätzlich richtig?,Handelshemmnisse zwischen Ländern werden reduziert,jede Einfuhr ist verboten,nur lokale Tauschgeschäfte sind erlaubt,Zölle steigen immer unbegrenzt,A,"Freihandel kann Handel erleichtern, aber auch Konflikte auslösen.","ABU Smartlearn Quiz 1. Teil, Moodle-XHTML-Export, hochgeladene Referenzdatei",user_upload:quiz-ABU_Smartlearn_1.Teil-top-20260519-0952.html
abu,Allgemeinbildender Unterricht ABU,abu_l15,ABU,L15,"Globalisierung, Nachhaltigkeit, Energie und internationale Beziehungen",medium,single_choice,Welche Aussage zeigt ein korrektes Verständnis von Freihandel?,jede Einfuhr ist verboten,Handelshemmnisse zwischen Ländern werden reduziert,nur lokale Tauschgeschäfte sind erlaubt,Zölle steigen immer unbegrenzt,B,"Freihandel kann Handel erleichtern, aber auch Konflikte auslösen.","ABU Smartlearn Quiz 1. Teil, Moodle-XHTML-Export, hochgeladene Referenzdatei",user_upload:quiz-ABU_Smartlearn_1.Teil-top-20260519-0952.html
abu,Allgemeinbildender Unterricht ABU,abu_l15,ABU,L15,"Globalisierung, Nachhaltigkeit, Energie und internationale Beziehungen",hard,single_choice,Welche Aussage grenzt Freihandel am präzisesten von falschen Vorstellungen ab?,jede Einfuhr ist verboten,nur lokale Tauschgeschäfte sind erlaubt,Handelshemmnisse zwischen Ländern werden reduziert,Zölle steigen immer unbegrenzt,C,"Freihandel kann Handel erleichtern, aber auch Konflikte auslösen.","ABU Smartlearn Quiz 1. Teil, Moodle-XHTML-Export, hochgeladene Referenzdatei",user_upload:quiz-ABU_Smartlearn_1.Teil-top-20260519-0952.html
abu,Allgemeinbildender Unterricht ABU,abu_l15,ABU,L15,"Globalisierung, Nachhaltigkeit, Energie und internationale Beziehungen",easy,single_choice,Welche Kurzdefinition passt zu Freihandel?,jede Einfuhr ist verboten,nur lokale Tauschgeschäfte sind erlaubt,Zölle steigen immer unbegrenzt,Handelshemmnisse zwischen Ländern werden reduziert,D,"Freihandel kann Handel erleichtern, aber auch Konflikte auslösen.","ABU Smartlearn Quiz 1. Teil, Moodle-XHTML-Export, hochgeladene Referenzdatei",user_upload:quiz-ABU_Smartlearn_1.Teil-top-20260519-0952.html
abu,Allgemeinbildender Unterricht ABU,abu_l15,ABU,L15,"Globalisierung, Nachhaltigkeit, Energie und internationale Beziehungen",easy,single_choice,Welche Aussage beschreibt Import und Export im ABU am besten?,Waren und Dienstleistungen werden ein- oder ausgeführt,nur Steuern werden gewählt,nur Mietverträge werden übertragen,nur Erbschaften zählen,A,Aussenhandel verbindet Volkswirtschaften.,"ABU Smartlearn Quiz 1. Teil, Moodle-XHTML-Export, hochgeladene Referenzdatei",user_upload:quiz-ABU_Smartlearn_1.Teil-top-20260519-0952.html
abu,Allgemeinbildender Unterricht ABU,abu_l15,ABU,L15,"Globalisierung, Nachhaltigkeit, Energie und internationale Beziehungen",medium,single_choice,Worauf muss man beim Thema Import und Export besonders achten?,nur Steuern werden gewählt,Waren und Dienstleistungen werden ein- oder ausgeführt,nur Mietverträge werden übertragen,nur Erbschaften zählen,B,Aussenhandel verbindet Volkswirtschaften.,"ABU Smartlearn Quiz 1. Teil, Moodle-XHTML-Export, hochgeladene Referenzdatei",user_upload:quiz-ABU_Smartlearn_1.Teil-top-20260519-0952.html
abu,Allgemeinbildender Unterricht ABU,abu_l15,ABU,L15,"Globalisierung, Nachhaltigkeit, Energie und internationale Beziehungen",hard,single_choice,Welche Aussage zu Import und Export ist fachlich am korrektesten?,nur Steuern werden gewählt,nur Mietverträge werden übertragen,Waren und Dienstleistungen werden ein- oder ausgeführt,nur Erbschaften zählen,C,Aussenhandel verbindet Volkswirtschaften.,"ABU Smartlearn Quiz 1. Teil, Moodle-XHTML-Export, hochgeladene Referenzdatei",user_upload:quiz-ABU_Smartlearn_1.Teil-top-20260519-0952.html
abu,Allgemeinbildender Unterricht ABU,abu_l15,ABU,L15,"Globalisierung, Nachhaltigkeit, Energie und internationale Beziehungen",easy,single_choice,Welche Antwort passt zum Begriff Import und Export?,nur Steuern werden gewählt,nur Mietverträge werden übertragen,nur Erbschaften zählen,Waren und Dienstleistungen werden ein- oder ausgeführt,D,Aussenhandel verbindet Volkswirtschaften.,"ABU Smartlearn Quiz 1. Teil, Moodle-XHTML-Export, hochgeladene Referenzdatei",user_upload:quiz-ABU_Smartlearn_1.Teil-top-20260519-0952.html
abu,Allgemeinbildender Unterricht ABU,abu_l15,ABU,L15,"Globalisierung, Nachhaltigkeit, Energie und internationale Beziehungen",medium,single_choice,Welche praktische Bedeutung hat Import und Export für Lernende?,Waren und Dienstleistungen werden ein- oder ausgeführt,nur Steuern werden gewählt,nur Mietverträge werden übertragen,nur Erbschaften zählen,A,Aussenhandel verbindet Volkswirtschaften.,"ABU Smartlearn Quiz 1. Teil, Moodle-XHTML-Export, hochgeladene Referenzdatei",user_upload:quiz-ABU_Smartlearn_1.Teil-top-20260519-0952.html
abu,Allgemeinbildender Unterricht ABU,abu_l15,ABU,L15,"Globalisierung, Nachhaltigkeit, Energie und internationale Beziehungen",hard,single_choice,Welche Erklärung zu Import und Export ist im gesellschaftlichen und rechtlichen Kontext richtig?,nur Steuern werden gewählt,Waren und Dienstleistungen werden ein- oder ausgeführt,nur Mietverträge werden übertragen,nur Erbschaften zählen,B,Aussenhandel verbindet Volkswirtschaften.,"ABU Smartlearn Quiz 1. Teil, Moodle-XHTML-Export, hochgeladene Referenzdatei",user_upload:quiz-ABU_Smartlearn_1.Teil-top-20260519-0952.html
abu,Allgemeinbildender Unterricht ABU,abu_l15,ABU,L15,"Globalisierung, Nachhaltigkeit, Energie und internationale Beziehungen",easy,single_choice,Was ist bei Import und Export grundsätzlich richtig?,nur Steuern werden gewählt,nur Mietverträge werden übertragen,Waren und Dienstleistungen werden ein- oder ausgeführt,nur Erbschaften zählen,C,Aussenhandel verbindet Volkswirtschaften.,"ABU Smartlearn Quiz 1. Teil, Moodle-XHTML-Export, hochgeladene Referenzdatei",user_upload:quiz-ABU_Smartlearn_1.Teil-top-20260519-0952.html
abu,Allgemeinbildender Unterricht ABU,abu_l15,ABU,L15,"Globalisierung, Nachhaltigkeit, Energie und internationale Beziehungen",medium,single_choice,Welche Aussage zeigt ein korrektes Verständnis von Import und Export?,nur Steuern werden gewählt,nur Mietverträge werden übertragen,nur Erbschaften zählen,Waren und Dienstleistungen werden ein- oder ausgeführt,D,Aussenhandel verbindet Volkswirtschaften.,"ABU Smartlearn Quiz 1. Teil, Moodle-XHTML-Export, hochgeladene Referenzdatei",user_upload:quiz-ABU_Smartlearn_1.Teil-top-20260519-0952.html
abu,Allgemeinbildender Unterricht ABU,abu_l15,ABU,L15,"Globalisierung, Nachhaltigkeit, Energie und internationale Beziehungen",hard,single_choice,Welche Aussage grenzt Import und Export am präzisesten von falschen Vorstellungen ab?,Waren und Dienstleistungen werden ein- oder ausgeführt,nur Steuern werden gewählt,nur Mietverträge werden übertragen,nur Erbschaften zählen,A,Aussenhandel verbindet Volkswirtschaften.,"ABU Smartlearn Quiz 1. Teil, Moodle-XHTML-Export, hochgeladene Referenzdatei",user_upload:quiz-ABU_Smartlearn_1.Teil-top-20260519-0952.html
abu,Allgemeinbildender Unterricht ABU,abu_l15,ABU,L15,"Globalisierung, Nachhaltigkeit, Energie und internationale Beziehungen",easy,single_choice,Welche Kurzdefinition passt zu Import und Export?,nur Steuern werden gewählt,Waren und Dienstleistungen werden ein- oder ausgeführt,nur Mietverträge werden übertragen,nur Erbschaften zählen,B,Aussenhandel verbindet Volkswirtschaften.,"ABU Smartlearn Quiz 1. Teil, Moodle-XHTML-Export, hochgeladene Referenzdatei",user_upload:quiz-ABU_Smartlearn_1.Teil-top-20260519-0952.html
abu,Allgemeinbildender Unterricht ABU,abu_l15,ABU,L15,"Globalisierung, Nachhaltigkeit, Energie und internationale Beziehungen",easy,single_choice,Welche Aussage beschreibt Europäische Union im ABU am besten?,sie ist eine Schweizer Gemeinde,sie ist eine Krankenkasse,sie ist ein politischer und wirtschaftlicher Zusammenschluss europäischer Staaten,sie ist ein Mietzins,C,Die EU ist für die Schweiz wirtschaftlich und politisch relevant.,"ABU Smartlearn Quiz 1. Teil, Moodle-XHTML-Export, hochgeladene Referenzdatei",user_upload:quiz-ABU_Smartlearn_1.Teil-top-20260519-0952.html
abu,Allgemeinbildender Unterricht ABU,abu_l15,ABU,L15,"Globalisierung, Nachhaltigkeit, Energie und internationale Beziehungen",medium,single_choice,Worauf muss man beim Thema Europäische Union besonders achten?,sie ist eine Schweizer Gemeinde,sie ist eine Krankenkasse,sie ist ein Mietzins,sie ist ein politischer und wirtschaftlicher Zusammenschluss europäischer Staaten,D,Die EU ist für die Schweiz wirtschaftlich und politisch relevant.,"ABU Smartlearn Quiz 1. Teil, Moodle-XHTML-Export, hochgeladene Referenzdatei",user_upload:quiz-ABU_Smartlearn_1.Teil-top-20260519-0952.html
abu,Allgemeinbildender Unterricht ABU,abu_l15,ABU,L15,"Globalisierung, Nachhaltigkeit, Energie und internationale Beziehungen",hard,single_choice,Welche Aussage zu Europäische Union ist fachlich am korrektesten?,sie ist ein politischer und wirtschaftlicher Zusammenschluss europäischer Staaten,sie ist eine Schweizer Gemeinde,sie ist eine Krankenkasse,sie ist ein Mietzins,A,Die EU ist für die Schweiz wirtschaftlich und politisch relevant.,"ABU Smartlearn Quiz 1. Teil, Moodle-XHTML-Export, hochgeladene Referenzdatei",user_upload:quiz-ABU_Smartlearn_1.Teil-top-20260519-0952.html
abu,Allgemeinbildender Unterricht ABU,abu_l15,ABU,L15,"Globalisierung, Nachhaltigkeit, Energie und internationale Beziehungen",easy,single_choice,Welche Antwort passt zum Begriff Europäische Union?,sie ist eine Schweizer Gemeinde,sie ist ein politischer und wirtschaftlicher Zusammenschluss europäischer Staaten,sie ist eine Krankenkasse,sie ist ein Mietzins,B,Die EU ist für die Schweiz wirtschaftlich und politisch relevant.,"ABU Smartlearn Quiz 1. Teil, Moodle-XHTML-Export, hochgeladene Referenzdatei",user_upload:quiz-ABU_Smartlearn_1.Teil-top-20260519-0952.html
abu,Allgemeinbildender Unterricht ABU,abu_l15,ABU,L15,"Globalisierung, Nachhaltigkeit, Energie und internationale Beziehungen",medium,single_choice,Welche praktische Bedeutung hat Europäische Union für Lernende?,sie ist eine Schweizer Gemeinde,sie ist eine Krankenkasse,sie ist ein politischer und wirtschaftlicher Zusammenschluss europäischer Staaten,sie ist ein Mietzins,C,Die EU ist für die Schweiz wirtschaftlich und politisch relevant.,"ABU Smartlearn Quiz 1. Teil, Moodle-XHTML-Export, hochgeladene Referenzdatei",user_upload:quiz-ABU_Smartlearn_1.Teil-top-20260519-0952.html
abu,Allgemeinbildender Unterricht ABU,abu_l15,ABU,L15,"Globalisierung, Nachhaltigkeit, Energie und internationale Beziehungen",hard,single_choice,Welche Erklärung zu Europäische Union ist im gesellschaftlichen und rechtlichen Kontext richtig?,sie ist eine Schweizer Gemeinde,sie ist eine Krankenkasse,sie ist ein Mietzins,sie ist ein politischer und wirtschaftlicher Zusammenschluss europäischer Staaten,D,Die EU ist für die Schweiz wirtschaftlich und politisch relevant.,"ABU Smartlearn Quiz 1. Teil, Moodle-XHTML-Export, hochgeladene Referenzdatei",user_upload:quiz-ABU_Smartlearn_1.Teil-top-20260519-0952.html
abu,Allgemeinbildender Unterricht ABU,abu_l15,ABU,L15,"Globalisierung, Nachhaltigkeit, Energie und internationale Beziehungen",easy,single_choice,Was ist bei Europäische Union grundsätzlich richtig?,sie ist ein politischer und wirtschaftlicher Zusammenschluss europäischer Staaten,sie ist eine Schweizer Gemeinde,sie ist eine Krankenkasse,sie ist ein Mietzins,A,Die EU ist für die Schweiz wirtschaftlich und politisch relevant.,"ABU Smartlearn Quiz 1. Teil, Moodle-XHTML-Export, hochgeladene Referenzdatei",user_upload:quiz-ABU_Smartlearn_1.Teil-top-20260519-0952.html
abu,Allgemeinbildender Unterricht ABU,abu_l15,ABU,L15,"Globalisierung, Nachhaltigkeit, Energie und internationale Beziehungen",medium,single_choice,Welche Aussage zeigt ein korrektes Verständnis von Europäische Union?,sie ist eine Schweizer Gemeinde,sie ist ein politischer und wirtschaftlicher Zusammenschluss europäischer Staaten,sie ist eine Krankenkasse,sie ist ein Mietzins,B,Die EU ist für die Schweiz wirtschaftlich und politisch relevant.,"ABU Smartlearn Quiz 1. Teil, Moodle-XHTML-Export, hochgeladene Referenzdatei",user_upload:quiz-ABU_Smartlearn_1.Teil-top-20260519-0952.html
abu,Allgemeinbildender Unterricht ABU,abu_l15,ABU,L15,"Globalisierung, Nachhaltigkeit, Energie und internationale Beziehungen",hard,single_choice,Welche Aussage grenzt Europäische Union am präzisesten von falschen Vorstellungen ab?,sie ist eine Schweizer Gemeinde,sie ist eine Krankenkasse,sie ist ein politischer und wirtschaftlicher Zusammenschluss europäischer Staaten,sie ist ein Mietzins,C,Die EU ist für die Schweiz wirtschaftlich und politisch relevant.,"ABU Smartlearn Quiz 1. Teil, Moodle-XHTML-Export, hochgeladene Referenzdatei",user_upload:quiz-ABU_Smartlearn_1.Teil-top-20260519-0952.html
abu,Allgemeinbildender Unterricht ABU,abu_l15,ABU,L15,"Globalisierung, Nachhaltigkeit, Energie und internationale Beziehungen",easy,single_choice,Welche Kurzdefinition passt zu Europäische Union?,sie ist eine Schweizer Gemeinde,sie ist eine Krankenkasse,sie ist ein Mietzins,sie ist ein politischer und wirtschaftlicher Zusammenschluss europäischer Staaten,D,Die EU ist für die Schweiz wirtschaftlich und politisch relevant.,"ABU Smartlearn Quiz 1. Teil, Moodle-XHTML-Export, hochgeladene Referenzdatei",user_upload:quiz-ABU_Smartlearn_1.Teil-top-20260519-0952.html
abu,Allgemeinbildender Unterricht ABU,abu_l15,ABU,L15,"Globalisierung, Nachhaltigkeit, Energie und internationale Beziehungen",easy,single_choice,Welche Aussage beschreibt bilaterale Verträge im ABU am besten?,sie regeln Beziehungen zwischen zwei Vertragsparteien oder Staaten,sie sind immer Kaufquittungen,sie sind nur Versicherungsfranchisen,sie sind Wahlzettel,A,Die Schweiz regelt vieles mit der EU bilateral.,"ABU Smartlearn Quiz 1. Teil, Moodle-XHTML-Export, hochgeladene Referenzdatei",user_upload:quiz-ABU_Smartlearn_1.Teil-top-20260519-0952.html
abu,Allgemeinbildender Unterricht ABU,abu_l15,ABU,L15,"Globalisierung, Nachhaltigkeit, Energie und internationale Beziehungen",medium,single_choice,Worauf muss man beim Thema bilaterale Verträge besonders achten?,sie sind immer Kaufquittungen,sie regeln Beziehungen zwischen zwei Vertragsparteien oder Staaten,sie sind nur Versicherungsfranchisen,sie sind Wahlzettel,B,Die Schweiz regelt vieles mit der EU bilateral.,"ABU Smartlearn Quiz 1. Teil, Moodle-XHTML-Export, hochgeladene Referenzdatei",user_upload:quiz-ABU_Smartlearn_1.Teil-top-20260519-0952.html
abu,Allgemeinbildender Unterricht ABU,abu_l15,ABU,L15,"Globalisierung, Nachhaltigkeit, Energie und internationale Beziehungen",hard,single_choice,Welche Aussage zu bilaterale Verträge ist fachlich am korrektesten?,sie sind immer Kaufquittungen,sie sind nur Versicherungsfranchisen,sie regeln Beziehungen zwischen zwei Vertragsparteien oder Staaten,sie sind Wahlzettel,C,Die Schweiz regelt vieles mit der EU bilateral.,"ABU Smartlearn Quiz 1. Teil, Moodle-XHTML-Export, hochgeladene Referenzdatei",user_upload:quiz-ABU_Smartlearn_1.Teil-top-20260519-0952.html
abu,Allgemeinbildender Unterricht ABU,abu_l15,ABU,L15,"Globalisierung, Nachhaltigkeit, Energie und internationale Beziehungen",easy,single_choice,Welche Antwort passt zum Begriff bilaterale Verträge?,sie sind immer Kaufquittungen,sie sind nur Versicherungsfranchisen,sie sind Wahlzettel,sie regeln Beziehungen zwischen zwei Vertragsparteien oder Staaten,D,Die Schweiz regelt vieles mit der EU bilateral.,"ABU Smartlearn Quiz 1. Teil, Moodle-XHTML-Export, hochgeladene Referenzdatei",user_upload:quiz-ABU_Smartlearn_1.Teil-top-20260519-0952.html
abu,Allgemeinbildender Unterricht ABU,abu_l15,ABU,L15,"Globalisierung, Nachhaltigkeit, Energie und internationale Beziehungen",medium,single_choice,Welche praktische Bedeutung hat bilaterale Verträge für Lernende?,sie regeln Beziehungen zwischen zwei Vertragsparteien oder Staaten,sie sind immer Kaufquittungen,sie sind nur Versicherungsfranchisen,sie sind Wahlzettel,A,Die Schweiz regelt vieles mit der EU bilateral.,"ABU Smartlearn Quiz 1. Teil, Moodle-XHTML-Export, hochgeladene Referenzdatei",user_upload:quiz-ABU_Smartlearn_1.Teil-top-20260519-0952.html
abu,Allgemeinbildender Unterricht ABU,abu_l15,ABU,L15,"Globalisierung, Nachhaltigkeit, Energie und internationale Beziehungen",hard,single_choice,Welche Erklärung zu bilaterale Verträge ist im gesellschaftlichen und rechtlichen Kontext richtig?,sie sind immer Kaufquittungen,sie regeln Beziehungen zwischen zwei Vertragsparteien oder Staaten,sie sind nur Versicherungsfranchisen,sie sind Wahlzettel,B,Die Schweiz regelt vieles mit der EU bilateral.,"ABU Smartlearn Quiz 1. Teil, Moodle-XHTML-Export, hochgeladene Referenzdatei",user_upload:quiz-ABU_Smartlearn_1.Teil-top-20260519-0952.html
abu,Allgemeinbildender Unterricht ABU,abu_l15,ABU,L15,"Globalisierung, Nachhaltigkeit, Energie und internationale Beziehungen",easy,single_choice,Was ist bei bilaterale Verträge grundsätzlich richtig?,sie sind immer Kaufquittungen,sie sind nur Versicherungsfranchisen,sie regeln Beziehungen zwischen zwei Vertragsparteien oder Staaten,sie sind Wahlzettel,C,Die Schweiz regelt vieles mit der EU bilateral.,"ABU Smartlearn Quiz 1. Teil, Moodle-XHTML-Export, hochgeladene Referenzdatei",user_upload:quiz-ABU_Smartlearn_1.Teil-top-20260519-0952.html
abu,Allgemeinbildender Unterricht ABU,abu_l15,ABU,L15,"Globalisierung, Nachhaltigkeit, Energie und internationale Beziehungen",medium,single_choice,Welche Aussage zeigt ein korrektes Verständnis von bilaterale Verträge?,sie sind immer Kaufquittungen,sie sind nur Versicherungsfranchisen,sie sind Wahlzettel,sie regeln Beziehungen zwischen zwei Vertragsparteien oder Staaten,D,Die Schweiz regelt vieles mit der EU bilateral.,"ABU Smartlearn Quiz 1. Teil, Moodle-XHTML-Export, hochgeladene Referenzdatei",user_upload:quiz-ABU_Smartlearn_1.Teil-top-20260519-0952.html
abu,Allgemeinbildender Unterricht ABU,abu_l15,ABU,L15,"Globalisierung, Nachhaltigkeit, Energie und internationale Beziehungen",hard,single_choice,Welche Aussage grenzt bilaterale Verträge am präzisesten von falschen Vorstellungen ab?,sie regeln Beziehungen zwischen zwei Vertragsparteien oder Staaten,sie sind immer Kaufquittungen,sie sind nur Versicherungsfranchisen,sie sind Wahlzettel,A,Die Schweiz regelt vieles mit der EU bilateral.,"ABU Smartlearn Quiz 1. Teil, Moodle-XHTML-Export, hochgeladene Referenzdatei",user_upload:quiz-ABU_Smartlearn_1.Teil-top-20260519-0952.html
abu,Allgemeinbildender Unterricht ABU,abu_l15,ABU,L15,"Globalisierung, Nachhaltigkeit, Energie und internationale Beziehungen",easy,single_choice,Welche Kurzdefinition passt zu bilaterale Verträge?,sie sind immer Kaufquittungen,sie regeln Beziehungen zwischen zwei Vertragsparteien oder Staaten,sie sind nur Versicherungsfranchisen,sie sind Wahlzettel,B,Die Schweiz regelt vieles mit der EU bilateral.,"ABU Smartlearn Quiz 1. Teil, Moodle-XHTML-Export, hochgeladene Referenzdatei",user_upload:quiz-ABU_Smartlearn_1.Teil-top-20260519-0952.html
abu,Allgemeinbildender Unterricht ABU,abu_l15,ABU,L15,"Globalisierung, Nachhaltigkeit, Energie und internationale Beziehungen",easy,single_choice,Welche Aussage beschreibt Nachhaltigkeit im ABU am besten?,nur kurzfristiger Gewinn zählt,Ressourcen sind unendlich,"ökologische, soziale und wirtschaftliche Interessen werden langfristig ausbalanciert",Umweltfolgen sind immer egal,C,Nachhaltigkeit verbindet Gegenwart und Zukunft.,"ABU Smartlearn Quiz 1. Teil, Moodle-XHTML-Export, hochgeladene Referenzdatei",user_upload:quiz-ABU_Smartlearn_1.Teil-top-20260519-0952.html
abu,Allgemeinbildender Unterricht ABU,abu_l15,ABU,L15,"Globalisierung, Nachhaltigkeit, Energie und internationale Beziehungen",medium,single_choice,Worauf muss man beim Thema Nachhaltigkeit besonders achten?,nur kurzfristiger Gewinn zählt,Ressourcen sind unendlich,Umweltfolgen sind immer egal,"ökologische, soziale und wirtschaftliche Interessen werden langfristig ausbalanciert",D,Nachhaltigkeit verbindet Gegenwart und Zukunft.,"ABU Smartlearn Quiz 1. Teil, Moodle-XHTML-Export, hochgeladene Referenzdatei",user_upload:quiz-ABU_Smartlearn_1.Teil-top-20260519-0952.html
abu,Allgemeinbildender Unterricht ABU,abu_l15,ABU,L15,"Globalisierung, Nachhaltigkeit, Energie und internationale Beziehungen",hard,single_choice,Welche Aussage zu Nachhaltigkeit ist fachlich am korrektesten?,"ökologische, soziale und wirtschaftliche Interessen werden langfristig ausbalanciert",nur kurzfristiger Gewinn zählt,Ressourcen sind unendlich,Umweltfolgen sind immer egal,A,Nachhaltigkeit verbindet Gegenwart und Zukunft.,"ABU Smartlearn Quiz 1. Teil, Moodle-XHTML-Export, hochgeladene Referenzdatei",user_upload:quiz-ABU_Smartlearn_1.Teil-top-20260519-0952.html
abu,Allgemeinbildender Unterricht ABU,abu_l15,ABU,L15,"Globalisierung, Nachhaltigkeit, Energie und internationale Beziehungen",easy,single_choice,Welche Antwort passt zum Begriff Nachhaltigkeit?,nur kurzfristiger Gewinn zählt,"ökologische, soziale und wirtschaftliche Interessen werden langfristig ausbalanciert",Ressourcen sind unendlich,Umweltfolgen sind immer egal,B,Nachhaltigkeit verbindet Gegenwart und Zukunft.,"ABU Smartlearn Quiz 1. Teil, Moodle-XHTML-Export, hochgeladene Referenzdatei",user_upload:quiz-ABU_Smartlearn_1.Teil-top-20260519-0952.html
abu,Allgemeinbildender Unterricht ABU,abu_l15,ABU,L15,"Globalisierung, Nachhaltigkeit, Energie und internationale Beziehungen",medium,single_choice,Welche praktische Bedeutung hat Nachhaltigkeit für Lernende?,nur kurzfristiger Gewinn zählt,Ressourcen sind unendlich,"ökologische, soziale und wirtschaftliche Interessen werden langfristig ausbalanciert",Umweltfolgen sind immer egal,C,Nachhaltigkeit verbindet Gegenwart und Zukunft.,"ABU Smartlearn Quiz 1. Teil, Moodle-XHTML-Export, hochgeladene Referenzdatei",user_upload:quiz-ABU_Smartlearn_1.Teil-top-20260519-0952.html
abu,Allgemeinbildender Unterricht ABU,abu_l15,ABU,L15,"Globalisierung, Nachhaltigkeit, Energie und internationale Beziehungen",hard,single_choice,Welche Erklärung zu Nachhaltigkeit ist im gesellschaftlichen und rechtlichen Kontext richtig?,nur kurzfristiger Gewinn zählt,Ressourcen sind unendlich,Umweltfolgen sind immer egal,"ökologische, soziale und wirtschaftliche Interessen werden langfristig ausbalanciert",D,Nachhaltigkeit verbindet Gegenwart und Zukunft.,"ABU Smartlearn Quiz 1. Teil, Moodle-XHTML-Export, hochgeladene Referenzdatei",user_upload:quiz-ABU_Smartlearn_1.Teil-top-20260519-0952.html
abu,Allgemeinbildender Unterricht ABU,abu_l15,ABU,L15,"Globalisierung, Nachhaltigkeit, Energie und internationale Beziehungen",easy,single_choice,Was ist bei Nachhaltigkeit grundsätzlich richtig?,"ökologische, soziale und wirtschaftliche Interessen werden langfristig ausbalanciert",nur kurzfristiger Gewinn zählt,Ressourcen sind unendlich,Umweltfolgen sind immer egal,A,Nachhaltigkeit verbindet Gegenwart und Zukunft.,"ABU Smartlearn Quiz 1. Teil, Moodle-XHTML-Export, hochgeladene Referenzdatei",user_upload:quiz-ABU_Smartlearn_1.Teil-top-20260519-0952.html
abu,Allgemeinbildender Unterricht ABU,abu_l15,ABU,L15,"Globalisierung, Nachhaltigkeit, Energie und internationale Beziehungen",medium,single_choice,Welche Aussage zeigt ein korrektes Verständnis von Nachhaltigkeit?,nur kurzfristiger Gewinn zählt,"ökologische, soziale und wirtschaftliche Interessen werden langfristig ausbalanciert",Ressourcen sind unendlich,Umweltfolgen sind immer egal,B,Nachhaltigkeit verbindet Gegenwart und Zukunft.,"ABU Smartlearn Quiz 1. Teil, Moodle-XHTML-Export, hochgeladene Referenzdatei",user_upload:quiz-ABU_Smartlearn_1.Teil-top-20260519-0952.html
abu,Allgemeinbildender Unterricht ABU,abu_l15,ABU,L15,"Globalisierung, Nachhaltigkeit, Energie und internationale Beziehungen",hard,single_choice,Welche Aussage grenzt Nachhaltigkeit am präzisesten von falschen Vorstellungen ab?,nur kurzfristiger Gewinn zählt,Ressourcen sind unendlich,"ökologische, soziale und wirtschaftliche Interessen werden langfristig ausbalanciert",Umweltfolgen sind immer egal,C,Nachhaltigkeit verbindet Gegenwart und Zukunft.,"ABU Smartlearn Quiz 1. Teil, Moodle-XHTML-Export, hochgeladene Referenzdatei",user_upload:quiz-ABU_Smartlearn_1.Teil-top-20260519-0952.html
abu,Allgemeinbildender Unterricht ABU,abu_l15,ABU,L15,"Globalisierung, Nachhaltigkeit, Energie und internationale Beziehungen",easy,single_choice,Welche Kurzdefinition passt zu Nachhaltigkeit?,nur kurzfristiger Gewinn zählt,Ressourcen sind unendlich,Umweltfolgen sind immer egal,"ökologische, soziale und wirtschaftliche Interessen werden langfristig ausbalanciert",D,Nachhaltigkeit verbindet Gegenwart und Zukunft.,"ABU Smartlearn Quiz 1. Teil, Moodle-XHTML-Export, hochgeladene Referenzdatei",user_upload:quiz-ABU_Smartlearn_1.Teil-top-20260519-0952.html
abu,Allgemeinbildender Unterricht ABU,abu_l15,ABU,L15,"Globalisierung, Nachhaltigkeit, Energie und internationale Beziehungen",easy,single_choice,Welche Aussage beschreibt Ressource im ABU am besten?,"ein nutzbares Mittel wie Energie, Rohstoff, Wissen oder Arbeit",sie ist nur ein Stimmzettel,sie ist nur ein Gerichtsurteil,sie ist ein Mietmangel,A,Ressourcen sind begrenzt und müssen verantwortungsvoll genutzt werden.,"ABU Smartlearn Quiz 1. Teil, Moodle-XHTML-Export, hochgeladene Referenzdatei",user_upload:quiz-ABU_Smartlearn_1.Teil-top-20260519-0952.html
abu,Allgemeinbildender Unterricht ABU,abu_l15,ABU,L15,"Globalisierung, Nachhaltigkeit, Energie und internationale Beziehungen",medium,single_choice,Worauf muss man beim Thema Ressource besonders achten?,sie ist nur ein Stimmzettel,"ein nutzbares Mittel wie Energie, Rohstoff, Wissen oder Arbeit",sie ist nur ein Gerichtsurteil,sie ist ein Mietmangel,B,Ressourcen sind begrenzt und müssen verantwortungsvoll genutzt werden.,"ABU Smartlearn Quiz 1. Teil, Moodle-XHTML-Export, hochgeladene Referenzdatei",user_upload:quiz-ABU_Smartlearn_1.Teil-top-20260519-0952.html
abu,Allgemeinbildender Unterricht ABU,abu_l15,ABU,L15,"Globalisierung, Nachhaltigkeit, Energie und internationale Beziehungen",hard,single_choice,Welche Aussage zu Ressource ist fachlich am korrektesten?,sie ist nur ein Stimmzettel,sie ist nur ein Gerichtsurteil,"ein nutzbares Mittel wie Energie, Rohstoff, Wissen oder Arbeit",sie ist ein Mietmangel,C,Ressourcen sind begrenzt und müssen verantwortungsvoll genutzt werden.,"ABU Smartlearn Quiz 1. Teil, Moodle-XHTML-Export, hochgeladene Referenzdatei",user_upload:quiz-ABU_Smartlearn_1.Teil-top-20260519-0952.html
abu,Allgemeinbildender Unterricht ABU,abu_l15,ABU,L15,"Globalisierung, Nachhaltigkeit, Energie und internationale Beziehungen",easy,single_choice,Welche Antwort passt zum Begriff Ressource?,sie ist nur ein Stimmzettel,sie ist nur ein Gerichtsurteil,sie ist ein Mietmangel,"ein nutzbares Mittel wie Energie, Rohstoff, Wissen oder Arbeit",D,Ressourcen sind begrenzt und müssen verantwortungsvoll genutzt werden.,"ABU Smartlearn Quiz 1. Teil, Moodle-XHTML-Export, hochgeladene Referenzdatei",user_upload:quiz-ABU_Smartlearn_1.Teil-top-20260519-0952.html
abu,Allgemeinbildender Unterricht ABU,abu_l15,ABU,L15,"Globalisierung, Nachhaltigkeit, Energie und internationale Beziehungen",medium,single_choice,Welche praktische Bedeutung hat Ressource für Lernende?,"ein nutzbares Mittel wie Energie, Rohstoff, Wissen oder Arbeit",sie ist nur ein Stimmzettel,sie ist nur ein Gerichtsurteil,sie ist ein Mietmangel,A,Ressourcen sind begrenzt und müssen verantwortungsvoll genutzt werden.,"ABU Smartlearn Quiz 1. Teil, Moodle-XHTML-Export, hochgeladene Referenzdatei",user_upload:quiz-ABU_Smartlearn_1.Teil-top-20260519-0952.html
abu,Allgemeinbildender Unterricht ABU,abu_l15,ABU,L15,"Globalisierung, Nachhaltigkeit, Energie und internationale Beziehungen",hard,single_choice,Welche Erklärung zu Ressource ist im gesellschaftlichen und rechtlichen Kontext richtig?,sie ist nur ein Stimmzettel,"ein nutzbares Mittel wie Energie, Rohstoff, Wissen oder Arbeit",sie ist nur ein Gerichtsurteil,sie ist ein Mietmangel,B,Ressourcen sind begrenzt und müssen verantwortungsvoll genutzt werden.,"ABU Smartlearn Quiz 1. Teil, Moodle-XHTML-Export, hochgeladene Referenzdatei",user_upload:quiz-ABU_Smartlearn_1.Teil-top-20260519-0952.html
abu,Allgemeinbildender Unterricht ABU,abu_l15,ABU,L15,"Globalisierung, Nachhaltigkeit, Energie und internationale Beziehungen",easy,single_choice,Was ist bei Ressource grundsätzlich richtig?,sie ist nur ein Stimmzettel,sie ist nur ein Gerichtsurteil,"ein nutzbares Mittel wie Energie, Rohstoff, Wissen oder Arbeit",sie ist ein Mietmangel,C,Ressourcen sind begrenzt und müssen verantwortungsvoll genutzt werden.,"ABU Smartlearn Quiz 1. Teil, Moodle-XHTML-Export, hochgeladene Referenzdatei",user_upload:quiz-ABU_Smartlearn_1.Teil-top-20260519-0952.html
abu,Allgemeinbildender Unterricht ABU,abu_l15,ABU,L15,"Globalisierung, Nachhaltigkeit, Energie und internationale Beziehungen",medium,single_choice,Welche Aussage zeigt ein korrektes Verständnis von Ressource?,sie ist nur ein Stimmzettel,sie ist nur ein Gerichtsurteil,sie ist ein Mietmangel,"ein nutzbares Mittel wie Energie, Rohstoff, Wissen oder Arbeit",D,Ressourcen sind begrenzt und müssen verantwortungsvoll genutzt werden.,"ABU Smartlearn Quiz 1. Teil, Moodle-XHTML-Export, hochgeladene Referenzdatei",user_upload:quiz-ABU_Smartlearn_1.Teil-top-20260519-0952.html
abu,Allgemeinbildender Unterricht ABU,abu_l15,ABU,L15,"Globalisierung, Nachhaltigkeit, Energie und internationale Beziehungen",hard,single_choice,Welche Aussage grenzt Ressource am präzisesten von falschen Vorstellungen ab?,"ein nutzbares Mittel wie Energie, Rohstoff, Wissen oder Arbeit",sie ist nur ein Stimmzettel,sie ist nur ein Gerichtsurteil,sie ist ein Mietmangel,A,Ressourcen sind begrenzt und müssen verantwortungsvoll genutzt werden.,"ABU Smartlearn Quiz 1. Teil, Moodle-XHTML-Export, hochgeladene Referenzdatei",user_upload:quiz-ABU_Smartlearn_1.Teil-top-20260519-0952.html
abu,Allgemeinbildender Unterricht ABU,abu_l15,ABU,L15,"Globalisierung, Nachhaltigkeit, Energie und internationale Beziehungen",easy,single_choice,Welche Kurzdefinition passt zu Ressource?,sie ist nur ein Stimmzettel,"ein nutzbares Mittel wie Energie, Rohstoff, Wissen oder Arbeit",sie ist nur ein Gerichtsurteil,sie ist ein Mietmangel,B,Ressourcen sind begrenzt und müssen verantwortungsvoll genutzt werden.,"ABU Smartlearn Quiz 1. Teil, Moodle-XHTML-Export, hochgeladene Referenzdatei",user_upload:quiz-ABU_Smartlearn_1.Teil-top-20260519-0952.html
abu,Allgemeinbildender Unterricht ABU,abu_l15,ABU,L15,"Globalisierung, Nachhaltigkeit, Energie und internationale Beziehungen",easy,single_choice,Welche Aussage beschreibt Energiequellen im ABU am besten?,alle Quellen sind identisch,Energie entsteht ohne Ressourcen,verschiedene Quellen liefern Energie mit unterschiedlichen Folgen,Folgen für Umwelt sind unmöglich,C,"Energiefragen betreffen Umwelt, Wirtschaft und Politik.","ABU Smartlearn Quiz 1. Teil, Moodle-XHTML-Export, hochgeladene Referenzdatei",user_upload:quiz-ABU_Smartlearn_1.Teil-top-20260519-0952.html
abu,Allgemeinbildender Unterricht ABU,abu_l15,ABU,L15,"Globalisierung, Nachhaltigkeit, Energie und internationale Beziehungen",medium,single_choice,Worauf muss man beim Thema Energiequellen besonders achten?,alle Quellen sind identisch,Energie entsteht ohne Ressourcen,Folgen für Umwelt sind unmöglich,verschiedene Quellen liefern Energie mit unterschiedlichen Folgen,D,"Energiefragen betreffen Umwelt, Wirtschaft und Politik.","ABU Smartlearn Quiz 1. Teil, Moodle-XHTML-Export, hochgeladene Referenzdatei",user_upload:quiz-ABU_Smartlearn_1.Teil-top-20260519-0952.html
abu,Allgemeinbildender Unterricht ABU,abu_l15,ABU,L15,"Globalisierung, Nachhaltigkeit, Energie und internationale Beziehungen",hard,single_choice,Welche Aussage zu Energiequellen ist fachlich am korrektesten?,verschiedene Quellen liefern Energie mit unterschiedlichen Folgen,alle Quellen sind identisch,Energie entsteht ohne Ressourcen,Folgen für Umwelt sind unmöglich,A,"Energiefragen betreffen Umwelt, Wirtschaft und Politik.","ABU Smartlearn Quiz 1. Teil, Moodle-XHTML-Export, hochgeladene Referenzdatei",user_upload:quiz-ABU_Smartlearn_1.Teil-top-20260519-0952.html
abu,Allgemeinbildender Unterricht ABU,abu_l15,ABU,L15,"Globalisierung, Nachhaltigkeit, Energie und internationale Beziehungen",easy,single_choice,Welche Antwort passt zum Begriff Energiequellen?,alle Quellen sind identisch,verschiedene Quellen liefern Energie mit unterschiedlichen Folgen,Energie entsteht ohne Ressourcen,Folgen für Umwelt sind unmöglich,B,"Energiefragen betreffen Umwelt, Wirtschaft und Politik.","ABU Smartlearn Quiz 1. Teil, Moodle-XHTML-Export, hochgeladene Referenzdatei",user_upload:quiz-ABU_Smartlearn_1.Teil-top-20260519-0952.html
abu,Allgemeinbildender Unterricht ABU,abu_l15,ABU,L15,"Globalisierung, Nachhaltigkeit, Energie und internationale Beziehungen",medium,single_choice,Welche praktische Bedeutung hat Energiequellen für Lernende?,alle Quellen sind identisch,Energie entsteht ohne Ressourcen,verschiedene Quellen liefern Energie mit unterschiedlichen Folgen,Folgen für Umwelt sind unmöglich,C,"Energiefragen betreffen Umwelt, Wirtschaft und Politik.","ABU Smartlearn Quiz 1. Teil, Moodle-XHTML-Export, hochgeladene Referenzdatei",user_upload:quiz-ABU_Smartlearn_1.Teil-top-20260519-0952.html
abu,Allgemeinbildender Unterricht ABU,abu_l15,ABU,L15,"Globalisierung, Nachhaltigkeit, Energie und internationale Beziehungen",hard,single_choice,Welche Erklärung zu Energiequellen ist im gesellschaftlichen und rechtlichen Kontext richtig?,alle Quellen sind identisch,Energie entsteht ohne Ressourcen,Folgen für Umwelt sind unmöglich,verschiedene Quellen liefern Energie mit unterschiedlichen Folgen,D,"Energiefragen betreffen Umwelt, Wirtschaft und Politik.","ABU Smartlearn Quiz 1. Teil, Moodle-XHTML-Export, hochgeladene Referenzdatei",user_upload:quiz-ABU_Smartlearn_1.Teil-top-20260519-0952.html
abu,Allgemeinbildender Unterricht ABU,abu_l15,ABU,L15,"Globalisierung, Nachhaltigkeit, Energie und internationale Beziehungen",easy,single_choice,Was ist bei Energiequellen grundsätzlich richtig?,verschiedene Quellen liefern Energie mit unterschiedlichen Folgen,alle Quellen sind identisch,Energie entsteht ohne Ressourcen,Folgen für Umwelt sind unmöglich,A,"Energiefragen betreffen Umwelt, Wirtschaft und Politik.","ABU Smartlearn Quiz 1. Teil, Moodle-XHTML-Export, hochgeladene Referenzdatei",user_upload:quiz-ABU_Smartlearn_1.Teil-top-20260519-0952.html
abu,Allgemeinbildender Unterricht ABU,abu_l15,ABU,L15,"Globalisierung, Nachhaltigkeit, Energie und internationale Beziehungen",medium,single_choice,Welche Aussage zeigt ein korrektes Verständnis von Energiequellen?,alle Quellen sind identisch,verschiedene Quellen liefern Energie mit unterschiedlichen Folgen,Energie entsteht ohne Ressourcen,Folgen für Umwelt sind unmöglich,B,"Energiefragen betreffen Umwelt, Wirtschaft und Politik.","ABU Smartlearn Quiz 1. Teil, Moodle-XHTML-Export, hochgeladene Referenzdatei",user_upload:quiz-ABU_Smartlearn_1.Teil-top-20260519-0952.html
abu,Allgemeinbildender Unterricht ABU,abu_l15,ABU,L15,"Globalisierung, Nachhaltigkeit, Energie und internationale Beziehungen",hard,single_choice,Welche Aussage grenzt Energiequellen am präzisesten von falschen Vorstellungen ab?,alle Quellen sind identisch,Energie entsteht ohne Ressourcen,verschiedene Quellen liefern Energie mit unterschiedlichen Folgen,Folgen für Umwelt sind unmöglich,C,"Energiefragen betreffen Umwelt, Wirtschaft und Politik.","ABU Smartlearn Quiz 1. Teil, Moodle-XHTML-Export, hochgeladene Referenzdatei",user_upload:quiz-ABU_Smartlearn_1.Teil-top-20260519-0952.html
abu,Allgemeinbildender Unterricht ABU,abu_l15,ABU,L15,"Globalisierung, Nachhaltigkeit, Energie und internationale Beziehungen",easy,single_choice,Welche Kurzdefinition passt zu Energiequellen?,alle Quellen sind identisch,Energie entsteht ohne Ressourcen,Folgen für Umwelt sind unmöglich,verschiedene Quellen liefern Energie mit unterschiedlichen Folgen,D,"Energiefragen betreffen Umwelt, Wirtschaft und Politik.","ABU Smartlearn Quiz 1. Teil, Moodle-XHTML-Export, hochgeladene Referenzdatei",user_upload:quiz-ABU_Smartlearn_1.Teil-top-20260519-0952.html
abu,Allgemeinbildender Unterricht ABU,abu_l15,ABU,L15,"Globalisierung, Nachhaltigkeit, Energie und internationale Beziehungen",easy,single_choice,Welche Aussage beschreibt Mobilität im ABU am besten?,Menschen und Güter bewegen sich mit unterschiedlichen Verkehrsmitteln,niemand bewegt sich,sie betrifft nur Erbrecht,sie ist nur ein Bankzins,A,"Mobilität hat Nutzen, Kosten und Umweltfolgen.","ABU Smartlearn Quiz 1. Teil, Moodle-XHTML-Export, hochgeladene Referenzdatei",user_upload:quiz-ABU_Smartlearn_1.Teil-top-20260519-0952.html
abu,Allgemeinbildender Unterricht ABU,abu_l15,ABU,L15,"Globalisierung, Nachhaltigkeit, Energie und internationale Beziehungen",medium,single_choice,Worauf muss man beim Thema Mobilität besonders achten?,niemand bewegt sich,Menschen und Güter bewegen sich mit unterschiedlichen Verkehrsmitteln,sie betrifft nur Erbrecht,sie ist nur ein Bankzins,B,"Mobilität hat Nutzen, Kosten und Umweltfolgen.","ABU Smartlearn Quiz 1. Teil, Moodle-XHTML-Export, hochgeladene Referenzdatei",user_upload:quiz-ABU_Smartlearn_1.Teil-top-20260519-0952.html
abu,Allgemeinbildender Unterricht ABU,abu_l15,ABU,L15,"Globalisierung, Nachhaltigkeit, Energie und internationale Beziehungen",hard,single_choice,Welche Aussage zu Mobilität ist fachlich am korrektesten?,niemand bewegt sich,sie betrifft nur Erbrecht,Menschen und Güter bewegen sich mit unterschiedlichen Verkehrsmitteln,sie ist nur ein Bankzins,C,"Mobilität hat Nutzen, Kosten und Umweltfolgen.","ABU Smartlearn Quiz 1. Teil, Moodle-XHTML-Export, hochgeladene Referenzdatei",user_upload:quiz-ABU_Smartlearn_1.Teil-top-20260519-0952.html
abu,Allgemeinbildender Unterricht ABU,abu_l15,ABU,L15,"Globalisierung, Nachhaltigkeit, Energie und internationale Beziehungen",easy,single_choice,Welche Antwort passt zum Begriff Mobilität?,niemand bewegt sich,sie betrifft nur Erbrecht,sie ist nur ein Bankzins,Menschen und Güter bewegen sich mit unterschiedlichen Verkehrsmitteln,D,"Mobilität hat Nutzen, Kosten und Umweltfolgen.","ABU Smartlearn Quiz 1. Teil, Moodle-XHTML-Export, hochgeladene Referenzdatei",user_upload:quiz-ABU_Smartlearn_1.Teil-top-20260519-0952.html
abu,Allgemeinbildender Unterricht ABU,abu_l15,ABU,L15,"Globalisierung, Nachhaltigkeit, Energie und internationale Beziehungen",medium,single_choice,Welche praktische Bedeutung hat Mobilität für Lernende?,Menschen und Güter bewegen sich mit unterschiedlichen Verkehrsmitteln,niemand bewegt sich,sie betrifft nur Erbrecht,sie ist nur ein Bankzins,A,"Mobilität hat Nutzen, Kosten und Umweltfolgen.","ABU Smartlearn Quiz 1. Teil, Moodle-XHTML-Export, hochgeladene Referenzdatei",user_upload:quiz-ABU_Smartlearn_1.Teil-top-20260519-0952.html
abu,Allgemeinbildender Unterricht ABU,abu_l15,ABU,L15,"Globalisierung, Nachhaltigkeit, Energie und internationale Beziehungen",hard,single_choice,Welche Erklärung zu Mobilität ist im gesellschaftlichen und rechtlichen Kontext richtig?,niemand bewegt sich,Menschen und Güter bewegen sich mit unterschiedlichen Verkehrsmitteln,sie betrifft nur Erbrecht,sie ist nur ein Bankzins,B,"Mobilität hat Nutzen, Kosten und Umweltfolgen.","ABU Smartlearn Quiz 1. Teil, Moodle-XHTML-Export, hochgeladene Referenzdatei",user_upload:quiz-ABU_Smartlearn_1.Teil-top-20260519-0952.html
abu,Allgemeinbildender Unterricht ABU,abu_l15,ABU,L15,"Globalisierung, Nachhaltigkeit, Energie und internationale Beziehungen",easy,single_choice,Was ist bei Mobilität grundsätzlich richtig?,niemand bewegt sich,sie betrifft nur Erbrecht,Menschen und Güter bewegen sich mit unterschiedlichen Verkehrsmitteln,sie ist nur ein Bankzins,C,"Mobilität hat Nutzen, Kosten und Umweltfolgen.","ABU Smartlearn Quiz 1. Teil, Moodle-XHTML-Export, hochgeladene Referenzdatei",user_upload:quiz-ABU_Smartlearn_1.Teil-top-20260519-0952.html
abu,Allgemeinbildender Unterricht ABU,abu_l15,ABU,L15,"Globalisierung, Nachhaltigkeit, Energie und internationale Beziehungen",medium,single_choice,Welche Aussage zeigt ein korrektes Verständnis von Mobilität?,niemand bewegt sich,sie betrifft nur Erbrecht,sie ist nur ein Bankzins,Menschen und Güter bewegen sich mit unterschiedlichen Verkehrsmitteln,D,"Mobilität hat Nutzen, Kosten und Umweltfolgen.","ABU Smartlearn Quiz 1. Teil, Moodle-XHTML-Export, hochgeladene Referenzdatei",user_upload:quiz-ABU_Smartlearn_1.Teil-top-20260519-0952.html
abu,Allgemeinbildender Unterricht ABU,abu_l15,ABU,L15,"Globalisierung, Nachhaltigkeit, Energie und internationale Beziehungen",hard,single_choice,Welche Aussage grenzt Mobilität am präzisesten von falschen Vorstellungen ab?,Menschen und Güter bewegen sich mit unterschiedlichen Verkehrsmitteln,niemand bewegt sich,sie betrifft nur Erbrecht,sie ist nur ein Bankzins,A,"Mobilität hat Nutzen, Kosten und Umweltfolgen.","ABU Smartlearn Quiz 1. Teil, Moodle-XHTML-Export, hochgeladene Referenzdatei",user_upload:quiz-ABU_Smartlearn_1.Teil-top-20260519-0952.html
abu,Allgemeinbildender Unterricht ABU,abu_l15,ABU,L15,"Globalisierung, Nachhaltigkeit, Energie und internationale Beziehungen",easy,single_choice,Welche Kurzdefinition passt zu Mobilität?,niemand bewegt sich,Menschen und Güter bewegen sich mit unterschiedlichen Verkehrsmitteln,sie betrifft nur Erbrecht,sie ist nur ein Bankzins,B,"Mobilität hat Nutzen, Kosten und Umweltfolgen.","ABU Smartlearn Quiz 1. Teil, Moodle-XHTML-Export, hochgeladene Referenzdatei",user_upload:quiz-ABU_Smartlearn_1.Teil-top-20260519-0952.html
abu,Allgemeinbildender Unterricht ABU,abu_l15,ABU,L15,"Globalisierung, Nachhaltigkeit, Energie und internationale Beziehungen",easy,single_choice,Welche Aussage beschreibt Ökologie im ABU am besten?,sie ist ein Kaufvertrag,sie ist eine Lohnabrechnung,sie betrachtet Beziehungen zwischen Lebewesen und Umwelt,sie ist eine Wahlmethode,C,Ökologische Zusammenhänge sind für Nachhaltigkeit wichtig.,"ABU Smartlearn Quiz 1. Teil, Moodle-XHTML-Export, hochgeladene Referenzdatei",user_upload:quiz-ABU_Smartlearn_1.Teil-top-20260519-0952.html
abu,Allgemeinbildender Unterricht ABU,abu_l15,ABU,L15,"Globalisierung, Nachhaltigkeit, Energie und internationale Beziehungen",medium,single_choice,Worauf muss man beim Thema Ökologie besonders achten?,sie ist ein Kaufvertrag,sie ist eine Lohnabrechnung,sie ist eine Wahlmethode,sie betrachtet Beziehungen zwischen Lebewesen und Umwelt,D,Ökologische Zusammenhänge sind für Nachhaltigkeit wichtig.,"ABU Smartlearn Quiz 1. Teil, Moodle-XHTML-Export, hochgeladene Referenzdatei",user_upload:quiz-ABU_Smartlearn_1.Teil-top-20260519-0952.html
abu,Allgemeinbildender Unterricht ABU,abu_l15,ABU,L15,"Globalisierung, Nachhaltigkeit, Energie und internationale Beziehungen",hard,single_choice,Welche Aussage zu Ökologie ist fachlich am korrektesten?,sie betrachtet Beziehungen zwischen Lebewesen und Umwelt,sie ist ein Kaufvertrag,sie ist eine Lohnabrechnung,sie ist eine Wahlmethode,A,Ökologische Zusammenhänge sind für Nachhaltigkeit wichtig.,"ABU Smartlearn Quiz 1. Teil, Moodle-XHTML-Export, hochgeladene Referenzdatei",user_upload:quiz-ABU_Smartlearn_1.Teil-top-20260519-0952.html
abu,Allgemeinbildender Unterricht ABU,abu_l15,ABU,L15,"Globalisierung, Nachhaltigkeit, Energie und internationale Beziehungen",easy,single_choice,Welche Antwort passt zum Begriff Ökologie?,sie ist ein Kaufvertrag,sie betrachtet Beziehungen zwischen Lebewesen und Umwelt,sie ist eine Lohnabrechnung,sie ist eine Wahlmethode,B,Ökologische Zusammenhänge sind für Nachhaltigkeit wichtig.,"ABU Smartlearn Quiz 1. Teil, Moodle-XHTML-Export, hochgeladene Referenzdatei",user_upload:quiz-ABU_Smartlearn_1.Teil-top-20260519-0952.html
abu,Allgemeinbildender Unterricht ABU,abu_l15,ABU,L15,"Globalisierung, Nachhaltigkeit, Energie und internationale Beziehungen",medium,single_choice,Welche praktische Bedeutung hat Ökologie für Lernende?,sie ist ein Kaufvertrag,sie ist eine Lohnabrechnung,sie betrachtet Beziehungen zwischen Lebewesen und Umwelt,sie ist eine Wahlmethode,C,Ökologische Zusammenhänge sind für Nachhaltigkeit wichtig.,"ABU Smartlearn Quiz 1. Teil, Moodle-XHTML-Export, hochgeladene Referenzdatei",user_upload:quiz-ABU_Smartlearn_1.Teil-top-20260519-0952.html
abu,Allgemeinbildender Unterricht ABU,abu_l15,ABU,L15,"Globalisierung, Nachhaltigkeit, Energie und internationale Beziehungen",hard,single_choice,Welche Erklärung zu Ökologie ist im gesellschaftlichen und rechtlichen Kontext richtig?,sie ist ein Kaufvertrag,sie ist eine Lohnabrechnung,sie ist eine Wahlmethode,sie betrachtet Beziehungen zwischen Lebewesen und Umwelt,D,Ökologische Zusammenhänge sind für Nachhaltigkeit wichtig.,"ABU Smartlearn Quiz 1. Teil, Moodle-XHTML-Export, hochgeladene Referenzdatei",user_upload:quiz-ABU_Smartlearn_1.Teil-top-20260519-0952.html
abu,Allgemeinbildender Unterricht ABU,abu_l15,ABU,L15,"Globalisierung, Nachhaltigkeit, Energie und internationale Beziehungen",easy,single_choice,Was ist bei Ökologie grundsätzlich richtig?,sie betrachtet Beziehungen zwischen Lebewesen und Umwelt,sie ist ein Kaufvertrag,sie ist eine Lohnabrechnung,sie ist eine Wahlmethode,A,Ökologische Zusammenhänge sind für Nachhaltigkeit wichtig.,"ABU Smartlearn Quiz 1. Teil, Moodle-XHTML-Export, hochgeladene Referenzdatei",user_upload:quiz-ABU_Smartlearn_1.Teil-top-20260519-0952.html
abu,Allgemeinbildender Unterricht ABU,abu_l15,ABU,L15,"Globalisierung, Nachhaltigkeit, Energie und internationale Beziehungen",medium,single_choice,Welche Aussage zeigt ein korrektes Verständnis von Ökologie?,sie ist ein Kaufvertrag,sie betrachtet Beziehungen zwischen Lebewesen und Umwelt,sie ist eine Lohnabrechnung,sie ist eine Wahlmethode,B,Ökologische Zusammenhänge sind für Nachhaltigkeit wichtig.,"ABU Smartlearn Quiz 1. Teil, Moodle-XHTML-Export, hochgeladene Referenzdatei",user_upload:quiz-ABU_Smartlearn_1.Teil-top-20260519-0952.html
abu,Allgemeinbildender Unterricht ABU,abu_l15,ABU,L15,"Globalisierung, Nachhaltigkeit, Energie und internationale Beziehungen",hard,single_choice,Welche Aussage grenzt Ökologie am präzisesten von falschen Vorstellungen ab?,sie ist ein Kaufvertrag,sie ist eine Lohnabrechnung,sie betrachtet Beziehungen zwischen Lebewesen und Umwelt,sie ist eine Wahlmethode,C,Ökologische Zusammenhänge sind für Nachhaltigkeit wichtig.,"ABU Smartlearn Quiz 1. Teil, Moodle-XHTML-Export, hochgeladene Referenzdatei",user_upload:quiz-ABU_Smartlearn_1.Teil-top-20260519-0952.html
abu,Allgemeinbildender Unterricht ABU,abu_l15,ABU,L15,"Globalisierung, Nachhaltigkeit, Energie und internationale Beziehungen",easy,single_choice,Welche Kurzdefinition passt zu Ökologie?,sie ist ein Kaufvertrag,sie ist eine Lohnabrechnung,sie ist eine Wahlmethode,sie betrachtet Beziehungen zwischen Lebewesen und Umwelt,D,Ökologische Zusammenhänge sind für Nachhaltigkeit wichtig.,"ABU Smartlearn Quiz 1. Teil, Moodle-XHTML-Export, hochgeladene Referenzdatei",user_upload:quiz-ABU_Smartlearn_1.Teil-top-20260519-0952.html
abu,Allgemeinbildender Unterricht ABU,abu_l16,ABU,L16,"Arbeit, Perspektiven, Vorsorge und Zukunftskompetenzen",easy,single_choice,Welche Aussage beschreibt Berufliche Perspektive im ABU am besten?,"eigene Fähigkeiten, Interessen und Arbeitsmarkt werden reflektiert",Zukunft wird nie geplant,nur Zufall entscheidet alles,Ausbildung ist bedeutungslos,A,Perspektivenplanung unterstützt Übergänge und Laufbahn.,"ABU Smartlearn Quiz 1. Teil, Moodle-XHTML-Export, hochgeladene Referenzdatei",user_upload:quiz-ABU_Smartlearn_1.Teil-top-20260519-0952.html
abu,Allgemeinbildender Unterricht ABU,abu_l16,ABU,L16,"Arbeit, Perspektiven, Vorsorge und Zukunftskompetenzen",medium,single_choice,Worauf muss man beim Thema Berufliche Perspektive besonders achten?,Zukunft wird nie geplant,"eigene Fähigkeiten, Interessen und Arbeitsmarkt werden reflektiert",nur Zufall entscheidet alles,Ausbildung ist bedeutungslos,B,Perspektivenplanung unterstützt Übergänge und Laufbahn.,"ABU Smartlearn Quiz 1. Teil, Moodle-XHTML-Export, hochgeladene Referenzdatei",user_upload:quiz-ABU_Smartlearn_1.Teil-top-20260519-0952.html
abu,Allgemeinbildender Unterricht ABU,abu_l16,ABU,L16,"Arbeit, Perspektiven, Vorsorge und Zukunftskompetenzen",hard,single_choice,Welche Aussage zu Berufliche Perspektive ist fachlich am korrektesten?,Zukunft wird nie geplant,nur Zufall entscheidet alles,"eigene Fähigkeiten, Interessen und Arbeitsmarkt werden reflektiert",Ausbildung ist bedeutungslos,C,Perspektivenplanung unterstützt Übergänge und Laufbahn.,"ABU Smartlearn Quiz 1. Teil, Moodle-XHTML-Export, hochgeladene Referenzdatei",user_upload:quiz-ABU_Smartlearn_1.Teil-top-20260519-0952.html
abu,Allgemeinbildender Unterricht ABU,abu_l16,ABU,L16,"Arbeit, Perspektiven, Vorsorge und Zukunftskompetenzen",easy,single_choice,Welche Antwort passt zum Begriff Berufliche Perspektive?,Zukunft wird nie geplant,nur Zufall entscheidet alles,Ausbildung ist bedeutungslos,"eigene Fähigkeiten, Interessen und Arbeitsmarkt werden reflektiert",D,Perspektivenplanung unterstützt Übergänge und Laufbahn.,"ABU Smartlearn Quiz 1. Teil, Moodle-XHTML-Export, hochgeladene Referenzdatei",user_upload:quiz-ABU_Smartlearn_1.Teil-top-20260519-0952.html
abu,Allgemeinbildender Unterricht ABU,abu_l16,ABU,L16,"Arbeit, Perspektiven, Vorsorge und Zukunftskompetenzen",medium,single_choice,Welche praktische Bedeutung hat Berufliche Perspektive für Lernende?,"eigene Fähigkeiten, Interessen und Arbeitsmarkt werden reflektiert",Zukunft wird nie geplant,nur Zufall entscheidet alles,Ausbildung ist bedeutungslos,A,Perspektivenplanung unterstützt Übergänge und Laufbahn.,"ABU Smartlearn Quiz 1. Teil, Moodle-XHTML-Export, hochgeladene Referenzdatei",user_upload:quiz-ABU_Smartlearn_1.Teil-top-20260519-0952.html
abu,Allgemeinbildender Unterricht ABU,abu_l16,ABU,L16,"Arbeit, Perspektiven, Vorsorge und Zukunftskompetenzen",hard,single_choice,Welche Erklärung zu Berufliche Perspektive ist im gesellschaftlichen und rechtlichen Kontext richtig?,Zukunft wird nie geplant,"eigene Fähigkeiten, Interessen und Arbeitsmarkt werden reflektiert",nur Zufall entscheidet alles,Ausbildung ist bedeutungslos,B,Perspektivenplanung unterstützt Übergänge und Laufbahn.,"ABU Smartlearn Quiz 1. Teil, Moodle-XHTML-Export, hochgeladene Referenzdatei",user_upload:quiz-ABU_Smartlearn_1.Teil-top-20260519-0952.html
abu,Allgemeinbildender Unterricht ABU,abu_l16,ABU,L16,"Arbeit, Perspektiven, Vorsorge und Zukunftskompetenzen",easy,single_choice,Was ist bei Berufliche Perspektive grundsätzlich richtig?,Zukunft wird nie geplant,nur Zufall entscheidet alles,"eigene Fähigkeiten, Interessen und Arbeitsmarkt werden reflektiert",Ausbildung ist bedeutungslos,C,Perspektivenplanung unterstützt Übergänge und Laufbahn.,"ABU Smartlearn Quiz 1. Teil, Moodle-XHTML-Export, hochgeladene Referenzdatei",user_upload:quiz-ABU_Smartlearn_1.Teil-top-20260519-0952.html
abu,Allgemeinbildender Unterricht ABU,abu_l16,ABU,L16,"Arbeit, Perspektiven, Vorsorge und Zukunftskompetenzen",medium,single_choice,Welche Aussage zeigt ein korrektes Verständnis von Berufliche Perspektive?,Zukunft wird nie geplant,nur Zufall entscheidet alles,Ausbildung ist bedeutungslos,"eigene Fähigkeiten, Interessen und Arbeitsmarkt werden reflektiert",D,Perspektivenplanung unterstützt Übergänge und Laufbahn.,"ABU Smartlearn Quiz 1. Teil, Moodle-XHTML-Export, hochgeladene Referenzdatei",user_upload:quiz-ABU_Smartlearn_1.Teil-top-20260519-0952.html
abu,Allgemeinbildender Unterricht ABU,abu_l16,ABU,L16,"Arbeit, Perspektiven, Vorsorge und Zukunftskompetenzen",hard,single_choice,Welche Aussage grenzt Berufliche Perspektive am präzisesten von falschen Vorstellungen ab?,"eigene Fähigkeiten, Interessen und Arbeitsmarkt werden reflektiert",Zukunft wird nie geplant,nur Zufall entscheidet alles,Ausbildung ist bedeutungslos,A,Perspektivenplanung unterstützt Übergänge und Laufbahn.,"ABU Smartlearn Quiz 1. Teil, Moodle-XHTML-Export, hochgeladene Referenzdatei",user_upload:quiz-ABU_Smartlearn_1.Teil-top-20260519-0952.html
abu,Allgemeinbildender Unterricht ABU,abu_l16,ABU,L16,"Arbeit, Perspektiven, Vorsorge und Zukunftskompetenzen",easy,single_choice,Welche Kurzdefinition passt zu Berufliche Perspektive?,Zukunft wird nie geplant,"eigene Fähigkeiten, Interessen und Arbeitsmarkt werden reflektiert",nur Zufall entscheidet alles,Ausbildung ist bedeutungslos,B,Perspektivenplanung unterstützt Übergänge und Laufbahn.,"ABU Smartlearn Quiz 1. Teil, Moodle-XHTML-Export, hochgeladene Referenzdatei",user_upload:quiz-ABU_Smartlearn_1.Teil-top-20260519-0952.html
abu,Allgemeinbildender Unterricht ABU,abu_l16,ABU,L16,"Arbeit, Perspektiven, Vorsorge und Zukunftskompetenzen",easy,single_choice,Welche Aussage beschreibt Weiterbildung im ABU am besten?,Lernen endet nach der Lehre,Weiterbildung ist immer verboten,neues Wissen und Können wird nach der Grundbildung aufgebaut,Berufe ändern sich nie,C,Weiterbildung hilft bei Veränderungen der Arbeitswelt.,"ABU Smartlearn Quiz 1. Teil, Moodle-XHTML-Export, hochgeladene Referenzdatei",user_upload:quiz-ABU_Smartlearn_1.Teil-top-20260519-0952.html
abu,Allgemeinbildender Unterricht ABU,abu_l16,ABU,L16,"Arbeit, Perspektiven, Vorsorge und Zukunftskompetenzen",medium,single_choice,Worauf muss man beim Thema Weiterbildung besonders achten?,Lernen endet nach der Lehre,Weiterbildung ist immer verboten,Berufe ändern sich nie,neues Wissen und Können wird nach der Grundbildung aufgebaut,D,Weiterbildung hilft bei Veränderungen der Arbeitswelt.,"ABU Smartlearn Quiz 1. Teil, Moodle-XHTML-Export, hochgeladene Referenzdatei",user_upload:quiz-ABU_Smartlearn_1.Teil-top-20260519-0952.html
abu,Allgemeinbildender Unterricht ABU,abu_l16,ABU,L16,"Arbeit, Perspektiven, Vorsorge und Zukunftskompetenzen",hard,single_choice,Welche Aussage zu Weiterbildung ist fachlich am korrektesten?,neues Wissen und Können wird nach der Grundbildung aufgebaut,Lernen endet nach der Lehre,Weiterbildung ist immer verboten,Berufe ändern sich nie,A,Weiterbildung hilft bei Veränderungen der Arbeitswelt.,"ABU Smartlearn Quiz 1. Teil, Moodle-XHTML-Export, hochgeladene Referenzdatei",user_upload:quiz-ABU_Smartlearn_1.Teil-top-20260519-0952.html
abu,Allgemeinbildender Unterricht ABU,abu_l16,ABU,L16,"Arbeit, Perspektiven, Vorsorge und Zukunftskompetenzen",easy,single_choice,Welche Antwort passt zum Begriff Weiterbildung?,Lernen endet nach der Lehre,neues Wissen und Können wird nach der Grundbildung aufgebaut,Weiterbildung ist immer verboten,Berufe ändern sich nie,B,Weiterbildung hilft bei Veränderungen der Arbeitswelt.,"ABU Smartlearn Quiz 1. Teil, Moodle-XHTML-Export, hochgeladene Referenzdatei",user_upload:quiz-ABU_Smartlearn_1.Teil-top-20260519-0952.html
abu,Allgemeinbildender Unterricht ABU,abu_l16,ABU,L16,"Arbeit, Perspektiven, Vorsorge und Zukunftskompetenzen",medium,single_choice,Welche praktische Bedeutung hat Weiterbildung für Lernende?,Lernen endet nach der Lehre,Weiterbildung ist immer verboten,neues Wissen und Können wird nach der Grundbildung aufgebaut,Berufe ändern sich nie,C,Weiterbildung hilft bei Veränderungen der Arbeitswelt.,"ABU Smartlearn Quiz 1. Teil, Moodle-XHTML-Export, hochgeladene Referenzdatei",user_upload:quiz-ABU_Smartlearn_1.Teil-top-20260519-0952.html
abu,Allgemeinbildender Unterricht ABU,abu_l16,ABU,L16,"Arbeit, Perspektiven, Vorsorge und Zukunftskompetenzen",hard,single_choice,Welche Erklärung zu Weiterbildung ist im gesellschaftlichen und rechtlichen Kontext richtig?,Lernen endet nach der Lehre,Weiterbildung ist immer verboten,Berufe ändern sich nie,neues Wissen und Können wird nach der Grundbildung aufgebaut,D,Weiterbildung hilft bei Veränderungen der Arbeitswelt.,"ABU Smartlearn Quiz 1. Teil, Moodle-XHTML-Export, hochgeladene Referenzdatei",user_upload:quiz-ABU_Smartlearn_1.Teil-top-20260519-0952.html
abu,Allgemeinbildender Unterricht ABU,abu_l16,ABU,L16,"Arbeit, Perspektiven, Vorsorge und Zukunftskompetenzen",easy,single_choice,Was ist bei Weiterbildung grundsätzlich richtig?,neues Wissen und Können wird nach der Grundbildung aufgebaut,Lernen endet nach der Lehre,Weiterbildung ist immer verboten,Berufe ändern sich nie,A,Weiterbildung hilft bei Veränderungen der Arbeitswelt.,"ABU Smartlearn Quiz 1. Teil, Moodle-XHTML-Export, hochgeladene Referenzdatei",user_upload:quiz-ABU_Smartlearn_1.Teil-top-20260519-0952.html
abu,Allgemeinbildender Unterricht ABU,abu_l16,ABU,L16,"Arbeit, Perspektiven, Vorsorge und Zukunftskompetenzen",medium,single_choice,Welche Aussage zeigt ein korrektes Verständnis von Weiterbildung?,Lernen endet nach der Lehre,neues Wissen und Können wird nach der Grundbildung aufgebaut,Weiterbildung ist immer verboten,Berufe ändern sich nie,B,Weiterbildung hilft bei Veränderungen der Arbeitswelt.,"ABU Smartlearn Quiz 1. Teil, Moodle-XHTML-Export, hochgeladene Referenzdatei",user_upload:quiz-ABU_Smartlearn_1.Teil-top-20260519-0952.html
abu,Allgemeinbildender Unterricht ABU,abu_l16,ABU,L16,"Arbeit, Perspektiven, Vorsorge und Zukunftskompetenzen",hard,single_choice,Welche Aussage grenzt Weiterbildung am präzisesten von falschen Vorstellungen ab?,Lernen endet nach der Lehre,Weiterbildung ist immer verboten,neues Wissen und Können wird nach der Grundbildung aufgebaut,Berufe ändern sich nie,C,Weiterbildung hilft bei Veränderungen der Arbeitswelt.,"ABU Smartlearn Quiz 1. Teil, Moodle-XHTML-Export, hochgeladene Referenzdatei",user_upload:quiz-ABU_Smartlearn_1.Teil-top-20260519-0952.html
abu,Allgemeinbildender Unterricht ABU,abu_l16,ABU,L16,"Arbeit, Perspektiven, Vorsorge und Zukunftskompetenzen",easy,single_choice,Welche Kurzdefinition passt zu Weiterbildung?,Lernen endet nach der Lehre,Weiterbildung ist immer verboten,Berufe ändern sich nie,neues Wissen und Können wird nach der Grundbildung aufgebaut,D,Weiterbildung hilft bei Veränderungen der Arbeitswelt.,"ABU Smartlearn Quiz 1. Teil, Moodle-XHTML-Export, hochgeladene Referenzdatei",user_upload:quiz-ABU_Smartlearn_1.Teil-top-20260519-0952.html
abu,Allgemeinbildender Unterricht ABU,abu_l16,ABU,L16,"Arbeit, Perspektiven, Vorsorge und Zukunftskompetenzen",easy,single_choice,Welche Aussage beschreibt Lebenslauf im ABU am besten?,"Ausbildung, Berufserfahrung und Kompetenzen werden übersichtlich dargestellt",er ist ein Mietvertrag,er ist eine Steuerrechnung,er ist ein Betreibungsformular,A,Ein Lebenslauf ist zentral für Bewerbungen.,"ABU Smartlearn Quiz 1. Teil, Moodle-XHTML-Export, hochgeladene Referenzdatei",user_upload:quiz-ABU_Smartlearn_1.Teil-top-20260519-0952.html
abu,Allgemeinbildender Unterricht ABU,abu_l16,ABU,L16,"Arbeit, Perspektiven, Vorsorge und Zukunftskompetenzen",medium,single_choice,Worauf muss man beim Thema Lebenslauf besonders achten?,er ist ein Mietvertrag,"Ausbildung, Berufserfahrung und Kompetenzen werden übersichtlich dargestellt",er ist eine Steuerrechnung,er ist ein Betreibungsformular,B,Ein Lebenslauf ist zentral für Bewerbungen.,"ABU Smartlearn Quiz 1. Teil, Moodle-XHTML-Export, hochgeladene Referenzdatei",user_upload:quiz-ABU_Smartlearn_1.Teil-top-20260519-0952.html
abu,Allgemeinbildender Unterricht ABU,abu_l16,ABU,L16,"Arbeit, Perspektiven, Vorsorge und Zukunftskompetenzen",hard,single_choice,Welche Aussage zu Lebenslauf ist fachlich am korrektesten?,er ist ein Mietvertrag,er ist eine Steuerrechnung,"Ausbildung, Berufserfahrung und Kompetenzen werden übersichtlich dargestellt",er ist ein Betreibungsformular,C,Ein Lebenslauf ist zentral für Bewerbungen.,"ABU Smartlearn Quiz 1. Teil, Moodle-XHTML-Export, hochgeladene Referenzdatei",user_upload:quiz-ABU_Smartlearn_1.Teil-top-20260519-0952.html
abu,Allgemeinbildender Unterricht ABU,abu_l16,ABU,L16,"Arbeit, Perspektiven, Vorsorge und Zukunftskompetenzen",easy,single_choice,Welche Antwort passt zum Begriff Lebenslauf?,er ist ein Mietvertrag,er ist eine Steuerrechnung,er ist ein Betreibungsformular,"Ausbildung, Berufserfahrung und Kompetenzen werden übersichtlich dargestellt",D,Ein Lebenslauf ist zentral für Bewerbungen.,"ABU Smartlearn Quiz 1. Teil, Moodle-XHTML-Export, hochgeladene Referenzdatei",user_upload:quiz-ABU_Smartlearn_1.Teil-top-20260519-0952.html
abu,Allgemeinbildender Unterricht ABU,abu_l16,ABU,L16,"Arbeit, Perspektiven, Vorsorge und Zukunftskompetenzen",medium,single_choice,Welche praktische Bedeutung hat Lebenslauf für Lernende?,"Ausbildung, Berufserfahrung und Kompetenzen werden übersichtlich dargestellt",er ist ein Mietvertrag,er ist eine Steuerrechnung,er ist ein Betreibungsformular,A,Ein Lebenslauf ist zentral für Bewerbungen.,"ABU Smartlearn Quiz 1. Teil, Moodle-XHTML-Export, hochgeladene Referenzdatei",user_upload:quiz-ABU_Smartlearn_1.Teil-top-20260519-0952.html
abu,Allgemeinbildender Unterricht ABU,abu_l16,ABU,L16,"Arbeit, Perspektiven, Vorsorge und Zukunftskompetenzen",hard,single_choice,Welche Erklärung zu Lebenslauf ist im gesellschaftlichen und rechtlichen Kontext richtig?,er ist ein Mietvertrag,"Ausbildung, Berufserfahrung und Kompetenzen werden übersichtlich dargestellt",er ist eine Steuerrechnung,er ist ein Betreibungsformular,B,Ein Lebenslauf ist zentral für Bewerbungen.,"ABU Smartlearn Quiz 1. Teil, Moodle-XHTML-Export, hochgeladene Referenzdatei",user_upload:quiz-ABU_Smartlearn_1.Teil-top-20260519-0952.html
abu,Allgemeinbildender Unterricht ABU,abu_l16,ABU,L16,"Arbeit, Perspektiven, Vorsorge und Zukunftskompetenzen",easy,single_choice,Was ist bei Lebenslauf grundsätzlich richtig?,er ist ein Mietvertrag,er ist eine Steuerrechnung,"Ausbildung, Berufserfahrung und Kompetenzen werden übersichtlich dargestellt",er ist ein Betreibungsformular,C,Ein Lebenslauf ist zentral für Bewerbungen.,"ABU Smartlearn Quiz 1. Teil, Moodle-XHTML-Export, hochgeladene Referenzdatei",user_upload:quiz-ABU_Smartlearn_1.Teil-top-20260519-0952.html
abu,Allgemeinbildender Unterricht ABU,abu_l16,ABU,L16,"Arbeit, Perspektiven, Vorsorge und Zukunftskompetenzen",medium,single_choice,Welche Aussage zeigt ein korrektes Verständnis von Lebenslauf?,er ist ein Mietvertrag,er ist eine Steuerrechnung,er ist ein Betreibungsformular,"Ausbildung, Berufserfahrung und Kompetenzen werden übersichtlich dargestellt",D,Ein Lebenslauf ist zentral für Bewerbungen.,"ABU Smartlearn Quiz 1. Teil, Moodle-XHTML-Export, hochgeladene Referenzdatei",user_upload:quiz-ABU_Smartlearn_1.Teil-top-20260519-0952.html
abu,Allgemeinbildender Unterricht ABU,abu_l16,ABU,L16,"Arbeit, Perspektiven, Vorsorge und Zukunftskompetenzen",hard,single_choice,Welche Aussage grenzt Lebenslauf am präzisesten von falschen Vorstellungen ab?,"Ausbildung, Berufserfahrung und Kompetenzen werden übersichtlich dargestellt",er ist ein Mietvertrag,er ist eine Steuerrechnung,er ist ein Betreibungsformular,A,Ein Lebenslauf ist zentral für Bewerbungen.,"ABU Smartlearn Quiz 1. Teil, Moodle-XHTML-Export, hochgeladene Referenzdatei",user_upload:quiz-ABU_Smartlearn_1.Teil-top-20260519-0952.html
abu,Allgemeinbildender Unterricht ABU,abu_l16,ABU,L16,"Arbeit, Perspektiven, Vorsorge und Zukunftskompetenzen",easy,single_choice,Welche Kurzdefinition passt zu Lebenslauf?,er ist ein Mietvertrag,"Ausbildung, Berufserfahrung und Kompetenzen werden übersichtlich dargestellt",er ist eine Steuerrechnung,er ist ein Betreibungsformular,B,Ein Lebenslauf ist zentral für Bewerbungen.,"ABU Smartlearn Quiz 1. Teil, Moodle-XHTML-Export, hochgeladene Referenzdatei",user_upload:quiz-ABU_Smartlearn_1.Teil-top-20260519-0952.html
abu,Allgemeinbildender Unterricht ABU,abu_l16,ABU,L16,"Arbeit, Perspektiven, Vorsorge und Zukunftskompetenzen",easy,single_choice,Welche Aussage beschreibt Bewerbung im ABU am besten?,sie ersetzt jede Qualifikation,sie ist nur ein Kaufbeleg,Unterlagen und Auftreten zeigen Motivation und Eignung,sie braucht nie Anpassung,C,Bewerbungen sollten zur Stelle passen.,"ABU Smartlearn Quiz 1. Teil, Moodle-XHTML-Export, hochgeladene Referenzdatei",user_upload:quiz-ABU_Smartlearn_1.Teil-top-20260519-0952.html
abu,Allgemeinbildender Unterricht ABU,abu_l16,ABU,L16,"Arbeit, Perspektiven, Vorsorge und Zukunftskompetenzen",medium,single_choice,Worauf muss man beim Thema Bewerbung besonders achten?,sie ersetzt jede Qualifikation,sie ist nur ein Kaufbeleg,sie braucht nie Anpassung,Unterlagen und Auftreten zeigen Motivation und Eignung,D,Bewerbungen sollten zur Stelle passen.,"ABU Smartlearn Quiz 1. Teil, Moodle-XHTML-Export, hochgeladene Referenzdatei",user_upload:quiz-ABU_Smartlearn_1.Teil-top-20260519-0952.html
abu,Allgemeinbildender Unterricht ABU,abu_l16,ABU,L16,"Arbeit, Perspektiven, Vorsorge und Zukunftskompetenzen",hard,single_choice,Welche Aussage zu Bewerbung ist fachlich am korrektesten?,Unterlagen und Auftreten zeigen Motivation und Eignung,sie ersetzt jede Qualifikation,sie ist nur ein Kaufbeleg,sie braucht nie Anpassung,A,Bewerbungen sollten zur Stelle passen.,"ABU Smartlearn Quiz 1. Teil, Moodle-XHTML-Export, hochgeladene Referenzdatei",user_upload:quiz-ABU_Smartlearn_1.Teil-top-20260519-0952.html
abu,Allgemeinbildender Unterricht ABU,abu_l16,ABU,L16,"Arbeit, Perspektiven, Vorsorge und Zukunftskompetenzen",easy,single_choice,Welche Antwort passt zum Begriff Bewerbung?,sie ersetzt jede Qualifikation,Unterlagen und Auftreten zeigen Motivation und Eignung,sie ist nur ein Kaufbeleg,sie braucht nie Anpassung,B,Bewerbungen sollten zur Stelle passen.,"ABU Smartlearn Quiz 1. Teil, Moodle-XHTML-Export, hochgeladene Referenzdatei",user_upload:quiz-ABU_Smartlearn_1.Teil-top-20260519-0952.html
abu,Allgemeinbildender Unterricht ABU,abu_l16,ABU,L16,"Arbeit, Perspektiven, Vorsorge und Zukunftskompetenzen",medium,single_choice,Welche praktische Bedeutung hat Bewerbung für Lernende?,sie ersetzt jede Qualifikation,sie ist nur ein Kaufbeleg,Unterlagen und Auftreten zeigen Motivation und Eignung,sie braucht nie Anpassung,C,Bewerbungen sollten zur Stelle passen.,"ABU Smartlearn Quiz 1. Teil, Moodle-XHTML-Export, hochgeladene Referenzdatei",user_upload:quiz-ABU_Smartlearn_1.Teil-top-20260519-0952.html
abu,Allgemeinbildender Unterricht ABU,abu_l16,ABU,L16,"Arbeit, Perspektiven, Vorsorge und Zukunftskompetenzen",hard,single_choice,Welche Erklärung zu Bewerbung ist im gesellschaftlichen und rechtlichen Kontext richtig?,sie ersetzt jede Qualifikation,sie ist nur ein Kaufbeleg,sie braucht nie Anpassung,Unterlagen und Auftreten zeigen Motivation und Eignung,D,Bewerbungen sollten zur Stelle passen.,"ABU Smartlearn Quiz 1. Teil, Moodle-XHTML-Export, hochgeladene Referenzdatei",user_upload:quiz-ABU_Smartlearn_1.Teil-top-20260519-0952.html
abu,Allgemeinbildender Unterricht ABU,abu_l16,ABU,L16,"Arbeit, Perspektiven, Vorsorge und Zukunftskompetenzen",easy,single_choice,Was ist bei Bewerbung grundsätzlich richtig?,Unterlagen und Auftreten zeigen Motivation und Eignung,sie ersetzt jede Qualifikation,sie ist nur ein Kaufbeleg,sie braucht nie Anpassung,A,Bewerbungen sollten zur Stelle passen.,"ABU Smartlearn Quiz 1. Teil, Moodle-XHTML-Export, hochgeladene Referenzdatei",user_upload:quiz-ABU_Smartlearn_1.Teil-top-20260519-0952.html
abu,Allgemeinbildender Unterricht ABU,abu_l16,ABU,L16,"Arbeit, Perspektiven, Vorsorge und Zukunftskompetenzen",medium,single_choice,Welche Aussage zeigt ein korrektes Verständnis von Bewerbung?,sie ersetzt jede Qualifikation,Unterlagen und Auftreten zeigen Motivation und Eignung,sie ist nur ein Kaufbeleg,sie braucht nie Anpassung,B,Bewerbungen sollten zur Stelle passen.,"ABU Smartlearn Quiz 1. Teil, Moodle-XHTML-Export, hochgeladene Referenzdatei",user_upload:quiz-ABU_Smartlearn_1.Teil-top-20260519-0952.html
abu,Allgemeinbildender Unterricht ABU,abu_l16,ABU,L16,"Arbeit, Perspektiven, Vorsorge und Zukunftskompetenzen",hard,single_choice,Welche Aussage grenzt Bewerbung am präzisesten von falschen Vorstellungen ab?,sie ersetzt jede Qualifikation,sie ist nur ein Kaufbeleg,Unterlagen und Auftreten zeigen Motivation und Eignung,sie braucht nie Anpassung,C,Bewerbungen sollten zur Stelle passen.,"ABU Smartlearn Quiz 1. Teil, Moodle-XHTML-Export, hochgeladene Referenzdatei",user_upload:quiz-ABU_Smartlearn_1.Teil-top-20260519-0952.html
abu,Allgemeinbildender Unterricht ABU,abu_l16,ABU,L16,"Arbeit, Perspektiven, Vorsorge und Zukunftskompetenzen",easy,single_choice,Welche Kurzdefinition passt zu Bewerbung?,sie ersetzt jede Qualifikation,sie ist nur ein Kaufbeleg,sie braucht nie Anpassung,Unterlagen und Auftreten zeigen Motivation und Eignung,D,Bewerbungen sollten zur Stelle passen.,"ABU Smartlearn Quiz 1. Teil, Moodle-XHTML-Export, hochgeladene Referenzdatei",user_upload:quiz-ABU_Smartlearn_1.Teil-top-20260519-0952.html
abu,Allgemeinbildender Unterricht ABU,abu_l16,ABU,L16,"Arbeit, Perspektiven, Vorsorge und Zukunftskompetenzen",easy,single_choice,Welche Aussage beschreibt Arbeitsmarkt im ABU am besten?,Angebot und Nachfrage nach Arbeit treffen aufeinander,er ist eine Wohnung,er ist eine Krankenkasse,er ist ein Ehevertrag,A,Der Arbeitsmarkt verändert sich durch Konjunktur und Strukturwandel.,"ABU Smartlearn Quiz 1. Teil, Moodle-XHTML-Export, hochgeladene Referenzdatei",user_upload:quiz-ABU_Smartlearn_1.Teil-top-20260519-0952.html
abu,Allgemeinbildender Unterricht ABU,abu_l16,ABU,L16,"Arbeit, Perspektiven, Vorsorge und Zukunftskompetenzen",medium,single_choice,Worauf muss man beim Thema Arbeitsmarkt besonders achten?,er ist eine Wohnung,Angebot und Nachfrage nach Arbeit treffen aufeinander,er ist eine Krankenkasse,er ist ein Ehevertrag,B,Der Arbeitsmarkt verändert sich durch Konjunktur und Strukturwandel.,"ABU Smartlearn Quiz 1. Teil, Moodle-XHTML-Export, hochgeladene Referenzdatei",user_upload:quiz-ABU_Smartlearn_1.Teil-top-20260519-0952.html
abu,Allgemeinbildender Unterricht ABU,abu_l16,ABU,L16,"Arbeit, Perspektiven, Vorsorge und Zukunftskompetenzen",hard,single_choice,Welche Aussage zu Arbeitsmarkt ist fachlich am korrektesten?,er ist eine Wohnung,er ist eine Krankenkasse,Angebot und Nachfrage nach Arbeit treffen aufeinander,er ist ein Ehevertrag,C,Der Arbeitsmarkt verändert sich durch Konjunktur und Strukturwandel.,"ABU Smartlearn Quiz 1. Teil, Moodle-XHTML-Export, hochgeladene Referenzdatei",user_upload:quiz-ABU_Smartlearn_1.Teil-top-20260519-0952.html
abu,Allgemeinbildender Unterricht ABU,abu_l16,ABU,L16,"Arbeit, Perspektiven, Vorsorge und Zukunftskompetenzen",easy,single_choice,Welche Antwort passt zum Begriff Arbeitsmarkt?,er ist eine Wohnung,er ist eine Krankenkasse,er ist ein Ehevertrag,Angebot und Nachfrage nach Arbeit treffen aufeinander,D,Der Arbeitsmarkt verändert sich durch Konjunktur und Strukturwandel.,"ABU Smartlearn Quiz 1. Teil, Moodle-XHTML-Export, hochgeladene Referenzdatei",user_upload:quiz-ABU_Smartlearn_1.Teil-top-20260519-0952.html
abu,Allgemeinbildender Unterricht ABU,abu_l16,ABU,L16,"Arbeit, Perspektiven, Vorsorge und Zukunftskompetenzen",medium,single_choice,Welche praktische Bedeutung hat Arbeitsmarkt für Lernende?,Angebot und Nachfrage nach Arbeit treffen aufeinander,er ist eine Wohnung,er ist eine Krankenkasse,er ist ein Ehevertrag,A,Der Arbeitsmarkt verändert sich durch Konjunktur und Strukturwandel.,"ABU Smartlearn Quiz 1. Teil, Moodle-XHTML-Export, hochgeladene Referenzdatei",user_upload:quiz-ABU_Smartlearn_1.Teil-top-20260519-0952.html
abu,Allgemeinbildender Unterricht ABU,abu_l16,ABU,L16,"Arbeit, Perspektiven, Vorsorge und Zukunftskompetenzen",hard,single_choice,Welche Erklärung zu Arbeitsmarkt ist im gesellschaftlichen und rechtlichen Kontext richtig?,er ist eine Wohnung,Angebot und Nachfrage nach Arbeit treffen aufeinander,er ist eine Krankenkasse,er ist ein Ehevertrag,B,Der Arbeitsmarkt verändert sich durch Konjunktur und Strukturwandel.,"ABU Smartlearn Quiz 1. Teil, Moodle-XHTML-Export, hochgeladene Referenzdatei",user_upload:quiz-ABU_Smartlearn_1.Teil-top-20260519-0952.html
abu,Allgemeinbildender Unterricht ABU,abu_l16,ABU,L16,"Arbeit, Perspektiven, Vorsorge und Zukunftskompetenzen",easy,single_choice,Was ist bei Arbeitsmarkt grundsätzlich richtig?,er ist eine Wohnung,er ist eine Krankenkasse,Angebot und Nachfrage nach Arbeit treffen aufeinander,er ist ein Ehevertrag,C,Der Arbeitsmarkt verändert sich durch Konjunktur und Strukturwandel.,"ABU Smartlearn Quiz 1. Teil, Moodle-XHTML-Export, hochgeladene Referenzdatei",user_upload:quiz-ABU_Smartlearn_1.Teil-top-20260519-0952.html
abu,Allgemeinbildender Unterricht ABU,abu_l16,ABU,L16,"Arbeit, Perspektiven, Vorsorge und Zukunftskompetenzen",medium,single_choice,Welche Aussage zeigt ein korrektes Verständnis von Arbeitsmarkt?,er ist eine Wohnung,er ist eine Krankenkasse,er ist ein Ehevertrag,Angebot und Nachfrage nach Arbeit treffen aufeinander,D,Der Arbeitsmarkt verändert sich durch Konjunktur und Strukturwandel.,"ABU Smartlearn Quiz 1. Teil, Moodle-XHTML-Export, hochgeladene Referenzdatei",user_upload:quiz-ABU_Smartlearn_1.Teil-top-20260519-0952.html
abu,Allgemeinbildender Unterricht ABU,abu_l16,ABU,L16,"Arbeit, Perspektiven, Vorsorge und Zukunftskompetenzen",hard,single_choice,Welche Aussage grenzt Arbeitsmarkt am präzisesten von falschen Vorstellungen ab?,Angebot und Nachfrage nach Arbeit treffen aufeinander,er ist eine Wohnung,er ist eine Krankenkasse,er ist ein Ehevertrag,A,Der Arbeitsmarkt verändert sich durch Konjunktur und Strukturwandel.,"ABU Smartlearn Quiz 1. Teil, Moodle-XHTML-Export, hochgeladene Referenzdatei",user_upload:quiz-ABU_Smartlearn_1.Teil-top-20260519-0952.html
abu,Allgemeinbildender Unterricht ABU,abu_l16,ABU,L16,"Arbeit, Perspektiven, Vorsorge und Zukunftskompetenzen",easy,single_choice,Welche Kurzdefinition passt zu Arbeitsmarkt?,er ist eine Wohnung,Angebot und Nachfrage nach Arbeit treffen aufeinander,er ist eine Krankenkasse,er ist ein Ehevertrag,B,Der Arbeitsmarkt verändert sich durch Konjunktur und Strukturwandel.,"ABU Smartlearn Quiz 1. Teil, Moodle-XHTML-Export, hochgeladene Referenzdatei",user_upload:quiz-ABU_Smartlearn_1.Teil-top-20260519-0952.html
abu,Allgemeinbildender Unterricht ABU,abu_l16,ABU,L16,"Arbeit, Perspektiven, Vorsorge und Zukunftskompetenzen",easy,single_choice,Welche Aussage beschreibt Sozialversicherung im ABU am besten?,sie ist immer ein Konsumwunsch,sie ist nur ein Wahlzettel,sie schützt vor finanziellen Folgen bestimmter Lebensrisiken,sie ist eine Mängelrüge,C,"Sozialversicherungen sichern Risiken wie Alter, Krankheit oder Arbeitslosigkeit ab.","ABU Smartlearn Quiz 1. Teil, Moodle-XHTML-Export, hochgeladene Referenzdatei",user_upload:quiz-ABU_Smartlearn_1.Teil-top-20260519-0952.html
abu,Allgemeinbildender Unterricht ABU,abu_l16,ABU,L16,"Arbeit, Perspektiven, Vorsorge und Zukunftskompetenzen",medium,single_choice,Worauf muss man beim Thema Sozialversicherung besonders achten?,sie ist immer ein Konsumwunsch,sie ist nur ein Wahlzettel,sie ist eine Mängelrüge,sie schützt vor finanziellen Folgen bestimmter Lebensrisiken,D,"Sozialversicherungen sichern Risiken wie Alter, Krankheit oder Arbeitslosigkeit ab.","ABU Smartlearn Quiz 1. Teil, Moodle-XHTML-Export, hochgeladene Referenzdatei",user_upload:quiz-ABU_Smartlearn_1.Teil-top-20260519-0952.html
abu,Allgemeinbildender Unterricht ABU,abu_l16,ABU,L16,"Arbeit, Perspektiven, Vorsorge und Zukunftskompetenzen",hard,single_choice,Welche Aussage zu Sozialversicherung ist fachlich am korrektesten?,sie schützt vor finanziellen Folgen bestimmter Lebensrisiken,sie ist immer ein Konsumwunsch,sie ist nur ein Wahlzettel,sie ist eine Mängelrüge,A,"Sozialversicherungen sichern Risiken wie Alter, Krankheit oder Arbeitslosigkeit ab.","ABU Smartlearn Quiz 1. Teil, Moodle-XHTML-Export, hochgeladene Referenzdatei",user_upload:quiz-ABU_Smartlearn_1.Teil-top-20260519-0952.html
abu,Allgemeinbildender Unterricht ABU,abu_l16,ABU,L16,"Arbeit, Perspektiven, Vorsorge und Zukunftskompetenzen",easy,single_choice,Welche Antwort passt zum Begriff Sozialversicherung?,sie ist immer ein Konsumwunsch,sie schützt vor finanziellen Folgen bestimmter Lebensrisiken,sie ist nur ein Wahlzettel,sie ist eine Mängelrüge,B,"Sozialversicherungen sichern Risiken wie Alter, Krankheit oder Arbeitslosigkeit ab.","ABU Smartlearn Quiz 1. Teil, Moodle-XHTML-Export, hochgeladene Referenzdatei",user_upload:quiz-ABU_Smartlearn_1.Teil-top-20260519-0952.html
abu,Allgemeinbildender Unterricht ABU,abu_l16,ABU,L16,"Arbeit, Perspektiven, Vorsorge und Zukunftskompetenzen",medium,single_choice,Welche praktische Bedeutung hat Sozialversicherung für Lernende?,sie ist immer ein Konsumwunsch,sie ist nur ein Wahlzettel,sie schützt vor finanziellen Folgen bestimmter Lebensrisiken,sie ist eine Mängelrüge,C,"Sozialversicherungen sichern Risiken wie Alter, Krankheit oder Arbeitslosigkeit ab.","ABU Smartlearn Quiz 1. Teil, Moodle-XHTML-Export, hochgeladene Referenzdatei",user_upload:quiz-ABU_Smartlearn_1.Teil-top-20260519-0952.html
abu,Allgemeinbildender Unterricht ABU,abu_l16,ABU,L16,"Arbeit, Perspektiven, Vorsorge und Zukunftskompetenzen",hard,single_choice,Welche Erklärung zu Sozialversicherung ist im gesellschaftlichen und rechtlichen Kontext richtig?,sie ist immer ein Konsumwunsch,sie ist nur ein Wahlzettel,sie ist eine Mängelrüge,sie schützt vor finanziellen Folgen bestimmter Lebensrisiken,D,"Sozialversicherungen sichern Risiken wie Alter, Krankheit oder Arbeitslosigkeit ab.","ABU Smartlearn Quiz 1. Teil, Moodle-XHTML-Export, hochgeladene Referenzdatei",user_upload:quiz-ABU_Smartlearn_1.Teil-top-20260519-0952.html
abu,Allgemeinbildender Unterricht ABU,abu_l16,ABU,L16,"Arbeit, Perspektiven, Vorsorge und Zukunftskompetenzen",easy,single_choice,Was ist bei Sozialversicherung grundsätzlich richtig?,sie schützt vor finanziellen Folgen bestimmter Lebensrisiken,sie ist immer ein Konsumwunsch,sie ist nur ein Wahlzettel,sie ist eine Mängelrüge,A,"Sozialversicherungen sichern Risiken wie Alter, Krankheit oder Arbeitslosigkeit ab.","ABU Smartlearn Quiz 1. Teil, Moodle-XHTML-Export, hochgeladene Referenzdatei",user_upload:quiz-ABU_Smartlearn_1.Teil-top-20260519-0952.html
abu,Allgemeinbildender Unterricht ABU,abu_l16,ABU,L16,"Arbeit, Perspektiven, Vorsorge und Zukunftskompetenzen",medium,single_choice,Welche Aussage zeigt ein korrektes Verständnis von Sozialversicherung?,sie ist immer ein Konsumwunsch,sie schützt vor finanziellen Folgen bestimmter Lebensrisiken,sie ist nur ein Wahlzettel,sie ist eine Mängelrüge,B,"Sozialversicherungen sichern Risiken wie Alter, Krankheit oder Arbeitslosigkeit ab.","ABU Smartlearn Quiz 1. Teil, Moodle-XHTML-Export, hochgeladene Referenzdatei",user_upload:quiz-ABU_Smartlearn_1.Teil-top-20260519-0952.html
abu,Allgemeinbildender Unterricht ABU,abu_l16,ABU,L16,"Arbeit, Perspektiven, Vorsorge und Zukunftskompetenzen",hard,single_choice,Welche Aussage grenzt Sozialversicherung am präzisesten von falschen Vorstellungen ab?,sie ist immer ein Konsumwunsch,sie ist nur ein Wahlzettel,sie schützt vor finanziellen Folgen bestimmter Lebensrisiken,sie ist eine Mängelrüge,C,"Sozialversicherungen sichern Risiken wie Alter, Krankheit oder Arbeitslosigkeit ab.","ABU Smartlearn Quiz 1. Teil, Moodle-XHTML-Export, hochgeladene Referenzdatei",user_upload:quiz-ABU_Smartlearn_1.Teil-top-20260519-0952.html
abu,Allgemeinbildender Unterricht ABU,abu_l16,ABU,L16,"Arbeit, Perspektiven, Vorsorge und Zukunftskompetenzen",easy,single_choice,Welche Kurzdefinition passt zu Sozialversicherung?,sie ist immer ein Konsumwunsch,sie ist nur ein Wahlzettel,sie ist eine Mängelrüge,sie schützt vor finanziellen Folgen bestimmter Lebensrisiken,D,"Sozialversicherungen sichern Risiken wie Alter, Krankheit oder Arbeitslosigkeit ab.","ABU Smartlearn Quiz 1. Teil, Moodle-XHTML-Export, hochgeladene Referenzdatei",user_upload:quiz-ABU_Smartlearn_1.Teil-top-20260519-0952.html
abu,Allgemeinbildender Unterricht ABU,abu_l16,ABU,L16,"Arbeit, Perspektiven, Vorsorge und Zukunftskompetenzen",easy,single_choice,Welche Aussage beschreibt AHV im ABU am besten?,sie ist die staatliche Alters- und Hinterlassenenversicherung,sie ist ein Mietprotokoll,sie ist ein Kaufvertrag,sie ist eine Bankkarte,A,Die AHV ist die erste Säule der Vorsorge.,"ABU Smartlearn Quiz 1. Teil, Moodle-XHTML-Export, hochgeladene Referenzdatei",user_upload:quiz-ABU_Smartlearn_1.Teil-top-20260519-0952.html
abu,Allgemeinbildender Unterricht ABU,abu_l16,ABU,L16,"Arbeit, Perspektiven, Vorsorge und Zukunftskompetenzen",medium,single_choice,Worauf muss man beim Thema AHV besonders achten?,sie ist ein Mietprotokoll,sie ist die staatliche Alters- und Hinterlassenenversicherung,sie ist ein Kaufvertrag,sie ist eine Bankkarte,B,Die AHV ist die erste Säule der Vorsorge.,"ABU Smartlearn Quiz 1. Teil, Moodle-XHTML-Export, hochgeladene Referenzdatei",user_upload:quiz-ABU_Smartlearn_1.Teil-top-20260519-0952.html
abu,Allgemeinbildender Unterricht ABU,abu_l16,ABU,L16,"Arbeit, Perspektiven, Vorsorge und Zukunftskompetenzen",hard,single_choice,Welche Aussage zu AHV ist fachlich am korrektesten?,sie ist ein Mietprotokoll,sie ist ein Kaufvertrag,sie ist die staatliche Alters- und Hinterlassenenversicherung,sie ist eine Bankkarte,C,Die AHV ist die erste Säule der Vorsorge.,"ABU Smartlearn Quiz 1. Teil, Moodle-XHTML-Export, hochgeladene Referenzdatei",user_upload:quiz-ABU_Smartlearn_1.Teil-top-20260519-0952.html
abu,Allgemeinbildender Unterricht ABU,abu_l16,ABU,L16,"Arbeit, Perspektiven, Vorsorge und Zukunftskompetenzen",easy,single_choice,Welche Antwort passt zum Begriff AHV?,sie ist ein Mietprotokoll,sie ist ein Kaufvertrag,sie ist eine Bankkarte,sie ist die staatliche Alters- und Hinterlassenenversicherung,D,Die AHV ist die erste Säule der Vorsorge.,"ABU Smartlearn Quiz 1. Teil, Moodle-XHTML-Export, hochgeladene Referenzdatei",user_upload:quiz-ABU_Smartlearn_1.Teil-top-20260519-0952.html
abu,Allgemeinbildender Unterricht ABU,abu_l16,ABU,L16,"Arbeit, Perspektiven, Vorsorge und Zukunftskompetenzen",medium,single_choice,Welche praktische Bedeutung hat AHV für Lernende?,sie ist die staatliche Alters- und Hinterlassenenversicherung,sie ist ein Mietprotokoll,sie ist ein Kaufvertrag,sie ist eine Bankkarte,A,Die AHV ist die erste Säule der Vorsorge.,"ABU Smartlearn Quiz 1. Teil, Moodle-XHTML-Export, hochgeladene Referenzdatei",user_upload:quiz-ABU_Smartlearn_1.Teil-top-20260519-0952.html
abu,Allgemeinbildender Unterricht ABU,abu_l16,ABU,L16,"Arbeit, Perspektiven, Vorsorge und Zukunftskompetenzen",hard,single_choice,Welche Erklärung zu AHV ist im gesellschaftlichen und rechtlichen Kontext richtig?,sie ist ein Mietprotokoll,sie ist die staatliche Alters- und Hinterlassenenversicherung,sie ist ein Kaufvertrag,sie ist eine Bankkarte,B,Die AHV ist die erste Säule der Vorsorge.,"ABU Smartlearn Quiz 1. Teil, Moodle-XHTML-Export, hochgeladene Referenzdatei",user_upload:quiz-ABU_Smartlearn_1.Teil-top-20260519-0952.html
abu,Allgemeinbildender Unterricht ABU,abu_l16,ABU,L16,"Arbeit, Perspektiven, Vorsorge und Zukunftskompetenzen",easy,single_choice,Was ist bei AHV grundsätzlich richtig?,sie ist ein Mietprotokoll,sie ist ein Kaufvertrag,sie ist die staatliche Alters- und Hinterlassenenversicherung,sie ist eine Bankkarte,C,Die AHV ist die erste Säule der Vorsorge.,"ABU Smartlearn Quiz 1. Teil, Moodle-XHTML-Export, hochgeladene Referenzdatei",user_upload:quiz-ABU_Smartlearn_1.Teil-top-20260519-0952.html
abu,Allgemeinbildender Unterricht ABU,abu_l16,ABU,L16,"Arbeit, Perspektiven, Vorsorge und Zukunftskompetenzen",medium,single_choice,Welche Aussage zeigt ein korrektes Verständnis von AHV?,sie ist ein Mietprotokoll,sie ist ein Kaufvertrag,sie ist eine Bankkarte,sie ist die staatliche Alters- und Hinterlassenenversicherung,D,Die AHV ist die erste Säule der Vorsorge.,"ABU Smartlearn Quiz 1. Teil, Moodle-XHTML-Export, hochgeladene Referenzdatei",user_upload:quiz-ABU_Smartlearn_1.Teil-top-20260519-0952.html
abu,Allgemeinbildender Unterricht ABU,abu_l16,ABU,L16,"Arbeit, Perspektiven, Vorsorge und Zukunftskompetenzen",hard,single_choice,Welche Aussage grenzt AHV am präzisesten von falschen Vorstellungen ab?,sie ist die staatliche Alters- und Hinterlassenenversicherung,sie ist ein Mietprotokoll,sie ist ein Kaufvertrag,sie ist eine Bankkarte,A,Die AHV ist die erste Säule der Vorsorge.,"ABU Smartlearn Quiz 1. Teil, Moodle-XHTML-Export, hochgeladene Referenzdatei",user_upload:quiz-ABU_Smartlearn_1.Teil-top-20260519-0952.html
abu,Allgemeinbildender Unterricht ABU,abu_l16,ABU,L16,"Arbeit, Perspektiven, Vorsorge und Zukunftskompetenzen",easy,single_choice,Welche Kurzdefinition passt zu AHV?,sie ist ein Mietprotokoll,sie ist die staatliche Alters- und Hinterlassenenversicherung,sie ist ein Kaufvertrag,sie ist eine Bankkarte,B,Die AHV ist die erste Säule der Vorsorge.,"ABU Smartlearn Quiz 1. Teil, Moodle-XHTML-Export, hochgeladene Referenzdatei",user_upload:quiz-ABU_Smartlearn_1.Teil-top-20260519-0952.html
abu,Allgemeinbildender Unterricht ABU,abu_l16,ABU,L16,"Arbeit, Perspektiven, Vorsorge und Zukunftskompetenzen",easy,single_choice,Welche Aussage beschreibt berufliche Vorsorge im ABU am besten?,sie ist ein Referendum,sie ist eine Hausordnung,sie ergänzt die AHV als zweite Säule,sie ist ein Kaufmangel,C,Die berufliche Vorsorge hängt mit Erwerbsarbeit zusammen.,"ABU Smartlearn Quiz 1. Teil, Moodle-XHTML-Export, hochgeladene Referenzdatei",user_upload:quiz-ABU_Smartlearn_1.Teil-top-20260519-0952.html
abu,Allgemeinbildender Unterricht ABU,abu_l16,ABU,L16,"Arbeit, Perspektiven, Vorsorge und Zukunftskompetenzen",medium,single_choice,Worauf muss man beim Thema berufliche Vorsorge besonders achten?,sie ist ein Referendum,sie ist eine Hausordnung,sie ist ein Kaufmangel,sie ergänzt die AHV als zweite Säule,D,Die berufliche Vorsorge hängt mit Erwerbsarbeit zusammen.,"ABU Smartlearn Quiz 1. Teil, Moodle-XHTML-Export, hochgeladene Referenzdatei",user_upload:quiz-ABU_Smartlearn_1.Teil-top-20260519-0952.html
abu,Allgemeinbildender Unterricht ABU,abu_l16,ABU,L16,"Arbeit, Perspektiven, Vorsorge und Zukunftskompetenzen",hard,single_choice,Welche Aussage zu berufliche Vorsorge ist fachlich am korrektesten?,sie ergänzt die AHV als zweite Säule,sie ist ein Referendum,sie ist eine Hausordnung,sie ist ein Kaufmangel,A,Die berufliche Vorsorge hängt mit Erwerbsarbeit zusammen.,"ABU Smartlearn Quiz 1. Teil, Moodle-XHTML-Export, hochgeladene Referenzdatei",user_upload:quiz-ABU_Smartlearn_1.Teil-top-20260519-0952.html
abu,Allgemeinbildender Unterricht ABU,abu_l16,ABU,L16,"Arbeit, Perspektiven, Vorsorge und Zukunftskompetenzen",easy,single_choice,Welche Antwort passt zum Begriff berufliche Vorsorge?,sie ist ein Referendum,sie ergänzt die AHV als zweite Säule,sie ist eine Hausordnung,sie ist ein Kaufmangel,B,Die berufliche Vorsorge hängt mit Erwerbsarbeit zusammen.,"ABU Smartlearn Quiz 1. Teil, Moodle-XHTML-Export, hochgeladene Referenzdatei",user_upload:quiz-ABU_Smartlearn_1.Teil-top-20260519-0952.html
abu,Allgemeinbildender Unterricht ABU,abu_l16,ABU,L16,"Arbeit, Perspektiven, Vorsorge und Zukunftskompetenzen",medium,single_choice,Welche praktische Bedeutung hat berufliche Vorsorge für Lernende?,sie ist ein Referendum,sie ist eine Hausordnung,sie ergänzt die AHV als zweite Säule,sie ist ein Kaufmangel,C,Die berufliche Vorsorge hängt mit Erwerbsarbeit zusammen.,"ABU Smartlearn Quiz 1. Teil, Moodle-XHTML-Export, hochgeladene Referenzdatei",user_upload:quiz-ABU_Smartlearn_1.Teil-top-20260519-0952.html
abu,Allgemeinbildender Unterricht ABU,abu_l16,ABU,L16,"Arbeit, Perspektiven, Vorsorge und Zukunftskompetenzen",hard,single_choice,Welche Erklärung zu berufliche Vorsorge ist im gesellschaftlichen und rechtlichen Kontext richtig?,sie ist ein Referendum,sie ist eine Hausordnung,sie ist ein Kaufmangel,sie ergänzt die AHV als zweite Säule,D,Die berufliche Vorsorge hängt mit Erwerbsarbeit zusammen.,"ABU Smartlearn Quiz 1. Teil, Moodle-XHTML-Export, hochgeladene Referenzdatei",user_upload:quiz-ABU_Smartlearn_1.Teil-top-20260519-0952.html
abu,Allgemeinbildender Unterricht ABU,abu_l16,ABU,L16,"Arbeit, Perspektiven, Vorsorge und Zukunftskompetenzen",easy,single_choice,Was ist bei berufliche Vorsorge grundsätzlich richtig?,sie ergänzt die AHV als zweite Säule,sie ist ein Referendum,sie ist eine Hausordnung,sie ist ein Kaufmangel,A,Die berufliche Vorsorge hängt mit Erwerbsarbeit zusammen.,"ABU Smartlearn Quiz 1. Teil, Moodle-XHTML-Export, hochgeladene Referenzdatei",user_upload:quiz-ABU_Smartlearn_1.Teil-top-20260519-0952.html
abu,Allgemeinbildender Unterricht ABU,abu_l16,ABU,L16,"Arbeit, Perspektiven, Vorsorge und Zukunftskompetenzen",medium,single_choice,Welche Aussage zeigt ein korrektes Verständnis von berufliche Vorsorge?,sie ist ein Referendum,sie ergänzt die AHV als zweite Säule,sie ist eine Hausordnung,sie ist ein Kaufmangel,B,Die berufliche Vorsorge hängt mit Erwerbsarbeit zusammen.,"ABU Smartlearn Quiz 1. Teil, Moodle-XHTML-Export, hochgeladene Referenzdatei",user_upload:quiz-ABU_Smartlearn_1.Teil-top-20260519-0952.html
abu,Allgemeinbildender Unterricht ABU,abu_l16,ABU,L16,"Arbeit, Perspektiven, Vorsorge und Zukunftskompetenzen",hard,single_choice,Welche Aussage grenzt berufliche Vorsorge am präzisesten von falschen Vorstellungen ab?,sie ist ein Referendum,sie ist eine Hausordnung,sie ergänzt die AHV als zweite Säule,sie ist ein Kaufmangel,C,Die berufliche Vorsorge hängt mit Erwerbsarbeit zusammen.,"ABU Smartlearn Quiz 1. Teil, Moodle-XHTML-Export, hochgeladene Referenzdatei",user_upload:quiz-ABU_Smartlearn_1.Teil-top-20260519-0952.html
abu,Allgemeinbildender Unterricht ABU,abu_l16,ABU,L16,"Arbeit, Perspektiven, Vorsorge und Zukunftskompetenzen",easy,single_choice,Welche Kurzdefinition passt zu berufliche Vorsorge?,sie ist ein Referendum,sie ist eine Hausordnung,sie ist ein Kaufmangel,sie ergänzt die AHV als zweite Säule,D,Die berufliche Vorsorge hängt mit Erwerbsarbeit zusammen.,"ABU Smartlearn Quiz 1. Teil, Moodle-XHTML-Export, hochgeladene Referenzdatei",user_upload:quiz-ABU_Smartlearn_1.Teil-top-20260519-0952.html
abu,Allgemeinbildender Unterricht ABU,abu_l16,ABU,L16,"Arbeit, Perspektiven, Vorsorge und Zukunftskompetenzen",easy,single_choice,Welche Aussage beschreibt private Vorsorge im ABU am besten?,freiwilliges Sparen ergänzt staatliche und berufliche Vorsorge,sie verbietet Sparen,sie ist eine Pflichtwahl,sie ersetzt alle Steuern,A,Private Vorsorge kann individuelle Ziele unterstützen.,"ABU Smartlearn Quiz 1. Teil, Moodle-XHTML-Export, hochgeladene Referenzdatei",user_upload:quiz-ABU_Smartlearn_1.Teil-top-20260519-0952.html
abu,Allgemeinbildender Unterricht ABU,abu_l16,ABU,L16,"Arbeit, Perspektiven, Vorsorge und Zukunftskompetenzen",medium,single_choice,Worauf muss man beim Thema private Vorsorge besonders achten?,sie verbietet Sparen,freiwilliges Sparen ergänzt staatliche und berufliche Vorsorge,sie ist eine Pflichtwahl,sie ersetzt alle Steuern,B,Private Vorsorge kann individuelle Ziele unterstützen.,"ABU Smartlearn Quiz 1. Teil, Moodle-XHTML-Export, hochgeladene Referenzdatei",user_upload:quiz-ABU_Smartlearn_1.Teil-top-20260519-0952.html
abu,Allgemeinbildender Unterricht ABU,abu_l16,ABU,L16,"Arbeit, Perspektiven, Vorsorge und Zukunftskompetenzen",hard,single_choice,Welche Aussage zu private Vorsorge ist fachlich am korrektesten?,sie verbietet Sparen,sie ist eine Pflichtwahl,freiwilliges Sparen ergänzt staatliche und berufliche Vorsorge,sie ersetzt alle Steuern,C,Private Vorsorge kann individuelle Ziele unterstützen.,"ABU Smartlearn Quiz 1. Teil, Moodle-XHTML-Export, hochgeladene Referenzdatei",user_upload:quiz-ABU_Smartlearn_1.Teil-top-20260519-0952.html
abu,Allgemeinbildender Unterricht ABU,abu_l16,ABU,L16,"Arbeit, Perspektiven, Vorsorge und Zukunftskompetenzen",easy,single_choice,Welche Antwort passt zum Begriff private Vorsorge?,sie verbietet Sparen,sie ist eine Pflichtwahl,sie ersetzt alle Steuern,freiwilliges Sparen ergänzt staatliche und berufliche Vorsorge,D,Private Vorsorge kann individuelle Ziele unterstützen.,"ABU Smartlearn Quiz 1. Teil, Moodle-XHTML-Export, hochgeladene Referenzdatei",user_upload:quiz-ABU_Smartlearn_1.Teil-top-20260519-0952.html
abu,Allgemeinbildender Unterricht ABU,abu_l16,ABU,L16,"Arbeit, Perspektiven, Vorsorge und Zukunftskompetenzen",medium,single_choice,Welche praktische Bedeutung hat private Vorsorge für Lernende?,freiwilliges Sparen ergänzt staatliche und berufliche Vorsorge,sie verbietet Sparen,sie ist eine Pflichtwahl,sie ersetzt alle Steuern,A,Private Vorsorge kann individuelle Ziele unterstützen.,"ABU Smartlearn Quiz 1. Teil, Moodle-XHTML-Export, hochgeladene Referenzdatei",user_upload:quiz-ABU_Smartlearn_1.Teil-top-20260519-0952.html
abu,Allgemeinbildender Unterricht ABU,abu_l16,ABU,L16,"Arbeit, Perspektiven, Vorsorge und Zukunftskompetenzen",hard,single_choice,Welche Erklärung zu private Vorsorge ist im gesellschaftlichen und rechtlichen Kontext richtig?,sie verbietet Sparen,freiwilliges Sparen ergänzt staatliche und berufliche Vorsorge,sie ist eine Pflichtwahl,sie ersetzt alle Steuern,B,Private Vorsorge kann individuelle Ziele unterstützen.,"ABU Smartlearn Quiz 1. Teil, Moodle-XHTML-Export, hochgeladene Referenzdatei",user_upload:quiz-ABU_Smartlearn_1.Teil-top-20260519-0952.html
abu,Allgemeinbildender Unterricht ABU,abu_l16,ABU,L16,"Arbeit, Perspektiven, Vorsorge und Zukunftskompetenzen",easy,single_choice,Was ist bei private Vorsorge grundsätzlich richtig?,sie verbietet Sparen,sie ist eine Pflichtwahl,freiwilliges Sparen ergänzt staatliche und berufliche Vorsorge,sie ersetzt alle Steuern,C,Private Vorsorge kann individuelle Ziele unterstützen.,"ABU Smartlearn Quiz 1. Teil, Moodle-XHTML-Export, hochgeladene Referenzdatei",user_upload:quiz-ABU_Smartlearn_1.Teil-top-20260519-0952.html
abu,Allgemeinbildender Unterricht ABU,abu_l16,ABU,L16,"Arbeit, Perspektiven, Vorsorge und Zukunftskompetenzen",medium,single_choice,Welche Aussage zeigt ein korrektes Verständnis von private Vorsorge?,sie verbietet Sparen,sie ist eine Pflichtwahl,sie ersetzt alle Steuern,freiwilliges Sparen ergänzt staatliche und berufliche Vorsorge,D,Private Vorsorge kann individuelle Ziele unterstützen.,"ABU Smartlearn Quiz 1. Teil, Moodle-XHTML-Export, hochgeladene Referenzdatei",user_upload:quiz-ABU_Smartlearn_1.Teil-top-20260519-0952.html
abu,Allgemeinbildender Unterricht ABU,abu_l16,ABU,L16,"Arbeit, Perspektiven, Vorsorge und Zukunftskompetenzen",hard,single_choice,Welche Aussage grenzt private Vorsorge am präzisesten von falschen Vorstellungen ab?,freiwilliges Sparen ergänzt staatliche und berufliche Vorsorge,sie verbietet Sparen,sie ist eine Pflichtwahl,sie ersetzt alle Steuern,A,Private Vorsorge kann individuelle Ziele unterstützen.,"ABU Smartlearn Quiz 1. Teil, Moodle-XHTML-Export, hochgeladene Referenzdatei",user_upload:quiz-ABU_Smartlearn_1.Teil-top-20260519-0952.html
abu,Allgemeinbildender Unterricht ABU,abu_l16,ABU,L16,"Arbeit, Perspektiven, Vorsorge und Zukunftskompetenzen",easy,single_choice,Welche Kurzdefinition passt zu private Vorsorge?,sie verbietet Sparen,freiwilliges Sparen ergänzt staatliche und berufliche Vorsorge,sie ist eine Pflichtwahl,sie ersetzt alle Steuern,B,Private Vorsorge kann individuelle Ziele unterstützen.,"ABU Smartlearn Quiz 1. Teil, Moodle-XHTML-Export, hochgeladene Referenzdatei",user_upload:quiz-ABU_Smartlearn_1.Teil-top-20260519-0952.html
abu,Allgemeinbildender Unterricht ABU,abu_l16,ABU,L16,"Arbeit, Perspektiven, Vorsorge und Zukunftskompetenzen",easy,single_choice,Welche Aussage beschreibt Zukunftskompetenz im ABU am besten?,man ignoriert jede Entwicklung,man vermeidet Entscheidungen immer,"Veränderungen werden erkannt, bewertet und aktiv gestaltet",man prüft keine Informationen,C,"ABU stärkt Orientierung in Gesellschaft, Beruf und Alltag.","ABU Smartlearn Quiz 1. Teil, Moodle-XHTML-Export, hochgeladene Referenzdatei",user_upload:quiz-ABU_Smartlearn_1.Teil-top-20260519-0952.html
abu,Allgemeinbildender Unterricht ABU,abu_l16,ABU,L16,"Arbeit, Perspektiven, Vorsorge und Zukunftskompetenzen",medium,single_choice,Worauf muss man beim Thema Zukunftskompetenz besonders achten?,man ignoriert jede Entwicklung,man vermeidet Entscheidungen immer,man prüft keine Informationen,"Veränderungen werden erkannt, bewertet und aktiv gestaltet",D,"ABU stärkt Orientierung in Gesellschaft, Beruf und Alltag.","ABU Smartlearn Quiz 1. Teil, Moodle-XHTML-Export, hochgeladene Referenzdatei",user_upload:quiz-ABU_Smartlearn_1.Teil-top-20260519-0952.html
abu,Allgemeinbildender Unterricht ABU,abu_l16,ABU,L16,"Arbeit, Perspektiven, Vorsorge und Zukunftskompetenzen",hard,single_choice,Welche Aussage zu Zukunftskompetenz ist fachlich am korrektesten?,"Veränderungen werden erkannt, bewertet und aktiv gestaltet",man ignoriert jede Entwicklung,man vermeidet Entscheidungen immer,man prüft keine Informationen,A,"ABU stärkt Orientierung in Gesellschaft, Beruf und Alltag.","ABU Smartlearn Quiz 1. Teil, Moodle-XHTML-Export, hochgeladene Referenzdatei",user_upload:quiz-ABU_Smartlearn_1.Teil-top-20260519-0952.html
abu,Allgemeinbildender Unterricht ABU,abu_l16,ABU,L16,"Arbeit, Perspektiven, Vorsorge und Zukunftskompetenzen",easy,single_choice,Welche Antwort passt zum Begriff Zukunftskompetenz?,man ignoriert jede Entwicklung,"Veränderungen werden erkannt, bewertet und aktiv gestaltet",man vermeidet Entscheidungen immer,man prüft keine Informationen,B,"ABU stärkt Orientierung in Gesellschaft, Beruf und Alltag.","ABU Smartlearn Quiz 1. Teil, Moodle-XHTML-Export, hochgeladene Referenzdatei",user_upload:quiz-ABU_Smartlearn_1.Teil-top-20260519-0952.html
abu,Allgemeinbildender Unterricht ABU,abu_l16,ABU,L16,"Arbeit, Perspektiven, Vorsorge und Zukunftskompetenzen",medium,single_choice,Welche praktische Bedeutung hat Zukunftskompetenz für Lernende?,man ignoriert jede Entwicklung,man vermeidet Entscheidungen immer,"Veränderungen werden erkannt, bewertet und aktiv gestaltet",man prüft keine Informationen,C,"ABU stärkt Orientierung in Gesellschaft, Beruf und Alltag.","ABU Smartlearn Quiz 1. Teil, Moodle-XHTML-Export, hochgeladene Referenzdatei",user_upload:quiz-ABU_Smartlearn_1.Teil-top-20260519-0952.html
abu,Allgemeinbildender Unterricht ABU,abu_l16,ABU,L16,"Arbeit, Perspektiven, Vorsorge und Zukunftskompetenzen",hard,single_choice,Welche Erklärung zu Zukunftskompetenz ist im gesellschaftlichen und rechtlichen Kontext richtig?,man ignoriert jede Entwicklung,man vermeidet Entscheidungen immer,man prüft keine Informationen,"Veränderungen werden erkannt, bewertet und aktiv gestaltet",D,"ABU stärkt Orientierung in Gesellschaft, Beruf und Alltag.","ABU Smartlearn Quiz 1. Teil, Moodle-XHTML-Export, hochgeladene Referenzdatei",user_upload:quiz-ABU_Smartlearn_1.Teil-top-20260519-0952.html
abu,Allgemeinbildender Unterricht ABU,abu_l16,ABU,L16,"Arbeit, Perspektiven, Vorsorge und Zukunftskompetenzen",easy,single_choice,Was ist bei Zukunftskompetenz grundsätzlich richtig?,"Veränderungen werden erkannt, bewertet und aktiv gestaltet",man ignoriert jede Entwicklung,man vermeidet Entscheidungen immer,man prüft keine Informationen,A,"ABU stärkt Orientierung in Gesellschaft, Beruf und Alltag.","ABU Smartlearn Quiz 1. Teil, Moodle-XHTML-Export, hochgeladene Referenzdatei",user_upload:quiz-ABU_Smartlearn_1.Teil-top-20260519-0952.html
abu,Allgemeinbildender Unterricht ABU,abu_l16,ABU,L16,"Arbeit, Perspektiven, Vorsorge und Zukunftskompetenzen",medium,single_choice,Welche Aussage zeigt ein korrektes Verständnis von Zukunftskompetenz?,man ignoriert jede Entwicklung,"Veränderungen werden erkannt, bewertet und aktiv gestaltet",man vermeidet Entscheidungen immer,man prüft keine Informationen,B,"ABU stärkt Orientierung in Gesellschaft, Beruf und Alltag.","ABU Smartlearn Quiz 1. Teil, Moodle-XHTML-Export, hochgeladene Referenzdatei",user_upload:quiz-ABU_Smartlearn_1.Teil-top-20260519-0952.html
abu,Allgemeinbildender Unterricht ABU,abu_l16,ABU,L16,"Arbeit, Perspektiven, Vorsorge und Zukunftskompetenzen",hard,single_choice,Welche Aussage grenzt Zukunftskompetenz am präzisesten von falschen Vorstellungen ab?,man ignoriert jede Entwicklung,man vermeidet Entscheidungen immer,"Veränderungen werden erkannt, bewertet und aktiv gestaltet",man prüft keine Informationen,C,"ABU stärkt Orientierung in Gesellschaft, Beruf und Alltag.","ABU Smartlearn Quiz 1. Teil, Moodle-XHTML-Export, hochgeladene Referenzdatei",user_upload:quiz-ABU_Smartlearn_1.Teil-top-20260519-0952.html
abu,Allgemeinbildender Unterricht ABU,abu_l16,ABU,L16,"Arbeit, Perspektiven, Vorsorge und Zukunftskompetenzen",easy,single_choice,Welche Kurzdefinition passt zu Zukunftskompetenz?,man ignoriert jede Entwicklung,man vermeidet Entscheidungen immer,man prüft keine Informationen,"Veränderungen werden erkannt, bewertet und aktiv gestaltet",D,"ABU stärkt Orientierung in Gesellschaft, Beruf und Alltag.","ABU Smartlearn Quiz 1. Teil, Moodle-XHTML-Export, hochgeladene Referenzdatei",user_upload:quiz-ABU_Smartlearn_1.Teil-top-20260519-0952.html
