course_key,course_name,module_key,hk,sub_hk,topic,difficulty,question_type,question,option_a,option_b,option_c,option_d,correct_option,explanation,source,source_url
automechaniker,Automobil-Mechatroniker/in EFZ,auto_l01,HKB3,L01,"Werkstatt-Basics, Auftrag und Ersatzteile",easy,single_choice,Welche Aussage beschreibt das Thema Werkstattauftrag im Beruf Automobil-Mechatroniker/in EFZ am besten?,"er beschreibt Kundenbeanstandung, auszuführende Arbeiten und wichtige Fahrzeugdaten",er ersetzt die Abschlusskontrolle im laufenden Tagesgeschäft bei sachgemässem Ablauf,er enthält nur den Verkaufspreis im konkreten Auftrag im Produktionsalltag,er wird erst nach der Probefahrt erstellt im Werkstattumfeld,A,"Ein klarer Auftrag ist Grundlage für fachgerechte, nachvollziehbare Arbeiten.","Bildungsplan Automobil-Mechatroniker/in EFZ, AGVS/SBFI",https://bzwu.ch/wp-content/uploads/2021/04/Bildungsplan_Automobil_Mechatroniker.pdf
automechaniker,Automobil-Mechatroniker/in EFZ,auto_l01,HKB3,L01,"Werkstatt-Basics, Auftrag und Ersatzteile",medium,single_choice,Worauf muss man beim Thema Werkstattauftrag in der Werkstatt besonders achten?,er ersetzt die Abschlusskontrolle nach gängiger Praxis im Rahmen der Routine,"er beschreibt Kundenbeanstandung, auszuführende Arbeiten und wichtige Fahrzeugdaten",er enthält nur den Verkaufspreis im üblichen Berufsalltag bei vergleichbaren Aufgaben,er wird erst nach der Probefahrt erstellt unter typischen Arbeitsbedingungen,B,"Ein klarer Auftrag ist Grundlage für fachgerechte, nachvollziehbare Arbeiten.","Bildungsplan Automobil-Mechatroniker/in EFZ, AGVS/SBFI",https://bzwu.ch/wp-content/uploads/2021/04/Bildungsplan_Automobil_Mechatroniker.pdf
automechaniker,Automobil-Mechatroniker/in EFZ,auto_l01,HKB3,L01,"Werkstatt-Basics, Auftrag und Ersatzteile",hard,single_choice,Welche Aussage zum Thema Werkstattauftrag ist fachlich korrekt?,er ersetzt die Abschlusskontrolle im Produktionsalltag bei sachgemässer Ausführung,er enthält nur den Verkaufspreis im Werkstattumfeld im normalen Werkstattbetrieb,"er beschreibt Kundenbeanstandung, auszuführende Arbeiten und wichtige Fahrzeugdaten",er wird erst nach der Probefahrt erstellt bei sachgemässem Ablauf,C,"Ein klarer Auftrag ist Grundlage für fachgerechte, nachvollziehbare Arbeiten.","Bildungsplan Automobil-Mechatroniker/in EFZ, AGVS/SBFI",https://bzwu.ch/wp-content/uploads/2021/04/Bildungsplan_Automobil_Mechatroniker.pdf
automechaniker,Automobil-Mechatroniker/in EFZ,auto_l01,HKB3,L01,"Werkstatt-Basics, Auftrag und Ersatzteile",easy,single_choice,Welche Aussage beschreibt das Thema Serviceplan im Beruf Automobil-Mechatroniker/in EFZ am besten?,er ist eine Reifenfreigabe im Rahmen der Routine,er ersetzt alle Messwerte unter typischen Arbeitsbedingungen,er gilt nur für Neuwagen ohne Kilometerstand,"er legt Wartungsumfang, Intervalle und Herstellervorgaben fest",D,"Servicepläne stellen sicher, dass die Wartung vollständig und herstellergerecht erfolgt.","Bildungsplan Automobil-Mechatroniker/in EFZ, AGVS/SBFI",https://bzwu.ch/wp-content/uploads/2021/04/Bildungsplan_Automobil_Mechatroniker.pdf
automechaniker,Automobil-Mechatroniker/in EFZ,auto_l01,HKB3,L01,"Werkstatt-Basics, Auftrag und Ersatzteile",medium,single_choice,Worauf muss man beim Thema Serviceplan in der Werkstatt besonders achten?,"er legt Wartungsumfang, Intervalle und Herstellervorgaben fest",er ist eine Reifenfreigabe im normalen Werkstattbetrieb,er ersetzt alle Messwerte bei sachgemässem Ablauf,er gilt nur für Neuwagen ohne Kilometerstand bei sachgemässer Ausführung,A,"Servicepläne stellen sicher, dass die Wartung vollständig und herstellergerecht erfolgt.","Bildungsplan Automobil-Mechatroniker/in EFZ, AGVS/SBFI",https://bzwu.ch/wp-content/uploads/2021/04/Bildungsplan_Automobil_Mechatroniker.pdf
automechaniker,Automobil-Mechatroniker/in EFZ,auto_l01,HKB3,L01,"Werkstatt-Basics, Auftrag und Ersatzteile",hard,single_choice,Welche Aussage zum Thema Serviceplan ist fachlich korrekt?,er ist eine Reifenfreigabe im konkreten Auftrag,"er legt Wartungsumfang, Intervalle und Herstellervorgaben fest",er ersetzt alle Messwerte bei vergleichbaren Aufgaben,er gilt nur für Neuwagen ohne Kilometerstand im laufenden Tagesgeschäft,B,"Servicepläne stellen sicher, dass die Wartung vollständig und herstellergerecht erfolgt.","Bildungsplan Automobil-Mechatroniker/in EFZ, AGVS/SBFI",https://bzwu.ch/wp-content/uploads/2021/04/Bildungsplan_Automobil_Mechatroniker.pdf
automechaniker,Automobil-Mechatroniker/in EFZ,auto_l01,HKB3,L01,"Werkstatt-Basics, Auftrag und Ersatzteile",easy,single_choice,Welche Aussage beschreibt das Thema Fahrzeugausweis im Beruf Automobil-Mechatroniker/in EFZ am besten?,er ist ein Diagnoseprotokoll bei sachgemässer Ausführung,er ersetzt den Ersatzteilkatalog im üblichen Berufsalltag,"er liefert Angaben wie Typengenehmigung, Fahrzeugdaten und Fahrzeugklasse",er enthält immer alle Fehlercodes nach gängiger Praxis unter typischen Arbeitsbedingungen,C,Fahrzeugdaten helfen bei Teilebestimmung und rechtlicher Einordnung.,"Bildungsplan Automobil-Mechatroniker/in EFZ, AGVS/SBFI",https://bzwu.ch/wp-content/uploads/2021/04/Bildungsplan_Automobil_Mechatroniker.pdf
automechaniker,Automobil-Mechatroniker/in EFZ,auto_l01,HKB3,L01,"Werkstatt-Basics, Auftrag und Ersatzteile",medium,single_choice,Worauf muss man beim Thema Fahrzeugausweis in der Werkstatt besonders achten?,er ist ein Diagnoseprotokoll im laufenden Tagesgeschäft,er ersetzt den Ersatzteilkatalog im Werkstattumfeld bei sachgemässem Ablauf,er enthält immer alle Fehlercodes im Produktionsalltag,"er liefert Angaben wie Typengenehmigung, Fahrzeugdaten und Fahrzeugklasse",D,Fahrzeugdaten helfen bei Teilebestimmung und rechtlicher Einordnung.,"Bildungsplan Automobil-Mechatroniker/in EFZ, AGVS/SBFI",https://bzwu.ch/wp-content/uploads/2021/04/Bildungsplan_Automobil_Mechatroniker.pdf
automechaniker,Automobil-Mechatroniker/in EFZ,auto_l01,HKB3,L01,"Werkstatt-Basics, Auftrag und Ersatzteile",hard,single_choice,Welche Aussage zum Thema Fahrzeugausweis ist fachlich korrekt?,"er liefert Angaben wie Typengenehmigung, Fahrzeugdaten und Fahrzeugklasse",er ist ein Diagnoseprotokoll nach gängiger Praxis bei vergleichbaren Aufgaben,er ersetzt den Ersatzteilkatalog unter typischen Arbeitsbedingungen,er enthält immer alle Fehlercodes im Rahmen der Routine,A,Fahrzeugdaten helfen bei Teilebestimmung und rechtlicher Einordnung.,"Bildungsplan Automobil-Mechatroniker/in EFZ, AGVS/SBFI",https://bzwu.ch/wp-content/uploads/2021/04/Bildungsplan_Automobil_Mechatroniker.pdf
automechaniker,Automobil-Mechatroniker/in EFZ,auto_l01,HKB3,L01,"Werkstatt-Basics, Auftrag und Ersatzteile",easy,single_choice,Welche Aussage beschreibt das Thema Ersatzteilnummer im Beruf Automobil-Mechatroniker/in EFZ am besten?,sie wird nach Augenmass gewählt im Produktionsalltag bei sachgemässer Ausführung,sie wird über Fahrzeugdaten und Herstellerinformationen eindeutig bestimmt,sie ist immer auf jedem Altteil lesbar im normalen Werkstattbetrieb,sie ersetzt die Einbauanleitung bei sachgemässem Ablauf,B,Die richtige Teilenummer verhindert Fehlbestellungen und falsche Reparaturen.,"Bildungsplan Automobil-Mechatroniker/in EFZ, AGVS/SBFI",https://bzwu.ch/wp-content/uploads/2021/04/Bildungsplan_Automobil_Mechatroniker.pdf
automechaniker,Automobil-Mechatroniker/in EFZ,auto_l01,HKB3,L01,"Werkstatt-Basics, Auftrag und Ersatzteile",medium,single_choice,Worauf muss man beim Thema Ersatzteilnummer in der Werkstatt besonders achten?,sie wird nach Augenmass gewählt im Rahmen der Routine im laufenden Tagesgeschäft,sie ist immer auf jedem Altteil lesbar im konkreten Auftrag,sie wird über Fahrzeugdaten und Herstellerinformationen eindeutig bestimmt,sie ersetzt die Einbauanleitung bei vergleichbaren Aufgaben,C,Die richtige Teilenummer verhindert Fehlbestellungen und falsche Reparaturen.,"Bildungsplan Automobil-Mechatroniker/in EFZ, AGVS/SBFI",https://bzwu.ch/wp-content/uploads/2021/04/Bildungsplan_Automobil_Mechatroniker.pdf
automechaniker,Automobil-Mechatroniker/in EFZ,auto_l01,HKB3,L01,"Werkstatt-Basics, Auftrag und Ersatzteile",hard,single_choice,Welche Aussage zum Thema Ersatzteilnummer ist fachlich korrekt?,sie wird nach Augenmass gewählt im normalen Werkstattbetrieb,sie ist immer auf jedem Altteil lesbar im üblichen Berufsalltag,sie ersetzt die Einbauanleitung bei sachgemässer Ausführung,sie wird über Fahrzeugdaten und Herstellerinformationen eindeutig bestimmt,D,Die richtige Teilenummer verhindert Fehlbestellungen und falsche Reparaturen.,"Bildungsplan Automobil-Mechatroniker/in EFZ, AGVS/SBFI",https://bzwu.ch/wp-content/uploads/2021/04/Bildungsplan_Automobil_Mechatroniker.pdf
automechaniker,Automobil-Mechatroniker/in EFZ,auto_l01,HKB3,L01,"Werkstatt-Basics, Auftrag und Ersatzteile",easy,single_choice,Welche Aussage beschreibt das Thema Flussdiagramm im Beruf Automobil-Mechatroniker/in EFZ am besten?,es führt Schritt für Schritt durch einen Arbeits- oder Diagnoseablauf,es zeigt nur den Ölstand im konkreten Auftrag im Produktionsalltag,es ersetzt jedes Fachwissen im laufenden Tagesgeschäft,es wird nur für Rechnungen genutzt im Werkstattumfeld,A,Ablaufschemas unterstützen systematisches Arbeiten.,"Bildungsplan Automobil-Mechatroniker/in EFZ, AGVS/SBFI",https://bzwu.ch/wp-content/uploads/2021/04/Bildungsplan_Automobil_Mechatroniker.pdf
automechaniker,Automobil-Mechatroniker/in EFZ,auto_l01,HKB3,L01,"Werkstatt-Basics, Auftrag und Ersatzteile",medium,single_choice,Worauf muss man beim Thema Flussdiagramm in der Werkstatt besonders achten?,es zeigt nur den Ölstand im üblichen Berufsalltag,es führt Schritt für Schritt durch einen Arbeits- oder Diagnoseablauf,es ersetzt jedes Fachwissen nach gängiger Praxis im Rahmen der Routine,es wird nur für Rechnungen genutzt unter typischen Arbeitsbedingungen,B,Ablaufschemas unterstützen systematisches Arbeiten.,"Bildungsplan Automobil-Mechatroniker/in EFZ, AGVS/SBFI",https://bzwu.ch/wp-content/uploads/2021/04/Bildungsplan_Automobil_Mechatroniker.pdf
automechaniker,Automobil-Mechatroniker/in EFZ,auto_l01,HKB3,L01,"Werkstatt-Basics, Auftrag und Ersatzteile",hard,single_choice,Welche Aussage zum Thema Flussdiagramm ist fachlich korrekt?,es zeigt nur den Ölstand im Werkstattumfeld im normalen Werkstattbetrieb,es ersetzt jedes Fachwissen im Produktionsalltag bei sachgemässer Ausführung,es führt Schritt für Schritt durch einen Arbeits- oder Diagnoseablauf,es wird nur für Rechnungen genutzt bei sachgemässem Ablauf,C,Ablaufschemas unterstützen systematisches Arbeiten.,"Bildungsplan Automobil-Mechatroniker/in EFZ, AGVS/SBFI",https://bzwu.ch/wp-content/uploads/2021/04/Bildungsplan_Automobil_Mechatroniker.pdf
automechaniker,Automobil-Mechatroniker/in EFZ,auto_l01,HKB3,L01,"Werkstatt-Basics, Auftrag und Ersatzteile",easy,single_choice,Welche Aussage beschreibt das Thema technische Information im Beruf Automobil-Mechatroniker/in EFZ am besten?,sie ist nur Werbung unter typischen Arbeitsbedingungen,sie darf bei sicherheitsrelevanten Teilen ignoriert werden,sie ersetzt die persönliche Schutzausrüstung im Rahmen der Routine,"sie enthält Reparaturdaten, Drehmomente, Prüfwerte und Hinweise",D,Herstellerinformationen sind verbindlich für viele Wartungs- und Reparaturarbeiten.,"Bildungsplan Automobil-Mechatroniker/in EFZ, AGVS/SBFI",https://bzwu.ch/wp-content/uploads/2021/04/Bildungsplan_Automobil_Mechatroniker.pdf
automechaniker,Automobil-Mechatroniker/in EFZ,auto_l01,HKB3,L01,"Werkstatt-Basics, Auftrag und Ersatzteile",medium,single_choice,Worauf muss man beim Thema technische Information in der Werkstatt besonders achten?,"sie enthält Reparaturdaten, Drehmomente, Prüfwerte und Hinweise",sie ist nur Werbung bei sachgemässem Ablauf im normalen Werkstattbetrieb,sie darf bei sicherheitsrelevanten Teilen ignoriert werden,sie ersetzt die persönliche Schutzausrüstung bei sachgemässer Ausführung,A,Herstellerinformationen sind verbindlich für viele Wartungs- und Reparaturarbeiten.,"Bildungsplan Automobil-Mechatroniker/in EFZ, AGVS/SBFI",https://bzwu.ch/wp-content/uploads/2021/04/Bildungsplan_Automobil_Mechatroniker.pdf
automechaniker,Automobil-Mechatroniker/in EFZ,auto_l01,HKB3,L01,"Werkstatt-Basics, Auftrag und Ersatzteile",hard,single_choice,Welche Aussage zum Thema technische Information ist fachlich korrekt?,sie ist nur Werbung bei vergleichbaren Aufgaben,"sie enthält Reparaturdaten, Drehmomente, Prüfwerte und Hinweise",sie darf bei sicherheitsrelevanten Teilen ignoriert werden,sie ersetzt die persönliche Schutzausrüstung im konkreten Auftrag,B,Herstellerinformationen sind verbindlich für viele Wartungs- und Reparaturarbeiten.,"Bildungsplan Automobil-Mechatroniker/in EFZ, AGVS/SBFI",https://bzwu.ch/wp-content/uploads/2021/04/Bildungsplan_Automobil_Mechatroniker.pdf
automechaniker,Automobil-Mechatroniker/in EFZ,auto_l01,HKB3,L01,"Werkstatt-Basics, Auftrag und Ersatzteile",easy,single_choice,Welche Aussage beschreibt das Thema Kundendaten im Beruf Automobil-Mechatroniker/in EFZ am besten?,sie werden öffentlich ausgehängt bei sachgemässer Ausführung,sie ersetzen die Fahrzeugidentifikation nach gängiger Praxis,"sie werden sorgfältig, zweckbezogen und vertraulich behandelt",sie sind für Werkstattaufträge unnötig im üblichen Berufsalltag,C,Datenschutz und klare Kommunikation gehören zum professionellen Werkstattablauf.,"Bildungsplan Automobil-Mechatroniker/in EFZ, AGVS/SBFI",https://bzwu.ch/wp-content/uploads/2021/04/Bildungsplan_Automobil_Mechatroniker.pdf
automechaniker,Automobil-Mechatroniker/in EFZ,auto_l01,HKB3,L01,"Werkstatt-Basics, Auftrag und Ersatzteile",medium,single_choice,Worauf muss man beim Thema Kundendaten in der Werkstatt besonders achten?,sie werden öffentlich ausgehängt im laufenden Tagesgeschäft,sie ersetzen die Fahrzeugidentifikation im Produktionsalltag,sie sind für Werkstattaufträge unnötig im Werkstattumfeld,"sie werden sorgfältig, zweckbezogen und vertraulich behandelt",D,Datenschutz und klare Kommunikation gehören zum professionellen Werkstattablauf.,"Bildungsplan Automobil-Mechatroniker/in EFZ, AGVS/SBFI",https://bzwu.ch/wp-content/uploads/2021/04/Bildungsplan_Automobil_Mechatroniker.pdf
automechaniker,Automobil-Mechatroniker/in EFZ,auto_l01,HKB3,L01,"Werkstatt-Basics, Auftrag und Ersatzteile",hard,single_choice,Welche Aussage zum Thema Kundendaten ist fachlich korrekt?,"sie werden sorgfältig, zweckbezogen und vertraulich behandelt",sie werden öffentlich ausgehängt nach gängiger Praxis,sie ersetzen die Fahrzeugidentifikation im Rahmen der Routine,sie sind für Werkstattaufträge unnötig unter typischen Arbeitsbedingungen,A,Datenschutz und klare Kommunikation gehören zum professionellen Werkstattablauf.,"Bildungsplan Automobil-Mechatroniker/in EFZ, AGVS/SBFI",https://bzwu.ch/wp-content/uploads/2021/04/Bildungsplan_Automobil_Mechatroniker.pdf
automechaniker,Automobil-Mechatroniker/in EFZ,auto_l01,HKB3,L01,"Werkstatt-Basics, Auftrag und Ersatzteile",easy,single_choice,Welche Aussage beschreibt das Thema Arbeitsvorbereitung im Beruf Automobil-Mechatroniker/in EFZ am besten?,man beginnt ohne Auftrag im Produktionsalltag im normalen Werkstattbetrieb,"Werkzeuge, Teile, Sicherheitsvorgaben und Zeitbedarf werden vor Arbeitsbeginn geklärt",Spezialwerkzeuge werden nachträglich geraten bei sachgemässem Ablauf,Sicherheitsdaten werden erst bei Unfall gelesen bei sachgemässer Ausführung,B,"Gute Vorbereitung reduziert Fehler, Wartezeit und Risiken.","Bildungsplan Automobil-Mechatroniker/in EFZ, AGVS/SBFI",https://bzwu.ch/wp-content/uploads/2021/04/Bildungsplan_Automobil_Mechatroniker.pdf
automechaniker,Automobil-Mechatroniker/in EFZ,auto_l01,HKB3,L01,"Werkstatt-Basics, Auftrag und Ersatzteile",medium,single_choice,Worauf muss man beim Thema Arbeitsvorbereitung in der Werkstatt besonders achten?,man beginnt ohne Auftrag im Rahmen der Routine im konkreten Auftrag,Spezialwerkzeuge werden nachträglich geraten bei vergleichbaren Aufgaben,"Werkzeuge, Teile, Sicherheitsvorgaben und Zeitbedarf werden vor Arbeitsbeginn geklärt",Sicherheitsdaten werden erst bei Unfall gelesen im laufenden Tagesgeschäft,C,"Gute Vorbereitung reduziert Fehler, Wartezeit und Risiken.","Bildungsplan Automobil-Mechatroniker/in EFZ, AGVS/SBFI",https://bzwu.ch/wp-content/uploads/2021/04/Bildungsplan_Automobil_Mechatroniker.pdf
automechaniker,Automobil-Mechatroniker/in EFZ,auto_l01,HKB3,L01,"Werkstatt-Basics, Auftrag und Ersatzteile",hard,single_choice,Welche Aussage zum Thema Arbeitsvorbereitung ist fachlich korrekt?,man beginnt ohne Auftrag im normalen Werkstattbetrieb nach gängiger Praxis,Spezialwerkzeuge werden nachträglich geraten bei sachgemässer Ausführung,Sicherheitsdaten werden erst bei Unfall gelesen im üblichen Berufsalltag,"Werkzeuge, Teile, Sicherheitsvorgaben und Zeitbedarf werden vor Arbeitsbeginn geklärt",D,"Gute Vorbereitung reduziert Fehler, Wartezeit und Risiken.","Bildungsplan Automobil-Mechatroniker/in EFZ, AGVS/SBFI",https://bzwu.ch/wp-content/uploads/2021/04/Bildungsplan_Automobil_Mechatroniker.pdf
automechaniker,Automobil-Mechatroniker/in EFZ,auto_l01,HKB3,L01,"Werkstatt-Basics, Auftrag und Ersatzteile",easy,single_choice,Welche Aussage beschreibt das Thema Abschlusskontrolle im Beruf Automobil-Mechatroniker/in EFZ am besten?,"sie prüft, ob Arbeiten vollständig, sicher und funktionsfähig ausgeführt wurden",sie ist nur eine Fahrzeugwäsche im konkreten Auftrag im Produktionsalltag,sie ersetzt den Werkstattauftrag im laufenden Tagesgeschäft,sie erfolgt nur bei Garantiearbeiten im Werkstattumfeld bei sachgemässem Ablauf,A,Abschlusskontrollen sichern Qualität und Verkehrssicherheit.,"Bildungsplan Automobil-Mechatroniker/in EFZ, AGVS/SBFI",https://bzwu.ch/wp-content/uploads/2021/04/Bildungsplan_Automobil_Mechatroniker.pdf
automechaniker,Automobil-Mechatroniker/in EFZ,auto_l01,HKB3,L01,"Werkstatt-Basics, Auftrag und Ersatzteile",medium,single_choice,Worauf muss man beim Thema Abschlusskontrolle in der Werkstatt besonders achten?,sie ist nur eine Fahrzeugwäsche im üblichen Berufsalltag,"sie prüft, ob Arbeiten vollständig, sicher und funktionsfähig ausgeführt wurden",sie ersetzt den Werkstattauftrag nach gängiger Praxis im Rahmen der Routine,sie erfolgt nur bei Garantiearbeiten unter typischen Arbeitsbedingungen,B,Abschlusskontrollen sichern Qualität und Verkehrssicherheit.,"Bildungsplan Automobil-Mechatroniker/in EFZ, AGVS/SBFI",https://bzwu.ch/wp-content/uploads/2021/04/Bildungsplan_Automobil_Mechatroniker.pdf
automechaniker,Automobil-Mechatroniker/in EFZ,auto_l01,HKB3,L01,"Werkstatt-Basics, Auftrag und Ersatzteile",hard,single_choice,Welche Aussage zum Thema Abschlusskontrolle ist fachlich korrekt?,sie ist nur eine Fahrzeugwäsche im Werkstattumfeld im normalen Werkstattbetrieb,sie ersetzt den Werkstattauftrag im Produktionsalltag bei sachgemässer Ausführung,"sie prüft, ob Arbeiten vollständig, sicher und funktionsfähig ausgeführt wurden",sie erfolgt nur bei Garantiearbeiten bei sachgemässem Ablauf,C,Abschlusskontrollen sichern Qualität und Verkehrssicherheit.,"Bildungsplan Automobil-Mechatroniker/in EFZ, AGVS/SBFI",https://bzwu.ch/wp-content/uploads/2021/04/Bildungsplan_Automobil_Mechatroniker.pdf
automechaniker,Automobil-Mechatroniker/in EFZ,auto_l01,HKB3,L01,"Werkstatt-Basics, Auftrag und Ersatzteile",easy,single_choice,Welche Aussage beschreibt das Thema Probefahrt im Beruf Automobil-Mechatroniker/in EFZ am besten?,sie dient zum privaten Fahren im Rahmen der Routine,sie ersetzt jede Diagnose unter typischen Arbeitsbedingungen,sie erfolgt immer ohne Dokumentation bei vergleichbaren Aufgaben,"sie wird gezielt vorbereitet, durchgeführt und ausgewertet",D,"Probefahrten müssen sicher, zweckbezogen und nachvollziehbar sein.","Bildungsplan Automobil-Mechatroniker/in EFZ, AGVS/SBFI",https://bzwu.ch/wp-content/uploads/2021/04/Bildungsplan_Automobil_Mechatroniker.pdf
automechaniker,Automobil-Mechatroniker/in EFZ,auto_l01,HKB3,L01,"Werkstatt-Basics, Auftrag und Ersatzteile",medium,single_choice,Worauf muss man beim Thema Probefahrt in der Werkstatt besonders achten?,"sie wird gezielt vorbereitet, durchgeführt und ausgewertet",sie dient zum privaten Fahren im normalen Werkstattbetrieb,sie ersetzt jede Diagnose bei sachgemässem Ablauf,sie erfolgt immer ohne Dokumentation bei sachgemässer Ausführung,A,"Probefahrten müssen sicher, zweckbezogen und nachvollziehbar sein.","Bildungsplan Automobil-Mechatroniker/in EFZ, AGVS/SBFI",https://bzwu.ch/wp-content/uploads/2021/04/Bildungsplan_Automobil_Mechatroniker.pdf
automechaniker,Automobil-Mechatroniker/in EFZ,auto_l01,HKB3,L01,"Werkstatt-Basics, Auftrag und Ersatzteile",hard,single_choice,Welche Aussage zum Thema Probefahrt ist fachlich korrekt?,sie dient zum privaten Fahren im konkreten Auftrag,"sie wird gezielt vorbereitet, durchgeführt und ausgewertet",sie ersetzt jede Diagnose bei vergleichbaren Aufgaben,sie erfolgt immer ohne Dokumentation im laufenden Tagesgeschäft,B,"Probefahrten müssen sicher, zweckbezogen und nachvollziehbar sein.","Bildungsplan Automobil-Mechatroniker/in EFZ, AGVS/SBFI",https://bzwu.ch/wp-content/uploads/2021/04/Bildungsplan_Automobil_Mechatroniker.pdf
automechaniker,Automobil-Mechatroniker/in EFZ,auto_l02,HKB3,L02,"Arbeitssicherheit, Gesundheits- und Umweltschutz",easy,single_choice,Welche Aussage beschreibt das Thema persönliche Schutzausrüstung im Beruf Automobil-Mechatroniker/in EFZ am besten?,sie ersetzt die Hebebühnenprüfung bei sachgemässer Ausführung bei vergleichbaren Aufgaben,sie ist nur bei Kundenkontakt nötig im üblichen Berufsalltag im Rahmen der Routine,"sie schützt vor typischen Werkstattgefahren wie Lärm, Chemikalien, Splittern und Quetschungen",sie macht Gefahrstoffe ungefährlich nach gängiger Praxis unter typischen Arbeitsbedingungen,C,"PSA senkt Risiken, ersetzt aber keine sicheren Arbeitsverfahren.","Bildungsplan Automobil-Mechatroniker/in EFZ, AGVS/SBFI",https://bzwu.ch/wp-content/uploads/2021/04/Bildungsplan_Automobil_Mechatroniker.pdf
automechaniker,Automobil-Mechatroniker/in EFZ,auto_l02,HKB3,L02,"Arbeitssicherheit, Gesundheits- und Umweltschutz",medium,single_choice,Worauf muss man beim Thema persönliche Schutzausrüstung in der Werkstatt besonders achten?,sie ersetzt die Hebebühnenprüfung im laufenden Tagesgeschäft bei sachgemässer Ausführung,sie ist nur bei Kundenkontakt nötig im Werkstattumfeld bei sachgemässem Ablauf,sie macht Gefahrstoffe ungefährlich im Produktionsalltag im normalen Werkstattbetrieb,"sie schützt vor typischen Werkstattgefahren wie Lärm, Chemikalien, Splittern und Quetschungen",D,"PSA senkt Risiken, ersetzt aber keine sicheren Arbeitsverfahren.","Bildungsplan Automobil-Mechatroniker/in EFZ, AGVS/SBFI",https://bzwu.ch/wp-content/uploads/2021/04/Bildungsplan_Automobil_Mechatroniker.pdf
automechaniker,Automobil-Mechatroniker/in EFZ,auto_l02,HKB3,L02,"Arbeitssicherheit, Gesundheits- und Umweltschutz",hard,single_choice,Welche Aussage zum Thema persönliche Schutzausrüstung ist fachlich korrekt?,"sie schützt vor typischen Werkstattgefahren wie Lärm, Chemikalien, Splittern und Quetschungen",sie ersetzt die Hebebühnenprüfung nach gängiger Praxis bei vergleichbaren Aufgaben,sie ist nur bei Kundenkontakt nötig unter typischen Arbeitsbedingungen,sie macht Gefahrstoffe ungefährlich im Rahmen der Routine im konkreten Auftrag,A,"PSA senkt Risiken, ersetzt aber keine sicheren Arbeitsverfahren.","Bildungsplan Automobil-Mechatroniker/in EFZ, AGVS/SBFI",https://bzwu.ch/wp-content/uploads/2021/04/Bildungsplan_Automobil_Mechatroniker.pdf
automechaniker,Automobil-Mechatroniker/in EFZ,auto_l02,HKB3,L02,"Arbeitssicherheit, Gesundheits- und Umweltschutz",easy,single_choice,Welche Aussage beschreibt das Thema Hebebühne im Beruf Automobil-Mechatroniker/in EFZ am besten?,jedes Fahrzeug darf beliebig angehoben werden bei sachgemässem Ablauf,"Tragpunkte, Verriegelung und Lastverteilung müssen vor dem Anheben geprüft werden",die Tragfähigkeit ist unwichtig im Produktionsalltag bei sachgemässer Ausführung,die Arme werden erst nach dem Anheben positioniert im normalen Werkstattbetrieb,B,Falsches Anheben kann zu schweren Unfällen und Fahrzeugschäden führen.,"Bildungsplan Automobil-Mechatroniker/in EFZ, AGVS/SBFI",https://bzwu.ch/wp-content/uploads/2021/04/Bildungsplan_Automobil_Mechatroniker.pdf
automechaniker,Automobil-Mechatroniker/in EFZ,auto_l02,HKB3,L02,"Arbeitssicherheit, Gesundheits- und Umweltschutz",medium,single_choice,Worauf muss man beim Thema Hebebühne in der Werkstatt besonders achten?,jedes Fahrzeug darf beliebig angehoben werden bei vergleichbaren Aufgaben,die Tragfähigkeit ist unwichtig im Rahmen der Routine im laufenden Tagesgeschäft,"Tragpunkte, Verriegelung und Lastverteilung müssen vor dem Anheben geprüft werden",die Arme werden erst nach dem Anheben positioniert im konkreten Auftrag,C,Falsches Anheben kann zu schweren Unfällen und Fahrzeugschäden führen.,"Bildungsplan Automobil-Mechatroniker/in EFZ, AGVS/SBFI",https://bzwu.ch/wp-content/uploads/2021/04/Bildungsplan_Automobil_Mechatroniker.pdf
automechaniker,Automobil-Mechatroniker/in EFZ,auto_l02,HKB3,L02,"Arbeitssicherheit, Gesundheits- und Umweltschutz",hard,single_choice,Welche Aussage zum Thema Hebebühne ist fachlich korrekt?,jedes Fahrzeug darf beliebig angehoben werden bei sachgemässer Ausführung,die Tragfähigkeit ist unwichtig im normalen Werkstattbetrieb,die Arme werden erst nach dem Anheben positioniert im üblichen Berufsalltag,"Tragpunkte, Verriegelung und Lastverteilung müssen vor dem Anheben geprüft werden",D,Falsches Anheben kann zu schweren Unfällen und Fahrzeugschäden führen.,"Bildungsplan Automobil-Mechatroniker/in EFZ, AGVS/SBFI",https://bzwu.ch/wp-content/uploads/2021/04/Bildungsplan_Automobil_Mechatroniker.pdf
automechaniker,Automobil-Mechatroniker/in EFZ,auto_l02,HKB3,L02,"Arbeitssicherheit, Gesundheits- und Umweltschutz",easy,single_choice,Welche Aussage beschreibt das Thema Gefahrstoffe im Beruf Automobil-Mechatroniker/in EFZ am besten?,"Sicherheitsdatenblatt, Kennzeichnung und Entsorgungsvorschriften beachten",alle Flüssigkeiten zusammenleeren im Werkstattumfeld bei sachgemässem Ablauf,Gefahrensymbole ignorieren im konkreten Auftrag im Produktionsalltag,Lösungsmittel offen lagern im laufenden Tagesgeschäft,A,Gefahrstoffe benötigen fachgerechten Umgang und Entsorgung.,"Bildungsplan Automobil-Mechatroniker/in EFZ, AGVS/SBFI",https://bzwu.ch/wp-content/uploads/2021/04/Bildungsplan_Automobil_Mechatroniker.pdf
automechaniker,Automobil-Mechatroniker/in EFZ,auto_l02,HKB3,L02,"Arbeitssicherheit, Gesundheits- und Umweltschutz",medium,single_choice,Worauf muss man beim Thema Gefahrstoffe in der Werkstatt besonders achten?,alle Flüssigkeiten zusammenleeren unter typischen Arbeitsbedingungen,"Sicherheitsdatenblatt, Kennzeichnung und Entsorgungsvorschriften beachten",Gefahrensymbole ignorieren im üblichen Berufsalltag bei vergleichbaren Aufgaben,Lösungsmittel offen lagern nach gängiger Praxis im Rahmen der Routine,B,Gefahrstoffe benötigen fachgerechten Umgang und Entsorgung.,"Bildungsplan Automobil-Mechatroniker/in EFZ, AGVS/SBFI",https://bzwu.ch/wp-content/uploads/2021/04/Bildungsplan_Automobil_Mechatroniker.pdf
automechaniker,Automobil-Mechatroniker/in EFZ,auto_l02,HKB3,L02,"Arbeitssicherheit, Gesundheits- und Umweltschutz",hard,single_choice,Welche Aussage zum Thema Gefahrstoffe ist fachlich korrekt?,alle Flüssigkeiten zusammenleeren bei sachgemässem Ablauf,Gefahrensymbole ignorieren im Werkstattumfeld im normalen Werkstattbetrieb,"Sicherheitsdatenblatt, Kennzeichnung und Entsorgungsvorschriften beachten",Lösungsmittel offen lagern im Produktionsalltag bei sachgemässer Ausführung,C,Gefahrstoffe benötigen fachgerechten Umgang und Entsorgung.,"Bildungsplan Automobil-Mechatroniker/in EFZ, AGVS/SBFI",https://bzwu.ch/wp-content/uploads/2021/04/Bildungsplan_Automobil_Mechatroniker.pdf
automechaniker,Automobil-Mechatroniker/in EFZ,auto_l02,HKB3,L02,"Arbeitssicherheit, Gesundheits- und Umweltschutz",easy,single_choice,Welche Aussage beschreibt das Thema Altöl im Beruf Automobil-Mechatroniker/in EFZ am besten?,es darf in den Abfluss unter typischen Arbeitsbedingungen,es wird mit Kühlmittel gemischt im Rahmen der Routine,es kann als Reinigungsmittel ausgeschüttet werden bei vergleichbaren Aufgaben,es wird separat gesammelt und als Sonderabfall fachgerecht entsorgt,D,Altöl ist umweltgefährdend und darf nicht in Boden oder Wasser gelangen.,"Bildungsplan Automobil-Mechatroniker/in EFZ, AGVS/SBFI",https://bzwu.ch/wp-content/uploads/2021/04/Bildungsplan_Automobil_Mechatroniker.pdf
automechaniker,Automobil-Mechatroniker/in EFZ,auto_l02,HKB3,L02,"Arbeitssicherheit, Gesundheits- und Umweltschutz",medium,single_choice,Worauf muss man beim Thema Altöl in der Werkstatt besonders achten?,es wird separat gesammelt und als Sonderabfall fachgerecht entsorgt,es darf in den Abfluss bei sachgemässem Ablauf bei sachgemässer Ausführung,es wird mit Kühlmittel gemischt im normalen Werkstattbetrieb,es kann als Reinigungsmittel ausgeschüttet werden,A,Altöl ist umweltgefährdend und darf nicht in Boden oder Wasser gelangen.,"Bildungsplan Automobil-Mechatroniker/in EFZ, AGVS/SBFI",https://bzwu.ch/wp-content/uploads/2021/04/Bildungsplan_Automobil_Mechatroniker.pdf
automechaniker,Automobil-Mechatroniker/in EFZ,auto_l02,HKB3,L02,"Arbeitssicherheit, Gesundheits- und Umweltschutz",hard,single_choice,Welche Aussage zum Thema Altöl ist fachlich korrekt?,es darf in den Abfluss bei vergleichbaren Aufgaben,es wird separat gesammelt und als Sonderabfall fachgerecht entsorgt,es wird mit Kühlmittel gemischt im konkreten Auftrag,es kann als Reinigungsmittel ausgeschüttet werden im laufenden Tagesgeschäft,B,Altöl ist umweltgefährdend und darf nicht in Boden oder Wasser gelangen.,"Bildungsplan Automobil-Mechatroniker/in EFZ, AGVS/SBFI",https://bzwu.ch/wp-content/uploads/2021/04/Bildungsplan_Automobil_Mechatroniker.pdf
automechaniker,Automobil-Mechatroniker/in EFZ,auto_l02,HKB3,L02,"Arbeitssicherheit, Gesundheits- und Umweltschutz",easy,single_choice,Welche Aussage beschreibt das Thema Kältemittel im Beruf Automobil-Mechatroniker/in EFZ am besten?,Kältemittel wird bewusst abgelassen nach gängiger Praxis unter typischen Arbeitsbedingungen,jede Leitung wird offen gelagert im üblichen Berufsalltag,Entweichen vermeiden und Klimaservice nur mit geeigneter Anlage durchführen,Schutzbrille ist immer unnötig bei sachgemässer Ausführung,C,Kältemittel kann Gesundheit und Klima belasten.,"Bildungsplan Automobil-Mechatroniker/in EFZ, AGVS/SBFI",https://bzwu.ch/wp-content/uploads/2021/04/Bildungsplan_Automobil_Mechatroniker.pdf
automechaniker,Automobil-Mechatroniker/in EFZ,auto_l02,HKB3,L02,"Arbeitssicherheit, Gesundheits- und Umweltschutz",medium,single_choice,Worauf muss man beim Thema Kältemittel in der Werkstatt besonders achten?,Kältemittel wird bewusst abgelassen im Produktionsalltag,jede Leitung wird offen gelagert im Werkstattumfeld bei sachgemässem Ablauf,Schutzbrille ist immer unnötig im laufenden Tagesgeschäft,Entweichen vermeiden und Klimaservice nur mit geeigneter Anlage durchführen,D,Kältemittel kann Gesundheit und Klima belasten.,"Bildungsplan Automobil-Mechatroniker/in EFZ, AGVS/SBFI",https://bzwu.ch/wp-content/uploads/2021/04/Bildungsplan_Automobil_Mechatroniker.pdf
automechaniker,Automobil-Mechatroniker/in EFZ,auto_l02,HKB3,L02,"Arbeitssicherheit, Gesundheits- und Umweltschutz",hard,single_choice,Welche Aussage zum Thema Kältemittel ist fachlich korrekt?,Entweichen vermeiden und Klimaservice nur mit geeigneter Anlage durchführen,Kältemittel wird bewusst abgelassen im Rahmen der Routine,jede Leitung wird offen gelagert unter typischen Arbeitsbedingungen,Schutzbrille ist immer unnötig nach gängiger Praxis bei vergleichbaren Aufgaben,A,Kältemittel kann Gesundheit und Klima belasten.,"Bildungsplan Automobil-Mechatroniker/in EFZ, AGVS/SBFI",https://bzwu.ch/wp-content/uploads/2021/04/Bildungsplan_Automobil_Mechatroniker.pdf
automechaniker,Automobil-Mechatroniker/in EFZ,auto_l02,HKB3,L02,"Arbeitssicherheit, Gesundheits- und Umweltschutz",easy,single_choice,Welche Aussage beschreibt das Thema Abgasabsaugung im Beruf Automobil-Mechatroniker/in EFZ am besten?,Tore geschlossen halten genügt immer im normalen Werkstattbetrieb,Verbrennungsmotoren in der Werkstatt nur mit wirksamer Absaugung betreiben,Abgase riechen harmlos im Produktionsalltag bei sachgemässer Ausführung,Absaugung ist nur bei Diesel nötig bei sachgemässem Ablauf,B,Abgase enthalten gefährliche Bestandteile und müssen an der Quelle erfasst werden.,"Bildungsplan Automobil-Mechatroniker/in EFZ, AGVS/SBFI",https://bzwu.ch/wp-content/uploads/2021/04/Bildungsplan_Automobil_Mechatroniker.pdf
automechaniker,Automobil-Mechatroniker/in EFZ,auto_l02,HKB3,L02,"Arbeitssicherheit, Gesundheits- und Umweltschutz",medium,single_choice,Worauf muss man beim Thema Abgasabsaugung in der Werkstatt besonders achten?,Tore geschlossen halten genügt immer im konkreten Auftrag,Abgase riechen harmlos im Rahmen der Routine im laufenden Tagesgeschäft,Verbrennungsmotoren in der Werkstatt nur mit wirksamer Absaugung betreiben,Absaugung ist nur bei Diesel nötig bei vergleichbaren Aufgaben,C,Abgase enthalten gefährliche Bestandteile und müssen an der Quelle erfasst werden.,"Bildungsplan Automobil-Mechatroniker/in EFZ, AGVS/SBFI",https://bzwu.ch/wp-content/uploads/2021/04/Bildungsplan_Automobil_Mechatroniker.pdf
automechaniker,Automobil-Mechatroniker/in EFZ,auto_l02,HKB3,L02,"Arbeitssicherheit, Gesundheits- und Umweltschutz",hard,single_choice,Welche Aussage zum Thema Abgasabsaugung ist fachlich korrekt?,Tore geschlossen halten genügt immer im üblichen Berufsalltag,Abgase riechen harmlos im normalen Werkstattbetrieb nach gängiger Praxis,Absaugung ist nur bei Diesel nötig bei sachgemässer Ausführung,Verbrennungsmotoren in der Werkstatt nur mit wirksamer Absaugung betreiben,D,Abgase enthalten gefährliche Bestandteile und müssen an der Quelle erfasst werden.,"Bildungsplan Automobil-Mechatroniker/in EFZ, AGVS/SBFI",https://bzwu.ch/wp-content/uploads/2021/04/Bildungsplan_Automobil_Mechatroniker.pdf
automechaniker,Automobil-Mechatroniker/in EFZ,auto_l02,HKB3,L02,"Arbeitssicherheit, Gesundheits- und Umweltschutz",easy,single_choice,Welche Aussage beschreibt das Thema Airbag und Gurtstraffer im Beruf Automobil-Mechatroniker/in EFZ am besten?,pyrotechnische Bauteile nur nach Herstellervorgaben sichern und handhaben,Stecker bei Zündung ein trennen im Werkstattumfeld bei sachgemässem Ablauf,Bauteile erhitzen im konkreten Auftrag im Produktionsalltag,ohne Wartezeit daran arbeiten im laufenden Tagesgeschäft,A,Pyrotechnische Systeme können ungewollt auslösen und verletzen.,"Bildungsplan Automobil-Mechatroniker/in EFZ, AGVS/SBFI",https://bzwu.ch/wp-content/uploads/2021/04/Bildungsplan_Automobil_Mechatroniker.pdf
automechaniker,Automobil-Mechatroniker/in EFZ,auto_l02,HKB3,L02,"Arbeitssicherheit, Gesundheits- und Umweltschutz",medium,single_choice,Worauf muss man beim Thema Airbag und Gurtstraffer in der Werkstatt besonders achten?,Stecker bei Zündung ein trennen unter typischen Arbeitsbedingungen,pyrotechnische Bauteile nur nach Herstellervorgaben sichern und handhaben,Bauteile erhitzen im üblichen Berufsalltag im Rahmen der Routine,ohne Wartezeit daran arbeiten nach gängiger Praxis bei vergleichbaren Aufgaben,B,Pyrotechnische Systeme können ungewollt auslösen und verletzen.,"Bildungsplan Automobil-Mechatroniker/in EFZ, AGVS/SBFI",https://bzwu.ch/wp-content/uploads/2021/04/Bildungsplan_Automobil_Mechatroniker.pdf
automechaniker,Automobil-Mechatroniker/in EFZ,auto_l02,HKB3,L02,"Arbeitssicherheit, Gesundheits- und Umweltschutz",hard,single_choice,Welche Aussage zum Thema Airbag und Gurtstraffer ist fachlich korrekt?,Stecker bei Zündung ein trennen bei sachgemässem Ablauf,Bauteile erhitzen im Werkstattumfeld im normalen Werkstattbetrieb,pyrotechnische Bauteile nur nach Herstellervorgaben sichern und handhaben,ohne Wartezeit daran arbeiten im Produktionsalltag bei sachgemässer Ausführung,C,Pyrotechnische Systeme können ungewollt auslösen und verletzen.,"Bildungsplan Automobil-Mechatroniker/in EFZ, AGVS/SBFI",https://bzwu.ch/wp-content/uploads/2021/04/Bildungsplan_Automobil_Mechatroniker.pdf
automechaniker,Automobil-Mechatroniker/in EFZ,auto_l02,HKB3,L02,"Arbeitssicherheit, Gesundheits- und Umweltschutz",easy,single_choice,Welche Aussage beschreibt das Thema Brandschutz beim Schweissen im Beruf Automobil-Mechatroniker/in EFZ am besten?,Kraftstoffleitungen ignorieren unter typischen Arbeitsbedingungen,Batterie immer angeschlossen lassen bei vergleichbaren Aufgaben,Innenraumabdeckungen nicht prüfen im Rahmen der Routine,brennbare Stoffe entfernen und Löschmittel bereithalten,D,Wärme- und Funkenflug verursachen Brandgefahr.,"Bildungsplan Automobil-Mechatroniker/in EFZ, AGVS/SBFI",https://bzwu.ch/wp-content/uploads/2021/04/Bildungsplan_Automobil_Mechatroniker.pdf
automechaniker,Automobil-Mechatroniker/in EFZ,auto_l02,HKB3,L02,"Arbeitssicherheit, Gesundheits- und Umweltschutz",medium,single_choice,Worauf muss man beim Thema Brandschutz beim Schweissen in der Werkstatt besonders achten?,brennbare Stoffe entfernen und Löschmittel bereithalten,Kraftstoffleitungen ignorieren bei sachgemässem Ablauf,Batterie immer angeschlossen lassen bei sachgemässer Ausführung,Innenraumabdeckungen nicht prüfen im normalen Werkstattbetrieb,A,Wärme- und Funkenflug verursachen Brandgefahr.,"Bildungsplan Automobil-Mechatroniker/in EFZ, AGVS/SBFI",https://bzwu.ch/wp-content/uploads/2021/04/Bildungsplan_Automobil_Mechatroniker.pdf
automechaniker,Automobil-Mechatroniker/in EFZ,auto_l02,HKB3,L02,"Arbeitssicherheit, Gesundheits- und Umweltschutz",hard,single_choice,Welche Aussage zum Thema Brandschutz beim Schweissen ist fachlich korrekt?,Kraftstoffleitungen ignorieren bei vergleichbaren Aufgaben,brennbare Stoffe entfernen und Löschmittel bereithalten,Batterie immer angeschlossen lassen im laufenden Tagesgeschäft,Innenraumabdeckungen nicht prüfen im konkreten Auftrag,B,Wärme- und Funkenflug verursachen Brandgefahr.,"Bildungsplan Automobil-Mechatroniker/in EFZ, AGVS/SBFI",https://bzwu.ch/wp-content/uploads/2021/04/Bildungsplan_Automobil_Mechatroniker.pdf
automechaniker,Automobil-Mechatroniker/in EFZ,auto_l02,HKB3,L02,"Arbeitssicherheit, Gesundheits- und Umweltschutz",easy,single_choice,Welche Aussage beschreibt das Thema Lärmschutz im Beruf Automobil-Mechatroniker/in EFZ am besten?,kurzer Lärm ist nie schädlich bei sachgemässer Ausführung,Gehörschutz verhindert alle Unfälle im üblichen Berufsalltag,bei lärmintensiven Arbeiten Gehörschutz und geeignete Verfahren einsetzen,Lärm wird durch mehr Drehzahl reduziert nach gängiger Praxis,C,Dauerhafte oder hohe Lärmbelastung kann das Gehör schädigen.,"Bildungsplan Automobil-Mechatroniker/in EFZ, AGVS/SBFI",https://bzwu.ch/wp-content/uploads/2021/04/Bildungsplan_Automobil_Mechatroniker.pdf
automechaniker,Automobil-Mechatroniker/in EFZ,auto_l02,HKB3,L02,"Arbeitssicherheit, Gesundheits- und Umweltschutz",medium,single_choice,Worauf muss man beim Thema Lärmschutz in der Werkstatt besonders achten?,kurzer Lärm ist nie schädlich im laufenden Tagesgeschäft,Gehörschutz verhindert alle Unfälle im Werkstattumfeld bei sachgemässem Ablauf,Lärm wird durch mehr Drehzahl reduziert im Produktionsalltag,bei lärmintensiven Arbeiten Gehörschutz und geeignete Verfahren einsetzen,D,Dauerhafte oder hohe Lärmbelastung kann das Gehör schädigen.,"Bildungsplan Automobil-Mechatroniker/in EFZ, AGVS/SBFI",https://bzwu.ch/wp-content/uploads/2021/04/Bildungsplan_Automobil_Mechatroniker.pdf
automechaniker,Automobil-Mechatroniker/in EFZ,auto_l02,HKB3,L02,"Arbeitssicherheit, Gesundheits- und Umweltschutz",hard,single_choice,Welche Aussage zum Thema Lärmschutz ist fachlich korrekt?,bei lärmintensiven Arbeiten Gehörschutz und geeignete Verfahren einsetzen,kurzer Lärm ist nie schädlich nach gängiger Praxis bei vergleichbaren Aufgaben,Gehörschutz verhindert alle Unfälle unter typischen Arbeitsbedingungen,Lärm wird durch mehr Drehzahl reduziert im Rahmen der Routine,A,Dauerhafte oder hohe Lärmbelastung kann das Gehör schädigen.,"Bildungsplan Automobil-Mechatroniker/in EFZ, AGVS/SBFI",https://bzwu.ch/wp-content/uploads/2021/04/Bildungsplan_Automobil_Mechatroniker.pdf
automechaniker,Automobil-Mechatroniker/in EFZ,auto_l02,HKB3,L02,"Arbeitssicherheit, Gesundheits- und Umweltschutz",easy,single_choice,Welche Aussage beschreibt das Thema Abfallvermeidung im Beruf Automobil-Mechatroniker/in EFZ am besten?,alle Abfälle in einen Behälter werfen bei sachgemässem Ablauf,"Materialien sparsam einsetzen, trennen, recyceln und korrekt entsorgen",Recycling nur bei Papier anwenden im Produktionsalltag,Betriebsstoffe verdünnen und ausschütten im normalen Werkstattbetrieb,B,Ressourcenschonung und Entsorgung gehören zum Bildungsplan.,"Bildungsplan Automobil-Mechatroniker/in EFZ, AGVS/SBFI",https://bzwu.ch/wp-content/uploads/2021/04/Bildungsplan_Automobil_Mechatroniker.pdf
automechaniker,Automobil-Mechatroniker/in EFZ,auto_l02,HKB3,L02,"Arbeitssicherheit, Gesundheits- und Umweltschutz",medium,single_choice,Worauf muss man beim Thema Abfallvermeidung in der Werkstatt besonders achten?,alle Abfälle in einen Behälter werfen bei vergleichbaren Aufgaben,Recycling nur bei Papier anwenden im Rahmen der Routine,"Materialien sparsam einsetzen, trennen, recyceln und korrekt entsorgen",Betriebsstoffe verdünnen und ausschütten im konkreten Auftrag,C,Ressourcenschonung und Entsorgung gehören zum Bildungsplan.,"Bildungsplan Automobil-Mechatroniker/in EFZ, AGVS/SBFI",https://bzwu.ch/wp-content/uploads/2021/04/Bildungsplan_Automobil_Mechatroniker.pdf
automechaniker,Automobil-Mechatroniker/in EFZ,auto_l02,HKB3,L02,"Arbeitssicherheit, Gesundheits- und Umweltschutz",hard,single_choice,Welche Aussage zum Thema Abfallvermeidung ist fachlich korrekt?,alle Abfälle in einen Behälter werfen bei sachgemässer Ausführung,Recycling nur bei Papier anwenden im normalen Werkstattbetrieb,Betriebsstoffe verdünnen und ausschütten im üblichen Berufsalltag,"Materialien sparsam einsetzen, trennen, recyceln und korrekt entsorgen",D,Ressourcenschonung und Entsorgung gehören zum Bildungsplan.,"Bildungsplan Automobil-Mechatroniker/in EFZ, AGVS/SBFI",https://bzwu.ch/wp-content/uploads/2021/04/Bildungsplan_Automobil_Mechatroniker.pdf
automechaniker,Automobil-Mechatroniker/in EFZ,auto_l03,HKB1,L03,Fahrzeuginspektion Exterieur und Interieur,easy,single_choice,Welche Aussage beschreibt das Thema Beleuchtungsanlage im Beruf Automobil-Mechatroniker/in EFZ am besten?,"Funktion, Zustand, Einstellung und gesetzliche Anforderungen prüfen",nur die hellste Lampe kontrollieren im Werkstattumfeld,"Defekte ignorieren, wenn Tag ist im laufenden Tagesgeschäft",Leuchtmittel beliebig mischen im konkreten Auftrag,A,Licht ist sicherheits- und vorschriftenrelevant.,"Bildungsplan Automobil-Mechatroniker/in EFZ, AGVS/SBFI",https://bzwu.ch/wp-content/uploads/2021/04/Bildungsplan_Automobil_Mechatroniker.pdf
automechaniker,Automobil-Mechatroniker/in EFZ,auto_l03,HKB1,L03,Fahrzeuginspektion Exterieur und Interieur,medium,single_choice,Worauf muss man beim Thema Beleuchtungsanlage in der Werkstatt besonders achten?,nur die hellste Lampe kontrollieren unter typischen Arbeitsbedingungen,"Funktion, Zustand, Einstellung und gesetzliche Anforderungen prüfen","Defekte ignorieren, wenn Tag ist nach gängiger Praxis",Leuchtmittel beliebig mischen im üblichen Berufsalltag,B,Licht ist sicherheits- und vorschriftenrelevant.,"Bildungsplan Automobil-Mechatroniker/in EFZ, AGVS/SBFI",https://bzwu.ch/wp-content/uploads/2021/04/Bildungsplan_Automobil_Mechatroniker.pdf
automechaniker,Automobil-Mechatroniker/in EFZ,auto_l03,HKB1,L03,Fahrzeuginspektion Exterieur und Interieur,hard,single_choice,Welche Aussage zum Thema Beleuchtungsanlage ist fachlich korrekt?,nur die hellste Lampe kontrollieren bei sachgemässem Ablauf,"Defekte ignorieren, wenn Tag ist im Produktionsalltag","Funktion, Zustand, Einstellung und gesetzliche Anforderungen prüfen",Leuchtmittel beliebig mischen im Werkstattumfeld im normalen Werkstattbetrieb,C,Licht ist sicherheits- und vorschriftenrelevant.,"Bildungsplan Automobil-Mechatroniker/in EFZ, AGVS/SBFI",https://bzwu.ch/wp-content/uploads/2021/04/Bildungsplan_Automobil_Mechatroniker.pdf
automechaniker,Automobil-Mechatroniker/in EFZ,auto_l03,HKB1,L03,Fahrzeuginspektion Exterieur und Interieur,easy,single_choice,Welche Aussage beschreibt das Thema Wisch-Waschanlage im Beruf Automobil-Mechatroniker/in EFZ am besten?,nur den Motor starten im Rahmen der Routine,Scheibenwaschmittel durch Motoröl ersetzen bei vergleichbaren Aufgaben,Düsen nie einstellen unter typischen Arbeitsbedingungen,"Wischerblätter, Düsen, Flüssigkeit und Funktion kontrollieren",D,Klare Sicht ist ein grundlegendes Sicherheitskriterium.,"Bildungsplan Automobil-Mechatroniker/in EFZ, AGVS/SBFI",https://bzwu.ch/wp-content/uploads/2021/04/Bildungsplan_Automobil_Mechatroniker.pdf
automechaniker,Automobil-Mechatroniker/in EFZ,auto_l03,HKB1,L03,Fahrzeuginspektion Exterieur und Interieur,medium,single_choice,Worauf muss man beim Thema Wisch-Waschanlage in der Werkstatt besonders achten?,"Wischerblätter, Düsen, Flüssigkeit und Funktion kontrollieren",nur den Motor starten im normalen Werkstattbetrieb,Scheibenwaschmittel durch Motoröl ersetzen bei sachgemässer Ausführung,Düsen nie einstellen bei sachgemässem Ablauf,A,Klare Sicht ist ein grundlegendes Sicherheitskriterium.,"Bildungsplan Automobil-Mechatroniker/in EFZ, AGVS/SBFI",https://bzwu.ch/wp-content/uploads/2021/04/Bildungsplan_Automobil_Mechatroniker.pdf
automechaniker,Automobil-Mechatroniker/in EFZ,auto_l03,HKB1,L03,Fahrzeuginspektion Exterieur und Interieur,hard,single_choice,Welche Aussage zum Thema Wisch-Waschanlage ist fachlich korrekt?,nur den Motor starten im konkreten Auftrag im laufenden Tagesgeschäft,"Wischerblätter, Düsen, Flüssigkeit und Funktion kontrollieren",Scheibenwaschmittel durch Motoröl ersetzen im Werkstattumfeld,Düsen nie einstellen bei vergleichbaren Aufgaben,B,Klare Sicht ist ein grundlegendes Sicherheitskriterium.,"Bildungsplan Automobil-Mechatroniker/in EFZ, AGVS/SBFI",https://bzwu.ch/wp-content/uploads/2021/04/Bildungsplan_Automobil_Mechatroniker.pdf
automechaniker,Automobil-Mechatroniker/in EFZ,auto_l03,HKB1,L03,Fahrzeuginspektion Exterieur und Interieur,easy,single_choice,Welche Aussage beschreibt das Thema Zutrittssystem im Beruf Automobil-Mechatroniker/in EFZ am besten?,Batteriezustand nie beachten nach gängiger Praxis,alle Schlüssel löschen bei sachgemässer Ausführung,"Fernbedienung, Schlüssel, Schlösser und Initialisierung prüfen",Fehlercodes ignorieren im üblichen Berufsalltag unter typischen Arbeitsbedingungen,C,Moderne Zutrittssysteme verbinden Mechanik und Elektronik.,"Bildungsplan Automobil-Mechatroniker/in EFZ, AGVS/SBFI",https://bzwu.ch/wp-content/uploads/2021/04/Bildungsplan_Automobil_Mechatroniker.pdf
automechaniker,Automobil-Mechatroniker/in EFZ,auto_l03,HKB1,L03,Fahrzeuginspektion Exterieur und Interieur,medium,single_choice,Worauf muss man beim Thema Zutrittssystem in der Werkstatt besonders achten?,Batteriezustand nie beachten im Produktionsalltag,alle Schlüssel löschen im laufenden Tagesgeschäft,Fehlercodes ignorieren im Werkstattumfeld bei sachgemässem Ablauf,"Fernbedienung, Schlüssel, Schlösser und Initialisierung prüfen",D,Moderne Zutrittssysteme verbinden Mechanik und Elektronik.,"Bildungsplan Automobil-Mechatroniker/in EFZ, AGVS/SBFI",https://bzwu.ch/wp-content/uploads/2021/04/Bildungsplan_Automobil_Mechatroniker.pdf
automechaniker,Automobil-Mechatroniker/in EFZ,auto_l03,HKB1,L03,Fahrzeuginspektion Exterieur und Interieur,hard,single_choice,Welche Aussage zum Thema Zutrittssystem ist fachlich korrekt?,"Fernbedienung, Schlüssel, Schlösser und Initialisierung prüfen",Batteriezustand nie beachten im Rahmen der Routine,alle Schlüssel löschen nach gängiger Praxis bei vergleichbaren Aufgaben,Fehlercodes ignorieren unter typischen Arbeitsbedingungen,A,Moderne Zutrittssysteme verbinden Mechanik und Elektronik.,"Bildungsplan Automobil-Mechatroniker/in EFZ, AGVS/SBFI",https://bzwu.ch/wp-content/uploads/2021/04/Bildungsplan_Automobil_Mechatroniker.pdf
automechaniker,Automobil-Mechatroniker/in EFZ,auto_l03,HKB1,L03,Fahrzeuginspektion Exterieur und Interieur,easy,single_choice,Welche Aussage beschreibt das Thema Innenraumbeleuchtung im Beruf Automobil-Mechatroniker/in EFZ am besten?,sie ist nie prüfungsrelevant bei sachgemässem Ablauf,Funktion und Schaltzustände der Leuchten kontrollieren,sie darf die Batterie ständig entladen,sie ersetzt Warnleuchten im Produktionsalltag,B,Innenraumfunktionen gehören zur Wartungs- und Komfortprüfung.,"Bildungsplan Automobil-Mechatroniker/in EFZ, AGVS/SBFI",https://bzwu.ch/wp-content/uploads/2021/04/Bildungsplan_Automobil_Mechatroniker.pdf
automechaniker,Automobil-Mechatroniker/in EFZ,auto_l03,HKB1,L03,Fahrzeuginspektion Exterieur und Interieur,medium,single_choice,Worauf muss man beim Thema Innenraumbeleuchtung in der Werkstatt besonders achten?,sie ist nie prüfungsrelevant bei vergleichbaren Aufgaben,sie darf die Batterie ständig entladen,Funktion und Schaltzustände der Leuchten kontrollieren,sie ersetzt Warnleuchten im Rahmen der Routine,C,Innenraumfunktionen gehören zur Wartungs- und Komfortprüfung.,"Bildungsplan Automobil-Mechatroniker/in EFZ, AGVS/SBFI",https://bzwu.ch/wp-content/uploads/2021/04/Bildungsplan_Automobil_Mechatroniker.pdf
automechaniker,Automobil-Mechatroniker/in EFZ,auto_l03,HKB1,L03,Fahrzeuginspektion Exterieur und Interieur,hard,single_choice,Welche Aussage zum Thema Innenraumbeleuchtung ist fachlich korrekt?,sie ist nie prüfungsrelevant bei sachgemässer Ausführung,sie darf die Batterie ständig entladen,sie ersetzt Warnleuchten im normalen Werkstattbetrieb,Funktion und Schaltzustände der Leuchten kontrollieren,D,Innenraumfunktionen gehören zur Wartungs- und Komfortprüfung.,"Bildungsplan Automobil-Mechatroniker/in EFZ, AGVS/SBFI",https://bzwu.ch/wp-content/uploads/2021/04/Bildungsplan_Automobil_Mechatroniker.pdf
automechaniker,Automobil-Mechatroniker/in EFZ,auto_l03,HKB1,L03,Fahrzeuginspektion Exterieur und Interieur,easy,single_choice,Welche Aussage beschreibt das Thema aktive Sicherheit im Beruf Automobil-Mechatroniker/in EFZ am besten?,Systeme unterstützen das Verhindern von Unfällen,Airbag allein ist aktiv im konkreten Auftrag,Lackfarbe verhindert Unfälle im laufenden Tagesgeschäft,Sitzpolsterung ist immer aktiv im Werkstattumfeld,A,"ABS, ESP und Assistenzsysteme zählen typischerweise zur aktiven Sicherheit.","Bildungsplan Automobil-Mechatroniker/in EFZ, AGVS/SBFI",https://bzwu.ch/wp-content/uploads/2021/04/Bildungsplan_Automobil_Mechatroniker.pdf
automechaniker,Automobil-Mechatroniker/in EFZ,auto_l03,HKB1,L03,Fahrzeuginspektion Exterieur und Interieur,medium,single_choice,Worauf muss man beim Thema aktive Sicherheit in der Werkstatt besonders achten?,Airbag allein ist aktiv im üblichen Berufsalltag,Systeme unterstützen das Verhindern von Unfällen,Lackfarbe verhindert Unfälle nach gängiger Praxis,Sitzpolsterung ist immer aktiv unter typischen Arbeitsbedingungen,B,"ABS, ESP und Assistenzsysteme zählen typischerweise zur aktiven Sicherheit.","Bildungsplan Automobil-Mechatroniker/in EFZ, AGVS/SBFI",https://bzwu.ch/wp-content/uploads/2021/04/Bildungsplan_Automobil_Mechatroniker.pdf
automechaniker,Automobil-Mechatroniker/in EFZ,auto_l03,HKB1,L03,Fahrzeuginspektion Exterieur und Interieur,hard,single_choice,Welche Aussage zum Thema aktive Sicherheit ist fachlich korrekt?,Airbag allein ist aktiv im Werkstattumfeld,Lackfarbe verhindert Unfälle im Produktionsalltag,Systeme unterstützen das Verhindern von Unfällen,Sitzpolsterung ist immer aktiv bei sachgemässem Ablauf,C,"ABS, ESP und Assistenzsysteme zählen typischerweise zur aktiven Sicherheit.","Bildungsplan Automobil-Mechatroniker/in EFZ, AGVS/SBFI",https://bzwu.ch/wp-content/uploads/2021/04/Bildungsplan_Automobil_Mechatroniker.pdf
automechaniker,Automobil-Mechatroniker/in EFZ,auto_l03,HKB1,L03,Fahrzeuginspektion Exterieur und Interieur,easy,single_choice,Welche Aussage beschreibt das Thema passive Sicherheit im Beruf Automobil-Mechatroniker/in EFZ am besten?,ESP ist ein passives System,Reifendruck ist passiv unter typischen Arbeitsbedingungen,Radioempfang ist passiv im Rahmen der Routine,Systeme mindern Folgen eines Unfalls,D,"Airbags, Sicherheitsgurte und Karosseriestrukturen mindern Verletzungsfolgen.","Bildungsplan Automobil-Mechatroniker/in EFZ, AGVS/SBFI",https://bzwu.ch/wp-content/uploads/2021/04/Bildungsplan_Automobil_Mechatroniker.pdf
automechaniker,Automobil-Mechatroniker/in EFZ,auto_l03,HKB1,L03,Fahrzeuginspektion Exterieur und Interieur,medium,single_choice,Worauf muss man beim Thema passive Sicherheit in der Werkstatt besonders achten?,Systeme mindern Folgen eines Unfalls,ESP ist ein passives System,Reifendruck ist passiv bei sachgemässem Ablauf,Radioempfang ist passiv im normalen Werkstattbetrieb,A,"Airbags, Sicherheitsgurte und Karosseriestrukturen mindern Verletzungsfolgen.","Bildungsplan Automobil-Mechatroniker/in EFZ, AGVS/SBFI",https://bzwu.ch/wp-content/uploads/2021/04/Bildungsplan_Automobil_Mechatroniker.pdf
automechaniker,Automobil-Mechatroniker/in EFZ,auto_l03,HKB1,L03,Fahrzeuginspektion Exterieur und Interieur,hard,single_choice,Welche Aussage zum Thema passive Sicherheit ist fachlich korrekt?,ESP ist ein passives System,Systeme mindern Folgen eines Unfalls,Reifendruck ist passiv bei vergleichbaren Aufgaben,Radioempfang ist passiv im konkreten Auftrag,B,"Airbags, Sicherheitsgurte und Karosseriestrukturen mindern Verletzungsfolgen.","Bildungsplan Automobil-Mechatroniker/in EFZ, AGVS/SBFI",https://bzwu.ch/wp-content/uploads/2021/04/Bildungsplan_Automobil_Mechatroniker.pdf
automechaniker,Automobil-Mechatroniker/in EFZ,auto_l03,HKB1,L03,Fahrzeuginspektion Exterieur und Interieur,easy,single_choice,Welche Aussage beschreibt das Thema Assistenzsensoren im Beruf Automobil-Mechatroniker/in EFZ am besten?,Sensoren beliebig lackieren im üblichen Berufsalltag,Kalibrierung nach Frontscheibentausch ignorieren nach gängiger Praxis,Sensorflächen und Kalibrierbedingungen gemäss Hersteller prüfen,Fehlerlampen abkleben bei sachgemässer Ausführung,C,Sensoren beeinflussen Fahrerassistenz und Sicherheit.,"Bildungsplan Automobil-Mechatroniker/in EFZ, AGVS/SBFI",https://bzwu.ch/wp-content/uploads/2021/04/Bildungsplan_Automobil_Mechatroniker.pdf
automechaniker,Automobil-Mechatroniker/in EFZ,auto_l03,HKB1,L03,Fahrzeuginspektion Exterieur und Interieur,medium,single_choice,Worauf muss man beim Thema Assistenzsensoren in der Werkstatt besonders achten?,Sensoren beliebig lackieren im Werkstattumfeld im Produktionsalltag,Kalibrierung nach Frontscheibentausch ignorieren,Fehlerlampen abkleben im laufenden Tagesgeschäft,Sensorflächen und Kalibrierbedingungen gemäss Hersteller prüfen,D,Sensoren beeinflussen Fahrerassistenz und Sicherheit.,"Bildungsplan Automobil-Mechatroniker/in EFZ, AGVS/SBFI",https://bzwu.ch/wp-content/uploads/2021/04/Bildungsplan_Automobil_Mechatroniker.pdf
automechaniker,Automobil-Mechatroniker/in EFZ,auto_l03,HKB1,L03,Fahrzeuginspektion Exterieur und Interieur,hard,single_choice,Welche Aussage zum Thema Assistenzsensoren ist fachlich korrekt?,Sensorflächen und Kalibrierbedingungen gemäss Hersteller prüfen,Sensoren beliebig lackieren unter typischen Arbeitsbedingungen,Kalibrierung nach Frontscheibentausch ignorieren,Fehlerlampen abkleben nach gängiger Praxis im Rahmen der Routine,A,Sensoren beeinflussen Fahrerassistenz und Sicherheit.,"Bildungsplan Automobil-Mechatroniker/in EFZ, AGVS/SBFI",https://bzwu.ch/wp-content/uploads/2021/04/Bildungsplan_Automobil_Mechatroniker.pdf
automechaniker,Automobil-Mechatroniker/in EFZ,auto_l03,HKB1,L03,Fahrzeuginspektion Exterieur und Interieur,easy,single_choice,Welche Aussage beschreibt das Thema Armaturenprüfung im Beruf Automobil-Mechatroniker/in EFZ am besten?,Warnlampen nach Start ignorieren bei sachgemässem Ablauf,"Warnlampen, Anzeigen und Bedienelemente auf Funktion beurteilen",Anzeigen nur optisch reinigen im Produktionsalltag,Fehler ohne Dokumentation löschen im normalen Werkstattbetrieb,B,Anzeige- und Warnsysteme liefern wichtige Diagnosehinweise.,"Bildungsplan Automobil-Mechatroniker/in EFZ, AGVS/SBFI",https://bzwu.ch/wp-content/uploads/2021/04/Bildungsplan_Automobil_Mechatroniker.pdf
automechaniker,Automobil-Mechatroniker/in EFZ,auto_l03,HKB1,L03,Fahrzeuginspektion Exterieur und Interieur,medium,single_choice,Worauf muss man beim Thema Armaturenprüfung in der Werkstatt besonders achten?,Warnlampen nach Start ignorieren bei vergleichbaren Aufgaben,Anzeigen nur optisch reinigen im Rahmen der Routine,"Warnlampen, Anzeigen und Bedienelemente auf Funktion beurteilen",Fehler ohne Dokumentation löschen im konkreten Auftrag,C,Anzeige- und Warnsysteme liefern wichtige Diagnosehinweise.,"Bildungsplan Automobil-Mechatroniker/in EFZ, AGVS/SBFI",https://bzwu.ch/wp-content/uploads/2021/04/Bildungsplan_Automobil_Mechatroniker.pdf
automechaniker,Automobil-Mechatroniker/in EFZ,auto_l03,HKB1,L03,Fahrzeuginspektion Exterieur und Interieur,hard,single_choice,Welche Aussage zum Thema Armaturenprüfung ist fachlich korrekt?,Warnlampen nach Start ignorieren bei sachgemässer Ausführung,Anzeigen nur optisch reinigen im normalen Werkstattbetrieb,Fehler ohne Dokumentation löschen im üblichen Berufsalltag,"Warnlampen, Anzeigen und Bedienelemente auf Funktion beurteilen",D,Anzeige- und Warnsysteme liefern wichtige Diagnosehinweise.,"Bildungsplan Automobil-Mechatroniker/in EFZ, AGVS/SBFI",https://bzwu.ch/wp-content/uploads/2021/04/Bildungsplan_Automobil_Mechatroniker.pdf
automechaniker,Automobil-Mechatroniker/in EFZ,auto_l03,HKB1,L03,Fahrzeuginspektion Exterieur und Interieur,easy,single_choice,Welche Aussage beschreibt das Thema automatische Fensterheber im Beruf Automobil-Mechatroniker/in EFZ am besten?,"Endlagen, Einklemmschutz und Initialisierung prüfen",Einklemmschutz deaktivieren im laufenden Tagesgeschäft,Initialisierung grundsätzlich weglassen,Fenster trocken blockieren im konkreten Auftrag,A,Komfortsysteme können sicherheitsrelevante Schutzfunktionen haben.,"Bildungsplan Automobil-Mechatroniker/in EFZ, AGVS/SBFI",https://bzwu.ch/wp-content/uploads/2021/04/Bildungsplan_Automobil_Mechatroniker.pdf
automechaniker,Automobil-Mechatroniker/in EFZ,auto_l03,HKB1,L03,Fahrzeuginspektion Exterieur und Interieur,medium,single_choice,Worauf muss man beim Thema automatische Fensterheber in der Werkstatt besonders achten?,Einklemmschutz deaktivieren nach gängiger Praxis,"Endlagen, Einklemmschutz und Initialisierung prüfen",Initialisierung grundsätzlich weglassen,Fenster trocken blockieren im üblichen Berufsalltag,B,Komfortsysteme können sicherheitsrelevante Schutzfunktionen haben.,"Bildungsplan Automobil-Mechatroniker/in EFZ, AGVS/SBFI",https://bzwu.ch/wp-content/uploads/2021/04/Bildungsplan_Automobil_Mechatroniker.pdf
automechaniker,Automobil-Mechatroniker/in EFZ,auto_l03,HKB1,L03,Fahrzeuginspektion Exterieur und Interieur,hard,single_choice,Welche Aussage zum Thema automatische Fensterheber ist fachlich korrekt?,Einklemmschutz deaktivieren im Produktionsalltag,Initialisierung grundsätzlich weglassen,"Endlagen, Einklemmschutz und Initialisierung prüfen",Fenster trocken blockieren im Werkstattumfeld,C,Komfortsysteme können sicherheitsrelevante Schutzfunktionen haben.,"Bildungsplan Automobil-Mechatroniker/in EFZ, AGVS/SBFI",https://bzwu.ch/wp-content/uploads/2021/04/Bildungsplan_Automobil_Mechatroniker.pdf
automechaniker,Automobil-Mechatroniker/in EFZ,auto_l03,HKB1,L03,Fahrzeuginspektion Exterieur und Interieur,easy,single_choice,Welche Aussage beschreibt das Thema Anhängersteckdose im Beruf Automobil-Mechatroniker/in EFZ am besten?,nur die Abdeckung anschauen im Rahmen der Routine,Pins kurzschliessen unter typischen Arbeitsbedingungen,Anhängerfunktionen ohne Prüfung freigeben,"Belegung, Spannung und Funktion der Lichtsignale prüfen",D,Anhängerbeleuchtung ist für Verkehrssicherheit und Vorschriften wichtig.,"Bildungsplan Automobil-Mechatroniker/in EFZ, AGVS/SBFI",https://bzwu.ch/wp-content/uploads/2021/04/Bildungsplan_Automobil_Mechatroniker.pdf
automechaniker,Automobil-Mechatroniker/in EFZ,auto_l03,HKB1,L03,Fahrzeuginspektion Exterieur und Interieur,medium,single_choice,Worauf muss man beim Thema Anhängersteckdose in der Werkstatt besonders achten?,"Belegung, Spannung und Funktion der Lichtsignale prüfen",nur die Abdeckung anschauen im normalen Werkstattbetrieb,Pins kurzschliessen bei sachgemässem Ablauf,Anhängerfunktionen ohne Prüfung freigeben,A,Anhängerbeleuchtung ist für Verkehrssicherheit und Vorschriften wichtig.,"Bildungsplan Automobil-Mechatroniker/in EFZ, AGVS/SBFI",https://bzwu.ch/wp-content/uploads/2021/04/Bildungsplan_Automobil_Mechatroniker.pdf
automechaniker,Automobil-Mechatroniker/in EFZ,auto_l03,HKB1,L03,Fahrzeuginspektion Exterieur und Interieur,hard,single_choice,Welche Aussage zum Thema Anhängersteckdose ist fachlich korrekt?,nur die Abdeckung anschauen im konkreten Auftrag,"Belegung, Spannung und Funktion der Lichtsignale prüfen",Pins kurzschliessen bei vergleichbaren Aufgaben,Anhängerfunktionen ohne Prüfung freigeben,B,Anhängerbeleuchtung ist für Verkehrssicherheit und Vorschriften wichtig.,"Bildungsplan Automobil-Mechatroniker/in EFZ, AGVS/SBFI",https://bzwu.ch/wp-content/uploads/2021/04/Bildungsplan_Automobil_Mechatroniker.pdf
automechaniker,Automobil-Mechatroniker/in EFZ,auto_l04,HKB1,L04,"Motorraum, Betriebsstoffe und elektrische Grundlagen",easy,single_choice,Welche Aussage beschreibt das Thema Motoröl im Beruf Automobil-Mechatroniker/in EFZ am besten?,nur Farbe prüfen bei sachgemässer Ausführung,irgendein Öl nachfüllen im üblichen Berufsalltag,"Spezifikation, Viskosität und Herstellernorm beachten",Ölstand bei jedem Motor gleich messen nach gängiger Praxis,C,Falsches Öl kann Motor und Abgasnachbehandlung schädigen.,"Bildungsplan Automobil-Mechatroniker/in EFZ, AGVS/SBFI",https://bzwu.ch/wp-content/uploads/2021/04/Bildungsplan_Automobil_Mechatroniker.pdf
automechaniker,Automobil-Mechatroniker/in EFZ,auto_l04,HKB1,L04,"Motorraum, Betriebsstoffe und elektrische Grundlagen",medium,single_choice,Worauf muss man beim Thema Motoröl in der Werkstatt besonders achten?,nur Farbe prüfen im laufenden Tagesgeschäft,irgendein Öl nachfüllen im Werkstattumfeld,Ölstand bei jedem Motor gleich messen im Produktionsalltag,"Spezifikation, Viskosität und Herstellernorm beachten",D,Falsches Öl kann Motor und Abgasnachbehandlung schädigen.,"Bildungsplan Automobil-Mechatroniker/in EFZ, AGVS/SBFI",https://bzwu.ch/wp-content/uploads/2021/04/Bildungsplan_Automobil_Mechatroniker.pdf
automechaniker,Automobil-Mechatroniker/in EFZ,auto_l04,HKB1,L04,"Motorraum, Betriebsstoffe und elektrische Grundlagen",hard,single_choice,Welche Aussage zum Thema Motoröl ist fachlich korrekt?,"Spezifikation, Viskosität und Herstellernorm beachten",nur Farbe prüfen nach gängiger Praxis im Rahmen der Routine,irgendein Öl nachfüllen unter typischen Arbeitsbedingungen,Ölstand bei jedem Motor gleich messen bei vergleichbaren Aufgaben,A,Falsches Öl kann Motor und Abgasnachbehandlung schädigen.,"Bildungsplan Automobil-Mechatroniker/in EFZ, AGVS/SBFI",https://bzwu.ch/wp-content/uploads/2021/04/Bildungsplan_Automobil_Mechatroniker.pdf
automechaniker,Automobil-Mechatroniker/in EFZ,auto_l04,HKB1,L04,"Motorraum, Betriebsstoffe und elektrische Grundlagen",easy,single_choice,Welche Aussage beschreibt das Thema Kühlmittel im Beruf Automobil-Mechatroniker/in EFZ am besten?,nur Wasser nachfüllen im Produktionsalltag,"Mischungsverhältnis, Frostschutz und Korrosionsschutz prüfen",Kühlmittel beliebig mischen bei sachgemässem Ablauf,heissen Kühler sofort öffnen im normalen Werkstattbetrieb,B,"Kühlmittel schützt vor Frost, Korrosion und Überhitzung.","Bildungsplan Automobil-Mechatroniker/in EFZ, AGVS/SBFI",https://bzwu.ch/wp-content/uploads/2021/04/Bildungsplan_Automobil_Mechatroniker.pdf
automechaniker,Automobil-Mechatroniker/in EFZ,auto_l04,HKB1,L04,"Motorraum, Betriebsstoffe und elektrische Grundlagen",medium,single_choice,Worauf muss man beim Thema Kühlmittel in der Werkstatt besonders achten?,nur Wasser nachfüllen im Rahmen der Routine,Kühlmittel beliebig mischen bei vergleichbaren Aufgaben,"Mischungsverhältnis, Frostschutz und Korrosionsschutz prüfen",heissen Kühler sofort öffnen im konkreten Auftrag,C,"Kühlmittel schützt vor Frost, Korrosion und Überhitzung.","Bildungsplan Automobil-Mechatroniker/in EFZ, AGVS/SBFI",https://bzwu.ch/wp-content/uploads/2021/04/Bildungsplan_Automobil_Mechatroniker.pdf
automechaniker,Automobil-Mechatroniker/in EFZ,auto_l04,HKB1,L04,"Motorraum, Betriebsstoffe und elektrische Grundlagen",hard,single_choice,Welche Aussage zum Thema Kühlmittel ist fachlich korrekt?,nur Wasser nachfüllen im normalen Werkstattbetrieb,Kühlmittel beliebig mischen bei sachgemässer Ausführung,heissen Kühler sofort öffnen im üblichen Berufsalltag,"Mischungsverhältnis, Frostschutz und Korrosionsschutz prüfen",D,"Kühlmittel schützt vor Frost, Korrosion und Überhitzung.","Bildungsplan Automobil-Mechatroniker/in EFZ, AGVS/SBFI",https://bzwu.ch/wp-content/uploads/2021/04/Bildungsplan_Automobil_Mechatroniker.pdf
automechaniker,Automobil-Mechatroniker/in EFZ,auto_l04,HKB1,L04,"Motorraum, Betriebsstoffe und elektrische Grundlagen",easy,single_choice,Welche Aussage beschreibt das Thema Rippenriemen im Beruf Automobil-Mechatroniker/in EFZ am besten?,"Zustand, Spannung, Laufbild und Spannvorrichtung kontrollieren",Risse ignorieren im konkreten Auftrag im Produktionsalltag,Riemen mit Öl schmieren im Werkstattumfeld bei sachgemässem Ablauf,Spannrolle nie prüfen im laufenden Tagesgeschäft,A,Riemenantriebe betreiben wichtige Nebenaggregate.,"Bildungsplan Automobil-Mechatroniker/in EFZ, AGVS/SBFI",https://bzwu.ch/wp-content/uploads/2021/04/Bildungsplan_Automobil_Mechatroniker.pdf
automechaniker,Automobil-Mechatroniker/in EFZ,auto_l04,HKB1,L04,"Motorraum, Betriebsstoffe und elektrische Grundlagen",medium,single_choice,Worauf muss man beim Thema Rippenriemen in der Werkstatt besonders achten?,Risse ignorieren im üblichen Berufsalltag im Rahmen der Routine,"Zustand, Spannung, Laufbild und Spannvorrichtung kontrollieren",Riemen mit Öl schmieren unter typischen Arbeitsbedingungen,Spannrolle nie prüfen nach gängiger Praxis bei vergleichbaren Aufgaben,B,Riemenantriebe betreiben wichtige Nebenaggregate.,"Bildungsplan Automobil-Mechatroniker/in EFZ, AGVS/SBFI",https://bzwu.ch/wp-content/uploads/2021/04/Bildungsplan_Automobil_Mechatroniker.pdf
automechaniker,Automobil-Mechatroniker/in EFZ,auto_l04,HKB1,L04,"Motorraum, Betriebsstoffe und elektrische Grundlagen",hard,single_choice,Welche Aussage zum Thema Rippenriemen ist fachlich korrekt?,Risse ignorieren im Werkstattumfeld im normalen Werkstattbetrieb,Riemen mit Öl schmieren bei sachgemässem Ablauf,"Zustand, Spannung, Laufbild und Spannvorrichtung kontrollieren",Spannrolle nie prüfen im Produktionsalltag bei sachgemässer Ausführung,C,Riemenantriebe betreiben wichtige Nebenaggregate.,"Bildungsplan Automobil-Mechatroniker/in EFZ, AGVS/SBFI",https://bzwu.ch/wp-content/uploads/2021/04/Bildungsplan_Automobil_Mechatroniker.pdf
automechaniker,Automobil-Mechatroniker/in EFZ,auto_l04,HKB1,L04,"Motorraum, Betriebsstoffe und elektrische Grundlagen",easy,single_choice,Welche Aussage beschreibt das Thema Zündkerze im Beruf Automobil-Mechatroniker/in EFZ am besten?,jede Kerze passt in jeden Motor bei vergleichbaren Aufgaben,Anzugsdrehmoment ignorieren unter typischen Arbeitsbedingungen,Kerzenstecker am Kabel ziehen im Rahmen der Routine,"Wärmewert, Elektrodenbild und Herstellervorgaben beachten",D,Zündkerzen beeinflussen Verbrennung und Motorschutz.,"Bildungsplan Automobil-Mechatroniker/in EFZ, AGVS/SBFI",https://bzwu.ch/wp-content/uploads/2021/04/Bildungsplan_Automobil_Mechatroniker.pdf
automechaniker,Automobil-Mechatroniker/in EFZ,auto_l04,HKB1,L04,"Motorraum, Betriebsstoffe und elektrische Grundlagen",medium,single_choice,Worauf muss man beim Thema Zündkerze in der Werkstatt besonders achten?,"Wärmewert, Elektrodenbild und Herstellervorgaben beachten",jede Kerze passt in jeden Motor bei sachgemässer Ausführung,Anzugsdrehmoment ignorieren bei sachgemässem Ablauf,Kerzenstecker am Kabel ziehen im normalen Werkstattbetrieb,A,Zündkerzen beeinflussen Verbrennung und Motorschutz.,"Bildungsplan Automobil-Mechatroniker/in EFZ, AGVS/SBFI",https://bzwu.ch/wp-content/uploads/2021/04/Bildungsplan_Automobil_Mechatroniker.pdf
automechaniker,Automobil-Mechatroniker/in EFZ,auto_l04,HKB1,L04,"Motorraum, Betriebsstoffe und elektrische Grundlagen",hard,single_choice,Welche Aussage zum Thema Zündkerze ist fachlich korrekt?,jede Kerze passt in jeden Motor im laufenden Tagesgeschäft,"Wärmewert, Elektrodenbild und Herstellervorgaben beachten",Anzugsdrehmoment ignorieren bei vergleichbaren Aufgaben,Kerzenstecker am Kabel ziehen im konkreten Auftrag,B,Zündkerzen beeinflussen Verbrennung und Motorschutz.,"Bildungsplan Automobil-Mechatroniker/in EFZ, AGVS/SBFI",https://bzwu.ch/wp-content/uploads/2021/04/Bildungsplan_Automobil_Mechatroniker.pdf
automechaniker,Automobil-Mechatroniker/in EFZ,auto_l04,HKB1,L04,"Motorraum, Betriebsstoffe und elektrische Grundlagen",easy,single_choice,Welche Aussage beschreibt das Thema Starterbatterie im Beruf Automobil-Mechatroniker/in EFZ am besten?,Pole vertauschen bei sachgemässer Ausführung unter typischen Arbeitsbedingungen,Batterie immer ohne Diagnose ersetzen im üblichen Berufsalltag,"Spannung, Kapazität, Kaltstartstrom und Batteriemanagement beachten",Entlüftung und Befestigung ignorieren nach gängiger Praxis,C,Batterien sind Teil moderner Energie- und Startsysteme.,"Bildungsplan Automobil-Mechatroniker/in EFZ, AGVS/SBFI",https://bzwu.ch/wp-content/uploads/2021/04/Bildungsplan_Automobil_Mechatroniker.pdf
automechaniker,Automobil-Mechatroniker/in EFZ,auto_l04,HKB1,L04,"Motorraum, Betriebsstoffe und elektrische Grundlagen",medium,single_choice,Worauf muss man beim Thema Starterbatterie in der Werkstatt besonders achten?,Pole vertauschen im laufenden Tagesgeschäft bei sachgemässem Ablauf,Batterie immer ohne Diagnose ersetzen im Werkstattumfeld,Entlüftung und Befestigung ignorieren im Produktionsalltag,"Spannung, Kapazität, Kaltstartstrom und Batteriemanagement beachten",D,Batterien sind Teil moderner Energie- und Startsysteme.,"Bildungsplan Automobil-Mechatroniker/in EFZ, AGVS/SBFI",https://bzwu.ch/wp-content/uploads/2021/04/Bildungsplan_Automobil_Mechatroniker.pdf
automechaniker,Automobil-Mechatroniker/in EFZ,auto_l04,HKB1,L04,"Motorraum, Betriebsstoffe und elektrische Grundlagen",hard,single_choice,Welche Aussage zum Thema Starterbatterie ist fachlich korrekt?,"Spannung, Kapazität, Kaltstartstrom und Batteriemanagement beachten",Pole vertauschen nach gängiger Praxis unter typischen Arbeitsbedingungen,Batterie immer ohne Diagnose ersetzen im Rahmen der Routine,Entlüftung und Befestigung ignorieren bei vergleichbaren Aufgaben,A,Batterien sind Teil moderner Energie- und Startsysteme.,"Bildungsplan Automobil-Mechatroniker/in EFZ, AGVS/SBFI",https://bzwu.ch/wp-content/uploads/2021/04/Bildungsplan_Automobil_Mechatroniker.pdf
automechaniker,Automobil-Mechatroniker/in EFZ,auto_l04,HKB1,L04,"Motorraum, Betriebsstoffe und elektrische Grundlagen",easy,single_choice,Welche Aussage beschreibt das Thema elektrische Spannung im Beruf Automobil-Mechatroniker/in EFZ am besten?,sie ist gleich Widerstand im Produktionsalltag,sie ist die Ursache für Stromfluss im Stromkreis,sie beschreibt Öltemperatur bei sachgemässem Ablauf,sie wird in Ampere gemessen im normalen Werkstattbetrieb,B,Spannung wird in Volt gemessen und treibt Strom durch Verbraucher.,"Bildungsplan Automobil-Mechatroniker/in EFZ, AGVS/SBFI",https://bzwu.ch/wp-content/uploads/2021/04/Bildungsplan_Automobil_Mechatroniker.pdf
automechaniker,Automobil-Mechatroniker/in EFZ,auto_l04,HKB1,L04,"Motorraum, Betriebsstoffe und elektrische Grundlagen",medium,single_choice,Worauf muss man beim Thema elektrische Spannung in der Werkstatt besonders achten?,sie ist gleich Widerstand im Rahmen der Routine,sie beschreibt Öltemperatur bei vergleichbaren Aufgaben,sie ist die Ursache für Stromfluss im Stromkreis,sie wird in Ampere gemessen im konkreten Auftrag,C,Spannung wird in Volt gemessen und treibt Strom durch Verbraucher.,"Bildungsplan Automobil-Mechatroniker/in EFZ, AGVS/SBFI",https://bzwu.ch/wp-content/uploads/2021/04/Bildungsplan_Automobil_Mechatroniker.pdf
automechaniker,Automobil-Mechatroniker/in EFZ,auto_l04,HKB1,L04,"Motorraum, Betriebsstoffe und elektrische Grundlagen",hard,single_choice,Welche Aussage zum Thema elektrische Spannung ist fachlich korrekt?,sie ist gleich Widerstand im normalen Werkstattbetrieb,sie beschreibt Öltemperatur bei sachgemässer Ausführung,sie wird in Ampere gemessen im üblichen Berufsalltag,sie ist die Ursache für Stromfluss im Stromkreis,D,Spannung wird in Volt gemessen und treibt Strom durch Verbraucher.,"Bildungsplan Automobil-Mechatroniker/in EFZ, AGVS/SBFI",https://bzwu.ch/wp-content/uploads/2021/04/Bildungsplan_Automobil_Mechatroniker.pdf
automechaniker,Automobil-Mechatroniker/in EFZ,auto_l04,HKB1,L04,"Motorraum, Betriebsstoffe und elektrische Grundlagen",easy,single_choice,Welche Aussage beschreibt das Thema elektrischer Strom im Beruf Automobil-Mechatroniker/in EFZ am besten?,er beschreibt die Bewegung elektrischer Ladung,er wird in Ohm gemessen im konkreten Auftrag,er fliesst ohne geschlossenen Kreis immer,er ist die Batterietemperatur im laufenden Tagesgeschäft,A,Strom wird in Ampere gemessen und benötigt einen Stromkreis.,"Bildungsplan Automobil-Mechatroniker/in EFZ, AGVS/SBFI",https://bzwu.ch/wp-content/uploads/2021/04/Bildungsplan_Automobil_Mechatroniker.pdf
automechaniker,Automobil-Mechatroniker/in EFZ,auto_l04,HKB1,L04,"Motorraum, Betriebsstoffe und elektrische Grundlagen",medium,single_choice,Worauf muss man beim Thema elektrischer Strom in der Werkstatt besonders achten?,er wird in Ohm gemessen im üblichen Berufsalltag,er beschreibt die Bewegung elektrischer Ladung,er fliesst ohne geschlossenen Kreis immer,er ist die Batterietemperatur nach gängiger Praxis,B,Strom wird in Ampere gemessen und benötigt einen Stromkreis.,"Bildungsplan Automobil-Mechatroniker/in EFZ, AGVS/SBFI",https://bzwu.ch/wp-content/uploads/2021/04/Bildungsplan_Automobil_Mechatroniker.pdf
automechaniker,Automobil-Mechatroniker/in EFZ,auto_l04,HKB1,L04,"Motorraum, Betriebsstoffe und elektrische Grundlagen",hard,single_choice,Welche Aussage zum Thema elektrischer Strom ist fachlich korrekt?,er wird in Ohm gemessen im Werkstattumfeld,er fliesst ohne geschlossenen Kreis immer,er beschreibt die Bewegung elektrischer Ladung,er ist die Batterietemperatur im Produktionsalltag,C,Strom wird in Ampere gemessen und benötigt einen Stromkreis.,"Bildungsplan Automobil-Mechatroniker/in EFZ, AGVS/SBFI",https://bzwu.ch/wp-content/uploads/2021/04/Bildungsplan_Automobil_Mechatroniker.pdf
automechaniker,Automobil-Mechatroniker/in EFZ,auto_l04,HKB1,L04,"Motorraum, Betriebsstoffe und elektrische Grundlagen",easy,single_choice,Welche Aussage beschreibt das Thema Widerstand im Beruf Automobil-Mechatroniker/in EFZ am besten?,er erhöht jeden Strom unbegrenzt im Rahmen der Routine,er wird in Volt gemessen unter typischen Arbeitsbedingungen,er ist ein mechanisches Drehmoment,er begrenzt den Stromfluss in einem Stromkreis,D,Ohmscher Widerstand wird in Ohm angegeben.,"Bildungsplan Automobil-Mechatroniker/in EFZ, AGVS/SBFI",https://bzwu.ch/wp-content/uploads/2021/04/Bildungsplan_Automobil_Mechatroniker.pdf
automechaniker,Automobil-Mechatroniker/in EFZ,auto_l04,HKB1,L04,"Motorraum, Betriebsstoffe und elektrische Grundlagen",medium,single_choice,Worauf muss man beim Thema Widerstand in der Werkstatt besonders achten?,er begrenzt den Stromfluss in einem Stromkreis,er erhöht jeden Strom unbegrenzt im normalen Werkstattbetrieb,er wird in Volt gemessen bei sachgemässem Ablauf,er ist ein mechanisches Drehmoment,A,Ohmscher Widerstand wird in Ohm angegeben.,"Bildungsplan Automobil-Mechatroniker/in EFZ, AGVS/SBFI",https://bzwu.ch/wp-content/uploads/2021/04/Bildungsplan_Automobil_Mechatroniker.pdf
automechaniker,Automobil-Mechatroniker/in EFZ,auto_l04,HKB1,L04,"Motorraum, Betriebsstoffe und elektrische Grundlagen",hard,single_choice,Welche Aussage zum Thema Widerstand ist fachlich korrekt?,er erhöht jeden Strom unbegrenzt im konkreten Auftrag,er begrenzt den Stromfluss in einem Stromkreis,er wird in Volt gemessen bei vergleichbaren Aufgaben,er ist ein mechanisches Drehmoment,B,Ohmscher Widerstand wird in Ohm angegeben.,"Bildungsplan Automobil-Mechatroniker/in EFZ, AGVS/SBFI",https://bzwu.ch/wp-content/uploads/2021/04/Bildungsplan_Automobil_Mechatroniker.pdf
automechaniker,Automobil-Mechatroniker/in EFZ,auto_l04,HKB1,L04,"Motorraum, Betriebsstoffe und elektrische Grundlagen",easy,single_choice,Welche Aussage beschreibt das Thema Ohmsches Gesetz im Beruf Automobil-Mechatroniker/in EFZ am besten?,es beschreibt Bremsflüssigkeit nach gängiger Praxis,es gilt nur für Reifen bei sachgemässer Ausführung,"U, R und I stehen in einem berechenbaren Zusammenhang",es ersetzt jedes Messgerät im üblichen Berufsalltag,C,Das ohmsche Gesetz ist Grundlage einfacher Elektromessungen.,"Bildungsplan Automobil-Mechatroniker/in EFZ, AGVS/SBFI",https://bzwu.ch/wp-content/uploads/2021/04/Bildungsplan_Automobil_Mechatroniker.pdf
automechaniker,Automobil-Mechatroniker/in EFZ,auto_l04,HKB1,L04,"Motorraum, Betriebsstoffe und elektrische Grundlagen",medium,single_choice,Worauf muss man beim Thema Ohmsches Gesetz in der Werkstatt besonders achten?,es beschreibt Bremsflüssigkeit im Produktionsalltag,es gilt nur für Reifen im laufenden Tagesgeschäft,es ersetzt jedes Messgerät im Werkstattumfeld,"U, R und I stehen in einem berechenbaren Zusammenhang",D,Das ohmsche Gesetz ist Grundlage einfacher Elektromessungen.,"Bildungsplan Automobil-Mechatroniker/in EFZ, AGVS/SBFI",https://bzwu.ch/wp-content/uploads/2021/04/Bildungsplan_Automobil_Mechatroniker.pdf
automechaniker,Automobil-Mechatroniker/in EFZ,auto_l04,HKB1,L04,"Motorraum, Betriebsstoffe und elektrische Grundlagen",hard,single_choice,Welche Aussage zum Thema Ohmsches Gesetz ist fachlich korrekt?,"U, R und I stehen in einem berechenbaren Zusammenhang",es beschreibt Bremsflüssigkeit im Rahmen der Routine,es gilt nur für Reifen nach gängiger Praxis,es ersetzt jedes Messgerät unter typischen Arbeitsbedingungen,A,Das ohmsche Gesetz ist Grundlage einfacher Elektromessungen.,"Bildungsplan Automobil-Mechatroniker/in EFZ, AGVS/SBFI",https://bzwu.ch/wp-content/uploads/2021/04/Bildungsplan_Automobil_Mechatroniker.pdf
automechaniker,Automobil-Mechatroniker/in EFZ,auto_l04,HKB1,L04,"Motorraum, Betriebsstoffe und elektrische Grundlagen",easy,single_choice,Welche Aussage beschreibt das Thema Klimaanlagenwartung im Beruf Automobil-Mechatroniker/in EFZ am besten?,Kältemittel in die Umgebung ablassen im normalen Werkstattbetrieb,"Dichtheit, Kältemittelmenge und Umweltvorschriften berücksichtigen",ohne Servicegerät befüllen bei sachgemässem Ablauf,Ölmenge ignorieren im Produktionsalltag bei sachgemässer Ausführung,B,Klimaservice verlangt fachgerechte Geräte und Schutzmassnahmen.,"Bildungsplan Automobil-Mechatroniker/in EFZ, AGVS/SBFI",https://bzwu.ch/wp-content/uploads/2021/04/Bildungsplan_Automobil_Mechatroniker.pdf
automechaniker,Automobil-Mechatroniker/in EFZ,auto_l04,HKB1,L04,"Motorraum, Betriebsstoffe und elektrische Grundlagen",medium,single_choice,Worauf muss man beim Thema Klimaanlagenwartung in der Werkstatt besonders achten?,Kältemittel in die Umgebung ablassen im konkreten Auftrag,ohne Servicegerät befüllen bei vergleichbaren Aufgaben,"Dichtheit, Kältemittelmenge und Umweltvorschriften berücksichtigen",Ölmenge ignorieren im Rahmen der Routine im laufenden Tagesgeschäft,C,Klimaservice verlangt fachgerechte Geräte und Schutzmassnahmen.,"Bildungsplan Automobil-Mechatroniker/in EFZ, AGVS/SBFI",https://bzwu.ch/wp-content/uploads/2021/04/Bildungsplan_Automobil_Mechatroniker.pdf
automechaniker,Automobil-Mechatroniker/in EFZ,auto_l04,HKB1,L04,"Motorraum, Betriebsstoffe und elektrische Grundlagen",hard,single_choice,Welche Aussage zum Thema Klimaanlagenwartung ist fachlich korrekt?,Kältemittel in die Umgebung ablassen im üblichen Berufsalltag,ohne Servicegerät befüllen bei sachgemässer Ausführung,Ölmenge ignorieren im normalen Werkstattbetrieb,"Dichtheit, Kältemittelmenge und Umweltvorschriften berücksichtigen",D,Klimaservice verlangt fachgerechte Geräte und Schutzmassnahmen.,"Bildungsplan Automobil-Mechatroniker/in EFZ, AGVS/SBFI",https://bzwu.ch/wp-content/uploads/2021/04/Bildungsplan_Automobil_Mechatroniker.pdf
automechaniker,Automobil-Mechatroniker/in EFZ,auto_l05,HKB1,L05,"Unterseite, Fahrwerk und Antriebsprüfung",easy,single_choice,Welche Aussage beschreibt das Thema Fahrzeugunterseite im Beruf Automobil-Mechatroniker/in EFZ am besten?,"Leckagen, Beschädigungen, Korrosion und Befestigungen systematisch prüfen",nur Sichtprüfung von oben durchführen im Werkstattumfeld,Unterbodenverkleidung nie beachten im laufenden Tagesgeschäft,lose Teile ignorieren im konkreten Auftrag im Produktionsalltag,A,Die Unterseitenprüfung erkennt sicherheits- und funktionsrelevante Mängel.,"Bildungsplan Automobil-Mechatroniker/in EFZ, AGVS/SBFI",https://bzwu.ch/wp-content/uploads/2021/04/Bildungsplan_Automobil_Mechatroniker.pdf
automechaniker,Automobil-Mechatroniker/in EFZ,auto_l05,HKB1,L05,"Unterseite, Fahrwerk und Antriebsprüfung",medium,single_choice,Worauf muss man beim Thema Fahrzeugunterseite in der Werkstatt besonders achten?,nur Sichtprüfung von oben durchführen unter typischen Arbeitsbedingungen,"Leckagen, Beschädigungen, Korrosion und Befestigungen systematisch prüfen",Unterbodenverkleidung nie beachten nach gängiger Praxis,lose Teile ignorieren im üblichen Berufsalltag im Rahmen der Routine,B,Die Unterseitenprüfung erkennt sicherheits- und funktionsrelevante Mängel.,"Bildungsplan Automobil-Mechatroniker/in EFZ, AGVS/SBFI",https://bzwu.ch/wp-content/uploads/2021/04/Bildungsplan_Automobil_Mechatroniker.pdf
automechaniker,Automobil-Mechatroniker/in EFZ,auto_l05,HKB1,L05,"Unterseite, Fahrwerk und Antriebsprüfung",hard,single_choice,Welche Aussage zum Thema Fahrzeugunterseite ist fachlich korrekt?,nur Sichtprüfung von oben durchführen bei sachgemässem Ablauf,Unterbodenverkleidung nie beachten im Produktionsalltag,"Leckagen, Beschädigungen, Korrosion und Befestigungen systematisch prüfen",lose Teile ignorieren im Werkstattumfeld im normalen Werkstattbetrieb,C,Die Unterseitenprüfung erkennt sicherheits- und funktionsrelevante Mängel.,"Bildungsplan Automobil-Mechatroniker/in EFZ, AGVS/SBFI",https://bzwu.ch/wp-content/uploads/2021/04/Bildungsplan_Automobil_Mechatroniker.pdf
automechaniker,Automobil-Mechatroniker/in EFZ,auto_l05,HKB1,L05,"Unterseite, Fahrwerk und Antriebsprüfung",easy,single_choice,Welche Aussage beschreibt das Thema Getriebeöl im Beruf Automobil-Mechatroniker/in EFZ am besten?,irgendein Motoröl verwenden unter typischen Arbeitsbedingungen,Ölstand bei falscher Temperatur messen im Rahmen der Routine,Dichtungen ohne Prüfung weiterverwenden bei vergleichbaren Aufgaben,"Ölstand, Spezifikation und Wechselvorgaben des Herstellers beachten",D,Getriebeöle unterscheiden sich nach Bauart und Belastung.,"Bildungsplan Automobil-Mechatroniker/in EFZ, AGVS/SBFI",https://bzwu.ch/wp-content/uploads/2021/04/Bildungsplan_Automobil_Mechatroniker.pdf
automechaniker,Automobil-Mechatroniker/in EFZ,auto_l05,HKB1,L05,"Unterseite, Fahrwerk und Antriebsprüfung",medium,single_choice,Worauf muss man beim Thema Getriebeöl in der Werkstatt besonders achten?,"Ölstand, Spezifikation und Wechselvorgaben des Herstellers beachten",irgendein Motoröl verwenden bei sachgemässem Ablauf,Ölstand bei falscher Temperatur messen im normalen Werkstattbetrieb,Dichtungen ohne Prüfung weiterverwenden bei sachgemässer Ausführung,A,Getriebeöle unterscheiden sich nach Bauart und Belastung.,"Bildungsplan Automobil-Mechatroniker/in EFZ, AGVS/SBFI",https://bzwu.ch/wp-content/uploads/2021/04/Bildungsplan_Automobil_Mechatroniker.pdf
automechaniker,Automobil-Mechatroniker/in EFZ,auto_l05,HKB1,L05,"Unterseite, Fahrwerk und Antriebsprüfung",hard,single_choice,Welche Aussage zum Thema Getriebeöl ist fachlich korrekt?,irgendein Motoröl verwenden bei vergleichbaren Aufgaben,"Ölstand, Spezifikation und Wechselvorgaben des Herstellers beachten",Ölstand bei falscher Temperatur messen im konkreten Auftrag,Dichtungen ohne Prüfung weiterverwenden im laufenden Tagesgeschäft,B,Getriebeöle unterscheiden sich nach Bauart und Belastung.,"Bildungsplan Automobil-Mechatroniker/in EFZ, AGVS/SBFI",https://bzwu.ch/wp-content/uploads/2021/04/Bildungsplan_Automobil_Mechatroniker.pdf
automechaniker,Automobil-Mechatroniker/in EFZ,auto_l05,HKB1,L05,"Unterseite, Fahrwerk und Antriebsprüfung",easy,single_choice,Welche Aussage beschreibt das Thema Automatikgetriebeöl im Beruf Automobil-Mechatroniker/in EFZ am besten?,bei kaltem Motor beliebig füllen nach gängiger Praxis,alle ATF sind identisch im üblichen Berufsalltag,"Temperatur, Füllverfahren und Freigabe sind besonders wichtig",Filter nie ersetzen bei sachgemässer Ausführung,C,Automatikgetriebe reagieren empfindlich auf falsche Ölmenge und Spezifikation.,"Bildungsplan Automobil-Mechatroniker/in EFZ, AGVS/SBFI",https://bzwu.ch/wp-content/uploads/2021/04/Bildungsplan_Automobil_Mechatroniker.pdf
automechaniker,Automobil-Mechatroniker/in EFZ,auto_l05,HKB1,L05,"Unterseite, Fahrwerk und Antriebsprüfung",medium,single_choice,Worauf muss man beim Thema Automatikgetriebeöl in der Werkstatt besonders achten?,bei kaltem Motor beliebig füllen im Produktionsalltag,alle ATF sind identisch im Werkstattumfeld bei sachgemässem Ablauf,Filter nie ersetzen im laufenden Tagesgeschäft,"Temperatur, Füllverfahren und Freigabe sind besonders wichtig",D,Automatikgetriebe reagieren empfindlich auf falsche Ölmenge und Spezifikation.,"Bildungsplan Automobil-Mechatroniker/in EFZ, AGVS/SBFI",https://bzwu.ch/wp-content/uploads/2021/04/Bildungsplan_Automobil_Mechatroniker.pdf
automechaniker,Automobil-Mechatroniker/in EFZ,auto_l05,HKB1,L05,"Unterseite, Fahrwerk und Antriebsprüfung",hard,single_choice,Welche Aussage zum Thema Automatikgetriebeöl ist fachlich korrekt?,"Temperatur, Füllverfahren und Freigabe sind besonders wichtig",bei kaltem Motor beliebig füllen im Rahmen der Routine,alle ATF sind identisch unter typischen Arbeitsbedingungen,Filter nie ersetzen nach gängiger Praxis bei vergleichbaren Aufgaben,A,Automatikgetriebe reagieren empfindlich auf falsche Ölmenge und Spezifikation.,"Bildungsplan Automobil-Mechatroniker/in EFZ, AGVS/SBFI",https://bzwu.ch/wp-content/uploads/2021/04/Bildungsplan_Automobil_Mechatroniker.pdf
automechaniker,Automobil-Mechatroniker/in EFZ,auto_l05,HKB1,L05,"Unterseite, Fahrwerk und Antriebsprüfung",easy,single_choice,Welche Aussage beschreibt das Thema Bremsleitungen im Beruf Automobil-Mechatroniker/in EFZ am besten?,Rost ignorieren im Produktionsalltag im normalen Werkstattbetrieb,"Korrosion, Dichtheit, Scheuerstellen und Befestigung kontrollieren",Leitungen mit Draht fixieren bei sachgemässem Ablauf,Bremsflüssigkeit ablassen ohne Entlüftung bei sachgemässer Ausführung,B,Bremsleitungen sind sicherheitsrelevante Bauteile.,"Bildungsplan Automobil-Mechatroniker/in EFZ, AGVS/SBFI",https://bzwu.ch/wp-content/uploads/2021/04/Bildungsplan_Automobil_Mechatroniker.pdf
automechaniker,Automobil-Mechatroniker/in EFZ,auto_l05,HKB1,L05,"Unterseite, Fahrwerk und Antriebsprüfung",medium,single_choice,Worauf muss man beim Thema Bremsleitungen in der Werkstatt besonders achten?,Rost ignorieren im Rahmen der Routine im konkreten Auftrag,Leitungen mit Draht fixieren bei vergleichbaren Aufgaben,"Korrosion, Dichtheit, Scheuerstellen und Befestigung kontrollieren",Bremsflüssigkeit ablassen ohne Entlüftung im laufenden Tagesgeschäft,C,Bremsleitungen sind sicherheitsrelevante Bauteile.,"Bildungsplan Automobil-Mechatroniker/in EFZ, AGVS/SBFI",https://bzwu.ch/wp-content/uploads/2021/04/Bildungsplan_Automobil_Mechatroniker.pdf
automechaniker,Automobil-Mechatroniker/in EFZ,auto_l05,HKB1,L05,"Unterseite, Fahrwerk und Antriebsprüfung",hard,single_choice,Welche Aussage zum Thema Bremsleitungen ist fachlich korrekt?,Rost ignorieren im normalen Werkstattbetrieb nach gängiger Praxis,Leitungen mit Draht fixieren bei sachgemässer Ausführung,Bremsflüssigkeit ablassen ohne Entlüftung im üblichen Berufsalltag,"Korrosion, Dichtheit, Scheuerstellen und Befestigung kontrollieren",D,Bremsleitungen sind sicherheitsrelevante Bauteile.,"Bildungsplan Automobil-Mechatroniker/in EFZ, AGVS/SBFI",https://bzwu.ch/wp-content/uploads/2021/04/Bildungsplan_Automobil_Mechatroniker.pdf
automechaniker,Automobil-Mechatroniker/in EFZ,auto_l05,HKB1,L05,"Unterseite, Fahrwerk und Antriebsprüfung",easy,single_choice,Welche Aussage beschreibt das Thema Radlager im Beruf Automobil-Mechatroniker/in EFZ am besten?,"Geräusch, Spiel, Leichtgängigkeit und Befestigung beurteilen",Spiel immer ignorieren im konkreten Auftrag,Radlager mit Motoröl schmieren im Werkstattumfeld,Geräusche nur im Stand prüfen im laufenden Tagesgeschäft,A,Radlager beeinflussen Fahrstabilität und Sicherheit.,"Bildungsplan Automobil-Mechatroniker/in EFZ, AGVS/SBFI",https://bzwu.ch/wp-content/uploads/2021/04/Bildungsplan_Automobil_Mechatroniker.pdf
automechaniker,Automobil-Mechatroniker/in EFZ,auto_l05,HKB1,L05,"Unterseite, Fahrwerk und Antriebsprüfung",medium,single_choice,Worauf muss man beim Thema Radlager in der Werkstatt besonders achten?,Spiel immer ignorieren im üblichen Berufsalltag,"Geräusch, Spiel, Leichtgängigkeit und Befestigung beurteilen",Radlager mit Motoröl schmieren unter typischen Arbeitsbedingungen,Geräusche nur im Stand prüfen nach gängiger Praxis,B,Radlager beeinflussen Fahrstabilität und Sicherheit.,"Bildungsplan Automobil-Mechatroniker/in EFZ, AGVS/SBFI",https://bzwu.ch/wp-content/uploads/2021/04/Bildungsplan_Automobil_Mechatroniker.pdf
automechaniker,Automobil-Mechatroniker/in EFZ,auto_l05,HKB1,L05,"Unterseite, Fahrwerk und Antriebsprüfung",hard,single_choice,Welche Aussage zum Thema Radlager ist fachlich korrekt?,Spiel immer ignorieren im Werkstattumfeld im normalen Werkstattbetrieb,Radlager mit Motoröl schmieren bei sachgemässem Ablauf,"Geräusch, Spiel, Leichtgängigkeit und Befestigung beurteilen",Geräusche nur im Stand prüfen im Produktionsalltag,C,Radlager beeinflussen Fahrstabilität und Sicherheit.,"Bildungsplan Automobil-Mechatroniker/in EFZ, AGVS/SBFI",https://bzwu.ch/wp-content/uploads/2021/04/Bildungsplan_Automobil_Mechatroniker.pdf
automechaniker,Automobil-Mechatroniker/in EFZ,auto_l05,HKB1,L05,"Unterseite, Fahrwerk und Antriebsprüfung",easy,single_choice,Welche Aussage beschreibt das Thema Antriebswelle im Beruf Automobil-Mechatroniker/in EFZ am besten?,gerissene Manschette ignorieren im Rahmen der Routine,Fettverlust abwischen und freigeben,Gelenke trocken montieren unter typischen Arbeitsbedingungen,"Manschetten, Gelenkspiel und Befestigung prüfen",D,Defekte Manschetten führen zu Schmutzeintritt und Gelenkschäden.,"Bildungsplan Automobil-Mechatroniker/in EFZ, AGVS/SBFI",https://bzwu.ch/wp-content/uploads/2021/04/Bildungsplan_Automobil_Mechatroniker.pdf
automechaniker,Automobil-Mechatroniker/in EFZ,auto_l05,HKB1,L05,"Unterseite, Fahrwerk und Antriebsprüfung",medium,single_choice,Worauf muss man beim Thema Antriebswelle in der Werkstatt besonders achten?,"Manschetten, Gelenkspiel und Befestigung prüfen",gerissene Manschette ignorieren im normalen Werkstattbetrieb,Fettverlust abwischen und freigeben,Gelenke trocken montieren bei sachgemässem Ablauf,A,Defekte Manschetten führen zu Schmutzeintritt und Gelenkschäden.,"Bildungsplan Automobil-Mechatroniker/in EFZ, AGVS/SBFI",https://bzwu.ch/wp-content/uploads/2021/04/Bildungsplan_Automobil_Mechatroniker.pdf
automechaniker,Automobil-Mechatroniker/in EFZ,auto_l05,HKB1,L05,"Unterseite, Fahrwerk und Antriebsprüfung",hard,single_choice,Welche Aussage zum Thema Antriebswelle ist fachlich korrekt?,gerissene Manschette ignorieren im konkreten Auftrag,"Manschetten, Gelenkspiel und Befestigung prüfen",Fettverlust abwischen und freigeben,Gelenke trocken montieren bei vergleichbaren Aufgaben,B,Defekte Manschetten führen zu Schmutzeintritt und Gelenkschäden.,"Bildungsplan Automobil-Mechatroniker/in EFZ, AGVS/SBFI",https://bzwu.ch/wp-content/uploads/2021/04/Bildungsplan_Automobil_Mechatroniker.pdf
automechaniker,Automobil-Mechatroniker/in EFZ,auto_l05,HKB1,L05,"Unterseite, Fahrwerk und Antriebsprüfung",easy,single_choice,Welche Aussage beschreibt das Thema Kardanwelle im Beruf Automobil-Mechatroniker/in EFZ am besten?,sie ist immer starr ohne Lager,sie kommt nur bei Fahrrädern vor,"Gelenke, Lagerung und Unwucht beachten",Unwucht ist ungefährlich bei sachgemässer Ausführung,C,Kardanwellen übertragen Drehmoment über grössere Abstände.,"Bildungsplan Automobil-Mechatroniker/in EFZ, AGVS/SBFI",https://bzwu.ch/wp-content/uploads/2021/04/Bildungsplan_Automobil_Mechatroniker.pdf
automechaniker,Automobil-Mechatroniker/in EFZ,auto_l05,HKB1,L05,"Unterseite, Fahrwerk und Antriebsprüfung",medium,single_choice,Worauf muss man beim Thema Kardanwelle in der Werkstatt besonders achten?,sie ist immer starr ohne Lager,sie kommt nur bei Fahrrädern vor,Unwucht ist ungefährlich im laufenden Tagesgeschäft,"Gelenke, Lagerung und Unwucht beachten",D,Kardanwellen übertragen Drehmoment über grössere Abstände.,"Bildungsplan Automobil-Mechatroniker/in EFZ, AGVS/SBFI",https://bzwu.ch/wp-content/uploads/2021/04/Bildungsplan_Automobil_Mechatroniker.pdf
automechaniker,Automobil-Mechatroniker/in EFZ,auto_l05,HKB1,L05,"Unterseite, Fahrwerk und Antriebsprüfung",hard,single_choice,Welche Aussage zum Thema Kardanwelle ist fachlich korrekt?,"Gelenke, Lagerung und Unwucht beachten",sie ist immer starr ohne Lager,sie kommt nur bei Fahrrädern vor,Unwucht ist ungefährlich nach gängiger Praxis,A,Kardanwellen übertragen Drehmoment über grössere Abstände.,"Bildungsplan Automobil-Mechatroniker/in EFZ, AGVS/SBFI",https://bzwu.ch/wp-content/uploads/2021/04/Bildungsplan_Automobil_Mechatroniker.pdf
automechaniker,Automobil-Mechatroniker/in EFZ,auto_l05,HKB1,L05,"Unterseite, Fahrwerk und Antriebsprüfung",easy,single_choice,Welche Aussage beschreibt das Thema Radaufhängung im Beruf Automobil-Mechatroniker/in EFZ am besten?,Gummilager nie kontrollieren im normalen Werkstattbetrieb,"Lenker, Lager, Gelenke und Dämpfer auf Spiel und Schäden prüfen",Spiel als normal ansehen bei sachgemässem Ablauf,nur Reifenprofil prüfen im Produktionsalltag bei sachgemässer Ausführung,B,Fahrwerksbauteile bestimmen Spurtreue und Sicherheit.,"Bildungsplan Automobil-Mechatroniker/in EFZ, AGVS/SBFI",https://bzwu.ch/wp-content/uploads/2021/04/Bildungsplan_Automobil_Mechatroniker.pdf
automechaniker,Automobil-Mechatroniker/in EFZ,auto_l05,HKB1,L05,"Unterseite, Fahrwerk und Antriebsprüfung",medium,single_choice,Worauf muss man beim Thema Radaufhängung in der Werkstatt besonders achten?,Gummilager nie kontrollieren im konkreten Auftrag,Spiel als normal ansehen bei vergleichbaren Aufgaben,"Lenker, Lager, Gelenke und Dämpfer auf Spiel und Schäden prüfen",nur Reifenprofil prüfen im Rahmen der Routine im laufenden Tagesgeschäft,C,Fahrwerksbauteile bestimmen Spurtreue und Sicherheit.,"Bildungsplan Automobil-Mechatroniker/in EFZ, AGVS/SBFI",https://bzwu.ch/wp-content/uploads/2021/04/Bildungsplan_Automobil_Mechatroniker.pdf
automechaniker,Automobil-Mechatroniker/in EFZ,auto_l05,HKB1,L05,"Unterseite, Fahrwerk und Antriebsprüfung",hard,single_choice,Welche Aussage zum Thema Radaufhängung ist fachlich korrekt?,Gummilager nie kontrollieren im üblichen Berufsalltag,Spiel als normal ansehen bei sachgemässer Ausführung,nur Reifenprofil prüfen im normalen Werkstattbetrieb,"Lenker, Lager, Gelenke und Dämpfer auf Spiel und Schäden prüfen",D,Fahrwerksbauteile bestimmen Spurtreue und Sicherheit.,"Bildungsplan Automobil-Mechatroniker/in EFZ, AGVS/SBFI",https://bzwu.ch/wp-content/uploads/2021/04/Bildungsplan_Automobil_Mechatroniker.pdf
automechaniker,Automobil-Mechatroniker/in EFZ,auto_l05,HKB1,L05,"Unterseite, Fahrwerk und Antriebsprüfung",easy,single_choice,Welche Aussage beschreibt das Thema Federung im Beruf Automobil-Mechatroniker/in EFZ am besten?,sie trägt das Fahrzeug und gleicht Fahrbahnunebenheiten aus,sie ersetzt die Bremse im konkreten Auftrag im Produktionsalltag,sie dient nur der Optik im laufenden Tagesgeschäft,sie macht Dämpfer unnötig im Werkstattumfeld,A,Federung und Dämpfung wirken zusammen.,"Bildungsplan Automobil-Mechatroniker/in EFZ, AGVS/SBFI",https://bzwu.ch/wp-content/uploads/2021/04/Bildungsplan_Automobil_Mechatroniker.pdf
automechaniker,Automobil-Mechatroniker/in EFZ,auto_l05,HKB1,L05,"Unterseite, Fahrwerk und Antriebsprüfung",medium,single_choice,Worauf muss man beim Thema Federung in der Werkstatt besonders achten?,sie ersetzt die Bremse im üblichen Berufsalltag,sie trägt das Fahrzeug und gleicht Fahrbahnunebenheiten aus,sie dient nur der Optik nach gängiger Praxis,sie macht Dämpfer unnötig unter typischen Arbeitsbedingungen,B,Federung und Dämpfung wirken zusammen.,"Bildungsplan Automobil-Mechatroniker/in EFZ, AGVS/SBFI",https://bzwu.ch/wp-content/uploads/2021/04/Bildungsplan_Automobil_Mechatroniker.pdf
automechaniker,Automobil-Mechatroniker/in EFZ,auto_l05,HKB1,L05,"Unterseite, Fahrwerk und Antriebsprüfung",hard,single_choice,Welche Aussage zum Thema Federung ist fachlich korrekt?,sie ersetzt die Bremse im Werkstattumfeld im normalen Werkstattbetrieb,sie dient nur der Optik im Produktionsalltag,sie trägt das Fahrzeug und gleicht Fahrbahnunebenheiten aus,sie macht Dämpfer unnötig bei sachgemässem Ablauf,C,Federung und Dämpfung wirken zusammen.,"Bildungsplan Automobil-Mechatroniker/in EFZ, AGVS/SBFI",https://bzwu.ch/wp-content/uploads/2021/04/Bildungsplan_Automobil_Mechatroniker.pdf
automechaniker,Automobil-Mechatroniker/in EFZ,auto_l05,HKB1,L05,"Unterseite, Fahrwerk und Antriebsprüfung",easy,single_choice,Welche Aussage beschreibt das Thema Dämpfer im Beruf Automobil-Mechatroniker/in EFZ am besten?,sie tragen allein das Fahrzeuggewicht,sie erhöhen absichtlich Nachschwingen,sie haben keinen Einfluss auf Bremsweg,sie reduzieren Schwingungen von Aufbau und Rad,D,Defekte Dämpfer verschlechtern Fahrverhalten und Bremswirkung.,"Bildungsplan Automobil-Mechatroniker/in EFZ, AGVS/SBFI",https://bzwu.ch/wp-content/uploads/2021/04/Bildungsplan_Automobil_Mechatroniker.pdf
automechaniker,Automobil-Mechatroniker/in EFZ,auto_l05,HKB1,L05,"Unterseite, Fahrwerk und Antriebsprüfung",medium,single_choice,Worauf muss man beim Thema Dämpfer in der Werkstatt besonders achten?,sie reduzieren Schwingungen von Aufbau und Rad,sie tragen allein das Fahrzeuggewicht,sie erhöhen absichtlich Nachschwingen,sie haben keinen Einfluss auf Bremsweg,A,Defekte Dämpfer verschlechtern Fahrverhalten und Bremswirkung.,"Bildungsplan Automobil-Mechatroniker/in EFZ, AGVS/SBFI",https://bzwu.ch/wp-content/uploads/2021/04/Bildungsplan_Automobil_Mechatroniker.pdf
automechaniker,Automobil-Mechatroniker/in EFZ,auto_l05,HKB1,L05,"Unterseite, Fahrwerk und Antriebsprüfung",hard,single_choice,Welche Aussage zum Thema Dämpfer ist fachlich korrekt?,sie tragen allein das Fahrzeuggewicht,sie reduzieren Schwingungen von Aufbau und Rad,sie erhöhen absichtlich Nachschwingen,sie haben keinen Einfluss auf Bremsweg,B,Defekte Dämpfer verschlechtern Fahrverhalten und Bremswirkung.,"Bildungsplan Automobil-Mechatroniker/in EFZ, AGVS/SBFI",https://bzwu.ch/wp-content/uploads/2021/04/Bildungsplan_Automobil_Mechatroniker.pdf
automechaniker,Automobil-Mechatroniker/in EFZ,auto_l06,HKB2,L06,"Räder, Reifen und Rad-Reifen-Systeme",easy,single_choice,Welche Aussage beschreibt das Thema Reifenkennzeichnung im Beruf Automobil-Mechatroniker/in EFZ am besten?,nur Markenname beachten im üblichen Berufsalltag unter typischen Arbeitsbedingungen,Profilfarbe auswerten bei sachgemässer Ausführung,"Dimension, Tragfähigkeitsindex, Geschwindigkeitsindex und Bauart lesen",DOT-Nummer als Luftdruck nutzen nach gängiger Praxis,C,Reifenangaben bestimmen Zulässigkeit und Eignung.,"Bildungsplan Automobil-Mechatroniker/in EFZ, AGVS/SBFI",https://bzwu.ch/wp-content/uploads/2021/04/Bildungsplan_Automobil_Mechatroniker.pdf
automechaniker,Automobil-Mechatroniker/in EFZ,auto_l06,HKB2,L06,"Räder, Reifen und Rad-Reifen-Systeme",medium,single_choice,Worauf muss man beim Thema Reifenkennzeichnung in der Werkstatt besonders achten?,nur Markenname beachten im Werkstattumfeld bei sachgemässem Ablauf,Profilfarbe auswerten im laufenden Tagesgeschäft im normalen Werkstattbetrieb,DOT-Nummer als Luftdruck nutzen im Produktionsalltag,"Dimension, Tragfähigkeitsindex, Geschwindigkeitsindex und Bauart lesen",D,Reifenangaben bestimmen Zulässigkeit und Eignung.,"Bildungsplan Automobil-Mechatroniker/in EFZ, AGVS/SBFI",https://bzwu.ch/wp-content/uploads/2021/04/Bildungsplan_Automobil_Mechatroniker.pdf
automechaniker,Automobil-Mechatroniker/in EFZ,auto_l06,HKB2,L06,"Räder, Reifen und Rad-Reifen-Systeme",hard,single_choice,Welche Aussage zum Thema Reifenkennzeichnung ist fachlich korrekt?,"Dimension, Tragfähigkeitsindex, Geschwindigkeitsindex und Bauart lesen",nur Markenname beachten unter typischen Arbeitsbedingungen,Profilfarbe auswerten nach gängiger Praxis bei vergleichbaren Aufgaben,DOT-Nummer als Luftdruck nutzen im Rahmen der Routine,A,Reifenangaben bestimmen Zulässigkeit und Eignung.,"Bildungsplan Automobil-Mechatroniker/in EFZ, AGVS/SBFI",https://bzwu.ch/wp-content/uploads/2021/04/Bildungsplan_Automobil_Mechatroniker.pdf
automechaniker,Automobil-Mechatroniker/in EFZ,auto_l06,HKB2,L06,"Räder, Reifen und Rad-Reifen-Systeme",easy,single_choice,Welche Aussage beschreibt das Thema Reifendruck im Beruf Automobil-Mechatroniker/in EFZ am besten?,immer maximaler Druck bei sachgemässem Ablauf,er wird nach Herstellervorgabe und Beladung eingestellt,nur nach Augenmass im Produktionsalltag,bei heissem Reifen beliebig ablassen im normalen Werkstattbetrieb,B,"Druck beeinflusst Fahrverhalten, Verschleiss und Energieverbrauch.","Bildungsplan Automobil-Mechatroniker/in EFZ, AGVS/SBFI",https://bzwu.ch/wp-content/uploads/2021/04/Bildungsplan_Automobil_Mechatroniker.pdf
automechaniker,Automobil-Mechatroniker/in EFZ,auto_l06,HKB2,L06,"Räder, Reifen und Rad-Reifen-Systeme",medium,single_choice,Worauf muss man beim Thema Reifendruck in der Werkstatt besonders achten?,immer maximaler Druck bei vergleichbaren Aufgaben,nur nach Augenmass im Rahmen der Routine,er wird nach Herstellervorgabe und Beladung eingestellt,bei heissem Reifen beliebig ablassen im konkreten Auftrag,C,"Druck beeinflusst Fahrverhalten, Verschleiss und Energieverbrauch.","Bildungsplan Automobil-Mechatroniker/in EFZ, AGVS/SBFI",https://bzwu.ch/wp-content/uploads/2021/04/Bildungsplan_Automobil_Mechatroniker.pdf
automechaniker,Automobil-Mechatroniker/in EFZ,auto_l06,HKB2,L06,"Räder, Reifen und Rad-Reifen-Systeme",hard,single_choice,Welche Aussage zum Thema Reifendruck ist fachlich korrekt?,immer maximaler Druck bei sachgemässer Ausführung,nur nach Augenmass im normalen Werkstattbetrieb,bei heissem Reifen beliebig ablassen im üblichen Berufsalltag,er wird nach Herstellervorgabe und Beladung eingestellt,D,"Druck beeinflusst Fahrverhalten, Verschleiss und Energieverbrauch.","Bildungsplan Automobil-Mechatroniker/in EFZ, AGVS/SBFI",https://bzwu.ch/wp-content/uploads/2021/04/Bildungsplan_Automobil_Mechatroniker.pdf
automechaniker,Automobil-Mechatroniker/in EFZ,auto_l06,HKB2,L06,"Räder, Reifen und Rad-Reifen-Systeme",easy,single_choice,Welche Aussage beschreibt das Thema Temperatur und Druck im Beruf Automobil-Mechatroniker/in EFZ am besten?,Reifendruck steigt bei Erwärmung,Druck bleibt immer gleich,Temperatur senkt jeden Druck auf null,nur Felgen erwärmen sich,A,Gase ändern ihren Druck mit der Temperatur.,"Bildungsplan Automobil-Mechatroniker/in EFZ, AGVS/SBFI",https://bzwu.ch/wp-content/uploads/2021/04/Bildungsplan_Automobil_Mechatroniker.pdf
automechaniker,Automobil-Mechatroniker/in EFZ,auto_l06,HKB2,L06,"Räder, Reifen und Rad-Reifen-Systeme",medium,single_choice,Worauf muss man beim Thema Temperatur und Druck in der Werkstatt besonders achten?,Druck bleibt immer gleich,Reifendruck steigt bei Erwärmung,Temperatur senkt jeden Druck auf null,nur Felgen erwärmen sich,B,Gase ändern ihren Druck mit der Temperatur.,"Bildungsplan Automobil-Mechatroniker/in EFZ, AGVS/SBFI",https://bzwu.ch/wp-content/uploads/2021/04/Bildungsplan_Automobil_Mechatroniker.pdf
automechaniker,Automobil-Mechatroniker/in EFZ,auto_l06,HKB2,L06,"Räder, Reifen und Rad-Reifen-Systeme",hard,single_choice,Welche Aussage zum Thema Temperatur und Druck ist fachlich korrekt?,Druck bleibt immer gleich,Temperatur senkt jeden Druck auf null,Reifendruck steigt bei Erwärmung,nur Felgen erwärmen sich,C,Gase ändern ihren Druck mit der Temperatur.,"Bildungsplan Automobil-Mechatroniker/in EFZ, AGVS/SBFI",https://bzwu.ch/wp-content/uploads/2021/04/Bildungsplan_Automobil_Mechatroniker.pdf
automechaniker,Automobil-Mechatroniker/in EFZ,auto_l06,HKB2,L06,"Räder, Reifen und Rad-Reifen-Systeme",easy,single_choice,Welche Aussage beschreibt das Thema Aquaplaning im Beruf Automobil-Mechatroniker/in EFZ am besten?,es entsteht nur im Stand unter typischen Arbeitsbedingungen,neue Reifen erhöhen es immer im Rahmen der Routine im konkreten Auftrag,Reifendruck ist bedeutungslos bei vergleichbaren Aufgaben im laufenden Tagesgeschäft,"Wasserfilm, Geschwindigkeit, Profiltiefe und Reifenbreite beeinflussen das Risiko",D,Aquaplaning reduziert den Kontakt zur Fahrbahn stark.,"Bildungsplan Automobil-Mechatroniker/in EFZ, AGVS/SBFI",https://bzwu.ch/wp-content/uploads/2021/04/Bildungsplan_Automobil_Mechatroniker.pdf
automechaniker,Automobil-Mechatroniker/in EFZ,auto_l06,HKB2,L06,"Räder, Reifen und Rad-Reifen-Systeme",medium,single_choice,Worauf muss man beim Thema Aquaplaning in der Werkstatt besonders achten?,"Wasserfilm, Geschwindigkeit, Profiltiefe und Reifenbreite beeinflussen das Risiko",es entsteht nur im Stand bei sachgemässem Ablauf im üblichen Berufsalltag,neue Reifen erhöhen es immer im normalen Werkstattbetrieb nach gängiger Praxis,Reifendruck ist bedeutungslos bei sachgemässer Ausführung,A,Aquaplaning reduziert den Kontakt zur Fahrbahn stark.,"Bildungsplan Automobil-Mechatroniker/in EFZ, AGVS/SBFI",https://bzwu.ch/wp-content/uploads/2021/04/Bildungsplan_Automobil_Mechatroniker.pdf
automechaniker,Automobil-Mechatroniker/in EFZ,auto_l06,HKB2,L06,"Räder, Reifen und Rad-Reifen-Systeme",hard,single_choice,Welche Aussage zum Thema Aquaplaning ist fachlich korrekt?,es entsteht nur im Stand bei vergleichbaren Aufgaben im Produktionsalltag,"Wasserfilm, Geschwindigkeit, Profiltiefe und Reifenbreite beeinflussen das Risiko",neue Reifen erhöhen es immer im konkreten Auftrag im Werkstattumfeld,Reifendruck ist bedeutungslos im laufenden Tagesgeschäft bei sachgemässem Ablauf,B,Aquaplaning reduziert den Kontakt zur Fahrbahn stark.,"Bildungsplan Automobil-Mechatroniker/in EFZ, AGVS/SBFI",https://bzwu.ch/wp-content/uploads/2021/04/Bildungsplan_Automobil_Mechatroniker.pdf
automechaniker,Automobil-Mechatroniker/in EFZ,auto_l06,HKB2,L06,"Räder, Reifen und Rad-Reifen-Systeme",easy,single_choice,Welche Aussage beschreibt das Thema Reifenverschleissbild im Beruf Automobil-Mechatroniker/in EFZ am besten?,es zeigt nur die Lackqualität im üblichen Berufsalltag,es ist immer zufällig bei sachgemässer Ausführung,"es gibt Hinweise auf Luftdruck, Spur, Dämpfer oder Fahrweise",es ersetzt die Achsvermessung vollständig nach gängiger Praxis,C,Verschleissbilder helfen bei Ursachenanalyse.,"Bildungsplan Automobil-Mechatroniker/in EFZ, AGVS/SBFI",https://bzwu.ch/wp-content/uploads/2021/04/Bildungsplan_Automobil_Mechatroniker.pdf
automechaniker,Automobil-Mechatroniker/in EFZ,auto_l06,HKB2,L06,"Räder, Reifen und Rad-Reifen-Systeme",medium,single_choice,Worauf muss man beim Thema Reifenverschleissbild in der Werkstatt besonders achten?,es zeigt nur die Lackqualität im Werkstattumfeld,es ist immer zufällig im laufenden Tagesgeschäft,es ersetzt die Achsvermessung vollständig im Produktionsalltag,"es gibt Hinweise auf Luftdruck, Spur, Dämpfer oder Fahrweise",D,Verschleissbilder helfen bei Ursachenanalyse.,"Bildungsplan Automobil-Mechatroniker/in EFZ, AGVS/SBFI",https://bzwu.ch/wp-content/uploads/2021/04/Bildungsplan_Automobil_Mechatroniker.pdf
automechaniker,Automobil-Mechatroniker/in EFZ,auto_l06,HKB2,L06,"Räder, Reifen und Rad-Reifen-Systeme",hard,single_choice,Welche Aussage zum Thema Reifenverschleissbild ist fachlich korrekt?,"es gibt Hinweise auf Luftdruck, Spur, Dämpfer oder Fahrweise",es zeigt nur die Lackqualität unter typischen Arbeitsbedingungen,es ist immer zufällig nach gängiger Praxis,es ersetzt die Achsvermessung vollständig im Rahmen der Routine,A,Verschleissbilder helfen bei Ursachenanalyse.,"Bildungsplan Automobil-Mechatroniker/in EFZ, AGVS/SBFI",https://bzwu.ch/wp-content/uploads/2021/04/Bildungsplan_Automobil_Mechatroniker.pdf
automechaniker,Automobil-Mechatroniker/in EFZ,auto_l06,HKB2,L06,"Räder, Reifen und Rad-Reifen-Systeme",easy,single_choice,Welche Aussage beschreibt das Thema Radschrauben im Beruf Automobil-Mechatroniker/in EFZ am besten?,mit Schlagschrauber maximal anziehen im normalen Werkstattbetrieb,Anzugsdrehmoment und Reihenfolge gemäss Hersteller einhalten,"nie nachziehen, wenn vorgeschrieben bei sachgemässem Ablauf",Gewinde ölen ohne Vorgabe im Produktionsalltag,B,Falsches Drehmoment gefährdet Radbefestigung und Gewinde.,"Bildungsplan Automobil-Mechatroniker/in EFZ, AGVS/SBFI",https://bzwu.ch/wp-content/uploads/2021/04/Bildungsplan_Automobil_Mechatroniker.pdf
automechaniker,Automobil-Mechatroniker/in EFZ,auto_l06,HKB2,L06,"Räder, Reifen und Rad-Reifen-Systeme",medium,single_choice,Worauf muss man beim Thema Radschrauben in der Werkstatt besonders achten?,mit Schlagschrauber maximal anziehen im konkreten Auftrag,"nie nachziehen, wenn vorgeschrieben bei vergleichbaren Aufgaben",Anzugsdrehmoment und Reihenfolge gemäss Hersteller einhalten,Gewinde ölen ohne Vorgabe im Rahmen der Routine,C,Falsches Drehmoment gefährdet Radbefestigung und Gewinde.,"Bildungsplan Automobil-Mechatroniker/in EFZ, AGVS/SBFI",https://bzwu.ch/wp-content/uploads/2021/04/Bildungsplan_Automobil_Mechatroniker.pdf
automechaniker,Automobil-Mechatroniker/in EFZ,auto_l06,HKB2,L06,"Räder, Reifen und Rad-Reifen-Systeme",hard,single_choice,Welche Aussage zum Thema Radschrauben ist fachlich korrekt?,mit Schlagschrauber maximal anziehen im üblichen Berufsalltag,"nie nachziehen, wenn vorgeschrieben bei sachgemässer Ausführung",Gewinde ölen ohne Vorgabe im normalen Werkstattbetrieb,Anzugsdrehmoment und Reihenfolge gemäss Hersteller einhalten,D,Falsches Drehmoment gefährdet Radbefestigung und Gewinde.,"Bildungsplan Automobil-Mechatroniker/in EFZ, AGVS/SBFI",https://bzwu.ch/wp-content/uploads/2021/04/Bildungsplan_Automobil_Mechatroniker.pdf
automechaniker,Automobil-Mechatroniker/in EFZ,auto_l06,HKB2,L06,"Räder, Reifen und Rad-Reifen-Systeme",easy,single_choice,Welche Aussage beschreibt das Thema RDKS im Beruf Automobil-Mechatroniker/in EFZ am besten?,Reifendruckkontrollsysteme müssen beim Radwechsel berücksichtigt werden,Sensoren beliebig vertauschen im laufenden Tagesgeschäft,Warnlampe ignorieren im konkreten Auftrag im Produktionsalltag,Metallventile immer abschneiden im Werkstattumfeld bei sachgemässem Ablauf,A,RDKS ist ein sicherheitsrelevantes Überwachungssystem.,"Bildungsplan Automobil-Mechatroniker/in EFZ, AGVS/SBFI",https://bzwu.ch/wp-content/uploads/2021/04/Bildungsplan_Automobil_Mechatroniker.pdf
automechaniker,Automobil-Mechatroniker/in EFZ,auto_l06,HKB2,L06,"Räder, Reifen und Rad-Reifen-Systeme",medium,single_choice,Worauf muss man beim Thema RDKS in der Werkstatt besonders achten?,Sensoren beliebig vertauschen nach gängiger Praxis,Reifendruckkontrollsysteme müssen beim Radwechsel berücksichtigt werden,Warnlampe ignorieren im üblichen Berufsalltag im Rahmen der Routine,Metallventile immer abschneiden unter typischen Arbeitsbedingungen,B,RDKS ist ein sicherheitsrelevantes Überwachungssystem.,"Bildungsplan Automobil-Mechatroniker/in EFZ, AGVS/SBFI",https://bzwu.ch/wp-content/uploads/2021/04/Bildungsplan_Automobil_Mechatroniker.pdf
automechaniker,Automobil-Mechatroniker/in EFZ,auto_l06,HKB2,L06,"Räder, Reifen und Rad-Reifen-Systeme",hard,single_choice,Welche Aussage zum Thema RDKS ist fachlich korrekt?,Sensoren beliebig vertauschen im Produktionsalltag,Warnlampe ignorieren im Werkstattumfeld im normalen Werkstattbetrieb,Reifendruckkontrollsysteme müssen beim Radwechsel berücksichtigt werden,Metallventile immer abschneiden bei sachgemässem Ablauf,C,RDKS ist ein sicherheitsrelevantes Überwachungssystem.,"Bildungsplan Automobil-Mechatroniker/in EFZ, AGVS/SBFI",https://bzwu.ch/wp-content/uploads/2021/04/Bildungsplan_Automobil_Mechatroniker.pdf
automechaniker,Automobil-Mechatroniker/in EFZ,auto_l06,HKB2,L06,"Räder, Reifen und Rad-Reifen-Systeme",easy,single_choice,Welche Aussage beschreibt das Thema Auswuchten im Beruf Automobil-Mechatroniker/in EFZ am besten?,es ersetzt Spurvermessung unter typischen Arbeitsbedingungen,es wird nur bei Standfahrzeugen gemacht,es verändert die Reifengrösse im Rahmen der Routine,Massenunterschiede werden durch Gewichte ausgeglichen,D,Unwucht verursacht Vibrationen und erhöht Verschleiss.,"Bildungsplan Automobil-Mechatroniker/in EFZ, AGVS/SBFI",https://bzwu.ch/wp-content/uploads/2021/04/Bildungsplan_Automobil_Mechatroniker.pdf
automechaniker,Automobil-Mechatroniker/in EFZ,auto_l06,HKB2,L06,"Räder, Reifen und Rad-Reifen-Systeme",medium,single_choice,Worauf muss man beim Thema Auswuchten in der Werkstatt besonders achten?,Massenunterschiede werden durch Gewichte ausgeglichen,es ersetzt Spurvermessung bei sachgemässem Ablauf,es wird nur bei Standfahrzeugen gemacht,es verändert die Reifengrösse im normalen Werkstattbetrieb,A,Unwucht verursacht Vibrationen und erhöht Verschleiss.,"Bildungsplan Automobil-Mechatroniker/in EFZ, AGVS/SBFI",https://bzwu.ch/wp-content/uploads/2021/04/Bildungsplan_Automobil_Mechatroniker.pdf
automechaniker,Automobil-Mechatroniker/in EFZ,auto_l06,HKB2,L06,"Räder, Reifen und Rad-Reifen-Systeme",hard,single_choice,Welche Aussage zum Thema Auswuchten ist fachlich korrekt?,es ersetzt Spurvermessung bei vergleichbaren Aufgaben,Massenunterschiede werden durch Gewichte ausgeglichen,es wird nur bei Standfahrzeugen gemacht,es verändert die Reifengrösse im konkreten Auftrag,B,Unwucht verursacht Vibrationen und erhöht Verschleiss.,"Bildungsplan Automobil-Mechatroniker/in EFZ, AGVS/SBFI",https://bzwu.ch/wp-content/uploads/2021/04/Bildungsplan_Automobil_Mechatroniker.pdf
automechaniker,Automobil-Mechatroniker/in EFZ,auto_l06,HKB2,L06,"Räder, Reifen und Rad-Reifen-Systeme",easy,single_choice,Welche Aussage beschreibt das Thema Tiefbettfelge im Beruf Automobil-Mechatroniker/in EFZ am besten?,sie ist ein Bremsenteil im üblichen Berufsalltag,sie ersetzt das Ventil bei sachgemässer Ausführung,sie ermöglicht Montage und sicheren Sitz des Reifens,sie hat keine Felgenhörner nach gängiger Praxis,C,Felgenaufbau ist für Montage und Betrieb wichtig.,"Bildungsplan Automobil-Mechatroniker/in EFZ, AGVS/SBFI",https://bzwu.ch/wp-content/uploads/2021/04/Bildungsplan_Automobil_Mechatroniker.pdf
automechaniker,Automobil-Mechatroniker/in EFZ,auto_l06,HKB2,L06,"Räder, Reifen und Rad-Reifen-Systeme",medium,single_choice,Worauf muss man beim Thema Tiefbettfelge in der Werkstatt besonders achten?,sie ist ein Bremsenteil im Werkstattumfeld,sie ersetzt das Ventil im laufenden Tagesgeschäft,sie hat keine Felgenhörner im Produktionsalltag,sie ermöglicht Montage und sicheren Sitz des Reifens,D,Felgenaufbau ist für Montage und Betrieb wichtig.,"Bildungsplan Automobil-Mechatroniker/in EFZ, AGVS/SBFI",https://bzwu.ch/wp-content/uploads/2021/04/Bildungsplan_Automobil_Mechatroniker.pdf
automechaniker,Automobil-Mechatroniker/in EFZ,auto_l06,HKB2,L06,"Räder, Reifen und Rad-Reifen-Systeme",hard,single_choice,Welche Aussage zum Thema Tiefbettfelge ist fachlich korrekt?,sie ermöglicht Montage und sicheren Sitz des Reifens,sie ist ein Bremsenteil unter typischen Arbeitsbedingungen,sie ersetzt das Ventil nach gängiger Praxis,sie hat keine Felgenhörner im Rahmen der Routine,A,Felgenaufbau ist für Montage und Betrieb wichtig.,"Bildungsplan Automobil-Mechatroniker/in EFZ, AGVS/SBFI",https://bzwu.ch/wp-content/uploads/2021/04/Bildungsplan_Automobil_Mechatroniker.pdf
automechaniker,Automobil-Mechatroniker/in EFZ,auto_l06,HKB2,L06,"Räder, Reifen und Rad-Reifen-Systeme",easy,single_choice,Welche Aussage beschreibt das Thema Schneeketten im Beruf Automobil-Mechatroniker/in EFZ am besten?,immer auf alle Fahrzeuge passen bei sachgemässem Ablauf,"Montage, Freigängigkeit und Fahrzeugvorschriften prüfen",bei jeder Geschwindigkeit erlaubt im normalen Werkstattbetrieb,ohne Nachspannen freigeben im Produktionsalltag,B,Schneeketten benötigen korrekte Dimension und Montage.,"Bildungsplan Automobil-Mechatroniker/in EFZ, AGVS/SBFI",https://bzwu.ch/wp-content/uploads/2021/04/Bildungsplan_Automobil_Mechatroniker.pdf
automechaniker,Automobil-Mechatroniker/in EFZ,auto_l06,HKB2,L06,"Räder, Reifen und Rad-Reifen-Systeme",medium,single_choice,Worauf muss man beim Thema Schneeketten in der Werkstatt besonders achten?,immer auf alle Fahrzeuge passen bei vergleichbaren Aufgaben,bei jeder Geschwindigkeit erlaubt im konkreten Auftrag,"Montage, Freigängigkeit und Fahrzeugvorschriften prüfen",ohne Nachspannen freigeben im Rahmen der Routine,C,Schneeketten benötigen korrekte Dimension und Montage.,"Bildungsplan Automobil-Mechatroniker/in EFZ, AGVS/SBFI",https://bzwu.ch/wp-content/uploads/2021/04/Bildungsplan_Automobil_Mechatroniker.pdf
automechaniker,Automobil-Mechatroniker/in EFZ,auto_l06,HKB2,L06,"Räder, Reifen und Rad-Reifen-Systeme",hard,single_choice,Welche Aussage zum Thema Schneeketten ist fachlich korrekt?,immer auf alle Fahrzeuge passen bei sachgemässer Ausführung,bei jeder Geschwindigkeit erlaubt im üblichen Berufsalltag,ohne Nachspannen freigeben im normalen Werkstattbetrieb,"Montage, Freigängigkeit und Fahrzeugvorschriften prüfen",D,Schneeketten benötigen korrekte Dimension und Montage.,"Bildungsplan Automobil-Mechatroniker/in EFZ, AGVS/SBFI",https://bzwu.ch/wp-content/uploads/2021/04/Bildungsplan_Automobil_Mechatroniker.pdf
automechaniker,Automobil-Mechatroniker/in EFZ,auto_l07,HKB2,L07,Bremsentechnik I: Verschleissteile,easy,single_choice,Welche Aussage beschreibt das Thema Bremsscheibe im Beruf Automobil-Mechatroniker/in EFZ am besten?,"Dicke, Riefen, Schlag und Korrosion prüfen",nur Farbe beurteilen im konkreten Auftrag,Mindestdicke ignorieren im laufenden Tagesgeschäft,Scheibe immer trocken mit Öl reinigen,A,Bremsscheiben müssen Verschleissgrenzen und Qualität erfüllen.,"Bildungsplan Automobil-Mechatroniker/in EFZ, AGVS/SBFI",https://bzwu.ch/wp-content/uploads/2021/04/Bildungsplan_Automobil_Mechatroniker.pdf
automechaniker,Automobil-Mechatroniker/in EFZ,auto_l07,HKB2,L07,Bremsentechnik I: Verschleissteile,medium,single_choice,Worauf muss man beim Thema Bremsscheibe in der Werkstatt besonders achten?,nur Farbe beurteilen im üblichen Berufsalltag,"Dicke, Riefen, Schlag und Korrosion prüfen",Mindestdicke ignorieren nach gängiger Praxis,Scheibe immer trocken mit Öl reinigen,B,Bremsscheiben müssen Verschleissgrenzen und Qualität erfüllen.,"Bildungsplan Automobil-Mechatroniker/in EFZ, AGVS/SBFI",https://bzwu.ch/wp-content/uploads/2021/04/Bildungsplan_Automobil_Mechatroniker.pdf
automechaniker,Automobil-Mechatroniker/in EFZ,auto_l07,HKB2,L07,Bremsentechnik I: Verschleissteile,hard,single_choice,Welche Aussage zum Thema Bremsscheibe ist fachlich korrekt?,nur Farbe beurteilen im Werkstattumfeld,Mindestdicke ignorieren im Produktionsalltag,"Dicke, Riefen, Schlag und Korrosion prüfen",Scheibe immer trocken mit Öl reinigen,C,Bremsscheiben müssen Verschleissgrenzen und Qualität erfüllen.,"Bildungsplan Automobil-Mechatroniker/in EFZ, AGVS/SBFI",https://bzwu.ch/wp-content/uploads/2021/04/Bildungsplan_Automobil_Mechatroniker.pdf
automechaniker,Automobil-Mechatroniker/in EFZ,auto_l07,HKB2,L07,Bremsentechnik I: Verschleissteile,easy,single_choice,Welche Aussage beschreibt das Thema Bremsbelag im Beruf Automobil-Mechatroniker/in EFZ am besten?,Beläge seitenweise mischen unter typischen Arbeitsbedingungen,Trägerplatte weiterverwenden im Rahmen der Routine im konkreten Auftrag,Fett auf Reibfläche auftragen bei vergleichbaren Aufgaben,"Belagdicke, Verschleissanzeige und gleichmässige Abnutzung kontrollieren",D,Bremsbeläge sind sicherheitsrelevante Verschleissteile.,"Bildungsplan Automobil-Mechatroniker/in EFZ, AGVS/SBFI",https://bzwu.ch/wp-content/uploads/2021/04/Bildungsplan_Automobil_Mechatroniker.pdf
automechaniker,Automobil-Mechatroniker/in EFZ,auto_l07,HKB2,L07,Bremsentechnik I: Verschleissteile,medium,single_choice,Worauf muss man beim Thema Bremsbelag in der Werkstatt besonders achten?,"Belagdicke, Verschleissanzeige und gleichmässige Abnutzung kontrollieren",Beläge seitenweise mischen bei sachgemässem Ablauf im üblichen Berufsalltag,Trägerplatte weiterverwenden im normalen Werkstattbetrieb,Fett auf Reibfläche auftragen bei sachgemässer Ausführung,A,Bremsbeläge sind sicherheitsrelevante Verschleissteile.,"Bildungsplan Automobil-Mechatroniker/in EFZ, AGVS/SBFI",https://bzwu.ch/wp-content/uploads/2021/04/Bildungsplan_Automobil_Mechatroniker.pdf
automechaniker,Automobil-Mechatroniker/in EFZ,auto_l07,HKB2,L07,Bremsentechnik I: Verschleissteile,hard,single_choice,Welche Aussage zum Thema Bremsbelag ist fachlich korrekt?,Beläge seitenweise mischen bei vergleichbaren Aufgaben,"Belagdicke, Verschleissanzeige und gleichmässige Abnutzung kontrollieren",Trägerplatte weiterverwenden im konkreten Auftrag im Werkstattumfeld,Fett auf Reibfläche auftragen im laufenden Tagesgeschäft,B,Bremsbeläge sind sicherheitsrelevante Verschleissteile.,"Bildungsplan Automobil-Mechatroniker/in EFZ, AGVS/SBFI",https://bzwu.ch/wp-content/uploads/2021/04/Bildungsplan_Automobil_Mechatroniker.pdf
automechaniker,Automobil-Mechatroniker/in EFZ,auto_l07,HKB2,L07,Bremsentechnik I: Verschleissteile,easy,single_choice,Welche Aussage beschreibt das Thema Bremssattel im Beruf Automobil-Mechatroniker/in EFZ am besten?,festsitzende Führungen ignorieren nach gängiger Praxis,Manschetten entfernen bei sachgemässer Ausführung,"Führungen, Kolben und Manschetten auf Leichtgängigkeit prüfen",Kolben mit Gewalt beschädigen im üblichen Berufsalltag,C,Schwergängige Sättel verursachen ungleichmässige Bremswirkung.,"Bildungsplan Automobil-Mechatroniker/in EFZ, AGVS/SBFI",https://bzwu.ch/wp-content/uploads/2021/04/Bildungsplan_Automobil_Mechatroniker.pdf
automechaniker,Automobil-Mechatroniker/in EFZ,auto_l07,HKB2,L07,Bremsentechnik I: Verschleissteile,medium,single_choice,Worauf muss man beim Thema Bremssattel in der Werkstatt besonders achten?,festsitzende Führungen ignorieren im Produktionsalltag,Manschetten entfernen im laufenden Tagesgeschäft,Kolben mit Gewalt beschädigen im Werkstattumfeld,"Führungen, Kolben und Manschetten auf Leichtgängigkeit prüfen",D,Schwergängige Sättel verursachen ungleichmässige Bremswirkung.,"Bildungsplan Automobil-Mechatroniker/in EFZ, AGVS/SBFI",https://bzwu.ch/wp-content/uploads/2021/04/Bildungsplan_Automobil_Mechatroniker.pdf
automechaniker,Automobil-Mechatroniker/in EFZ,auto_l07,HKB2,L07,Bremsentechnik I: Verschleissteile,hard,single_choice,Welche Aussage zum Thema Bremssattel ist fachlich korrekt?,"Führungen, Kolben und Manschetten auf Leichtgängigkeit prüfen",festsitzende Führungen ignorieren im Rahmen der Routine,Manschetten entfernen nach gängiger Praxis bei vergleichbaren Aufgaben,Kolben mit Gewalt beschädigen unter typischen Arbeitsbedingungen,A,Schwergängige Sättel verursachen ungleichmässige Bremswirkung.,"Bildungsplan Automobil-Mechatroniker/in EFZ, AGVS/SBFI",https://bzwu.ch/wp-content/uploads/2021/04/Bildungsplan_Automobil_Mechatroniker.pdf
automechaniker,Automobil-Mechatroniker/in EFZ,auto_l07,HKB2,L07,Bremsentechnik I: Verschleissteile,easy,single_choice,Welche Aussage beschreibt das Thema Bremskolben zurückstellen im Beruf Automobil-Mechatroniker/in EFZ am besten?,mit Schraubenzieher verkanten im Produktionsalltag,Herstellervorgaben und Rückstellwerkzeug beachten,elektrische Parkbremse ignorieren bei sachgemässem Ablauf,Bremsflüssigkeit überlaufen lassen im normalen Werkstattbetrieb,B,Falsches Zurückstellen kann Bauteile beschädigen.,"Bildungsplan Automobil-Mechatroniker/in EFZ, AGVS/SBFI",https://bzwu.ch/wp-content/uploads/2021/04/Bildungsplan_Automobil_Mechatroniker.pdf
automechaniker,Automobil-Mechatroniker/in EFZ,auto_l07,HKB2,L07,Bremsentechnik I: Verschleissteile,medium,single_choice,Worauf muss man beim Thema Bremskolben zurückstellen in der Werkstatt besonders achten?,mit Schraubenzieher verkanten im Rahmen der Routine,elektrische Parkbremse ignorieren bei vergleichbaren Aufgaben,Herstellervorgaben und Rückstellwerkzeug beachten,Bremsflüssigkeit überlaufen lassen im konkreten Auftrag,C,Falsches Zurückstellen kann Bauteile beschädigen.,"Bildungsplan Automobil-Mechatroniker/in EFZ, AGVS/SBFI",https://bzwu.ch/wp-content/uploads/2021/04/Bildungsplan_Automobil_Mechatroniker.pdf
automechaniker,Automobil-Mechatroniker/in EFZ,auto_l07,HKB2,L07,Bremsentechnik I: Verschleissteile,hard,single_choice,Welche Aussage zum Thema Bremskolben zurückstellen ist fachlich korrekt?,mit Schraubenzieher verkanten im normalen Werkstattbetrieb,elektrische Parkbremse ignorieren bei sachgemässer Ausführung,Bremsflüssigkeit überlaufen lassen im üblichen Berufsalltag,Herstellervorgaben und Rückstellwerkzeug beachten,D,Falsches Zurückstellen kann Bauteile beschädigen.,"Bildungsplan Automobil-Mechatroniker/in EFZ, AGVS/SBFI",https://bzwu.ch/wp-content/uploads/2021/04/Bildungsplan_Automobil_Mechatroniker.pdf
automechaniker,Automobil-Mechatroniker/in EFZ,auto_l07,HKB2,L07,Bremsentechnik I: Verschleissteile,easy,single_choice,Welche Aussage beschreibt das Thema Feststellbremse im Beruf Automobil-Mechatroniker/in EFZ am besten?,"Einstellung, Wirkung und Rückstellung prüfen",sie ist nie sicherheitsrelevant im laufenden Tagesgeschäft,Seile dürfen klemmen im konkreten Auftrag,Einstellung ohne Prüfen freigeben,A,Die Feststellbremse muss das Fahrzeug sicher halten.,"Bildungsplan Automobil-Mechatroniker/in EFZ, AGVS/SBFI",https://bzwu.ch/wp-content/uploads/2021/04/Bildungsplan_Automobil_Mechatroniker.pdf
automechaniker,Automobil-Mechatroniker/in EFZ,auto_l07,HKB2,L07,Bremsentechnik I: Verschleissteile,medium,single_choice,Worauf muss man beim Thema Feststellbremse in der Werkstatt besonders achten?,sie ist nie sicherheitsrelevant,"Einstellung, Wirkung und Rückstellung prüfen",Seile dürfen klemmen im üblichen Berufsalltag,Einstellung ohne Prüfen freigeben,B,Die Feststellbremse muss das Fahrzeug sicher halten.,"Bildungsplan Automobil-Mechatroniker/in EFZ, AGVS/SBFI",https://bzwu.ch/wp-content/uploads/2021/04/Bildungsplan_Automobil_Mechatroniker.pdf
automechaniker,Automobil-Mechatroniker/in EFZ,auto_l07,HKB2,L07,Bremsentechnik I: Verschleissteile,hard,single_choice,Welche Aussage zum Thema Feststellbremse ist fachlich korrekt?,sie ist nie sicherheitsrelevant im Produktionsalltag,Seile dürfen klemmen im Werkstattumfeld,"Einstellung, Wirkung und Rückstellung prüfen",Einstellung ohne Prüfen freigeben,C,Die Feststellbremse muss das Fahrzeug sicher halten.,"Bildungsplan Automobil-Mechatroniker/in EFZ, AGVS/SBFI",https://bzwu.ch/wp-content/uploads/2021/04/Bildungsplan_Automobil_Mechatroniker.pdf
automechaniker,Automobil-Mechatroniker/in EFZ,auto_l07,HKB2,L07,Bremsentechnik I: Verschleissteile,easy,single_choice,Welche Aussage beschreibt das Thema Trommelbremse im Beruf Automobil-Mechatroniker/in EFZ am besten?,Staub ausblasen ohne Schutz im Rahmen der Routine,Federn beliebig einhängen unter typischen Arbeitsbedingungen,Radbremszylinder undicht lassen bei vergleichbaren Aufgaben,"Backen, Federn, Radzylinder und Nachstellung kontrollieren",D,Trommelbremsen haben viele funktionsabhängige Einzelteile.,"Bildungsplan Automobil-Mechatroniker/in EFZ, AGVS/SBFI",https://bzwu.ch/wp-content/uploads/2021/04/Bildungsplan_Automobil_Mechatroniker.pdf
automechaniker,Automobil-Mechatroniker/in EFZ,auto_l07,HKB2,L07,Bremsentechnik I: Verschleissteile,medium,single_choice,Worauf muss man beim Thema Trommelbremse in der Werkstatt besonders achten?,"Backen, Federn, Radzylinder und Nachstellung kontrollieren",Staub ausblasen ohne Schutz im normalen Werkstattbetrieb,Federn beliebig einhängen bei sachgemässem Ablauf,Radbremszylinder undicht lassen bei sachgemässer Ausführung,A,Trommelbremsen haben viele funktionsabhängige Einzelteile.,"Bildungsplan Automobil-Mechatroniker/in EFZ, AGVS/SBFI",https://bzwu.ch/wp-content/uploads/2021/04/Bildungsplan_Automobil_Mechatroniker.pdf
automechaniker,Automobil-Mechatroniker/in EFZ,auto_l07,HKB2,L07,Bremsentechnik I: Verschleissteile,hard,single_choice,Welche Aussage zum Thema Trommelbremse ist fachlich korrekt?,Staub ausblasen ohne Schutz im konkreten Auftrag,"Backen, Federn, Radzylinder und Nachstellung kontrollieren",Federn beliebig einhängen bei vergleichbaren Aufgaben,Radbremszylinder undicht lassen im laufenden Tagesgeschäft,B,Trommelbremsen haben viele funktionsabhängige Einzelteile.,"Bildungsplan Automobil-Mechatroniker/in EFZ, AGVS/SBFI",https://bzwu.ch/wp-content/uploads/2021/04/Bildungsplan_Automobil_Mechatroniker.pdf
automechaniker,Automobil-Mechatroniker/in EFZ,auto_l07,HKB2,L07,Bremsentechnik I: Verschleissteile,easy,single_choice,Welche Aussage beschreibt das Thema Bremsflüssigkeit im Beruf Automobil-Mechatroniker/in EFZ am besten?,mit Motoröl mischen bei sachgemässer Ausführung,Wasseranteil ignorieren im üblichen Berufsalltag,"Siedepunkt, Spezifikation und Wechselintervall beachten",offen lagern und wiederverwenden nach gängiger Praxis,C,Bremsflüssigkeit ist hygroskopisch und sicherheitsrelevant.,"Bildungsplan Automobil-Mechatroniker/in EFZ, AGVS/SBFI",https://bzwu.ch/wp-content/uploads/2021/04/Bildungsplan_Automobil_Mechatroniker.pdf
automechaniker,Automobil-Mechatroniker/in EFZ,auto_l07,HKB2,L07,Bremsentechnik I: Verschleissteile,medium,single_choice,Worauf muss man beim Thema Bremsflüssigkeit in der Werkstatt besonders achten?,mit Motoröl mischen im laufenden Tagesgeschäft,Wasseranteil ignorieren im Werkstattumfeld,offen lagern und wiederverwenden im Produktionsalltag,"Siedepunkt, Spezifikation und Wechselintervall beachten",D,Bremsflüssigkeit ist hygroskopisch und sicherheitsrelevant.,"Bildungsplan Automobil-Mechatroniker/in EFZ, AGVS/SBFI",https://bzwu.ch/wp-content/uploads/2021/04/Bildungsplan_Automobil_Mechatroniker.pdf
automechaniker,Automobil-Mechatroniker/in EFZ,auto_l07,HKB2,L07,Bremsentechnik I: Verschleissteile,hard,single_choice,Welche Aussage zum Thema Bremsflüssigkeit ist fachlich korrekt?,"Siedepunkt, Spezifikation und Wechselintervall beachten",mit Motoröl mischen nach gängiger Praxis,Wasseranteil ignorieren unter typischen Arbeitsbedingungen,offen lagern und wiederverwenden im Rahmen der Routine,A,Bremsflüssigkeit ist hygroskopisch und sicherheitsrelevant.,"Bildungsplan Automobil-Mechatroniker/in EFZ, AGVS/SBFI",https://bzwu.ch/wp-content/uploads/2021/04/Bildungsplan_Automobil_Mechatroniker.pdf
automechaniker,Automobil-Mechatroniker/in EFZ,auto_l07,HKB2,L07,Bremsentechnik I: Verschleissteile,easy,single_choice,Welche Aussage beschreibt das Thema Bremsentlüftung im Beruf Automobil-Mechatroniker/in EFZ am besten?,Luftblasen ignorieren im Produktionsalltag,Luft aus dem System entfernen und Reihenfolge einhalten,Pedalweg nicht prüfen bei sachgemässem Ablauf,Behälter trocken laufen lassen im normalen Werkstattbetrieb,B,Luft im Hydrauliksystem verschlechtert Bremswirkung.,"Bildungsplan Automobil-Mechatroniker/in EFZ, AGVS/SBFI",https://bzwu.ch/wp-content/uploads/2021/04/Bildungsplan_Automobil_Mechatroniker.pdf
automechaniker,Automobil-Mechatroniker/in EFZ,auto_l07,HKB2,L07,Bremsentechnik I: Verschleissteile,medium,single_choice,Worauf muss man beim Thema Bremsentlüftung in der Werkstatt besonders achten?,Luftblasen ignorieren im Rahmen der Routine,Pedalweg nicht prüfen bei vergleichbaren Aufgaben,Luft aus dem System entfernen und Reihenfolge einhalten,Behälter trocken laufen lassen im konkreten Auftrag,C,Luft im Hydrauliksystem verschlechtert Bremswirkung.,"Bildungsplan Automobil-Mechatroniker/in EFZ, AGVS/SBFI",https://bzwu.ch/wp-content/uploads/2021/04/Bildungsplan_Automobil_Mechatroniker.pdf
automechaniker,Automobil-Mechatroniker/in EFZ,auto_l07,HKB2,L07,Bremsentechnik I: Verschleissteile,hard,single_choice,Welche Aussage zum Thema Bremsentlüftung ist fachlich korrekt?,Luftblasen ignorieren im normalen Werkstattbetrieb,Pedalweg nicht prüfen bei sachgemässer Ausführung,Behälter trocken laufen lassen im üblichen Berufsalltag,Luft aus dem System entfernen und Reihenfolge einhalten,D,Luft im Hydrauliksystem verschlechtert Bremswirkung.,"Bildungsplan Automobil-Mechatroniker/in EFZ, AGVS/SBFI",https://bzwu.ch/wp-content/uploads/2021/04/Bildungsplan_Automobil_Mechatroniker.pdf
automechaniker,Automobil-Mechatroniker/in EFZ,auto_l07,HKB2,L07,Bremsentechnik I: Verschleissteile,easy,single_choice,Welche Aussage beschreibt das Thema Reibwert im Beruf Automobil-Mechatroniker/in EFZ am besten?,er beeinflusst die Bremskraft zwischen Belag und Scheibe,er beschreibt Batteriealter im Werkstattumfeld,er ist immer null im konkreten Auftrag im Produktionsalltag,er ersetzt Bremsdruck im laufenden Tagesgeschäft,A,Bremswirkung entsteht durch Reibung und Anpresskraft.,"Bildungsplan Automobil-Mechatroniker/in EFZ, AGVS/SBFI",https://bzwu.ch/wp-content/uploads/2021/04/Bildungsplan_Automobil_Mechatroniker.pdf
automechaniker,Automobil-Mechatroniker/in EFZ,auto_l07,HKB2,L07,Bremsentechnik I: Verschleissteile,medium,single_choice,Worauf muss man beim Thema Reibwert in der Werkstatt besonders achten?,er beschreibt Batteriealter unter typischen Arbeitsbedingungen,er beeinflusst die Bremskraft zwischen Belag und Scheibe,er ist immer null im üblichen Berufsalltag,er ersetzt Bremsdruck nach gängiger Praxis,B,Bremswirkung entsteht durch Reibung und Anpresskraft.,"Bildungsplan Automobil-Mechatroniker/in EFZ, AGVS/SBFI",https://bzwu.ch/wp-content/uploads/2021/04/Bildungsplan_Automobil_Mechatroniker.pdf
automechaniker,Automobil-Mechatroniker/in EFZ,auto_l07,HKB2,L07,Bremsentechnik I: Verschleissteile,hard,single_choice,Welche Aussage zum Thema Reibwert ist fachlich korrekt?,er beschreibt Batteriealter bei sachgemässem Ablauf,er ist immer null im Werkstattumfeld im normalen Werkstattbetrieb,er beeinflusst die Bremskraft zwischen Belag und Scheibe,er ersetzt Bremsdruck im Produktionsalltag,C,Bremswirkung entsteht durch Reibung und Anpresskraft.,"Bildungsplan Automobil-Mechatroniker/in EFZ, AGVS/SBFI",https://bzwu.ch/wp-content/uploads/2021/04/Bildungsplan_Automobil_Mechatroniker.pdf
automechaniker,Automobil-Mechatroniker/in EFZ,auto_l07,HKB2,L07,Bremsentechnik I: Verschleissteile,easy,single_choice,Welche Aussage beschreibt das Thema Probebremsung im Beruf Automobil-Mechatroniker/in EFZ am besten?,direkt an Kunden übergeben im Rahmen der Routine,Pedalweg ignorieren unter typischen Arbeitsbedingungen,"Beläge nicht einbremsen, wenn vorgeschrieben",nach Bremsarbeiten Wirkung und Pedalgefühl sicher prüfen,D,Nach Bremsarbeiten ist eine Funktionskontrolle zwingend.,"Bildungsplan Automobil-Mechatroniker/in EFZ, AGVS/SBFI",https://bzwu.ch/wp-content/uploads/2021/04/Bildungsplan_Automobil_Mechatroniker.pdf
automechaniker,Automobil-Mechatroniker/in EFZ,auto_l07,HKB2,L07,Bremsentechnik I: Verschleissteile,medium,single_choice,Worauf muss man beim Thema Probebremsung in der Werkstatt besonders achten?,nach Bremsarbeiten Wirkung und Pedalgefühl sicher prüfen,direkt an Kunden übergeben im normalen Werkstattbetrieb,Pedalweg ignorieren bei sachgemässem Ablauf,"Beläge nicht einbremsen, wenn vorgeschrieben",A,Nach Bremsarbeiten ist eine Funktionskontrolle zwingend.,"Bildungsplan Automobil-Mechatroniker/in EFZ, AGVS/SBFI",https://bzwu.ch/wp-content/uploads/2021/04/Bildungsplan_Automobil_Mechatroniker.pdf
automechaniker,Automobil-Mechatroniker/in EFZ,auto_l07,HKB2,L07,Bremsentechnik I: Verschleissteile,hard,single_choice,Welche Aussage zum Thema Probebremsung ist fachlich korrekt?,direkt an Kunden übergeben im konkreten Auftrag,nach Bremsarbeiten Wirkung und Pedalgefühl sicher prüfen,Pedalweg ignorieren bei vergleichbaren Aufgaben,"Beläge nicht einbremsen, wenn vorgeschrieben",B,Nach Bremsarbeiten ist eine Funktionskontrolle zwingend.,"Bildungsplan Automobil-Mechatroniker/in EFZ, AGVS/SBFI",https://bzwu.ch/wp-content/uploads/2021/04/Bildungsplan_Automobil_Mechatroniker.pdf
automechaniker,Automobil-Mechatroniker/in EFZ,auto_l08,HKB4/HKB5,L08,Bremsentechnik II: Systeme und Diagnose,easy,single_choice,Welche Aussage beschreibt das Thema ABS im Beruf Automobil-Mechatroniker/in EFZ am besten?,es verkürzt jeden Bremsweg immer im üblichen Berufsalltag,es ersetzt Reifenprofil bei sachgemässer Ausführung,es verhindert das Blockieren der Räder beim Bremsen,es wirkt nur bei stehendem Fahrzeug nach gängiger Praxis,C,ABS erhält Lenkbarkeit in kritischen Bremssituationen.,"Bildungsplan Automobil-Mechatroniker/in EFZ, AGVS/SBFI",https://bzwu.ch/wp-content/uploads/2021/04/Bildungsplan_Automobil_Mechatroniker.pdf
automechaniker,Automobil-Mechatroniker/in EFZ,auto_l08,HKB4/HKB5,L08,Bremsentechnik II: Systeme und Diagnose,medium,single_choice,Worauf muss man beim Thema ABS in der Werkstatt besonders achten?,es verkürzt jeden Bremsweg immer im Werkstattumfeld,es ersetzt Reifenprofil im laufenden Tagesgeschäft,es wirkt nur bei stehendem Fahrzeug im Produktionsalltag,es verhindert das Blockieren der Räder beim Bremsen,D,ABS erhält Lenkbarkeit in kritischen Bremssituationen.,"Bildungsplan Automobil-Mechatroniker/in EFZ, AGVS/SBFI",https://bzwu.ch/wp-content/uploads/2021/04/Bildungsplan_Automobil_Mechatroniker.pdf
automechaniker,Automobil-Mechatroniker/in EFZ,auto_l08,HKB4/HKB5,L08,Bremsentechnik II: Systeme und Diagnose,hard,single_choice,Welche Aussage zum Thema ABS ist fachlich korrekt?,es verhindert das Blockieren der Räder beim Bremsen,es verkürzt jeden Bremsweg immer unter typischen Arbeitsbedingungen,es ersetzt Reifenprofil nach gängiger Praxis,es wirkt nur bei stehendem Fahrzeug im Rahmen der Routine,A,ABS erhält Lenkbarkeit in kritischen Bremssituationen.,"Bildungsplan Automobil-Mechatroniker/in EFZ, AGVS/SBFI",https://bzwu.ch/wp-content/uploads/2021/04/Bildungsplan_Automobil_Mechatroniker.pdf
automechaniker,Automobil-Mechatroniker/in EFZ,auto_l08,HKB4/HKB5,L08,Bremsentechnik II: Systeme und Diagnose,easy,single_choice,Welche Aussage beschreibt das Thema ESP im Beruf Automobil-Mechatroniker/in EFZ am besten?,es ist nur Innenraumbeleuchtung im normalen Werkstattbetrieb,es stabilisiert das Fahrzeug durch gezielte Brems- und Motoreingriffe,es ersetzt Winterreifen im Produktionsalltag bei sachgemässer Ausführung,es erhöht bewusst Schleudern bei sachgemässem Ablauf,B,ESP nutzt Sensoren und Aktoren zur Fahrstabilisierung.,"Bildungsplan Automobil-Mechatroniker/in EFZ, AGVS/SBFI",https://bzwu.ch/wp-content/uploads/2021/04/Bildungsplan_Automobil_Mechatroniker.pdf
automechaniker,Automobil-Mechatroniker/in EFZ,auto_l08,HKB4/HKB5,L08,Bremsentechnik II: Systeme und Diagnose,medium,single_choice,Worauf muss man beim Thema ESP in der Werkstatt besonders achten?,es ist nur Innenraumbeleuchtung im konkreten Auftrag,es ersetzt Winterreifen im Rahmen der Routine im laufenden Tagesgeschäft,es stabilisiert das Fahrzeug durch gezielte Brems- und Motoreingriffe,es erhöht bewusst Schleudern bei vergleichbaren Aufgaben,C,ESP nutzt Sensoren und Aktoren zur Fahrstabilisierung.,"Bildungsplan Automobil-Mechatroniker/in EFZ, AGVS/SBFI",https://bzwu.ch/wp-content/uploads/2021/04/Bildungsplan_Automobil_Mechatroniker.pdf
automechaniker,Automobil-Mechatroniker/in EFZ,auto_l08,HKB4/HKB5,L08,Bremsentechnik II: Systeme und Diagnose,hard,single_choice,Welche Aussage zum Thema ESP ist fachlich korrekt?,es ist nur Innenraumbeleuchtung im üblichen Berufsalltag,es ersetzt Winterreifen im normalen Werkstattbetrieb nach gängiger Praxis,es erhöht bewusst Schleudern bei sachgemässer Ausführung,es stabilisiert das Fahrzeug durch gezielte Brems- und Motoreingriffe,D,ESP nutzt Sensoren und Aktoren zur Fahrstabilisierung.,"Bildungsplan Automobil-Mechatroniker/in EFZ, AGVS/SBFI",https://bzwu.ch/wp-content/uploads/2021/04/Bildungsplan_Automobil_Mechatroniker.pdf
automechaniker,Automobil-Mechatroniker/in EFZ,auto_l08,HKB4/HKB5,L08,Bremsentechnik II: Systeme und Diagnose,easy,single_choice,Welche Aussage beschreibt das Thema ASR im Beruf Automobil-Mechatroniker/in EFZ am besten?,es reduziert durchdrehende Antriebsräder beim Beschleunigen,es ist eine Abgasanlage im konkreten Auftrag im Produktionsalltag,es deaktiviert die Lenkung im Werkstattumfeld,es ersetzt Differenzialöl im laufenden Tagesgeschäft,A,ASR verbessert Traktion und Stabilität.,"Bildungsplan Automobil-Mechatroniker/in EFZ, AGVS/SBFI",https://bzwu.ch/wp-content/uploads/2021/04/Bildungsplan_Automobil_Mechatroniker.pdf
automechaniker,Automobil-Mechatroniker/in EFZ,auto_l08,HKB4/HKB5,L08,Bremsentechnik II: Systeme und Diagnose,medium,single_choice,Worauf muss man beim Thema ASR in der Werkstatt besonders achten?,es ist eine Abgasanlage im üblichen Berufsalltag,es reduziert durchdrehende Antriebsräder beim Beschleunigen,es deaktiviert die Lenkung unter typischen Arbeitsbedingungen,es ersetzt Differenzialöl nach gängiger Praxis,B,ASR verbessert Traktion und Stabilität.,"Bildungsplan Automobil-Mechatroniker/in EFZ, AGVS/SBFI",https://bzwu.ch/wp-content/uploads/2021/04/Bildungsplan_Automobil_Mechatroniker.pdf
automechaniker,Automobil-Mechatroniker/in EFZ,auto_l08,HKB4/HKB5,L08,Bremsentechnik II: Systeme und Diagnose,hard,single_choice,Welche Aussage zum Thema ASR ist fachlich korrekt?,es ist eine Abgasanlage im Werkstattumfeld im normalen Werkstattbetrieb,es deaktiviert die Lenkung bei sachgemässem Ablauf,es reduziert durchdrehende Antriebsräder beim Beschleunigen,es ersetzt Differenzialöl im Produktionsalltag,C,ASR verbessert Traktion und Stabilität.,"Bildungsplan Automobil-Mechatroniker/in EFZ, AGVS/SBFI",https://bzwu.ch/wp-content/uploads/2021/04/Bildungsplan_Automobil_Mechatroniker.pdf
automechaniker,Automobil-Mechatroniker/in EFZ,auto_l08,HKB4/HKB5,L08,Bremsentechnik II: Systeme und Diagnose,easy,single_choice,Welche Aussage beschreibt das Thema Raddrehzahlsensor im Beruf Automobil-Mechatroniker/in EFZ am besten?,er misst Ölstand unter typischen Arbeitsbedingungen,er ist nur ein Ventil im Rahmen der Routine,er erzeugt Bremsflüssigkeit bei vergleichbaren Aufgaben,"er liefert Signale für ABS, ESP und weitere Systeme",D,Falsche Sensorsignale können Regelsysteme stören.,"Bildungsplan Automobil-Mechatroniker/in EFZ, AGVS/SBFI",https://bzwu.ch/wp-content/uploads/2021/04/Bildungsplan_Automobil_Mechatroniker.pdf
automechaniker,Automobil-Mechatroniker/in EFZ,auto_l08,HKB4/HKB5,L08,Bremsentechnik II: Systeme und Diagnose,medium,single_choice,Worauf muss man beim Thema Raddrehzahlsensor in der Werkstatt besonders achten?,"er liefert Signale für ABS, ESP und weitere Systeme",er misst Ölstand bei sachgemässem Ablauf,er ist nur ein Ventil im normalen Werkstattbetrieb,er erzeugt Bremsflüssigkeit bei sachgemässer Ausführung,A,Falsche Sensorsignale können Regelsysteme stören.,"Bildungsplan Automobil-Mechatroniker/in EFZ, AGVS/SBFI",https://bzwu.ch/wp-content/uploads/2021/04/Bildungsplan_Automobil_Mechatroniker.pdf
automechaniker,Automobil-Mechatroniker/in EFZ,auto_l08,HKB4/HKB5,L08,Bremsentechnik II: Systeme und Diagnose,hard,single_choice,Welche Aussage zum Thema Raddrehzahlsensor ist fachlich korrekt?,er misst Ölstand bei vergleichbaren Aufgaben,"er liefert Signale für ABS, ESP und weitere Systeme",er ist nur ein Ventil im konkreten Auftrag,er erzeugt Bremsflüssigkeit im laufenden Tagesgeschäft,B,Falsche Sensorsignale können Regelsysteme stören.,"Bildungsplan Automobil-Mechatroniker/in EFZ, AGVS/SBFI",https://bzwu.ch/wp-content/uploads/2021/04/Bildungsplan_Automobil_Mechatroniker.pdf
automechaniker,Automobil-Mechatroniker/in EFZ,auto_l08,HKB4/HKB5,L08,Bremsentechnik II: Systeme und Diagnose,easy,single_choice,Welche Aussage beschreibt das Thema Bremsdrucksensor im Beruf Automobil-Mechatroniker/in EFZ am besten?,er misst Profiltiefe bei sachgemässer Ausführung,er ersetzt den Hauptbremszylinder nach gängiger Praxis,er erfasst Druckwerte für Regel- und Diagnosefunktionen,er ist ein Reifengewicht im üblichen Berufsalltag,C,Sensorwerte helfen Steuergeräten bei Regelung und Fehlererkennung.,"Bildungsplan Automobil-Mechatroniker/in EFZ, AGVS/SBFI",https://bzwu.ch/wp-content/uploads/2021/04/Bildungsplan_Automobil_Mechatroniker.pdf
automechaniker,Automobil-Mechatroniker/in EFZ,auto_l08,HKB4/HKB5,L08,Bremsentechnik II: Systeme und Diagnose,medium,single_choice,Worauf muss man beim Thema Bremsdrucksensor in der Werkstatt besonders achten?,er misst Profiltiefe im laufenden Tagesgeschäft,er ersetzt den Hauptbremszylinder im Produktionsalltag,er ist ein Reifengewicht im Werkstattumfeld,er erfasst Druckwerte für Regel- und Diagnosefunktionen,D,Sensorwerte helfen Steuergeräten bei Regelung und Fehlererkennung.,"Bildungsplan Automobil-Mechatroniker/in EFZ, AGVS/SBFI",https://bzwu.ch/wp-content/uploads/2021/04/Bildungsplan_Automobil_Mechatroniker.pdf
automechaniker,Automobil-Mechatroniker/in EFZ,auto_l08,HKB4/HKB5,L08,Bremsentechnik II: Systeme und Diagnose,hard,single_choice,Welche Aussage zum Thema Bremsdrucksensor ist fachlich korrekt?,er erfasst Druckwerte für Regel- und Diagnosefunktionen,er misst Profiltiefe nach gängiger Praxis,er ersetzt den Hauptbremszylinder im Rahmen der Routine,er ist ein Reifengewicht unter typischen Arbeitsbedingungen,A,Sensorwerte helfen Steuergeräten bei Regelung und Fehlererkennung.,"Bildungsplan Automobil-Mechatroniker/in EFZ, AGVS/SBFI",https://bzwu.ch/wp-content/uploads/2021/04/Bildungsplan_Automobil_Mechatroniker.pdf
automechaniker,Automobil-Mechatroniker/in EFZ,auto_l08,HKB4/HKB5,L08,Bremsentechnik II: Systeme und Diagnose,easy,single_choice,Welche Aussage beschreibt das Thema hydraulische Bremse im Beruf Automobil-Mechatroniker/in EFZ am besten?,Luft ist das Arbeitsmedium im Produktionsalltag bei sachgemässer Ausführung,Kraft wird über Bremsflüssigkeit vom Pedal zu den Radbremsen übertragen,Strom ersetzt jede Leitung bei sachgemässem Ablauf,Wasser ist zulässige Bremsflüssigkeit im normalen Werkstattbetrieb,B,Hydraulik überträgt Druck nahezu verlustarm.,"Bildungsplan Automobil-Mechatroniker/in EFZ, AGVS/SBFI",https://bzwu.ch/wp-content/uploads/2021/04/Bildungsplan_Automobil_Mechatroniker.pdf
automechaniker,Automobil-Mechatroniker/in EFZ,auto_l08,HKB4/HKB5,L08,Bremsentechnik II: Systeme und Diagnose,medium,single_choice,Worauf muss man beim Thema hydraulische Bremse in der Werkstatt besonders achten?,Luft ist das Arbeitsmedium im Rahmen der Routine im laufenden Tagesgeschäft,Strom ersetzt jede Leitung bei vergleichbaren Aufgaben,Kraft wird über Bremsflüssigkeit vom Pedal zu den Radbremsen übertragen,Wasser ist zulässige Bremsflüssigkeit im konkreten Auftrag,C,Hydraulik überträgt Druck nahezu verlustarm.,"Bildungsplan Automobil-Mechatroniker/in EFZ, AGVS/SBFI",https://bzwu.ch/wp-content/uploads/2021/04/Bildungsplan_Automobil_Mechatroniker.pdf
automechaniker,Automobil-Mechatroniker/in EFZ,auto_l08,HKB4/HKB5,L08,Bremsentechnik II: Systeme und Diagnose,hard,single_choice,Welche Aussage zum Thema hydraulische Bremse ist fachlich korrekt?,Luft ist das Arbeitsmedium im normalen Werkstattbetrieb,Strom ersetzt jede Leitung bei sachgemässer Ausführung,Wasser ist zulässige Bremsflüssigkeit im üblichen Berufsalltag,Kraft wird über Bremsflüssigkeit vom Pedal zu den Radbremsen übertragen,D,Hydraulik überträgt Druck nahezu verlustarm.,"Bildungsplan Automobil-Mechatroniker/in EFZ, AGVS/SBFI",https://bzwu.ch/wp-content/uploads/2021/04/Bildungsplan_Automobil_Mechatroniker.pdf
automechaniker,Automobil-Mechatroniker/in EFZ,auto_l08,HKB4/HKB5,L08,Bremsentechnik II: Systeme und Diagnose,easy,single_choice,Welche Aussage beschreibt das Thema Druckluftbremse im Beruf Automobil-Mechatroniker/in EFZ am besten?,"sie nutzt komprimierte Luft, besonders bei Nutzfahrzeugen",sie ist nur für Fahrräder im konkreten Auftrag,sie nutzt Benzin als Druckmedium im laufenden Tagesgeschäft,sie braucht keine Vorratsbehälter im Werkstattumfeld,A,Nutzfahrzeuge verwenden häufig pneumatische Bremssysteme.,"Bildungsplan Automobil-Mechatroniker/in EFZ, AGVS/SBFI",https://bzwu.ch/wp-content/uploads/2021/04/Bildungsplan_Automobil_Mechatroniker.pdf
automechaniker,Automobil-Mechatroniker/in EFZ,auto_l08,HKB4/HKB5,L08,Bremsentechnik II: Systeme und Diagnose,medium,single_choice,Worauf muss man beim Thema Druckluftbremse in der Werkstatt besonders achten?,sie ist nur für Fahrräder im üblichen Berufsalltag,"sie nutzt komprimierte Luft, besonders bei Nutzfahrzeugen",sie nutzt Benzin als Druckmedium nach gängiger Praxis,sie braucht keine Vorratsbehälter unter typischen Arbeitsbedingungen,B,Nutzfahrzeuge verwenden häufig pneumatische Bremssysteme.,"Bildungsplan Automobil-Mechatroniker/in EFZ, AGVS/SBFI",https://bzwu.ch/wp-content/uploads/2021/04/Bildungsplan_Automobil_Mechatroniker.pdf
automechaniker,Automobil-Mechatroniker/in EFZ,auto_l08,HKB4/HKB5,L08,Bremsentechnik II: Systeme und Diagnose,hard,single_choice,Welche Aussage zum Thema Druckluftbremse ist fachlich korrekt?,sie ist nur für Fahrräder im Werkstattumfeld,sie nutzt Benzin als Druckmedium im Produktionsalltag,"sie nutzt komprimierte Luft, besonders bei Nutzfahrzeugen",sie braucht keine Vorratsbehälter bei sachgemässem Ablauf,C,Nutzfahrzeuge verwenden häufig pneumatische Bremssysteme.,"Bildungsplan Automobil-Mechatroniker/in EFZ, AGVS/SBFI",https://bzwu.ch/wp-content/uploads/2021/04/Bildungsplan_Automobil_Mechatroniker.pdf
automechaniker,Automobil-Mechatroniker/in EFZ,auto_l08,HKB4/HKB5,L08,Bremsentechnik II: Systeme und Diagnose,easy,single_choice,Welche Aussage beschreibt das Thema Bremsprüfstand im Beruf Automobil-Mechatroniker/in EFZ am besten?,er ersetzt jede Sichtprüfung im Rahmen der Routine,er misst nur Lackdicke unter typischen Arbeitsbedingungen,er repariert Bremsen automatisch bei vergleichbaren Aufgaben,er misst Bremskräfte und zeigt Unterschiede zwischen Rädern,D,"Messwerte helfen, Bremswirkung objektiv zu beurteilen.","Bildungsplan Automobil-Mechatroniker/in EFZ, AGVS/SBFI",https://bzwu.ch/wp-content/uploads/2021/04/Bildungsplan_Automobil_Mechatroniker.pdf
automechaniker,Automobil-Mechatroniker/in EFZ,auto_l08,HKB4/HKB5,L08,Bremsentechnik II: Systeme und Diagnose,medium,single_choice,Worauf muss man beim Thema Bremsprüfstand in der Werkstatt besonders achten?,er misst Bremskräfte und zeigt Unterschiede zwischen Rädern,er ersetzt jede Sichtprüfung im normalen Werkstattbetrieb,er misst nur Lackdicke bei sachgemässem Ablauf,er repariert Bremsen automatisch bei sachgemässer Ausführung,A,"Messwerte helfen, Bremswirkung objektiv zu beurteilen.","Bildungsplan Automobil-Mechatroniker/in EFZ, AGVS/SBFI",https://bzwu.ch/wp-content/uploads/2021/04/Bildungsplan_Automobil_Mechatroniker.pdf
automechaniker,Automobil-Mechatroniker/in EFZ,auto_l08,HKB4/HKB5,L08,Bremsentechnik II: Systeme und Diagnose,hard,single_choice,Welche Aussage zum Thema Bremsprüfstand ist fachlich korrekt?,er ersetzt jede Sichtprüfung im konkreten Auftrag,er misst Bremskräfte und zeigt Unterschiede zwischen Rädern,er misst nur Lackdicke bei vergleichbaren Aufgaben,er repariert Bremsen automatisch im laufenden Tagesgeschäft,B,"Messwerte helfen, Bremswirkung objektiv zu beurteilen.","Bildungsplan Automobil-Mechatroniker/in EFZ, AGVS/SBFI",https://bzwu.ch/wp-content/uploads/2021/04/Bildungsplan_Automobil_Mechatroniker.pdf
automechaniker,Automobil-Mechatroniker/in EFZ,auto_l08,HKB4/HKB5,L08,Bremsentechnik II: Systeme und Diagnose,easy,single_choice,Welche Aussage beschreibt das Thema Fehlerspeicher im Beruf Automobil-Mechatroniker/in EFZ am besten?,jeder Code nennt exakt das defekte Teil nach gängiger Praxis,Codes dürfen ignoriert werden bei sachgemässer Ausführung,"er liefert Hinweise, ersetzt aber keine fachliche Prüfung",Löschen repariert die Ursache im üblichen Berufsalltag,C,Diagnosecodes sind Startpunkt für systematische Prüfung.,"Bildungsplan Automobil-Mechatroniker/in EFZ, AGVS/SBFI",https://bzwu.ch/wp-content/uploads/2021/04/Bildungsplan_Automobil_Mechatroniker.pdf
automechaniker,Automobil-Mechatroniker/in EFZ,auto_l08,HKB4/HKB5,L08,Bremsentechnik II: Systeme und Diagnose,medium,single_choice,Worauf muss man beim Thema Fehlerspeicher in der Werkstatt besonders achten?,jeder Code nennt exakt das defekte Teil im Produktionsalltag,Codes dürfen ignoriert werden im laufenden Tagesgeschäft,Löschen repariert die Ursache im Werkstattumfeld,"er liefert Hinweise, ersetzt aber keine fachliche Prüfung",D,Diagnosecodes sind Startpunkt für systematische Prüfung.,"Bildungsplan Automobil-Mechatroniker/in EFZ, AGVS/SBFI",https://bzwu.ch/wp-content/uploads/2021/04/Bildungsplan_Automobil_Mechatroniker.pdf
automechaniker,Automobil-Mechatroniker/in EFZ,auto_l08,HKB4/HKB5,L08,Bremsentechnik II: Systeme und Diagnose,hard,single_choice,Welche Aussage zum Thema Fehlerspeicher ist fachlich korrekt?,"er liefert Hinweise, ersetzt aber keine fachliche Prüfung",jeder Code nennt exakt das defekte Teil im Rahmen der Routine,Codes dürfen ignoriert werden nach gängiger Praxis,Löschen repariert die Ursache unter typischen Arbeitsbedingungen,A,Diagnosecodes sind Startpunkt für systematische Prüfung.,"Bildungsplan Automobil-Mechatroniker/in EFZ, AGVS/SBFI",https://bzwu.ch/wp-content/uploads/2021/04/Bildungsplan_Automobil_Mechatroniker.pdf
automechaniker,Automobil-Mechatroniker/in EFZ,auto_l08,HKB4/HKB5,L08,Bremsentechnik II: Systeme und Diagnose,easy,single_choice,Welche Aussage beschreibt das Thema Sensorplausibilität im Beruf Automobil-Mechatroniker/in EFZ am besten?,jeder Wert ist immer richtig bei sachgemässem Ablauf,Messwerte werden mit Sollwerten und Fahrzustand verglichen,Plausibilität ist unnötig im Produktionsalltag,nur Farbe des Steckers zählt im normalen Werkstattbetrieb,B,Plausibilitätsprüfung verhindert Fehlinterpretationen.,"Bildungsplan Automobil-Mechatroniker/in EFZ, AGVS/SBFI",https://bzwu.ch/wp-content/uploads/2021/04/Bildungsplan_Automobil_Mechatroniker.pdf
automechaniker,Automobil-Mechatroniker/in EFZ,auto_l08,HKB4/HKB5,L08,Bremsentechnik II: Systeme und Diagnose,medium,single_choice,Worauf muss man beim Thema Sensorplausibilität in der Werkstatt besonders achten?,jeder Wert ist immer richtig bei vergleichbaren Aufgaben,Plausibilität ist unnötig im Rahmen der Routine,Messwerte werden mit Sollwerten und Fahrzustand verglichen,nur Farbe des Steckers zählt im konkreten Auftrag,C,Plausibilitätsprüfung verhindert Fehlinterpretationen.,"Bildungsplan Automobil-Mechatroniker/in EFZ, AGVS/SBFI",https://bzwu.ch/wp-content/uploads/2021/04/Bildungsplan_Automobil_Mechatroniker.pdf
automechaniker,Automobil-Mechatroniker/in EFZ,auto_l08,HKB4/HKB5,L08,Bremsentechnik II: Systeme und Diagnose,hard,single_choice,Welche Aussage zum Thema Sensorplausibilität ist fachlich korrekt?,jeder Wert ist immer richtig bei sachgemässer Ausführung,Plausibilität ist unnötig im normalen Werkstattbetrieb,nur Farbe des Steckers zählt im üblichen Berufsalltag,Messwerte werden mit Sollwerten und Fahrzustand verglichen,D,Plausibilitätsprüfung verhindert Fehlinterpretationen.,"Bildungsplan Automobil-Mechatroniker/in EFZ, AGVS/SBFI",https://bzwu.ch/wp-content/uploads/2021/04/Bildungsplan_Automobil_Mechatroniker.pdf
automechaniker,Automobil-Mechatroniker/in EFZ,auto_l09,HKB2/HKB5,L09,"Elektrische Grundlagen, Batterie, Starter und Generator",easy,single_choice,Welche Aussage beschreibt das Thema Batterietest im Beruf Automobil-Mechatroniker/in EFZ am besten?,"Ladezustand, Startleistung und Batterietyp berücksichtigen",nur Gehäusefarbe prüfen im laufenden Tagesgeschäft,Pole kurzschliessen im konkreten Auftrag im Produktionsalltag,Testergebnis ohne Fahrzeugdaten werten im Werkstattumfeld,A,Batterien werden abhängig von Typ und Anwendung geprüft.,"Bildungsplan Automobil-Mechatroniker/in EFZ, AGVS/SBFI",https://bzwu.ch/wp-content/uploads/2021/04/Bildungsplan_Automobil_Mechatroniker.pdf
automechaniker,Automobil-Mechatroniker/in EFZ,auto_l09,HKB2/HKB5,L09,"Elektrische Grundlagen, Batterie, Starter und Generator",medium,single_choice,Worauf muss man beim Thema Batterietest in der Werkstatt besonders achten?,nur Gehäusefarbe prüfen nach gängiger Praxis,"Ladezustand, Startleistung und Batterietyp berücksichtigen",Pole kurzschliessen im üblichen Berufsalltag,Testergebnis ohne Fahrzeugdaten werten unter typischen Arbeitsbedingungen,B,Batterien werden abhängig von Typ und Anwendung geprüft.,"Bildungsplan Automobil-Mechatroniker/in EFZ, AGVS/SBFI",https://bzwu.ch/wp-content/uploads/2021/04/Bildungsplan_Automobil_Mechatroniker.pdf
automechaniker,Automobil-Mechatroniker/in EFZ,auto_l09,HKB2/HKB5,L09,"Elektrische Grundlagen, Batterie, Starter und Generator",hard,single_choice,Welche Aussage zum Thema Batterietest ist fachlich korrekt?,nur Gehäusefarbe prüfen im Produktionsalltag,Pole kurzschliessen im Werkstattumfeld bei sachgemässem Ablauf,"Ladezustand, Startleistung und Batterietyp berücksichtigen",Testergebnis ohne Fahrzeugdaten werten im normalen Werkstattbetrieb,C,Batterien werden abhängig von Typ und Anwendung geprüft.,"Bildungsplan Automobil-Mechatroniker/in EFZ, AGVS/SBFI",https://bzwu.ch/wp-content/uploads/2021/04/Bildungsplan_Automobil_Mechatroniker.pdf
automechaniker,Automobil-Mechatroniker/in EFZ,auto_l09,HKB2/HKB5,L09,"Elektrische Grundlagen, Batterie, Starter und Generator",easy,single_choice,Welche Aussage beschreibt das Thema Ladesystem im Beruf Automobil-Mechatroniker/in EFZ am besten?,nur Batterie ersetzen unter typischen Arbeitsbedingungen,Ladespannung nie messen im Rahmen der Routine,Riemenantrieb ignorieren bei vergleichbaren Aufgaben,"Generator, Regler, Leitungen und Batterie zusammen beurteilen",D,Start- und Ladesysteme wirken als Gesamtsystem.,"Bildungsplan Automobil-Mechatroniker/in EFZ, AGVS/SBFI",https://bzwu.ch/wp-content/uploads/2021/04/Bildungsplan_Automobil_Mechatroniker.pdf
automechaniker,Automobil-Mechatroniker/in EFZ,auto_l09,HKB2/HKB5,L09,"Elektrische Grundlagen, Batterie, Starter und Generator",medium,single_choice,Worauf muss man beim Thema Ladesystem in der Werkstatt besonders achten?,"Generator, Regler, Leitungen und Batterie zusammen beurteilen",nur Batterie ersetzen bei sachgemässem Ablauf,Ladespannung nie messen im normalen Werkstattbetrieb,Riemenantrieb ignorieren bei sachgemässer Ausführung,A,Start- und Ladesysteme wirken als Gesamtsystem.,"Bildungsplan Automobil-Mechatroniker/in EFZ, AGVS/SBFI",https://bzwu.ch/wp-content/uploads/2021/04/Bildungsplan_Automobil_Mechatroniker.pdf
automechaniker,Automobil-Mechatroniker/in EFZ,auto_l09,HKB2/HKB5,L09,"Elektrische Grundlagen, Batterie, Starter und Generator",hard,single_choice,Welche Aussage zum Thema Ladesystem ist fachlich korrekt?,nur Batterie ersetzen bei vergleichbaren Aufgaben,"Generator, Regler, Leitungen und Batterie zusammen beurteilen",Ladespannung nie messen im konkreten Auftrag im Werkstattumfeld,Riemenantrieb ignorieren im laufenden Tagesgeschäft,B,Start- und Ladesysteme wirken als Gesamtsystem.,"Bildungsplan Automobil-Mechatroniker/in EFZ, AGVS/SBFI",https://bzwu.ch/wp-content/uploads/2021/04/Bildungsplan_Automobil_Mechatroniker.pdf
automechaniker,Automobil-Mechatroniker/in EFZ,auto_l09,HKB2/HKB5,L09,"Elektrische Grundlagen, Batterie, Starter und Generator",easy,single_choice,Welche Aussage beschreibt das Thema Drehstromgenerator im Beruf Automobil-Mechatroniker/in EFZ am besten?,er ist ein Bremsventil bei sachgemässer Ausführung,er verbraucht Bremsflüssigkeit nach gängiger Praxis,er erzeugt elektrische Energie und lädt die Batterie,er ersetzt den Starter im üblichen Berufsalltag,C,Der Generator versorgt Verbraucher und Batterie.,"Bildungsplan Automobil-Mechatroniker/in EFZ, AGVS/SBFI",https://bzwu.ch/wp-content/uploads/2021/04/Bildungsplan_Automobil_Mechatroniker.pdf
automechaniker,Automobil-Mechatroniker/in EFZ,auto_l09,HKB2/HKB5,L09,"Elektrische Grundlagen, Batterie, Starter und Generator",medium,single_choice,Worauf muss man beim Thema Drehstromgenerator in der Werkstatt besonders achten?,er ist ein Bremsventil im laufenden Tagesgeschäft,er verbraucht Bremsflüssigkeit im Produktionsalltag,er ersetzt den Starter im Werkstattumfeld,er erzeugt elektrische Energie und lädt die Batterie,D,Der Generator versorgt Verbraucher und Batterie.,"Bildungsplan Automobil-Mechatroniker/in EFZ, AGVS/SBFI",https://bzwu.ch/wp-content/uploads/2021/04/Bildungsplan_Automobil_Mechatroniker.pdf
automechaniker,Automobil-Mechatroniker/in EFZ,auto_l09,HKB2/HKB5,L09,"Elektrische Grundlagen, Batterie, Starter und Generator",hard,single_choice,Welche Aussage zum Thema Drehstromgenerator ist fachlich korrekt?,er erzeugt elektrische Energie und lädt die Batterie,er ist ein Bremsventil nach gängiger Praxis,er verbraucht Bremsflüssigkeit im Rahmen der Routine,er ersetzt den Starter unter typischen Arbeitsbedingungen,A,Der Generator versorgt Verbraucher und Batterie.,"Bildungsplan Automobil-Mechatroniker/in EFZ, AGVS/SBFI",https://bzwu.ch/wp-content/uploads/2021/04/Bildungsplan_Automobil_Mechatroniker.pdf
automechaniker,Automobil-Mechatroniker/in EFZ,auto_l09,HKB2/HKB5,L09,"Elektrische Grundlagen, Batterie, Starter und Generator",easy,single_choice,Welche Aussage beschreibt das Thema Starter im Beruf Automobil-Mechatroniker/in EFZ am besten?,er erzeugt Abgasnachbehandlung im normalen Werkstattbetrieb,er dreht den Verbrennungsmotor zum Starten durch,er ersetzt die Kupplung bei sachgemässem Ablauf,er misst Reifendruck im Produktionsalltag,B,Starter benötigen hohe Ströme und gute Leitungsverbindungen.,"Bildungsplan Automobil-Mechatroniker/in EFZ, AGVS/SBFI",https://bzwu.ch/wp-content/uploads/2021/04/Bildungsplan_Automobil_Mechatroniker.pdf
automechaniker,Automobil-Mechatroniker/in EFZ,auto_l09,HKB2/HKB5,L09,"Elektrische Grundlagen, Batterie, Starter und Generator",medium,single_choice,Worauf muss man beim Thema Starter in der Werkstatt besonders achten?,er erzeugt Abgasnachbehandlung im konkreten Auftrag,er ersetzt die Kupplung bei vergleichbaren Aufgaben,er dreht den Verbrennungsmotor zum Starten durch,er misst Reifendruck im Rahmen der Routine,C,Starter benötigen hohe Ströme und gute Leitungsverbindungen.,"Bildungsplan Automobil-Mechatroniker/in EFZ, AGVS/SBFI",https://bzwu.ch/wp-content/uploads/2021/04/Bildungsplan_Automobil_Mechatroniker.pdf
automechaniker,Automobil-Mechatroniker/in EFZ,auto_l09,HKB2/HKB5,L09,"Elektrische Grundlagen, Batterie, Starter und Generator",hard,single_choice,Welche Aussage zum Thema Starter ist fachlich korrekt?,er erzeugt Abgasnachbehandlung im üblichen Berufsalltag,er ersetzt die Kupplung bei sachgemässer Ausführung,er misst Reifendruck im normalen Werkstattbetrieb,er dreht den Verbrennungsmotor zum Starten durch,D,Starter benötigen hohe Ströme und gute Leitungsverbindungen.,"Bildungsplan Automobil-Mechatroniker/in EFZ, AGVS/SBFI",https://bzwu.ch/wp-content/uploads/2021/04/Bildungsplan_Automobil_Mechatroniker.pdf
automechaniker,Automobil-Mechatroniker/in EFZ,auto_l09,HKB2/HKB5,L09,"Elektrische Grundlagen, Batterie, Starter und Generator",easy,single_choice,Welche Aussage beschreibt das Thema Spannungsabfall im Beruf Automobil-Mechatroniker/in EFZ am besten?,"er zeigt Verluste an Leitungen, Anschlüssen oder Kontakten",er ist immer erwünscht im laufenden Tagesgeschäft,er misst Ölviskosität im konkreten Auftrag im Produktionsalltag,er entsteht nur in Reifen im Werkstattumfeld,A,Spannungsabfallmessungen finden Übergangswiderstände.,"Bildungsplan Automobil-Mechatroniker/in EFZ, AGVS/SBFI",https://bzwu.ch/wp-content/uploads/2021/04/Bildungsplan_Automobil_Mechatroniker.pdf
automechaniker,Automobil-Mechatroniker/in EFZ,auto_l09,HKB2/HKB5,L09,"Elektrische Grundlagen, Batterie, Starter und Generator",medium,single_choice,Worauf muss man beim Thema Spannungsabfall in der Werkstatt besonders achten?,er ist immer erwünscht nach gängiger Praxis,"er zeigt Verluste an Leitungen, Anschlüssen oder Kontakten",er misst Ölviskosität im üblichen Berufsalltag,er entsteht nur in Reifen unter typischen Arbeitsbedingungen,B,Spannungsabfallmessungen finden Übergangswiderstände.,"Bildungsplan Automobil-Mechatroniker/in EFZ, AGVS/SBFI",https://bzwu.ch/wp-content/uploads/2021/04/Bildungsplan_Automobil_Mechatroniker.pdf
automechaniker,Automobil-Mechatroniker/in EFZ,auto_l09,HKB2/HKB5,L09,"Elektrische Grundlagen, Batterie, Starter und Generator",hard,single_choice,Welche Aussage zum Thema Spannungsabfall ist fachlich korrekt?,er ist immer erwünscht im Produktionsalltag,er misst Ölviskosität im Werkstattumfeld im normalen Werkstattbetrieb,"er zeigt Verluste an Leitungen, Anschlüssen oder Kontakten",er entsteht nur in Reifen bei sachgemässem Ablauf,C,Spannungsabfallmessungen finden Übergangswiderstände.,"Bildungsplan Automobil-Mechatroniker/in EFZ, AGVS/SBFI",https://bzwu.ch/wp-content/uploads/2021/04/Bildungsplan_Automobil_Mechatroniker.pdf
automechaniker,Automobil-Mechatroniker/in EFZ,auto_l09,HKB2/HKB5,L09,"Elektrische Grundlagen, Batterie, Starter und Generator",easy,single_choice,Welche Aussage beschreibt das Thema Ruhestrom im Beruf Automobil-Mechatroniker/in EFZ am besten?,er darf beliebig hoch sein bei vergleichbaren Aufgaben,er ist der Starterstrom unter typischen Arbeitsbedingungen,er wird in Liter gemessen im Rahmen der Routine,er ist Stromverbrauch bei ausgeschaltetem Fahrzeug,D,Zu hoher Ruhestrom entlädt Batterien.,"Bildungsplan Automobil-Mechatroniker/in EFZ, AGVS/SBFI",https://bzwu.ch/wp-content/uploads/2021/04/Bildungsplan_Automobil_Mechatroniker.pdf
automechaniker,Automobil-Mechatroniker/in EFZ,auto_l09,HKB2/HKB5,L09,"Elektrische Grundlagen, Batterie, Starter und Generator",medium,single_choice,Worauf muss man beim Thema Ruhestrom in der Werkstatt besonders achten?,er ist Stromverbrauch bei ausgeschaltetem Fahrzeug,er darf beliebig hoch sein bei sachgemässer Ausführung,er ist der Starterstrom bei sachgemässem Ablauf,er wird in Liter gemessen im normalen Werkstattbetrieb,A,Zu hoher Ruhestrom entlädt Batterien.,"Bildungsplan Automobil-Mechatroniker/in EFZ, AGVS/SBFI",https://bzwu.ch/wp-content/uploads/2021/04/Bildungsplan_Automobil_Mechatroniker.pdf
automechaniker,Automobil-Mechatroniker/in EFZ,auto_l09,HKB2/HKB5,L09,"Elektrische Grundlagen, Batterie, Starter und Generator",hard,single_choice,Welche Aussage zum Thema Ruhestrom ist fachlich korrekt?,er darf beliebig hoch sein im laufenden Tagesgeschäft,er ist Stromverbrauch bei ausgeschaltetem Fahrzeug,er ist der Starterstrom bei vergleichbaren Aufgaben,er wird in Liter gemessen im konkreten Auftrag,B,Zu hoher Ruhestrom entlädt Batterien.,"Bildungsplan Automobil-Mechatroniker/in EFZ, AGVS/SBFI",https://bzwu.ch/wp-content/uploads/2021/04/Bildungsplan_Automobil_Mechatroniker.pdf
automechaniker,Automobil-Mechatroniker/in EFZ,auto_l09,HKB2/HKB5,L09,"Elektrische Grundlagen, Batterie, Starter und Generator",easy,single_choice,Welche Aussage beschreibt das Thema Relais im Beruf Automobil-Mechatroniker/in EFZ am besten?,es speichert Kraftstoff im üblichen Berufsalltag,es erhöht Reifendruck bei sachgemässer Ausführung,es schaltet grössere Ströme mit einem Steuerstrom,es ist ein mechanisches Getriebe nach gängiger Praxis,C,Relais trennen Steuer- und Lastkreis.,"Bildungsplan Automobil-Mechatroniker/in EFZ, AGVS/SBFI",https://bzwu.ch/wp-content/uploads/2021/04/Bildungsplan_Automobil_Mechatroniker.pdf
automechaniker,Automobil-Mechatroniker/in EFZ,auto_l09,HKB2/HKB5,L09,"Elektrische Grundlagen, Batterie, Starter und Generator",medium,single_choice,Worauf muss man beim Thema Relais in der Werkstatt besonders achten?,es speichert Kraftstoff im Werkstattumfeld,es erhöht Reifendruck im laufenden Tagesgeschäft,es ist ein mechanisches Getriebe im Produktionsalltag,es schaltet grössere Ströme mit einem Steuerstrom,D,Relais trennen Steuer- und Lastkreis.,"Bildungsplan Automobil-Mechatroniker/in EFZ, AGVS/SBFI",https://bzwu.ch/wp-content/uploads/2021/04/Bildungsplan_Automobil_Mechatroniker.pdf
automechaniker,Automobil-Mechatroniker/in EFZ,auto_l09,HKB2/HKB5,L09,"Elektrische Grundlagen, Batterie, Starter und Generator",hard,single_choice,Welche Aussage zum Thema Relais ist fachlich korrekt?,es schaltet grössere Ströme mit einem Steuerstrom,es speichert Kraftstoff unter typischen Arbeitsbedingungen,es erhöht Reifendruck nach gängiger Praxis,es ist ein mechanisches Getriebe im Rahmen der Routine,A,Relais trennen Steuer- und Lastkreis.,"Bildungsplan Automobil-Mechatroniker/in EFZ, AGVS/SBFI",https://bzwu.ch/wp-content/uploads/2021/04/Bildungsplan_Automobil_Mechatroniker.pdf
automechaniker,Automobil-Mechatroniker/in EFZ,auto_l09,HKB2/HKB5,L09,"Elektrische Grundlagen, Batterie, Starter und Generator",easy,single_choice,Welche Aussage beschreibt das Thema Sicherung im Beruf Automobil-Mechatroniker/in EFZ am besten?,sie schützt Personen vor jeder Spannung,sie schützt Leitungen vor Überlast und Kurzschluss,sie erhöht den Strom im Produktionsalltag,sie ersetzt die Fehlerdiagnose bei sachgemässem Ablauf,B,Sicherungen verhindern Leitungsbrand bei zu hohem Strom.,"Bildungsplan Automobil-Mechatroniker/in EFZ, AGVS/SBFI",https://bzwu.ch/wp-content/uploads/2021/04/Bildungsplan_Automobil_Mechatroniker.pdf
automechaniker,Automobil-Mechatroniker/in EFZ,auto_l09,HKB2/HKB5,L09,"Elektrische Grundlagen, Batterie, Starter und Generator",medium,single_choice,Worauf muss man beim Thema Sicherung in der Werkstatt besonders achten?,sie schützt Personen vor jeder Spannung,sie erhöht den Strom im Rahmen der Routine,sie schützt Leitungen vor Überlast und Kurzschluss,sie ersetzt die Fehlerdiagnose bei vergleichbaren Aufgaben,C,Sicherungen verhindern Leitungsbrand bei zu hohem Strom.,"Bildungsplan Automobil-Mechatroniker/in EFZ, AGVS/SBFI",https://bzwu.ch/wp-content/uploads/2021/04/Bildungsplan_Automobil_Mechatroniker.pdf
automechaniker,Automobil-Mechatroniker/in EFZ,auto_l09,HKB2/HKB5,L09,"Elektrische Grundlagen, Batterie, Starter und Generator",hard,single_choice,Welche Aussage zum Thema Sicherung ist fachlich korrekt?,sie schützt Personen vor jeder Spannung,sie erhöht den Strom im normalen Werkstattbetrieb,sie ersetzt die Fehlerdiagnose bei sachgemässer Ausführung,sie schützt Leitungen vor Überlast und Kurzschluss,D,Sicherungen verhindern Leitungsbrand bei zu hohem Strom.,"Bildungsplan Automobil-Mechatroniker/in EFZ, AGVS/SBFI",https://bzwu.ch/wp-content/uploads/2021/04/Bildungsplan_Automobil_Mechatroniker.pdf
automechaniker,Automobil-Mechatroniker/in EFZ,auto_l09,HKB2/HKB5,L09,"Elektrische Grundlagen, Batterie, Starter und Generator",easy,single_choice,Welche Aussage beschreibt das Thema Multimeter im Beruf Automobil-Mechatroniker/in EFZ am besten?,"es misst Spannung, Widerstand und je nach Anschluss Strom",es befüllt Klimaanlagen im konkreten Auftrag,es misst Reifenprofil automatisch im Werkstattumfeld,es ersetzt Oszilloskop immer im laufenden Tagesgeschäft,A,Messgeräte müssen richtig angeschlossen und eingestellt werden.,"Bildungsplan Automobil-Mechatroniker/in EFZ, AGVS/SBFI",https://bzwu.ch/wp-content/uploads/2021/04/Bildungsplan_Automobil_Mechatroniker.pdf
automechaniker,Automobil-Mechatroniker/in EFZ,auto_l09,HKB2/HKB5,L09,"Elektrische Grundlagen, Batterie, Starter und Generator",medium,single_choice,Worauf muss man beim Thema Multimeter in der Werkstatt besonders achten?,es befüllt Klimaanlagen im üblichen Berufsalltag,"es misst Spannung, Widerstand und je nach Anschluss Strom",es misst Reifenprofil automatisch unter typischen Arbeitsbedingungen,es ersetzt Oszilloskop immer nach gängiger Praxis,B,Messgeräte müssen richtig angeschlossen und eingestellt werden.,"Bildungsplan Automobil-Mechatroniker/in EFZ, AGVS/SBFI",https://bzwu.ch/wp-content/uploads/2021/04/Bildungsplan_Automobil_Mechatroniker.pdf
automechaniker,Automobil-Mechatroniker/in EFZ,auto_l09,HKB2/HKB5,L09,"Elektrische Grundlagen, Batterie, Starter und Generator",hard,single_choice,Welche Aussage zum Thema Multimeter ist fachlich korrekt?,es befüllt Klimaanlagen im Werkstattumfeld,es misst Reifenprofil automatisch bei sachgemässem Ablauf,"es misst Spannung, Widerstand und je nach Anschluss Strom",es ersetzt Oszilloskop immer im Produktionsalltag,C,Messgeräte müssen richtig angeschlossen und eingestellt werden.,"Bildungsplan Automobil-Mechatroniker/in EFZ, AGVS/SBFI",https://bzwu.ch/wp-content/uploads/2021/04/Bildungsplan_Automobil_Mechatroniker.pdf
automechaniker,Automobil-Mechatroniker/in EFZ,auto_l09,HKB2/HKB5,L09,"Elektrische Grundlagen, Batterie, Starter und Generator",easy,single_choice,Welche Aussage beschreibt das Thema Polung im Beruf Automobil-Mechatroniker/in EFZ am besten?,Verpolung ist ungefährlich unter typischen Arbeitsbedingungen,Farben sind immer ausreichend bei vergleichbaren Aufgaben,Batterien haben keine Pole im Rahmen der Routine,Plus und Minus müssen beim Anschliessen korrekt beachtet werden,D,Verpolung kann Steuergeräte und Batterien beschädigen.,"Bildungsplan Automobil-Mechatroniker/in EFZ, AGVS/SBFI",https://bzwu.ch/wp-content/uploads/2021/04/Bildungsplan_Automobil_Mechatroniker.pdf
automechaniker,Automobil-Mechatroniker/in EFZ,auto_l09,HKB2/HKB5,L09,"Elektrische Grundlagen, Batterie, Starter und Generator",medium,single_choice,Worauf muss man beim Thema Polung in der Werkstatt besonders achten?,Plus und Minus müssen beim Anschliessen korrekt beachtet werden,Verpolung ist ungefährlich bei sachgemässem Ablauf,Farben sind immer ausreichend bei sachgemässer Ausführung,Batterien haben keine Pole im normalen Werkstattbetrieb,A,Verpolung kann Steuergeräte und Batterien beschädigen.,"Bildungsplan Automobil-Mechatroniker/in EFZ, AGVS/SBFI",https://bzwu.ch/wp-content/uploads/2021/04/Bildungsplan_Automobil_Mechatroniker.pdf
automechaniker,Automobil-Mechatroniker/in EFZ,auto_l09,HKB2/HKB5,L09,"Elektrische Grundlagen, Batterie, Starter und Generator",hard,single_choice,Welche Aussage zum Thema Polung ist fachlich korrekt?,Verpolung ist ungefährlich bei vergleichbaren Aufgaben,Plus und Minus müssen beim Anschliessen korrekt beachtet werden,Farben sind immer ausreichend im laufenden Tagesgeschäft,Batterien haben keine Pole im konkreten Auftrag,B,Verpolung kann Steuergeräte und Batterien beschädigen.,"Bildungsplan Automobil-Mechatroniker/in EFZ, AGVS/SBFI",https://bzwu.ch/wp-content/uploads/2021/04/Bildungsplan_Automobil_Mechatroniker.pdf
automechaniker,Automobil-Mechatroniker/in EFZ,auto_l10,HKB4/HKB5,L10,"Licht-, Signal- und Bordnetzsysteme",easy,single_choice,Welche Aussage beschreibt das Thema Bordnetz im Beruf Automobil-Mechatroniker/in EFZ am besten?,es ist nur der Unterbodenschutz nach gängiger Praxis,es ersetzt alle Sicherungen bei sachgemässer Ausführung,es verteilt elektrische Energie und Signale im Fahrzeug,es besteht nur aus Glühlampen im üblichen Berufsalltag,C,"Das Bordnetz verbindet Verbraucher, Steuergeräte und Stromversorgung.","Bildungsplan Automobil-Mechatroniker/in EFZ, AGVS/SBFI",https://bzwu.ch/wp-content/uploads/2021/04/Bildungsplan_Automobil_Mechatroniker.pdf
automechaniker,Automobil-Mechatroniker/in EFZ,auto_l10,HKB4/HKB5,L10,"Licht-, Signal- und Bordnetzsysteme",medium,single_choice,Worauf muss man beim Thema Bordnetz in der Werkstatt besonders achten?,es ist nur der Unterbodenschutz im Produktionsalltag,es ersetzt alle Sicherungen im laufenden Tagesgeschäft,es besteht nur aus Glühlampen im Werkstattumfeld,es verteilt elektrische Energie und Signale im Fahrzeug,D,"Das Bordnetz verbindet Verbraucher, Steuergeräte und Stromversorgung.","Bildungsplan Automobil-Mechatroniker/in EFZ, AGVS/SBFI",https://bzwu.ch/wp-content/uploads/2021/04/Bildungsplan_Automobil_Mechatroniker.pdf
automechaniker,Automobil-Mechatroniker/in EFZ,auto_l10,HKB4/HKB5,L10,"Licht-, Signal- und Bordnetzsysteme",hard,single_choice,Welche Aussage zum Thema Bordnetz ist fachlich korrekt?,es verteilt elektrische Energie und Signale im Fahrzeug,es ist nur der Unterbodenschutz im Rahmen der Routine,es ersetzt alle Sicherungen nach gängiger Praxis,es besteht nur aus Glühlampen unter typischen Arbeitsbedingungen,A,"Das Bordnetz verbindet Verbraucher, Steuergeräte und Stromversorgung.","Bildungsplan Automobil-Mechatroniker/in EFZ, AGVS/SBFI",https://bzwu.ch/wp-content/uploads/2021/04/Bildungsplan_Automobil_Mechatroniker.pdf
automechaniker,Automobil-Mechatroniker/in EFZ,auto_l10,HKB4/HKB5,L10,"Licht-, Signal- und Bordnetzsysteme",easy,single_choice,Welche Aussage beschreibt das Thema Schaltplan im Beruf Automobil-Mechatroniker/in EFZ am besten?,er ist ein Reifenlabel im Produktionsalltag bei sachgemässer Ausführung,"er zeigt Leitungen, Bauteile, Steckverbindungen und Signalwege",er ersetzt die Messung vollständig im normalen Werkstattbetrieb,er zeigt nur Lackfarben bei sachgemässem Ablauf,B,Schaltpläne sind Grundlage für elektrische Diagnose.,"Bildungsplan Automobil-Mechatroniker/in EFZ, AGVS/SBFI",https://bzwu.ch/wp-content/uploads/2021/04/Bildungsplan_Automobil_Mechatroniker.pdf
automechaniker,Automobil-Mechatroniker/in EFZ,auto_l10,HKB4/HKB5,L10,"Licht-, Signal- und Bordnetzsysteme",medium,single_choice,Worauf muss man beim Thema Schaltplan in der Werkstatt besonders achten?,er ist ein Reifenlabel im Rahmen der Routine,er ersetzt die Messung vollständig im konkreten Auftrag,"er zeigt Leitungen, Bauteile, Steckverbindungen und Signalwege",er zeigt nur Lackfarben bei vergleichbaren Aufgaben,C,Schaltpläne sind Grundlage für elektrische Diagnose.,"Bildungsplan Automobil-Mechatroniker/in EFZ, AGVS/SBFI",https://bzwu.ch/wp-content/uploads/2021/04/Bildungsplan_Automobil_Mechatroniker.pdf
automechaniker,Automobil-Mechatroniker/in EFZ,auto_l10,HKB4/HKB5,L10,"Licht-, Signal- und Bordnetzsysteme",hard,single_choice,Welche Aussage zum Thema Schaltplan ist fachlich korrekt?,er ist ein Reifenlabel im normalen Werkstattbetrieb,er ersetzt die Messung vollständig im üblichen Berufsalltag,er zeigt nur Lackfarben bei sachgemässer Ausführung,"er zeigt Leitungen, Bauteile, Steckverbindungen und Signalwege",D,Schaltpläne sind Grundlage für elektrische Diagnose.,"Bildungsplan Automobil-Mechatroniker/in EFZ, AGVS/SBFI",https://bzwu.ch/wp-content/uploads/2021/04/Bildungsplan_Automobil_Mechatroniker.pdf
automechaniker,Automobil-Mechatroniker/in EFZ,auto_l10,HKB4/HKB5,L10,"Licht-, Signal- und Bordnetzsysteme",easy,single_choice,Welche Aussage beschreibt das Thema Masseverbindung im Beruf Automobil-Mechatroniker/in EFZ am besten?,sie schliesst Stromkreise und muss niederohmig sein,sie ist nur Fahrzeuggewicht im Werkstattumfeld,sie darf korrodiert sein im laufenden Tagesgeschäft,sie ersetzt Plusleitung im konkreten Auftrag,A,Schlechte Masse verursacht viele elektrische Fehler.,"Bildungsplan Automobil-Mechatroniker/in EFZ, AGVS/SBFI",https://bzwu.ch/wp-content/uploads/2021/04/Bildungsplan_Automobil_Mechatroniker.pdf
automechaniker,Automobil-Mechatroniker/in EFZ,auto_l10,HKB4/HKB5,L10,"Licht-, Signal- und Bordnetzsysteme",medium,single_choice,Worauf muss man beim Thema Masseverbindung in der Werkstatt besonders achten?,sie ist nur Fahrzeuggewicht unter typischen Arbeitsbedingungen,sie schliesst Stromkreise und muss niederohmig sein,sie darf korrodiert sein nach gängiger Praxis,sie ersetzt Plusleitung im üblichen Berufsalltag,B,Schlechte Masse verursacht viele elektrische Fehler.,"Bildungsplan Automobil-Mechatroniker/in EFZ, AGVS/SBFI",https://bzwu.ch/wp-content/uploads/2021/04/Bildungsplan_Automobil_Mechatroniker.pdf
automechaniker,Automobil-Mechatroniker/in EFZ,auto_l10,HKB4/HKB5,L10,"Licht-, Signal- und Bordnetzsysteme",hard,single_choice,Welche Aussage zum Thema Masseverbindung ist fachlich korrekt?,sie ist nur Fahrzeuggewicht bei sachgemässem Ablauf,sie darf korrodiert sein im Produktionsalltag,sie schliesst Stromkreise und muss niederohmig sein,sie ersetzt Plusleitung im Werkstattumfeld,C,Schlechte Masse verursacht viele elektrische Fehler.,"Bildungsplan Automobil-Mechatroniker/in EFZ, AGVS/SBFI",https://bzwu.ch/wp-content/uploads/2021/04/Bildungsplan_Automobil_Mechatroniker.pdf
automechaniker,Automobil-Mechatroniker/in EFZ,auto_l10,HKB4/HKB5,L10,"Licht-, Signal- und Bordnetzsysteme",easy,single_choice,Welche Aussage beschreibt das Thema LED-Leuchtmittel im Beruf Automobil-Mechatroniker/in EFZ am besten?,LEDs sind immer beliebig austauschbar,sie brauchen nie Elektronik im Rahmen der Routine,sie erzeugen Bremsdruck unter typischen Arbeitsbedingungen,"Polung, Kühlung und Steuerung sind zu beachten",D,LED-Systeme unterscheiden sich von Glühlampen.,"Bildungsplan Automobil-Mechatroniker/in EFZ, AGVS/SBFI",https://bzwu.ch/wp-content/uploads/2021/04/Bildungsplan_Automobil_Mechatroniker.pdf
automechaniker,Automobil-Mechatroniker/in EFZ,auto_l10,HKB4/HKB5,L10,"Licht-, Signal- und Bordnetzsysteme",medium,single_choice,Worauf muss man beim Thema LED-Leuchtmittel in der Werkstatt besonders achten?,"Polung, Kühlung und Steuerung sind zu beachten",LEDs sind immer beliebig austauschbar,sie brauchen nie Elektronik im normalen Werkstattbetrieb,sie erzeugen Bremsdruck bei sachgemässem Ablauf,A,LED-Systeme unterscheiden sich von Glühlampen.,"Bildungsplan Automobil-Mechatroniker/in EFZ, AGVS/SBFI",https://bzwu.ch/wp-content/uploads/2021/04/Bildungsplan_Automobil_Mechatroniker.pdf
automechaniker,Automobil-Mechatroniker/in EFZ,auto_l10,HKB4/HKB5,L10,"Licht-, Signal- und Bordnetzsysteme",hard,single_choice,Welche Aussage zum Thema LED-Leuchtmittel ist fachlich korrekt?,LEDs sind immer beliebig austauschbar,"Polung, Kühlung und Steuerung sind zu beachten",sie brauchen nie Elektronik im konkreten Auftrag,sie erzeugen Bremsdruck bei vergleichbaren Aufgaben,B,LED-Systeme unterscheiden sich von Glühlampen.,"Bildungsplan Automobil-Mechatroniker/in EFZ, AGVS/SBFI",https://bzwu.ch/wp-content/uploads/2021/04/Bildungsplan_Automobil_Mechatroniker.pdf
automechaniker,Automobil-Mechatroniker/in EFZ,auto_l10,HKB4/HKB5,L10,"Licht-, Signal- und Bordnetzsysteme",easy,single_choice,Welche Aussage beschreibt das Thema geregeltes Lichtsystem im Beruf Automobil-Mechatroniker/in EFZ am besten?,es ist ein einfacher Kerzenschalter nach gängiger Praxis,Einstellung ist nie nötig bei sachgemässer Ausführung,Sensoren und Steuergeräte passen Lichtverteilung an,Sensoren dürfen abgedeckt werden im üblichen Berufsalltag,C,Adaptive Lichtsysteme müssen korrekt eingestellt und kalibriert sein.,"Bildungsplan Automobil-Mechatroniker/in EFZ, AGVS/SBFI",https://bzwu.ch/wp-content/uploads/2021/04/Bildungsplan_Automobil_Mechatroniker.pdf
automechaniker,Automobil-Mechatroniker/in EFZ,auto_l10,HKB4/HKB5,L10,"Licht-, Signal- und Bordnetzsysteme",medium,single_choice,Worauf muss man beim Thema geregeltes Lichtsystem in der Werkstatt besonders achten?,es ist ein einfacher Kerzenschalter im Produktionsalltag,Einstellung ist nie nötig im laufenden Tagesgeschäft,Sensoren dürfen abgedeckt werden im Werkstattumfeld,Sensoren und Steuergeräte passen Lichtverteilung an,D,Adaptive Lichtsysteme müssen korrekt eingestellt und kalibriert sein.,"Bildungsplan Automobil-Mechatroniker/in EFZ, AGVS/SBFI",https://bzwu.ch/wp-content/uploads/2021/04/Bildungsplan_Automobil_Mechatroniker.pdf
automechaniker,Automobil-Mechatroniker/in EFZ,auto_l10,HKB4/HKB5,L10,"Licht-, Signal- und Bordnetzsysteme",hard,single_choice,Welche Aussage zum Thema geregeltes Lichtsystem ist fachlich korrekt?,Sensoren und Steuergeräte passen Lichtverteilung an,es ist ein einfacher Kerzenschalter im Rahmen der Routine,Einstellung ist nie nötig nach gängiger Praxis,Sensoren dürfen abgedeckt werden unter typischen Arbeitsbedingungen,A,Adaptive Lichtsysteme müssen korrekt eingestellt und kalibriert sein.,"Bildungsplan Automobil-Mechatroniker/in EFZ, AGVS/SBFI",https://bzwu.ch/wp-content/uploads/2021/04/Bildungsplan_Automobil_Mechatroniker.pdf
automechaniker,Automobil-Mechatroniker/in EFZ,auto_l10,HKB4/HKB5,L10,"Licht-, Signal- und Bordnetzsysteme",easy,single_choice,Welche Aussage beschreibt das Thema Blinkanlage im Beruf Automobil-Mechatroniker/in EFZ am besten?,Blinker sind freiwillig im Produktionsalltag,"Frequenz, Leuchtmittel und Anhängerbetrieb kontrollieren",schnelle Frequenz immer ignorieren im normalen Werkstattbetrieb,Anhänger hat keinen Einfluss bei sachgemässem Ablauf,B,Blinker sind Signalanlagen mit gesetzlichen Anforderungen.,"Bildungsplan Automobil-Mechatroniker/in EFZ, AGVS/SBFI",https://bzwu.ch/wp-content/uploads/2021/04/Bildungsplan_Automobil_Mechatroniker.pdf
automechaniker,Automobil-Mechatroniker/in EFZ,auto_l10,HKB4/HKB5,L10,"Licht-, Signal- und Bordnetzsysteme",medium,single_choice,Worauf muss man beim Thema Blinkanlage in der Werkstatt besonders achten?,Blinker sind freiwillig im Rahmen der Routine,schnelle Frequenz immer ignorieren im konkreten Auftrag,"Frequenz, Leuchtmittel und Anhängerbetrieb kontrollieren",Anhänger hat keinen Einfluss bei vergleichbaren Aufgaben,C,Blinker sind Signalanlagen mit gesetzlichen Anforderungen.,"Bildungsplan Automobil-Mechatroniker/in EFZ, AGVS/SBFI",https://bzwu.ch/wp-content/uploads/2021/04/Bildungsplan_Automobil_Mechatroniker.pdf
automechaniker,Automobil-Mechatroniker/in EFZ,auto_l10,HKB4/HKB5,L10,"Licht-, Signal- und Bordnetzsysteme",hard,single_choice,Welche Aussage zum Thema Blinkanlage ist fachlich korrekt?,Blinker sind freiwillig im normalen Werkstattbetrieb,schnelle Frequenz immer ignorieren im üblichen Berufsalltag,Anhänger hat keinen Einfluss bei sachgemässer Ausführung,"Frequenz, Leuchtmittel und Anhängerbetrieb kontrollieren",D,Blinker sind Signalanlagen mit gesetzlichen Anforderungen.,"Bildungsplan Automobil-Mechatroniker/in EFZ, AGVS/SBFI",https://bzwu.ch/wp-content/uploads/2021/04/Bildungsplan_Automobil_Mechatroniker.pdf
automechaniker,Automobil-Mechatroniker/in EFZ,auto_l10,HKB4/HKB5,L10,"Licht-, Signal- und Bordnetzsysteme",easy,single_choice,Welche Aussage beschreibt das Thema CAN-Bus im Beruf Automobil-Mechatroniker/in EFZ am besten?,Steuergeräte tauschen digitale Nachrichten über Datenleitungen aus,er transportiert Motoröl im laufenden Tagesgeschäft,er ist ein Keilriemen im konkreten Auftrag im Produktionsalltag,er ist nur ein Lautsprecher im Werkstattumfeld bei sachgemässem Ablauf,A,Datenbusse vernetzen moderne Fahrzeugsysteme.,"Bildungsplan Automobil-Mechatroniker/in EFZ, AGVS/SBFI",https://bzwu.ch/wp-content/uploads/2021/04/Bildungsplan_Automobil_Mechatroniker.pdf
automechaniker,Automobil-Mechatroniker/in EFZ,auto_l10,HKB4/HKB5,L10,"Licht-, Signal- und Bordnetzsysteme",medium,single_choice,Worauf muss man beim Thema CAN-Bus in der Werkstatt besonders achten?,er transportiert Motoröl nach gängiger Praxis im Rahmen der Routine,Steuergeräte tauschen digitale Nachrichten über Datenleitungen aus,er ist ein Keilriemen im üblichen Berufsalltag bei vergleichbaren Aufgaben,er ist nur ein Lautsprecher unter typischen Arbeitsbedingungen,B,Datenbusse vernetzen moderne Fahrzeugsysteme.,"Bildungsplan Automobil-Mechatroniker/in EFZ, AGVS/SBFI",https://bzwu.ch/wp-content/uploads/2021/04/Bildungsplan_Automobil_Mechatroniker.pdf
automechaniker,Automobil-Mechatroniker/in EFZ,auto_l10,HKB4/HKB5,L10,"Licht-, Signal- und Bordnetzsysteme",hard,single_choice,Welche Aussage zum Thema CAN-Bus ist fachlich korrekt?,er transportiert Motoröl im Produktionsalltag bei sachgemässer Ausführung,er ist ein Keilriemen im Werkstattumfeld im normalen Werkstattbetrieb,Steuergeräte tauschen digitale Nachrichten über Datenleitungen aus,er ist nur ein Lautsprecher bei sachgemässem Ablauf,C,Datenbusse vernetzen moderne Fahrzeugsysteme.,"Bildungsplan Automobil-Mechatroniker/in EFZ, AGVS/SBFI",https://bzwu.ch/wp-content/uploads/2021/04/Bildungsplan_Automobil_Mechatroniker.pdf
automechaniker,Automobil-Mechatroniker/in EFZ,auto_l10,HKB4/HKB5,L10,"Licht-, Signal- und Bordnetzsysteme",easy,single_choice,Welche Aussage beschreibt das Thema Kurzschluss im Beruf Automobil-Mechatroniker/in EFZ am besten?,er erhöht immer die Batteriespannung bei vergleichbaren Aufgaben,er ist eine normale Funktion im Rahmen der Routine,er entsteht nur mechanisch unter typischen Arbeitsbedingungen,ein ungewollt niederohmiger Strompfad kann Sicherungen auslösen,D,Kurzschlüsse können Leitungen und Bauteile gefährden.,"Bildungsplan Automobil-Mechatroniker/in EFZ, AGVS/SBFI",https://bzwu.ch/wp-content/uploads/2021/04/Bildungsplan_Automobil_Mechatroniker.pdf
automechaniker,Automobil-Mechatroniker/in EFZ,auto_l10,HKB4/HKB5,L10,"Licht-, Signal- und Bordnetzsysteme",medium,single_choice,Worauf muss man beim Thema Kurzschluss in der Werkstatt besonders achten?,ein ungewollt niederohmiger Strompfad kann Sicherungen auslösen,er erhöht immer die Batteriespannung bei sachgemässer Ausführung,er ist eine normale Funktion im normalen Werkstattbetrieb,er entsteht nur mechanisch bei sachgemässem Ablauf,A,Kurzschlüsse können Leitungen und Bauteile gefährden.,"Bildungsplan Automobil-Mechatroniker/in EFZ, AGVS/SBFI",https://bzwu.ch/wp-content/uploads/2021/04/Bildungsplan_Automobil_Mechatroniker.pdf
automechaniker,Automobil-Mechatroniker/in EFZ,auto_l10,HKB4/HKB5,L10,"Licht-, Signal- und Bordnetzsysteme",hard,single_choice,Welche Aussage zum Thema Kurzschluss ist fachlich korrekt?,er erhöht immer die Batteriespannung im laufenden Tagesgeschäft,ein ungewollt niederohmiger Strompfad kann Sicherungen auslösen,er ist eine normale Funktion im konkreten Auftrag,er entsteht nur mechanisch bei vergleichbaren Aufgaben,B,Kurzschlüsse können Leitungen und Bauteile gefährden.,"Bildungsplan Automobil-Mechatroniker/in EFZ, AGVS/SBFI",https://bzwu.ch/wp-content/uploads/2021/04/Bildungsplan_Automobil_Mechatroniker.pdf
automechaniker,Automobil-Mechatroniker/in EFZ,auto_l10,HKB4/HKB5,L10,"Licht-, Signal- und Bordnetzsysteme",easy,single_choice,Welche Aussage beschreibt das Thema Leitungsreparatur im Beruf Automobil-Mechatroniker/in EFZ am besten?,Kabel verdrillen und offen lassen im üblichen Berufsalltag,beliebigen Querschnitt wählen bei sachgemässer Ausführung,"Querschnitt, Verbindungstechnik, Abdichtung und Zugentlastung beachten",Sicherheitsleitungen ohne Vorgabe reparieren nach gängiger Praxis,C,Fachgerechte Leitungsreparaturen verhindern Übergangswiderstände und Ausfälle.,"Bildungsplan Automobil-Mechatroniker/in EFZ, AGVS/SBFI",https://bzwu.ch/wp-content/uploads/2021/04/Bildungsplan_Automobil_Mechatroniker.pdf
automechaniker,Automobil-Mechatroniker/in EFZ,auto_l10,HKB4/HKB5,L10,"Licht-, Signal- und Bordnetzsysteme",medium,single_choice,Worauf muss man beim Thema Leitungsreparatur in der Werkstatt besonders achten?,Kabel verdrillen und offen lassen im Werkstattumfeld,beliebigen Querschnitt wählen im laufenden Tagesgeschäft,Sicherheitsleitungen ohne Vorgabe reparieren im Produktionsalltag,"Querschnitt, Verbindungstechnik, Abdichtung und Zugentlastung beachten",D,Fachgerechte Leitungsreparaturen verhindern Übergangswiderstände und Ausfälle.,"Bildungsplan Automobil-Mechatroniker/in EFZ, AGVS/SBFI",https://bzwu.ch/wp-content/uploads/2021/04/Bildungsplan_Automobil_Mechatroniker.pdf
automechaniker,Automobil-Mechatroniker/in EFZ,auto_l10,HKB4/HKB5,L10,"Licht-, Signal- und Bordnetzsysteme",hard,single_choice,Welche Aussage zum Thema Leitungsreparatur ist fachlich korrekt?,"Querschnitt, Verbindungstechnik, Abdichtung und Zugentlastung beachten",Kabel verdrillen und offen lassen unter typischen Arbeitsbedingungen,beliebigen Querschnitt wählen nach gängiger Praxis,Sicherheitsleitungen ohne Vorgabe reparieren im Rahmen der Routine,A,Fachgerechte Leitungsreparaturen verhindern Übergangswiderstände und Ausfälle.,"Bildungsplan Automobil-Mechatroniker/in EFZ, AGVS/SBFI",https://bzwu.ch/wp-content/uploads/2021/04/Bildungsplan_Automobil_Mechatroniker.pdf
automechaniker,Automobil-Mechatroniker/in EFZ,auto_l10,HKB4/HKB5,L10,"Licht-, Signal- und Bordnetzsysteme",easy,single_choice,Welche Aussage beschreibt das Thema Steckverbindung im Beruf Automobil-Mechatroniker/in EFZ am besten?,Pins verbiegen ist egal im Produktionsalltag,"Kontaktzustand, Verriegelung, Korrosion und Pinbelegung prüfen",Korrosion verbessert Leitung im normalen Werkstattbetrieb,Verriegelungen entfernen bei sachgemässem Ablauf,B,Steckerprobleme sind häufige Ursachen elektrischer Störungen.,"Bildungsplan Automobil-Mechatroniker/in EFZ, AGVS/SBFI",https://bzwu.ch/wp-content/uploads/2021/04/Bildungsplan_Automobil_Mechatroniker.pdf
automechaniker,Automobil-Mechatroniker/in EFZ,auto_l10,HKB4/HKB5,L10,"Licht-, Signal- und Bordnetzsysteme",medium,single_choice,Worauf muss man beim Thema Steckverbindung in der Werkstatt besonders achten?,Pins verbiegen ist egal im Rahmen der Routine im laufenden Tagesgeschäft,Korrosion verbessert Leitung im konkreten Auftrag,"Kontaktzustand, Verriegelung, Korrosion und Pinbelegung prüfen",Verriegelungen entfernen bei vergleichbaren Aufgaben,C,Steckerprobleme sind häufige Ursachen elektrischer Störungen.,"Bildungsplan Automobil-Mechatroniker/in EFZ, AGVS/SBFI",https://bzwu.ch/wp-content/uploads/2021/04/Bildungsplan_Automobil_Mechatroniker.pdf
automechaniker,Automobil-Mechatroniker/in EFZ,auto_l10,HKB4/HKB5,L10,"Licht-, Signal- und Bordnetzsysteme",hard,single_choice,Welche Aussage zum Thema Steckverbindung ist fachlich korrekt?,Pins verbiegen ist egal im normalen Werkstattbetrieb,Korrosion verbessert Leitung im üblichen Berufsalltag,Verriegelungen entfernen bei sachgemässer Ausführung,"Kontaktzustand, Verriegelung, Korrosion und Pinbelegung prüfen",D,Steckerprobleme sind häufige Ursachen elektrischer Störungen.,"Bildungsplan Automobil-Mechatroniker/in EFZ, AGVS/SBFI",https://bzwu.ch/wp-content/uploads/2021/04/Bildungsplan_Automobil_Mechatroniker.pdf
automechaniker,Automobil-Mechatroniker/in EFZ,auto_l11,HKB4/HKB5,L11,Motormechanik und Motorsubsysteme,easy,single_choice,Welche Aussage beschreibt das Thema Hubraum im Beruf Automobil-Mechatroniker/in EFZ am besten?,er ergibt sich aus Zylindervolumen und Zylinderzahl,er ist der Tankinhalt im konkreten Auftrag,er misst Batteriekapazität im laufenden Tagesgeschäft,er beschreibt Reifenbreite im Werkstattumfeld,A,Hubraum ist eine wichtige Motorgrösse.,"Bildungsplan Automobil-Mechatroniker/in EFZ, AGVS/SBFI",https://bzwu.ch/wp-content/uploads/2021/04/Bildungsplan_Automobil_Mechatroniker.pdf
automechaniker,Automobil-Mechatroniker/in EFZ,auto_l11,HKB4/HKB5,L11,Motormechanik und Motorsubsysteme,medium,single_choice,Worauf muss man beim Thema Hubraum in der Werkstatt besonders achten?,er ist der Tankinhalt im üblichen Berufsalltag,er ergibt sich aus Zylindervolumen und Zylinderzahl,er misst Batteriekapazität nach gängiger Praxis,er beschreibt Reifenbreite unter typischen Arbeitsbedingungen,B,Hubraum ist eine wichtige Motorgrösse.,"Bildungsplan Automobil-Mechatroniker/in EFZ, AGVS/SBFI",https://bzwu.ch/wp-content/uploads/2021/04/Bildungsplan_Automobil_Mechatroniker.pdf
automechaniker,Automobil-Mechatroniker/in EFZ,auto_l11,HKB4/HKB5,L11,Motormechanik und Motorsubsysteme,hard,single_choice,Welche Aussage zum Thema Hubraum ist fachlich korrekt?,er ist der Tankinhalt im Werkstattumfeld,er misst Batteriekapazität im Produktionsalltag,er ergibt sich aus Zylindervolumen und Zylinderzahl,er beschreibt Reifenbreite bei sachgemässem Ablauf,C,Hubraum ist eine wichtige Motorgrösse.,"Bildungsplan Automobil-Mechatroniker/in EFZ, AGVS/SBFI",https://bzwu.ch/wp-content/uploads/2021/04/Bildungsplan_Automobil_Mechatroniker.pdf
automechaniker,Automobil-Mechatroniker/in EFZ,auto_l11,HKB4/HKB5,L11,Motormechanik und Motorsubsysteme,easy,single_choice,Welche Aussage beschreibt das Thema Verdichtungsverhältnis im Beruf Automobil-Mechatroniker/in EFZ am besten?,es ist ein Ölfilterwert im Rahmen der Routine im konkreten Auftrag,es misst Bremsdruck unter typischen Arbeitsbedingungen,es beschreibt Lackdicke bei vergleichbaren Aufgaben,es beschreibt das Verhältnis von grösstem zu kleinstem Zylindervolumen,D,Verdichtung beeinflusst Wirkungsgrad und Verbrennungsverhalten.,"Bildungsplan Automobil-Mechatroniker/in EFZ, AGVS/SBFI",https://bzwu.ch/wp-content/uploads/2021/04/Bildungsplan_Automobil_Mechatroniker.pdf
automechaniker,Automobil-Mechatroniker/in EFZ,auto_l11,HKB4/HKB5,L11,Motormechanik und Motorsubsysteme,medium,single_choice,Worauf muss man beim Thema Verdichtungsverhältnis in der Werkstatt besonders achten?,es beschreibt das Verhältnis von grösstem zu kleinstem Zylindervolumen,es ist ein Ölfilterwert im normalen Werkstattbetrieb,es misst Bremsdruck bei sachgemässem Ablauf im üblichen Berufsalltag,es beschreibt Lackdicke bei sachgemässer Ausführung,A,Verdichtung beeinflusst Wirkungsgrad und Verbrennungsverhalten.,"Bildungsplan Automobil-Mechatroniker/in EFZ, AGVS/SBFI",https://bzwu.ch/wp-content/uploads/2021/04/Bildungsplan_Automobil_Mechatroniker.pdf
automechaniker,Automobil-Mechatroniker/in EFZ,auto_l11,HKB4/HKB5,L11,Motormechanik und Motorsubsysteme,hard,single_choice,Welche Aussage zum Thema Verdichtungsverhältnis ist fachlich korrekt?,es ist ein Ölfilterwert im konkreten Auftrag im Werkstattumfeld,es beschreibt das Verhältnis von grösstem zu kleinstem Zylindervolumen,es misst Bremsdruck bei vergleichbaren Aufgaben im Produktionsalltag,es beschreibt Lackdicke im laufenden Tagesgeschäft,B,Verdichtung beeinflusst Wirkungsgrad und Verbrennungsverhalten.,"Bildungsplan Automobil-Mechatroniker/in EFZ, AGVS/SBFI",https://bzwu.ch/wp-content/uploads/2021/04/Bildungsplan_Automobil_Mechatroniker.pdf
automechaniker,Automobil-Mechatroniker/in EFZ,auto_l11,HKB4/HKB5,L11,Motormechanik und Motorsubsysteme,easy,single_choice,Welche Aussage beschreibt das Thema Ventilsteuerung im Beruf Automobil-Mechatroniker/in EFZ am besten?,sie lenkt die Räder bei sachgemässer Ausführung,sie ersetzt den Generator nach gängiger Praxis,sie steuert Gaswechsel über Einlass- und Auslassventile,sie befüllt Klimaanlagen im üblichen Berufsalltag,C,Steuerzeiten sind zentral für Motorlauf und Leistung.,"Bildungsplan Automobil-Mechatroniker/in EFZ, AGVS/SBFI",https://bzwu.ch/wp-content/uploads/2021/04/Bildungsplan_Automobil_Mechatroniker.pdf
automechaniker,Automobil-Mechatroniker/in EFZ,auto_l11,HKB4/HKB5,L11,Motormechanik und Motorsubsysteme,medium,single_choice,Worauf muss man beim Thema Ventilsteuerung in der Werkstatt besonders achten?,sie lenkt die Räder im laufenden Tagesgeschäft,sie ersetzt den Generator im Produktionsalltag,sie befüllt Klimaanlagen im Werkstattumfeld,sie steuert Gaswechsel über Einlass- und Auslassventile,D,Steuerzeiten sind zentral für Motorlauf und Leistung.,"Bildungsplan Automobil-Mechatroniker/in EFZ, AGVS/SBFI",https://bzwu.ch/wp-content/uploads/2021/04/Bildungsplan_Automobil_Mechatroniker.pdf
automechaniker,Automobil-Mechatroniker/in EFZ,auto_l11,HKB4/HKB5,L11,Motormechanik und Motorsubsysteme,hard,single_choice,Welche Aussage zum Thema Ventilsteuerung ist fachlich korrekt?,sie steuert Gaswechsel über Einlass- und Auslassventile,sie lenkt die Räder nach gängiger Praxis,sie ersetzt den Generator im Rahmen der Routine,sie befüllt Klimaanlagen unter typischen Arbeitsbedingungen,A,Steuerzeiten sind zentral für Motorlauf und Leistung.,"Bildungsplan Automobil-Mechatroniker/in EFZ, AGVS/SBFI",https://bzwu.ch/wp-content/uploads/2021/04/Bildungsplan_Automobil_Mechatroniker.pdf
automechaniker,Automobil-Mechatroniker/in EFZ,auto_l11,HKB4/HKB5,L11,Motormechanik und Motorsubsysteme,easy,single_choice,Welche Aussage beschreibt das Thema Zahnriemen im Beruf Automobil-Mechatroniker/in EFZ am besten?,er treibt immer die Räder direkt,er synchronisiert Kurbelwelle und Nockenwelle,er darf ölgetränkt laufen im Produktionsalltag,Wechselintervalle sind unnötig bei sachgemässem Ablauf,B,Ein defekter Zahnriemen kann schwere Motorschäden verursachen.,"Bildungsplan Automobil-Mechatroniker/in EFZ, AGVS/SBFI",https://bzwu.ch/wp-content/uploads/2021/04/Bildungsplan_Automobil_Mechatroniker.pdf
automechaniker,Automobil-Mechatroniker/in EFZ,auto_l11,HKB4/HKB5,L11,Motormechanik und Motorsubsysteme,medium,single_choice,Worauf muss man beim Thema Zahnriemen in der Werkstatt besonders achten?,er treibt immer die Räder direkt,er darf ölgetränkt laufen im Rahmen der Routine,er synchronisiert Kurbelwelle und Nockenwelle,Wechselintervalle sind unnötig bei vergleichbaren Aufgaben,C,Ein defekter Zahnriemen kann schwere Motorschäden verursachen.,"Bildungsplan Automobil-Mechatroniker/in EFZ, AGVS/SBFI",https://bzwu.ch/wp-content/uploads/2021/04/Bildungsplan_Automobil_Mechatroniker.pdf
automechaniker,Automobil-Mechatroniker/in EFZ,auto_l11,HKB4/HKB5,L11,Motormechanik und Motorsubsysteme,hard,single_choice,Welche Aussage zum Thema Zahnriemen ist fachlich korrekt?,er treibt immer die Räder direkt,er darf ölgetränkt laufen im normalen Werkstattbetrieb,Wechselintervalle sind unnötig bei sachgemässer Ausführung,er synchronisiert Kurbelwelle und Nockenwelle,D,Ein defekter Zahnriemen kann schwere Motorschäden verursachen.,"Bildungsplan Automobil-Mechatroniker/in EFZ, AGVS/SBFI",https://bzwu.ch/wp-content/uploads/2021/04/Bildungsplan_Automobil_Mechatroniker.pdf
automechaniker,Automobil-Mechatroniker/in EFZ,auto_l11,HKB4/HKB5,L11,Motormechanik und Motorsubsysteme,easy,single_choice,Welche Aussage beschreibt das Thema Turbolader im Beruf Automobil-Mechatroniker/in EFZ am besten?,er nutzt Abgasenergie zur Verdichtung der Ansaugluft,er ist ein Bremskraftverstärker im Werkstattumfeld,er kühlt den Innenraum im laufenden Tagesgeschäft,er ersetzt Motoröl im konkreten Auftrag,A,Aufladung erhöht Luftmasse und Motorleistung.,"Bildungsplan Automobil-Mechatroniker/in EFZ, AGVS/SBFI",https://bzwu.ch/wp-content/uploads/2021/04/Bildungsplan_Automobil_Mechatroniker.pdf
automechaniker,Automobil-Mechatroniker/in EFZ,auto_l11,HKB4/HKB5,L11,Motormechanik und Motorsubsysteme,medium,single_choice,Worauf muss man beim Thema Turbolader in der Werkstatt besonders achten?,er ist ein Bremskraftverstärker unter typischen Arbeitsbedingungen,er nutzt Abgasenergie zur Verdichtung der Ansaugluft,er kühlt den Innenraum nach gängiger Praxis,er ersetzt Motoröl im üblichen Berufsalltag,B,Aufladung erhöht Luftmasse und Motorleistung.,"Bildungsplan Automobil-Mechatroniker/in EFZ, AGVS/SBFI",https://bzwu.ch/wp-content/uploads/2021/04/Bildungsplan_Automobil_Mechatroniker.pdf
automechaniker,Automobil-Mechatroniker/in EFZ,auto_l11,HKB4/HKB5,L11,Motormechanik und Motorsubsysteme,hard,single_choice,Welche Aussage zum Thema Turbolader ist fachlich korrekt?,er ist ein Bremskraftverstärker bei sachgemässem Ablauf,er kühlt den Innenraum im Produktionsalltag,er nutzt Abgasenergie zur Verdichtung der Ansaugluft,er ersetzt Motoröl im Werkstattumfeld,C,Aufladung erhöht Luftmasse und Motorleistung.,"Bildungsplan Automobil-Mechatroniker/in EFZ, AGVS/SBFI",https://bzwu.ch/wp-content/uploads/2021/04/Bildungsplan_Automobil_Mechatroniker.pdf
automechaniker,Automobil-Mechatroniker/in EFZ,auto_l11,HKB4/HKB5,L11,Motormechanik und Motorsubsysteme,easy,single_choice,Welche Aussage beschreibt das Thema Ladeluftkühler im Beruf Automobil-Mechatroniker/in EFZ am besten?,er erwärmt Bremsflüssigkeit bei vergleichbaren Aufgaben,er lädt die Batterie unter typischen Arbeitsbedingungen,er ersetzt den Katalysator im Rahmen der Routine,er senkt die Temperatur der verdichteten Ansaugluft,D,Kühlere Ansaugluft erhöht Dichte und verbessert Betriebsbedingungen.,"Bildungsplan Automobil-Mechatroniker/in EFZ, AGVS/SBFI",https://bzwu.ch/wp-content/uploads/2021/04/Bildungsplan_Automobil_Mechatroniker.pdf
automechaniker,Automobil-Mechatroniker/in EFZ,auto_l11,HKB4/HKB5,L11,Motormechanik und Motorsubsysteme,medium,single_choice,Worauf muss man beim Thema Ladeluftkühler in der Werkstatt besonders achten?,er senkt die Temperatur der verdichteten Ansaugluft,er erwärmt Bremsflüssigkeit bei sachgemässer Ausführung,er lädt die Batterie bei sachgemässem Ablauf,er ersetzt den Katalysator im normalen Werkstattbetrieb,A,Kühlere Ansaugluft erhöht Dichte und verbessert Betriebsbedingungen.,"Bildungsplan Automobil-Mechatroniker/in EFZ, AGVS/SBFI",https://bzwu.ch/wp-content/uploads/2021/04/Bildungsplan_Automobil_Mechatroniker.pdf
automechaniker,Automobil-Mechatroniker/in EFZ,auto_l11,HKB4/HKB5,L11,Motormechanik und Motorsubsysteme,hard,single_choice,Welche Aussage zum Thema Ladeluftkühler ist fachlich korrekt?,er erwärmt Bremsflüssigkeit im laufenden Tagesgeschäft,er senkt die Temperatur der verdichteten Ansaugluft,er lädt die Batterie bei vergleichbaren Aufgaben,er ersetzt den Katalysator im konkreten Auftrag,B,Kühlere Ansaugluft erhöht Dichte und verbessert Betriebsbedingungen.,"Bildungsplan Automobil-Mechatroniker/in EFZ, AGVS/SBFI",https://bzwu.ch/wp-content/uploads/2021/04/Bildungsplan_Automobil_Mechatroniker.pdf
automechaniker,Automobil-Mechatroniker/in EFZ,auto_l11,HKB4/HKB5,L11,Motormechanik und Motorsubsysteme,easy,single_choice,Welche Aussage beschreibt das Thema Motorkühlung im Beruf Automobil-Mechatroniker/in EFZ am besten?,sie verhindert jede Verbrennung nach gängiger Praxis,sie ersetzt Schmierung bei sachgemässer Ausführung,sie führt Wärme ab und hält den Motor im Arbeitsbereich,sie ist nur im Winter aktiv im üblichen Berufsalltag,C,Kühlung schützt vor Überhitzung und Temperaturschwankungen.,"Bildungsplan Automobil-Mechatroniker/in EFZ, AGVS/SBFI",https://bzwu.ch/wp-content/uploads/2021/04/Bildungsplan_Automobil_Mechatroniker.pdf
automechaniker,Automobil-Mechatroniker/in EFZ,auto_l11,HKB4/HKB5,L11,Motormechanik und Motorsubsysteme,medium,single_choice,Worauf muss man beim Thema Motorkühlung in der Werkstatt besonders achten?,sie verhindert jede Verbrennung im Produktionsalltag,sie ersetzt Schmierung im laufenden Tagesgeschäft,sie ist nur im Winter aktiv im Werkstattumfeld,sie führt Wärme ab und hält den Motor im Arbeitsbereich,D,Kühlung schützt vor Überhitzung und Temperaturschwankungen.,"Bildungsplan Automobil-Mechatroniker/in EFZ, AGVS/SBFI",https://bzwu.ch/wp-content/uploads/2021/04/Bildungsplan_Automobil_Mechatroniker.pdf
automechaniker,Automobil-Mechatroniker/in EFZ,auto_l11,HKB4/HKB5,L11,Motormechanik und Motorsubsysteme,hard,single_choice,Welche Aussage zum Thema Motorkühlung ist fachlich korrekt?,sie führt Wärme ab und hält den Motor im Arbeitsbereich,sie verhindert jede Verbrennung im Rahmen der Routine,sie ersetzt Schmierung nach gängiger Praxis,sie ist nur im Winter aktiv unter typischen Arbeitsbedingungen,A,Kühlung schützt vor Überhitzung und Temperaturschwankungen.,"Bildungsplan Automobil-Mechatroniker/in EFZ, AGVS/SBFI",https://bzwu.ch/wp-content/uploads/2021/04/Bildungsplan_Automobil_Mechatroniker.pdf
automechaniker,Automobil-Mechatroniker/in EFZ,auto_l11,HKB4/HKB5,L11,Motormechanik und Motorsubsysteme,easy,single_choice,Welche Aussage beschreibt das Thema Motorschmierung im Beruf Automobil-Mechatroniker/in EFZ am besten?,sie erhöht bewusst Reibung im Produktionsalltag,"sie reduziert Reibung, Verschleiss und Wärmebelastung",sie ersetzt Kühlmittel vollständig im normalen Werkstattbetrieb,sie wirkt nur im Stillstand bei sachgemässem Ablauf,B,Schmieröl erfüllt mehrere Schutz- und Betriebsfunktionen.,"Bildungsplan Automobil-Mechatroniker/in EFZ, AGVS/SBFI",https://bzwu.ch/wp-content/uploads/2021/04/Bildungsplan_Automobil_Mechatroniker.pdf
automechaniker,Automobil-Mechatroniker/in EFZ,auto_l11,HKB4/HKB5,L11,Motormechanik und Motorsubsysteme,medium,single_choice,Worauf muss man beim Thema Motorschmierung in der Werkstatt besonders achten?,sie erhöht bewusst Reibung im Rahmen der Routine,sie ersetzt Kühlmittel vollständig im konkreten Auftrag,"sie reduziert Reibung, Verschleiss und Wärmebelastung",sie wirkt nur im Stillstand bei vergleichbaren Aufgaben,C,Schmieröl erfüllt mehrere Schutz- und Betriebsfunktionen.,"Bildungsplan Automobil-Mechatroniker/in EFZ, AGVS/SBFI",https://bzwu.ch/wp-content/uploads/2021/04/Bildungsplan_Automobil_Mechatroniker.pdf
automechaniker,Automobil-Mechatroniker/in EFZ,auto_l11,HKB4/HKB5,L11,Motormechanik und Motorsubsysteme,hard,single_choice,Welche Aussage zum Thema Motorschmierung ist fachlich korrekt?,sie erhöht bewusst Reibung im normalen Werkstattbetrieb,sie ersetzt Kühlmittel vollständig im üblichen Berufsalltag,sie wirkt nur im Stillstand bei sachgemässer Ausführung,"sie reduziert Reibung, Verschleiss und Wärmebelastung",D,Schmieröl erfüllt mehrere Schutz- und Betriebsfunktionen.,"Bildungsplan Automobil-Mechatroniker/in EFZ, AGVS/SBFI",https://bzwu.ch/wp-content/uploads/2021/04/Bildungsplan_Automobil_Mechatroniker.pdf
automechaniker,Automobil-Mechatroniker/in EFZ,auto_l11,HKB4/HKB5,L11,Motormechanik und Motorsubsysteme,easy,single_choice,Welche Aussage beschreibt das Thema Kraftstoffsystem im Beruf Automobil-Mechatroniker/in EFZ am besten?,"es lagert, fördert, filtert und dosiert Kraftstoff",es ist nur der Auspuff im laufenden Tagesgeschäft,es ersetzt Luftfilter im konkreten Auftrag,es arbeitet ohne Druck im Werkstattumfeld,A,Kraftstoffversorgung muss sauber und druckgerecht funktionieren.,"Bildungsplan Automobil-Mechatroniker/in EFZ, AGVS/SBFI",https://bzwu.ch/wp-content/uploads/2021/04/Bildungsplan_Automobil_Mechatroniker.pdf
automechaniker,Automobil-Mechatroniker/in EFZ,auto_l11,HKB4/HKB5,L11,Motormechanik und Motorsubsysteme,medium,single_choice,Worauf muss man beim Thema Kraftstoffsystem in der Werkstatt besonders achten?,es ist nur der Auspuff nach gängiger Praxis,"es lagert, fördert, filtert und dosiert Kraftstoff",es ersetzt Luftfilter im üblichen Berufsalltag,es arbeitet ohne Druck unter typischen Arbeitsbedingungen,B,Kraftstoffversorgung muss sauber und druckgerecht funktionieren.,"Bildungsplan Automobil-Mechatroniker/in EFZ, AGVS/SBFI",https://bzwu.ch/wp-content/uploads/2021/04/Bildungsplan_Automobil_Mechatroniker.pdf
automechaniker,Automobil-Mechatroniker/in EFZ,auto_l11,HKB4/HKB5,L11,Motormechanik und Motorsubsysteme,hard,single_choice,Welche Aussage zum Thema Kraftstoffsystem ist fachlich korrekt?,es ist nur der Auspuff im Produktionsalltag,es ersetzt Luftfilter im Werkstattumfeld,"es lagert, fördert, filtert und dosiert Kraftstoff",es arbeitet ohne Druck bei sachgemässem Ablauf,C,Kraftstoffversorgung muss sauber und druckgerecht funktionieren.,"Bildungsplan Automobil-Mechatroniker/in EFZ, AGVS/SBFI",https://bzwu.ch/wp-content/uploads/2021/04/Bildungsplan_Automobil_Mechatroniker.pdf
automechaniker,Automobil-Mechatroniker/in EFZ,auto_l11,HKB4/HKB5,L11,Motormechanik und Motorsubsysteme,easy,single_choice,Welche Aussage beschreibt das Thema Kompressionsprüfung im Beruf Automobil-Mechatroniker/in EFZ am besten?,sie misst Reifendruck unter typischen Arbeitsbedingungen,sie ersetzt jede Motorprüfung im Rahmen der Routine,sie wird bei laufendem Fahrwerk gemacht bei vergleichbaren Aufgaben,"sie beurteilt die Dichtheit von Zylinder, Ventilen und Kolbenringen",D,Kompression gibt Hinweise auf mechanischen Motorzustand.,"Bildungsplan Automobil-Mechatroniker/in EFZ, AGVS/SBFI",https://bzwu.ch/wp-content/uploads/2021/04/Bildungsplan_Automobil_Mechatroniker.pdf
automechaniker,Automobil-Mechatroniker/in EFZ,auto_l11,HKB4/HKB5,L11,Motormechanik und Motorsubsysteme,medium,single_choice,Worauf muss man beim Thema Kompressionsprüfung in der Werkstatt besonders achten?,"sie beurteilt die Dichtheit von Zylinder, Ventilen und Kolbenringen",sie misst Reifendruck bei sachgemässem Ablauf im üblichen Berufsalltag,sie ersetzt jede Motorprüfung im normalen Werkstattbetrieb,sie wird bei laufendem Fahrwerk gemacht bei sachgemässer Ausführung,A,Kompression gibt Hinweise auf mechanischen Motorzustand.,"Bildungsplan Automobil-Mechatroniker/in EFZ, AGVS/SBFI",https://bzwu.ch/wp-content/uploads/2021/04/Bildungsplan_Automobil_Mechatroniker.pdf
automechaniker,Automobil-Mechatroniker/in EFZ,auto_l11,HKB4/HKB5,L11,Motormechanik und Motorsubsysteme,hard,single_choice,Welche Aussage zum Thema Kompressionsprüfung ist fachlich korrekt?,sie misst Reifendruck bei vergleichbaren Aufgaben,"sie beurteilt die Dichtheit von Zylinder, Ventilen und Kolbenringen",sie ersetzt jede Motorprüfung im konkreten Auftrag,sie wird bei laufendem Fahrwerk gemacht im laufenden Tagesgeschäft,B,Kompression gibt Hinweise auf mechanischen Motorzustand.,"Bildungsplan Automobil-Mechatroniker/in EFZ, AGVS/SBFI",https://bzwu.ch/wp-content/uploads/2021/04/Bildungsplan_Automobil_Mechatroniker.pdf
automechaniker,Automobil-Mechatroniker/in EFZ,auto_l12,HKB5,L12,Motormanagement und Abgasreinigung,easy,single_choice,Welche Aussage beschreibt das Thema Motormanagement im Beruf Automobil-Mechatroniker/in EFZ am besten?,nur der Fahrer regelt Einspritzzeit nach gängiger Praxis,Sensoren sind Dekoration bei sachgemässer Ausführung,"Steuergerät, Sensoren und Aktoren regeln den Motorbetrieb",Aktoren messen nur Temperaturen im üblichen Berufsalltag,C,Moderne Motoren werden elektronisch geregelt.,"Bildungsplan Automobil-Mechatroniker/in EFZ, AGVS/SBFI",https://bzwu.ch/wp-content/uploads/2021/04/Bildungsplan_Automobil_Mechatroniker.pdf
automechaniker,Automobil-Mechatroniker/in EFZ,auto_l12,HKB5,L12,Motormanagement und Abgasreinigung,medium,single_choice,Worauf muss man beim Thema Motormanagement in der Werkstatt besonders achten?,nur der Fahrer regelt Einspritzzeit im Produktionsalltag,Sensoren sind Dekoration im laufenden Tagesgeschäft,Aktoren messen nur Temperaturen im Werkstattumfeld,"Steuergerät, Sensoren und Aktoren regeln den Motorbetrieb",D,Moderne Motoren werden elektronisch geregelt.,"Bildungsplan Automobil-Mechatroniker/in EFZ, AGVS/SBFI",https://bzwu.ch/wp-content/uploads/2021/04/Bildungsplan_Automobil_Mechatroniker.pdf
automechaniker,Automobil-Mechatroniker/in EFZ,auto_l12,HKB5,L12,Motormanagement und Abgasreinigung,hard,single_choice,Welche Aussage zum Thema Motormanagement ist fachlich korrekt?,"Steuergerät, Sensoren und Aktoren regeln den Motorbetrieb",nur der Fahrer regelt Einspritzzeit im Rahmen der Routine,Sensoren sind Dekoration nach gängiger Praxis,Aktoren messen nur Temperaturen unter typischen Arbeitsbedingungen,A,Moderne Motoren werden elektronisch geregelt.,"Bildungsplan Automobil-Mechatroniker/in EFZ, AGVS/SBFI",https://bzwu.ch/wp-content/uploads/2021/04/Bildungsplan_Automobil_Mechatroniker.pdf
automechaniker,Automobil-Mechatroniker/in EFZ,auto_l12,HKB5,L12,Motormanagement und Abgasreinigung,easy,single_choice,Welche Aussage beschreibt das Thema Lambdasonde im Beruf Automobil-Mechatroniker/in EFZ am besten?,sie misst Reifenprofil bei sachgemässem Ablauf,sie misst den Sauerstoffanteil im Abgas zur Gemischregelung,sie füllt AdBlue nach im Produktionsalltag,sie ersetzt den Luftfilter im normalen Werkstattbetrieb,B,Lambda-Signale beeinflussen Einspritzung und Katalysatorfunktion.,"Bildungsplan Automobil-Mechatroniker/in EFZ, AGVS/SBFI",https://bzwu.ch/wp-content/uploads/2021/04/Bildungsplan_Automobil_Mechatroniker.pdf
automechaniker,Automobil-Mechatroniker/in EFZ,auto_l12,HKB5,L12,Motormanagement und Abgasreinigung,medium,single_choice,Worauf muss man beim Thema Lambdasonde in der Werkstatt besonders achten?,sie misst Reifenprofil bei vergleichbaren Aufgaben,sie füllt AdBlue nach im Rahmen der Routine im laufenden Tagesgeschäft,sie misst den Sauerstoffanteil im Abgas zur Gemischregelung,sie ersetzt den Luftfilter im konkreten Auftrag,C,Lambda-Signale beeinflussen Einspritzung und Katalysatorfunktion.,"Bildungsplan Automobil-Mechatroniker/in EFZ, AGVS/SBFI",https://bzwu.ch/wp-content/uploads/2021/04/Bildungsplan_Automobil_Mechatroniker.pdf
automechaniker,Automobil-Mechatroniker/in EFZ,auto_l12,HKB5,L12,Motormanagement und Abgasreinigung,hard,single_choice,Welche Aussage zum Thema Lambdasonde ist fachlich korrekt?,sie misst Reifenprofil bei sachgemässer Ausführung,sie füllt AdBlue nach im normalen Werkstattbetrieb,sie ersetzt den Luftfilter im üblichen Berufsalltag,sie misst den Sauerstoffanteil im Abgas zur Gemischregelung,D,Lambda-Signale beeinflussen Einspritzung und Katalysatorfunktion.,"Bildungsplan Automobil-Mechatroniker/in EFZ, AGVS/SBFI",https://bzwu.ch/wp-content/uploads/2021/04/Bildungsplan_Automobil_Mechatroniker.pdf
automechaniker,Automobil-Mechatroniker/in EFZ,auto_l12,HKB5,L12,Motormanagement und Abgasreinigung,easy,single_choice,Welche Aussage beschreibt das Thema Luftmassenmesser im Beruf Automobil-Mechatroniker/in EFZ am besten?,er erfasst die angesaugte Luftmasse,er misst Bremsdruck im konkreten Auftrag,er bestimmt Reifenalter im Werkstattumfeld,er schaltet die Hupe im laufenden Tagesgeschäft,A,Luftmasse ist wichtig für Kraftstoffdosierung.,"Bildungsplan Automobil-Mechatroniker/in EFZ, AGVS/SBFI",https://bzwu.ch/wp-content/uploads/2021/04/Bildungsplan_Automobil_Mechatroniker.pdf
automechaniker,Automobil-Mechatroniker/in EFZ,auto_l12,HKB5,L12,Motormanagement und Abgasreinigung,medium,single_choice,Worauf muss man beim Thema Luftmassenmesser in der Werkstatt besonders achten?,er misst Bremsdruck im üblichen Berufsalltag,er erfasst die angesaugte Luftmasse,er bestimmt Reifenalter unter typischen Arbeitsbedingungen,er schaltet die Hupe nach gängiger Praxis,B,Luftmasse ist wichtig für Kraftstoffdosierung.,"Bildungsplan Automobil-Mechatroniker/in EFZ, AGVS/SBFI",https://bzwu.ch/wp-content/uploads/2021/04/Bildungsplan_Automobil_Mechatroniker.pdf
automechaniker,Automobil-Mechatroniker/in EFZ,auto_l12,HKB5,L12,Motormanagement und Abgasreinigung,hard,single_choice,Welche Aussage zum Thema Luftmassenmesser ist fachlich korrekt?,er misst Bremsdruck im Werkstattumfeld,er bestimmt Reifenalter bei sachgemässem Ablauf,er erfasst die angesaugte Luftmasse,er schaltet die Hupe im Produktionsalltag,C,Luftmasse ist wichtig für Kraftstoffdosierung.,"Bildungsplan Automobil-Mechatroniker/in EFZ, AGVS/SBFI",https://bzwu.ch/wp-content/uploads/2021/04/Bildungsplan_Automobil_Mechatroniker.pdf
automechaniker,Automobil-Mechatroniker/in EFZ,auto_l12,HKB5,L12,Motormanagement und Abgasreinigung,easy,single_choice,Welche Aussage beschreibt das Thema Kurbelwellensensor im Beruf Automobil-Mechatroniker/in EFZ am besten?,er misst Kühlmittelqualität bei vergleichbaren Aufgaben,er ersetzt die Zündkerze unter typischen Arbeitsbedingungen,er berechnet Profiltiefe im Rahmen der Routine,er liefert Drehzahl- und Positionsinformationen,D,Ohne plausibles Drehzahlsignal startet der Motor oft nicht.,"Bildungsplan Automobil-Mechatroniker/in EFZ, AGVS/SBFI",https://bzwu.ch/wp-content/uploads/2021/04/Bildungsplan_Automobil_Mechatroniker.pdf
automechaniker,Automobil-Mechatroniker/in EFZ,auto_l12,HKB5,L12,Motormanagement und Abgasreinigung,medium,single_choice,Worauf muss man beim Thema Kurbelwellensensor in der Werkstatt besonders achten?,er liefert Drehzahl- und Positionsinformationen,er misst Kühlmittelqualität bei sachgemässer Ausführung,er ersetzt die Zündkerze bei sachgemässem Ablauf,er berechnet Profiltiefe im normalen Werkstattbetrieb,A,Ohne plausibles Drehzahlsignal startet der Motor oft nicht.,"Bildungsplan Automobil-Mechatroniker/in EFZ, AGVS/SBFI",https://bzwu.ch/wp-content/uploads/2021/04/Bildungsplan_Automobil_Mechatroniker.pdf
automechaniker,Automobil-Mechatroniker/in EFZ,auto_l12,HKB5,L12,Motormanagement und Abgasreinigung,hard,single_choice,Welche Aussage zum Thema Kurbelwellensensor ist fachlich korrekt?,er misst Kühlmittelqualität im laufenden Tagesgeschäft,er liefert Drehzahl- und Positionsinformationen,er ersetzt die Zündkerze bei vergleichbaren Aufgaben,er berechnet Profiltiefe im konkreten Auftrag,B,Ohne plausibles Drehzahlsignal startet der Motor oft nicht.,"Bildungsplan Automobil-Mechatroniker/in EFZ, AGVS/SBFI",https://bzwu.ch/wp-content/uploads/2021/04/Bildungsplan_Automobil_Mechatroniker.pdf
automechaniker,Automobil-Mechatroniker/in EFZ,auto_l12,HKB5,L12,Motormanagement und Abgasreinigung,easy,single_choice,Welche Aussage beschreibt das Thema Aktoren im Beruf Automobil-Mechatroniker/in EFZ am besten?,sie sind nur Messfühler bei sachgemässer Ausführung,sie speichern Kundendaten nach gängiger Praxis unter typischen Arbeitsbedingungen,"sie setzen Steuerbefehle mechanisch, elektrisch oder hydraulisch um",sie ersetzen Sicherungen im üblichen Berufsalltag,C,"Einspritzventile, Drosselklappen und Ventile sind Beispiele für Aktoren.","Bildungsplan Automobil-Mechatroniker/in EFZ, AGVS/SBFI",https://bzwu.ch/wp-content/uploads/2021/04/Bildungsplan_Automobil_Mechatroniker.pdf
automechaniker,Automobil-Mechatroniker/in EFZ,auto_l12,HKB5,L12,Motormanagement und Abgasreinigung,medium,single_choice,Worauf muss man beim Thema Aktoren in der Werkstatt besonders achten?,sie sind nur Messfühler im laufenden Tagesgeschäft,sie speichern Kundendaten im Produktionsalltag im normalen Werkstattbetrieb,sie ersetzen Sicherungen im Werkstattumfeld bei sachgemässem Ablauf,"sie setzen Steuerbefehle mechanisch, elektrisch oder hydraulisch um",D,"Einspritzventile, Drosselklappen und Ventile sind Beispiele für Aktoren.","Bildungsplan Automobil-Mechatroniker/in EFZ, AGVS/SBFI",https://bzwu.ch/wp-content/uploads/2021/04/Bildungsplan_Automobil_Mechatroniker.pdf
automechaniker,Automobil-Mechatroniker/in EFZ,auto_l12,HKB5,L12,Motormanagement und Abgasreinigung,hard,single_choice,Welche Aussage zum Thema Aktoren ist fachlich korrekt?,"sie setzen Steuerbefehle mechanisch, elektrisch oder hydraulisch um",sie sind nur Messfühler nach gängiger Praxis bei vergleichbaren Aufgaben,sie speichern Kundendaten im Rahmen der Routine,sie ersetzen Sicherungen unter typischen Arbeitsbedingungen,A,"Einspritzventile, Drosselklappen und Ventile sind Beispiele für Aktoren.","Bildungsplan Automobil-Mechatroniker/in EFZ, AGVS/SBFI",https://bzwu.ch/wp-content/uploads/2021/04/Bildungsplan_Automobil_Mechatroniker.pdf
automechaniker,Automobil-Mechatroniker/in EFZ,auto_l12,HKB5,L12,Motormanagement und Abgasreinigung,easy,single_choice,Welche Aussage beschreibt das Thema OBD im Beruf Automobil-Mechatroniker/in EFZ am besten?,es repariert Bauteile automatisch im normalen Werkstattbetrieb,es überwacht abgasrelevante Systeme und speichert Fehler,es misst nur Ölstand im Produktionsalltag,es ist nur Navigation bei sachgemässem Ablauf,B,On-Board-Diagnose unterstützt Abgas- und Fehlerüberwachung.,"Bildungsplan Automobil-Mechatroniker/in EFZ, AGVS/SBFI",https://bzwu.ch/wp-content/uploads/2021/04/Bildungsplan_Automobil_Mechatroniker.pdf
automechaniker,Automobil-Mechatroniker/in EFZ,auto_l12,HKB5,L12,Motormanagement und Abgasreinigung,medium,single_choice,Worauf muss man beim Thema OBD in der Werkstatt besonders achten?,es repariert Bauteile automatisch im konkreten Auftrag,es misst nur Ölstand im Rahmen der Routine,es überwacht abgasrelevante Systeme und speichert Fehler,es ist nur Navigation bei vergleichbaren Aufgaben,C,On-Board-Diagnose unterstützt Abgas- und Fehlerüberwachung.,"Bildungsplan Automobil-Mechatroniker/in EFZ, AGVS/SBFI",https://bzwu.ch/wp-content/uploads/2021/04/Bildungsplan_Automobil_Mechatroniker.pdf
automechaniker,Automobil-Mechatroniker/in EFZ,auto_l12,HKB5,L12,Motormanagement und Abgasreinigung,hard,single_choice,Welche Aussage zum Thema OBD ist fachlich korrekt?,es repariert Bauteile automatisch im üblichen Berufsalltag,es misst nur Ölstand im normalen Werkstattbetrieb,es ist nur Navigation bei sachgemässer Ausführung,es überwacht abgasrelevante Systeme und speichert Fehler,D,On-Board-Diagnose unterstützt Abgas- und Fehlerüberwachung.,"Bildungsplan Automobil-Mechatroniker/in EFZ, AGVS/SBFI",https://bzwu.ch/wp-content/uploads/2021/04/Bildungsplan_Automobil_Mechatroniker.pdf
automechaniker,Automobil-Mechatroniker/in EFZ,auto_l12,HKB5,L12,Motormanagement und Abgasreinigung,easy,single_choice,Welche Aussage beschreibt das Thema Katalysator im Beruf Automobil-Mechatroniker/in EFZ am besten?,er wandelt Schadstoffe im Abgas chemisch um,er filtert Reifenstaub im Werkstattumfeld,er ersetzt Turbolader im laufenden Tagesgeschäft,er kühlt Bremsen im konkreten Auftrag,A,Katalysatoren reduzieren Schadstoffemissionen.,"Bildungsplan Automobil-Mechatroniker/in EFZ, AGVS/SBFI",https://bzwu.ch/wp-content/uploads/2021/04/Bildungsplan_Automobil_Mechatroniker.pdf
automechaniker,Automobil-Mechatroniker/in EFZ,auto_l12,HKB5,L12,Motormanagement und Abgasreinigung,medium,single_choice,Worauf muss man beim Thema Katalysator in der Werkstatt besonders achten?,er filtert Reifenstaub unter typischen Arbeitsbedingungen,er wandelt Schadstoffe im Abgas chemisch um,er ersetzt Turbolader nach gängiger Praxis,er kühlt Bremsen im üblichen Berufsalltag,B,Katalysatoren reduzieren Schadstoffemissionen.,"Bildungsplan Automobil-Mechatroniker/in EFZ, AGVS/SBFI",https://bzwu.ch/wp-content/uploads/2021/04/Bildungsplan_Automobil_Mechatroniker.pdf
automechaniker,Automobil-Mechatroniker/in EFZ,auto_l12,HKB5,L12,Motormanagement und Abgasreinigung,hard,single_choice,Welche Aussage zum Thema Katalysator ist fachlich korrekt?,er filtert Reifenstaub bei sachgemässem Ablauf,er ersetzt Turbolader im Produktionsalltag,er wandelt Schadstoffe im Abgas chemisch um,er kühlt Bremsen im Werkstattumfeld,C,Katalysatoren reduzieren Schadstoffemissionen.,"Bildungsplan Automobil-Mechatroniker/in EFZ, AGVS/SBFI",https://bzwu.ch/wp-content/uploads/2021/04/Bildungsplan_Automobil_Mechatroniker.pdf
automechaniker,Automobil-Mechatroniker/in EFZ,auto_l12,HKB5,L12,Motormanagement und Abgasreinigung,easy,single_choice,Welche Aussage beschreibt das Thema Partikelfilter im Beruf Automobil-Mechatroniker/in EFZ am besten?,er ist ein Innenraumfilter im Rahmen der Routine,er sammelt Bremsflüssigkeit bei vergleichbaren Aufgaben,er braucht nie Temperatur unter typischen Arbeitsbedingungen,er speichert Partikel und benötigt Regeneration,D,DPF-Systeme benötigen geeignete Betriebsbedingungen.,"Bildungsplan Automobil-Mechatroniker/in EFZ, AGVS/SBFI",https://bzwu.ch/wp-content/uploads/2021/04/Bildungsplan_Automobil_Mechatroniker.pdf
automechaniker,Automobil-Mechatroniker/in EFZ,auto_l12,HKB5,L12,Motormanagement und Abgasreinigung,medium,single_choice,Worauf muss man beim Thema Partikelfilter in der Werkstatt besonders achten?,er speichert Partikel und benötigt Regeneration,er ist ein Innenraumfilter im normalen Werkstattbetrieb,er sammelt Bremsflüssigkeit bei sachgemässer Ausführung,er braucht nie Temperatur bei sachgemässem Ablauf,A,DPF-Systeme benötigen geeignete Betriebsbedingungen.,"Bildungsplan Automobil-Mechatroniker/in EFZ, AGVS/SBFI",https://bzwu.ch/wp-content/uploads/2021/04/Bildungsplan_Automobil_Mechatroniker.pdf
automechaniker,Automobil-Mechatroniker/in EFZ,auto_l12,HKB5,L12,Motormanagement und Abgasreinigung,hard,single_choice,Welche Aussage zum Thema Partikelfilter ist fachlich korrekt?,er ist ein Innenraumfilter im konkreten Auftrag,er speichert Partikel und benötigt Regeneration,er sammelt Bremsflüssigkeit im laufenden Tagesgeschäft,er braucht nie Temperatur bei vergleichbaren Aufgaben,B,DPF-Systeme benötigen geeignete Betriebsbedingungen.,"Bildungsplan Automobil-Mechatroniker/in EFZ, AGVS/SBFI",https://bzwu.ch/wp-content/uploads/2021/04/Bildungsplan_Automobil_Mechatroniker.pdf
automechaniker,Automobil-Mechatroniker/in EFZ,auto_l12,HKB5,L12,Motormanagement und Abgasreinigung,easy,single_choice,Welche Aussage beschreibt das Thema SCR-System im Beruf Automobil-Mechatroniker/in EFZ am besten?,es erhöht NOx absichtlich im üblichen Berufsalltag,es nutzt Motoröl als Reagens nach gängiger Praxis,es reduziert Stickoxide mit AdBlue im Abgasstrang,es ersetzt die Batterie bei sachgemässer Ausführung,C,SCR ist ein wichtiges Diesel-Abgasreinigungssystem.,"Bildungsplan Automobil-Mechatroniker/in EFZ, AGVS/SBFI",https://bzwu.ch/wp-content/uploads/2021/04/Bildungsplan_Automobil_Mechatroniker.pdf
automechaniker,Automobil-Mechatroniker/in EFZ,auto_l12,HKB5,L12,Motormanagement und Abgasreinigung,medium,single_choice,Worauf muss man beim Thema SCR-System in der Werkstatt besonders achten?,es erhöht NOx absichtlich im Werkstattumfeld,es nutzt Motoröl als Reagens im Produktionsalltag,es ersetzt die Batterie im laufenden Tagesgeschäft,es reduziert Stickoxide mit AdBlue im Abgasstrang,D,SCR ist ein wichtiges Diesel-Abgasreinigungssystem.,"Bildungsplan Automobil-Mechatroniker/in EFZ, AGVS/SBFI",https://bzwu.ch/wp-content/uploads/2021/04/Bildungsplan_Automobil_Mechatroniker.pdf
automechaniker,Automobil-Mechatroniker/in EFZ,auto_l12,HKB5,L12,Motormanagement und Abgasreinigung,hard,single_choice,Welche Aussage zum Thema SCR-System ist fachlich korrekt?,es reduziert Stickoxide mit AdBlue im Abgasstrang,es erhöht NOx absichtlich unter typischen Arbeitsbedingungen,es nutzt Motoröl als Reagens im Rahmen der Routine,es ersetzt die Batterie nach gängiger Praxis,A,SCR ist ein wichtiges Diesel-Abgasreinigungssystem.,"Bildungsplan Automobil-Mechatroniker/in EFZ, AGVS/SBFI",https://bzwu.ch/wp-content/uploads/2021/04/Bildungsplan_Automobil_Mechatroniker.pdf
automechaniker,Automobil-Mechatroniker/in EFZ,auto_l12,HKB5,L12,Motormanagement und Abgasreinigung,easy,single_choice,Welche Aussage beschreibt das Thema Fehlercodeinterpretation im Beruf Automobil-Mechatroniker/in EFZ am besten?,Code löschen und Fahrzeug freigeben bei sachgemässem Ablauf,"Fehlercodes mit Messwerten, Schaltplan und Prüfanleitung abgleichen",immer das genannte Bauteil ersetzen im normalen Werkstattbetrieb,Kundenbeanstandung ignorieren im Produktionsalltag,B,Systematische Diagnose verhindert Teiletausch auf Verdacht.,"Bildungsplan Automobil-Mechatroniker/in EFZ, AGVS/SBFI",https://bzwu.ch/wp-content/uploads/2021/04/Bildungsplan_Automobil_Mechatroniker.pdf
automechaniker,Automobil-Mechatroniker/in EFZ,auto_l12,HKB5,L12,Motormanagement und Abgasreinigung,medium,single_choice,Worauf muss man beim Thema Fehlercodeinterpretation in der Werkstatt besonders achten?,Code löschen und Fahrzeug freigeben bei vergleichbaren Aufgaben,immer das genannte Bauteil ersetzen im konkreten Auftrag,"Fehlercodes mit Messwerten, Schaltplan und Prüfanleitung abgleichen",Kundenbeanstandung ignorieren im Rahmen der Routine,C,Systematische Diagnose verhindert Teiletausch auf Verdacht.,"Bildungsplan Automobil-Mechatroniker/in EFZ, AGVS/SBFI",https://bzwu.ch/wp-content/uploads/2021/04/Bildungsplan_Automobil_Mechatroniker.pdf
automechaniker,Automobil-Mechatroniker/in EFZ,auto_l12,HKB5,L12,Motormanagement und Abgasreinigung,hard,single_choice,Welche Aussage zum Thema Fehlercodeinterpretation ist fachlich korrekt?,Code löschen und Fahrzeug freigeben bei sachgemässer Ausführung,immer das genannte Bauteil ersetzen im üblichen Berufsalltag,Kundenbeanstandung ignorieren im normalen Werkstattbetrieb,"Fehlercodes mit Messwerten, Schaltplan und Prüfanleitung abgleichen",D,Systematische Diagnose verhindert Teiletausch auf Verdacht.,"Bildungsplan Automobil-Mechatroniker/in EFZ, AGVS/SBFI",https://bzwu.ch/wp-content/uploads/2021/04/Bildungsplan_Automobil_Mechatroniker.pdf
automechaniker,Automobil-Mechatroniker/in EFZ,auto_l13,HKB2/HKB4,L13,"Antriebsstrang I: Kupplung, Getriebe und Gelenkwellen",easy,single_choice,Welche Aussage beschreibt das Thema Kupplung im Beruf Automobil-Mechatroniker/in EFZ am besten?,sie trennt und verbindet Motor und Getriebe kontrolliert,sie erzeugt Licht im konkreten Auftrag im Produktionsalltag,sie ersetzt Differenzial im Werkstattumfeld,sie pumpt Kühlmittel im laufenden Tagesgeschäft,A,Kupplungen ermöglichen Anfahren und Gangwechsel.,"Bildungsplan Automobil-Mechatroniker/in EFZ, AGVS/SBFI",https://bzwu.ch/wp-content/uploads/2021/04/Bildungsplan_Automobil_Mechatroniker.pdf
automechaniker,Automobil-Mechatroniker/in EFZ,auto_l13,HKB2/HKB4,L13,"Antriebsstrang I: Kupplung, Getriebe und Gelenkwellen",medium,single_choice,Worauf muss man beim Thema Kupplung in der Werkstatt besonders achten?,sie erzeugt Licht im üblichen Berufsalltag,sie trennt und verbindet Motor und Getriebe kontrolliert,sie ersetzt Differenzial unter typischen Arbeitsbedingungen,sie pumpt Kühlmittel nach gängiger Praxis,B,Kupplungen ermöglichen Anfahren und Gangwechsel.,"Bildungsplan Automobil-Mechatroniker/in EFZ, AGVS/SBFI",https://bzwu.ch/wp-content/uploads/2021/04/Bildungsplan_Automobil_Mechatroniker.pdf
automechaniker,Automobil-Mechatroniker/in EFZ,auto_l13,HKB2/HKB4,L13,"Antriebsstrang I: Kupplung, Getriebe und Gelenkwellen",hard,single_choice,Welche Aussage zum Thema Kupplung ist fachlich korrekt?,sie erzeugt Licht im Werkstattumfeld im normalen Werkstattbetrieb,sie ersetzt Differenzial bei sachgemässem Ablauf,sie trennt und verbindet Motor und Getriebe kontrolliert,sie pumpt Kühlmittel im Produktionsalltag,C,Kupplungen ermöglichen Anfahren und Gangwechsel.,"Bildungsplan Automobil-Mechatroniker/in EFZ, AGVS/SBFI",https://bzwu.ch/wp-content/uploads/2021/04/Bildungsplan_Automobil_Mechatroniker.pdf
automechaniker,Automobil-Mechatroniker/in EFZ,auto_l13,HKB2/HKB4,L13,"Antriebsstrang I: Kupplung, Getriebe und Gelenkwellen",easy,single_choice,Welche Aussage beschreibt das Thema Trockenkupplung im Beruf Automobil-Mechatroniker/in EFZ am besten?,sie läuft immer in Öl unter typischen Arbeitsbedingungen,sie ist ein Bremskreis im Rahmen der Routine,sie ist nur elektrisch bei vergleichbaren Aufgaben,sie arbeitet ohne Ölbad zwischen Reibbelägen und Schwungrad,D,Trockenkupplungen sind in vielen Schaltgetrieben üblich.,"Bildungsplan Automobil-Mechatroniker/in EFZ, AGVS/SBFI",https://bzwu.ch/wp-content/uploads/2021/04/Bildungsplan_Automobil_Mechatroniker.pdf
automechaniker,Automobil-Mechatroniker/in EFZ,auto_l13,HKB2/HKB4,L13,"Antriebsstrang I: Kupplung, Getriebe und Gelenkwellen",medium,single_choice,Worauf muss man beim Thema Trockenkupplung in der Werkstatt besonders achten?,sie arbeitet ohne Ölbad zwischen Reibbelägen und Schwungrad,sie läuft immer in Öl bei sachgemässem Ablauf,sie ist ein Bremskreis im normalen Werkstattbetrieb,sie ist nur elektrisch bei sachgemässer Ausführung,A,Trockenkupplungen sind in vielen Schaltgetrieben üblich.,"Bildungsplan Automobil-Mechatroniker/in EFZ, AGVS/SBFI",https://bzwu.ch/wp-content/uploads/2021/04/Bildungsplan_Automobil_Mechatroniker.pdf
automechaniker,Automobil-Mechatroniker/in EFZ,auto_l13,HKB2/HKB4,L13,"Antriebsstrang I: Kupplung, Getriebe und Gelenkwellen",hard,single_choice,Welche Aussage zum Thema Trockenkupplung ist fachlich korrekt?,sie läuft immer in Öl bei vergleichbaren Aufgaben,sie arbeitet ohne Ölbad zwischen Reibbelägen und Schwungrad,sie ist ein Bremskreis im konkreten Auftrag im Werkstattumfeld,sie ist nur elektrisch im laufenden Tagesgeschäft,B,Trockenkupplungen sind in vielen Schaltgetrieben üblich.,"Bildungsplan Automobil-Mechatroniker/in EFZ, AGVS/SBFI",https://bzwu.ch/wp-content/uploads/2021/04/Bildungsplan_Automobil_Mechatroniker.pdf
automechaniker,Automobil-Mechatroniker/in EFZ,auto_l13,HKB2/HKB4,L13,"Antriebsstrang I: Kupplung, Getriebe und Gelenkwellen",easy,single_choice,Welche Aussage beschreibt das Thema Nasskupplung im Beruf Automobil-Mechatroniker/in EFZ am besten?,sie darf nie Öl berühren im üblichen Berufsalltag,sie ist eine Reifenart bei sachgemässer Ausführung,sie arbeitet in Öl und kann Wärme besser abführen,sie ersetzt die Batterie nach gängiger Praxis,C,Nasskupplungen kommen etwa in bestimmten Automatik- oder Motorradsystemen vor.,"Bildungsplan Automobil-Mechatroniker/in EFZ, AGVS/SBFI",https://bzwu.ch/wp-content/uploads/2021/04/Bildungsplan_Automobil_Mechatroniker.pdf
automechaniker,Automobil-Mechatroniker/in EFZ,auto_l13,HKB2/HKB4,L13,"Antriebsstrang I: Kupplung, Getriebe und Gelenkwellen",medium,single_choice,Worauf muss man beim Thema Nasskupplung in der Werkstatt besonders achten?,sie darf nie Öl berühren im Werkstattumfeld,sie ist eine Reifenart im laufenden Tagesgeschäft,sie ersetzt die Batterie im Produktionsalltag,sie arbeitet in Öl und kann Wärme besser abführen,D,Nasskupplungen kommen etwa in bestimmten Automatik- oder Motorradsystemen vor.,"Bildungsplan Automobil-Mechatroniker/in EFZ, AGVS/SBFI",https://bzwu.ch/wp-content/uploads/2021/04/Bildungsplan_Automobil_Mechatroniker.pdf
automechaniker,Automobil-Mechatroniker/in EFZ,auto_l13,HKB2/HKB4,L13,"Antriebsstrang I: Kupplung, Getriebe und Gelenkwellen",hard,single_choice,Welche Aussage zum Thema Nasskupplung ist fachlich korrekt?,sie arbeitet in Öl und kann Wärme besser abführen,sie darf nie Öl berühren unter typischen Arbeitsbedingungen,sie ist eine Reifenart nach gängiger Praxis,sie ersetzt die Batterie im Rahmen der Routine,A,Nasskupplungen kommen etwa in bestimmten Automatik- oder Motorradsystemen vor.,"Bildungsplan Automobil-Mechatroniker/in EFZ, AGVS/SBFI",https://bzwu.ch/wp-content/uploads/2021/04/Bildungsplan_Automobil_Mechatroniker.pdf
automechaniker,Automobil-Mechatroniker/in EFZ,auto_l13,HKB2/HKB4,L13,"Antriebsstrang I: Kupplung, Getriebe und Gelenkwellen",easy,single_choice,Welche Aussage beschreibt das Thema Schwungrad im Beruf Automobil-Mechatroniker/in EFZ am besten?,es ist ein Fensterheber im normalen Werkstattbetrieb,es speichert Rotationsenergie und glättet Drehungleichförmigkeit,es reinigt Abgase im Produktionsalltag bei sachgemässer Ausführung,es ersetzt Radlager bei sachgemässem Ablauf im üblichen Berufsalltag,B,Schwungräder beeinflussen Laufkultur und Kupplungsfunktion.,"Bildungsplan Automobil-Mechatroniker/in EFZ, AGVS/SBFI",https://bzwu.ch/wp-content/uploads/2021/04/Bildungsplan_Automobil_Mechatroniker.pdf
automechaniker,Automobil-Mechatroniker/in EFZ,auto_l13,HKB2/HKB4,L13,"Antriebsstrang I: Kupplung, Getriebe und Gelenkwellen",medium,single_choice,Worauf muss man beim Thema Schwungrad in der Werkstatt besonders achten?,es ist ein Fensterheber im konkreten Auftrag im Werkstattumfeld,es reinigt Abgase im Rahmen der Routine im laufenden Tagesgeschäft,es speichert Rotationsenergie und glättet Drehungleichförmigkeit,es ersetzt Radlager bei vergleichbaren Aufgaben,C,Schwungräder beeinflussen Laufkultur und Kupplungsfunktion.,"Bildungsplan Automobil-Mechatroniker/in EFZ, AGVS/SBFI",https://bzwu.ch/wp-content/uploads/2021/04/Bildungsplan_Automobil_Mechatroniker.pdf
automechaniker,Automobil-Mechatroniker/in EFZ,auto_l13,HKB2/HKB4,L13,"Antriebsstrang I: Kupplung, Getriebe und Gelenkwellen",hard,single_choice,Welche Aussage zum Thema Schwungrad ist fachlich korrekt?,es ist ein Fensterheber im üblichen Berufsalltag,es reinigt Abgase im normalen Werkstattbetrieb nach gängiger Praxis,es ersetzt Radlager bei sachgemässer Ausführung,es speichert Rotationsenergie und glättet Drehungleichförmigkeit,D,Schwungräder beeinflussen Laufkultur und Kupplungsfunktion.,"Bildungsplan Automobil-Mechatroniker/in EFZ, AGVS/SBFI",https://bzwu.ch/wp-content/uploads/2021/04/Bildungsplan_Automobil_Mechatroniker.pdf
automechaniker,Automobil-Mechatroniker/in EFZ,auto_l13,HKB2/HKB4,L13,"Antriebsstrang I: Kupplung, Getriebe und Gelenkwellen",easy,single_choice,Welche Aussage beschreibt das Thema Zweimassenschwungrad im Beruf Automobil-Mechatroniker/in EFZ am besten?,es dämpft Drehschwingungen im Antriebsstrang,es erhöht absichtlich Vibrationen,es ist ein Reifenventil im konkreten Auftrag,es misst Batteriespannung im laufenden Tagesgeschäft,A,Defekte können Geräusche und Vibrationen verursachen.,"Bildungsplan Automobil-Mechatroniker/in EFZ, AGVS/SBFI",https://bzwu.ch/wp-content/uploads/2021/04/Bildungsplan_Automobil_Mechatroniker.pdf
automechaniker,Automobil-Mechatroniker/in EFZ,auto_l13,HKB2/HKB4,L13,"Antriebsstrang I: Kupplung, Getriebe und Gelenkwellen",medium,single_choice,Worauf muss man beim Thema Zweimassenschwungrad in der Werkstatt besonders achten?,es erhöht absichtlich Vibrationen,es dämpft Drehschwingungen im Antriebsstrang,es ist ein Reifenventil im üblichen Berufsalltag,es misst Batteriespannung nach gängiger Praxis,B,Defekte können Geräusche und Vibrationen verursachen.,"Bildungsplan Automobil-Mechatroniker/in EFZ, AGVS/SBFI",https://bzwu.ch/wp-content/uploads/2021/04/Bildungsplan_Automobil_Mechatroniker.pdf
automechaniker,Automobil-Mechatroniker/in EFZ,auto_l13,HKB2/HKB4,L13,"Antriebsstrang I: Kupplung, Getriebe und Gelenkwellen",hard,single_choice,Welche Aussage zum Thema Zweimassenschwungrad ist fachlich korrekt?,es erhöht absichtlich Vibrationen,es ist ein Reifenventil im Werkstattumfeld,es dämpft Drehschwingungen im Antriebsstrang,es misst Batteriespannung im Produktionsalltag,C,Defekte können Geräusche und Vibrationen verursachen.,"Bildungsplan Automobil-Mechatroniker/in EFZ, AGVS/SBFI",https://bzwu.ch/wp-content/uploads/2021/04/Bildungsplan_Automobil_Mechatroniker.pdf
automechaniker,Automobil-Mechatroniker/in EFZ,auto_l13,HKB2/HKB4,L13,"Antriebsstrang I: Kupplung, Getriebe und Gelenkwellen",easy,single_choice,Welche Aussage beschreibt das Thema mechanisches Wechselgetriebe im Beruf Automobil-Mechatroniker/in EFZ am besten?,es ist nur ein Ölbehälter bei vergleichbaren Aufgaben im laufenden Tagesgeschäft,es ersetzt Bremsanlage unter typischen Arbeitsbedingungen,es hat keine Zahnräder im Rahmen der Routine im konkreten Auftrag,es stellt verschiedene Übersetzungen für Drehmoment und Geschwindigkeit bereit,D,Getriebe passen Motordrehzahl an Fahrsituation an.,"Bildungsplan Automobil-Mechatroniker/in EFZ, AGVS/SBFI",https://bzwu.ch/wp-content/uploads/2021/04/Bildungsplan_Automobil_Mechatroniker.pdf
automechaniker,Automobil-Mechatroniker/in EFZ,auto_l13,HKB2/HKB4,L13,"Antriebsstrang I: Kupplung, Getriebe und Gelenkwellen",medium,single_choice,Worauf muss man beim Thema mechanisches Wechselgetriebe in der Werkstatt besonders achten?,es stellt verschiedene Übersetzungen für Drehmoment und Geschwindigkeit bereit,es ist nur ein Ölbehälter bei sachgemässer Ausführung unter typischen Arbeitsbedingungen,es ersetzt Bremsanlage bei sachgemässem Ablauf im üblichen Berufsalltag,es hat keine Zahnräder im normalen Werkstattbetrieb nach gängiger Praxis,A,Getriebe passen Motordrehzahl an Fahrsituation an.,"Bildungsplan Automobil-Mechatroniker/in EFZ, AGVS/SBFI",https://bzwu.ch/wp-content/uploads/2021/04/Bildungsplan_Automobil_Mechatroniker.pdf
automechaniker,Automobil-Mechatroniker/in EFZ,auto_l13,HKB2/HKB4,L13,"Antriebsstrang I: Kupplung, Getriebe und Gelenkwellen",hard,single_choice,Welche Aussage zum Thema mechanisches Wechselgetriebe ist fachlich korrekt?,es ist nur ein Ölbehälter im laufenden Tagesgeschäft bei sachgemässem Ablauf,es stellt verschiedene Übersetzungen für Drehmoment und Geschwindigkeit bereit,es ersetzt Bremsanlage bei vergleichbaren Aufgaben im Produktionsalltag,es hat keine Zahnräder im konkreten Auftrag im Werkstattumfeld,B,Getriebe passen Motordrehzahl an Fahrsituation an.,"Bildungsplan Automobil-Mechatroniker/in EFZ, AGVS/SBFI",https://bzwu.ch/wp-content/uploads/2021/04/Bildungsplan_Automobil_Mechatroniker.pdf
automechaniker,Automobil-Mechatroniker/in EFZ,auto_l13,HKB2/HKB4,L13,"Antriebsstrang I: Kupplung, Getriebe und Gelenkwellen",easy,single_choice,Welche Aussage beschreibt das Thema Synchronisation im Beruf Automobil-Mechatroniker/in EFZ am besten?,sie lädt die Batterie im üblichen Berufsalltag,sie misst Abgaswerte bei sachgemässer Ausführung,sie gleicht Drehzahlen vor dem Gangwechsel an,sie ersetzt Kupplungspedal vollständig,C,Synchronringe erleichtern geräuscharmes Schalten.,"Bildungsplan Automobil-Mechatroniker/in EFZ, AGVS/SBFI",https://bzwu.ch/wp-content/uploads/2021/04/Bildungsplan_Automobil_Mechatroniker.pdf
automechaniker,Automobil-Mechatroniker/in EFZ,auto_l13,HKB2/HKB4,L13,"Antriebsstrang I: Kupplung, Getriebe und Gelenkwellen",medium,single_choice,Worauf muss man beim Thema Synchronisation in der Werkstatt besonders achten?,sie lädt die Batterie im Werkstattumfeld,sie misst Abgaswerte im laufenden Tagesgeschäft,sie ersetzt Kupplungspedal vollständig,sie gleicht Drehzahlen vor dem Gangwechsel an,D,Synchronringe erleichtern geräuscharmes Schalten.,"Bildungsplan Automobil-Mechatroniker/in EFZ, AGVS/SBFI",https://bzwu.ch/wp-content/uploads/2021/04/Bildungsplan_Automobil_Mechatroniker.pdf
automechaniker,Automobil-Mechatroniker/in EFZ,auto_l13,HKB2/HKB4,L13,"Antriebsstrang I: Kupplung, Getriebe und Gelenkwellen",hard,single_choice,Welche Aussage zum Thema Synchronisation ist fachlich korrekt?,sie gleicht Drehzahlen vor dem Gangwechsel an,sie lädt die Batterie unter typischen Arbeitsbedingungen,sie misst Abgaswerte nach gängiger Praxis,sie ersetzt Kupplungspedal vollständig,A,Synchronringe erleichtern geräuscharmes Schalten.,"Bildungsplan Automobil-Mechatroniker/in EFZ, AGVS/SBFI",https://bzwu.ch/wp-content/uploads/2021/04/Bildungsplan_Automobil_Mechatroniker.pdf
automechaniker,Automobil-Mechatroniker/in EFZ,auto_l13,HKB2/HKB4,L13,"Antriebsstrang I: Kupplung, Getriebe und Gelenkwellen",easy,single_choice,Welche Aussage beschreibt das Thema Gleichlaufgelenk im Beruf Automobil-Mechatroniker/in EFZ am besten?,es ist ein Lichtschalter bei sachgemässem Ablauf,es überträgt Drehmoment bei Lenkeinschlag und Federbewegung,es verhindert Bremsdruck im normalen Werkstattbetrieb,es speichert AdBlue im Produktionsalltag bei sachgemässer Ausführung,B,Antriebswellengelenke müssen beweglich und geschützt sein.,"Bildungsplan Automobil-Mechatroniker/in EFZ, AGVS/SBFI",https://bzwu.ch/wp-content/uploads/2021/04/Bildungsplan_Automobil_Mechatroniker.pdf
automechaniker,Automobil-Mechatroniker/in EFZ,auto_l13,HKB2/HKB4,L13,"Antriebsstrang I: Kupplung, Getriebe und Gelenkwellen",medium,single_choice,Worauf muss man beim Thema Gleichlaufgelenk in der Werkstatt besonders achten?,es ist ein Lichtschalter bei vergleichbaren Aufgaben,es verhindert Bremsdruck im konkreten Auftrag,es überträgt Drehmoment bei Lenkeinschlag und Federbewegung,es speichert AdBlue im Rahmen der Routine im laufenden Tagesgeschäft,C,Antriebswellengelenke müssen beweglich und geschützt sein.,"Bildungsplan Automobil-Mechatroniker/in EFZ, AGVS/SBFI",https://bzwu.ch/wp-content/uploads/2021/04/Bildungsplan_Automobil_Mechatroniker.pdf
automechaniker,Automobil-Mechatroniker/in EFZ,auto_l13,HKB2/HKB4,L13,"Antriebsstrang I: Kupplung, Getriebe und Gelenkwellen",hard,single_choice,Welche Aussage zum Thema Gleichlaufgelenk ist fachlich korrekt?,es ist ein Lichtschalter bei sachgemässer Ausführung,es verhindert Bremsdruck im üblichen Berufsalltag,es speichert AdBlue im normalen Werkstattbetrieb,es überträgt Drehmoment bei Lenkeinschlag und Federbewegung,D,Antriebswellengelenke müssen beweglich und geschützt sein.,"Bildungsplan Automobil-Mechatroniker/in EFZ, AGVS/SBFI",https://bzwu.ch/wp-content/uploads/2021/04/Bildungsplan_Automobil_Mechatroniker.pdf
automechaniker,Automobil-Mechatroniker/in EFZ,auto_l13,HKB2/HKB4,L13,"Antriebsstrang I: Kupplung, Getriebe und Gelenkwellen",easy,single_choice,Welche Aussage beschreibt das Thema Manschette im Beruf Automobil-Mechatroniker/in EFZ am besten?,sie hält Fett im Gelenk und Schmutz draussen,sie ist nur Zierde im konkreten Auftrag,sie ersetzt das Gelenk im laufenden Tagesgeschäft,sie darf gerissen bleiben im Werkstattumfeld,A,Defekte Manschetten führen schnell zu Gelenkschäden.,"Bildungsplan Automobil-Mechatroniker/in EFZ, AGVS/SBFI",https://bzwu.ch/wp-content/uploads/2021/04/Bildungsplan_Automobil_Mechatroniker.pdf
automechaniker,Automobil-Mechatroniker/in EFZ,auto_l13,HKB2/HKB4,L13,"Antriebsstrang I: Kupplung, Getriebe und Gelenkwellen",medium,single_choice,Worauf muss man beim Thema Manschette in der Werkstatt besonders achten?,sie ist nur Zierde im üblichen Berufsalltag,sie hält Fett im Gelenk und Schmutz draussen,sie ersetzt das Gelenk nach gängiger Praxis,sie darf gerissen bleiben unter typischen Arbeitsbedingungen,B,Defekte Manschetten führen schnell zu Gelenkschäden.,"Bildungsplan Automobil-Mechatroniker/in EFZ, AGVS/SBFI",https://bzwu.ch/wp-content/uploads/2021/04/Bildungsplan_Automobil_Mechatroniker.pdf
automechaniker,Automobil-Mechatroniker/in EFZ,auto_l13,HKB2/HKB4,L13,"Antriebsstrang I: Kupplung, Getriebe und Gelenkwellen",hard,single_choice,Welche Aussage zum Thema Manschette ist fachlich korrekt?,sie ist nur Zierde im Werkstattumfeld,sie ersetzt das Gelenk im Produktionsalltag,sie hält Fett im Gelenk und Schmutz draussen,sie darf gerissen bleiben bei sachgemässem Ablauf,C,Defekte Manschetten führen schnell zu Gelenkschäden.,"Bildungsplan Automobil-Mechatroniker/in EFZ, AGVS/SBFI",https://bzwu.ch/wp-content/uploads/2021/04/Bildungsplan_Automobil_Mechatroniker.pdf
automechaniker,Automobil-Mechatroniker/in EFZ,auto_l13,HKB2/HKB4,L13,"Antriebsstrang I: Kupplung, Getriebe und Gelenkwellen",easy,single_choice,Welche Aussage beschreibt das Thema Drehmoment im Beruf Automobil-Mechatroniker/in EFZ am besten?,es wird in Volt gemessen unter typischen Arbeitsbedingungen,es ist der Reifenluftdruck im Rahmen der Routine,es ist immer gleich Leistung bei vergleichbaren Aufgaben,es beschreibt die drehende Kraftwirkung im Antriebsstrang,D,"Drehmoment ist für Kupplung, Getriebe und Schraubverbindungen wichtig.","Bildungsplan Automobil-Mechatroniker/in EFZ, AGVS/SBFI",https://bzwu.ch/wp-content/uploads/2021/04/Bildungsplan_Automobil_Mechatroniker.pdf
automechaniker,Automobil-Mechatroniker/in EFZ,auto_l13,HKB2/HKB4,L13,"Antriebsstrang I: Kupplung, Getriebe und Gelenkwellen",medium,single_choice,Worauf muss man beim Thema Drehmoment in der Werkstatt besonders achten?,es beschreibt die drehende Kraftwirkung im Antriebsstrang,es wird in Volt gemessen bei sachgemässem Ablauf,es ist der Reifenluftdruck im normalen Werkstattbetrieb,es ist immer gleich Leistung bei sachgemässer Ausführung,A,"Drehmoment ist für Kupplung, Getriebe und Schraubverbindungen wichtig.","Bildungsplan Automobil-Mechatroniker/in EFZ, AGVS/SBFI",https://bzwu.ch/wp-content/uploads/2021/04/Bildungsplan_Automobil_Mechatroniker.pdf
automechaniker,Automobil-Mechatroniker/in EFZ,auto_l13,HKB2/HKB4,L13,"Antriebsstrang I: Kupplung, Getriebe und Gelenkwellen",hard,single_choice,Welche Aussage zum Thema Drehmoment ist fachlich korrekt?,es wird in Volt gemessen bei vergleichbaren Aufgaben,es beschreibt die drehende Kraftwirkung im Antriebsstrang,es ist der Reifenluftdruck im konkreten Auftrag,es ist immer gleich Leistung im laufenden Tagesgeschäft,B,"Drehmoment ist für Kupplung, Getriebe und Schraubverbindungen wichtig.","Bildungsplan Automobil-Mechatroniker/in EFZ, AGVS/SBFI",https://bzwu.ch/wp-content/uploads/2021/04/Bildungsplan_Automobil_Mechatroniker.pdf
automechaniker,Automobil-Mechatroniker/in EFZ,auto_l14,HKB4/HKB5,L14,"Antriebsstrang II: Automatik, Allrad und Diagnose",easy,single_choice,Welche Aussage beschreibt das Thema Automatikgetriebe im Beruf Automobil-Mechatroniker/in EFZ am besten?,es hat nie Öl bei sachgemässer Ausführung unter typischen Arbeitsbedingungen,es ist eine Bremsleuchte nach gängiger Praxis im Rahmen der Routine,"es wählt Übersetzungen abhängig von Last, Geschwindigkeit und Steuerung",es ersetzt den Motor im üblichen Berufsalltag bei vergleichbaren Aufgaben,C,"Automatikgetriebe kombinieren Mechanik, Hydraulik und Elektronik.","Bildungsplan Automobil-Mechatroniker/in EFZ, AGVS/SBFI",https://bzwu.ch/wp-content/uploads/2021/04/Bildungsplan_Automobil_Mechatroniker.pdf
automechaniker,Automobil-Mechatroniker/in EFZ,auto_l14,HKB4/HKB5,L14,"Antriebsstrang II: Automatik, Allrad und Diagnose",medium,single_choice,Worauf muss man beim Thema Automatikgetriebe in der Werkstatt besonders achten?,es hat nie Öl im laufenden Tagesgeschäft im normalen Werkstattbetrieb,es ist eine Bremsleuchte im Produktionsalltag bei sachgemässer Ausführung,es ersetzt den Motor im Werkstattumfeld bei sachgemässem Ablauf,"es wählt Übersetzungen abhängig von Last, Geschwindigkeit und Steuerung",D,"Automatikgetriebe kombinieren Mechanik, Hydraulik und Elektronik.","Bildungsplan Automobil-Mechatroniker/in EFZ, AGVS/SBFI",https://bzwu.ch/wp-content/uploads/2021/04/Bildungsplan_Automobil_Mechatroniker.pdf
automechaniker,Automobil-Mechatroniker/in EFZ,auto_l14,HKB4/HKB5,L14,"Antriebsstrang II: Automatik, Allrad und Diagnose",hard,single_choice,Welche Aussage zum Thema Automatikgetriebe ist fachlich korrekt?,"es wählt Übersetzungen abhängig von Last, Geschwindigkeit und Steuerung",es hat nie Öl nach gängiger Praxis bei vergleichbaren Aufgaben,es ist eine Bremsleuchte im Rahmen der Routine im konkreten Auftrag,es ersetzt den Motor unter typischen Arbeitsbedingungen,A,"Automatikgetriebe kombinieren Mechanik, Hydraulik und Elektronik.","Bildungsplan Automobil-Mechatroniker/in EFZ, AGVS/SBFI",https://bzwu.ch/wp-content/uploads/2021/04/Bildungsplan_Automobil_Mechatroniker.pdf
automechaniker,Automobil-Mechatroniker/in EFZ,auto_l14,HKB4/HKB5,L14,"Antriebsstrang II: Automatik, Allrad und Diagnose",easy,single_choice,Welche Aussage beschreibt das Thema Drehmomentwandler im Beruf Automobil-Mechatroniker/in EFZ am besten?,er ist ein Luftfilter bei sachgemässem Ablauf,er überträgt und verstärkt Drehmoment hydrodynamisch,er lädt Reifen im Produktionsalltag bei sachgemässer Ausführung,er ersetzt den Katalysator im normalen Werkstattbetrieb,B,Wandler ermöglichen Anfahren ohne mechanische Kupplung.,"Bildungsplan Automobil-Mechatroniker/in EFZ, AGVS/SBFI",https://bzwu.ch/wp-content/uploads/2021/04/Bildungsplan_Automobil_Mechatroniker.pdf
automechaniker,Automobil-Mechatroniker/in EFZ,auto_l14,HKB4/HKB5,L14,"Antriebsstrang II: Automatik, Allrad und Diagnose",medium,single_choice,Worauf muss man beim Thema Drehmomentwandler in der Werkstatt besonders achten?,er ist ein Luftfilter bei vergleichbaren Aufgaben,er lädt Reifen im Rahmen der Routine im laufenden Tagesgeschäft,er überträgt und verstärkt Drehmoment hydrodynamisch,er ersetzt den Katalysator im konkreten Auftrag,C,Wandler ermöglichen Anfahren ohne mechanische Kupplung.,"Bildungsplan Automobil-Mechatroniker/in EFZ, AGVS/SBFI",https://bzwu.ch/wp-content/uploads/2021/04/Bildungsplan_Automobil_Mechatroniker.pdf
automechaniker,Automobil-Mechatroniker/in EFZ,auto_l14,HKB4/HKB5,L14,"Antriebsstrang II: Automatik, Allrad und Diagnose",hard,single_choice,Welche Aussage zum Thema Drehmomentwandler ist fachlich korrekt?,er ist ein Luftfilter bei sachgemässer Ausführung,er lädt Reifen im normalen Werkstattbetrieb,er ersetzt den Katalysator im üblichen Berufsalltag,er überträgt und verstärkt Drehmoment hydrodynamisch,D,Wandler ermöglichen Anfahren ohne mechanische Kupplung.,"Bildungsplan Automobil-Mechatroniker/in EFZ, AGVS/SBFI",https://bzwu.ch/wp-content/uploads/2021/04/Bildungsplan_Automobil_Mechatroniker.pdf
automechaniker,Automobil-Mechatroniker/in EFZ,auto_l14,HKB4/HKB5,L14,"Antriebsstrang II: Automatik, Allrad und Diagnose",easy,single_choice,Welche Aussage beschreibt das Thema CVT im Beruf Automobil-Mechatroniker/in EFZ am besten?,es verändert die Übersetzung stufenlos,es hat nur einen festen Gang,es ist ein Airbagsensor im konkreten Auftrag,es befüllt die Klimaanlage im laufenden Tagesgeschäft,A,CVT-Getriebe nutzen variable Übersetzungsverhältnisse.,"Bildungsplan Automobil-Mechatroniker/in EFZ, AGVS/SBFI",https://bzwu.ch/wp-content/uploads/2021/04/Bildungsplan_Automobil_Mechatroniker.pdf
automechaniker,Automobil-Mechatroniker/in EFZ,auto_l14,HKB4/HKB5,L14,"Antriebsstrang II: Automatik, Allrad und Diagnose",medium,single_choice,Worauf muss man beim Thema CVT in der Werkstatt besonders achten?,es hat nur einen festen Gang,es verändert die Übersetzung stufenlos,es ist ein Airbagsensor im üblichen Berufsalltag,es befüllt die Klimaanlage nach gängiger Praxis,B,CVT-Getriebe nutzen variable Übersetzungsverhältnisse.,"Bildungsplan Automobil-Mechatroniker/in EFZ, AGVS/SBFI",https://bzwu.ch/wp-content/uploads/2021/04/Bildungsplan_Automobil_Mechatroniker.pdf
automechaniker,Automobil-Mechatroniker/in EFZ,auto_l14,HKB4/HKB5,L14,"Antriebsstrang II: Automatik, Allrad und Diagnose",hard,single_choice,Welche Aussage zum Thema CVT ist fachlich korrekt?,es hat nur einen festen Gang,es ist ein Airbagsensor im Werkstattumfeld,es verändert die Übersetzung stufenlos,es befüllt die Klimaanlage im Produktionsalltag,C,CVT-Getriebe nutzen variable Übersetzungsverhältnisse.,"Bildungsplan Automobil-Mechatroniker/in EFZ, AGVS/SBFI",https://bzwu.ch/wp-content/uploads/2021/04/Bildungsplan_Automobil_Mechatroniker.pdf
automechaniker,Automobil-Mechatroniker/in EFZ,auto_l14,HKB4/HKB5,L14,"Antriebsstrang II: Automatik, Allrad und Diagnose",easy,single_choice,Welche Aussage beschreibt das Thema Doppelkupplungsgetriebe im Beruf Automobil-Mechatroniker/in EFZ am besten?,es arbeitet ohne Steuerung im Rahmen der Routine,es hat keine Gänge unter typischen Arbeitsbedingungen,es ist nur für Beleuchtung bei vergleichbaren Aufgaben,es nutzt zwei Kupplungen für schnelle Gangwechsel,D,Doppelkupplungsgetriebe schalten oft zugkraftunterbrechungsarm.,"Bildungsplan Automobil-Mechatroniker/in EFZ, AGVS/SBFI",https://bzwu.ch/wp-content/uploads/2021/04/Bildungsplan_Automobil_Mechatroniker.pdf
automechaniker,Automobil-Mechatroniker/in EFZ,auto_l14,HKB4/HKB5,L14,"Antriebsstrang II: Automatik, Allrad und Diagnose",medium,single_choice,Worauf muss man beim Thema Doppelkupplungsgetriebe in der Werkstatt besonders achten?,es nutzt zwei Kupplungen für schnelle Gangwechsel,es arbeitet ohne Steuerung im normalen Werkstattbetrieb,es hat keine Gänge bei sachgemässem Ablauf,es ist nur für Beleuchtung bei sachgemässer Ausführung,A,Doppelkupplungsgetriebe schalten oft zugkraftunterbrechungsarm.,"Bildungsplan Automobil-Mechatroniker/in EFZ, AGVS/SBFI",https://bzwu.ch/wp-content/uploads/2021/04/Bildungsplan_Automobil_Mechatroniker.pdf
automechaniker,Automobil-Mechatroniker/in EFZ,auto_l14,HKB4/HKB5,L14,"Antriebsstrang II: Automatik, Allrad und Diagnose",hard,single_choice,Welche Aussage zum Thema Doppelkupplungsgetriebe ist fachlich korrekt?,es arbeitet ohne Steuerung im konkreten Auftrag,es nutzt zwei Kupplungen für schnelle Gangwechsel,es hat keine Gänge bei vergleichbaren Aufgaben,es ist nur für Beleuchtung im laufenden Tagesgeschäft,B,Doppelkupplungsgetriebe schalten oft zugkraftunterbrechungsarm.,"Bildungsplan Automobil-Mechatroniker/in EFZ, AGVS/SBFI",https://bzwu.ch/wp-content/uploads/2021/04/Bildungsplan_Automobil_Mechatroniker.pdf
automechaniker,Automobil-Mechatroniker/in EFZ,auto_l14,HKB4/HKB5,L14,"Antriebsstrang II: Automatik, Allrad und Diagnose",easy,single_choice,Welche Aussage beschreibt das Thema Differenzial im Beruf Automobil-Mechatroniker/in EFZ am besten?,es blockiert immer beide Räder nach gängiger Praxis,es ist ein Startermotor bei sachgemässer Ausführung,es gleicht Drehzahlunterschiede zwischen Rädern aus,es misst Kühlmitteltemperatur im üblichen Berufsalltag,C,Beim Kurvenfahren benötigen Räder unterschiedliche Drehzahlen.,"Bildungsplan Automobil-Mechatroniker/in EFZ, AGVS/SBFI",https://bzwu.ch/wp-content/uploads/2021/04/Bildungsplan_Automobil_Mechatroniker.pdf
automechaniker,Automobil-Mechatroniker/in EFZ,auto_l14,HKB4/HKB5,L14,"Antriebsstrang II: Automatik, Allrad und Diagnose",medium,single_choice,Worauf muss man beim Thema Differenzial in der Werkstatt besonders achten?,es blockiert immer beide Räder im Produktionsalltag,es ist ein Startermotor im laufenden Tagesgeschäft,es misst Kühlmitteltemperatur im Werkstattumfeld,es gleicht Drehzahlunterschiede zwischen Rädern aus,D,Beim Kurvenfahren benötigen Räder unterschiedliche Drehzahlen.,"Bildungsplan Automobil-Mechatroniker/in EFZ, AGVS/SBFI",https://bzwu.ch/wp-content/uploads/2021/04/Bildungsplan_Automobil_Mechatroniker.pdf
automechaniker,Automobil-Mechatroniker/in EFZ,auto_l14,HKB4/HKB5,L14,"Antriebsstrang II: Automatik, Allrad und Diagnose",hard,single_choice,Welche Aussage zum Thema Differenzial ist fachlich korrekt?,es gleicht Drehzahlunterschiede zwischen Rädern aus,es blockiert immer beide Räder im Rahmen der Routine,es ist ein Startermotor nach gängiger Praxis,es misst Kühlmitteltemperatur unter typischen Arbeitsbedingungen,A,Beim Kurvenfahren benötigen Räder unterschiedliche Drehzahlen.,"Bildungsplan Automobil-Mechatroniker/in EFZ, AGVS/SBFI",https://bzwu.ch/wp-content/uploads/2021/04/Bildungsplan_Automobil_Mechatroniker.pdf
automechaniker,Automobil-Mechatroniker/in EFZ,auto_l14,HKB4/HKB5,L14,"Antriebsstrang II: Automatik, Allrad und Diagnose",easy,single_choice,Welche Aussage beschreibt das Thema Allradantrieb im Beruf Automobil-Mechatroniker/in EFZ am besten?,nur ein Rad wird immer angetrieben im normalen Werkstattbetrieb,Antriebskraft wird auf Vorder- und Hinterachse verteilt,er ist ein Klimasystem im Produktionsalltag,er ersetzt Reifenprofil bei sachgemässem Ablauf,B,"Allradsysteme verbessern Traktion, benötigen aber korrekte Diagnose.","Bildungsplan Automobil-Mechatroniker/in EFZ, AGVS/SBFI",https://bzwu.ch/wp-content/uploads/2021/04/Bildungsplan_Automobil_Mechatroniker.pdf
automechaniker,Automobil-Mechatroniker/in EFZ,auto_l14,HKB4/HKB5,L14,"Antriebsstrang II: Automatik, Allrad und Diagnose",medium,single_choice,Worauf muss man beim Thema Allradantrieb in der Werkstatt besonders achten?,nur ein Rad wird immer angetrieben im konkreten Auftrag,er ist ein Klimasystem im Rahmen der Routine,Antriebskraft wird auf Vorder- und Hinterachse verteilt,er ersetzt Reifenprofil bei vergleichbaren Aufgaben,C,"Allradsysteme verbessern Traktion, benötigen aber korrekte Diagnose.","Bildungsplan Automobil-Mechatroniker/in EFZ, AGVS/SBFI",https://bzwu.ch/wp-content/uploads/2021/04/Bildungsplan_Automobil_Mechatroniker.pdf
automechaniker,Automobil-Mechatroniker/in EFZ,auto_l14,HKB4/HKB5,L14,"Antriebsstrang II: Automatik, Allrad und Diagnose",hard,single_choice,Welche Aussage zum Thema Allradantrieb ist fachlich korrekt?,nur ein Rad wird immer angetrieben im üblichen Berufsalltag,er ist ein Klimasystem im normalen Werkstattbetrieb,er ersetzt Reifenprofil bei sachgemässer Ausführung,Antriebskraft wird auf Vorder- und Hinterachse verteilt,D,"Allradsysteme verbessern Traktion, benötigen aber korrekte Diagnose.","Bildungsplan Automobil-Mechatroniker/in EFZ, AGVS/SBFI",https://bzwu.ch/wp-content/uploads/2021/04/Bildungsplan_Automobil_Mechatroniker.pdf
automechaniker,Automobil-Mechatroniker/in EFZ,auto_l14,HKB4/HKB5,L14,"Antriebsstrang II: Automatik, Allrad und Diagnose",easy,single_choice,Welche Aussage beschreibt das Thema Verteilergetriebe im Beruf Automobil-Mechatroniker/in EFZ am besten?,es verteilt Drehmoment zwischen Achsen,es verteilt Bremsflüssigkeit,es ist ein Radioverstärker im laufenden Tagesgeschäft,es ersetzt Kupplung immer im konkreten Auftrag,A,Verteilergetriebe kommen bei vielen Allradsystemen vor.,"Bildungsplan Automobil-Mechatroniker/in EFZ, AGVS/SBFI",https://bzwu.ch/wp-content/uploads/2021/04/Bildungsplan_Automobil_Mechatroniker.pdf
automechaniker,Automobil-Mechatroniker/in EFZ,auto_l14,HKB4/HKB5,L14,"Antriebsstrang II: Automatik, Allrad und Diagnose",medium,single_choice,Worauf muss man beim Thema Verteilergetriebe in der Werkstatt besonders achten?,es verteilt Bremsflüssigkeit,es verteilt Drehmoment zwischen Achsen,es ist ein Radioverstärker nach gängiger Praxis,es ersetzt Kupplung immer im üblichen Berufsalltag,B,Verteilergetriebe kommen bei vielen Allradsystemen vor.,"Bildungsplan Automobil-Mechatroniker/in EFZ, AGVS/SBFI",https://bzwu.ch/wp-content/uploads/2021/04/Bildungsplan_Automobil_Mechatroniker.pdf
automechaniker,Automobil-Mechatroniker/in EFZ,auto_l14,HKB4/HKB5,L14,"Antriebsstrang II: Automatik, Allrad und Diagnose",hard,single_choice,Welche Aussage zum Thema Verteilergetriebe ist fachlich korrekt?,es verteilt Bremsflüssigkeit,es ist ein Radioverstärker im Produktionsalltag,es verteilt Drehmoment zwischen Achsen,es ersetzt Kupplung immer im Werkstattumfeld,C,Verteilergetriebe kommen bei vielen Allradsystemen vor.,"Bildungsplan Automobil-Mechatroniker/in EFZ, AGVS/SBFI",https://bzwu.ch/wp-content/uploads/2021/04/Bildungsplan_Automobil_Mechatroniker.pdf
automechaniker,Automobil-Mechatroniker/in EFZ,auto_l14,HKB4/HKB5,L14,"Antriebsstrang II: Automatik, Allrad und Diagnose",easy,single_choice,Welche Aussage beschreibt das Thema Getriebesteuergerät im Beruf Automobil-Mechatroniker/in EFZ am besten?,es misst nur Lackdicke unter typischen Arbeitsbedingungen,es ersetzt alle Zahnräder bei vergleichbaren Aufgaben,es ist ein Reifenventil im Rahmen der Routine,es verarbeitet Sensorwerte und steuert Schaltvorgänge,D,Elektronische Steuerung beeinflusst Komfort und Haltbarkeit.,"Bildungsplan Automobil-Mechatroniker/in EFZ, AGVS/SBFI",https://bzwu.ch/wp-content/uploads/2021/04/Bildungsplan_Automobil_Mechatroniker.pdf
automechaniker,Automobil-Mechatroniker/in EFZ,auto_l14,HKB4/HKB5,L14,"Antriebsstrang II: Automatik, Allrad und Diagnose",medium,single_choice,Worauf muss man beim Thema Getriebesteuergerät in der Werkstatt besonders achten?,es verarbeitet Sensorwerte und steuert Schaltvorgänge,es misst nur Lackdicke bei sachgemässem Ablauf,es ersetzt alle Zahnräder bei sachgemässer Ausführung,es ist ein Reifenventil im normalen Werkstattbetrieb,A,Elektronische Steuerung beeinflusst Komfort und Haltbarkeit.,"Bildungsplan Automobil-Mechatroniker/in EFZ, AGVS/SBFI",https://bzwu.ch/wp-content/uploads/2021/04/Bildungsplan_Automobil_Mechatroniker.pdf
automechaniker,Automobil-Mechatroniker/in EFZ,auto_l14,HKB4/HKB5,L14,"Antriebsstrang II: Automatik, Allrad und Diagnose",hard,single_choice,Welche Aussage zum Thema Getriebesteuergerät ist fachlich korrekt?,es misst nur Lackdicke bei vergleichbaren Aufgaben,es verarbeitet Sensorwerte und steuert Schaltvorgänge,es ersetzt alle Zahnräder im laufenden Tagesgeschäft,es ist ein Reifenventil im konkreten Auftrag,B,Elektronische Steuerung beeinflusst Komfort und Haltbarkeit.,"Bildungsplan Automobil-Mechatroniker/in EFZ, AGVS/SBFI",https://bzwu.ch/wp-content/uploads/2021/04/Bildungsplan_Automobil_Mechatroniker.pdf
automechaniker,Automobil-Mechatroniker/in EFZ,auto_l14,HKB4/HKB5,L14,"Antriebsstrang II: Automatik, Allrad und Diagnose",easy,single_choice,Welche Aussage beschreibt das Thema Öldruck im Getriebe im Beruf Automobil-Mechatroniker/in EFZ am besten?,er ist immer ohne Bedeutung im üblichen Berufsalltag,er wird in Litern angegeben nach gängiger Praxis,"er betätigt Kupplungen, Bremsen oder Schaltelemente",er ersetzt die Ölqualität bei sachgemässer Ausführung,C,Hydraulischer Druck ist bei vielen Automatikgetrieben zentral.,"Bildungsplan Automobil-Mechatroniker/in EFZ, AGVS/SBFI",https://bzwu.ch/wp-content/uploads/2021/04/Bildungsplan_Automobil_Mechatroniker.pdf
automechaniker,Automobil-Mechatroniker/in EFZ,auto_l14,HKB4/HKB5,L14,"Antriebsstrang II: Automatik, Allrad und Diagnose",medium,single_choice,Worauf muss man beim Thema Öldruck im Getriebe in der Werkstatt besonders achten?,er ist immer ohne Bedeutung im Werkstattumfeld,er wird in Litern angegeben im Produktionsalltag,er ersetzt die Ölqualität im laufenden Tagesgeschäft,"er betätigt Kupplungen, Bremsen oder Schaltelemente",D,Hydraulischer Druck ist bei vielen Automatikgetrieben zentral.,"Bildungsplan Automobil-Mechatroniker/in EFZ, AGVS/SBFI",https://bzwu.ch/wp-content/uploads/2021/04/Bildungsplan_Automobil_Mechatroniker.pdf
automechaniker,Automobil-Mechatroniker/in EFZ,auto_l14,HKB4/HKB5,L14,"Antriebsstrang II: Automatik, Allrad und Diagnose",hard,single_choice,Welche Aussage zum Thema Öldruck im Getriebe ist fachlich korrekt?,"er betätigt Kupplungen, Bremsen oder Schaltelemente",er ist immer ohne Bedeutung unter typischen Arbeitsbedingungen,er wird in Litern angegeben im Rahmen der Routine,er ersetzt die Ölqualität nach gängiger Praxis,A,Hydraulischer Druck ist bei vielen Automatikgetrieben zentral.,"Bildungsplan Automobil-Mechatroniker/in EFZ, AGVS/SBFI",https://bzwu.ch/wp-content/uploads/2021/04/Bildungsplan_Automobil_Mechatroniker.pdf
automechaniker,Automobil-Mechatroniker/in EFZ,auto_l14,HKB4/HKB5,L14,"Antriebsstrang II: Automatik, Allrad und Diagnose",easy,single_choice,Welche Aussage beschreibt das Thema Diagnosefahrt im Beruf Automobil-Mechatroniker/in EFZ am besten?,ohne Auftrag privat fahren bei sachgemässem Ablauf,"Schaltverhalten, Geräusche, Schlupf und Fehlerdaten gezielt beurteilen",Fehler nur löschen im Produktionsalltag bei sachgemässer Ausführung,keine Sicherheitsregeln beachten im normalen Werkstattbetrieb,B,Antriebsdiagnose kombiniert Messwerte und Fahrverhalten.,"Bildungsplan Automobil-Mechatroniker/in EFZ, AGVS/SBFI",https://bzwu.ch/wp-content/uploads/2021/04/Bildungsplan_Automobil_Mechatroniker.pdf
automechaniker,Automobil-Mechatroniker/in EFZ,auto_l14,HKB4/HKB5,L14,"Antriebsstrang II: Automatik, Allrad und Diagnose",medium,single_choice,Worauf muss man beim Thema Diagnosefahrt in der Werkstatt besonders achten?,ohne Auftrag privat fahren bei vergleichbaren Aufgaben,Fehler nur löschen im Rahmen der Routine im laufenden Tagesgeschäft,"Schaltverhalten, Geräusche, Schlupf und Fehlerdaten gezielt beurteilen",keine Sicherheitsregeln beachten im konkreten Auftrag,C,Antriebsdiagnose kombiniert Messwerte und Fahrverhalten.,"Bildungsplan Automobil-Mechatroniker/in EFZ, AGVS/SBFI",https://bzwu.ch/wp-content/uploads/2021/04/Bildungsplan_Automobil_Mechatroniker.pdf
automechaniker,Automobil-Mechatroniker/in EFZ,auto_l14,HKB4/HKB5,L14,"Antriebsstrang II: Automatik, Allrad und Diagnose",hard,single_choice,Welche Aussage zum Thema Diagnosefahrt ist fachlich korrekt?,ohne Auftrag privat fahren bei sachgemässer Ausführung,Fehler nur löschen im normalen Werkstattbetrieb nach gängiger Praxis,keine Sicherheitsregeln beachten im üblichen Berufsalltag,"Schaltverhalten, Geräusche, Schlupf und Fehlerdaten gezielt beurteilen",D,Antriebsdiagnose kombiniert Messwerte und Fahrverhalten.,"Bildungsplan Automobil-Mechatroniker/in EFZ, AGVS/SBFI",https://bzwu.ch/wp-content/uploads/2021/04/Bildungsplan_Automobil_Mechatroniker.pdf
automechaniker,Automobil-Mechatroniker/in EFZ,auto_l15,HKB4/HKB5,L15,"Komfort-, Sicherheits-, Assistenz- und Infotainmentsysteme",easy,single_choice,Welche Aussage beschreibt das Thema Klimaanlage im Beruf Automobil-Mechatroniker/in EFZ am besten?,"Kältekreislauf, Druckwerte, Dichtheit und Bedienung prüfen",Kältemittel ablassen im konkreten Auftrag im Produktionsalltag,Kompressor ohne Öl betreiben im Werkstattumfeld,Filterzustand ignorieren im laufenden Tagesgeschäft,A,Klimaanlagen sind Komfort- und Sicherheitssysteme für Sicht und Innenraumklima.,"Bildungsplan Automobil-Mechatroniker/in EFZ, AGVS/SBFI",https://bzwu.ch/wp-content/uploads/2021/04/Bildungsplan_Automobil_Mechatroniker.pdf
automechaniker,Automobil-Mechatroniker/in EFZ,auto_l15,HKB4/HKB5,L15,"Komfort-, Sicherheits-, Assistenz- und Infotainmentsysteme",medium,single_choice,Worauf muss man beim Thema Klimaanlage in der Werkstatt besonders achten?,Kältemittel ablassen im üblichen Berufsalltag,"Kältekreislauf, Druckwerte, Dichtheit und Bedienung prüfen",Kompressor ohne Öl betreiben unter typischen Arbeitsbedingungen,Filterzustand ignorieren nach gängiger Praxis,B,Klimaanlagen sind Komfort- und Sicherheitssysteme für Sicht und Innenraumklima.,"Bildungsplan Automobil-Mechatroniker/in EFZ, AGVS/SBFI",https://bzwu.ch/wp-content/uploads/2021/04/Bildungsplan_Automobil_Mechatroniker.pdf
automechaniker,Automobil-Mechatroniker/in EFZ,auto_l15,HKB4/HKB5,L15,"Komfort-, Sicherheits-, Assistenz- und Infotainmentsysteme",hard,single_choice,Welche Aussage zum Thema Klimaanlage ist fachlich korrekt?,Kältemittel ablassen im Werkstattumfeld im normalen Werkstattbetrieb,Kompressor ohne Öl betreiben bei sachgemässem Ablauf,"Kältekreislauf, Druckwerte, Dichtheit und Bedienung prüfen",Filterzustand ignorieren im Produktionsalltag,C,Klimaanlagen sind Komfort- und Sicherheitssysteme für Sicht und Innenraumklima.,"Bildungsplan Automobil-Mechatroniker/in EFZ, AGVS/SBFI",https://bzwu.ch/wp-content/uploads/2021/04/Bildungsplan_Automobil_Mechatroniker.pdf
automechaniker,Automobil-Mechatroniker/in EFZ,auto_l15,HKB4/HKB5,L15,"Komfort-, Sicherheits-, Assistenz- und Infotainmentsysteme",easy,single_choice,Welche Aussage beschreibt das Thema Innenraumfilter im Beruf Automobil-Mechatroniker/in EFZ am besten?,er ersetzt Motorluftfilter bei vergleichbaren Aufgaben,er verbessert Bremsdruck im Rahmen der Routine,er wird nie gewechselt unter typischen Arbeitsbedingungen,"er filtert Staub, Pollen und je nach Bauart Gerüche",D,Filterzustand beeinflusst Luftqualität und Gebläseleistung.,"Bildungsplan Automobil-Mechatroniker/in EFZ, AGVS/SBFI",https://bzwu.ch/wp-content/uploads/2021/04/Bildungsplan_Automobil_Mechatroniker.pdf
automechaniker,Automobil-Mechatroniker/in EFZ,auto_l15,HKB4/HKB5,L15,"Komfort-, Sicherheits-, Assistenz- und Infotainmentsysteme",medium,single_choice,Worauf muss man beim Thema Innenraumfilter in der Werkstatt besonders achten?,"er filtert Staub, Pollen und je nach Bauart Gerüche",er ersetzt Motorluftfilter bei sachgemässer Ausführung,er verbessert Bremsdruck im normalen Werkstattbetrieb,er wird nie gewechselt bei sachgemässem Ablauf,A,Filterzustand beeinflusst Luftqualität und Gebläseleistung.,"Bildungsplan Automobil-Mechatroniker/in EFZ, AGVS/SBFI",https://bzwu.ch/wp-content/uploads/2021/04/Bildungsplan_Automobil_Mechatroniker.pdf
automechaniker,Automobil-Mechatroniker/in EFZ,auto_l15,HKB4/HKB5,L15,"Komfort-, Sicherheits-, Assistenz- und Infotainmentsysteme",hard,single_choice,Welche Aussage zum Thema Innenraumfilter ist fachlich korrekt?,er ersetzt Motorluftfilter im laufenden Tagesgeschäft,"er filtert Staub, Pollen und je nach Bauart Gerüche",er verbessert Bremsdruck im konkreten Auftrag,er wird nie gewechselt bei vergleichbaren Aufgaben,B,Filterzustand beeinflusst Luftqualität und Gebläseleistung.,"Bildungsplan Automobil-Mechatroniker/in EFZ, AGVS/SBFI",https://bzwu.ch/wp-content/uploads/2021/04/Bildungsplan_Automobil_Mechatroniker.pdf
automechaniker,Automobil-Mechatroniker/in EFZ,auto_l15,HKB4/HKB5,L15,"Komfort-, Sicherheits-, Assistenz- und Infotainmentsysteme",easy,single_choice,Welche Aussage beschreibt das Thema Airbagsystem im Beruf Automobil-Mechatroniker/in EFZ am besten?,Stecker bei eingeschalteter Zündung ziehen nach gängiger Praxis,Fehlerlampe abkleben bei sachgemässer Ausführung,Diagnose und Arbeiten nur nach Sicherheitsvorgaben durchführen,pyrotechnische Teile werfen im üblichen Berufsalltag,C,Airbagsysteme sind sicherheitsrelevant und pyrotechnisch.,"Bildungsplan Automobil-Mechatroniker/in EFZ, AGVS/SBFI",https://bzwu.ch/wp-content/uploads/2021/04/Bildungsplan_Automobil_Mechatroniker.pdf
automechaniker,Automobil-Mechatroniker/in EFZ,auto_l15,HKB4/HKB5,L15,"Komfort-, Sicherheits-, Assistenz- und Infotainmentsysteme",medium,single_choice,Worauf muss man beim Thema Airbagsystem in der Werkstatt besonders achten?,Stecker bei eingeschalteter Zündung ziehen im Produktionsalltag,Fehlerlampe abkleben im laufenden Tagesgeschäft,pyrotechnische Teile werfen im Werkstattumfeld,Diagnose und Arbeiten nur nach Sicherheitsvorgaben durchführen,D,Airbagsysteme sind sicherheitsrelevant und pyrotechnisch.,"Bildungsplan Automobil-Mechatroniker/in EFZ, AGVS/SBFI",https://bzwu.ch/wp-content/uploads/2021/04/Bildungsplan_Automobil_Mechatroniker.pdf
automechaniker,Automobil-Mechatroniker/in EFZ,auto_l15,HKB4/HKB5,L15,"Komfort-, Sicherheits-, Assistenz- und Infotainmentsysteme",hard,single_choice,Welche Aussage zum Thema Airbagsystem ist fachlich korrekt?,Diagnose und Arbeiten nur nach Sicherheitsvorgaben durchführen,Stecker bei eingeschalteter Zündung ziehen bei vergleichbaren Aufgaben,Fehlerlampe abkleben nach gängiger Praxis im Rahmen der Routine,pyrotechnische Teile werfen unter typischen Arbeitsbedingungen,A,Airbagsysteme sind sicherheitsrelevant und pyrotechnisch.,"Bildungsplan Automobil-Mechatroniker/in EFZ, AGVS/SBFI",https://bzwu.ch/wp-content/uploads/2021/04/Bildungsplan_Automobil_Mechatroniker.pdf
automechaniker,Automobil-Mechatroniker/in EFZ,auto_l15,HKB4/HKB5,L15,"Komfort-, Sicherheits-, Assistenz- und Infotainmentsysteme",easy,single_choice,Welche Aussage beschreibt das Thema Sitzheizung im Beruf Automobil-Mechatroniker/in EFZ am besten?,sie ist ein Motorkühler bei sachgemässem Ablauf,"Heizmatten, Schalter, Sicherung und Steuerung prüfen",sie ersetzt Batterieheizung immer im normalen Werkstattbetrieb,Kurzschluss ignorieren im Produktionsalltag,B,Komfortsysteme werden elektrisch diagnostiziert.,"Bildungsplan Automobil-Mechatroniker/in EFZ, AGVS/SBFI",https://bzwu.ch/wp-content/uploads/2021/04/Bildungsplan_Automobil_Mechatroniker.pdf
automechaniker,Automobil-Mechatroniker/in EFZ,auto_l15,HKB4/HKB5,L15,"Komfort-, Sicherheits-, Assistenz- und Infotainmentsysteme",medium,single_choice,Worauf muss man beim Thema Sitzheizung in der Werkstatt besonders achten?,sie ist ein Motorkühler bei vergleichbaren Aufgaben,sie ersetzt Batterieheizung immer im konkreten Auftrag,"Heizmatten, Schalter, Sicherung und Steuerung prüfen",Kurzschluss ignorieren im Rahmen der Routine,C,Komfortsysteme werden elektrisch diagnostiziert.,"Bildungsplan Automobil-Mechatroniker/in EFZ, AGVS/SBFI",https://bzwu.ch/wp-content/uploads/2021/04/Bildungsplan_Automobil_Mechatroniker.pdf
automechaniker,Automobil-Mechatroniker/in EFZ,auto_l15,HKB4/HKB5,L15,"Komfort-, Sicherheits-, Assistenz- und Infotainmentsysteme",hard,single_choice,Welche Aussage zum Thema Sitzheizung ist fachlich korrekt?,sie ist ein Motorkühler bei sachgemässer Ausführung,sie ersetzt Batterieheizung immer im üblichen Berufsalltag,Kurzschluss ignorieren im normalen Werkstattbetrieb,"Heizmatten, Schalter, Sicherung und Steuerung prüfen",D,Komfortsysteme werden elektrisch diagnostiziert.,"Bildungsplan Automobil-Mechatroniker/in EFZ, AGVS/SBFI",https://bzwu.ch/wp-content/uploads/2021/04/Bildungsplan_Automobil_Mechatroniker.pdf
automechaniker,Automobil-Mechatroniker/in EFZ,auto_l15,HKB4/HKB5,L15,"Komfort-, Sicherheits-, Assistenz- und Infotainmentsysteme",easy,single_choice,Welche Aussage beschreibt das Thema elektrischer Fensterheber im Beruf Automobil-Mechatroniker/in EFZ am besten?,"Motor, Schalter, Einklemmschutz und Initialisierung prüfen",Einklemmschutz deaktivieren im Werkstattumfeld,Scheibenlauf ignorieren im konkreten Auftrag,Motor direkt überlasten im laufenden Tagesgeschäft,A,Fensterheber verbinden Komfort und Sicherheitsfunktionen.,"Bildungsplan Automobil-Mechatroniker/in EFZ, AGVS/SBFI",https://bzwu.ch/wp-content/uploads/2021/04/Bildungsplan_Automobil_Mechatroniker.pdf
automechaniker,Automobil-Mechatroniker/in EFZ,auto_l15,HKB4/HKB5,L15,"Komfort-, Sicherheits-, Assistenz- und Infotainmentsysteme",medium,single_choice,Worauf muss man beim Thema elektrischer Fensterheber in der Werkstatt besonders achten?,Einklemmschutz deaktivieren unter typischen Arbeitsbedingungen,"Motor, Schalter, Einklemmschutz und Initialisierung prüfen",Scheibenlauf ignorieren im üblichen Berufsalltag,Motor direkt überlasten nach gängiger Praxis,B,Fensterheber verbinden Komfort und Sicherheitsfunktionen.,"Bildungsplan Automobil-Mechatroniker/in EFZ, AGVS/SBFI",https://bzwu.ch/wp-content/uploads/2021/04/Bildungsplan_Automobil_Mechatroniker.pdf
automechaniker,Automobil-Mechatroniker/in EFZ,auto_l15,HKB4/HKB5,L15,"Komfort-, Sicherheits-, Assistenz- und Infotainmentsysteme",hard,single_choice,Welche Aussage zum Thema elektrischer Fensterheber ist fachlich korrekt?,Einklemmschutz deaktivieren bei sachgemässem Ablauf,Scheibenlauf ignorieren im Werkstattumfeld im normalen Werkstattbetrieb,"Motor, Schalter, Einklemmschutz und Initialisierung prüfen",Motor direkt überlasten im Produktionsalltag,C,Fensterheber verbinden Komfort und Sicherheitsfunktionen.,"Bildungsplan Automobil-Mechatroniker/in EFZ, AGVS/SBFI",https://bzwu.ch/wp-content/uploads/2021/04/Bildungsplan_Automobil_Mechatroniker.pdf
automechaniker,Automobil-Mechatroniker/in EFZ,auto_l15,HKB4/HKB5,L15,"Komfort-, Sicherheits-, Assistenz- und Infotainmentsysteme",easy,single_choice,Welche Aussage beschreibt das Thema Fahrerassistenzsystem im Beruf Automobil-Mechatroniker/in EFZ am besten?,es ersetzt den Fahrer vollständig bei vergleichbaren Aufgaben,verschmutzte Sensoren sind egal im Rahmen der Routine,Kalibrierung ist nie nötig unter typischen Arbeitsbedingungen,"Sensorik, Kalibrierung und Systemgrenzen beachten",D,"Assistenzsysteme unterstützen, entbinden aber nicht von Kontrolle.","Bildungsplan Automobil-Mechatroniker/in EFZ, AGVS/SBFI",https://bzwu.ch/wp-content/uploads/2021/04/Bildungsplan_Automobil_Mechatroniker.pdf
automechaniker,Automobil-Mechatroniker/in EFZ,auto_l15,HKB4/HKB5,L15,"Komfort-, Sicherheits-, Assistenz- und Infotainmentsysteme",medium,single_choice,Worauf muss man beim Thema Fahrerassistenzsystem in der Werkstatt besonders achten?,"Sensorik, Kalibrierung und Systemgrenzen beachten",es ersetzt den Fahrer vollständig bei sachgemässer Ausführung,verschmutzte Sensoren sind egal im normalen Werkstattbetrieb,Kalibrierung ist nie nötig bei sachgemässem Ablauf,A,"Assistenzsysteme unterstützen, entbinden aber nicht von Kontrolle.","Bildungsplan Automobil-Mechatroniker/in EFZ, AGVS/SBFI",https://bzwu.ch/wp-content/uploads/2021/04/Bildungsplan_Automobil_Mechatroniker.pdf
automechaniker,Automobil-Mechatroniker/in EFZ,auto_l15,HKB4/HKB5,L15,"Komfort-, Sicherheits-, Assistenz- und Infotainmentsysteme",hard,single_choice,Welche Aussage zum Thema Fahrerassistenzsystem ist fachlich korrekt?,es ersetzt den Fahrer vollständig im laufenden Tagesgeschäft,"Sensorik, Kalibrierung und Systemgrenzen beachten",verschmutzte Sensoren sind egal im konkreten Auftrag,Kalibrierung ist nie nötig bei vergleichbaren Aufgaben,B,"Assistenzsysteme unterstützen, entbinden aber nicht von Kontrolle.","Bildungsplan Automobil-Mechatroniker/in EFZ, AGVS/SBFI",https://bzwu.ch/wp-content/uploads/2021/04/Bildungsplan_Automobil_Mechatroniker.pdf
automechaniker,Automobil-Mechatroniker/in EFZ,auto_l15,HKB4/HKB5,L15,"Komfort-, Sicherheits-, Assistenz- und Infotainmentsysteme",easy,single_choice,Welche Aussage beschreibt das Thema Radar im Beruf Automobil-Mechatroniker/in EFZ am besten?,Radar misst Motoröl bei sachgemässer Ausführung unter typischen Arbeitsbedingungen,Lackieren hat nie Einfluss im üblichen Berufsalltag,"Ausrichtung, Verdeckung und Kalibrierung beeinflussen die Funktion",Radar braucht keine Diagnose nach gängiger Praxis,C,Radar wird etwa für Abstandssysteme verwendet.,"Bildungsplan Automobil-Mechatroniker/in EFZ, AGVS/SBFI",https://bzwu.ch/wp-content/uploads/2021/04/Bildungsplan_Automobil_Mechatroniker.pdf
automechaniker,Automobil-Mechatroniker/in EFZ,auto_l15,HKB4/HKB5,L15,"Komfort-, Sicherheits-, Assistenz- und Infotainmentsysteme",medium,single_choice,Worauf muss man beim Thema Radar in der Werkstatt besonders achten?,Radar misst Motoröl im laufenden Tagesgeschäft im normalen Werkstattbetrieb,Lackieren hat nie Einfluss im Werkstattumfeld bei sachgemässem Ablauf,Radar braucht keine Diagnose im Produktionsalltag,"Ausrichtung, Verdeckung und Kalibrierung beeinflussen die Funktion",D,Radar wird etwa für Abstandssysteme verwendet.,"Bildungsplan Automobil-Mechatroniker/in EFZ, AGVS/SBFI",https://bzwu.ch/wp-content/uploads/2021/04/Bildungsplan_Automobil_Mechatroniker.pdf
automechaniker,Automobil-Mechatroniker/in EFZ,auto_l15,HKB4/HKB5,L15,"Komfort-, Sicherheits-, Assistenz- und Infotainmentsysteme",hard,single_choice,Welche Aussage zum Thema Radar ist fachlich korrekt?,"Ausrichtung, Verdeckung und Kalibrierung beeinflussen die Funktion",Radar misst Motoröl nach gängiger Praxis bei vergleichbaren Aufgaben,Lackieren hat nie Einfluss unter typischen Arbeitsbedingungen,Radar braucht keine Diagnose im Rahmen der Routine,A,Radar wird etwa für Abstandssysteme verwendet.,"Bildungsplan Automobil-Mechatroniker/in EFZ, AGVS/SBFI",https://bzwu.ch/wp-content/uploads/2021/04/Bildungsplan_Automobil_Mechatroniker.pdf
automechaniker,Automobil-Mechatroniker/in EFZ,auto_l15,HKB4/HKB5,L15,"Komfort-, Sicherheits-, Assistenz- und Infotainmentsysteme",easy,single_choice,Welche Aussage beschreibt das Thema Kameraassistenz im Beruf Automobil-Mechatroniker/in EFZ am besten?,Steinschlag ist immer egal im Produktionsalltag,"Sichtfeld, Kalibrierung und Scheibenzustand sind wichtig",Kamera wird beliebig versetzt bei sachgemässem Ablauf,Kalibrierziele braucht man nie im normalen Werkstattbetrieb,B,Kamerasysteme benötigen klare Sicht und korrekte Geometrie.,"Bildungsplan Automobil-Mechatroniker/in EFZ, AGVS/SBFI",https://bzwu.ch/wp-content/uploads/2021/04/Bildungsplan_Automobil_Mechatroniker.pdf
automechaniker,Automobil-Mechatroniker/in EFZ,auto_l15,HKB4/HKB5,L15,"Komfort-, Sicherheits-, Assistenz- und Infotainmentsysteme",medium,single_choice,Worauf muss man beim Thema Kameraassistenz in der Werkstatt besonders achten?,Steinschlag ist immer egal im Rahmen der Routine,Kamera wird beliebig versetzt bei vergleichbaren Aufgaben,"Sichtfeld, Kalibrierung und Scheibenzustand sind wichtig",Kalibrierziele braucht man nie im konkreten Auftrag,C,Kamerasysteme benötigen klare Sicht und korrekte Geometrie.,"Bildungsplan Automobil-Mechatroniker/in EFZ, AGVS/SBFI",https://bzwu.ch/wp-content/uploads/2021/04/Bildungsplan_Automobil_Mechatroniker.pdf
automechaniker,Automobil-Mechatroniker/in EFZ,auto_l15,HKB4/HKB5,L15,"Komfort-, Sicherheits-, Assistenz- und Infotainmentsysteme",hard,single_choice,Welche Aussage zum Thema Kameraassistenz ist fachlich korrekt?,Steinschlag ist immer egal im normalen Werkstattbetrieb,Kamera wird beliebig versetzt bei sachgemässer Ausführung,Kalibrierziele braucht man nie im üblichen Berufsalltag,"Sichtfeld, Kalibrierung und Scheibenzustand sind wichtig",D,Kamerasysteme benötigen klare Sicht und korrekte Geometrie.,"Bildungsplan Automobil-Mechatroniker/in EFZ, AGVS/SBFI",https://bzwu.ch/wp-content/uploads/2021/04/Bildungsplan_Automobil_Mechatroniker.pdf
automechaniker,Automobil-Mechatroniker/in EFZ,auto_l15,HKB4/HKB5,L15,"Komfort-, Sicherheits-, Assistenz- und Infotainmentsysteme",easy,single_choice,Welche Aussage beschreibt das Thema Infotainment im Beruf Automobil-Mechatroniker/in EFZ am besten?,"Software, Schnittstellen, Stromversorgung und Antennen prüfen",es ist nur ein mechanisches Getriebe im Werkstattumfeld,es hat nie Fehlercodes im konkreten Auftrag,es ersetzt Bordnetzdiagnose im laufenden Tagesgeschäft,A,Infotainment ist in moderne Fahrzeugvernetzung eingebunden.,"Bildungsplan Automobil-Mechatroniker/in EFZ, AGVS/SBFI",https://bzwu.ch/wp-content/uploads/2021/04/Bildungsplan_Automobil_Mechatroniker.pdf
automechaniker,Automobil-Mechatroniker/in EFZ,auto_l15,HKB4/HKB5,L15,"Komfort-, Sicherheits-, Assistenz- und Infotainmentsysteme",medium,single_choice,Worauf muss man beim Thema Infotainment in der Werkstatt besonders achten?,es ist nur ein mechanisches Getriebe unter typischen Arbeitsbedingungen,"Software, Schnittstellen, Stromversorgung und Antennen prüfen",es hat nie Fehlercodes im üblichen Berufsalltag,es ersetzt Bordnetzdiagnose nach gängiger Praxis,B,Infotainment ist in moderne Fahrzeugvernetzung eingebunden.,"Bildungsplan Automobil-Mechatroniker/in EFZ, AGVS/SBFI",https://bzwu.ch/wp-content/uploads/2021/04/Bildungsplan_Automobil_Mechatroniker.pdf
automechaniker,Automobil-Mechatroniker/in EFZ,auto_l15,HKB4/HKB5,L15,"Komfort-, Sicherheits-, Assistenz- und Infotainmentsysteme",hard,single_choice,Welche Aussage zum Thema Infotainment ist fachlich korrekt?,es ist nur ein mechanisches Getriebe bei sachgemässem Ablauf,es hat nie Fehlercodes im Werkstattumfeld im normalen Werkstattbetrieb,"Software, Schnittstellen, Stromversorgung und Antennen prüfen",es ersetzt Bordnetzdiagnose im Produktionsalltag,C,Infotainment ist in moderne Fahrzeugvernetzung eingebunden.,"Bildungsplan Automobil-Mechatroniker/in EFZ, AGVS/SBFI",https://bzwu.ch/wp-content/uploads/2021/04/Bildungsplan_Automobil_Mechatroniker.pdf
automechaniker,Automobil-Mechatroniker/in EFZ,auto_l15,HKB4/HKB5,L15,"Komfort-, Sicherheits-, Assistenz- und Infotainmentsysteme",easy,single_choice,Welche Aussage beschreibt das Thema Datenbusdiagnose im Beruf Automobil-Mechatroniker/in EFZ am besten?,Busfehler immer durch Reifenwechsel lösen bei vergleichbaren Aufgaben,alle Steuergeräte gleichzeitig ersetzen im Rahmen der Routine,Messung am Bus ist verboten unter typischen Arbeitsbedingungen,"Kommunikation, Spannungsversorgung und Abschlusswiderstände prüfen",D,Vernetzungsfehler erfordern systematische elektrische Diagnose.,"Bildungsplan Automobil-Mechatroniker/in EFZ, AGVS/SBFI",https://bzwu.ch/wp-content/uploads/2021/04/Bildungsplan_Automobil_Mechatroniker.pdf
automechaniker,Automobil-Mechatroniker/in EFZ,auto_l15,HKB4/HKB5,L15,"Komfort-, Sicherheits-, Assistenz- und Infotainmentsysteme",medium,single_choice,Worauf muss man beim Thema Datenbusdiagnose in der Werkstatt besonders achten?,"Kommunikation, Spannungsversorgung und Abschlusswiderstände prüfen",Busfehler immer durch Reifenwechsel lösen bei sachgemässer Ausführung,alle Steuergeräte gleichzeitig ersetzen im normalen Werkstattbetrieb,Messung am Bus ist verboten bei sachgemässem Ablauf,A,Vernetzungsfehler erfordern systematische elektrische Diagnose.,"Bildungsplan Automobil-Mechatroniker/in EFZ, AGVS/SBFI",https://bzwu.ch/wp-content/uploads/2021/04/Bildungsplan_Automobil_Mechatroniker.pdf
automechaniker,Automobil-Mechatroniker/in EFZ,auto_l15,HKB4/HKB5,L15,"Komfort-, Sicherheits-, Assistenz- und Infotainmentsysteme",hard,single_choice,Welche Aussage zum Thema Datenbusdiagnose ist fachlich korrekt?,Busfehler immer durch Reifenwechsel lösen im laufenden Tagesgeschäft,"Kommunikation, Spannungsversorgung und Abschlusswiderstände prüfen",alle Steuergeräte gleichzeitig ersetzen im konkreten Auftrag,Messung am Bus ist verboten bei vergleichbaren Aufgaben,B,Vernetzungsfehler erfordern systematische elektrische Diagnose.,"Bildungsplan Automobil-Mechatroniker/in EFZ, AGVS/SBFI",https://bzwu.ch/wp-content/uploads/2021/04/Bildungsplan_Automobil_Mechatroniker.pdf
automechaniker,Automobil-Mechatroniker/in EFZ,auto_l16,HKB4/HKB5,L16,"Alternative Antriebe, Hochvolt und Abschlusskontrolle",easy,single_choice,Welche Aussage beschreibt das Thema Hochvoltsystem im Beruf Automobil-Mechatroniker/in EFZ am besten?,orange Kabel beliebig trennen im üblichen Berufsalltag unter typischen Arbeitsbedingungen,Spannungsfreiheit nie prüfen bei sachgemässer Ausführung bei vergleichbaren Aufgaben,Arbeiten dürfen nur mit entsprechender Qualifikation und Sicherheitsregeln erfolgen,Metallschmuck ist unproblematisch nach gängiger Praxis im Rahmen der Routine,C,Hochvolt kann lebensgefährlich sein und verlangt klare Verfahren.,"Bildungsplan Automobil-Mechatroniker/in EFZ, AGVS/SBFI",https://bzwu.ch/wp-content/uploads/2021/04/Bildungsplan_Automobil_Mechatroniker.pdf
automechaniker,Automobil-Mechatroniker/in EFZ,auto_l16,HKB4/HKB5,L16,"Alternative Antriebe, Hochvolt und Abschlusskontrolle",medium,single_choice,Worauf muss man beim Thema Hochvoltsystem in der Werkstatt besonders achten?,orange Kabel beliebig trennen im Werkstattumfeld bei sachgemässem Ablauf,Spannungsfreiheit nie prüfen im laufenden Tagesgeschäft bei sachgemässer Ausführung,Metallschmuck ist unproblematisch im Produktionsalltag im normalen Werkstattbetrieb,Arbeiten dürfen nur mit entsprechender Qualifikation und Sicherheitsregeln erfolgen,D,Hochvolt kann lebensgefährlich sein und verlangt klare Verfahren.,"Bildungsplan Automobil-Mechatroniker/in EFZ, AGVS/SBFI",https://bzwu.ch/wp-content/uploads/2021/04/Bildungsplan_Automobil_Mechatroniker.pdf
automechaniker,Automobil-Mechatroniker/in EFZ,auto_l16,HKB4/HKB5,L16,"Alternative Antriebe, Hochvolt und Abschlusskontrolle",hard,single_choice,Welche Aussage zum Thema Hochvoltsystem ist fachlich korrekt?,Arbeiten dürfen nur mit entsprechender Qualifikation und Sicherheitsregeln erfolgen,orange Kabel beliebig trennen unter typischen Arbeitsbedingungen,Spannungsfreiheit nie prüfen nach gängiger Praxis bei vergleichbaren Aufgaben,Metallschmuck ist unproblematisch im Rahmen der Routine im konkreten Auftrag,A,Hochvolt kann lebensgefährlich sein und verlangt klare Verfahren.,"Bildungsplan Automobil-Mechatroniker/in EFZ, AGVS/SBFI",https://bzwu.ch/wp-content/uploads/2021/04/Bildungsplan_Automobil_Mechatroniker.pdf
automechaniker,Automobil-Mechatroniker/in EFZ,auto_l16,HKB4/HKB5,L16,"Alternative Antriebe, Hochvolt und Abschlusskontrolle",easy,single_choice,Welche Aussage beschreibt das Thema Spannungsfreischaltung im Beruf Automobil-Mechatroniker/in EFZ am besten?,nur Zündung ausschalten genügt immer im normalen Werkstattbetrieb,"System nach Herstellerangabe abschalten, sichern und prüfen",Warnschilder entfernen im Produktionsalltag,Wartezeiten ignorieren bei sachgemässem Ablauf,B,Vor HV-Arbeiten muss sicherer Zustand nachgewiesen werden.,"Bildungsplan Automobil-Mechatroniker/in EFZ, AGVS/SBFI",https://bzwu.ch/wp-content/uploads/2021/04/Bildungsplan_Automobil_Mechatroniker.pdf
automechaniker,Automobil-Mechatroniker/in EFZ,auto_l16,HKB4/HKB5,L16,"Alternative Antriebe, Hochvolt und Abschlusskontrolle",medium,single_choice,Worauf muss man beim Thema Spannungsfreischaltung in der Werkstatt besonders achten?,nur Zündung ausschalten genügt immer im konkreten Auftrag,Warnschilder entfernen im Rahmen der Routine,"System nach Herstellerangabe abschalten, sichern und prüfen",Wartezeiten ignorieren bei vergleichbaren Aufgaben,C,Vor HV-Arbeiten muss sicherer Zustand nachgewiesen werden.,"Bildungsplan Automobil-Mechatroniker/in EFZ, AGVS/SBFI",https://bzwu.ch/wp-content/uploads/2021/04/Bildungsplan_Automobil_Mechatroniker.pdf
automechaniker,Automobil-Mechatroniker/in EFZ,auto_l16,HKB4/HKB5,L16,"Alternative Antriebe, Hochvolt und Abschlusskontrolle",hard,single_choice,Welche Aussage zum Thema Spannungsfreischaltung ist fachlich korrekt?,nur Zündung ausschalten genügt immer im üblichen Berufsalltag,Warnschilder entfernen im normalen Werkstattbetrieb,Wartezeiten ignorieren bei sachgemässer Ausführung,"System nach Herstellerangabe abschalten, sichern und prüfen",D,Vor HV-Arbeiten muss sicherer Zustand nachgewiesen werden.,"Bildungsplan Automobil-Mechatroniker/in EFZ, AGVS/SBFI",https://bzwu.ch/wp-content/uploads/2021/04/Bildungsplan_Automobil_Mechatroniker.pdf
automechaniker,Automobil-Mechatroniker/in EFZ,auto_l16,HKB4/HKB5,L16,"Alternative Antriebe, Hochvolt und Abschlusskontrolle",easy,single_choice,Welche Aussage beschreibt das Thema orange Hochvoltleitungen im Beruf Automobil-Mechatroniker/in EFZ am besten?,sie kennzeichnen Hochvoltkomponenten und dürfen nicht beschädigt werden,sie sind normale Lautsprecherkabel im laufenden Tagesgeschäft,sie dürfen mit Prüflampe getestet werden im Werkstattumfeld,sie zeigen nur Designfarbe im konkreten Auftrag im Produktionsalltag,A,Farbkennzeichnung warnt vor hoher Spannung.,"Bildungsplan Automobil-Mechatroniker/in EFZ, AGVS/SBFI",https://bzwu.ch/wp-content/uploads/2021/04/Bildungsplan_Automobil_Mechatroniker.pdf
automechaniker,Automobil-Mechatroniker/in EFZ,auto_l16,HKB4/HKB5,L16,"Alternative Antriebe, Hochvolt und Abschlusskontrolle",medium,single_choice,Worauf muss man beim Thema orange Hochvoltleitungen in der Werkstatt besonders achten?,sie sind normale Lautsprecherkabel nach gängiger Praxis,sie kennzeichnen Hochvoltkomponenten und dürfen nicht beschädigt werden,sie dürfen mit Prüflampe getestet werden unter typischen Arbeitsbedingungen,sie zeigen nur Designfarbe im üblichen Berufsalltag,B,Farbkennzeichnung warnt vor hoher Spannung.,"Bildungsplan Automobil-Mechatroniker/in EFZ, AGVS/SBFI",https://bzwu.ch/wp-content/uploads/2021/04/Bildungsplan_Automobil_Mechatroniker.pdf
automechaniker,Automobil-Mechatroniker/in EFZ,auto_l16,HKB4/HKB5,L16,"Alternative Antriebe, Hochvolt und Abschlusskontrolle",hard,single_choice,Welche Aussage zum Thema orange Hochvoltleitungen ist fachlich korrekt?,sie sind normale Lautsprecherkabel im Produktionsalltag,sie dürfen mit Prüflampe getestet werden bei sachgemässem Ablauf,sie kennzeichnen Hochvoltkomponenten und dürfen nicht beschädigt werden,sie zeigen nur Designfarbe im Werkstattumfeld im normalen Werkstattbetrieb,C,Farbkennzeichnung warnt vor hoher Spannung.,"Bildungsplan Automobil-Mechatroniker/in EFZ, AGVS/SBFI",https://bzwu.ch/wp-content/uploads/2021/04/Bildungsplan_Automobil_Mechatroniker.pdf
automechaniker,Automobil-Mechatroniker/in EFZ,auto_l16,HKB4/HKB5,L16,"Alternative Antriebe, Hochvolt und Abschlusskontrolle",easy,single_choice,Welche Aussage beschreibt das Thema Elektromotor im Beruf Automobil-Mechatroniker/in EFZ am besten?,er erzeugt Dieselabgas unter typischen Arbeitsbedingungen,er ersetzt alle Bremsen im Rahmen der Routine im konkreten Auftrag,er benötigt immer Zündkerzen bei vergleichbaren Aufgaben,er wandelt elektrische Energie in mechanische Antriebsleistung um,D,Elektromotoren haben andere Diagnose- und Sicherheitsanforderungen als Verbrenner.,"Bildungsplan Automobil-Mechatroniker/in EFZ, AGVS/SBFI",https://bzwu.ch/wp-content/uploads/2021/04/Bildungsplan_Automobil_Mechatroniker.pdf
automechaniker,Automobil-Mechatroniker/in EFZ,auto_l16,HKB4/HKB5,L16,"Alternative Antriebe, Hochvolt und Abschlusskontrolle",medium,single_choice,Worauf muss man beim Thema Elektromotor in der Werkstatt besonders achten?,er wandelt elektrische Energie in mechanische Antriebsleistung um,er erzeugt Dieselabgas bei sachgemässem Ablauf im üblichen Berufsalltag,er ersetzt alle Bremsen im normalen Werkstattbetrieb,er benötigt immer Zündkerzen bei sachgemässer Ausführung,A,Elektromotoren haben andere Diagnose- und Sicherheitsanforderungen als Verbrenner.,"Bildungsplan Automobil-Mechatroniker/in EFZ, AGVS/SBFI",https://bzwu.ch/wp-content/uploads/2021/04/Bildungsplan_Automobil_Mechatroniker.pdf
automechaniker,Automobil-Mechatroniker/in EFZ,auto_l16,HKB4/HKB5,L16,"Alternative Antriebe, Hochvolt und Abschlusskontrolle",hard,single_choice,Welche Aussage zum Thema Elektromotor ist fachlich korrekt?,er erzeugt Dieselabgas bei vergleichbaren Aufgaben,er wandelt elektrische Energie in mechanische Antriebsleistung um,er ersetzt alle Bremsen im konkreten Auftrag im Werkstattumfeld,er benötigt immer Zündkerzen im laufenden Tagesgeschäft,B,Elektromotoren haben andere Diagnose- und Sicherheitsanforderungen als Verbrenner.,"Bildungsplan Automobil-Mechatroniker/in EFZ, AGVS/SBFI",https://bzwu.ch/wp-content/uploads/2021/04/Bildungsplan_Automobil_Mechatroniker.pdf
automechaniker,Automobil-Mechatroniker/in EFZ,auto_l16,HKB4/HKB5,L16,"Alternative Antriebe, Hochvolt und Abschlusskontrolle",easy,single_choice,Welche Aussage beschreibt das Thema Traktionsbatterie im Beruf Automobil-Mechatroniker/in EFZ am besten?,sie ist eine 12-V-Knopfzelle im üblichen Berufsalltag,sie darf beliebig geöffnet werden nach gängiger Praxis,sie speichert Energie für den elektrischen Antrieb,sie ersetzt Reifen bei sachgemässer Ausführung,C,Hochvoltbatterien benötigen Temperatur- und Sicherheitsmanagement.,"Bildungsplan Automobil-Mechatroniker/in EFZ, AGVS/SBFI",https://bzwu.ch/wp-content/uploads/2021/04/Bildungsplan_Automobil_Mechatroniker.pdf
automechaniker,Automobil-Mechatroniker/in EFZ,auto_l16,HKB4/HKB5,L16,"Alternative Antriebe, Hochvolt und Abschlusskontrolle",medium,single_choice,Worauf muss man beim Thema Traktionsbatterie in der Werkstatt besonders achten?,sie ist eine 12-V-Knopfzelle im Werkstattumfeld,sie darf beliebig geöffnet werden im Produktionsalltag,sie ersetzt Reifen im laufenden Tagesgeschäft,sie speichert Energie für den elektrischen Antrieb,D,Hochvoltbatterien benötigen Temperatur- und Sicherheitsmanagement.,"Bildungsplan Automobil-Mechatroniker/in EFZ, AGVS/SBFI",https://bzwu.ch/wp-content/uploads/2021/04/Bildungsplan_Automobil_Mechatroniker.pdf
automechaniker,Automobil-Mechatroniker/in EFZ,auto_l16,HKB4/HKB5,L16,"Alternative Antriebe, Hochvolt und Abschlusskontrolle",hard,single_choice,Welche Aussage zum Thema Traktionsbatterie ist fachlich korrekt?,sie speichert Energie für den elektrischen Antrieb,sie ist eine 12-V-Knopfzelle unter typischen Arbeitsbedingungen,sie darf beliebig geöffnet werden im Rahmen der Routine,sie ersetzt Reifen nach gängiger Praxis,A,Hochvoltbatterien benötigen Temperatur- und Sicherheitsmanagement.,"Bildungsplan Automobil-Mechatroniker/in EFZ, AGVS/SBFI",https://bzwu.ch/wp-content/uploads/2021/04/Bildungsplan_Automobil_Mechatroniker.pdf
automechaniker,Automobil-Mechatroniker/in EFZ,auto_l16,HKB4/HKB5,L16,"Alternative Antriebe, Hochvolt und Abschlusskontrolle",easy,single_choice,Welche Aussage beschreibt das Thema Rekuperation im Beruf Automobil-Mechatroniker/in EFZ am besten?,sie verbraucht Bremsbeläge schneller als Ziel,Bewegungsenergie wird beim Verzögern elektrisch zurückgewonnen,sie ist nur Motorölrücklauf im Produktionsalltag,sie deaktiviert jede Betriebsbremse bei sachgemässem Ablauf,B,"Rekuperation unterstützt Effizienz, ersetzt aber die Betriebsbremse nicht vollständig.","Bildungsplan Automobil-Mechatroniker/in EFZ, AGVS/SBFI",https://bzwu.ch/wp-content/uploads/2021/04/Bildungsplan_Automobil_Mechatroniker.pdf
automechaniker,Automobil-Mechatroniker/in EFZ,auto_l16,HKB4/HKB5,L16,"Alternative Antriebe, Hochvolt und Abschlusskontrolle",medium,single_choice,Worauf muss man beim Thema Rekuperation in der Werkstatt besonders achten?,sie verbraucht Bremsbeläge schneller als Ziel,sie ist nur Motorölrücklauf im Rahmen der Routine,Bewegungsenergie wird beim Verzögern elektrisch zurückgewonnen,sie deaktiviert jede Betriebsbremse bei vergleichbaren Aufgaben,C,"Rekuperation unterstützt Effizienz, ersetzt aber die Betriebsbremse nicht vollständig.","Bildungsplan Automobil-Mechatroniker/in EFZ, AGVS/SBFI",https://bzwu.ch/wp-content/uploads/2021/04/Bildungsplan_Automobil_Mechatroniker.pdf
automechaniker,Automobil-Mechatroniker/in EFZ,auto_l16,HKB4/HKB5,L16,"Alternative Antriebe, Hochvolt und Abschlusskontrolle",hard,single_choice,Welche Aussage zum Thema Rekuperation ist fachlich korrekt?,sie verbraucht Bremsbeläge schneller als Ziel,sie ist nur Motorölrücklauf im normalen Werkstattbetrieb,sie deaktiviert jede Betriebsbremse bei sachgemässer Ausführung,Bewegungsenergie wird beim Verzögern elektrisch zurückgewonnen,D,"Rekuperation unterstützt Effizienz, ersetzt aber die Betriebsbremse nicht vollständig.","Bildungsplan Automobil-Mechatroniker/in EFZ, AGVS/SBFI",https://bzwu.ch/wp-content/uploads/2021/04/Bildungsplan_Automobil_Mechatroniker.pdf
automechaniker,Automobil-Mechatroniker/in EFZ,auto_l16,HKB4/HKB5,L16,"Alternative Antriebe, Hochvolt und Abschlusskontrolle",easy,single_choice,Welche Aussage beschreibt das Thema Hybridantrieb im Beruf Automobil-Mechatroniker/in EFZ am besten?,Verbrennungs- und Elektroantrieb wirken je nach Konzept zusammen,er hat nie eine Batterie im laufenden Tagesgeschäft,er ist nur ein Anhänger im konkreten Auftrag im Produktionsalltag,er benötigt keine Steuerung im Werkstattumfeld,A,Hybridkonzepte kombinieren Energiequellen und Betriebsstrategien.,"Bildungsplan Automobil-Mechatroniker/in EFZ, AGVS/SBFI",https://bzwu.ch/wp-content/uploads/2021/04/Bildungsplan_Automobil_Mechatroniker.pdf
automechaniker,Automobil-Mechatroniker/in EFZ,auto_l16,HKB4/HKB5,L16,"Alternative Antriebe, Hochvolt und Abschlusskontrolle",medium,single_choice,Worauf muss man beim Thema Hybridantrieb in der Werkstatt besonders achten?,er hat nie eine Batterie nach gängiger Praxis,Verbrennungs- und Elektroantrieb wirken je nach Konzept zusammen,er ist nur ein Anhänger im üblichen Berufsalltag,er benötigt keine Steuerung unter typischen Arbeitsbedingungen,B,Hybridkonzepte kombinieren Energiequellen und Betriebsstrategien.,"Bildungsplan Automobil-Mechatroniker/in EFZ, AGVS/SBFI",https://bzwu.ch/wp-content/uploads/2021/04/Bildungsplan_Automobil_Mechatroniker.pdf
automechaniker,Automobil-Mechatroniker/in EFZ,auto_l16,HKB4/HKB5,L16,"Alternative Antriebe, Hochvolt und Abschlusskontrolle",hard,single_choice,Welche Aussage zum Thema Hybridantrieb ist fachlich korrekt?,er hat nie eine Batterie im Produktionsalltag,er ist nur ein Anhänger im Werkstattumfeld im normalen Werkstattbetrieb,Verbrennungs- und Elektroantrieb wirken je nach Konzept zusammen,er benötigt keine Steuerung bei sachgemässem Ablauf,C,Hybridkonzepte kombinieren Energiequellen und Betriebsstrategien.,"Bildungsplan Automobil-Mechatroniker/in EFZ, AGVS/SBFI",https://bzwu.ch/wp-content/uploads/2021/04/Bildungsplan_Automobil_Mechatroniker.pdf
automechaniker,Automobil-Mechatroniker/in EFZ,auto_l16,HKB4/HKB5,L16,"Alternative Antriebe, Hochvolt und Abschlusskontrolle",easy,single_choice,Welche Aussage beschreibt das Thema Ladesystem im Beruf Automobil-Mechatroniker/in EFZ am besten?,beliebige Kabel verwenden im Rahmen der Routine im konkreten Auftrag,Schutzleiter ignorieren unter typischen Arbeitsbedingungen,Laden ohne Freigabe erzwingen bei vergleichbaren Aufgaben,"Ladegerät, Ladeanschluss, Kommunikation und Sicherheitseinrichtungen prüfen",D,Ladevorgänge sind elektrisch und kommunikativ überwacht.,"Bildungsplan Automobil-Mechatroniker/in EFZ, AGVS/SBFI",https://bzwu.ch/wp-content/uploads/2021/04/Bildungsplan_Automobil_Mechatroniker.pdf
automechaniker,Automobil-Mechatroniker/in EFZ,auto_l16,HKB4/HKB5,L16,"Alternative Antriebe, Hochvolt und Abschlusskontrolle",medium,single_choice,Worauf muss man beim Thema Ladesystem in der Werkstatt besonders achten?,"Ladegerät, Ladeanschluss, Kommunikation und Sicherheitseinrichtungen prüfen",beliebige Kabel verwenden im normalen Werkstattbetrieb,Schutzleiter ignorieren bei sachgemässem Ablauf im üblichen Berufsalltag,Laden ohne Freigabe erzwingen bei sachgemässer Ausführung,A,Ladevorgänge sind elektrisch und kommunikativ überwacht.,"Bildungsplan Automobil-Mechatroniker/in EFZ, AGVS/SBFI",https://bzwu.ch/wp-content/uploads/2021/04/Bildungsplan_Automobil_Mechatroniker.pdf
automechaniker,Automobil-Mechatroniker/in EFZ,auto_l16,HKB4/HKB5,L16,"Alternative Antriebe, Hochvolt und Abschlusskontrolle",hard,single_choice,Welche Aussage zum Thema Ladesystem ist fachlich korrekt?,beliebige Kabel verwenden im konkreten Auftrag im Werkstattumfeld,"Ladegerät, Ladeanschluss, Kommunikation und Sicherheitseinrichtungen prüfen",Schutzleiter ignorieren bei vergleichbaren Aufgaben im Produktionsalltag,Laden ohne Freigabe erzwingen im laufenden Tagesgeschäft,B,Ladevorgänge sind elektrisch und kommunikativ überwacht.,"Bildungsplan Automobil-Mechatroniker/in EFZ, AGVS/SBFI",https://bzwu.ch/wp-content/uploads/2021/04/Bildungsplan_Automobil_Mechatroniker.pdf
automechaniker,Automobil-Mechatroniker/in EFZ,auto_l16,HKB4/HKB5,L16,"Alternative Antriebe, Hochvolt und Abschlusskontrolle",easy,single_choice,Welche Aussage beschreibt das Thema Abschlusskontrolle nach Diagnose im Beruf Automobil-Mechatroniker/in EFZ am besten?,Fehler nur löschen bei sachgemässer Ausführung unter typischen Arbeitsbedingungen,Kunde ohne Prüfung fahren lassen nach gängiger Praxis,"Fehlerursache beheben, Funktionen prüfen und Ergebnis dokumentieren",Prüfwerte nicht notieren im üblichen Berufsalltag,C,"Nach Diagnose zählt die bestätigte Reparatur, nicht nur das Löschen von Codes.","Bildungsplan Automobil-Mechatroniker/in EFZ, AGVS/SBFI",https://bzwu.ch/wp-content/uploads/2021/04/Bildungsplan_Automobil_Mechatroniker.pdf
automechaniker,Automobil-Mechatroniker/in EFZ,auto_l16,HKB4/HKB5,L16,"Alternative Antriebe, Hochvolt und Abschlusskontrolle",medium,single_choice,Worauf muss man beim Thema Abschlusskontrolle nach Diagnose in der Werkstatt besonders achten?,Fehler nur löschen im laufenden Tagesgeschäft im normalen Werkstattbetrieb,Kunde ohne Prüfung fahren lassen im Produktionsalltag,Prüfwerte nicht notieren im Werkstattumfeld bei sachgemässem Ablauf,"Fehlerursache beheben, Funktionen prüfen und Ergebnis dokumentieren",D,"Nach Diagnose zählt die bestätigte Reparatur, nicht nur das Löschen von Codes.","Bildungsplan Automobil-Mechatroniker/in EFZ, AGVS/SBFI",https://bzwu.ch/wp-content/uploads/2021/04/Bildungsplan_Automobil_Mechatroniker.pdf
automechaniker,Automobil-Mechatroniker/in EFZ,auto_l16,HKB4/HKB5,L16,"Alternative Antriebe, Hochvolt und Abschlusskontrolle",hard,single_choice,Welche Aussage zum Thema Abschlusskontrolle nach Diagnose ist fachlich korrekt?,"Fehlerursache beheben, Funktionen prüfen und Ergebnis dokumentieren",Fehler nur löschen nach gängiger Praxis bei vergleichbaren Aufgaben,Kunde ohne Prüfung fahren lassen im Rahmen der Routine,Prüfwerte nicht notieren unter typischen Arbeitsbedingungen,A,"Nach Diagnose zählt die bestätigte Reparatur, nicht nur das Löschen von Codes.","Bildungsplan Automobil-Mechatroniker/in EFZ, AGVS/SBFI",https://bzwu.ch/wp-content/uploads/2021/04/Bildungsplan_Automobil_Mechatroniker.pdf
automechaniker,Automobil-Mechatroniker/in EFZ,auto_l16,HKB4/HKB5,L16,"Alternative Antriebe, Hochvolt und Abschlusskontrolle",easy,single_choice,Welche Aussage beschreibt das Thema Probefahrt mit Elektrofahrzeug im Beruf Automobil-Mechatroniker/in EFZ am besten?,HV-Warnungen ignorieren bei sachgemässem Ablauf im üblichen Berufsalltag,"Betriebsmodi, Rekuperation, Warnmeldungen und Sicherheit gezielt beachten",Ladezustand nie prüfen im Produktionsalltag bei sachgemässer Ausführung,Assistenzsysteme unkontrolliert testen im normalen Werkstattbetrieb,B,Die Probefahrt muss dem Auftrag und Sicherheitsregeln entsprechen.,"Bildungsplan Automobil-Mechatroniker/in EFZ, AGVS/SBFI",https://bzwu.ch/wp-content/uploads/2021/04/Bildungsplan_Automobil_Mechatroniker.pdf
automechaniker,Automobil-Mechatroniker/in EFZ,auto_l16,HKB4/HKB5,L16,"Alternative Antriebe, Hochvolt und Abschlusskontrolle",medium,single_choice,Worauf muss man beim Thema Probefahrt mit Elektrofahrzeug in der Werkstatt besonders achten?,HV-Warnungen ignorieren bei vergleichbaren Aufgaben im Werkstattumfeld,Ladezustand nie prüfen im Rahmen der Routine im laufenden Tagesgeschäft,"Betriebsmodi, Rekuperation, Warnmeldungen und Sicherheit gezielt beachten",Assistenzsysteme unkontrolliert testen im konkreten Auftrag,C,Die Probefahrt muss dem Auftrag und Sicherheitsregeln entsprechen.,"Bildungsplan Automobil-Mechatroniker/in EFZ, AGVS/SBFI",https://bzwu.ch/wp-content/uploads/2021/04/Bildungsplan_Automobil_Mechatroniker.pdf
automechaniker,Automobil-Mechatroniker/in EFZ,auto_l16,HKB4/HKB5,L16,"Alternative Antriebe, Hochvolt und Abschlusskontrolle",hard,single_choice,Welche Aussage zum Thema Probefahrt mit Elektrofahrzeug ist fachlich korrekt?,HV-Warnungen ignorieren bei sachgemässer Ausführung nach gängiger Praxis,Ladezustand nie prüfen im normalen Werkstattbetrieb unter typischen Arbeitsbedingungen,Assistenzsysteme unkontrolliert testen im üblichen Berufsalltag,"Betriebsmodi, Rekuperation, Warnmeldungen und Sicherheit gezielt beachten",D,Die Probefahrt muss dem Auftrag und Sicherheitsregeln entsprechen.,"Bildungsplan Automobil-Mechatroniker/in EFZ, AGVS/SBFI",https://bzwu.ch/wp-content/uploads/2021/04/Bildungsplan_Automobil_Mechatroniker.pdf
