course_key,course_name,module_key,hk,sub_hk,topic,difficulty,question_type,question,option_a,option_b,option_c,option_d,correct_option,explanation,source,source_url
detailhandel,Detailhandelsfachfrau/Detailhandelsfachmann EFZ,dh_l01,HKB a,L01,Erster Kundenkontakt und Kommunikation,easy,single_choice,Welche Aussage beschreibt das Thema erster Kundenkontakt im Beruf Detailhandelsfachfrau/Detailhandelsfachmann EFZ am besten?,"Kundinnen und Kunden freundlich, aufmerksam und situationsgerecht begrüssen",Kunden ignorieren im konkreten Auftrag im normalen Praxisalltag,nur bei Kaufabsicht grüssen im üblichen Arbeitsumfeld,Blickkontakt vermeiden im laufenden Tagesgeschäft bei sachgemässem Ablauf,A,Der erste Kontakt prägt die Beziehung und das Einkaufserlebnis.,"Bildungsplan Detailhandelsfachfrau/Detailhandelsfachmann EFZ, BDS/SBFI",https://www.bds-fcs.ch/de/Digitale-Medien/Download-Center?download=17
detailhandel,Detailhandelsfachfrau/Detailhandelsfachmann EFZ,dh_l01,HKB a,L01,Erster Kundenkontakt und Kommunikation,medium,single_choice,Worauf muss man beim Thema erster Kundenkontakt in der Praxis besonders achten?,Kunden ignorieren im üblichen Berufsalltag im Rahmen der Routine,"Kundinnen und Kunden freundlich, aufmerksam und situationsgerecht begrüssen",nur bei Kaufabsicht grüssen unter typischen Arbeitsbedingungen,Blickkontakt vermeiden nach gängiger Praxis bei vergleichbaren Aufgaben,B,Der erste Kontakt prägt die Beziehung und das Einkaufserlebnis.,"Bildungsplan Detailhandelsfachfrau/Detailhandelsfachmann EFZ, BDS/SBFI",https://www.bds-fcs.ch/de/Digitale-Medien/Download-Center?download=17
detailhandel,Detailhandelsfachfrau/Detailhandelsfachmann EFZ,dh_l01,HKB a,L01,Erster Kundenkontakt und Kommunikation,hard,single_choice,Welche Aussage zum Thema erster Kundenkontakt ist fachlich korrekt?,Kunden ignorieren im üblichen Arbeitsumfeld im normalen Betriebsablauf,nur bei Kaufabsicht grüssen bei sachgemässem Ablauf im üblichen Berufsalltag,"Kundinnen und Kunden freundlich, aufmerksam und situationsgerecht begrüssen",Blickkontakt vermeiden im normalen Praxisalltag bei sachgemässer Ausführung,C,Der erste Kontakt prägt die Beziehung und das Einkaufserlebnis.,"Bildungsplan Detailhandelsfachfrau/Detailhandelsfachmann EFZ, BDS/SBFI",https://www.bds-fcs.ch/de/Digitale-Medien/Download-Center?download=17
detailhandel,Detailhandelsfachfrau/Detailhandelsfachmann EFZ,dh_l01,HKB a,L01,Erster Kundenkontakt und Kommunikation,easy,single_choice,Welche Aussage beschreibt das Thema Botschafterfunktion im Beruf Detailhandelsfachfrau/Detailhandelsfachmann EFZ am besten?,private Meinung als Firmenregel ausgeben,Betrieb abwerten unter typischen Arbeitsbedingungen,Kundeninformationen beliebig teilen,das Unternehmen positiv und glaubwürdig vertreten,D,Detailhandelsfachleute wirken als Gesicht des Betriebs.,"Bildungsplan Detailhandelsfachfrau/Detailhandelsfachmann EFZ, BDS/SBFI",https://www.bds-fcs.ch/de/Digitale-Medien/Download-Center?download=17
detailhandel,Detailhandelsfachfrau/Detailhandelsfachmann EFZ,dh_l01,HKB a,L01,Erster Kundenkontakt und Kommunikation,medium,single_choice,Worauf muss man beim Thema Botschafterfunktion in der Praxis besonders achten?,das Unternehmen positiv und glaubwürdig vertreten,private Meinung als Firmenregel ausgeben,Betrieb abwerten bei sachgemässem Ablauf,Kundeninformationen beliebig teilen im normalen Betriebsablauf,A,Detailhandelsfachleute wirken als Gesicht des Betriebs.,"Bildungsplan Detailhandelsfachfrau/Detailhandelsfachmann EFZ, BDS/SBFI",https://www.bds-fcs.ch/de/Digitale-Medien/Download-Center?download=17
detailhandel,Detailhandelsfachfrau/Detailhandelsfachmann EFZ,dh_l01,HKB a,L01,Erster Kundenkontakt und Kommunikation,hard,single_choice,Welche Aussage zum Thema Botschafterfunktion ist fachlich korrekt?,private Meinung als Firmenregel ausgeben,das Unternehmen positiv und glaubwürdig vertreten,Betrieb abwerten bei vergleichbaren Aufgaben,Kundeninformationen beliebig teilen,B,Detailhandelsfachleute wirken als Gesicht des Betriebs.,"Bildungsplan Detailhandelsfachfrau/Detailhandelsfachmann EFZ, BDS/SBFI",https://www.bds-fcs.ch/de/Digitale-Medien/Download-Center?download=17
detailhandel,Detailhandelsfachfrau/Detailhandelsfachmann EFZ,dh_l01,HKB a,L01,Erster Kundenkontakt und Kommunikation,easy,single_choice,Welche Aussage beschreibt das Thema Kommunikationskanal im Beruf Detailhandelsfachfrau/Detailhandelsfachmann EFZ am besten?,jeden Kanal gleich behandeln bei sachgemässer Ausführung,Chats ohne Höflichkeit führen nach gängiger Praxis,"Sprache und Form an Laden, Telefon, E-Mail oder Chat anpassen",E-Mails ohne Struktur senden im üblichen Berufsalltag,C,Kundenkontakte laufen über verschiedene Kanäle.,"Bildungsplan Detailhandelsfachfrau/Detailhandelsfachmann EFZ, BDS/SBFI",https://www.bds-fcs.ch/de/Digitale-Medien/Download-Center?download=17
detailhandel,Detailhandelsfachfrau/Detailhandelsfachmann EFZ,dh_l01,HKB a,L01,Erster Kundenkontakt und Kommunikation,medium,single_choice,Worauf muss man beim Thema Kommunikationskanal in der Praxis besonders achten?,jeden Kanal gleich behandeln im laufenden Tagesgeschäft,Chats ohne Höflichkeit führen im normalen Praxisalltag,E-Mails ohne Struktur senden im üblichen Arbeitsumfeld,"Sprache und Form an Laden, Telefon, E-Mail oder Chat anpassen",D,Kundenkontakte laufen über verschiedene Kanäle.,"Bildungsplan Detailhandelsfachfrau/Detailhandelsfachmann EFZ, BDS/SBFI",https://www.bds-fcs.ch/de/Digitale-Medien/Download-Center?download=17
detailhandel,Detailhandelsfachfrau/Detailhandelsfachmann EFZ,dh_l01,HKB a,L01,Erster Kundenkontakt und Kommunikation,hard,single_choice,Welche Aussage zum Thema Kommunikationskanal ist fachlich korrekt?,"Sprache und Form an Laden, Telefon, E-Mail oder Chat anpassen",jeden Kanal gleich behandeln nach gängiger Praxis,Chats ohne Höflichkeit führen im Rahmen der Routine,E-Mails ohne Struktur senden unter typischen Arbeitsbedingungen,A,Kundenkontakte laufen über verschiedene Kanäle.,"Bildungsplan Detailhandelsfachfrau/Detailhandelsfachmann EFZ, BDS/SBFI",https://www.bds-fcs.ch/de/Digitale-Medien/Download-Center?download=17
detailhandel,Detailhandelsfachfrau/Detailhandelsfachmann EFZ,dh_l01,HKB a,L01,Erster Kundenkontakt und Kommunikation,easy,single_choice,Welche Aussage beschreibt das Thema nonverbale Kommunikation im Beruf Detailhandelsfachfrau/Detailhandelsfachmann EFZ am besten?,verschlossene Haltung zeigen bei sachgemässem Ablauf,"Mimik, Gestik und Körperhaltung bewusst einsetzen",Signale des Kunden ignorieren im normalen Betriebsablauf,wegschauen im normalen Praxisalltag,B,Nonverbales beeinflusst Vertrauen und Gesprächsverlauf.,"Bildungsplan Detailhandelsfachfrau/Detailhandelsfachmann EFZ, BDS/SBFI",https://www.bds-fcs.ch/de/Digitale-Medien/Download-Center?download=17
detailhandel,Detailhandelsfachfrau/Detailhandelsfachmann EFZ,dh_l01,HKB a,L01,Erster Kundenkontakt und Kommunikation,medium,single_choice,Worauf muss man beim Thema nonverbale Kommunikation in der Praxis besonders achten?,verschlossene Haltung zeigen bei vergleichbaren Aufgaben,Signale des Kunden ignorieren im konkreten Auftrag,"Mimik, Gestik und Körperhaltung bewusst einsetzen",wegschauen im Rahmen der Routine im laufenden Tagesgeschäft,C,Nonverbales beeinflusst Vertrauen und Gesprächsverlauf.,"Bildungsplan Detailhandelsfachfrau/Detailhandelsfachmann EFZ, BDS/SBFI",https://www.bds-fcs.ch/de/Digitale-Medien/Download-Center?download=17
detailhandel,Detailhandelsfachfrau/Detailhandelsfachmann EFZ,dh_l01,HKB a,L01,Erster Kundenkontakt und Kommunikation,hard,single_choice,Welche Aussage zum Thema nonverbale Kommunikation ist fachlich korrekt?,verschlossene Haltung zeigen bei sachgemässer Ausführung,Signale des Kunden ignorieren im üblichen Berufsalltag,wegschauen im normalen Betriebsablauf,"Mimik, Gestik und Körperhaltung bewusst einsetzen",D,Nonverbales beeinflusst Vertrauen und Gesprächsverlauf.,"Bildungsplan Detailhandelsfachfrau/Detailhandelsfachmann EFZ, BDS/SBFI",https://www.bds-fcs.ch/de/Digitale-Medien/Download-Center?download=17
detailhandel,Detailhandelsfachfrau/Detailhandelsfachmann EFZ,dh_l01,HKB a,L01,Erster Kundenkontakt und Kommunikation,easy,single_choice,Welche Aussage beschreibt das Thema Wartezeit im Beruf Detailhandelsfachfrau/Detailhandelsfachmann EFZ am besten?,Kundschaft informieren und wertschätzend betreuen,Kunden stehen lassen im laufenden Tagesgeschäft,keine Information geben im üblichen Arbeitsumfeld,genervt reagieren im konkreten Auftrag,A,Transparenz reduziert Unzufriedenheit.,"Bildungsplan Detailhandelsfachfrau/Detailhandelsfachmann EFZ, BDS/SBFI",https://www.bds-fcs.ch/de/Digitale-Medien/Download-Center?download=17
detailhandel,Detailhandelsfachfrau/Detailhandelsfachmann EFZ,dh_l01,HKB a,L01,Erster Kundenkontakt und Kommunikation,medium,single_choice,Worauf muss man beim Thema Wartezeit in der Praxis besonders achten?,Kunden stehen lassen nach gängiger Praxis,Kundschaft informieren und wertschätzend betreuen,keine Information geben unter typischen Arbeitsbedingungen,genervt reagieren im üblichen Berufsalltag,B,Transparenz reduziert Unzufriedenheit.,"Bildungsplan Detailhandelsfachfrau/Detailhandelsfachmann EFZ, BDS/SBFI",https://www.bds-fcs.ch/de/Digitale-Medien/Download-Center?download=17
detailhandel,Detailhandelsfachfrau/Detailhandelsfachmann EFZ,dh_l01,HKB a,L01,Erster Kundenkontakt und Kommunikation,hard,single_choice,Welche Aussage zum Thema Wartezeit ist fachlich korrekt?,Kunden stehen lassen im normalen Praxisalltag,keine Information geben bei sachgemässem Ablauf,Kundschaft informieren und wertschätzend betreuen,genervt reagieren im üblichen Arbeitsumfeld,C,Transparenz reduziert Unzufriedenheit.,"Bildungsplan Detailhandelsfachfrau/Detailhandelsfachmann EFZ, BDS/SBFI",https://www.bds-fcs.ch/de/Digitale-Medien/Download-Center?download=17
detailhandel,Detailhandelsfachfrau/Detailhandelsfachmann EFZ,dh_l01,HKB a,L01,Erster Kundenkontakt und Kommunikation,easy,single_choice,Welche Aussage beschreibt das Thema Fremdsprache B1 im Beruf Detailhandelsfachfrau/Detailhandelsfachmann EFZ am besten?,bei Fremdsprache abbrechen bei vergleichbaren Aufgaben,falsche Zusagen machen im Rahmen der Routine,nicht nachfragen unter typischen Arbeitsbedingungen,einfache Verkaufssituationen in einer Fremdsprache bewältigen,D,Der Bildungsplan verlangt Kommunikation auch in einer Fremdsprache.,"Bildungsplan Detailhandelsfachfrau/Detailhandelsfachmann EFZ, BDS/SBFI",https://www.bds-fcs.ch/de/Digitale-Medien/Download-Center?download=17
detailhandel,Detailhandelsfachfrau/Detailhandelsfachmann EFZ,dh_l01,HKB a,L01,Erster Kundenkontakt und Kommunikation,medium,single_choice,Worauf muss man beim Thema Fremdsprache B1 in der Praxis besonders achten?,einfache Verkaufssituationen in einer Fremdsprache bewältigen,bei Fremdsprache abbrechen bei sachgemässer Ausführung,falsche Zusagen machen im normalen Betriebsablauf,nicht nachfragen bei sachgemässem Ablauf im üblichen Berufsalltag,A,Der Bildungsplan verlangt Kommunikation auch in einer Fremdsprache.,"Bildungsplan Detailhandelsfachfrau/Detailhandelsfachmann EFZ, BDS/SBFI",https://www.bds-fcs.ch/de/Digitale-Medien/Download-Center?download=17
detailhandel,Detailhandelsfachfrau/Detailhandelsfachmann EFZ,dh_l01,HKB a,L01,Erster Kundenkontakt und Kommunikation,hard,single_choice,Welche Aussage zum Thema Fremdsprache B1 ist fachlich korrekt?,bei Fremdsprache abbrechen im laufenden Tagesgeschäft,einfache Verkaufssituationen in einer Fremdsprache bewältigen,falsche Zusagen machen im konkreten Auftrag im üblichen Arbeitsumfeld,nicht nachfragen bei vergleichbaren Aufgaben,B,Der Bildungsplan verlangt Kommunikation auch in einer Fremdsprache.,"Bildungsplan Detailhandelsfachfrau/Detailhandelsfachmann EFZ, BDS/SBFI",https://www.bds-fcs.ch/de/Digitale-Medien/Download-Center?download=17
detailhandel,Detailhandelsfachfrau/Detailhandelsfachmann EFZ,dh_l01,HKB a,L01,Erster Kundenkontakt und Kommunikation,easy,single_choice,Welche Aussage beschreibt das Thema Anliegen aufnehmen im Beruf Detailhandelsfachfrau/Detailhandelsfachmann EFZ am besten?,Anliegen vorschnell interpretieren nach gängiger Praxis,Kunden unterbrechen im üblichen Berufsalltag,Kundenwunsch aktiv erfassen und bei Bedarf nachfragen,Details ignorieren bei sachgemässer Ausführung,C,Bedürfnisse müssen verstanden werden.,"Bildungsplan Detailhandelsfachfrau/Detailhandelsfachmann EFZ, BDS/SBFI",https://www.bds-fcs.ch/de/Digitale-Medien/Download-Center?download=17
detailhandel,Detailhandelsfachfrau/Detailhandelsfachmann EFZ,dh_l01,HKB a,L01,Erster Kundenkontakt und Kommunikation,medium,single_choice,Worauf muss man beim Thema Anliegen aufnehmen in der Praxis besonders achten?,Anliegen vorschnell interpretieren im normalen Praxisalltag,Kunden unterbrechen im üblichen Arbeitsumfeld,Details ignorieren im laufenden Tagesgeschäft,Kundenwunsch aktiv erfassen und bei Bedarf nachfragen,D,Bedürfnisse müssen verstanden werden.,"Bildungsplan Detailhandelsfachfrau/Detailhandelsfachmann EFZ, BDS/SBFI",https://www.bds-fcs.ch/de/Digitale-Medien/Download-Center?download=17
detailhandel,Detailhandelsfachfrau/Detailhandelsfachmann EFZ,dh_l01,HKB a,L01,Erster Kundenkontakt und Kommunikation,hard,single_choice,Welche Aussage zum Thema Anliegen aufnehmen ist fachlich korrekt?,Kundenwunsch aktiv erfassen und bei Bedarf nachfragen,Anliegen vorschnell interpretieren im Rahmen der Routine,Kunden unterbrechen unter typischen Arbeitsbedingungen,Details ignorieren nach gängiger Praxis,A,Bedürfnisse müssen verstanden werden.,"Bildungsplan Detailhandelsfachfrau/Detailhandelsfachmann EFZ, BDS/SBFI",https://www.bds-fcs.ch/de/Digitale-Medien/Download-Center?download=17
detailhandel,Detailhandelsfachfrau/Detailhandelsfachmann EFZ,dh_l01,HKB a,L01,Erster Kundenkontakt und Kommunikation,easy,single_choice,Welche Aussage beschreibt das Thema Gesprächseröffnung im Beruf Detailhandelsfachfrau/Detailhandelsfachmann EFZ am besten?,sofort Druck machen bei sachgemässem Ablauf,"offen, freundlich und bedarfsorientiert ins Gespräch starten",nur geschlossene Verkaufsfragen stellen im normalen Betriebsablauf,Kunden belehren im normalen Praxisalltag bei sachgemässer Ausführung,B,Eine gute Eröffnung schafft Gesprächsbereitschaft.,"Bildungsplan Detailhandelsfachfrau/Detailhandelsfachmann EFZ, BDS/SBFI",https://www.bds-fcs.ch/de/Digitale-Medien/Download-Center?download=17
detailhandel,Detailhandelsfachfrau/Detailhandelsfachmann EFZ,dh_l01,HKB a,L01,Erster Kundenkontakt und Kommunikation,medium,single_choice,Worauf muss man beim Thema Gesprächseröffnung in der Praxis besonders achten?,sofort Druck machen bei vergleichbaren Aufgaben,nur geschlossene Verkaufsfragen stellen im laufenden Tagesgeschäft,"offen, freundlich und bedarfsorientiert ins Gespräch starten",Kunden belehren im Rahmen der Routine im konkreten Auftrag,C,Eine gute Eröffnung schafft Gesprächsbereitschaft.,"Bildungsplan Detailhandelsfachfrau/Detailhandelsfachmann EFZ, BDS/SBFI",https://www.bds-fcs.ch/de/Digitale-Medien/Download-Center?download=17
detailhandel,Detailhandelsfachfrau/Detailhandelsfachmann EFZ,dh_l01,HKB a,L01,Erster Kundenkontakt und Kommunikation,hard,single_choice,Welche Aussage zum Thema Gesprächseröffnung ist fachlich korrekt?,sofort Druck machen bei sachgemässer Ausführung,nur geschlossene Verkaufsfragen stellen im üblichen Berufsalltag,Kunden belehren im normalen Betriebsablauf,"offen, freundlich und bedarfsorientiert ins Gespräch starten",D,Eine gute Eröffnung schafft Gesprächsbereitschaft.,"Bildungsplan Detailhandelsfachfrau/Detailhandelsfachmann EFZ, BDS/SBFI",https://www.bds-fcs.ch/de/Digitale-Medien/Download-Center?download=17
detailhandel,Detailhandelsfachfrau/Detailhandelsfachmann EFZ,dh_l01,HKB a,L01,Erster Kundenkontakt und Kommunikation,easy,single_choice,Welche Aussage beschreibt das Thema Kundensignal im Beruf Detailhandelsfachfrau/Detailhandelsfachmann EFZ am besten?,verbale und nonverbale Hinweise wahrnehmen,Unsicherheit übersehen im laufenden Tagesgeschäft,Fragen abwürgen im konkreten Auftrag,Kaufsignale ignorieren im üblichen Arbeitsumfeld,A,"Signale helfen, passend zu reagieren.","Bildungsplan Detailhandelsfachfrau/Detailhandelsfachmann EFZ, BDS/SBFI",https://www.bds-fcs.ch/de/Digitale-Medien/Download-Center?download=17
detailhandel,Detailhandelsfachfrau/Detailhandelsfachmann EFZ,dh_l01,HKB a,L01,Erster Kundenkontakt und Kommunikation,medium,single_choice,Worauf muss man beim Thema Kundensignal in der Praxis besonders achten?,Unsicherheit übersehen nach gängiger Praxis,verbale und nonverbale Hinweise wahrnehmen,Fragen abwürgen im üblichen Berufsalltag,Kaufsignale ignorieren unter typischen Arbeitsbedingungen,B,"Signale helfen, passend zu reagieren.","Bildungsplan Detailhandelsfachfrau/Detailhandelsfachmann EFZ, BDS/SBFI",https://www.bds-fcs.ch/de/Digitale-Medien/Download-Center?download=17
detailhandel,Detailhandelsfachfrau/Detailhandelsfachmann EFZ,dh_l01,HKB a,L01,Erster Kundenkontakt und Kommunikation,hard,single_choice,Welche Aussage zum Thema Kundensignal ist fachlich korrekt?,Unsicherheit übersehen im normalen Praxisalltag,Fragen abwürgen im üblichen Arbeitsumfeld,verbale und nonverbale Hinweise wahrnehmen,Kaufsignale ignorieren bei sachgemässem Ablauf,C,"Signale helfen, passend zu reagieren.","Bildungsplan Detailhandelsfachfrau/Detailhandelsfachmann EFZ, BDS/SBFI",https://www.bds-fcs.ch/de/Digitale-Medien/Download-Center?download=17
detailhandel,Detailhandelsfachfrau/Detailhandelsfachmann EFZ,dh_l01,HKB a,L01,Erster Kundenkontakt und Kommunikation,easy,single_choice,Welche Aussage beschreibt das Thema Rollenkonformität im Beruf Detailhandelsfachfrau/Detailhandelsfachmann EFZ am besten?,privat eskalieren unter typischen Arbeitsbedingungen,interne Konflikte zeigen im Rahmen der Routine,Regeln beliebig auslegen bei vergleichbaren Aufgaben,im Sinne des Betriebs professionell handeln,D,Professionelles Verhalten schützt Beziehung und Betrieb.,"Bildungsplan Detailhandelsfachfrau/Detailhandelsfachmann EFZ, BDS/SBFI",https://www.bds-fcs.ch/de/Digitale-Medien/Download-Center?download=17
detailhandel,Detailhandelsfachfrau/Detailhandelsfachmann EFZ,dh_l01,HKB a,L01,Erster Kundenkontakt und Kommunikation,medium,single_choice,Worauf muss man beim Thema Rollenkonformität in der Praxis besonders achten?,im Sinne des Betriebs professionell handeln,privat eskalieren bei sachgemässem Ablauf,interne Konflikte zeigen im normalen Betriebsablauf,Regeln beliebig auslegen bei sachgemässer Ausführung,A,Professionelles Verhalten schützt Beziehung und Betrieb.,"Bildungsplan Detailhandelsfachfrau/Detailhandelsfachmann EFZ, BDS/SBFI",https://www.bds-fcs.ch/de/Digitale-Medien/Download-Center?download=17
detailhandel,Detailhandelsfachfrau/Detailhandelsfachmann EFZ,dh_l01,HKB a,L01,Erster Kundenkontakt und Kommunikation,hard,single_choice,Welche Aussage zum Thema Rollenkonformität ist fachlich korrekt?,privat eskalieren bei vergleichbaren Aufgaben,im Sinne des Betriebs professionell handeln,interne Konflikte zeigen im konkreten Auftrag,Regeln beliebig auslegen im laufenden Tagesgeschäft,B,Professionelles Verhalten schützt Beziehung und Betrieb.,"Bildungsplan Detailhandelsfachfrau/Detailhandelsfachmann EFZ, BDS/SBFI",https://www.bds-fcs.ch/de/Digitale-Medien/Download-Center?download=17
detailhandel,Detailhandelsfachfrau/Detailhandelsfachmann EFZ,dh_l02,HKB a,L02,Kundenbedürfnisse und Nutzenargumentation,easy,single_choice,Welche Aussage beschreibt das Thema Bedürfnisanalyse im Beruf Detailhandelsfachfrau/Detailhandelsfachmann EFZ am besten?,Produkt sofort aufdrängen nach gängiger Praxis,Kundenwunsch übergehen bei sachgemässer Ausführung,"mit Fragen Bedarf, Motiv und Situation klären",keine Rückfragen stellen im üblichen Berufsalltag,C,Passende Lösungen entstehen aus klarer Bedürfnisanalyse.,"Bildungsplan Detailhandelsfachfrau/Detailhandelsfachmann EFZ, BDS/SBFI",https://www.bds-fcs.ch/de/Digitale-Medien/Download-Center?download=17
detailhandel,Detailhandelsfachfrau/Detailhandelsfachmann EFZ,dh_l02,HKB a,L02,Kundenbedürfnisse und Nutzenargumentation,medium,single_choice,Worauf muss man beim Thema Bedürfnisanalyse in der Praxis besonders achten?,Produkt sofort aufdrängen im normalen Praxisalltag,Kundenwunsch übergehen im laufenden Tagesgeschäft,keine Rückfragen stellen im üblichen Arbeitsumfeld,"mit Fragen Bedarf, Motiv und Situation klären",D,Passende Lösungen entstehen aus klarer Bedürfnisanalyse.,"Bildungsplan Detailhandelsfachfrau/Detailhandelsfachmann EFZ, BDS/SBFI",https://www.bds-fcs.ch/de/Digitale-Medien/Download-Center?download=17
detailhandel,Detailhandelsfachfrau/Detailhandelsfachmann EFZ,dh_l02,HKB a,L02,Kundenbedürfnisse und Nutzenargumentation,hard,single_choice,Welche Aussage zum Thema Bedürfnisanalyse ist fachlich korrekt?,"mit Fragen Bedarf, Motiv und Situation klären",Produkt sofort aufdrängen im Rahmen der Routine,Kundenwunsch übergehen nach gängiger Praxis,keine Rückfragen stellen unter typischen Arbeitsbedingungen,A,Passende Lösungen entstehen aus klarer Bedürfnisanalyse.,"Bildungsplan Detailhandelsfachfrau/Detailhandelsfachmann EFZ, BDS/SBFI",https://www.bds-fcs.ch/de/Digitale-Medien/Download-Center?download=17
detailhandel,Detailhandelsfachfrau/Detailhandelsfachmann EFZ,dh_l02,HKB a,L02,Kundenbedürfnisse und Nutzenargumentation,easy,single_choice,Welche Aussage beschreibt das Thema offene Frage im Beruf Detailhandelsfachfrau/Detailhandelsfachmann EFZ am besten?,nur Ja-Nein-Fragen stellen im normalen Betriebsablauf,Kunden zum Erzählen und Präzisieren anregen,Antworten vorgeben bei sachgemässem Ablauf,Gespräch beenden im normalen Praxisalltag,B,Offene Fragen liefern mehr Informationen.,"Bildungsplan Detailhandelsfachfrau/Detailhandelsfachmann EFZ, BDS/SBFI",https://www.bds-fcs.ch/de/Digitale-Medien/Download-Center?download=17
detailhandel,Detailhandelsfachfrau/Detailhandelsfachmann EFZ,dh_l02,HKB a,L02,Kundenbedürfnisse und Nutzenargumentation,medium,single_choice,Worauf muss man beim Thema offene Frage in der Praxis besonders achten?,nur Ja-Nein-Fragen stellen im konkreten Auftrag,Antworten vorgeben bei vergleichbaren Aufgaben,Kunden zum Erzählen und Präzisieren anregen,Gespräch beenden im Rahmen der Routine,C,Offene Fragen liefern mehr Informationen.,"Bildungsplan Detailhandelsfachfrau/Detailhandelsfachmann EFZ, BDS/SBFI",https://www.bds-fcs.ch/de/Digitale-Medien/Download-Center?download=17
detailhandel,Detailhandelsfachfrau/Detailhandelsfachmann EFZ,dh_l02,HKB a,L02,Kundenbedürfnisse und Nutzenargumentation,hard,single_choice,Welche Aussage zum Thema offene Frage ist fachlich korrekt?,nur Ja-Nein-Fragen stellen im üblichen Berufsalltag,Antworten vorgeben bei sachgemässer Ausführung,Gespräch beenden im normalen Betriebsablauf,Kunden zum Erzählen und Präzisieren anregen,D,Offene Fragen liefern mehr Informationen.,"Bildungsplan Detailhandelsfachfrau/Detailhandelsfachmann EFZ, BDS/SBFI",https://www.bds-fcs.ch/de/Digitale-Medien/Download-Center?download=17
detailhandel,Detailhandelsfachfrau/Detailhandelsfachmann EFZ,dh_l02,HKB a,L02,Kundenbedürfnisse und Nutzenargumentation,easy,single_choice,Welche Aussage beschreibt das Thema Nutzenargumentation im Beruf Detailhandelsfachfrau/Detailhandelsfachmann EFZ am besten?,Produktmerkmale in konkreten Kundennutzen übersetzen,nur technische Daten aufzählen im üblichen Arbeitsumfeld,Kundenbedürfnis ignorieren im laufenden Tagesgeschäft,Preis verschweigen im konkreten Auftrag,A,Nutzen verbindet Angebot und Bedarf.,"Bildungsplan Detailhandelsfachfrau/Detailhandelsfachmann EFZ, BDS/SBFI",https://www.bds-fcs.ch/de/Digitale-Medien/Download-Center?download=17
detailhandel,Detailhandelsfachfrau/Detailhandelsfachmann EFZ,dh_l02,HKB a,L02,Kundenbedürfnisse und Nutzenargumentation,medium,single_choice,Worauf muss man beim Thema Nutzenargumentation in der Praxis besonders achten?,nur technische Daten aufzählen unter typischen Arbeitsbedingungen,Produktmerkmale in konkreten Kundennutzen übersetzen,Kundenbedürfnis ignorieren nach gängiger Praxis,Preis verschweigen im üblichen Berufsalltag,B,Nutzen verbindet Angebot und Bedarf.,"Bildungsplan Detailhandelsfachfrau/Detailhandelsfachmann EFZ, BDS/SBFI",https://www.bds-fcs.ch/de/Digitale-Medien/Download-Center?download=17
detailhandel,Detailhandelsfachfrau/Detailhandelsfachmann EFZ,dh_l02,HKB a,L02,Kundenbedürfnisse und Nutzenargumentation,hard,single_choice,Welche Aussage zum Thema Nutzenargumentation ist fachlich korrekt?,nur technische Daten aufzählen bei sachgemässem Ablauf,Kundenbedürfnis ignorieren im normalen Praxisalltag,Produktmerkmale in konkreten Kundennutzen übersetzen,Preis verschweigen im üblichen Arbeitsumfeld,C,Nutzen verbindet Angebot und Bedarf.,"Bildungsplan Detailhandelsfachfrau/Detailhandelsfachmann EFZ, BDS/SBFI",https://www.bds-fcs.ch/de/Digitale-Medien/Download-Center?download=17
detailhandel,Detailhandelsfachfrau/Detailhandelsfachmann EFZ,dh_l02,HKB a,L02,Kundenbedürfnisse und Nutzenargumentation,easy,single_choice,Welche Aussage beschreibt das Thema Storytelling im Beruf Detailhandelsfachfrau/Detailhandelsfachmann EFZ am besten?,unpassende Geschichten erfinden bei vergleichbaren Aufgaben,Fakten verfälschen im Rahmen der Routine im konkreten Auftrag,Kunden langweilen unter typischen Arbeitsbedingungen,Produkte mit anschaulichen Beispielen und Geschichten erlebbar machen,D,Storytelling kann Beratung emotional unterstützen.,"Bildungsplan Detailhandelsfachfrau/Detailhandelsfachmann EFZ, BDS/SBFI",https://www.bds-fcs.ch/de/Digitale-Medien/Download-Center?download=17
detailhandel,Detailhandelsfachfrau/Detailhandelsfachmann EFZ,dh_l02,HKB a,L02,Kundenbedürfnisse und Nutzenargumentation,medium,single_choice,Worauf muss man beim Thema Storytelling in der Praxis besonders achten?,Produkte mit anschaulichen Beispielen und Geschichten erlebbar machen,unpassende Geschichten erfinden bei sachgemässer Ausführung,Fakten verfälschen im normalen Betriebsablauf nach gängiger Praxis,Kunden langweilen bei sachgemässem Ablauf im üblichen Berufsalltag,A,Storytelling kann Beratung emotional unterstützen.,"Bildungsplan Detailhandelsfachfrau/Detailhandelsfachmann EFZ, BDS/SBFI",https://www.bds-fcs.ch/de/Digitale-Medien/Download-Center?download=17
detailhandel,Detailhandelsfachfrau/Detailhandelsfachmann EFZ,dh_l02,HKB a,L02,Kundenbedürfnisse und Nutzenargumentation,hard,single_choice,Welche Aussage zum Thema Storytelling ist fachlich korrekt?,unpassende Geschichten erfinden im laufenden Tagesgeschäft,Produkte mit anschaulichen Beispielen und Geschichten erlebbar machen,Fakten verfälschen im konkreten Auftrag im üblichen Arbeitsumfeld,Kunden langweilen bei vergleichbaren Aufgaben im normalen Praxisalltag,B,Storytelling kann Beratung emotional unterstützen.,"Bildungsplan Detailhandelsfachfrau/Detailhandelsfachmann EFZ, BDS/SBFI",https://www.bds-fcs.ch/de/Digitale-Medien/Download-Center?download=17
detailhandel,Detailhandelsfachfrau/Detailhandelsfachmann EFZ,dh_l02,HKB a,L02,Kundenbedürfnisse und Nutzenargumentation,easy,single_choice,Welche Aussage beschreibt das Thema Zusatzangebot im Beruf Detailhandelsfachfrau/Detailhandelsfachmann EFZ am besten?,beliebige Zusatzartikel aufzwingen nach gängiger Praxis,Bedarf ignorieren bei sachgemässer Ausführung,sinnvolle Ergänzungen passend zum Kundenbedarf anbieten,nur teuerstes Produkt nennen im üblichen Berufsalltag,C,Zusatzverkäufe müssen Nutzen stiften.,"Bildungsplan Detailhandelsfachfrau/Detailhandelsfachmann EFZ, BDS/SBFI",https://www.bds-fcs.ch/de/Digitale-Medien/Download-Center?download=17
detailhandel,Detailhandelsfachfrau/Detailhandelsfachmann EFZ,dh_l02,HKB a,L02,Kundenbedürfnisse und Nutzenargumentation,medium,single_choice,Worauf muss man beim Thema Zusatzangebot in der Praxis besonders achten?,beliebige Zusatzartikel aufzwingen im normalen Praxisalltag,Bedarf ignorieren im laufenden Tagesgeschäft,nur teuerstes Produkt nennen im üblichen Arbeitsumfeld,sinnvolle Ergänzungen passend zum Kundenbedarf anbieten,D,Zusatzverkäufe müssen Nutzen stiften.,"Bildungsplan Detailhandelsfachfrau/Detailhandelsfachmann EFZ, BDS/SBFI",https://www.bds-fcs.ch/de/Digitale-Medien/Download-Center?download=17
detailhandel,Detailhandelsfachfrau/Detailhandelsfachmann EFZ,dh_l02,HKB a,L02,Kundenbedürfnisse und Nutzenargumentation,hard,single_choice,Welche Aussage zum Thema Zusatzangebot ist fachlich korrekt?,sinnvolle Ergänzungen passend zum Kundenbedarf anbieten,beliebige Zusatzartikel aufzwingen im Rahmen der Routine,Bedarf ignorieren nach gängiger Praxis bei vergleichbaren Aufgaben,nur teuerstes Produkt nennen unter typischen Arbeitsbedingungen,A,Zusatzverkäufe müssen Nutzen stiften.,"Bildungsplan Detailhandelsfachfrau/Detailhandelsfachmann EFZ, BDS/SBFI",https://www.bds-fcs.ch/de/Digitale-Medien/Download-Center?download=17
detailhandel,Detailhandelsfachfrau/Detailhandelsfachmann EFZ,dh_l02,HKB a,L02,Kundenbedürfnisse und Nutzenargumentation,easy,single_choice,Welche Aussage beschreibt das Thema Preisunterschied im Beruf Detailhandelsfachfrau/Detailhandelsfachmann EFZ am besten?,Preis nur verteidigen bei sachgemässem Ablauf im üblichen Berufsalltag,"Mehrwert, Qualität, Service oder Nachhaltigkeit verständlich erklären",Kunden abwerten im normalen Praxisalltag bei sachgemässer Ausführung,Unterschiede verschweigen im normalen Betriebsablauf,B,Preisargumentation braucht Kundennutzen.,"Bildungsplan Detailhandelsfachfrau/Detailhandelsfachmann EFZ, BDS/SBFI",https://www.bds-fcs.ch/de/Digitale-Medien/Download-Center?download=17
detailhandel,Detailhandelsfachfrau/Detailhandelsfachmann EFZ,dh_l02,HKB a,L02,Kundenbedürfnisse und Nutzenargumentation,medium,single_choice,Worauf muss man beim Thema Preisunterschied in der Praxis besonders achten?,Preis nur verteidigen bei vergleichbaren Aufgaben,Kunden abwerten im Rahmen der Routine im laufenden Tagesgeschäft,"Mehrwert, Qualität, Service oder Nachhaltigkeit verständlich erklären",Unterschiede verschweigen im konkreten Auftrag im üblichen Arbeitsumfeld,C,Preisargumentation braucht Kundennutzen.,"Bildungsplan Detailhandelsfachfrau/Detailhandelsfachmann EFZ, BDS/SBFI",https://www.bds-fcs.ch/de/Digitale-Medien/Download-Center?download=17
detailhandel,Detailhandelsfachfrau/Detailhandelsfachmann EFZ,dh_l02,HKB a,L02,Kundenbedürfnisse und Nutzenargumentation,hard,single_choice,Welche Aussage zum Thema Preisunterschied ist fachlich korrekt?,Preis nur verteidigen bei sachgemässer Ausführung unter typischen Arbeitsbedingungen,Kunden abwerten im normalen Betriebsablauf nach gängiger Praxis,Unterschiede verschweigen im üblichen Berufsalltag,"Mehrwert, Qualität, Service oder Nachhaltigkeit verständlich erklären",D,Preisargumentation braucht Kundennutzen.,"Bildungsplan Detailhandelsfachfrau/Detailhandelsfachmann EFZ, BDS/SBFI",https://www.bds-fcs.ch/de/Digitale-Medien/Download-Center?download=17
detailhandel,Detailhandelsfachfrau/Detailhandelsfachmann EFZ,dh_l02,HKB a,L02,Kundenbedürfnisse und Nutzenargumentation,easy,single_choice,Welche Aussage beschreibt das Thema Sinneswahrnehmung im Beruf Detailhandelsfachfrau/Detailhandelsfachmann EFZ am besten?,"Sehen, Fühlen, Riechen oder Testen gezielt ermöglichen",Kunden nichts ausprobieren lassen im üblichen Arbeitsumfeld,Produkte verstecken im konkreten Auftrag,Erlebnis verhindern im laufenden Tagesgeschäft,A,Detailhandel nutzt direkte Produkterfahrung.,"Bildungsplan Detailhandelsfachfrau/Detailhandelsfachmann EFZ, BDS/SBFI",https://www.bds-fcs.ch/de/Digitale-Medien/Download-Center?download=17
detailhandel,Detailhandelsfachfrau/Detailhandelsfachmann EFZ,dh_l02,HKB a,L02,Kundenbedürfnisse und Nutzenargumentation,medium,single_choice,Worauf muss man beim Thema Sinneswahrnehmung in der Praxis besonders achten?,Kunden nichts ausprobieren lassen unter typischen Arbeitsbedingungen,"Sehen, Fühlen, Riechen oder Testen gezielt ermöglichen",Produkte verstecken im üblichen Berufsalltag,Erlebnis verhindern nach gängiger Praxis,B,Detailhandel nutzt direkte Produkterfahrung.,"Bildungsplan Detailhandelsfachfrau/Detailhandelsfachmann EFZ, BDS/SBFI",https://www.bds-fcs.ch/de/Digitale-Medien/Download-Center?download=17
detailhandel,Detailhandelsfachfrau/Detailhandelsfachmann EFZ,dh_l02,HKB a,L02,Kundenbedürfnisse und Nutzenargumentation,hard,single_choice,Welche Aussage zum Thema Sinneswahrnehmung ist fachlich korrekt?,Kunden nichts ausprobieren lassen bei sachgemässem Ablauf,Produkte verstecken im üblichen Arbeitsumfeld,"Sehen, Fühlen, Riechen oder Testen gezielt ermöglichen",Erlebnis verhindern im normalen Praxisalltag,C,Detailhandel nutzt direkte Produkterfahrung.,"Bildungsplan Detailhandelsfachfrau/Detailhandelsfachmann EFZ, BDS/SBFI",https://www.bds-fcs.ch/de/Digitale-Medien/Download-Center?download=17
detailhandel,Detailhandelsfachfrau/Detailhandelsfachmann EFZ,dh_l02,HKB a,L02,Kundenbedürfnisse und Nutzenargumentation,easy,single_choice,Welche Aussage beschreibt das Thema Lösungsvorschlag im Beruf Detailhandelsfachfrau/Detailhandelsfachmann EFZ am besten?,unpassende Lagerware verkaufen bei vergleichbaren Aufgaben,keine Alternative bieten unter typischen Arbeitsbedingungen,Bedarf nicht zusammenfassen im Rahmen der Routine,passende Produkte oder Dienstleistungen begründet präsentieren,D,Lösungen sollen nachvollziehbar zum Kunden passen.,"Bildungsplan Detailhandelsfachfrau/Detailhandelsfachmann EFZ, BDS/SBFI",https://www.bds-fcs.ch/de/Digitale-Medien/Download-Center?download=17
detailhandel,Detailhandelsfachfrau/Detailhandelsfachmann EFZ,dh_l02,HKB a,L02,Kundenbedürfnisse und Nutzenargumentation,medium,single_choice,Worauf muss man beim Thema Lösungsvorschlag in der Praxis besonders achten?,passende Produkte oder Dienstleistungen begründet präsentieren,unpassende Lagerware verkaufen bei sachgemässer Ausführung,keine Alternative bieten bei sachgemässem Ablauf,Bedarf nicht zusammenfassen im normalen Betriebsablauf,A,Lösungen sollen nachvollziehbar zum Kunden passen.,"Bildungsplan Detailhandelsfachfrau/Detailhandelsfachmann EFZ, BDS/SBFI",https://www.bds-fcs.ch/de/Digitale-Medien/Download-Center?download=17
detailhandel,Detailhandelsfachfrau/Detailhandelsfachmann EFZ,dh_l02,HKB a,L02,Kundenbedürfnisse und Nutzenargumentation,hard,single_choice,Welche Aussage zum Thema Lösungsvorschlag ist fachlich korrekt?,unpassende Lagerware verkaufen im laufenden Tagesgeschäft,passende Produkte oder Dienstleistungen begründet präsentieren,keine Alternative bieten bei vergleichbaren Aufgaben,Bedarf nicht zusammenfassen im konkreten Auftrag,B,Lösungen sollen nachvollziehbar zum Kunden passen.,"Bildungsplan Detailhandelsfachfrau/Detailhandelsfachmann EFZ, BDS/SBFI",https://www.bds-fcs.ch/de/Digitale-Medien/Download-Center?download=17
detailhandel,Detailhandelsfachfrau/Detailhandelsfachmann EFZ,dh_l02,HKB a,L02,Kundenbedürfnisse und Nutzenargumentation,easy,single_choice,Welche Aussage beschreibt das Thema Nachhaltigkeit im Verkauf im Beruf Detailhandelsfachfrau/Detailhandelsfachmann EFZ am besten?,Greenwashing betreiben nach gängiger Praxis,Labels erfinden bei sachgemässer Ausführung,ökologische und soziale Aspekte sachlich einbringen,Fragen ausweichen im üblichen Berufsalltag,C,Nachhaltigkeitsinformationen unterstützen informierte Kaufentscheide.,"Bildungsplan Detailhandelsfachfrau/Detailhandelsfachmann EFZ, BDS/SBFI",https://www.bds-fcs.ch/de/Digitale-Medien/Download-Center?download=17
detailhandel,Detailhandelsfachfrau/Detailhandelsfachmann EFZ,dh_l02,HKB a,L02,Kundenbedürfnisse und Nutzenargumentation,medium,single_choice,Worauf muss man beim Thema Nachhaltigkeit im Verkauf in der Praxis besonders achten?,Greenwashing betreiben im normalen Praxisalltag,Labels erfinden im laufenden Tagesgeschäft,Fragen ausweichen im üblichen Arbeitsumfeld,ökologische und soziale Aspekte sachlich einbringen,D,Nachhaltigkeitsinformationen unterstützen informierte Kaufentscheide.,"Bildungsplan Detailhandelsfachfrau/Detailhandelsfachmann EFZ, BDS/SBFI",https://www.bds-fcs.ch/de/Digitale-Medien/Download-Center?download=17
detailhandel,Detailhandelsfachfrau/Detailhandelsfachmann EFZ,dh_l02,HKB a,L02,Kundenbedürfnisse und Nutzenargumentation,hard,single_choice,Welche Aussage zum Thema Nachhaltigkeit im Verkauf ist fachlich korrekt?,ökologische und soziale Aspekte sachlich einbringen,Greenwashing betreiben im Rahmen der Routine,Labels erfinden nach gängiger Praxis,Fragen ausweichen unter typischen Arbeitsbedingungen,A,Nachhaltigkeitsinformationen unterstützen informierte Kaufentscheide.,"Bildungsplan Detailhandelsfachfrau/Detailhandelsfachmann EFZ, BDS/SBFI",https://www.bds-fcs.ch/de/Digitale-Medien/Download-Center?download=17
detailhandel,Detailhandelsfachfrau/Detailhandelsfachmann EFZ,dh_l02,HKB a,L02,Kundenbedürfnisse und Nutzenargumentation,easy,single_choice,Welche Aussage beschreibt das Thema Kaufmotiv im Beruf Detailhandelsfachfrau/Detailhandelsfachmann EFZ am besten?,alle Kunden gleich behandeln im normalen Betriebsablauf,sachliche und emotionale Beweggründe erkennen,Motiv nie klären im normalen Praxisalltag,nur Preis ansprechen bei sachgemässem Ablauf,B,Motive beeinflussen Beratung und Abschluss.,"Bildungsplan Detailhandelsfachfrau/Detailhandelsfachmann EFZ, BDS/SBFI",https://www.bds-fcs.ch/de/Digitale-Medien/Download-Center?download=17
detailhandel,Detailhandelsfachfrau/Detailhandelsfachmann EFZ,dh_l02,HKB a,L02,Kundenbedürfnisse und Nutzenargumentation,medium,single_choice,Worauf muss man beim Thema Kaufmotiv in der Praxis besonders achten?,alle Kunden gleich behandeln im konkreten Auftrag,Motiv nie klären im Rahmen der Routine,sachliche und emotionale Beweggründe erkennen,nur Preis ansprechen bei vergleichbaren Aufgaben,C,Motive beeinflussen Beratung und Abschluss.,"Bildungsplan Detailhandelsfachfrau/Detailhandelsfachmann EFZ, BDS/SBFI",https://www.bds-fcs.ch/de/Digitale-Medien/Download-Center?download=17
detailhandel,Detailhandelsfachfrau/Detailhandelsfachmann EFZ,dh_l02,HKB a,L02,Kundenbedürfnisse und Nutzenargumentation,hard,single_choice,Welche Aussage zum Thema Kaufmotiv ist fachlich korrekt?,alle Kunden gleich behandeln im üblichen Berufsalltag,Motiv nie klären im normalen Betriebsablauf,nur Preis ansprechen bei sachgemässer Ausführung,sachliche und emotionale Beweggründe erkennen,D,Motive beeinflussen Beratung und Abschluss.,"Bildungsplan Detailhandelsfachfrau/Detailhandelsfachmann EFZ, BDS/SBFI",https://www.bds-fcs.ch/de/Digitale-Medien/Download-Center?download=17
detailhandel,Detailhandelsfachfrau/Detailhandelsfachmann EFZ,dh_l03,HKB a,L03,"Verkaufsabschluss, Zahlung und Rechnen",easy,single_choice,Welche Aussage beschreibt das Thema Abschlusssignal im Beruf Detailhandelsfachfrau/Detailhandelsfachmann EFZ am besten?,Kaufsignale erkennen und passend zum Abschluss führen,Kaufsignal ignorieren im konkreten Auftrag,Gespräch endlos verlängern im üblichen Arbeitsumfeld,Druck ohne Bedarf ausüben im laufenden Tagesgeschäft,A,Der Abschluss soll kundengerecht und natürlich erfolgen.,"Bildungsplan Detailhandelsfachfrau/Detailhandelsfachmann EFZ, BDS/SBFI",https://www.bds-fcs.ch/de/Digitale-Medien/Download-Center?download=17
detailhandel,Detailhandelsfachfrau/Detailhandelsfachmann EFZ,dh_l03,HKB a,L03,"Verkaufsabschluss, Zahlung und Rechnen",medium,single_choice,Worauf muss man beim Thema Abschlusssignal in der Praxis besonders achten?,Kaufsignal ignorieren im üblichen Berufsalltag,Kaufsignale erkennen und passend zum Abschluss führen,Gespräch endlos verlängern unter typischen Arbeitsbedingungen,Druck ohne Bedarf ausüben nach gängiger Praxis,B,Der Abschluss soll kundengerecht und natürlich erfolgen.,"Bildungsplan Detailhandelsfachfrau/Detailhandelsfachmann EFZ, BDS/SBFI",https://www.bds-fcs.ch/de/Digitale-Medien/Download-Center?download=17
detailhandel,Detailhandelsfachfrau/Detailhandelsfachmann EFZ,dh_l03,HKB a,L03,"Verkaufsabschluss, Zahlung und Rechnen",hard,single_choice,Welche Aussage zum Thema Abschlusssignal ist fachlich korrekt?,Kaufsignal ignorieren im üblichen Arbeitsumfeld,Gespräch endlos verlängern bei sachgemässem Ablauf,Kaufsignale erkennen und passend zum Abschluss führen,Druck ohne Bedarf ausüben im normalen Praxisalltag,C,Der Abschluss soll kundengerecht und natürlich erfolgen.,"Bildungsplan Detailhandelsfachfrau/Detailhandelsfachmann EFZ, BDS/SBFI",https://www.bds-fcs.ch/de/Digitale-Medien/Download-Center?download=17
detailhandel,Detailhandelsfachfrau/Detailhandelsfachmann EFZ,dh_l03,HKB a,L03,"Verkaufsabschluss, Zahlung und Rechnen",easy,single_choice,Welche Aussage beschreibt das Thema Zahlungsmethode im Beruf Detailhandelsfachfrau/Detailhandelsfachmann EFZ am besten?,Zahlung ohne Kontrolle annehmen bei vergleichbaren Aufgaben,Beleg verweigern unter typischen Arbeitsbedingungen,Kartenfehler ignorieren im Rahmen der Routine,"Bar, Karte, Gutschein oder digitale Zahlung korrekt abwickeln",D,Zahlungsvorgänge müssen sicher und korrekt sein.,"Bildungsplan Detailhandelsfachfrau/Detailhandelsfachmann EFZ, BDS/SBFI",https://www.bds-fcs.ch/de/Digitale-Medien/Download-Center?download=17
detailhandel,Detailhandelsfachfrau/Detailhandelsfachmann EFZ,dh_l03,HKB a,L03,"Verkaufsabschluss, Zahlung und Rechnen",medium,single_choice,Worauf muss man beim Thema Zahlungsmethode in der Praxis besonders achten?,"Bar, Karte, Gutschein oder digitale Zahlung korrekt abwickeln",Zahlung ohne Kontrolle annehmen bei sachgemässer Ausführung,Beleg verweigern bei sachgemässem Ablauf im üblichen Berufsalltag,Kartenfehler ignorieren im normalen Betriebsablauf,A,Zahlungsvorgänge müssen sicher und korrekt sein.,"Bildungsplan Detailhandelsfachfrau/Detailhandelsfachmann EFZ, BDS/SBFI",https://www.bds-fcs.ch/de/Digitale-Medien/Download-Center?download=17
detailhandel,Detailhandelsfachfrau/Detailhandelsfachmann EFZ,dh_l03,HKB a,L03,"Verkaufsabschluss, Zahlung und Rechnen",hard,single_choice,Welche Aussage zum Thema Zahlungsmethode ist fachlich korrekt?,Zahlung ohne Kontrolle annehmen im laufenden Tagesgeschäft,"Bar, Karte, Gutschein oder digitale Zahlung korrekt abwickeln",Beleg verweigern bei vergleichbaren Aufgaben im üblichen Arbeitsumfeld,Kartenfehler ignorieren im konkreten Auftrag,B,Zahlungsvorgänge müssen sicher und korrekt sein.,"Bildungsplan Detailhandelsfachfrau/Detailhandelsfachmann EFZ, BDS/SBFI",https://www.bds-fcs.ch/de/Digitale-Medien/Download-Center?download=17
detailhandel,Detailhandelsfachfrau/Detailhandelsfachmann EFZ,dh_l03,HKB a,L03,"Verkaufsabschluss, Zahlung und Rechnen",easy,single_choice,Welche Aussage beschreibt das Thema MWST im Beruf Detailhandelsfachfrau/Detailhandelsfachmann EFZ am besten?,Steuersatz raten bei sachgemässer Ausführung unter typischen Arbeitsbedingungen,Brutto und Netto verwechseln nach gängiger Praxis,Mehrwertsteuer im Verkaufspreis korrekt verstehen und berechnen,MWST beliebig abziehen im üblichen Berufsalltag,C,Rechnen gehört zum Verkaufsabschluss.,"Bildungsplan Detailhandelsfachfrau/Detailhandelsfachmann EFZ, BDS/SBFI",https://www.bds-fcs.ch/de/Digitale-Medien/Download-Center?download=17
detailhandel,Detailhandelsfachfrau/Detailhandelsfachmann EFZ,dh_l03,HKB a,L03,"Verkaufsabschluss, Zahlung und Rechnen",medium,single_choice,Worauf muss man beim Thema MWST in der Praxis besonders achten?,Steuersatz raten im laufenden Tagesgeschäft bei sachgemässem Ablauf,Brutto und Netto verwechseln im normalen Praxisalltag,MWST beliebig abziehen im üblichen Arbeitsumfeld,Mehrwertsteuer im Verkaufspreis korrekt verstehen und berechnen,D,Rechnen gehört zum Verkaufsabschluss.,"Bildungsplan Detailhandelsfachfrau/Detailhandelsfachmann EFZ, BDS/SBFI",https://www.bds-fcs.ch/de/Digitale-Medien/Download-Center?download=17
detailhandel,Detailhandelsfachfrau/Detailhandelsfachmann EFZ,dh_l03,HKB a,L03,"Verkaufsabschluss, Zahlung und Rechnen",hard,single_choice,Welche Aussage zum Thema MWST ist fachlich korrekt?,Mehrwertsteuer im Verkaufspreis korrekt verstehen und berechnen,Steuersatz raten nach gängiger Praxis bei vergleichbaren Aufgaben,Brutto und Netto verwechseln im Rahmen der Routine,MWST beliebig abziehen unter typischen Arbeitsbedingungen,A,Rechnen gehört zum Verkaufsabschluss.,"Bildungsplan Detailhandelsfachfrau/Detailhandelsfachmann EFZ, BDS/SBFI",https://www.bds-fcs.ch/de/Digitale-Medien/Download-Center?download=17
detailhandel,Detailhandelsfachfrau/Detailhandelsfachmann EFZ,dh_l03,HKB a,L03,"Verkaufsabschluss, Zahlung und Rechnen",easy,single_choice,Welche Aussage beschreibt das Thema Wechselkurs im Beruf Detailhandelsfachfrau/Detailhandelsfachmann EFZ am besten?,Kurs frei erfinden im normalen Praxisalltag bei sachgemässer Ausführung,Fremdwährungsbeträge nach betrieblicher Vorgabe umrechnen,Differenz ignorieren bei sachgemässem Ablauf,Währung nicht prüfen im normalen Betriebsablauf,B,Bei Fremdwährung braucht es klare Vorgaben.,"Bildungsplan Detailhandelsfachfrau/Detailhandelsfachmann EFZ, BDS/SBFI",https://www.bds-fcs.ch/de/Digitale-Medien/Download-Center?download=17
detailhandel,Detailhandelsfachfrau/Detailhandelsfachmann EFZ,dh_l03,HKB a,L03,"Verkaufsabschluss, Zahlung und Rechnen",medium,single_choice,Worauf muss man beim Thema Wechselkurs in der Praxis besonders achten?,Kurs frei erfinden im Rahmen der Routine im laufenden Tagesgeschäft,Differenz ignorieren bei vergleichbaren Aufgaben,Fremdwährungsbeträge nach betrieblicher Vorgabe umrechnen,Währung nicht prüfen im konkreten Auftrag,C,Bei Fremdwährung braucht es klare Vorgaben.,"Bildungsplan Detailhandelsfachfrau/Detailhandelsfachmann EFZ, BDS/SBFI",https://www.bds-fcs.ch/de/Digitale-Medien/Download-Center?download=17
detailhandel,Detailhandelsfachfrau/Detailhandelsfachmann EFZ,dh_l03,HKB a,L03,"Verkaufsabschluss, Zahlung und Rechnen",hard,single_choice,Welche Aussage zum Thema Wechselkurs ist fachlich korrekt?,Kurs frei erfinden im normalen Betriebsablauf,Differenz ignorieren bei sachgemässer Ausführung,Währung nicht prüfen im üblichen Berufsalltag,Fremdwährungsbeträge nach betrieblicher Vorgabe umrechnen,D,Bei Fremdwährung braucht es klare Vorgaben.,"Bildungsplan Detailhandelsfachfrau/Detailhandelsfachmann EFZ, BDS/SBFI",https://www.bds-fcs.ch/de/Digitale-Medien/Download-Center?download=17
detailhandel,Detailhandelsfachfrau/Detailhandelsfachmann EFZ,dh_l03,HKB a,L03,"Verkaufsabschluss, Zahlung und Rechnen",easy,single_choice,Welche Aussage beschreibt das Thema Kundenkarte im Beruf Detailhandelsfachfrau/Detailhandelsfachmann EFZ am besten?,"Vorteile, Bedingungen und Datenschutz verständlich erklären",Kunden ohne Einwilligung registrieren im üblichen Arbeitsumfeld,Bedingungen verschweigen im laufenden Tagesgeschäft,Daten zwecklos sammeln im konkreten Auftrag,A,Kundenbindungssysteme brauchen transparente Information.,"Bildungsplan Detailhandelsfachfrau/Detailhandelsfachmann EFZ, BDS/SBFI",https://www.bds-fcs.ch/de/Digitale-Medien/Download-Center?download=17
detailhandel,Detailhandelsfachfrau/Detailhandelsfachmann EFZ,dh_l03,HKB a,L03,"Verkaufsabschluss, Zahlung und Rechnen",medium,single_choice,Worauf muss man beim Thema Kundenkarte in der Praxis besonders achten?,Kunden ohne Einwilligung registrieren unter typischen Arbeitsbedingungen,"Vorteile, Bedingungen und Datenschutz verständlich erklären",Bedingungen verschweigen nach gängiger Praxis,Daten zwecklos sammeln im üblichen Berufsalltag,B,Kundenbindungssysteme brauchen transparente Information.,"Bildungsplan Detailhandelsfachfrau/Detailhandelsfachmann EFZ, BDS/SBFI",https://www.bds-fcs.ch/de/Digitale-Medien/Download-Center?download=17
detailhandel,Detailhandelsfachfrau/Detailhandelsfachmann EFZ,dh_l03,HKB a,L03,"Verkaufsabschluss, Zahlung und Rechnen",hard,single_choice,Welche Aussage zum Thema Kundenkarte ist fachlich korrekt?,Kunden ohne Einwilligung registrieren bei sachgemässem Ablauf,Bedingungen verschweigen im normalen Praxisalltag,"Vorteile, Bedingungen und Datenschutz verständlich erklären",Daten zwecklos sammeln im üblichen Arbeitsumfeld,C,Kundenbindungssysteme brauchen transparente Information.,"Bildungsplan Detailhandelsfachfrau/Detailhandelsfachmann EFZ, BDS/SBFI",https://www.bds-fcs.ch/de/Digitale-Medien/Download-Center?download=17
detailhandel,Detailhandelsfachfrau/Detailhandelsfachmann EFZ,dh_l03,HKB a,L03,"Verkaufsabschluss, Zahlung und Rechnen",easy,single_choice,Welche Aussage beschreibt das Thema Beleg im Beruf Detailhandelsfachfrau/Detailhandelsfachmann EFZ am besten?,Beleg nur auf Nachfrage illegal verweigern,falsche Beträge akzeptieren im Rahmen der Routine,Retourenbelege verlieren unter typischen Arbeitsbedingungen,Quittung oder Rechnung korrekt ausstellen und übergeben,D,Belege dienen Nachweis und Nachbearbeitung.,"Bildungsplan Detailhandelsfachfrau/Detailhandelsfachmann EFZ, BDS/SBFI",https://www.bds-fcs.ch/de/Digitale-Medien/Download-Center?download=17
detailhandel,Detailhandelsfachfrau/Detailhandelsfachmann EFZ,dh_l03,HKB a,L03,"Verkaufsabschluss, Zahlung und Rechnen",medium,single_choice,Worauf muss man beim Thema Beleg in der Praxis besonders achten?,Quittung oder Rechnung korrekt ausstellen und übergeben,Beleg nur auf Nachfrage illegal verweigern,falsche Beträge akzeptieren im normalen Betriebsablauf,Retourenbelege verlieren bei sachgemässem Ablauf,A,Belege dienen Nachweis und Nachbearbeitung.,"Bildungsplan Detailhandelsfachfrau/Detailhandelsfachmann EFZ, BDS/SBFI",https://www.bds-fcs.ch/de/Digitale-Medien/Download-Center?download=17
detailhandel,Detailhandelsfachfrau/Detailhandelsfachmann EFZ,dh_l03,HKB a,L03,"Verkaufsabschluss, Zahlung und Rechnen",hard,single_choice,Welche Aussage zum Thema Beleg ist fachlich korrekt?,Beleg nur auf Nachfrage illegal verweigern,Quittung oder Rechnung korrekt ausstellen und übergeben,falsche Beträge akzeptieren im konkreten Auftrag,Retourenbelege verlieren bei vergleichbaren Aufgaben,B,Belege dienen Nachweis und Nachbearbeitung.,"Bildungsplan Detailhandelsfachfrau/Detailhandelsfachmann EFZ, BDS/SBFI",https://www.bds-fcs.ch/de/Digitale-Medien/Download-Center?download=17
detailhandel,Detailhandelsfachfrau/Detailhandelsfachmann EFZ,dh_l03,HKB a,L03,"Verkaufsabschluss, Zahlung und Rechnen",easy,single_choice,Welche Aussage beschreibt das Thema technische Störung an Kasse im Beruf Detailhandelsfachfrau/Detailhandelsfachmann EFZ am besten?,Kunden anschreien bei sachgemässer Ausführung unter typischen Arbeitsbedingungen,Zahlung doppelt belasten nach gängiger Praxis,"ruhig informieren, Vorgaben befolgen und Alternativen prüfen",Störung verschweigen im üblichen Berufsalltag,C,Störungen erfordern Ruhe und Prozesskenntnis.,"Bildungsplan Detailhandelsfachfrau/Detailhandelsfachmann EFZ, BDS/SBFI",https://www.bds-fcs.ch/de/Digitale-Medien/Download-Center?download=17
detailhandel,Detailhandelsfachfrau/Detailhandelsfachmann EFZ,dh_l03,HKB a,L03,"Verkaufsabschluss, Zahlung und Rechnen",medium,single_choice,Worauf muss man beim Thema technische Störung an Kasse in der Praxis besonders achten?,Kunden anschreien im laufenden Tagesgeschäft bei sachgemässem Ablauf,Zahlung doppelt belasten im normalen Praxisalltag,Störung verschweigen im üblichen Arbeitsumfeld,"ruhig informieren, Vorgaben befolgen und Alternativen prüfen",D,Störungen erfordern Ruhe und Prozesskenntnis.,"Bildungsplan Detailhandelsfachfrau/Detailhandelsfachmann EFZ, BDS/SBFI",https://www.bds-fcs.ch/de/Digitale-Medien/Download-Center?download=17
detailhandel,Detailhandelsfachfrau/Detailhandelsfachmann EFZ,dh_l03,HKB a,L03,"Verkaufsabschluss, Zahlung und Rechnen",hard,single_choice,Welche Aussage zum Thema technische Störung an Kasse ist fachlich korrekt?,"ruhig informieren, Vorgaben befolgen und Alternativen prüfen",Kunden anschreien nach gängiger Praxis bei vergleichbaren Aufgaben,Zahlung doppelt belasten im Rahmen der Routine,Störung verschweigen unter typischen Arbeitsbedingungen,A,Störungen erfordern Ruhe und Prozesskenntnis.,"Bildungsplan Detailhandelsfachfrau/Detailhandelsfachmann EFZ, BDS/SBFI",https://www.bds-fcs.ch/de/Digitale-Medien/Download-Center?download=17
detailhandel,Detailhandelsfachfrau/Detailhandelsfachmann EFZ,dh_l03,HKB a,L03,"Verkaufsabschluss, Zahlung und Rechnen",easy,single_choice,Welche Aussage beschreibt das Thema Verabschiedung im Beruf Detailhandelsfachfrau/Detailhandelsfachmann EFZ am besten?,nach Zahlung ignorieren bei sachgemässem Ablauf,Kunden freundlich verabschieden und nächsten Kontakt fördern,Beschwerde offen lassen im normalen Betriebsablauf,unhöflich abbrechen im normalen Praxisalltag bei sachgemässer Ausführung,B,Nach dem Kauf bleibt Beziehungspflege wichtig.,"Bildungsplan Detailhandelsfachfrau/Detailhandelsfachmann EFZ, BDS/SBFI",https://www.bds-fcs.ch/de/Digitale-Medien/Download-Center?download=17
detailhandel,Detailhandelsfachfrau/Detailhandelsfachmann EFZ,dh_l03,HKB a,L03,"Verkaufsabschluss, Zahlung und Rechnen",medium,single_choice,Worauf muss man beim Thema Verabschiedung in der Praxis besonders achten?,nach Zahlung ignorieren bei vergleichbaren Aufgaben,Beschwerde offen lassen im konkreten Auftrag,Kunden freundlich verabschieden und nächsten Kontakt fördern,unhöflich abbrechen im Rahmen der Routine im laufenden Tagesgeschäft,C,Nach dem Kauf bleibt Beziehungspflege wichtig.,"Bildungsplan Detailhandelsfachfrau/Detailhandelsfachmann EFZ, BDS/SBFI",https://www.bds-fcs.ch/de/Digitale-Medien/Download-Center?download=17
detailhandel,Detailhandelsfachfrau/Detailhandelsfachmann EFZ,dh_l03,HKB a,L03,"Verkaufsabschluss, Zahlung und Rechnen",hard,single_choice,Welche Aussage zum Thema Verabschiedung ist fachlich korrekt?,nach Zahlung ignorieren bei sachgemässer Ausführung,Beschwerde offen lassen im üblichen Berufsalltag,unhöflich abbrechen im normalen Betriebsablauf,Kunden freundlich verabschieden und nächsten Kontakt fördern,D,Nach dem Kauf bleibt Beziehungspflege wichtig.,"Bildungsplan Detailhandelsfachfrau/Detailhandelsfachmann EFZ, BDS/SBFI",https://www.bds-fcs.ch/de/Digitale-Medien/Download-Center?download=17
detailhandel,Detailhandelsfachfrau/Detailhandelsfachmann EFZ,dh_l03,HKB a,L03,"Verkaufsabschluss, Zahlung und Rechnen",easy,single_choice,Welche Aussage beschreibt das Thema Preisänderung im Beruf Detailhandelsfachfrau/Detailhandelsfachmann EFZ am besten?,"Rabatt, Aktion oder Preisfehler korrekt erklären",Preis willkürlich ändern im laufenden Tagesgeschäft,Aktion falsch versprechen im üblichen Arbeitsumfeld,Kunden täuschen im konkreten Auftrag,A,Preisinformationen müssen korrekt sein.,"Bildungsplan Detailhandelsfachfrau/Detailhandelsfachmann EFZ, BDS/SBFI",https://www.bds-fcs.ch/de/Digitale-Medien/Download-Center?download=17
detailhandel,Detailhandelsfachfrau/Detailhandelsfachmann EFZ,dh_l03,HKB a,L03,"Verkaufsabschluss, Zahlung und Rechnen",medium,single_choice,Worauf muss man beim Thema Preisänderung in der Praxis besonders achten?,Preis willkürlich ändern nach gängiger Praxis,"Rabatt, Aktion oder Preisfehler korrekt erklären",Aktion falsch versprechen unter typischen Arbeitsbedingungen,Kunden täuschen im üblichen Berufsalltag,B,Preisinformationen müssen korrekt sein.,"Bildungsplan Detailhandelsfachfrau/Detailhandelsfachmann EFZ, BDS/SBFI",https://www.bds-fcs.ch/de/Digitale-Medien/Download-Center?download=17
detailhandel,Detailhandelsfachfrau/Detailhandelsfachmann EFZ,dh_l03,HKB a,L03,"Verkaufsabschluss, Zahlung und Rechnen",hard,single_choice,Welche Aussage zum Thema Preisänderung ist fachlich korrekt?,Preis willkürlich ändern im normalen Praxisalltag,Aktion falsch versprechen bei sachgemässem Ablauf,"Rabatt, Aktion oder Preisfehler korrekt erklären",Kunden täuschen im üblichen Arbeitsumfeld,C,Preisinformationen müssen korrekt sein.,"Bildungsplan Detailhandelsfachfrau/Detailhandelsfachmann EFZ, BDS/SBFI",https://www.bds-fcs.ch/de/Digitale-Medien/Download-Center?download=17
detailhandel,Detailhandelsfachfrau/Detailhandelsfachmann EFZ,dh_l03,HKB a,L03,"Verkaufsabschluss, Zahlung und Rechnen",easy,single_choice,Welche Aussage beschreibt das Thema Nachbearbeitung im Beruf Detailhandelsfachfrau/Detailhandelsfachmann EFZ am besten?,Pendenzen vergessen unter typischen Arbeitsbedingungen,Kontaktangaben verlieren bei vergleichbaren Aufgaben,Zusage nicht festhalten im Rahmen der Routine im konkreten Auftrag,"Rückmeldungen, Reservationen oder Lieferungen sauber dokumentieren",D,Nachbearbeitung sichert Kundenzufriedenheit.,"Bildungsplan Detailhandelsfachfrau/Detailhandelsfachmann EFZ, BDS/SBFI",https://www.bds-fcs.ch/de/Digitale-Medien/Download-Center?download=17
detailhandel,Detailhandelsfachfrau/Detailhandelsfachmann EFZ,dh_l03,HKB a,L03,"Verkaufsabschluss, Zahlung und Rechnen",medium,single_choice,Worauf muss man beim Thema Nachbearbeitung in der Praxis besonders achten?,"Rückmeldungen, Reservationen oder Lieferungen sauber dokumentieren",Pendenzen vergessen bei sachgemässem Ablauf im üblichen Berufsalltag,Kontaktangaben verlieren bei sachgemässer Ausführung,Zusage nicht festhalten im normalen Betriebsablauf,A,Nachbearbeitung sichert Kundenzufriedenheit.,"Bildungsplan Detailhandelsfachfrau/Detailhandelsfachmann EFZ, BDS/SBFI",https://www.bds-fcs.ch/de/Digitale-Medien/Download-Center?download=17
detailhandel,Detailhandelsfachfrau/Detailhandelsfachmann EFZ,dh_l03,HKB a,L03,"Verkaufsabschluss, Zahlung und Rechnen",hard,single_choice,Welche Aussage zum Thema Nachbearbeitung ist fachlich korrekt?,Pendenzen vergessen bei vergleichbaren Aufgaben,"Rückmeldungen, Reservationen oder Lieferungen sauber dokumentieren",Kontaktangaben verlieren im laufenden Tagesgeschäft,Zusage nicht festhalten im konkreten Auftrag im üblichen Arbeitsumfeld,B,Nachbearbeitung sichert Kundenzufriedenheit.,"Bildungsplan Detailhandelsfachfrau/Detailhandelsfachmann EFZ, BDS/SBFI",https://www.bds-fcs.ch/de/Digitale-Medien/Download-Center?download=17
detailhandel,Detailhandelsfachfrau/Detailhandelsfachmann EFZ,dh_l04,HKB a,L04,Kundenbindung und Reklamationen,easy,single_choice,Welche Aussage beschreibt das Thema Kundenbindung im Beruf Detailhandelsfachfrau/Detailhandelsfachmann EFZ am besten?,nur Neukunden beachten bei sachgemässer Ausführung,Stammkunden ignorieren im üblichen Berufsalltag unter typischen Arbeitsbedingungen,"Beziehungen über Service, Vertrauen und passende Angebote pflegen",Versprechen nicht einhalten nach gängiger Praxis,C,Kundenbindung entsteht durch wiederholte positive Erfahrungen.,"Bildungsplan Detailhandelsfachfrau/Detailhandelsfachmann EFZ, BDS/SBFI",https://www.bds-fcs.ch/de/Digitale-Medien/Download-Center?download=17
detailhandel,Detailhandelsfachfrau/Detailhandelsfachmann EFZ,dh_l04,HKB a,L04,Kundenbindung und Reklamationen,medium,single_choice,Worauf muss man beim Thema Kundenbindung in der Praxis besonders achten?,nur Neukunden beachten im laufenden Tagesgeschäft,Stammkunden ignorieren im üblichen Arbeitsumfeld bei sachgemässem Ablauf,Versprechen nicht einhalten im normalen Praxisalltag,"Beziehungen über Service, Vertrauen und passende Angebote pflegen",D,Kundenbindung entsteht durch wiederholte positive Erfahrungen.,"Bildungsplan Detailhandelsfachfrau/Detailhandelsfachmann EFZ, BDS/SBFI",https://www.bds-fcs.ch/de/Digitale-Medien/Download-Center?download=17
detailhandel,Detailhandelsfachfrau/Detailhandelsfachmann EFZ,dh_l04,HKB a,L04,Kundenbindung und Reklamationen,hard,single_choice,Welche Aussage zum Thema Kundenbindung ist fachlich korrekt?,"Beziehungen über Service, Vertrauen und passende Angebote pflegen",nur Neukunden beachten nach gängiger Praxis bei vergleichbaren Aufgaben,Stammkunden ignorieren unter typischen Arbeitsbedingungen,Versprechen nicht einhalten im Rahmen der Routine,A,Kundenbindung entsteht durch wiederholte positive Erfahrungen.,"Bildungsplan Detailhandelsfachfrau/Detailhandelsfachmann EFZ, BDS/SBFI",https://www.bds-fcs.ch/de/Digitale-Medien/Download-Center?download=17
detailhandel,Detailhandelsfachfrau/Detailhandelsfachmann EFZ,dh_l04,HKB a,L04,Kundenbindung und Reklamationen,easy,single_choice,Welche Aussage beschreibt das Thema Reklamation im Beruf Detailhandelsfachfrau/Detailhandelsfachmann EFZ am besten?,Kunden beschuldigen im normalen Praxisalltag bei sachgemässer Ausführung,"ruhig zuhören, Sachverhalt klären und Lösungsmöglichkeiten prüfen",Beschwerde ignorieren im normalen Betriebsablauf,keine Notizen machen bei sachgemässem Ablauf im üblichen Berufsalltag,B,Reklamationen können Vertrauen wiederherstellen.,"Bildungsplan Detailhandelsfachfrau/Detailhandelsfachmann EFZ, BDS/SBFI",https://www.bds-fcs.ch/de/Digitale-Medien/Download-Center?download=17
detailhandel,Detailhandelsfachfrau/Detailhandelsfachmann EFZ,dh_l04,HKB a,L04,Kundenbindung und Reklamationen,medium,single_choice,Worauf muss man beim Thema Reklamation in der Praxis besonders achten?,Kunden beschuldigen im Rahmen der Routine im laufenden Tagesgeschäft,Beschwerde ignorieren im konkreten Auftrag im üblichen Arbeitsumfeld,"ruhig zuhören, Sachverhalt klären und Lösungsmöglichkeiten prüfen",keine Notizen machen bei vergleichbaren Aufgaben,C,Reklamationen können Vertrauen wiederherstellen.,"Bildungsplan Detailhandelsfachfrau/Detailhandelsfachmann EFZ, BDS/SBFI",https://www.bds-fcs.ch/de/Digitale-Medien/Download-Center?download=17
detailhandel,Detailhandelsfachfrau/Detailhandelsfachmann EFZ,dh_l04,HKB a,L04,Kundenbindung und Reklamationen,hard,single_choice,Welche Aussage zum Thema Reklamation ist fachlich korrekt?,Kunden beschuldigen im normalen Betriebsablauf nach gängiger Praxis,Beschwerde ignorieren im üblichen Berufsalltag,keine Notizen machen bei sachgemässer Ausführung,"ruhig zuhören, Sachverhalt klären und Lösungsmöglichkeiten prüfen",D,Reklamationen können Vertrauen wiederherstellen.,"Bildungsplan Detailhandelsfachfrau/Detailhandelsfachmann EFZ, BDS/SBFI",https://www.bds-fcs.ch/de/Digitale-Medien/Download-Center?download=17
detailhandel,Detailhandelsfachfrau/Detailhandelsfachmann EFZ,dh_l04,HKB a,L04,Kundenbindung und Reklamationen,easy,single_choice,Welche Aussage beschreibt das Thema Kulanz im Beruf Detailhandelsfachfrau/Detailhandelsfachmann EFZ am besten?,freiwillige Lösung im Rahmen betrieblicher Vorgaben anbieten,immer unbegrenzt gewähren im laufenden Tagesgeschäft,ohne Kompetenz zusagen im konkreten Auftrag,rechtliche Pflicht vortäuschen im üblichen Arbeitsumfeld,A,"Kulanz ist kundenorientiert, aber regelgebunden.","Bildungsplan Detailhandelsfachfrau/Detailhandelsfachmann EFZ, BDS/SBFI",https://www.bds-fcs.ch/de/Digitale-Medien/Download-Center?download=17
detailhandel,Detailhandelsfachfrau/Detailhandelsfachmann EFZ,dh_l04,HKB a,L04,Kundenbindung und Reklamationen,medium,single_choice,Worauf muss man beim Thema Kulanz in der Praxis besonders achten?,immer unbegrenzt gewähren nach gängiger Praxis,freiwillige Lösung im Rahmen betrieblicher Vorgaben anbieten,ohne Kompetenz zusagen im üblichen Berufsalltag,rechtliche Pflicht vortäuschen unter typischen Arbeitsbedingungen,B,"Kulanz ist kundenorientiert, aber regelgebunden.","Bildungsplan Detailhandelsfachfrau/Detailhandelsfachmann EFZ, BDS/SBFI",https://www.bds-fcs.ch/de/Digitale-Medien/Download-Center?download=17
detailhandel,Detailhandelsfachfrau/Detailhandelsfachmann EFZ,dh_l04,HKB a,L04,Kundenbindung und Reklamationen,hard,single_choice,Welche Aussage zum Thema Kulanz ist fachlich korrekt?,immer unbegrenzt gewähren im normalen Praxisalltag,ohne Kompetenz zusagen im üblichen Arbeitsumfeld,freiwillige Lösung im Rahmen betrieblicher Vorgaben anbieten,rechtliche Pflicht vortäuschen bei sachgemässem Ablauf,C,"Kulanz ist kundenorientiert, aber regelgebunden.","Bildungsplan Detailhandelsfachfrau/Detailhandelsfachmann EFZ, BDS/SBFI",https://www.bds-fcs.ch/de/Digitale-Medien/Download-Center?download=17
detailhandel,Detailhandelsfachfrau/Detailhandelsfachmann EFZ,dh_l04,HKB a,L04,Kundenbindung und Reklamationen,easy,single_choice,Welche Aussage beschreibt das Thema Garantie im Beruf Detailhandelsfachfrau/Detailhandelsfachmann EFZ am besten?,Garantie immer erfinden bei vergleichbaren Aufgaben,Fristen ignorieren im Rahmen der Routine im konkreten Auftrag,Belege nie prüfen unter typischen Arbeitsbedingungen,rechtliche und betriebliche Bedingungen korrekt unterscheiden,D,Garantiefälle brauchen sorgfältige Prüfung.,"Bildungsplan Detailhandelsfachfrau/Detailhandelsfachmann EFZ, BDS/SBFI",https://www.bds-fcs.ch/de/Digitale-Medien/Download-Center?download=17
detailhandel,Detailhandelsfachfrau/Detailhandelsfachmann EFZ,dh_l04,HKB a,L04,Kundenbindung und Reklamationen,medium,single_choice,Worauf muss man beim Thema Garantie in der Praxis besonders achten?,rechtliche und betriebliche Bedingungen korrekt unterscheiden,Garantie immer erfinden bei sachgemässer Ausführung,Fristen ignorieren im normalen Betriebsablauf,Belege nie prüfen bei sachgemässem Ablauf im üblichen Berufsalltag,A,Garantiefälle brauchen sorgfältige Prüfung.,"Bildungsplan Detailhandelsfachfrau/Detailhandelsfachmann EFZ, BDS/SBFI",https://www.bds-fcs.ch/de/Digitale-Medien/Download-Center?download=17
detailhandel,Detailhandelsfachfrau/Detailhandelsfachmann EFZ,dh_l04,HKB a,L04,Kundenbindung und Reklamationen,hard,single_choice,Welche Aussage zum Thema Garantie ist fachlich korrekt?,Garantie immer erfinden im laufenden Tagesgeschäft,rechtliche und betriebliche Bedingungen korrekt unterscheiden,Fristen ignorieren im konkreten Auftrag im üblichen Arbeitsumfeld,Belege nie prüfen bei vergleichbaren Aufgaben,B,Garantiefälle brauchen sorgfältige Prüfung.,"Bildungsplan Detailhandelsfachfrau/Detailhandelsfachmann EFZ, BDS/SBFI",https://www.bds-fcs.ch/de/Digitale-Medien/Download-Center?download=17
detailhandel,Detailhandelsfachfrau/Detailhandelsfachmann EFZ,dh_l04,HKB a,L04,Kundenbindung und Reklamationen,easy,single_choice,Welche Aussage beschreibt das Thema Retoure im Beruf Detailhandelsfachfrau/Detailhandelsfachmann EFZ am besten?,Ware ungeprüft zurücknehmen im üblichen Berufsalltag,Zustand nicht kontrollieren nach gängiger Praxis,"Rückgabe gemäss Vorgaben prüfen, dokumentieren und abwickeln",Rückgabeprozess umgehen bei sachgemässer Ausführung,C,Retouren beeinflussen Bestand und Kundenzufriedenheit.,"Bildungsplan Detailhandelsfachfrau/Detailhandelsfachmann EFZ, BDS/SBFI",https://www.bds-fcs.ch/de/Digitale-Medien/Download-Center?download=17
detailhandel,Detailhandelsfachfrau/Detailhandelsfachmann EFZ,dh_l04,HKB a,L04,Kundenbindung und Reklamationen,medium,single_choice,Worauf muss man beim Thema Retoure in der Praxis besonders achten?,Ware ungeprüft zurücknehmen im üblichen Arbeitsumfeld,Zustand nicht kontrollieren im normalen Praxisalltag,Rückgabeprozess umgehen im laufenden Tagesgeschäft,"Rückgabe gemäss Vorgaben prüfen, dokumentieren und abwickeln",D,Retouren beeinflussen Bestand und Kundenzufriedenheit.,"Bildungsplan Detailhandelsfachfrau/Detailhandelsfachmann EFZ, BDS/SBFI",https://www.bds-fcs.ch/de/Digitale-Medien/Download-Center?download=17
detailhandel,Detailhandelsfachfrau/Detailhandelsfachmann EFZ,dh_l04,HKB a,L04,Kundenbindung und Reklamationen,hard,single_choice,Welche Aussage zum Thema Retoure ist fachlich korrekt?,"Rückgabe gemäss Vorgaben prüfen, dokumentieren und abwickeln",Ware ungeprüft zurücknehmen unter typischen Arbeitsbedingungen,Zustand nicht kontrollieren im Rahmen der Routine,Rückgabeprozess umgehen nach gängiger Praxis,A,Retouren beeinflussen Bestand und Kundenzufriedenheit.,"Bildungsplan Detailhandelsfachfrau/Detailhandelsfachmann EFZ, BDS/SBFI",https://www.bds-fcs.ch/de/Digitale-Medien/Download-Center?download=17
detailhandel,Detailhandelsfachfrau/Detailhandelsfachmann EFZ,dh_l04,HKB a,L04,Kundenbindung und Reklamationen,easy,single_choice,Welche Aussage beschreibt das Thema Kundenbewertung im Beruf Detailhandelsfachfrau/Detailhandelsfachmann EFZ am besten?,negative Bewertungen löschen ohne Prüfung,Feedback sachlich auswerten und Verbesserungen ableiten,Feedback ignorieren im normalen Praxisalltag,Kunden öffentlich angreifen bei sachgemässem Ablauf,B,Bewertungen liefern Hinweise auf Servicequalität.,"Bildungsplan Detailhandelsfachfrau/Detailhandelsfachmann EFZ, BDS/SBFI",https://www.bds-fcs.ch/de/Digitale-Medien/Download-Center?download=17
detailhandel,Detailhandelsfachfrau/Detailhandelsfachmann EFZ,dh_l04,HKB a,L04,Kundenbindung und Reklamationen,medium,single_choice,Worauf muss man beim Thema Kundenbewertung in der Praxis besonders achten?,negative Bewertungen löschen ohne Prüfung,Feedback ignorieren im Rahmen der Routine,Feedback sachlich auswerten und Verbesserungen ableiten,Kunden öffentlich angreifen bei vergleichbaren Aufgaben,C,Bewertungen liefern Hinweise auf Servicequalität.,"Bildungsplan Detailhandelsfachfrau/Detailhandelsfachmann EFZ, BDS/SBFI",https://www.bds-fcs.ch/de/Digitale-Medien/Download-Center?download=17
detailhandel,Detailhandelsfachfrau/Detailhandelsfachmann EFZ,dh_l04,HKB a,L04,Kundenbindung und Reklamationen,hard,single_choice,Welche Aussage zum Thema Kundenbewertung ist fachlich korrekt?,negative Bewertungen löschen ohne Prüfung,Feedback ignorieren im normalen Betriebsablauf,Kunden öffentlich angreifen bei sachgemässer Ausführung,Feedback sachlich auswerten und Verbesserungen ableiten,D,Bewertungen liefern Hinweise auf Servicequalität.,"Bildungsplan Detailhandelsfachfrau/Detailhandelsfachmann EFZ, BDS/SBFI",https://www.bds-fcs.ch/de/Digitale-Medien/Download-Center?download=17
detailhandel,Detailhandelsfachfrau/Detailhandelsfachmann EFZ,dh_l04,HKB a,L04,Kundenbindung und Reklamationen,easy,single_choice,Welche Aussage beschreibt das Thema Beschwerdekanal im Beruf Detailhandelsfachfrau/Detailhandelsfachmann EFZ am besten?,Kunden über passende Kontaktwege und nächste Schritte informieren,Kunden im Kreis schicken im laufenden Tagesgeschäft,Zuständigkeit verschweigen im üblichen Arbeitsumfeld,Fristen offen lassen im konkreten Auftrag im normalen Praxisalltag,A,Klare Prozesse reduzieren Frust.,"Bildungsplan Detailhandelsfachfrau/Detailhandelsfachmann EFZ, BDS/SBFI",https://www.bds-fcs.ch/de/Digitale-Medien/Download-Center?download=17
detailhandel,Detailhandelsfachfrau/Detailhandelsfachmann EFZ,dh_l04,HKB a,L04,Kundenbindung und Reklamationen,medium,single_choice,Worauf muss man beim Thema Beschwerdekanal in der Praxis besonders achten?,Kunden im Kreis schicken nach gängiger Praxis im Rahmen der Routine,Kunden über passende Kontaktwege und nächste Schritte informieren,Zuständigkeit verschweigen unter typischen Arbeitsbedingungen,Fristen offen lassen im üblichen Berufsalltag bei vergleichbaren Aufgaben,B,Klare Prozesse reduzieren Frust.,"Bildungsplan Detailhandelsfachfrau/Detailhandelsfachmann EFZ, BDS/SBFI",https://www.bds-fcs.ch/de/Digitale-Medien/Download-Center?download=17
detailhandel,Detailhandelsfachfrau/Detailhandelsfachmann EFZ,dh_l04,HKB a,L04,Kundenbindung und Reklamationen,hard,single_choice,Welche Aussage zum Thema Beschwerdekanal ist fachlich korrekt?,Kunden im Kreis schicken im normalen Praxisalltag,Zuständigkeit verschweigen bei sachgemässem Ablauf,Kunden über passende Kontaktwege und nächste Schritte informieren,Fristen offen lassen im üblichen Arbeitsumfeld im normalen Betriebsablauf,C,Klare Prozesse reduzieren Frust.,"Bildungsplan Detailhandelsfachfrau/Detailhandelsfachmann EFZ, BDS/SBFI",https://www.bds-fcs.ch/de/Digitale-Medien/Download-Center?download=17
detailhandel,Detailhandelsfachfrau/Detailhandelsfachmann EFZ,dh_l04,HKB a,L04,Kundenbindung und Reklamationen,easy,single_choice,Welche Aussage beschreibt das Thema Kundenbindungssystem im Beruf Detailhandelsfachfrau/Detailhandelsfachmann EFZ am besten?,Daten ohne Einwilligung nutzen bei vergleichbaren Aufgaben,Vorteile übertreiben im Rahmen der Routine,Regeln verstecken unter typischen Arbeitsbedingungen,"Punkte, Vorteile und Datenschutz transparent erklären",D,Transparenz stärkt Vertrauen.,"Bildungsplan Detailhandelsfachfrau/Detailhandelsfachmann EFZ, BDS/SBFI",https://www.bds-fcs.ch/de/Digitale-Medien/Download-Center?download=17
detailhandel,Detailhandelsfachfrau/Detailhandelsfachmann EFZ,dh_l04,HKB a,L04,Kundenbindung und Reklamationen,medium,single_choice,Worauf muss man beim Thema Kundenbindungssystem in der Praxis besonders achten?,"Punkte, Vorteile und Datenschutz transparent erklären",Daten ohne Einwilligung nutzen bei sachgemässer Ausführung,Vorteile übertreiben im normalen Betriebsablauf,Regeln verstecken bei sachgemässem Ablauf,A,Transparenz stärkt Vertrauen.,"Bildungsplan Detailhandelsfachfrau/Detailhandelsfachmann EFZ, BDS/SBFI",https://www.bds-fcs.ch/de/Digitale-Medien/Download-Center?download=17
detailhandel,Detailhandelsfachfrau/Detailhandelsfachmann EFZ,dh_l04,HKB a,L04,Kundenbindung und Reklamationen,hard,single_choice,Welche Aussage zum Thema Kundenbindungssystem ist fachlich korrekt?,Daten ohne Einwilligung nutzen im laufenden Tagesgeschäft,"Punkte, Vorteile und Datenschutz transparent erklären",Vorteile übertreiben im konkreten Auftrag,Regeln verstecken bei vergleichbaren Aufgaben,B,Transparenz stärkt Vertrauen.,"Bildungsplan Detailhandelsfachfrau/Detailhandelsfachmann EFZ, BDS/SBFI",https://www.bds-fcs.ch/de/Digitale-Medien/Download-Center?download=17
detailhandel,Detailhandelsfachfrau/Detailhandelsfachmann EFZ,dh_l04,HKB a,L04,Kundenbindung und Reklamationen,easy,single_choice,Welche Aussage beschreibt das Thema Nachhaltigkeitsinformation im Beruf Detailhandelsfachfrau/Detailhandelsfachmann EFZ am besten?,unbelegte Umweltversprechen machen nach gängiger Praxis,Fragen vermeiden bei sachgemässer Ausführung unter typischen Arbeitsbedingungen,"Aktualitäten zu Herkunft, Reparatur oder Entsorgung sachlich erklären",Labels falsch erklären im üblichen Berufsalltag im Rahmen der Routine,C,Kunden fragen zunehmend nach Nachhaltigkeit.,"Bildungsplan Detailhandelsfachfrau/Detailhandelsfachmann EFZ, BDS/SBFI",https://www.bds-fcs.ch/de/Digitale-Medien/Download-Center?download=17
detailhandel,Detailhandelsfachfrau/Detailhandelsfachmann EFZ,dh_l04,HKB a,L04,Kundenbindung und Reklamationen,medium,single_choice,Worauf muss man beim Thema Nachhaltigkeitsinformation in der Praxis besonders achten?,unbelegte Umweltversprechen machen im normalen Praxisalltag,Fragen vermeiden im laufenden Tagesgeschäft bei sachgemässem Ablauf,Labels falsch erklären im üblichen Arbeitsumfeld im normalen Betriebsablauf,"Aktualitäten zu Herkunft, Reparatur oder Entsorgung sachlich erklären",D,Kunden fragen zunehmend nach Nachhaltigkeit.,"Bildungsplan Detailhandelsfachfrau/Detailhandelsfachmann EFZ, BDS/SBFI",https://www.bds-fcs.ch/de/Digitale-Medien/Download-Center?download=17
detailhandel,Detailhandelsfachfrau/Detailhandelsfachmann EFZ,dh_l04,HKB a,L04,Kundenbindung und Reklamationen,hard,single_choice,Welche Aussage zum Thema Nachhaltigkeitsinformation ist fachlich korrekt?,"Aktualitäten zu Herkunft, Reparatur oder Entsorgung sachlich erklären",unbelegte Umweltversprechen machen im Rahmen der Routine,Fragen vermeiden nach gängiger Praxis bei vergleichbaren Aufgaben,Labels falsch erklären unter typischen Arbeitsbedingungen,A,Kunden fragen zunehmend nach Nachhaltigkeit.,"Bildungsplan Detailhandelsfachfrau/Detailhandelsfachmann EFZ, BDS/SBFI",https://www.bds-fcs.ch/de/Digitale-Medien/Download-Center?download=17
detailhandel,Detailhandelsfachfrau/Detailhandelsfachmann EFZ,dh_l04,HKB a,L04,Kundenbindung und Reklamationen,easy,single_choice,Welche Aussage beschreibt das Thema Lösungsorientierung im Beruf Detailhandelsfachfrau/Detailhandelsfachmann EFZ am besten?,nur Problem betonen bei sachgemässem Ablauf,auf ein realistisches und faires Ergebnis hinarbeiten,keine Alternative prüfen im normalen Betriebsablauf,Gespräch abbrechen im normalen Praxisalltag,B,Lösungsorientierung ist in schwierigen Kundensituationen zentral.,"Bildungsplan Detailhandelsfachfrau/Detailhandelsfachmann EFZ, BDS/SBFI",https://www.bds-fcs.ch/de/Digitale-Medien/Download-Center?download=17
detailhandel,Detailhandelsfachfrau/Detailhandelsfachmann EFZ,dh_l04,HKB a,L04,Kundenbindung und Reklamationen,medium,single_choice,Worauf muss man beim Thema Lösungsorientierung in der Praxis besonders achten?,nur Problem betonen bei vergleichbaren Aufgaben,keine Alternative prüfen im konkreten Auftrag,auf ein realistisches und faires Ergebnis hinarbeiten,Gespräch abbrechen im Rahmen der Routine,C,Lösungsorientierung ist in schwierigen Kundensituationen zentral.,"Bildungsplan Detailhandelsfachfrau/Detailhandelsfachmann EFZ, BDS/SBFI",https://www.bds-fcs.ch/de/Digitale-Medien/Download-Center?download=17
detailhandel,Detailhandelsfachfrau/Detailhandelsfachmann EFZ,dh_l04,HKB a,L04,Kundenbindung und Reklamationen,hard,single_choice,Welche Aussage zum Thema Lösungsorientierung ist fachlich korrekt?,nur Problem betonen bei sachgemässer Ausführung,keine Alternative prüfen im üblichen Berufsalltag,Gespräch abbrechen im normalen Betriebsablauf,auf ein realistisches und faires Ergebnis hinarbeiten,D,Lösungsorientierung ist in schwierigen Kundensituationen zentral.,"Bildungsplan Detailhandelsfachfrau/Detailhandelsfachmann EFZ, BDS/SBFI",https://www.bds-fcs.ch/de/Digitale-Medien/Download-Center?download=17
detailhandel,Detailhandelsfachfrau/Detailhandelsfachmann EFZ,dh_l05,HKB a,L05,Schwierige Kundensituationen und Konflikte,easy,single_choice,Welche Aussage beschreibt das Thema Deeskalation im Beruf Detailhandelsfachfrau/Detailhandelsfachmann EFZ am besten?,"ruhig bleiben, zuhören und klare nächste Schritte anbieten",laut werden im konkreten Auftrag im normalen Praxisalltag,Kunden blossstellen im laufenden Tagesgeschäft,Gegenangriff starten im üblichen Arbeitsumfeld,A,Deeskalation schützt Kundenbeziehung und Sicherheit.,"Bildungsplan Detailhandelsfachfrau/Detailhandelsfachmann EFZ, BDS/SBFI",https://www.bds-fcs.ch/de/Digitale-Medien/Download-Center?download=17
detailhandel,Detailhandelsfachfrau/Detailhandelsfachmann EFZ,dh_l05,HKB a,L05,Schwierige Kundensituationen und Konflikte,medium,single_choice,Worauf muss man beim Thema Deeskalation in der Praxis besonders achten?,laut werden im üblichen Berufsalltag im Rahmen der Routine,"ruhig bleiben, zuhören und klare nächste Schritte anbieten",Kunden blossstellen nach gängiger Praxis bei vergleichbaren Aufgaben,Gegenangriff starten unter typischen Arbeitsbedingungen,B,Deeskalation schützt Kundenbeziehung und Sicherheit.,"Bildungsplan Detailhandelsfachfrau/Detailhandelsfachmann EFZ, BDS/SBFI",https://www.bds-fcs.ch/de/Digitale-Medien/Download-Center?download=17
detailhandel,Detailhandelsfachfrau/Detailhandelsfachmann EFZ,dh_l05,HKB a,L05,Schwierige Kundensituationen und Konflikte,hard,single_choice,Welche Aussage zum Thema Deeskalation ist fachlich korrekt?,laut werden im üblichen Arbeitsumfeld im normalen Betriebsablauf,Kunden blossstellen im normalen Praxisalltag,"ruhig bleiben, zuhören und klare nächste Schritte anbieten",Gegenangriff starten bei sachgemässem Ablauf,C,Deeskalation schützt Kundenbeziehung und Sicherheit.,"Bildungsplan Detailhandelsfachfrau/Detailhandelsfachmann EFZ, BDS/SBFI",https://www.bds-fcs.ch/de/Digitale-Medien/Download-Center?download=17
detailhandel,Detailhandelsfachfrau/Detailhandelsfachmann EFZ,dh_l05,HKB a,L05,Schwierige Kundensituationen und Konflikte,easy,single_choice,Welche Aussage beschreibt das Thema Empathie im Beruf Detailhandelsfachfrau/Detailhandelsfachmann EFZ am besten?,Kunden auslachen unter typischen Arbeitsbedingungen,Gefühle ignorieren bei vergleichbaren Aufgaben,alles versprechen im Rahmen der Routine im konkreten Auftrag,"Gefühle und Anliegen ernst nehmen, ohne falsche Zusagen zu machen",D,"Empathie hilft, schwierige Gespräche zu stabilisieren.","Bildungsplan Detailhandelsfachfrau/Detailhandelsfachmann EFZ, BDS/SBFI",https://www.bds-fcs.ch/de/Digitale-Medien/Download-Center?download=17
detailhandel,Detailhandelsfachfrau/Detailhandelsfachmann EFZ,dh_l05,HKB a,L05,Schwierige Kundensituationen und Konflikte,medium,single_choice,Worauf muss man beim Thema Empathie in der Praxis besonders achten?,"Gefühle und Anliegen ernst nehmen, ohne falsche Zusagen zu machen",Kunden auslachen bei sachgemässem Ablauf im üblichen Berufsalltag,Gefühle ignorieren bei sachgemässer Ausführung,alles versprechen im normalen Betriebsablauf nach gängiger Praxis,A,"Empathie hilft, schwierige Gespräche zu stabilisieren.","Bildungsplan Detailhandelsfachfrau/Detailhandelsfachmann EFZ, BDS/SBFI",https://www.bds-fcs.ch/de/Digitale-Medien/Download-Center?download=17
detailhandel,Detailhandelsfachfrau/Detailhandelsfachmann EFZ,dh_l05,HKB a,L05,Schwierige Kundensituationen und Konflikte,hard,single_choice,Welche Aussage zum Thema Empathie ist fachlich korrekt?,Kunden auslachen bei vergleichbaren Aufgaben im normalen Praxisalltag,"Gefühle und Anliegen ernst nehmen, ohne falsche Zusagen zu machen",Gefühle ignorieren im laufenden Tagesgeschäft bei sachgemässem Ablauf,alles versprechen im konkreten Auftrag im üblichen Arbeitsumfeld,B,"Empathie hilft, schwierige Gespräche zu stabilisieren.","Bildungsplan Detailhandelsfachfrau/Detailhandelsfachmann EFZ, BDS/SBFI",https://www.bds-fcs.ch/de/Digitale-Medien/Download-Center?download=17
detailhandel,Detailhandelsfachfrau/Detailhandelsfachmann EFZ,dh_l05,HKB a,L05,Schwierige Kundensituationen und Konflikte,easy,single_choice,Welche Aussage beschreibt das Thema Diebstahlverdacht im Beruf Detailhandelsfachfrau/Detailhandelsfachmann EFZ am besten?,Kunden körperlich festhalten nach gängiger Praxis,öffentlich beschuldigen im üblichen Berufsalltag im Rahmen der Routine,betriebliche Vorgaben beachten und keine riskanten Alleingänge machen,Beweise erfinden bei sachgemässer Ausführung unter typischen Arbeitsbedingungen,C,Verdachtsfälle sind sensibel und sicherheitsrelevant.,"Bildungsplan Detailhandelsfachfrau/Detailhandelsfachmann EFZ, BDS/SBFI",https://www.bds-fcs.ch/de/Digitale-Medien/Download-Center?download=17
detailhandel,Detailhandelsfachfrau/Detailhandelsfachmann EFZ,dh_l05,HKB a,L05,Schwierige Kundensituationen und Konflikte,medium,single_choice,Worauf muss man beim Thema Diebstahlverdacht in der Praxis besonders achten?,Kunden körperlich festhalten im normalen Praxisalltag,öffentlich beschuldigen im üblichen Arbeitsumfeld,Beweise erfinden im laufenden Tagesgeschäft bei sachgemässem Ablauf,betriebliche Vorgaben beachten und keine riskanten Alleingänge machen,D,Verdachtsfälle sind sensibel und sicherheitsrelevant.,"Bildungsplan Detailhandelsfachfrau/Detailhandelsfachmann EFZ, BDS/SBFI",https://www.bds-fcs.ch/de/Digitale-Medien/Download-Center?download=17
detailhandel,Detailhandelsfachfrau/Detailhandelsfachmann EFZ,dh_l05,HKB a,L05,Schwierige Kundensituationen und Konflikte,hard,single_choice,Welche Aussage zum Thema Diebstahlverdacht ist fachlich korrekt?,betriebliche Vorgaben beachten und keine riskanten Alleingänge machen,Kunden körperlich festhalten im Rahmen der Routine,öffentlich beschuldigen unter typischen Arbeitsbedingungen,Beweise erfinden nach gängiger Praxis bei vergleichbaren Aufgaben,A,Verdachtsfälle sind sensibel und sicherheitsrelevant.,"Bildungsplan Detailhandelsfachfrau/Detailhandelsfachmann EFZ, BDS/SBFI",https://www.bds-fcs.ch/de/Digitale-Medien/Download-Center?download=17
detailhandel,Detailhandelsfachfrau/Detailhandelsfachmann EFZ,dh_l05,HKB a,L05,Schwierige Kundensituationen und Konflikte,easy,single_choice,Welche Aussage beschreibt das Thema aggressive Kundschaft im Beruf Detailhandelsfachfrau/Detailhandelsfachmann EFZ am besten?,allein eskalieren bei sachgemässem Ablauf,"Abstand, Eigenschutz und Unterstützung sicherstellen",zurückschreien im normalen Praxisalltag,Notfallregeln ignorieren im normalen Betriebsablauf,B,Sicherheit hat Vorrang.,"Bildungsplan Detailhandelsfachfrau/Detailhandelsfachmann EFZ, BDS/SBFI",https://www.bds-fcs.ch/de/Digitale-Medien/Download-Center?download=17
detailhandel,Detailhandelsfachfrau/Detailhandelsfachmann EFZ,dh_l05,HKB a,L05,Schwierige Kundensituationen und Konflikte,medium,single_choice,Worauf muss man beim Thema aggressive Kundschaft in der Praxis besonders achten?,allein eskalieren bei vergleichbaren Aufgaben,zurückschreien im Rahmen der Routine im laufenden Tagesgeschäft,"Abstand, Eigenschutz und Unterstützung sicherstellen",Notfallregeln ignorieren im konkreten Auftrag,C,Sicherheit hat Vorrang.,"Bildungsplan Detailhandelsfachfrau/Detailhandelsfachmann EFZ, BDS/SBFI",https://www.bds-fcs.ch/de/Digitale-Medien/Download-Center?download=17
detailhandel,Detailhandelsfachfrau/Detailhandelsfachmann EFZ,dh_l05,HKB a,L05,Schwierige Kundensituationen und Konflikte,hard,single_choice,Welche Aussage zum Thema aggressive Kundschaft ist fachlich korrekt?,allein eskalieren bei sachgemässer Ausführung,zurückschreien im normalen Betriebsablauf,Notfallregeln ignorieren im üblichen Berufsalltag,"Abstand, Eigenschutz und Unterstützung sicherstellen",D,Sicherheit hat Vorrang.,"Bildungsplan Detailhandelsfachfrau/Detailhandelsfachmann EFZ, BDS/SBFI",https://www.bds-fcs.ch/de/Digitale-Medien/Download-Center?download=17
detailhandel,Detailhandelsfachfrau/Detailhandelsfachmann EFZ,dh_l05,HKB a,L05,Schwierige Kundensituationen und Konflikte,easy,single_choice,Welche Aussage beschreibt das Thema interkulturelle Situation im Beruf Detailhandelsfachfrau/Detailhandelsfachmann EFZ am besten?,respektvoll nachfragen und Missverständnisse klären,Vorurteile nutzen im laufenden Tagesgeschäft,Kunden abwerten im konkreten Auftrag,keine Erklärung anbieten im üblichen Arbeitsumfeld,A,Interkulturelle Kompetenz unterstützt Kundenkontakt.,"Bildungsplan Detailhandelsfachfrau/Detailhandelsfachmann EFZ, BDS/SBFI",https://www.bds-fcs.ch/de/Digitale-Medien/Download-Center?download=17
detailhandel,Detailhandelsfachfrau/Detailhandelsfachmann EFZ,dh_l05,HKB a,L05,Schwierige Kundensituationen und Konflikte,medium,single_choice,Worauf muss man beim Thema interkulturelle Situation in der Praxis besonders achten?,Vorurteile nutzen nach gängiger Praxis,respektvoll nachfragen und Missverständnisse klären,Kunden abwerten im üblichen Berufsalltag,keine Erklärung anbieten unter typischen Arbeitsbedingungen,B,Interkulturelle Kompetenz unterstützt Kundenkontakt.,"Bildungsplan Detailhandelsfachfrau/Detailhandelsfachmann EFZ, BDS/SBFI",https://www.bds-fcs.ch/de/Digitale-Medien/Download-Center?download=17
detailhandel,Detailhandelsfachfrau/Detailhandelsfachmann EFZ,dh_l05,HKB a,L05,Schwierige Kundensituationen und Konflikte,hard,single_choice,Welche Aussage zum Thema interkulturelle Situation ist fachlich korrekt?,Vorurteile nutzen im normalen Praxisalltag,Kunden abwerten im üblichen Arbeitsumfeld,respektvoll nachfragen und Missverständnisse klären,keine Erklärung anbieten bei sachgemässem Ablauf,C,Interkulturelle Kompetenz unterstützt Kundenkontakt.,"Bildungsplan Detailhandelsfachfrau/Detailhandelsfachmann EFZ, BDS/SBFI",https://www.bds-fcs.ch/de/Digitale-Medien/Download-Center?download=17
detailhandel,Detailhandelsfachfrau/Detailhandelsfachmann EFZ,dh_l05,HKB a,L05,Schwierige Kundensituationen und Konflikte,easy,single_choice,Welche Aussage beschreibt das Thema Grenzen setzen im Beruf Detailhandelsfachfrau/Detailhandelsfachmann EFZ am besten?,Regeln aus Angst verschweigen im Rahmen der Routine,unhöflich abblocken unter typischen Arbeitsbedingungen,Ausnahmen ohne Kompetenz zusagen bei vergleichbaren Aufgaben,"freundlich, klar und regelkonform kommunizieren",D,Klare Grenzen verhindern Eskalation.,"Bildungsplan Detailhandelsfachfrau/Detailhandelsfachmann EFZ, BDS/SBFI",https://www.bds-fcs.ch/de/Digitale-Medien/Download-Center?download=17
detailhandel,Detailhandelsfachfrau/Detailhandelsfachmann EFZ,dh_l05,HKB a,L05,Schwierige Kundensituationen und Konflikte,medium,single_choice,Worauf muss man beim Thema Grenzen setzen in der Praxis besonders achten?,"freundlich, klar und regelkonform kommunizieren",Regeln aus Angst verschweigen im normalen Betriebsablauf,unhöflich abblocken bei sachgemässem Ablauf,Ausnahmen ohne Kompetenz zusagen bei sachgemässer Ausführung,A,Klare Grenzen verhindern Eskalation.,"Bildungsplan Detailhandelsfachfrau/Detailhandelsfachmann EFZ, BDS/SBFI",https://www.bds-fcs.ch/de/Digitale-Medien/Download-Center?download=17
detailhandel,Detailhandelsfachfrau/Detailhandelsfachmann EFZ,dh_l05,HKB a,L05,Schwierige Kundensituationen und Konflikte,hard,single_choice,Welche Aussage zum Thema Grenzen setzen ist fachlich korrekt?,Regeln aus Angst verschweigen im konkreten Auftrag,"freundlich, klar und regelkonform kommunizieren",unhöflich abblocken bei vergleichbaren Aufgaben,Ausnahmen ohne Kompetenz zusagen im laufenden Tagesgeschäft,B,Klare Grenzen verhindern Eskalation.,"Bildungsplan Detailhandelsfachfrau/Detailhandelsfachmann EFZ, BDS/SBFI",https://www.bds-fcs.ch/de/Digitale-Medien/Download-Center?download=17
detailhandel,Detailhandelsfachfrau/Detailhandelsfachmann EFZ,dh_l05,HKB a,L05,Schwierige Kundensituationen und Konflikte,easy,single_choice,Welche Aussage beschreibt das Thema Vorgesetzte beiziehen im Beruf Detailhandelsfachfrau/Detailhandelsfachmann EFZ am besten?,alles allein entscheiden nach gängiger Praxis,zu spät Hilfe holen bei sachgemässer Ausführung,bei Kompetenzgrenzen oder Eskalation Unterstützung holen,Team nicht informieren im üblichen Berufsalltag,C,Beizug schützt Qualität und Sicherheit.,"Bildungsplan Detailhandelsfachfrau/Detailhandelsfachmann EFZ, BDS/SBFI",https://www.bds-fcs.ch/de/Digitale-Medien/Download-Center?download=17
detailhandel,Detailhandelsfachfrau/Detailhandelsfachmann EFZ,dh_l05,HKB a,L05,Schwierige Kundensituationen und Konflikte,medium,single_choice,Worauf muss man beim Thema Vorgesetzte beiziehen in der Praxis besonders achten?,alles allein entscheiden im normalen Praxisalltag,zu spät Hilfe holen im laufenden Tagesgeschäft,Team nicht informieren im üblichen Arbeitsumfeld,bei Kompetenzgrenzen oder Eskalation Unterstützung holen,D,Beizug schützt Qualität und Sicherheit.,"Bildungsplan Detailhandelsfachfrau/Detailhandelsfachmann EFZ, BDS/SBFI",https://www.bds-fcs.ch/de/Digitale-Medien/Download-Center?download=17
detailhandel,Detailhandelsfachfrau/Detailhandelsfachmann EFZ,dh_l05,HKB a,L05,Schwierige Kundensituationen und Konflikte,hard,single_choice,Welche Aussage zum Thema Vorgesetzte beiziehen ist fachlich korrekt?,bei Kompetenzgrenzen oder Eskalation Unterstützung holen,alles allein entscheiden im Rahmen der Routine,zu spät Hilfe holen nach gängiger Praxis,Team nicht informieren unter typischen Arbeitsbedingungen,A,Beizug schützt Qualität und Sicherheit.,"Bildungsplan Detailhandelsfachfrau/Detailhandelsfachmann EFZ, BDS/SBFI",https://www.bds-fcs.ch/de/Digitale-Medien/Download-Center?download=17
detailhandel,Detailhandelsfachfrau/Detailhandelsfachmann EFZ,dh_l05,HKB a,L05,Schwierige Kundensituationen und Konflikte,easy,single_choice,Welche Aussage beschreibt das Thema Konfliktreflexion im Beruf Detailhandelsfachfrau/Detailhandelsfachmann EFZ am besten?,nichts lernen im normalen Praxisalltag,Situation nachbereiten und Verbesserungsideen ableiten,Schuld nur bei Kunden suchen im normalen Betriebsablauf,Vorfall nicht dokumentieren bei sachgemässem Ablauf,B,Reflexion verbessert künftiges Verhalten.,"Bildungsplan Detailhandelsfachfrau/Detailhandelsfachmann EFZ, BDS/SBFI",https://www.bds-fcs.ch/de/Digitale-Medien/Download-Center?download=17
detailhandel,Detailhandelsfachfrau/Detailhandelsfachmann EFZ,dh_l05,HKB a,L05,Schwierige Kundensituationen und Konflikte,medium,single_choice,Worauf muss man beim Thema Konfliktreflexion in der Praxis besonders achten?,nichts lernen im Rahmen der Routine im laufenden Tagesgeschäft,Schuld nur bei Kunden suchen im konkreten Auftrag,Situation nachbereiten und Verbesserungsideen ableiten,Vorfall nicht dokumentieren bei vergleichbaren Aufgaben,C,Reflexion verbessert künftiges Verhalten.,"Bildungsplan Detailhandelsfachfrau/Detailhandelsfachmann EFZ, BDS/SBFI",https://www.bds-fcs.ch/de/Digitale-Medien/Download-Center?download=17
detailhandel,Detailhandelsfachfrau/Detailhandelsfachmann EFZ,dh_l05,HKB a,L05,Schwierige Kundensituationen und Konflikte,hard,single_choice,Welche Aussage zum Thema Konfliktreflexion ist fachlich korrekt?,nichts lernen im normalen Betriebsablauf,Schuld nur bei Kunden suchen im üblichen Berufsalltag,Vorfall nicht dokumentieren bei sachgemässer Ausführung,Situation nachbereiten und Verbesserungsideen ableiten,D,Reflexion verbessert künftiges Verhalten.,"Bildungsplan Detailhandelsfachfrau/Detailhandelsfachmann EFZ, BDS/SBFI",https://www.bds-fcs.ch/de/Digitale-Medien/Download-Center?download=17
detailhandel,Detailhandelsfachfrau/Detailhandelsfachmann EFZ,dh_l05,HKB a,L05,Schwierige Kundensituationen und Konflikte,easy,single_choice,Welche Aussage beschreibt das Thema rechtliche Grundlage im Kundenkontakt im Beruf Detailhandelsfachfrau/Detailhandelsfachmann EFZ am besten?,Rechte und Pflichten von Kunde und Geschäft beachten,Recht ignorieren im konkreten Auftrag,falsche Rechtsauskunft geben im üblichen Arbeitsumfeld,Fristen erfinden im laufenden Tagesgeschäft,A,Rechtssicherheit ist Teil professioneller Beratung.,"Bildungsplan Detailhandelsfachfrau/Detailhandelsfachmann EFZ, BDS/SBFI",https://www.bds-fcs.ch/de/Digitale-Medien/Download-Center?download=17
detailhandel,Detailhandelsfachfrau/Detailhandelsfachmann EFZ,dh_l05,HKB a,L05,Schwierige Kundensituationen und Konflikte,medium,single_choice,Worauf muss man beim Thema rechtliche Grundlage im Kundenkontakt in der Praxis besonders achten?,Recht ignorieren im üblichen Berufsalltag,Rechte und Pflichten von Kunde und Geschäft beachten,falsche Rechtsauskunft geben unter typischen Arbeitsbedingungen,Fristen erfinden nach gängiger Praxis,B,Rechtssicherheit ist Teil professioneller Beratung.,"Bildungsplan Detailhandelsfachfrau/Detailhandelsfachmann EFZ, BDS/SBFI",https://www.bds-fcs.ch/de/Digitale-Medien/Download-Center?download=17
detailhandel,Detailhandelsfachfrau/Detailhandelsfachmann EFZ,dh_l05,HKB a,L05,Schwierige Kundensituationen und Konflikte,hard,single_choice,Welche Aussage zum Thema rechtliche Grundlage im Kundenkontakt ist fachlich korrekt?,Recht ignorieren im üblichen Arbeitsumfeld,falsche Rechtsauskunft geben bei sachgemässem Ablauf,Rechte und Pflichten von Kunde und Geschäft beachten,Fristen erfinden im normalen Praxisalltag,C,Rechtssicherheit ist Teil professioneller Beratung.,"Bildungsplan Detailhandelsfachfrau/Detailhandelsfachmann EFZ, BDS/SBFI",https://www.bds-fcs.ch/de/Digitale-Medien/Download-Center?download=17
detailhandel,Detailhandelsfachfrau/Detailhandelsfachmann EFZ,dh_l05,HKB a,L05,Schwierige Kundensituationen und Konflikte,easy,single_choice,Welche Aussage beschreibt das Thema Stress in Kundengesprächen im Beruf Detailhandelsfachfrau/Detailhandelsfachmann EFZ am besten?,impulsiv reagieren im Rahmen der Routine,Kunden persönlich nehmen bei vergleichbaren Aufgaben,Pausen nie nutzen unter typischen Arbeitsbedingungen,eigene Reaktion wahrnehmen und professionell bleiben,D,Selbstkompetenz hilft in belastenden Situationen.,"Bildungsplan Detailhandelsfachfrau/Detailhandelsfachmann EFZ, BDS/SBFI",https://www.bds-fcs.ch/de/Digitale-Medien/Download-Center?download=17
detailhandel,Detailhandelsfachfrau/Detailhandelsfachmann EFZ,dh_l05,HKB a,L05,Schwierige Kundensituationen und Konflikte,medium,single_choice,Worauf muss man beim Thema Stress in Kundengesprächen in der Praxis besonders achten?,eigene Reaktion wahrnehmen und professionell bleiben,impulsiv reagieren im normalen Betriebsablauf,Kunden persönlich nehmen bei sachgemässer Ausführung,Pausen nie nutzen bei sachgemässem Ablauf,A,Selbstkompetenz hilft in belastenden Situationen.,"Bildungsplan Detailhandelsfachfrau/Detailhandelsfachmann EFZ, BDS/SBFI",https://www.bds-fcs.ch/de/Digitale-Medien/Download-Center?download=17
detailhandel,Detailhandelsfachfrau/Detailhandelsfachmann EFZ,dh_l05,HKB a,L05,Schwierige Kundensituationen und Konflikte,hard,single_choice,Welche Aussage zum Thema Stress in Kundengesprächen ist fachlich korrekt?,impulsiv reagieren im konkreten Auftrag,eigene Reaktion wahrnehmen und professionell bleiben,Kunden persönlich nehmen im laufenden Tagesgeschäft,Pausen nie nutzen bei vergleichbaren Aufgaben,B,Selbstkompetenz hilft in belastenden Situationen.,"Bildungsplan Detailhandelsfachfrau/Detailhandelsfachmann EFZ, BDS/SBFI",https://www.bds-fcs.ch/de/Digitale-Medien/Download-Center?download=17
detailhandel,Detailhandelsfachfrau/Detailhandelsfachmann EFZ,dh_l06,HKB b,L06,"Warenannahme, Lager und Inventur",easy,single_choice,Welche Aussage beschreibt das Thema Warenannahme im Beruf Detailhandelsfachfrau/Detailhandelsfachmann EFZ am besten?,Ware blind einlagern im üblichen Berufsalltag,Mängel ignorieren bei sachgemässer Ausführung,"Menge, Qualität und Lieferpapiere kontrollieren",Lieferschein wegwerfen nach gängiger Praxis,C,Warenannahme sichert korrekten Bestand.,"Bildungsplan Detailhandelsfachfrau/Detailhandelsfachmann EFZ, BDS/SBFI",https://www.bds-fcs.ch/de/Digitale-Medien/Download-Center?download=17
detailhandel,Detailhandelsfachfrau/Detailhandelsfachmann EFZ,dh_l06,HKB b,L06,"Warenannahme, Lager und Inventur",medium,single_choice,Worauf muss man beim Thema Warenannahme in der Praxis besonders achten?,Ware blind einlagern im üblichen Arbeitsumfeld,Mängel ignorieren im laufenden Tagesgeschäft,Lieferschein wegwerfen im normalen Praxisalltag,"Menge, Qualität und Lieferpapiere kontrollieren",D,Warenannahme sichert korrekten Bestand.,"Bildungsplan Detailhandelsfachfrau/Detailhandelsfachmann EFZ, BDS/SBFI",https://www.bds-fcs.ch/de/Digitale-Medien/Download-Center?download=17
detailhandel,Detailhandelsfachfrau/Detailhandelsfachmann EFZ,dh_l06,HKB b,L06,"Warenannahme, Lager und Inventur",hard,single_choice,Welche Aussage zum Thema Warenannahme ist fachlich korrekt?,"Menge, Qualität und Lieferpapiere kontrollieren",Ware blind einlagern unter typischen Arbeitsbedingungen,Mängel ignorieren nach gängiger Praxis,Lieferschein wegwerfen im Rahmen der Routine,A,Warenannahme sichert korrekten Bestand.,"Bildungsplan Detailhandelsfachfrau/Detailhandelsfachmann EFZ, BDS/SBFI",https://www.bds-fcs.ch/de/Digitale-Medien/Download-Center?download=17
detailhandel,Detailhandelsfachfrau/Detailhandelsfachmann EFZ,dh_l06,HKB b,L06,"Warenannahme, Lager und Inventur",easy,single_choice,Welche Aussage beschreibt das Thema Mängelmeldung im Beruf Detailhandelsfachfrau/Detailhandelsfachmann EFZ am besten?,Mangel vertuschen bei sachgemässem Ablauf bei sachgemässer Ausführung,Abweichungen dokumentieren und zuständige Stellen informieren,Fotos nie machen im normalen Praxisalltag im üblichen Berufsalltag,Fristen verpassen im normalen Betriebsablauf,B,Dokumentation ist wichtig für Reklamationen beim Lieferanten.,"Bildungsplan Detailhandelsfachfrau/Detailhandelsfachmann EFZ, BDS/SBFI",https://www.bds-fcs.ch/de/Digitale-Medien/Download-Center?download=17
detailhandel,Detailhandelsfachfrau/Detailhandelsfachmann EFZ,dh_l06,HKB b,L06,"Warenannahme, Lager und Inventur",medium,single_choice,Worauf muss man beim Thema Mängelmeldung in der Praxis besonders achten?,Mangel vertuschen bei vergleichbaren Aufgaben,Fotos nie machen im Rahmen der Routine im laufenden Tagesgeschäft,Abweichungen dokumentieren und zuständige Stellen informieren,Fristen verpassen im konkreten Auftrag im üblichen Arbeitsumfeld,C,Dokumentation ist wichtig für Reklamationen beim Lieferanten.,"Bildungsplan Detailhandelsfachfrau/Detailhandelsfachmann EFZ, BDS/SBFI",https://www.bds-fcs.ch/de/Digitale-Medien/Download-Center?download=17
detailhandel,Detailhandelsfachfrau/Detailhandelsfachmann EFZ,dh_l06,HKB b,L06,"Warenannahme, Lager und Inventur",hard,single_choice,Welche Aussage zum Thema Mängelmeldung ist fachlich korrekt?,Mangel vertuschen bei sachgemässer Ausführung,Fotos nie machen im normalen Betriebsablauf,Fristen verpassen im üblichen Berufsalltag nach gängiger Praxis,Abweichungen dokumentieren und zuständige Stellen informieren,D,Dokumentation ist wichtig für Reklamationen beim Lieferanten.,"Bildungsplan Detailhandelsfachfrau/Detailhandelsfachmann EFZ, BDS/SBFI",https://www.bds-fcs.ch/de/Digitale-Medien/Download-Center?download=17
detailhandel,Detailhandelsfachfrau/Detailhandelsfachmann EFZ,dh_l06,HKB b,L06,"Warenannahme, Lager und Inventur",easy,single_choice,Welche Aussage beschreibt das Thema Sortierung im Beruf Detailhandelsfachfrau/Detailhandelsfachmann EFZ am besten?,"Waren nach Sortiment, Lagerort und Priorität ordnen",alles beliebig stapeln im laufenden Tagesgeschäft,verderbliche Ware hinten lagern im üblichen Arbeitsumfeld,Gefahrgut ignorieren im konkreten Auftrag,A,Sortierung unterstützt effiziente Warenflüsse.,"Bildungsplan Detailhandelsfachfrau/Detailhandelsfachmann EFZ, BDS/SBFI",https://www.bds-fcs.ch/de/Digitale-Medien/Download-Center?download=17
detailhandel,Detailhandelsfachfrau/Detailhandelsfachmann EFZ,dh_l06,HKB b,L06,"Warenannahme, Lager und Inventur",medium,single_choice,Worauf muss man beim Thema Sortierung in der Praxis besonders achten?,alles beliebig stapeln nach gängiger Praxis,"Waren nach Sortiment, Lagerort und Priorität ordnen",verderbliche Ware hinten lagern unter typischen Arbeitsbedingungen,Gefahrgut ignorieren im üblichen Berufsalltag,B,Sortierung unterstützt effiziente Warenflüsse.,"Bildungsplan Detailhandelsfachfrau/Detailhandelsfachmann EFZ, BDS/SBFI",https://www.bds-fcs.ch/de/Digitale-Medien/Download-Center?download=17
detailhandel,Detailhandelsfachfrau/Detailhandelsfachmann EFZ,dh_l06,HKB b,L06,"Warenannahme, Lager und Inventur",hard,single_choice,Welche Aussage zum Thema Sortierung ist fachlich korrekt?,alles beliebig stapeln im normalen Praxisalltag,verderbliche Ware hinten lagern bei sachgemässem Ablauf,"Waren nach Sortiment, Lagerort und Priorität ordnen",Gefahrgut ignorieren im üblichen Arbeitsumfeld,C,Sortierung unterstützt effiziente Warenflüsse.,"Bildungsplan Detailhandelsfachfrau/Detailhandelsfachmann EFZ, BDS/SBFI",https://www.bds-fcs.ch/de/Digitale-Medien/Download-Center?download=17
detailhandel,Detailhandelsfachfrau/Detailhandelsfachmann EFZ,dh_l06,HKB b,L06,"Warenannahme, Lager und Inventur",easy,single_choice,Welche Aussage beschreibt das Thema Auszeichnung im Beruf Detailhandelsfachfrau/Detailhandelsfachmann EFZ am besten?,falsche Preise kleben unter typischen Arbeitsbedingungen,Etiketten unleserlich lassen bei vergleichbaren Aufgaben,Aktionen nicht anpassen im Rahmen der Routine,"Preise, Artikelnummern und Informationen korrekt anbringen",D,Korrekte Auszeichnung schützt Kunden und Betrieb.,"Bildungsplan Detailhandelsfachfrau/Detailhandelsfachmann EFZ, BDS/SBFI",https://www.bds-fcs.ch/de/Digitale-Medien/Download-Center?download=17
detailhandel,Detailhandelsfachfrau/Detailhandelsfachmann EFZ,dh_l06,HKB b,L06,"Warenannahme, Lager und Inventur",medium,single_choice,Worauf muss man beim Thema Auszeichnung in der Praxis besonders achten?,"Preise, Artikelnummern und Informationen korrekt anbringen",falsche Preise kleben bei sachgemässem Ablauf,Etiketten unleserlich lassen bei sachgemässer Ausführung,Aktionen nicht anpassen im normalen Betriebsablauf,A,Korrekte Auszeichnung schützt Kunden und Betrieb.,"Bildungsplan Detailhandelsfachfrau/Detailhandelsfachmann EFZ, BDS/SBFI",https://www.bds-fcs.ch/de/Digitale-Medien/Download-Center?download=17
detailhandel,Detailhandelsfachfrau/Detailhandelsfachmann EFZ,dh_l06,HKB b,L06,"Warenannahme, Lager und Inventur",hard,single_choice,Welche Aussage zum Thema Auszeichnung ist fachlich korrekt?,falsche Preise kleben bei vergleichbaren Aufgaben,"Preise, Artikelnummern und Informationen korrekt anbringen",Etiketten unleserlich lassen im laufenden Tagesgeschäft,Aktionen nicht anpassen im konkreten Auftrag,B,Korrekte Auszeichnung schützt Kunden und Betrieb.,"Bildungsplan Detailhandelsfachfrau/Detailhandelsfachmann EFZ, BDS/SBFI",https://www.bds-fcs.ch/de/Digitale-Medien/Download-Center?download=17
detailhandel,Detailhandelsfachfrau/Detailhandelsfachmann EFZ,dh_l06,HKB b,L06,"Warenannahme, Lager und Inventur",easy,single_choice,Welche Aussage beschreibt das Thema Lagerverwaltung im Beruf Detailhandelsfachfrau/Detailhandelsfachmann EFZ am besten?,Bestände nie buchen bei sachgemässer Ausführung,Ware ohne Standort lagern nach gängiger Praxis,"Bestände aktuell, übersichtlich und systemkonform führen",Dubletten ignorieren im üblichen Berufsalltag,C,Lagerdaten beeinflussen Verkauf und Nachbestellung.,"Bildungsplan Detailhandelsfachfrau/Detailhandelsfachmann EFZ, BDS/SBFI",https://www.bds-fcs.ch/de/Digitale-Medien/Download-Center?download=17
detailhandel,Detailhandelsfachfrau/Detailhandelsfachmann EFZ,dh_l06,HKB b,L06,"Warenannahme, Lager und Inventur",medium,single_choice,Worauf muss man beim Thema Lagerverwaltung in der Praxis besonders achten?,Bestände nie buchen im laufenden Tagesgeschäft,Ware ohne Standort lagern im normalen Praxisalltag,Dubletten ignorieren im üblichen Arbeitsumfeld,"Bestände aktuell, übersichtlich und systemkonform führen",D,Lagerdaten beeinflussen Verkauf und Nachbestellung.,"Bildungsplan Detailhandelsfachfrau/Detailhandelsfachmann EFZ, BDS/SBFI",https://www.bds-fcs.ch/de/Digitale-Medien/Download-Center?download=17
detailhandel,Detailhandelsfachfrau/Detailhandelsfachmann EFZ,dh_l06,HKB b,L06,"Warenannahme, Lager und Inventur",hard,single_choice,Welche Aussage zum Thema Lagerverwaltung ist fachlich korrekt?,"Bestände aktuell, übersichtlich und systemkonform führen",Bestände nie buchen nach gängiger Praxis,Ware ohne Standort lagern im Rahmen der Routine,Dubletten ignorieren unter typischen Arbeitsbedingungen,A,Lagerdaten beeinflussen Verkauf und Nachbestellung.,"Bildungsplan Detailhandelsfachfrau/Detailhandelsfachmann EFZ, BDS/SBFI",https://www.bds-fcs.ch/de/Digitale-Medien/Download-Center?download=17
detailhandel,Detailhandelsfachfrau/Detailhandelsfachmann EFZ,dh_l06,HKB b,L06,"Warenannahme, Lager und Inventur",easy,single_choice,Welche Aussage beschreibt das Thema Inventur im Beruf Detailhandelsfachfrau/Detailhandelsfachmann EFZ am besten?,Schätzwerte eintragen bei sachgemässem Ablauf,"Bestände zählen, Abweichungen erfassen und Ursachen prüfen",Differenzen ignorieren im normalen Betriebsablauf,Zählregeln wechseln im normalen Praxisalltag bei sachgemässer Ausführung,B,Inventur liefert verlässliche Bestandswerte.,"Bildungsplan Detailhandelsfachfrau/Detailhandelsfachmann EFZ, BDS/SBFI",https://www.bds-fcs.ch/de/Digitale-Medien/Download-Center?download=17
detailhandel,Detailhandelsfachfrau/Detailhandelsfachmann EFZ,dh_l06,HKB b,L06,"Warenannahme, Lager und Inventur",medium,single_choice,Worauf muss man beim Thema Inventur in der Praxis besonders achten?,Schätzwerte eintragen bei vergleichbaren Aufgaben,Differenzen ignorieren im konkreten Auftrag,"Bestände zählen, Abweichungen erfassen und Ursachen prüfen",Zählregeln wechseln im Rahmen der Routine im laufenden Tagesgeschäft,C,Inventur liefert verlässliche Bestandswerte.,"Bildungsplan Detailhandelsfachfrau/Detailhandelsfachmann EFZ, BDS/SBFI",https://www.bds-fcs.ch/de/Digitale-Medien/Download-Center?download=17
detailhandel,Detailhandelsfachfrau/Detailhandelsfachmann EFZ,dh_l06,HKB b,L06,"Warenannahme, Lager und Inventur",hard,single_choice,Welche Aussage zum Thema Inventur ist fachlich korrekt?,Schätzwerte eintragen bei sachgemässer Ausführung,Differenzen ignorieren im üblichen Berufsalltag,Zählregeln wechseln im normalen Betriebsablauf,"Bestände zählen, Abweichungen erfassen und Ursachen prüfen",D,Inventur liefert verlässliche Bestandswerte.,"Bildungsplan Detailhandelsfachfrau/Detailhandelsfachmann EFZ, BDS/SBFI",https://www.bds-fcs.ch/de/Digitale-Medien/Download-Center?download=17
detailhandel,Detailhandelsfachfrau/Detailhandelsfachmann EFZ,dh_l06,HKB b,L06,"Warenannahme, Lager und Inventur",easy,single_choice,Welche Aussage beschreibt das Thema Produktlebenszyklus im Beruf Detailhandelsfachfrau/Detailhandelsfachmann EFZ am besten?,"Einführung, Wachstum, Reife und Rückgang eines Produkts verstehen",jedes Produkt ewig gleich behandeln im üblichen Arbeitsumfeld,Trends ignorieren im konkreten Auftrag im normalen Praxisalltag,Abverkauf nie planen im laufenden Tagesgeschäft,A,Lebenszyklus beeinflusst Präsentation und Beschaffung.,"Bildungsplan Detailhandelsfachfrau/Detailhandelsfachmann EFZ, BDS/SBFI",https://www.bds-fcs.ch/de/Digitale-Medien/Download-Center?download=17
detailhandel,Detailhandelsfachfrau/Detailhandelsfachmann EFZ,dh_l06,HKB b,L06,"Warenannahme, Lager und Inventur",medium,single_choice,Worauf muss man beim Thema Produktlebenszyklus in der Praxis besonders achten?,jedes Produkt ewig gleich behandeln unter typischen Arbeitsbedingungen,"Einführung, Wachstum, Reife und Rückgang eines Produkts verstehen",Trends ignorieren im üblichen Berufsalltag bei vergleichbaren Aufgaben,Abverkauf nie planen nach gängiger Praxis im Rahmen der Routine,B,Lebenszyklus beeinflusst Präsentation und Beschaffung.,"Bildungsplan Detailhandelsfachfrau/Detailhandelsfachmann EFZ, BDS/SBFI",https://www.bds-fcs.ch/de/Digitale-Medien/Download-Center?download=17
detailhandel,Detailhandelsfachfrau/Detailhandelsfachmann EFZ,dh_l06,HKB b,L06,"Warenannahme, Lager und Inventur",hard,single_choice,Welche Aussage zum Thema Produktlebenszyklus ist fachlich korrekt?,jedes Produkt ewig gleich behandeln bei sachgemässem Ablauf,Trends ignorieren im üblichen Arbeitsumfeld im normalen Betriebsablauf,"Einführung, Wachstum, Reife und Rückgang eines Produkts verstehen",Abverkauf nie planen im normalen Praxisalltag bei sachgemässer Ausführung,C,Lebenszyklus beeinflusst Präsentation und Beschaffung.,"Bildungsplan Detailhandelsfachfrau/Detailhandelsfachmann EFZ, BDS/SBFI",https://www.bds-fcs.ch/de/Digitale-Medien/Download-Center?download=17
detailhandel,Detailhandelsfachfrau/Detailhandelsfachmann EFZ,dh_l06,HKB b,L06,"Warenannahme, Lager und Inventur",easy,single_choice,Welche Aussage beschreibt das Thema Warenausgang im Beruf Detailhandelsfachfrau/Detailhandelsfachmann EFZ am besten?,falsche Ware senden im Rahmen der Routine,Belege weglassen unter typischen Arbeitsbedingungen,Verpackung ignorieren bei vergleichbaren Aufgaben,"Lieferung, Reservation oder Versand korrekt vorbereiten",D,Warenausgang muss kunden- und prozesssicher sein.,"Bildungsplan Detailhandelsfachfrau/Detailhandelsfachmann EFZ, BDS/SBFI",https://www.bds-fcs.ch/de/Digitale-Medien/Download-Center?download=17
detailhandel,Detailhandelsfachfrau/Detailhandelsfachmann EFZ,dh_l06,HKB b,L06,"Warenannahme, Lager und Inventur",medium,single_choice,Worauf muss man beim Thema Warenausgang in der Praxis besonders achten?,"Lieferung, Reservation oder Versand korrekt vorbereiten",falsche Ware senden im normalen Betriebsablauf,Belege weglassen bei sachgemässem Ablauf,Verpackung ignorieren bei sachgemässer Ausführung,A,Warenausgang muss kunden- und prozesssicher sein.,"Bildungsplan Detailhandelsfachfrau/Detailhandelsfachmann EFZ, BDS/SBFI",https://www.bds-fcs.ch/de/Digitale-Medien/Download-Center?download=17
detailhandel,Detailhandelsfachfrau/Detailhandelsfachmann EFZ,dh_l06,HKB b,L06,"Warenannahme, Lager und Inventur",hard,single_choice,Welche Aussage zum Thema Warenausgang ist fachlich korrekt?,falsche Ware senden im konkreten Auftrag,"Lieferung, Reservation oder Versand korrekt vorbereiten",Belege weglassen bei vergleichbaren Aufgaben,Verpackung ignorieren im laufenden Tagesgeschäft,B,Warenausgang muss kunden- und prozesssicher sein.,"Bildungsplan Detailhandelsfachfrau/Detailhandelsfachmann EFZ, BDS/SBFI",https://www.bds-fcs.ch/de/Digitale-Medien/Download-Center?download=17
detailhandel,Detailhandelsfachfrau/Detailhandelsfachmann EFZ,dh_l06,HKB b,L06,"Warenannahme, Lager und Inventur",easy,single_choice,Welche Aussage beschreibt das Thema Entsorgung im Beruf Detailhandelsfachfrau/Detailhandelsfachmann EFZ am besten?,alles in Restmüll werfen nach gängiger Praxis unter typischen Arbeitsbedingungen,Gefahrstoffe mischen im üblichen Berufsalltag,Verpackung und Abfälle sortiert und ressourcenschonend entsorgen,Recycling vermeiden bei sachgemässer Ausführung,C,Nachhaltigkeit gehört zur Warenbewirtschaftung.,"Bildungsplan Detailhandelsfachfrau/Detailhandelsfachmann EFZ, BDS/SBFI",https://www.bds-fcs.ch/de/Digitale-Medien/Download-Center?download=17
detailhandel,Detailhandelsfachfrau/Detailhandelsfachmann EFZ,dh_l06,HKB b,L06,"Warenannahme, Lager und Inventur",medium,single_choice,Worauf muss man beim Thema Entsorgung in der Praxis besonders achten?,alles in Restmüll werfen im normalen Praxisalltag,Gefahrstoffe mischen im üblichen Arbeitsumfeld bei sachgemässem Ablauf,Recycling vermeiden im laufenden Tagesgeschäft,Verpackung und Abfälle sortiert und ressourcenschonend entsorgen,D,Nachhaltigkeit gehört zur Warenbewirtschaftung.,"Bildungsplan Detailhandelsfachfrau/Detailhandelsfachmann EFZ, BDS/SBFI",https://www.bds-fcs.ch/de/Digitale-Medien/Download-Center?download=17
detailhandel,Detailhandelsfachfrau/Detailhandelsfachmann EFZ,dh_l06,HKB b,L06,"Warenannahme, Lager und Inventur",hard,single_choice,Welche Aussage zum Thema Entsorgung ist fachlich korrekt?,Verpackung und Abfälle sortiert und ressourcenschonend entsorgen,alles in Restmüll werfen im Rahmen der Routine,Gefahrstoffe mischen unter typischen Arbeitsbedingungen,Recycling vermeiden nach gängiger Praxis bei vergleichbaren Aufgaben,A,Nachhaltigkeit gehört zur Warenbewirtschaftung.,"Bildungsplan Detailhandelsfachfrau/Detailhandelsfachmann EFZ, BDS/SBFI",https://www.bds-fcs.ch/de/Digitale-Medien/Download-Center?download=17
detailhandel,Detailhandelsfachfrau/Detailhandelsfachmann EFZ,dh_l06,HKB b,L06,"Warenannahme, Lager und Inventur",easy,single_choice,Welche Aussage beschreibt das Thema Arbeitssicherheit im Lager im Beruf Detailhandelsfachfrau/Detailhandelsfachmann EFZ am besten?,schwere Lasten allein heben im normalen Betriebsablauf,"Lasten, Wege und Hilfsmittel sicher handhaben",Fluchtwege zustellen im normalen Praxisalltag,Leitern falsch nutzen bei sachgemässem Ablauf,B,Lagerarbeit birgt körperliche Risiken.,"Bildungsplan Detailhandelsfachfrau/Detailhandelsfachmann EFZ, BDS/SBFI",https://www.bds-fcs.ch/de/Digitale-Medien/Download-Center?download=17
detailhandel,Detailhandelsfachfrau/Detailhandelsfachmann EFZ,dh_l06,HKB b,L06,"Warenannahme, Lager und Inventur",medium,single_choice,Worauf muss man beim Thema Arbeitssicherheit im Lager in der Praxis besonders achten?,schwere Lasten allein heben im konkreten Auftrag,Fluchtwege zustellen im Rahmen der Routine,"Lasten, Wege und Hilfsmittel sicher handhaben",Leitern falsch nutzen bei vergleichbaren Aufgaben,C,Lagerarbeit birgt körperliche Risiken.,"Bildungsplan Detailhandelsfachfrau/Detailhandelsfachmann EFZ, BDS/SBFI",https://www.bds-fcs.ch/de/Digitale-Medien/Download-Center?download=17
detailhandel,Detailhandelsfachfrau/Detailhandelsfachmann EFZ,dh_l06,HKB b,L06,"Warenannahme, Lager und Inventur",hard,single_choice,Welche Aussage zum Thema Arbeitssicherheit im Lager ist fachlich korrekt?,schwere Lasten allein heben im üblichen Berufsalltag,Fluchtwege zustellen im normalen Betriebsablauf,Leitern falsch nutzen bei sachgemässer Ausführung,"Lasten, Wege und Hilfsmittel sicher handhaben",D,Lagerarbeit birgt körperliche Risiken.,"Bildungsplan Detailhandelsfachfrau/Detailhandelsfachmann EFZ, BDS/SBFI",https://www.bds-fcs.ch/de/Digitale-Medien/Download-Center?download=17
detailhandel,Detailhandelsfachfrau/Detailhandelsfachmann EFZ,dh_l07,HKB b,L07,Bestandsmanagement und Warenfluss,easy,single_choice,Welche Aussage beschreibt das Thema Mindestbestand im Beruf Detailhandelsfachfrau/Detailhandelsfachmann EFZ am besten?,"Bestellpunkt festlegen, damit Ware rechtzeitig nachbestellt wird",Bestand auf null fallen lassen im üblichen Arbeitsumfeld,Nachfrage ignorieren im konkreten Auftrag im normalen Praxisalltag,Lieferfrist nie beachten im laufenden Tagesgeschäft,A,Mindestbestände sichern Lieferbereitschaft.,"Bildungsplan Detailhandelsfachfrau/Detailhandelsfachmann EFZ, BDS/SBFI",https://www.bds-fcs.ch/de/Digitale-Medien/Download-Center?download=17
detailhandel,Detailhandelsfachfrau/Detailhandelsfachmann EFZ,dh_l07,HKB b,L07,Bestandsmanagement und Warenfluss,medium,single_choice,Worauf muss man beim Thema Mindestbestand in der Praxis besonders achten?,Bestand auf null fallen lassen unter typischen Arbeitsbedingungen,"Bestellpunkt festlegen, damit Ware rechtzeitig nachbestellt wird",Nachfrage ignorieren im üblichen Berufsalltag,Lieferfrist nie beachten nach gängiger Praxis,B,Mindestbestände sichern Lieferbereitschaft.,"Bildungsplan Detailhandelsfachfrau/Detailhandelsfachmann EFZ, BDS/SBFI",https://www.bds-fcs.ch/de/Digitale-Medien/Download-Center?download=17
detailhandel,Detailhandelsfachfrau/Detailhandelsfachmann EFZ,dh_l07,HKB b,L07,Bestandsmanagement und Warenfluss,hard,single_choice,Welche Aussage zum Thema Mindestbestand ist fachlich korrekt?,Bestand auf null fallen lassen bei sachgemässem Ablauf,Nachfrage ignorieren im üblichen Arbeitsumfeld im normalen Betriebsablauf,"Bestellpunkt festlegen, damit Ware rechtzeitig nachbestellt wird",Lieferfrist nie beachten im normalen Praxisalltag,C,Mindestbestände sichern Lieferbereitschaft.,"Bildungsplan Detailhandelsfachfrau/Detailhandelsfachmann EFZ, BDS/SBFI",https://www.bds-fcs.ch/de/Digitale-Medien/Download-Center?download=17
detailhandel,Detailhandelsfachfrau/Detailhandelsfachmann EFZ,dh_l07,HKB b,L07,Bestandsmanagement und Warenfluss,easy,single_choice,Welche Aussage beschreibt das Thema Lagerumschlag im Beruf Detailhandelsfachfrau/Detailhandelsfachmann EFZ am besten?,misst Kundenzufriedenheit direkt bei vergleichbaren Aufgaben,ist immer null unter typischen Arbeitsbedingungen im laufenden Tagesgeschäft,ersetzt Inventur im Rahmen der Routine im konkreten Auftrag,"zeigt, wie oft der Bestand in einer Periode verkauft oder erneuert wird",D,"Kennzahlen helfen, Bestände wirtschaftlich zu steuern.","Bildungsplan Detailhandelsfachfrau/Detailhandelsfachmann EFZ, BDS/SBFI",https://www.bds-fcs.ch/de/Digitale-Medien/Download-Center?download=17
detailhandel,Detailhandelsfachfrau/Detailhandelsfachmann EFZ,dh_l07,HKB b,L07,Bestandsmanagement und Warenfluss,medium,single_choice,Worauf muss man beim Thema Lagerumschlag in der Praxis besonders achten?,"zeigt, wie oft der Bestand in einer Periode verkauft oder erneuert wird",misst Kundenzufriedenheit direkt bei sachgemässer Ausführung,ist immer null bei sachgemässem Ablauf im üblichen Berufsalltag,ersetzt Inventur im normalen Betriebsablauf nach gängiger Praxis,A,"Kennzahlen helfen, Bestände wirtschaftlich zu steuern.","Bildungsplan Detailhandelsfachfrau/Detailhandelsfachmann EFZ, BDS/SBFI",https://www.bds-fcs.ch/de/Digitale-Medien/Download-Center?download=17
detailhandel,Detailhandelsfachfrau/Detailhandelsfachmann EFZ,dh_l07,HKB b,L07,Bestandsmanagement und Warenfluss,hard,single_choice,Welche Aussage zum Thema Lagerumschlag ist fachlich korrekt?,misst Kundenzufriedenheit direkt im laufenden Tagesgeschäft,"zeigt, wie oft der Bestand in einer Periode verkauft oder erneuert wird",ist immer null bei vergleichbaren Aufgaben im normalen Praxisalltag,ersetzt Inventur im konkreten Auftrag im üblichen Arbeitsumfeld,B,"Kennzahlen helfen, Bestände wirtschaftlich zu steuern.","Bildungsplan Detailhandelsfachfrau/Detailhandelsfachmann EFZ, BDS/SBFI",https://www.bds-fcs.ch/de/Digitale-Medien/Download-Center?download=17
detailhandel,Detailhandelsfachfrau/Detailhandelsfachmann EFZ,dh_l07,HKB b,L07,Bestandsmanagement und Warenfluss,easy,single_choice,Welche Aussage beschreibt das Thema Überbestand im Beruf Detailhandelsfachfrau/Detailhandelsfachmann EFZ am besten?,ist immer gut bei sachgemässer Ausführung,senkt Lagerkosten automatisch im üblichen Berufsalltag,bindet Kapital und erhöht Risiko von Abschriften,macht Sortimentspflege unnötig nach gängiger Praxis,C,Zu hohe Bestände verursachen Kosten.,"Bildungsplan Detailhandelsfachfrau/Detailhandelsfachmann EFZ, BDS/SBFI",https://www.bds-fcs.ch/de/Digitale-Medien/Download-Center?download=17
detailhandel,Detailhandelsfachfrau/Detailhandelsfachmann EFZ,dh_l07,HKB b,L07,Bestandsmanagement und Warenfluss,medium,single_choice,Worauf muss man beim Thema Überbestand in der Praxis besonders achten?,ist immer gut im laufenden Tagesgeschäft,senkt Lagerkosten automatisch im üblichen Arbeitsumfeld,macht Sortimentspflege unnötig im normalen Praxisalltag,bindet Kapital und erhöht Risiko von Abschriften,D,Zu hohe Bestände verursachen Kosten.,"Bildungsplan Detailhandelsfachfrau/Detailhandelsfachmann EFZ, BDS/SBFI",https://www.bds-fcs.ch/de/Digitale-Medien/Download-Center?download=17
detailhandel,Detailhandelsfachfrau/Detailhandelsfachmann EFZ,dh_l07,HKB b,L07,Bestandsmanagement und Warenfluss,hard,single_choice,Welche Aussage zum Thema Überbestand ist fachlich korrekt?,bindet Kapital und erhöht Risiko von Abschriften,ist immer gut nach gängiger Praxis,senkt Lagerkosten automatisch unter typischen Arbeitsbedingungen,macht Sortimentspflege unnötig im Rahmen der Routine,A,Zu hohe Bestände verursachen Kosten.,"Bildungsplan Detailhandelsfachfrau/Detailhandelsfachmann EFZ, BDS/SBFI",https://www.bds-fcs.ch/de/Digitale-Medien/Download-Center?download=17
detailhandel,Detailhandelsfachfrau/Detailhandelsfachmann EFZ,dh_l07,HKB b,L07,Bestandsmanagement und Warenfluss,easy,single_choice,Welche Aussage beschreibt das Thema Fehlbestand im Beruf Detailhandelsfachfrau/Detailhandelsfachmann EFZ am besten?,ist nie problematisch bei sachgemässem Ablauf,führt zu verpassten Verkäufen und unzufriedenen Kunden,verbessert Service im normalen Praxisalltag,ersetzt Nachbestellung im normalen Betriebsablauf,B,Nicht verfügbare Ware schadet Umsatz und Vertrauen.,"Bildungsplan Detailhandelsfachfrau/Detailhandelsfachmann EFZ, BDS/SBFI",https://www.bds-fcs.ch/de/Digitale-Medien/Download-Center?download=17
detailhandel,Detailhandelsfachfrau/Detailhandelsfachmann EFZ,dh_l07,HKB b,L07,Bestandsmanagement und Warenfluss,medium,single_choice,Worauf muss man beim Thema Fehlbestand in der Praxis besonders achten?,ist nie problematisch bei vergleichbaren Aufgaben,verbessert Service im Rahmen der Routine,führt zu verpassten Verkäufen und unzufriedenen Kunden,ersetzt Nachbestellung im konkreten Auftrag,C,Nicht verfügbare Ware schadet Umsatz und Vertrauen.,"Bildungsplan Detailhandelsfachfrau/Detailhandelsfachmann EFZ, BDS/SBFI",https://www.bds-fcs.ch/de/Digitale-Medien/Download-Center?download=17
detailhandel,Detailhandelsfachfrau/Detailhandelsfachmann EFZ,dh_l07,HKB b,L07,Bestandsmanagement und Warenfluss,hard,single_choice,Welche Aussage zum Thema Fehlbestand ist fachlich korrekt?,ist nie problematisch bei sachgemässer Ausführung,verbessert Service im normalen Betriebsablauf,ersetzt Nachbestellung im üblichen Berufsalltag,führt zu verpassten Verkäufen und unzufriedenen Kunden,D,Nicht verfügbare Ware schadet Umsatz und Vertrauen.,"Bildungsplan Detailhandelsfachfrau/Detailhandelsfachmann EFZ, BDS/SBFI",https://www.bds-fcs.ch/de/Digitale-Medien/Download-Center?download=17
detailhandel,Detailhandelsfachfrau/Detailhandelsfachmann EFZ,dh_l07,HKB b,L07,Bestandsmanagement und Warenfluss,easy,single_choice,Welche Aussage beschreibt das Thema FIFO im Beruf Detailhandelsfachfrau/Detailhandelsfachmann EFZ am besten?,ältere Ware wird zuerst verkauft oder verwendet,neueste Ware immer zuerst im üblichen Arbeitsumfeld,Datum ignorieren im konkreten Auftrag,Ware zufällig entnehmen im laufenden Tagesgeschäft,A,FIFO ist besonders bei verderblicher oder saisonaler Ware wichtig.,"Bildungsplan Detailhandelsfachfrau/Detailhandelsfachmann EFZ, BDS/SBFI",https://www.bds-fcs.ch/de/Digitale-Medien/Download-Center?download=17
detailhandel,Detailhandelsfachfrau/Detailhandelsfachmann EFZ,dh_l07,HKB b,L07,Bestandsmanagement und Warenfluss,medium,single_choice,Worauf muss man beim Thema FIFO in der Praxis besonders achten?,neueste Ware immer zuerst unter typischen Arbeitsbedingungen,ältere Ware wird zuerst verkauft oder verwendet,Datum ignorieren im üblichen Berufsalltag,Ware zufällig entnehmen nach gängiger Praxis,B,FIFO ist besonders bei verderblicher oder saisonaler Ware wichtig.,"Bildungsplan Detailhandelsfachfrau/Detailhandelsfachmann EFZ, BDS/SBFI",https://www.bds-fcs.ch/de/Digitale-Medien/Download-Center?download=17
detailhandel,Detailhandelsfachfrau/Detailhandelsfachmann EFZ,dh_l07,HKB b,L07,Bestandsmanagement und Warenfluss,hard,single_choice,Welche Aussage zum Thema FIFO ist fachlich korrekt?,neueste Ware immer zuerst bei sachgemässem Ablauf,Datum ignorieren im üblichen Arbeitsumfeld,ältere Ware wird zuerst verkauft oder verwendet,Ware zufällig entnehmen im normalen Praxisalltag,C,FIFO ist besonders bei verderblicher oder saisonaler Ware wichtig.,"Bildungsplan Detailhandelsfachfrau/Detailhandelsfachmann EFZ, BDS/SBFI",https://www.bds-fcs.ch/de/Digitale-Medien/Download-Center?download=17
detailhandel,Detailhandelsfachfrau/Detailhandelsfachmann EFZ,dh_l07,HKB b,L07,Bestandsmanagement und Warenfluss,easy,single_choice,Welche Aussage beschreibt das Thema Lagerkennzahl im Beruf Detailhandelsfachfrau/Detailhandelsfachmann EFZ am besten?,Zahlen ohne Kontext übernehmen bei vergleichbaren Aufgaben,Kennzahlen nie vergleichen im Rahmen der Routine,Datenqualität ignorieren unter typischen Arbeitsbedingungen,Bestandsdaten auswerten und für Entscheidungen nutzen,D,Kennzahlen unterstützen Warenbewirtschaftung.,"Bildungsplan Detailhandelsfachfrau/Detailhandelsfachmann EFZ, BDS/SBFI",https://www.bds-fcs.ch/de/Digitale-Medien/Download-Center?download=17
detailhandel,Detailhandelsfachfrau/Detailhandelsfachmann EFZ,dh_l07,HKB b,L07,Bestandsmanagement und Warenfluss,medium,single_choice,Worauf muss man beim Thema Lagerkennzahl in der Praxis besonders achten?,Bestandsdaten auswerten und für Entscheidungen nutzen,Zahlen ohne Kontext übernehmen bei sachgemässer Ausführung,Kennzahlen nie vergleichen im normalen Betriebsablauf,Datenqualität ignorieren bei sachgemässem Ablauf,A,Kennzahlen unterstützen Warenbewirtschaftung.,"Bildungsplan Detailhandelsfachfrau/Detailhandelsfachmann EFZ, BDS/SBFI",https://www.bds-fcs.ch/de/Digitale-Medien/Download-Center?download=17
detailhandel,Detailhandelsfachfrau/Detailhandelsfachmann EFZ,dh_l07,HKB b,L07,Bestandsmanagement und Warenfluss,hard,single_choice,Welche Aussage zum Thema Lagerkennzahl ist fachlich korrekt?,Zahlen ohne Kontext übernehmen im laufenden Tagesgeschäft,Bestandsdaten auswerten und für Entscheidungen nutzen,Kennzahlen nie vergleichen im konkreten Auftrag,Datenqualität ignorieren bei vergleichbaren Aufgaben,B,Kennzahlen unterstützen Warenbewirtschaftung.,"Bildungsplan Detailhandelsfachfrau/Detailhandelsfachmann EFZ, BDS/SBFI",https://www.bds-fcs.ch/de/Digitale-Medien/Download-Center?download=17
detailhandel,Detailhandelsfachfrau/Detailhandelsfachmann EFZ,dh_l07,HKB b,L07,Bestandsmanagement und Warenfluss,easy,single_choice,Welche Aussage beschreibt das Thema Diebstahlprävention im Beruf Detailhandelsfachfrau/Detailhandelsfachmann EFZ am besten?,Sicherung immer entfernen bei sachgemässer Ausführung,Risikoartikel verstecken ohne Konzept nach gängiger Praxis,"Warenplatzierung, Aufmerksamkeit und Sicherungen gezielt einsetzen",Verdacht öffentlich eskalieren im üblichen Berufsalltag,C,Prävention schützt Bestand und Sicherheit.,"Bildungsplan Detailhandelsfachfrau/Detailhandelsfachmann EFZ, BDS/SBFI",https://www.bds-fcs.ch/de/Digitale-Medien/Download-Center?download=17
detailhandel,Detailhandelsfachfrau/Detailhandelsfachmann EFZ,dh_l07,HKB b,L07,Bestandsmanagement und Warenfluss,medium,single_choice,Worauf muss man beim Thema Diebstahlprävention in der Praxis besonders achten?,Sicherung immer entfernen im laufenden Tagesgeschäft,Risikoartikel verstecken ohne Konzept im normalen Praxisalltag,Verdacht öffentlich eskalieren im üblichen Arbeitsumfeld,"Warenplatzierung, Aufmerksamkeit und Sicherungen gezielt einsetzen",D,Prävention schützt Bestand und Sicherheit.,"Bildungsplan Detailhandelsfachfrau/Detailhandelsfachmann EFZ, BDS/SBFI",https://www.bds-fcs.ch/de/Digitale-Medien/Download-Center?download=17
detailhandel,Detailhandelsfachfrau/Detailhandelsfachmann EFZ,dh_l07,HKB b,L07,Bestandsmanagement und Warenfluss,hard,single_choice,Welche Aussage zum Thema Diebstahlprävention ist fachlich korrekt?,"Warenplatzierung, Aufmerksamkeit und Sicherungen gezielt einsetzen",Sicherung immer entfernen nach gängiger Praxis bei vergleichbaren Aufgaben,Risikoartikel verstecken ohne Konzept im Rahmen der Routine,Verdacht öffentlich eskalieren unter typischen Arbeitsbedingungen,A,Prävention schützt Bestand und Sicherheit.,"Bildungsplan Detailhandelsfachfrau/Detailhandelsfachmann EFZ, BDS/SBFI",https://www.bds-fcs.ch/de/Digitale-Medien/Download-Center?download=17
detailhandel,Detailhandelsfachfrau/Detailhandelsfachmann EFZ,dh_l07,HKB b,L07,Bestandsmanagement und Warenfluss,easy,single_choice,Welche Aussage beschreibt das Thema Warendifferenz im Beruf Detailhandelsfachfrau/Detailhandelsfachmann EFZ am besten?,Differenz löschen im normalen Praxisalltag,Abweichungen zwischen Soll- und Istbestand analysieren,Ursache nie suchen bei sachgemässem Ablauf,alle Abweichungen akzeptieren im normalen Betriebsablauf,B,"Differenzen können durch Fehler, Bruch oder Diebstahl entstehen.","Bildungsplan Detailhandelsfachfrau/Detailhandelsfachmann EFZ, BDS/SBFI",https://www.bds-fcs.ch/de/Digitale-Medien/Download-Center?download=17
detailhandel,Detailhandelsfachfrau/Detailhandelsfachmann EFZ,dh_l07,HKB b,L07,Bestandsmanagement und Warenfluss,medium,single_choice,Worauf muss man beim Thema Warendifferenz in der Praxis besonders achten?,Differenz löschen im Rahmen der Routine,Ursache nie suchen bei vergleichbaren Aufgaben,Abweichungen zwischen Soll- und Istbestand analysieren,alle Abweichungen akzeptieren im konkreten Auftrag,C,"Differenzen können durch Fehler, Bruch oder Diebstahl entstehen.","Bildungsplan Detailhandelsfachfrau/Detailhandelsfachmann EFZ, BDS/SBFI",https://www.bds-fcs.ch/de/Digitale-Medien/Download-Center?download=17
detailhandel,Detailhandelsfachfrau/Detailhandelsfachmann EFZ,dh_l07,HKB b,L07,Bestandsmanagement und Warenfluss,hard,single_choice,Welche Aussage zum Thema Warendifferenz ist fachlich korrekt?,Differenz löschen im normalen Betriebsablauf,Ursache nie suchen bei sachgemässer Ausführung,alle Abweichungen akzeptieren im üblichen Berufsalltag,Abweichungen zwischen Soll- und Istbestand analysieren,D,"Differenzen können durch Fehler, Bruch oder Diebstahl entstehen.","Bildungsplan Detailhandelsfachfrau/Detailhandelsfachmann EFZ, BDS/SBFI",https://www.bds-fcs.ch/de/Digitale-Medien/Download-Center?download=17
detailhandel,Detailhandelsfachfrau/Detailhandelsfachmann EFZ,dh_l07,HKB b,L07,Bestandsmanagement und Warenfluss,easy,single_choice,Welche Aussage beschreibt das Thema Ressourcenbewusstsein im Beruf Detailhandelsfachfrau/Detailhandelsfachmann EFZ am besten?,"Material, Energie und Zeit sparsam einsetzen",Licht und Geräte unnötig laufen lassen,Verpackung verschwenden im laufenden Tagesgeschäft,Retouren ignorieren im konkreten Auftrag,A,Ressourcenschonung reduziert Kosten und Umweltbelastung.,"Bildungsplan Detailhandelsfachfrau/Detailhandelsfachmann EFZ, BDS/SBFI",https://www.bds-fcs.ch/de/Digitale-Medien/Download-Center?download=17
detailhandel,Detailhandelsfachfrau/Detailhandelsfachmann EFZ,dh_l07,HKB b,L07,Bestandsmanagement und Warenfluss,medium,single_choice,Worauf muss man beim Thema Ressourcenbewusstsein in der Praxis besonders achten?,Licht und Geräte unnötig laufen lassen,"Material, Energie und Zeit sparsam einsetzen",Verpackung verschwenden nach gängiger Praxis,Retouren ignorieren im üblichen Berufsalltag,B,Ressourcenschonung reduziert Kosten und Umweltbelastung.,"Bildungsplan Detailhandelsfachfrau/Detailhandelsfachmann EFZ, BDS/SBFI",https://www.bds-fcs.ch/de/Digitale-Medien/Download-Center?download=17
detailhandel,Detailhandelsfachfrau/Detailhandelsfachmann EFZ,dh_l07,HKB b,L07,Bestandsmanagement und Warenfluss,hard,single_choice,Welche Aussage zum Thema Ressourcenbewusstsein ist fachlich korrekt?,Licht und Geräte unnötig laufen lassen,Verpackung verschwenden im normalen Praxisalltag,"Material, Energie und Zeit sparsam einsetzen",Retouren ignorieren im üblichen Arbeitsumfeld,C,Ressourcenschonung reduziert Kosten und Umweltbelastung.,"Bildungsplan Detailhandelsfachfrau/Detailhandelsfachmann EFZ, BDS/SBFI",https://www.bds-fcs.ch/de/Digitale-Medien/Download-Center?download=17
detailhandel,Detailhandelsfachfrau/Detailhandelsfachmann EFZ,dh_l07,HKB b,L07,Bestandsmanagement und Warenfluss,easy,single_choice,Welche Aussage beschreibt das Thema Prozessbeurteilung im Beruf Detailhandelsfachfrau/Detailhandelsfachmann EFZ am besten?,Prozessfehler wiederholen bei vergleichbaren Aufgaben,Feedback vermeiden unter typischen Arbeitsbedingungen,Messwerte ignorieren im Rahmen der Routine,Abläufe prüfen und Verbesserungsmöglichkeiten erkennen,D,Warenfluss kann kontinuierlich verbessert werden.,"Bildungsplan Detailhandelsfachfrau/Detailhandelsfachmann EFZ, BDS/SBFI",https://www.bds-fcs.ch/de/Digitale-Medien/Download-Center?download=17
detailhandel,Detailhandelsfachfrau/Detailhandelsfachmann EFZ,dh_l07,HKB b,L07,Bestandsmanagement und Warenfluss,medium,single_choice,Worauf muss man beim Thema Prozessbeurteilung in der Praxis besonders achten?,Abläufe prüfen und Verbesserungsmöglichkeiten erkennen,Prozessfehler wiederholen bei sachgemässer Ausführung,Feedback vermeiden bei sachgemässem Ablauf,Messwerte ignorieren im normalen Betriebsablauf,A,Warenfluss kann kontinuierlich verbessert werden.,"Bildungsplan Detailhandelsfachfrau/Detailhandelsfachmann EFZ, BDS/SBFI",https://www.bds-fcs.ch/de/Digitale-Medien/Download-Center?download=17
detailhandel,Detailhandelsfachfrau/Detailhandelsfachmann EFZ,dh_l07,HKB b,L07,Bestandsmanagement und Warenfluss,hard,single_choice,Welche Aussage zum Thema Prozessbeurteilung ist fachlich korrekt?,Prozessfehler wiederholen im laufenden Tagesgeschäft,Abläufe prüfen und Verbesserungsmöglichkeiten erkennen,Feedback vermeiden bei vergleichbaren Aufgaben,Messwerte ignorieren im konkreten Auftrag,B,Warenfluss kann kontinuierlich verbessert werden.,"Bildungsplan Detailhandelsfachfrau/Detailhandelsfachmann EFZ, BDS/SBFI",https://www.bds-fcs.ch/de/Digitale-Medien/Download-Center?download=17
detailhandel,Detailhandelsfachfrau/Detailhandelsfachmann EFZ,dh_l08,HKB b,L08,"Präsentation, POS und Kennzahlen",easy,single_choice,Welche Aussage beschreibt das Thema Point of Sale im Beruf Detailhandelsfachfrau/Detailhandelsfachmann EFZ am besten?,Ware unübersichtlich stapeln nach gängiger Praxis,Kundenlaufwege ignorieren im üblichen Berufsalltag,Produkte am Verkaufsort kundenorientiert platzieren,Preise verstecken bei sachgemässer Ausführung,C,POS-Gestaltung beeinflusst Kaufentscheidungen.,"Bildungsplan Detailhandelsfachfrau/Detailhandelsfachmann EFZ, BDS/SBFI",https://www.bds-fcs.ch/de/Digitale-Medien/Download-Center?download=17
detailhandel,Detailhandelsfachfrau/Detailhandelsfachmann EFZ,dh_l08,HKB b,L08,"Präsentation, POS und Kennzahlen",medium,single_choice,Worauf muss man beim Thema Point of Sale in der Praxis besonders achten?,Ware unübersichtlich stapeln im normalen Praxisalltag,Kundenlaufwege ignorieren im üblichen Arbeitsumfeld,Preise verstecken im laufenden Tagesgeschäft,Produkte am Verkaufsort kundenorientiert platzieren,D,POS-Gestaltung beeinflusst Kaufentscheidungen.,"Bildungsplan Detailhandelsfachfrau/Detailhandelsfachmann EFZ, BDS/SBFI",https://www.bds-fcs.ch/de/Digitale-Medien/Download-Center?download=17
detailhandel,Detailhandelsfachfrau/Detailhandelsfachmann EFZ,dh_l08,HKB b,L08,"Präsentation, POS und Kennzahlen",hard,single_choice,Welche Aussage zum Thema Point of Sale ist fachlich korrekt?,Produkte am Verkaufsort kundenorientiert platzieren,Ware unübersichtlich stapeln im Rahmen der Routine,Kundenlaufwege ignorieren unter typischen Arbeitsbedingungen,Preise verstecken nach gängiger Praxis,A,POS-Gestaltung beeinflusst Kaufentscheidungen.,"Bildungsplan Detailhandelsfachfrau/Detailhandelsfachmann EFZ, BDS/SBFI",https://www.bds-fcs.ch/de/Digitale-Medien/Download-Center?download=17
detailhandel,Detailhandelsfachfrau/Detailhandelsfachmann EFZ,dh_l08,HKB b,L08,"Präsentation, POS und Kennzahlen",easy,single_choice,Welche Aussage beschreibt das Thema Warenpräsentation im Beruf Detailhandelsfachfrau/Detailhandelsfachmann EFZ am besten?,leere Regale lassen im normalen Praxisalltag,"Sortiment sichtbar, verständlich und attraktiv darstellen",Produkte ohne Logik mischen bei sachgemässem Ablauf,Beschädigte Ware vorne zeigen im normalen Betriebsablauf,B,Präsentation unterstützt Orientierung und Erlebnis.,"Bildungsplan Detailhandelsfachfrau/Detailhandelsfachmann EFZ, BDS/SBFI",https://www.bds-fcs.ch/de/Digitale-Medien/Download-Center?download=17
detailhandel,Detailhandelsfachfrau/Detailhandelsfachmann EFZ,dh_l08,HKB b,L08,"Präsentation, POS und Kennzahlen",medium,single_choice,Worauf muss man beim Thema Warenpräsentation in der Praxis besonders achten?,leere Regale lassen im Rahmen der Routine,Produkte ohne Logik mischen bei vergleichbaren Aufgaben,"Sortiment sichtbar, verständlich und attraktiv darstellen",Beschädigte Ware vorne zeigen im konkreten Auftrag,C,Präsentation unterstützt Orientierung und Erlebnis.,"Bildungsplan Detailhandelsfachfrau/Detailhandelsfachmann EFZ, BDS/SBFI",https://www.bds-fcs.ch/de/Digitale-Medien/Download-Center?download=17
detailhandel,Detailhandelsfachfrau/Detailhandelsfachmann EFZ,dh_l08,HKB b,L08,"Präsentation, POS und Kennzahlen",hard,single_choice,Welche Aussage zum Thema Warenpräsentation ist fachlich korrekt?,leere Regale lassen im normalen Betriebsablauf,Produkte ohne Logik mischen bei sachgemässer Ausführung,Beschädigte Ware vorne zeigen im üblichen Berufsalltag,"Sortiment sichtbar, verständlich und attraktiv darstellen",D,Präsentation unterstützt Orientierung und Erlebnis.,"Bildungsplan Detailhandelsfachfrau/Detailhandelsfachmann EFZ, BDS/SBFI",https://www.bds-fcs.ch/de/Digitale-Medien/Download-Center?download=17
detailhandel,Detailhandelsfachfrau/Detailhandelsfachmann EFZ,dh_l08,HKB b,L08,"Präsentation, POS und Kennzahlen",easy,single_choice,Welche Aussage beschreibt das Thema Verkaufsförderung im Beruf Detailhandelsfachfrau/Detailhandelsfachmann EFZ am besten?,"Aktionen, Displays oder Hinweise gezielt einsetzen",Aktionen nicht erklären im laufenden Tagesgeschäft,Werbemittel falsch platzieren im üblichen Arbeitsumfeld,Zielgruppe ignorieren im konkreten Auftrag,A,Verkaufsförderung soll Aufmerksamkeit und Nutzen schaffen.,"Bildungsplan Detailhandelsfachfrau/Detailhandelsfachmann EFZ, BDS/SBFI",https://www.bds-fcs.ch/de/Digitale-Medien/Download-Center?download=17
detailhandel,Detailhandelsfachfrau/Detailhandelsfachmann EFZ,dh_l08,HKB b,L08,"Präsentation, POS und Kennzahlen",medium,single_choice,Worauf muss man beim Thema Verkaufsförderung in der Praxis besonders achten?,Aktionen nicht erklären nach gängiger Praxis,"Aktionen, Displays oder Hinweise gezielt einsetzen",Werbemittel falsch platzieren unter typischen Arbeitsbedingungen,Zielgruppe ignorieren im üblichen Berufsalltag,B,Verkaufsförderung soll Aufmerksamkeit und Nutzen schaffen.,"Bildungsplan Detailhandelsfachfrau/Detailhandelsfachmann EFZ, BDS/SBFI",https://www.bds-fcs.ch/de/Digitale-Medien/Download-Center?download=17
detailhandel,Detailhandelsfachfrau/Detailhandelsfachmann EFZ,dh_l08,HKB b,L08,"Präsentation, POS und Kennzahlen",hard,single_choice,Welche Aussage zum Thema Verkaufsförderung ist fachlich korrekt?,Aktionen nicht erklären im normalen Praxisalltag,Werbemittel falsch platzieren bei sachgemässem Ablauf,"Aktionen, Displays oder Hinweise gezielt einsetzen",Zielgruppe ignorieren im üblichen Arbeitsumfeld,C,Verkaufsförderung soll Aufmerksamkeit und Nutzen schaffen.,"Bildungsplan Detailhandelsfachfrau/Detailhandelsfachmann EFZ, BDS/SBFI",https://www.bds-fcs.ch/de/Digitale-Medien/Download-Center?download=17
detailhandel,Detailhandelsfachfrau/Detailhandelsfachmann EFZ,dh_l08,HKB b,L08,"Präsentation, POS und Kennzahlen",easy,single_choice,Welche Aussage beschreibt das Thema Preiskennzeichnung im Beruf Detailhandelsfachfrau/Detailhandelsfachmann EFZ am besten?,alte Preise stehen lassen im Rahmen der Routine,Preisangaben verstecken unter typischen Arbeitsbedingungen,Kunden mündlich widersprüchlich informieren,"Preise korrekt, gut sichtbar und aktuell ausweisen",D,Preisangaben sind rechtlich und kundenseitig wichtig.,"Bildungsplan Detailhandelsfachfrau/Detailhandelsfachmann EFZ, BDS/SBFI",https://www.bds-fcs.ch/de/Digitale-Medien/Download-Center?download=17
detailhandel,Detailhandelsfachfrau/Detailhandelsfachmann EFZ,dh_l08,HKB b,L08,"Präsentation, POS und Kennzahlen",medium,single_choice,Worauf muss man beim Thema Preiskennzeichnung in der Praxis besonders achten?,"Preise korrekt, gut sichtbar und aktuell ausweisen",alte Preise stehen lassen im normalen Betriebsablauf,Preisangaben verstecken bei sachgemässem Ablauf,Kunden mündlich widersprüchlich informieren,A,Preisangaben sind rechtlich und kundenseitig wichtig.,"Bildungsplan Detailhandelsfachfrau/Detailhandelsfachmann EFZ, BDS/SBFI",https://www.bds-fcs.ch/de/Digitale-Medien/Download-Center?download=17
detailhandel,Detailhandelsfachfrau/Detailhandelsfachmann EFZ,dh_l08,HKB b,L08,"Präsentation, POS und Kennzahlen",hard,single_choice,Welche Aussage zum Thema Preiskennzeichnung ist fachlich korrekt?,alte Preise stehen lassen im konkreten Auftrag,"Preise korrekt, gut sichtbar und aktuell ausweisen",Preisangaben verstecken bei vergleichbaren Aufgaben,Kunden mündlich widersprüchlich informieren,B,Preisangaben sind rechtlich und kundenseitig wichtig.,"Bildungsplan Detailhandelsfachfrau/Detailhandelsfachmann EFZ, BDS/SBFI",https://www.bds-fcs.ch/de/Digitale-Medien/Download-Center?download=17
detailhandel,Detailhandelsfachfrau/Detailhandelsfachmann EFZ,dh_l08,HKB b,L08,"Präsentation, POS und Kennzahlen",easy,single_choice,Welche Aussage beschreibt das Thema Kundendaten im Beruf Detailhandelsfachfrau/Detailhandelsfachmann EFZ am besten?,Daten ohne Einwilligung verkaufen nach gängiger Praxis,Listen offen liegen lassen im üblichen Berufsalltag,Daten nur zweckgebunden und datenschutzkonform bearbeiten,Passwörter teilen bei sachgemässer Ausführung,C,Datenschutz gilt auch im Detailhandel.,"Bildungsplan Detailhandelsfachfrau/Detailhandelsfachmann EFZ, BDS/SBFI",https://www.bds-fcs.ch/de/Digitale-Medien/Download-Center?download=17
detailhandel,Detailhandelsfachfrau/Detailhandelsfachmann EFZ,dh_l08,HKB b,L08,"Präsentation, POS und Kennzahlen",medium,single_choice,Worauf muss man beim Thema Kundendaten in der Praxis besonders achten?,Daten ohne Einwilligung verkaufen im normalen Praxisalltag,Listen offen liegen lassen im üblichen Arbeitsumfeld,Passwörter teilen im laufenden Tagesgeschäft,Daten nur zweckgebunden und datenschutzkonform bearbeiten,D,Datenschutz gilt auch im Detailhandel.,"Bildungsplan Detailhandelsfachfrau/Detailhandelsfachmann EFZ, BDS/SBFI",https://www.bds-fcs.ch/de/Digitale-Medien/Download-Center?download=17
detailhandel,Detailhandelsfachfrau/Detailhandelsfachmann EFZ,dh_l08,HKB b,L08,"Präsentation, POS und Kennzahlen",hard,single_choice,Welche Aussage zum Thema Kundendaten ist fachlich korrekt?,Daten nur zweckgebunden und datenschutzkonform bearbeiten,Daten ohne Einwilligung verkaufen im Rahmen der Routine,Listen offen liegen lassen unter typischen Arbeitsbedingungen,Passwörter teilen nach gängiger Praxis bei vergleichbaren Aufgaben,A,Datenschutz gilt auch im Detailhandel.,"Bildungsplan Detailhandelsfachfrau/Detailhandelsfachmann EFZ, BDS/SBFI",https://www.bds-fcs.ch/de/Digitale-Medien/Download-Center?download=17
detailhandel,Detailhandelsfachfrau/Detailhandelsfachmann EFZ,dh_l08,HKB b,L08,"Präsentation, POS und Kennzahlen",easy,single_choice,Welche Aussage beschreibt das Thema Betriebskennzahl im Beruf Detailhandelsfachfrau/Detailhandelsfachmann EFZ am besten?,Zahlen ohne Zeitraum vergleichen im normalen Betriebsablauf,"Umsatz, Frequenz oder Durchschnittsbon auswerten",Kennzahlen erfinden im normalen Praxisalltag,Datenquelle ignorieren bei sachgemässem Ablauf,B,"Kennzahlen helfen, Massnahmen zu beurteilen.","Bildungsplan Detailhandelsfachfrau/Detailhandelsfachmann EFZ, BDS/SBFI",https://www.bds-fcs.ch/de/Digitale-Medien/Download-Center?download=17
detailhandel,Detailhandelsfachfrau/Detailhandelsfachmann EFZ,dh_l08,HKB b,L08,"Präsentation, POS und Kennzahlen",medium,single_choice,Worauf muss man beim Thema Betriebskennzahl in der Praxis besonders achten?,Zahlen ohne Zeitraum vergleichen im konkreten Auftrag,Kennzahlen erfinden im Rahmen der Routine,"Umsatz, Frequenz oder Durchschnittsbon auswerten",Datenquelle ignorieren bei vergleichbaren Aufgaben,C,"Kennzahlen helfen, Massnahmen zu beurteilen.","Bildungsplan Detailhandelsfachfrau/Detailhandelsfachmann EFZ, BDS/SBFI",https://www.bds-fcs.ch/de/Digitale-Medien/Download-Center?download=17
detailhandel,Detailhandelsfachfrau/Detailhandelsfachmann EFZ,dh_l08,HKB b,L08,"Präsentation, POS und Kennzahlen",hard,single_choice,Welche Aussage zum Thema Betriebskennzahl ist fachlich korrekt?,Zahlen ohne Zeitraum vergleichen im üblichen Berufsalltag,Kennzahlen erfinden im normalen Betriebsablauf,Datenquelle ignorieren bei sachgemässer Ausführung,"Umsatz, Frequenz oder Durchschnittsbon auswerten",D,"Kennzahlen helfen, Massnahmen zu beurteilen.","Bildungsplan Detailhandelsfachfrau/Detailhandelsfachmann EFZ, BDS/SBFI",https://www.bds-fcs.ch/de/Digitale-Medien/Download-Center?download=17
detailhandel,Detailhandelsfachfrau/Detailhandelsfachmann EFZ,dh_l08,HKB b,L08,"Präsentation, POS und Kennzahlen",easy,single_choice,Welche Aussage beschreibt das Thema Verkaufspreis im Beruf Detailhandelsfachfrau/Detailhandelsfachmann EFZ am besten?,"Kosten, Marge, MWST und Markt berücksichtigen",Preis würfeln im konkreten Auftrag,Marge ignorieren im üblichen Arbeitsumfeld,MWST vergessen im laufenden Tagesgeschäft,A,Preisgestaltung braucht kaufmännisches Denken.,"Bildungsplan Detailhandelsfachfrau/Detailhandelsfachmann EFZ, BDS/SBFI",https://www.bds-fcs.ch/de/Digitale-Medien/Download-Center?download=17
detailhandel,Detailhandelsfachfrau/Detailhandelsfachmann EFZ,dh_l08,HKB b,L08,"Präsentation, POS und Kennzahlen",medium,single_choice,Worauf muss man beim Thema Verkaufspreis in der Praxis besonders achten?,Preis würfeln im üblichen Berufsalltag,"Kosten, Marge, MWST und Markt berücksichtigen",Marge ignorieren unter typischen Arbeitsbedingungen,MWST vergessen nach gängiger Praxis,B,Preisgestaltung braucht kaufmännisches Denken.,"Bildungsplan Detailhandelsfachfrau/Detailhandelsfachmann EFZ, BDS/SBFI",https://www.bds-fcs.ch/de/Digitale-Medien/Download-Center?download=17
detailhandel,Detailhandelsfachfrau/Detailhandelsfachmann EFZ,dh_l08,HKB b,L08,"Präsentation, POS und Kennzahlen",hard,single_choice,Welche Aussage zum Thema Verkaufspreis ist fachlich korrekt?,Preis würfeln im üblichen Arbeitsumfeld,Marge ignorieren bei sachgemässem Ablauf,"Kosten, Marge, MWST und Markt berücksichtigen",MWST vergessen im normalen Praxisalltag,C,Preisgestaltung braucht kaufmännisches Denken.,"Bildungsplan Detailhandelsfachfrau/Detailhandelsfachmann EFZ, BDS/SBFI",https://www.bds-fcs.ch/de/Digitale-Medien/Download-Center?download=17
detailhandel,Detailhandelsfachfrau/Detailhandelsfachmann EFZ,dh_l08,HKB b,L08,"Präsentation, POS und Kennzahlen",easy,single_choice,Welche Aussage beschreibt das Thema Quellenkritik im Beruf Detailhandelsfachfrau/Detailhandelsfachmann EFZ am besten?,jede Onlinequelle glauben im Rahmen der Routine im konkreten Auftrag,Datum ignorieren unter typischen Arbeitsbedingungen,Werbung als Fachquelle nutzen bei vergleichbaren Aufgaben,"Informationen auf Aktualität, Herkunft und Zuverlässigkeit prüfen",D,Gute Entscheidungen brauchen gute Informationen.,"Bildungsplan Detailhandelsfachfrau/Detailhandelsfachmann EFZ, BDS/SBFI",https://www.bds-fcs.ch/de/Digitale-Medien/Download-Center?download=17
detailhandel,Detailhandelsfachfrau/Detailhandelsfachmann EFZ,dh_l08,HKB b,L08,"Präsentation, POS und Kennzahlen",medium,single_choice,Worauf muss man beim Thema Quellenkritik in der Praxis besonders achten?,"Informationen auf Aktualität, Herkunft und Zuverlässigkeit prüfen",jede Onlinequelle glauben im normalen Betriebsablauf,Datum ignorieren bei sachgemässem Ablauf im üblichen Berufsalltag,Werbung als Fachquelle nutzen bei sachgemässer Ausführung,A,Gute Entscheidungen brauchen gute Informationen.,"Bildungsplan Detailhandelsfachfrau/Detailhandelsfachmann EFZ, BDS/SBFI",https://www.bds-fcs.ch/de/Digitale-Medien/Download-Center?download=17
detailhandel,Detailhandelsfachfrau/Detailhandelsfachmann EFZ,dh_l08,HKB b,L08,"Präsentation, POS und Kennzahlen",hard,single_choice,Welche Aussage zum Thema Quellenkritik ist fachlich korrekt?,jede Onlinequelle glauben im konkreten Auftrag,"Informationen auf Aktualität, Herkunft und Zuverlässigkeit prüfen",Datum ignorieren bei vergleichbaren Aufgaben im üblichen Arbeitsumfeld,Werbung als Fachquelle nutzen im laufenden Tagesgeschäft,B,Gute Entscheidungen brauchen gute Informationen.,"Bildungsplan Detailhandelsfachfrau/Detailhandelsfachmann EFZ, BDS/SBFI",https://www.bds-fcs.ch/de/Digitale-Medien/Download-Center?download=17
detailhandel,Detailhandelsfachfrau/Detailhandelsfachmann EFZ,dh_l08,HKB b,L08,"Präsentation, POS und Kennzahlen",easy,single_choice,Welche Aussage beschreibt das Thema Schweigepflicht im Beruf Detailhandelsfachfrau/Detailhandelsfachmann EFZ am besten?,Umsatzzahlen privat teilen nach gängiger Praxis im Rahmen der Routine,Kundendaten laut nennen im üblichen Berufsalltag bei vergleichbaren Aufgaben,betriebliche und kundenspezifische Informationen vertraulich behandeln,Interna posten bei sachgemässer Ausführung unter typischen Arbeitsbedingungen,C,Vertraulichkeit schützt Kunden und Betrieb.,"Bildungsplan Detailhandelsfachfrau/Detailhandelsfachmann EFZ, BDS/SBFI",https://www.bds-fcs.ch/de/Digitale-Medien/Download-Center?download=17
detailhandel,Detailhandelsfachfrau/Detailhandelsfachmann EFZ,dh_l08,HKB b,L08,"Präsentation, POS und Kennzahlen",medium,single_choice,Worauf muss man beim Thema Schweigepflicht in der Praxis besonders achten?,Umsatzzahlen privat teilen im normalen Praxisalltag,Kundendaten laut nennen im üblichen Arbeitsumfeld im normalen Betriebsablauf,Interna posten im laufenden Tagesgeschäft bei sachgemässem Ablauf,betriebliche und kundenspezifische Informationen vertraulich behandeln,D,Vertraulichkeit schützt Kunden und Betrieb.,"Bildungsplan Detailhandelsfachfrau/Detailhandelsfachmann EFZ, BDS/SBFI",https://www.bds-fcs.ch/de/Digitale-Medien/Download-Center?download=17
detailhandel,Detailhandelsfachfrau/Detailhandelsfachmann EFZ,dh_l08,HKB b,L08,"Präsentation, POS und Kennzahlen",hard,single_choice,Welche Aussage zum Thema Schweigepflicht ist fachlich korrekt?,betriebliche und kundenspezifische Informationen vertraulich behandeln,Umsatzzahlen privat teilen im Rahmen der Routine im konkreten Auftrag,Kundendaten laut nennen unter typischen Arbeitsbedingungen,Interna posten nach gängiger Praxis bei vergleichbaren Aufgaben,A,Vertraulichkeit schützt Kunden und Betrieb.,"Bildungsplan Detailhandelsfachfrau/Detailhandelsfachmann EFZ, BDS/SBFI",https://www.bds-fcs.ch/de/Digitale-Medien/Download-Center?download=17
detailhandel,Detailhandelsfachfrau/Detailhandelsfachmann EFZ,dh_l08,HKB b,L08,"Präsentation, POS und Kennzahlen",easy,single_choice,Welche Aussage beschreibt das Thema emotionale Erlebnisgestaltung im Beruf Detailhandelsfachfrau/Detailhandelsfachmann EFZ am besten?,Laden reizüberfluten im normalen Praxisalltag bei sachgemässer Ausführung,"Licht, Ordnung, Sprache und Sinneseindrücke passend einsetzen",Zielgruppe ignorieren bei sachgemässem Ablauf,Produkte lieblos zeigen im normalen Betriebsablauf,B,Einkaufen soll Orientierung und Erlebnis verbinden.,"Bildungsplan Detailhandelsfachfrau/Detailhandelsfachmann EFZ, BDS/SBFI",https://www.bds-fcs.ch/de/Digitale-Medien/Download-Center?download=17
detailhandel,Detailhandelsfachfrau/Detailhandelsfachmann EFZ,dh_l08,HKB b,L08,"Präsentation, POS und Kennzahlen",medium,single_choice,Worauf muss man beim Thema emotionale Erlebnisgestaltung in der Praxis besonders achten?,Laden reizüberfluten im Rahmen der Routine im laufenden Tagesgeschäft,Zielgruppe ignorieren bei vergleichbaren Aufgaben,"Licht, Ordnung, Sprache und Sinneseindrücke passend einsetzen",Produkte lieblos zeigen im konkreten Auftrag,C,Einkaufen soll Orientierung und Erlebnis verbinden.,"Bildungsplan Detailhandelsfachfrau/Detailhandelsfachmann EFZ, BDS/SBFI",https://www.bds-fcs.ch/de/Digitale-Medien/Download-Center?download=17
detailhandel,Detailhandelsfachfrau/Detailhandelsfachmann EFZ,dh_l08,HKB b,L08,"Präsentation, POS und Kennzahlen",hard,single_choice,Welche Aussage zum Thema emotionale Erlebnisgestaltung ist fachlich korrekt?,Laden reizüberfluten im normalen Betriebsablauf nach gängiger Praxis,Zielgruppe ignorieren bei sachgemässer Ausführung,Produkte lieblos zeigen im üblichen Berufsalltag,"Licht, Ordnung, Sprache und Sinneseindrücke passend einsetzen",D,Einkaufen soll Orientierung und Erlebnis verbinden.,"Bildungsplan Detailhandelsfachfrau/Detailhandelsfachmann EFZ, BDS/SBFI",https://www.bds-fcs.ch/de/Digitale-Medien/Download-Center?download=17
detailhandel,Detailhandelsfachfrau/Detailhandelsfachmann EFZ,dh_l09,HKB c,L09,"Produktwissen, Recherche und Verkaufsargumente",easy,single_choice,Welche Aussage beschreibt das Thema Produktrecherche im Beruf Detailhandelsfachfrau/Detailhandelsfachmann EFZ am besten?,Informationen aus verlässlichen Quellen sammeln,Gerüchte als Fakten nutzen im üblichen Arbeitsumfeld,Quellen nicht prüfen im konkreten Auftrag,alte Daten übernehmen im laufenden Tagesgeschäft,A,Produktwissen muss aktuell und korrekt sein.,"Bildungsplan Detailhandelsfachfrau/Detailhandelsfachmann EFZ, BDS/SBFI",https://www.bds-fcs.ch/de/Digitale-Medien/Download-Center?download=17
detailhandel,Detailhandelsfachfrau/Detailhandelsfachmann EFZ,dh_l09,HKB c,L09,"Produktwissen, Recherche und Verkaufsargumente",medium,single_choice,Worauf muss man beim Thema Produktrecherche in der Praxis besonders achten?,Gerüchte als Fakten nutzen unter typischen Arbeitsbedingungen,Informationen aus verlässlichen Quellen sammeln,Quellen nicht prüfen im üblichen Berufsalltag,alte Daten übernehmen nach gängiger Praxis,B,Produktwissen muss aktuell und korrekt sein.,"Bildungsplan Detailhandelsfachfrau/Detailhandelsfachmann EFZ, BDS/SBFI",https://www.bds-fcs.ch/de/Digitale-Medien/Download-Center?download=17
detailhandel,Detailhandelsfachfrau/Detailhandelsfachmann EFZ,dh_l09,HKB c,L09,"Produktwissen, Recherche und Verkaufsargumente",hard,single_choice,Welche Aussage zum Thema Produktrecherche ist fachlich korrekt?,Gerüchte als Fakten nutzen bei sachgemässem Ablauf,Quellen nicht prüfen im üblichen Arbeitsumfeld,Informationen aus verlässlichen Quellen sammeln,alte Daten übernehmen im normalen Praxisalltag,C,Produktwissen muss aktuell und korrekt sein.,"Bildungsplan Detailhandelsfachfrau/Detailhandelsfachmann EFZ, BDS/SBFI",https://www.bds-fcs.ch/de/Digitale-Medien/Download-Center?download=17
detailhandel,Detailhandelsfachfrau/Detailhandelsfachmann EFZ,dh_l09,HKB c,L09,"Produktwissen, Recherche und Verkaufsargumente",easy,single_choice,Welche Aussage beschreibt das Thema Branchenkenntnis im Beruf Detailhandelsfachfrau/Detailhandelsfachmann EFZ am besten?,nur eigene Lieblingsprodukte kennen,Mitbewerber ignorieren unter typischen Arbeitsbedingungen,Trends nicht verfolgen im Rahmen der Routine,"Sortiment, Trends und Mitbewerber im Umfeld kennen",D,Branchenwissen stärkt Beratung.,"Bildungsplan Detailhandelsfachfrau/Detailhandelsfachmann EFZ, BDS/SBFI",https://www.bds-fcs.ch/de/Digitale-Medien/Download-Center?download=17
detailhandel,Detailhandelsfachfrau/Detailhandelsfachmann EFZ,dh_l09,HKB c,L09,"Produktwissen, Recherche und Verkaufsargumente",medium,single_choice,Worauf muss man beim Thema Branchenkenntnis in der Praxis besonders achten?,"Sortiment, Trends und Mitbewerber im Umfeld kennen",nur eigene Lieblingsprodukte kennen,Mitbewerber ignorieren bei sachgemässem Ablauf,Trends nicht verfolgen im normalen Betriebsablauf,A,Branchenwissen stärkt Beratung.,"Bildungsplan Detailhandelsfachfrau/Detailhandelsfachmann EFZ, BDS/SBFI",https://www.bds-fcs.ch/de/Digitale-Medien/Download-Center?download=17
detailhandel,Detailhandelsfachfrau/Detailhandelsfachmann EFZ,dh_l09,HKB c,L09,"Produktwissen, Recherche und Verkaufsargumente",hard,single_choice,Welche Aussage zum Thema Branchenkenntnis ist fachlich korrekt?,nur eigene Lieblingsprodukte kennen,"Sortiment, Trends und Mitbewerber im Umfeld kennen",Mitbewerber ignorieren bei vergleichbaren Aufgaben,Trends nicht verfolgen im konkreten Auftrag,B,Branchenwissen stärkt Beratung.,"Bildungsplan Detailhandelsfachfrau/Detailhandelsfachmann EFZ, BDS/SBFI",https://www.bds-fcs.ch/de/Digitale-Medien/Download-Center?download=17
detailhandel,Detailhandelsfachfrau/Detailhandelsfachmann EFZ,dh_l09,HKB c,L09,"Produktwissen, Recherche und Verkaufsargumente",easy,single_choice,Welche Aussage beschreibt das Thema Verkaufsargument im Beruf Detailhandelsfachfrau/Detailhandelsfachmann EFZ am besten?,nur Preis nennen bei sachgemässer Ausführung,Nutzen nicht erklären im üblichen Berufsalltag,"Eigenschaft, Vorteil und Kundennutzen verbinden",falsche Behauptungen machen nach gängiger Praxis,C,Argumente sollen zum Kundenbedarf passen.,"Bildungsplan Detailhandelsfachfrau/Detailhandelsfachmann EFZ, BDS/SBFI",https://www.bds-fcs.ch/de/Digitale-Medien/Download-Center?download=17
detailhandel,Detailhandelsfachfrau/Detailhandelsfachmann EFZ,dh_l09,HKB c,L09,"Produktwissen, Recherche und Verkaufsargumente",medium,single_choice,Worauf muss man beim Thema Verkaufsargument in der Praxis besonders achten?,nur Preis nennen im laufenden Tagesgeschäft,Nutzen nicht erklären im üblichen Arbeitsumfeld,falsche Behauptungen machen im normalen Praxisalltag,"Eigenschaft, Vorteil und Kundennutzen verbinden",D,Argumente sollen zum Kundenbedarf passen.,"Bildungsplan Detailhandelsfachfrau/Detailhandelsfachmann EFZ, BDS/SBFI",https://www.bds-fcs.ch/de/Digitale-Medien/Download-Center?download=17
detailhandel,Detailhandelsfachfrau/Detailhandelsfachmann EFZ,dh_l09,HKB c,L09,"Produktwissen, Recherche und Verkaufsargumente",hard,single_choice,Welche Aussage zum Thema Verkaufsargument ist fachlich korrekt?,"Eigenschaft, Vorteil und Kundennutzen verbinden",nur Preis nennen nach gängiger Praxis,Nutzen nicht erklären unter typischen Arbeitsbedingungen,falsche Behauptungen machen im Rahmen der Routine,A,Argumente sollen zum Kundenbedarf passen.,"Bildungsplan Detailhandelsfachfrau/Detailhandelsfachmann EFZ, BDS/SBFI",https://www.bds-fcs.ch/de/Digitale-Medien/Download-Center?download=17
detailhandel,Detailhandelsfachfrau/Detailhandelsfachmann EFZ,dh_l09,HKB c,L09,"Produktwissen, Recherche und Verkaufsargumente",easy,single_choice,Welche Aussage beschreibt das Thema Mitbewerbervergleich im Beruf Detailhandelsfachfrau/Detailhandelsfachmann EFZ am besten?,Mitbewerber schlechtmachen bei sachgemässem Ablauf,Unterschiede sachlich und fair darstellen,Fakten erfinden im normalen Praxisalltag,eigene Schwächen verschweigen,B,Fairer Vergleich wirkt professionell.,"Bildungsplan Detailhandelsfachfrau/Detailhandelsfachmann EFZ, BDS/SBFI",https://www.bds-fcs.ch/de/Digitale-Medien/Download-Center?download=17
detailhandel,Detailhandelsfachfrau/Detailhandelsfachmann EFZ,dh_l09,HKB c,L09,"Produktwissen, Recherche und Verkaufsargumente",medium,single_choice,Worauf muss man beim Thema Mitbewerbervergleich in der Praxis besonders achten?,Mitbewerber schlechtmachen bei vergleichbaren Aufgaben,Fakten erfinden im Rahmen der Routine,Unterschiede sachlich und fair darstellen,eigene Schwächen verschweigen,C,Fairer Vergleich wirkt professionell.,"Bildungsplan Detailhandelsfachfrau/Detailhandelsfachmann EFZ, BDS/SBFI",https://www.bds-fcs.ch/de/Digitale-Medien/Download-Center?download=17
detailhandel,Detailhandelsfachfrau/Detailhandelsfachmann EFZ,dh_l09,HKB c,L09,"Produktwissen, Recherche und Verkaufsargumente",hard,single_choice,Welche Aussage zum Thema Mitbewerbervergleich ist fachlich korrekt?,Mitbewerber schlechtmachen bei sachgemässer Ausführung,Fakten erfinden im normalen Betriebsablauf,eigene Schwächen verschweigen,Unterschiede sachlich und fair darstellen,D,Fairer Vergleich wirkt professionell.,"Bildungsplan Detailhandelsfachfrau/Detailhandelsfachmann EFZ, BDS/SBFI",https://www.bds-fcs.ch/de/Digitale-Medien/Download-Center?download=17
detailhandel,Detailhandelsfachfrau/Detailhandelsfachmann EFZ,dh_l09,HKB c,L09,"Produktwissen, Recherche und Verkaufsargumente",easy,single_choice,Welche Aussage beschreibt das Thema Label im Beruf Detailhandelsfachfrau/Detailhandelsfachmann EFZ am besten?,"Bedeutung, Kriterien und Grenzen eines Labels erklären",Labels erfinden im konkreten Auftrag im normalen Praxisalltag,alle Labels gleichsetzen im üblichen Arbeitsumfeld,Nachweise ignorieren im laufenden Tagesgeschäft,A,"Labels unterstützen Orientierung, müssen aber korrekt erklärt werden.","Bildungsplan Detailhandelsfachfrau/Detailhandelsfachmann EFZ, BDS/SBFI",https://www.bds-fcs.ch/de/Digitale-Medien/Download-Center?download=17
detailhandel,Detailhandelsfachfrau/Detailhandelsfachmann EFZ,dh_l09,HKB c,L09,"Produktwissen, Recherche und Verkaufsargumente",medium,single_choice,Worauf muss man beim Thema Label in der Praxis besonders achten?,Labels erfinden im üblichen Berufsalltag,"Bedeutung, Kriterien und Grenzen eines Labels erklären",alle Labels gleichsetzen unter typischen Arbeitsbedingungen,Nachweise ignorieren nach gängiger Praxis,B,"Labels unterstützen Orientierung, müssen aber korrekt erklärt werden.","Bildungsplan Detailhandelsfachfrau/Detailhandelsfachmann EFZ, BDS/SBFI",https://www.bds-fcs.ch/de/Digitale-Medien/Download-Center?download=17
detailhandel,Detailhandelsfachfrau/Detailhandelsfachmann EFZ,dh_l09,HKB c,L09,"Produktwissen, Recherche und Verkaufsargumente",hard,single_choice,Welche Aussage zum Thema Label ist fachlich korrekt?,Labels erfinden im üblichen Arbeitsumfeld,alle Labels gleichsetzen bei sachgemässem Ablauf,"Bedeutung, Kriterien und Grenzen eines Labels erklären",Nachweise ignorieren im normalen Praxisalltag,C,"Labels unterstützen Orientierung, müssen aber korrekt erklärt werden.","Bildungsplan Detailhandelsfachfrau/Detailhandelsfachmann EFZ, BDS/SBFI",https://www.bds-fcs.ch/de/Digitale-Medien/Download-Center?download=17
detailhandel,Detailhandelsfachfrau/Detailhandelsfachmann EFZ,dh_l09,HKB c,L09,"Produktwissen, Recherche und Verkaufsargumente",easy,single_choice,Welche Aussage beschreibt das Thema Pflegehinweis im Beruf Detailhandelsfachfrau/Detailhandelsfachmann EFZ am besten?,Pflegehinweise ignorieren unter typischen Arbeitsbedingungen,falsche Reinigung empfehlen im Rahmen der Routine,Garantiebedingungen verschweigen bei vergleichbaren Aufgaben,"Kunden zur richtigen Nutzung, Pflege oder Lagerung beraten",D,Pflegewissen reduziert Reklamationen.,"Bildungsplan Detailhandelsfachfrau/Detailhandelsfachmann EFZ, BDS/SBFI",https://www.bds-fcs.ch/de/Digitale-Medien/Download-Center?download=17
detailhandel,Detailhandelsfachfrau/Detailhandelsfachmann EFZ,dh_l09,HKB c,L09,"Produktwissen, Recherche und Verkaufsargumente",medium,single_choice,Worauf muss man beim Thema Pflegehinweis in der Praxis besonders achten?,"Kunden zur richtigen Nutzung, Pflege oder Lagerung beraten",Pflegehinweise ignorieren bei sachgemässem Ablauf,falsche Reinigung empfehlen im normalen Betriebsablauf,Garantiebedingungen verschweigen bei sachgemässer Ausführung,A,Pflegewissen reduziert Reklamationen.,"Bildungsplan Detailhandelsfachfrau/Detailhandelsfachmann EFZ, BDS/SBFI",https://www.bds-fcs.ch/de/Digitale-Medien/Download-Center?download=17
detailhandel,Detailhandelsfachfrau/Detailhandelsfachmann EFZ,dh_l09,HKB c,L09,"Produktwissen, Recherche und Verkaufsargumente",hard,single_choice,Welche Aussage zum Thema Pflegehinweis ist fachlich korrekt?,Pflegehinweise ignorieren bei vergleichbaren Aufgaben,"Kunden zur richtigen Nutzung, Pflege oder Lagerung beraten",falsche Reinigung empfehlen im konkreten Auftrag,Garantiebedingungen verschweigen im laufenden Tagesgeschäft,B,Pflegewissen reduziert Reklamationen.,"Bildungsplan Detailhandelsfachfrau/Detailhandelsfachmann EFZ, BDS/SBFI",https://www.bds-fcs.ch/de/Digitale-Medien/Download-Center?download=17
detailhandel,Detailhandelsfachfrau/Detailhandelsfachmann EFZ,dh_l09,HKB c,L09,"Produktwissen, Recherche und Verkaufsargumente",easy,single_choice,Welche Aussage beschreibt das Thema Produktmerkmal im Beruf Detailhandelsfachfrau/Detailhandelsfachmann EFZ am besten?,Merkmale verwechseln bei sachgemässer Ausführung,nur Werbeslogans nutzen im üblichen Berufsalltag,fachliche Eigenschaften korrekt benennen,Technik falsch erklären nach gängiger Praxis,C,Fachwissen ist Grundlage guter Beratung.,"Bildungsplan Detailhandelsfachfrau/Detailhandelsfachmann EFZ, BDS/SBFI",https://www.bds-fcs.ch/de/Digitale-Medien/Download-Center?download=17
detailhandel,Detailhandelsfachfrau/Detailhandelsfachmann EFZ,dh_l09,HKB c,L09,"Produktwissen, Recherche und Verkaufsargumente",medium,single_choice,Worauf muss man beim Thema Produktmerkmal in der Praxis besonders achten?,Merkmale verwechseln im laufenden Tagesgeschäft,nur Werbeslogans nutzen im üblichen Arbeitsumfeld,Technik falsch erklären im normalen Praxisalltag,fachliche Eigenschaften korrekt benennen,D,Fachwissen ist Grundlage guter Beratung.,"Bildungsplan Detailhandelsfachfrau/Detailhandelsfachmann EFZ, BDS/SBFI",https://www.bds-fcs.ch/de/Digitale-Medien/Download-Center?download=17
detailhandel,Detailhandelsfachfrau/Detailhandelsfachmann EFZ,dh_l09,HKB c,L09,"Produktwissen, Recherche und Verkaufsargumente",hard,single_choice,Welche Aussage zum Thema Produktmerkmal ist fachlich korrekt?,fachliche Eigenschaften korrekt benennen,Merkmale verwechseln nach gängiger Praxis,nur Werbeslogans nutzen unter typischen Arbeitsbedingungen,Technik falsch erklären im Rahmen der Routine,A,Fachwissen ist Grundlage guter Beratung.,"Bildungsplan Detailhandelsfachfrau/Detailhandelsfachmann EFZ, BDS/SBFI",https://www.bds-fcs.ch/de/Digitale-Medien/Download-Center?download=17
detailhandel,Detailhandelsfachfrau/Detailhandelsfachmann EFZ,dh_l09,HKB c,L09,"Produktwissen, Recherche und Verkaufsargumente",easy,single_choice,Welche Aussage beschreibt das Thema Kundennutzen ableiten im Beruf Detailhandelsfachfrau/Detailhandelsfachmann EFZ am besten?,Merkmal ohne Nutzen nennen im normalen Betriebsablauf,Produktmerkmal auf konkreten Bedarf beziehen,Bedarf ignorieren im normalen Praxisalltag,Nutzen übertreiben bei sachgemässem Ablauf,B,Nutzenargumentation macht Beratung relevant.,"Bildungsplan Detailhandelsfachfrau/Detailhandelsfachmann EFZ, BDS/SBFI",https://www.bds-fcs.ch/de/Digitale-Medien/Download-Center?download=17
detailhandel,Detailhandelsfachfrau/Detailhandelsfachmann EFZ,dh_l09,HKB c,L09,"Produktwissen, Recherche und Verkaufsargumente",medium,single_choice,Worauf muss man beim Thema Kundennutzen ableiten in der Praxis besonders achten?,Merkmal ohne Nutzen nennen im konkreten Auftrag,Bedarf ignorieren im Rahmen der Routine,Produktmerkmal auf konkreten Bedarf beziehen,Nutzen übertreiben bei vergleichbaren Aufgaben,C,Nutzenargumentation macht Beratung relevant.,"Bildungsplan Detailhandelsfachfrau/Detailhandelsfachmann EFZ, BDS/SBFI",https://www.bds-fcs.ch/de/Digitale-Medien/Download-Center?download=17
detailhandel,Detailhandelsfachfrau/Detailhandelsfachmann EFZ,dh_l09,HKB c,L09,"Produktwissen, Recherche und Verkaufsargumente",hard,single_choice,Welche Aussage zum Thema Kundennutzen ableiten ist fachlich korrekt?,Merkmal ohne Nutzen nennen im üblichen Berufsalltag,Bedarf ignorieren im normalen Betriebsablauf,Nutzen übertreiben bei sachgemässer Ausführung,Produktmerkmal auf konkreten Bedarf beziehen,D,Nutzenargumentation macht Beratung relevant.,"Bildungsplan Detailhandelsfachfrau/Detailhandelsfachmann EFZ, BDS/SBFI",https://www.bds-fcs.ch/de/Digitale-Medien/Download-Center?download=17
detailhandel,Detailhandelsfachfrau/Detailhandelsfachmann EFZ,dh_l09,HKB c,L09,"Produktwissen, Recherche und Verkaufsargumente",easy,single_choice,Welche Aussage beschreibt das Thema Ökologieinformation im Beruf Detailhandelsfachfrau/Detailhandelsfachmann EFZ am besten?,"Umweltverträglichkeit, Herkunft oder Entsorgung sachlich erklären",Greenwashing betreiben im laufenden Tagesgeschäft,Fragen ausweichen im konkreten Auftrag im normalen Praxisalltag,Entsorgung falsch empfehlen im üblichen Arbeitsumfeld,A,Ökologie ist Teil moderner Produktberatung.,"Bildungsplan Detailhandelsfachfrau/Detailhandelsfachmann EFZ, BDS/SBFI",https://www.bds-fcs.ch/de/Digitale-Medien/Download-Center?download=17
detailhandel,Detailhandelsfachfrau/Detailhandelsfachmann EFZ,dh_l09,HKB c,L09,"Produktwissen, Recherche und Verkaufsargumente",medium,single_choice,Worauf muss man beim Thema Ökologieinformation in der Praxis besonders achten?,Greenwashing betreiben nach gängiger Praxis bei vergleichbaren Aufgaben,"Umweltverträglichkeit, Herkunft oder Entsorgung sachlich erklären",Fragen ausweichen im üblichen Berufsalltag im Rahmen der Routine,Entsorgung falsch empfehlen unter typischen Arbeitsbedingungen,B,Ökologie ist Teil moderner Produktberatung.,"Bildungsplan Detailhandelsfachfrau/Detailhandelsfachmann EFZ, BDS/SBFI",https://www.bds-fcs.ch/de/Digitale-Medien/Download-Center?download=17
detailhandel,Detailhandelsfachfrau/Detailhandelsfachmann EFZ,dh_l09,HKB c,L09,"Produktwissen, Recherche und Verkaufsargumente",hard,single_choice,Welche Aussage zum Thema Ökologieinformation ist fachlich korrekt?,Greenwashing betreiben im normalen Praxisalltag,Fragen ausweichen im üblichen Arbeitsumfeld im normalen Betriebsablauf,"Umweltverträglichkeit, Herkunft oder Entsorgung sachlich erklären",Entsorgung falsch empfehlen bei sachgemässem Ablauf,C,Ökologie ist Teil moderner Produktberatung.,"Bildungsplan Detailhandelsfachfrau/Detailhandelsfachmann EFZ, BDS/SBFI",https://www.bds-fcs.ch/de/Digitale-Medien/Download-Center?download=17
detailhandel,Detailhandelsfachfrau/Detailhandelsfachmann EFZ,dh_l09,HKB c,L09,"Produktwissen, Recherche und Verkaufsargumente",easy,single_choice,Welche Aussage beschreibt das Thema Sortimentsübersicht im Beruf Detailhandelsfachfrau/Detailhandelsfachmann EFZ am besten?,Sortiment zufällig erklären bei vergleichbaren Aufgaben,Alternativen nicht kennen im Rahmen der Routine,Zubehör vergessen unter typischen Arbeitsbedingungen,Zusammenhänge zwischen Produktgruppen verständlich darstellen,D,Sortimentswissen ermöglicht Cross-Selling.,"Bildungsplan Detailhandelsfachfrau/Detailhandelsfachmann EFZ, BDS/SBFI",https://www.bds-fcs.ch/de/Digitale-Medien/Download-Center?download=17
detailhandel,Detailhandelsfachfrau/Detailhandelsfachmann EFZ,dh_l09,HKB c,L09,"Produktwissen, Recherche und Verkaufsargumente",medium,single_choice,Worauf muss man beim Thema Sortimentsübersicht in der Praxis besonders achten?,Zusammenhänge zwischen Produktgruppen verständlich darstellen,Sortiment zufällig erklären bei sachgemässer Ausführung,Alternativen nicht kennen im normalen Betriebsablauf,Zubehör vergessen bei sachgemässem Ablauf im üblichen Berufsalltag,A,Sortimentswissen ermöglicht Cross-Selling.,"Bildungsplan Detailhandelsfachfrau/Detailhandelsfachmann EFZ, BDS/SBFI",https://www.bds-fcs.ch/de/Digitale-Medien/Download-Center?download=17
detailhandel,Detailhandelsfachfrau/Detailhandelsfachmann EFZ,dh_l09,HKB c,L09,"Produktwissen, Recherche und Verkaufsargumente",hard,single_choice,Welche Aussage zum Thema Sortimentsübersicht ist fachlich korrekt?,Sortiment zufällig erklären im laufenden Tagesgeschäft,Zusammenhänge zwischen Produktgruppen verständlich darstellen,Alternativen nicht kennen im konkreten Auftrag,Zubehör vergessen bei vergleichbaren Aufgaben im üblichen Arbeitsumfeld,B,Sortimentswissen ermöglicht Cross-Selling.,"Bildungsplan Detailhandelsfachfrau/Detailhandelsfachmann EFZ, BDS/SBFI",https://www.bds-fcs.ch/de/Digitale-Medien/Download-Center?download=17
detailhandel,Detailhandelsfachfrau/Detailhandelsfachmann EFZ,dh_l10,HKB c,L10,"Dienstleistungen, Trends und Nachhaltigkeit",easy,single_choice,Welche Aussage beschreibt das Thema Dienstleistung im Beruf Detailhandelsfachfrau/Detailhandelsfachmann EFZ am besten?,Service verschweigen im üblichen Berufsalltag im Rahmen der Routine,falsche Zusagen machen nach gängiger Praxis unter typischen Arbeitsbedingungen,"zusätzliche Leistungen wie Lieferung, Montage oder Reparatur erklären",Kosten nicht nennen bei sachgemässer Ausführung bei vergleichbaren Aufgaben,C,Dienstleistungen erweitern das Angebot.,"Bildungsplan Detailhandelsfachfrau/Detailhandelsfachmann EFZ, BDS/SBFI",https://www.bds-fcs.ch/de/Digitale-Medien/Download-Center?download=17
detailhandel,Detailhandelsfachfrau/Detailhandelsfachmann EFZ,dh_l10,HKB c,L10,"Dienstleistungen, Trends und Nachhaltigkeit",medium,single_choice,Worauf muss man beim Thema Dienstleistung in der Praxis besonders achten?,Service verschweigen im üblichen Arbeitsumfeld bei sachgemässem Ablauf,falsche Zusagen machen im normalen Praxisalltag bei sachgemässer Ausführung,Kosten nicht nennen im laufenden Tagesgeschäft im normalen Betriebsablauf,"zusätzliche Leistungen wie Lieferung, Montage oder Reparatur erklären",D,Dienstleistungen erweitern das Angebot.,"Bildungsplan Detailhandelsfachfrau/Detailhandelsfachmann EFZ, BDS/SBFI",https://www.bds-fcs.ch/de/Digitale-Medien/Download-Center?download=17
detailhandel,Detailhandelsfachfrau/Detailhandelsfachmann EFZ,dh_l10,HKB c,L10,"Dienstleistungen, Trends und Nachhaltigkeit",hard,single_choice,Welche Aussage zum Thema Dienstleistung ist fachlich korrekt?,"zusätzliche Leistungen wie Lieferung, Montage oder Reparatur erklären",Service verschweigen unter typischen Arbeitsbedingungen,falsche Zusagen machen im Rahmen der Routine im konkreten Auftrag,Kosten nicht nennen nach gängiger Praxis bei vergleichbaren Aufgaben,A,Dienstleistungen erweitern das Angebot.,"Bildungsplan Detailhandelsfachfrau/Detailhandelsfachmann EFZ, BDS/SBFI",https://www.bds-fcs.ch/de/Digitale-Medien/Download-Center?download=17
detailhandel,Detailhandelsfachfrau/Detailhandelsfachmann EFZ,dh_l10,HKB c,L10,"Dienstleistungen, Trends und Nachhaltigkeit",easy,single_choice,Welche Aussage beschreibt das Thema Individualisierung im Beruf Detailhandelsfachfrau/Detailhandelsfachmann EFZ am besten?,Kundenwunsch ignorieren im normalen Betriebsablauf,Produkte oder Services an Kundenwünsche anpassen,Machbarkeit nie prüfen bei sachgemässem Ablauf,Termin nicht klären im normalen Praxisalltag,B,Individualisierung erhöht Kundennutzen.,"Bildungsplan Detailhandelsfachfrau/Detailhandelsfachmann EFZ, BDS/SBFI",https://www.bds-fcs.ch/de/Digitale-Medien/Download-Center?download=17
detailhandel,Detailhandelsfachfrau/Detailhandelsfachmann EFZ,dh_l10,HKB c,L10,"Dienstleistungen, Trends und Nachhaltigkeit",medium,single_choice,Worauf muss man beim Thema Individualisierung in der Praxis besonders achten?,Kundenwunsch ignorieren im konkreten Auftrag,Machbarkeit nie prüfen bei vergleichbaren Aufgaben,Produkte oder Services an Kundenwünsche anpassen,Termin nicht klären im Rahmen der Routine,C,Individualisierung erhöht Kundennutzen.,"Bildungsplan Detailhandelsfachfrau/Detailhandelsfachmann EFZ, BDS/SBFI",https://www.bds-fcs.ch/de/Digitale-Medien/Download-Center?download=17
detailhandel,Detailhandelsfachfrau/Detailhandelsfachmann EFZ,dh_l10,HKB c,L10,"Dienstleistungen, Trends und Nachhaltigkeit",hard,single_choice,Welche Aussage zum Thema Individualisierung ist fachlich korrekt?,Kundenwunsch ignorieren im üblichen Berufsalltag,Machbarkeit nie prüfen bei sachgemässer Ausführung,Termin nicht klären im normalen Betriebsablauf,Produkte oder Services an Kundenwünsche anpassen,D,Individualisierung erhöht Kundennutzen.,"Bildungsplan Detailhandelsfachfrau/Detailhandelsfachmann EFZ, BDS/SBFI",https://www.bds-fcs.ch/de/Digitale-Medien/Download-Center?download=17
detailhandel,Detailhandelsfachfrau/Detailhandelsfachmann EFZ,dh_l10,HKB c,L10,"Dienstleistungen, Trends und Nachhaltigkeit",easy,single_choice,Welche Aussage beschreibt das Thema Veredelung im Beruf Detailhandelsfachfrau/Detailhandelsfachmann EFZ am besten?,produktbezogene Aufwertung oder Anpassung fachgerecht beschreiben,Verfahren erfinden im konkreten Auftrag im normalen Praxisalltag,Risiken verschweigen im laufenden Tagesgeschäft,Qualität nicht prüfen im üblichen Arbeitsumfeld,A,Veredelung kann ein Verkaufsargument sein.,"Bildungsplan Detailhandelsfachfrau/Detailhandelsfachmann EFZ, BDS/SBFI",https://www.bds-fcs.ch/de/Digitale-Medien/Download-Center?download=17
detailhandel,Detailhandelsfachfrau/Detailhandelsfachmann EFZ,dh_l10,HKB c,L10,"Dienstleistungen, Trends und Nachhaltigkeit",medium,single_choice,Worauf muss man beim Thema Veredelung in der Praxis besonders achten?,Verfahren erfinden im üblichen Berufsalltag bei vergleichbaren Aufgaben,produktbezogene Aufwertung oder Anpassung fachgerecht beschreiben,Risiken verschweigen nach gängiger Praxis im Rahmen der Routine,Qualität nicht prüfen unter typischen Arbeitsbedingungen,B,Veredelung kann ein Verkaufsargument sein.,"Bildungsplan Detailhandelsfachfrau/Detailhandelsfachmann EFZ, BDS/SBFI",https://www.bds-fcs.ch/de/Digitale-Medien/Download-Center?download=17
detailhandel,Detailhandelsfachfrau/Detailhandelsfachmann EFZ,dh_l10,HKB c,L10,"Dienstleistungen, Trends und Nachhaltigkeit",hard,single_choice,Welche Aussage zum Thema Veredelung ist fachlich korrekt?,Verfahren erfinden im üblichen Arbeitsumfeld im normalen Betriebsablauf,Risiken verschweigen im normalen Praxisalltag bei sachgemässer Ausführung,produktbezogene Aufwertung oder Anpassung fachgerecht beschreiben,Qualität nicht prüfen bei sachgemässem Ablauf im üblichen Berufsalltag,C,Veredelung kann ein Verkaufsargument sein.,"Bildungsplan Detailhandelsfachfrau/Detailhandelsfachmann EFZ, BDS/SBFI",https://www.bds-fcs.ch/de/Digitale-Medien/Download-Center?download=17
detailhandel,Detailhandelsfachfrau/Detailhandelsfachmann EFZ,dh_l10,HKB c,L10,"Dienstleistungen, Trends und Nachhaltigkeit",easy,single_choice,Welche Aussage beschreibt das Thema Markttrend im Beruf Detailhandelsfachfrau/Detailhandelsfachmann EFZ am besten?,Trends nie beobachten unter typischen Arbeitsbedingungen,Hype als Garantie verkaufen bei vergleichbaren Aufgaben,Kundeninteresse ignorieren im Rahmen der Routine,Entwicklungen erkennen und in Beratung einordnen,D,Trends beeinflussen Sortiment und Kommunikation.,"Bildungsplan Detailhandelsfachfrau/Detailhandelsfachmann EFZ, BDS/SBFI",https://www.bds-fcs.ch/de/Digitale-Medien/Download-Center?download=17
detailhandel,Detailhandelsfachfrau/Detailhandelsfachmann EFZ,dh_l10,HKB c,L10,"Dienstleistungen, Trends und Nachhaltigkeit",medium,single_choice,Worauf muss man beim Thema Markttrend in der Praxis besonders achten?,Entwicklungen erkennen und in Beratung einordnen,Trends nie beobachten bei sachgemässem Ablauf,Hype als Garantie verkaufen bei sachgemässer Ausführung,Kundeninteresse ignorieren im normalen Betriebsablauf,A,Trends beeinflussen Sortiment und Kommunikation.,"Bildungsplan Detailhandelsfachfrau/Detailhandelsfachmann EFZ, BDS/SBFI",https://www.bds-fcs.ch/de/Digitale-Medien/Download-Center?download=17
detailhandel,Detailhandelsfachfrau/Detailhandelsfachmann EFZ,dh_l10,HKB c,L10,"Dienstleistungen, Trends und Nachhaltigkeit",hard,single_choice,Welche Aussage zum Thema Markttrend ist fachlich korrekt?,Trends nie beobachten bei vergleichbaren Aufgaben,Entwicklungen erkennen und in Beratung einordnen,Hype als Garantie verkaufen im laufenden Tagesgeschäft,Kundeninteresse ignorieren im konkreten Auftrag,B,Trends beeinflussen Sortiment und Kommunikation.,"Bildungsplan Detailhandelsfachfrau/Detailhandelsfachmann EFZ, BDS/SBFI",https://www.bds-fcs.ch/de/Digitale-Medien/Download-Center?download=17
detailhandel,Detailhandelsfachfrau/Detailhandelsfachmann EFZ,dh_l10,HKB c,L10,"Dienstleistungen, Trends und Nachhaltigkeit",easy,single_choice,Welche Aussage beschreibt das Thema Strukturwandel im Beruf Detailhandelsfachfrau/Detailhandelsfachmann EFZ am besten?,Veränderungen ausblenden bei sachgemässer Ausführung,alte Abläufe unverändert lassen nach gängiger Praxis,Veränderungen wie Onlinehandel oder neue Kundenerwartungen verstehen,digitale Kanäle ignorieren im üblichen Berufsalltag unter typischen Arbeitsbedingungen,C,Detailhandel verändert sich laufend.,"Bildungsplan Detailhandelsfachfrau/Detailhandelsfachmann EFZ, BDS/SBFI",https://www.bds-fcs.ch/de/Digitale-Medien/Download-Center?download=17
detailhandel,Detailhandelsfachfrau/Detailhandelsfachmann EFZ,dh_l10,HKB c,L10,"Dienstleistungen, Trends und Nachhaltigkeit",medium,single_choice,Worauf muss man beim Thema Strukturwandel in der Praxis besonders achten?,Veränderungen ausblenden im laufenden Tagesgeschäft bei sachgemässem Ablauf,alte Abläufe unverändert lassen im normalen Praxisalltag,digitale Kanäle ignorieren im üblichen Arbeitsumfeld,Veränderungen wie Onlinehandel oder neue Kundenerwartungen verstehen,D,Detailhandel verändert sich laufend.,"Bildungsplan Detailhandelsfachfrau/Detailhandelsfachmann EFZ, BDS/SBFI",https://www.bds-fcs.ch/de/Digitale-Medien/Download-Center?download=17
detailhandel,Detailhandelsfachfrau/Detailhandelsfachmann EFZ,dh_l10,HKB c,L10,"Dienstleistungen, Trends und Nachhaltigkeit",hard,single_choice,Welche Aussage zum Thema Strukturwandel ist fachlich korrekt?,Veränderungen wie Onlinehandel oder neue Kundenerwartungen verstehen,Veränderungen ausblenden nach gängiger Praxis bei vergleichbaren Aufgaben,alte Abläufe unverändert lassen im Rahmen der Routine,digitale Kanäle ignorieren unter typischen Arbeitsbedingungen,A,Detailhandel verändert sich laufend.,"Bildungsplan Detailhandelsfachfrau/Detailhandelsfachmann EFZ, BDS/SBFI",https://www.bds-fcs.ch/de/Digitale-Medien/Download-Center?download=17
detailhandel,Detailhandelsfachfrau/Detailhandelsfachmann EFZ,dh_l10,HKB c,L10,"Dienstleistungen, Trends und Nachhaltigkeit",easy,single_choice,Welche Aussage beschreibt das Thema Zertifizierung im Beruf Detailhandelsfachfrau/Detailhandelsfachmann EFZ am besten?,Zertifikate fälschen im normalen Praxisalltag bei sachgemässer Ausführung,"Nachweise zu Qualität, Herkunft oder Nachhaltigkeit erklären",Kriterien nicht kennen im normalen Betriebsablauf,Gültigkeit ignorieren bei sachgemässem Ablauf,B,"Zertifikate schaffen Vertrauen, wenn sie korrekt genutzt werden.","Bildungsplan Detailhandelsfachfrau/Detailhandelsfachmann EFZ, BDS/SBFI",https://www.bds-fcs.ch/de/Digitale-Medien/Download-Center?download=17
detailhandel,Detailhandelsfachfrau/Detailhandelsfachmann EFZ,dh_l10,HKB c,L10,"Dienstleistungen, Trends und Nachhaltigkeit",medium,single_choice,Worauf muss man beim Thema Zertifizierung in der Praxis besonders achten?,Zertifikate fälschen im Rahmen der Routine im laufenden Tagesgeschäft,Kriterien nicht kennen im konkreten Auftrag,"Nachweise zu Qualität, Herkunft oder Nachhaltigkeit erklären",Gültigkeit ignorieren bei vergleichbaren Aufgaben,C,"Zertifikate schaffen Vertrauen, wenn sie korrekt genutzt werden.","Bildungsplan Detailhandelsfachfrau/Detailhandelsfachmann EFZ, BDS/SBFI",https://www.bds-fcs.ch/de/Digitale-Medien/Download-Center?download=17
detailhandel,Detailhandelsfachfrau/Detailhandelsfachmann EFZ,dh_l10,HKB c,L10,"Dienstleistungen, Trends und Nachhaltigkeit",hard,single_choice,Welche Aussage zum Thema Zertifizierung ist fachlich korrekt?,Zertifikate fälschen im normalen Betriebsablauf nach gängiger Praxis,Kriterien nicht kennen im üblichen Berufsalltag,Gültigkeit ignorieren bei sachgemässer Ausführung,"Nachweise zu Qualität, Herkunft oder Nachhaltigkeit erklären",D,"Zertifikate schaffen Vertrauen, wenn sie korrekt genutzt werden.","Bildungsplan Detailhandelsfachfrau/Detailhandelsfachmann EFZ, BDS/SBFI",https://www.bds-fcs.ch/de/Digitale-Medien/Download-Center?download=17
detailhandel,Detailhandelsfachfrau/Detailhandelsfachmann EFZ,dh_l10,HKB c,L10,"Dienstleistungen, Trends und Nachhaltigkeit",easy,single_choice,Welche Aussage beschreibt das Thema Entsorgungskategorie im Beruf Detailhandelsfachfrau/Detailhandelsfachmann EFZ am besten?,Produkte und Verpackungen richtig entsorgen oder zurücknehmen,alles gleich entsorgen im konkreten Auftrag,Sonderabfälle verharmlosen im laufenden Tagesgeschäft,Rücknahmepflichten ignorieren im üblichen Arbeitsumfeld,A,Entsorgung ist Teil nachhaltiger Beratung.,"Bildungsplan Detailhandelsfachfrau/Detailhandelsfachmann EFZ, BDS/SBFI",https://www.bds-fcs.ch/de/Digitale-Medien/Download-Center?download=17
detailhandel,Detailhandelsfachfrau/Detailhandelsfachmann EFZ,dh_l10,HKB c,L10,"Dienstleistungen, Trends und Nachhaltigkeit",medium,single_choice,Worauf muss man beim Thema Entsorgungskategorie in der Praxis besonders achten?,alles gleich entsorgen im üblichen Berufsalltag,Produkte und Verpackungen richtig entsorgen oder zurücknehmen,Sonderabfälle verharmlosen nach gängiger Praxis,Rücknahmepflichten ignorieren unter typischen Arbeitsbedingungen,B,Entsorgung ist Teil nachhaltiger Beratung.,"Bildungsplan Detailhandelsfachfrau/Detailhandelsfachmann EFZ, BDS/SBFI",https://www.bds-fcs.ch/de/Digitale-Medien/Download-Center?download=17
detailhandel,Detailhandelsfachfrau/Detailhandelsfachmann EFZ,dh_l10,HKB c,L10,"Dienstleistungen, Trends und Nachhaltigkeit",hard,single_choice,Welche Aussage zum Thema Entsorgungskategorie ist fachlich korrekt?,alles gleich entsorgen im üblichen Arbeitsumfeld,Sonderabfälle verharmlosen im normalen Praxisalltag,Produkte und Verpackungen richtig entsorgen oder zurücknehmen,Rücknahmepflichten ignorieren bei sachgemässem Ablauf,C,Entsorgung ist Teil nachhaltiger Beratung.,"Bildungsplan Detailhandelsfachfrau/Detailhandelsfachmann EFZ, BDS/SBFI",https://www.bds-fcs.ch/de/Digitale-Medien/Download-Center?download=17
detailhandel,Detailhandelsfachfrau/Detailhandelsfachmann EFZ,dh_l10,HKB c,L10,"Dienstleistungen, Trends und Nachhaltigkeit",easy,single_choice,Welche Aussage beschreibt das Thema Anspruchsgruppe im Beruf Detailhandelsfachfrau/Detailhandelsfachmann EFZ am besten?,nur eigene Sicht beachten bei vergleichbaren Aufgaben,Betroffene ignorieren unter typischen Arbeitsbedingungen,Kommunikation vermeiden im Rahmen der Routine im konkreten Auftrag,"Kunden, Lieferanten, Mitarbeitende und Gesellschaft berücksichtigen",D,Detailhandel steht im Austausch mit vielen Gruppen.,"Bildungsplan Detailhandelsfachfrau/Detailhandelsfachmann EFZ, BDS/SBFI",https://www.bds-fcs.ch/de/Digitale-Medien/Download-Center?download=17
detailhandel,Detailhandelsfachfrau/Detailhandelsfachmann EFZ,dh_l10,HKB c,L10,"Dienstleistungen, Trends und Nachhaltigkeit",medium,single_choice,Worauf muss man beim Thema Anspruchsgruppe in der Praxis besonders achten?,"Kunden, Lieferanten, Mitarbeitende und Gesellschaft berücksichtigen",nur eigene Sicht beachten bei sachgemässer Ausführung,Betroffene ignorieren bei sachgemässem Ablauf im üblichen Berufsalltag,Kommunikation vermeiden im normalen Betriebsablauf,A,Detailhandel steht im Austausch mit vielen Gruppen.,"Bildungsplan Detailhandelsfachfrau/Detailhandelsfachmann EFZ, BDS/SBFI",https://www.bds-fcs.ch/de/Digitale-Medien/Download-Center?download=17
detailhandel,Detailhandelsfachfrau/Detailhandelsfachmann EFZ,dh_l10,HKB c,L10,"Dienstleistungen, Trends und Nachhaltigkeit",hard,single_choice,Welche Aussage zum Thema Anspruchsgruppe ist fachlich korrekt?,nur eigene Sicht beachten im laufenden Tagesgeschäft,"Kunden, Lieferanten, Mitarbeitende und Gesellschaft berücksichtigen",Betroffene ignorieren bei vergleichbaren Aufgaben,Kommunikation vermeiden im konkreten Auftrag im üblichen Arbeitsumfeld,B,Detailhandel steht im Austausch mit vielen Gruppen.,"Bildungsplan Detailhandelsfachfrau/Detailhandelsfachmann EFZ, BDS/SBFI",https://www.bds-fcs.ch/de/Digitale-Medien/Download-Center?download=17
detailhandel,Detailhandelsfachfrau/Detailhandelsfachmann EFZ,dh_l10,HKB c,L10,"Dienstleistungen, Trends und Nachhaltigkeit",easy,single_choice,Welche Aussage beschreibt das Thema Trendinformation im Gespräch im Beruf Detailhandelsfachfrau/Detailhandelsfachmann EFZ am besten?,Kunden überfordern bei sachgemässer Ausführung,unpassende Trends aufzwingen nach gängiger Praxis,aktuelle Entwicklungen passend und verständlich einbringen,Fakten nicht prüfen im üblichen Berufsalltag unter typischen Arbeitsbedingungen,C,Trends können Beratung bereichern.,"Bildungsplan Detailhandelsfachfrau/Detailhandelsfachmann EFZ, BDS/SBFI",https://www.bds-fcs.ch/de/Digitale-Medien/Download-Center?download=17
detailhandel,Detailhandelsfachfrau/Detailhandelsfachmann EFZ,dh_l10,HKB c,L10,"Dienstleistungen, Trends und Nachhaltigkeit",medium,single_choice,Worauf muss man beim Thema Trendinformation im Gespräch in der Praxis besonders achten?,Kunden überfordern im laufenden Tagesgeschäft,unpassende Trends aufzwingen im normalen Praxisalltag,Fakten nicht prüfen im üblichen Arbeitsumfeld,aktuelle Entwicklungen passend und verständlich einbringen,D,Trends können Beratung bereichern.,"Bildungsplan Detailhandelsfachfrau/Detailhandelsfachmann EFZ, BDS/SBFI",https://www.bds-fcs.ch/de/Digitale-Medien/Download-Center?download=17
detailhandel,Detailhandelsfachfrau/Detailhandelsfachmann EFZ,dh_l10,HKB c,L10,"Dienstleistungen, Trends und Nachhaltigkeit",hard,single_choice,Welche Aussage zum Thema Trendinformation im Gespräch ist fachlich korrekt?,aktuelle Entwicklungen passend und verständlich einbringen,Kunden überfordern nach gängiger Praxis bei vergleichbaren Aufgaben,unpassende Trends aufzwingen im Rahmen der Routine,Fakten nicht prüfen unter typischen Arbeitsbedingungen,A,Trends können Beratung bereichern.,"Bildungsplan Detailhandelsfachfrau/Detailhandelsfachmann EFZ, BDS/SBFI",https://www.bds-fcs.ch/de/Digitale-Medien/Download-Center?download=17
detailhandel,Detailhandelsfachfrau/Detailhandelsfachmann EFZ,dh_l10,HKB c,L10,"Dienstleistungen, Trends und Nachhaltigkeit",easy,single_choice,Welche Aussage beschreibt das Thema nachhaltige Alternative im Beruf Detailhandelsfachfrau/Detailhandelsfachmann EFZ am besten?,teurer immer als nachhaltiger verkaufen im normalen Betriebsablauf,ökologisch sinnvollere Optionen ehrlich und bedarfsbezogen anbieten,Nachteile verschweigen bei sachgemässem Ablauf im üblichen Berufsalltag,Labels falsch nutzen im normalen Praxisalltag bei sachgemässer Ausführung,B,Nachhaltige Beratung braucht Transparenz.,"Bildungsplan Detailhandelsfachfrau/Detailhandelsfachmann EFZ, BDS/SBFI",https://www.bds-fcs.ch/de/Digitale-Medien/Download-Center?download=17
detailhandel,Detailhandelsfachfrau/Detailhandelsfachmann EFZ,dh_l10,HKB c,L10,"Dienstleistungen, Trends und Nachhaltigkeit",medium,single_choice,Worauf muss man beim Thema nachhaltige Alternative in der Praxis besonders achten?,teurer immer als nachhaltiger verkaufen im konkreten Auftrag,Nachteile verschweigen bei vergleichbaren Aufgaben,ökologisch sinnvollere Optionen ehrlich und bedarfsbezogen anbieten,Labels falsch nutzen im Rahmen der Routine im laufenden Tagesgeschäft,C,Nachhaltige Beratung braucht Transparenz.,"Bildungsplan Detailhandelsfachfrau/Detailhandelsfachmann EFZ, BDS/SBFI",https://www.bds-fcs.ch/de/Digitale-Medien/Download-Center?download=17
detailhandel,Detailhandelsfachfrau/Detailhandelsfachmann EFZ,dh_l10,HKB c,L10,"Dienstleistungen, Trends und Nachhaltigkeit",hard,single_choice,Welche Aussage zum Thema nachhaltige Alternative ist fachlich korrekt?,teurer immer als nachhaltiger verkaufen im üblichen Berufsalltag,Nachteile verschweigen bei sachgemässer Ausführung,Labels falsch nutzen im normalen Betriebsablauf,ökologisch sinnvollere Optionen ehrlich und bedarfsbezogen anbieten,D,Nachhaltige Beratung braucht Transparenz.,"Bildungsplan Detailhandelsfachfrau/Detailhandelsfachmann EFZ, BDS/SBFI",https://www.bds-fcs.ch/de/Digitale-Medien/Download-Center?download=17
detailhandel,Detailhandelsfachfrau/Detailhandelsfachmann EFZ,dh_l11,HKB d,L11,Kommunikation im Betrieb und Teamarbeit,easy,single_choice,Welche Aussage beschreibt das Thema Informationsfluss im Beruf Detailhandelsfachfrau/Detailhandelsfachmann EFZ am besten?,wichtige Informationen rechtzeitig an passende Stellen weitergeben,Informationen zurückhalten im laufenden Tagesgeschäft,falsche Kanäle nutzen im konkreten Auftrag im normalen Praxisalltag,Schichtwechsel nicht informieren im üblichen Arbeitsumfeld,A,Guter Informationsfluss verhindert Fehler.,"Bildungsplan Detailhandelsfachfrau/Detailhandelsfachmann EFZ, BDS/SBFI",https://www.bds-fcs.ch/de/Digitale-Medien/Download-Center?download=17
detailhandel,Detailhandelsfachfrau/Detailhandelsfachmann EFZ,dh_l11,HKB d,L11,Kommunikation im Betrieb und Teamarbeit,medium,single_choice,Worauf muss man beim Thema Informationsfluss in der Praxis besonders achten?,Informationen zurückhalten nach gängiger Praxis,wichtige Informationen rechtzeitig an passende Stellen weitergeben,falsche Kanäle nutzen im üblichen Berufsalltag im Rahmen der Routine,Schichtwechsel nicht informieren unter typischen Arbeitsbedingungen,B,Guter Informationsfluss verhindert Fehler.,"Bildungsplan Detailhandelsfachfrau/Detailhandelsfachmann EFZ, BDS/SBFI",https://www.bds-fcs.ch/de/Digitale-Medien/Download-Center?download=17
detailhandel,Detailhandelsfachfrau/Detailhandelsfachmann EFZ,dh_l11,HKB d,L11,Kommunikation im Betrieb und Teamarbeit,hard,single_choice,Welche Aussage zum Thema Informationsfluss ist fachlich korrekt?,Informationen zurückhalten im normalen Praxisalltag,falsche Kanäle nutzen im üblichen Arbeitsumfeld im normalen Betriebsablauf,wichtige Informationen rechtzeitig an passende Stellen weitergeben,Schichtwechsel nicht informieren bei sachgemässem Ablauf,C,Guter Informationsfluss verhindert Fehler.,"Bildungsplan Detailhandelsfachfrau/Detailhandelsfachmann EFZ, BDS/SBFI",https://www.bds-fcs.ch/de/Digitale-Medien/Download-Center?download=17
detailhandel,Detailhandelsfachfrau/Detailhandelsfachmann EFZ,dh_l11,HKB d,L11,Kommunikation im Betrieb und Teamarbeit,easy,single_choice,Welche Aussage beschreibt das Thema Teamarbeit im Beruf Detailhandelsfachfrau/Detailhandelsfachmann EFZ am besten?,Kollegen absichtlich blockieren bei vergleichbaren Aufgaben,Absprachen ignorieren im Rahmen der Routine im konkreten Auftrag,Fehler verschweigen unter typischen Arbeitsbedingungen,"respektvoll, verbindlich und lösungsorientiert zusammenarbeiten",D,Detailhandel ist Teamarbeit.,"Bildungsplan Detailhandelsfachfrau/Detailhandelsfachmann EFZ, BDS/SBFI",https://www.bds-fcs.ch/de/Digitale-Medien/Download-Center?download=17
detailhandel,Detailhandelsfachfrau/Detailhandelsfachmann EFZ,dh_l11,HKB d,L11,Kommunikation im Betrieb und Teamarbeit,medium,single_choice,Worauf muss man beim Thema Teamarbeit in der Praxis besonders achten?,"respektvoll, verbindlich und lösungsorientiert zusammenarbeiten",Kollegen absichtlich blockieren bei sachgemässer Ausführung,Absprachen ignorieren im normalen Betriebsablauf,Fehler verschweigen bei sachgemässem Ablauf im üblichen Berufsalltag,A,Detailhandel ist Teamarbeit.,"Bildungsplan Detailhandelsfachfrau/Detailhandelsfachmann EFZ, BDS/SBFI",https://www.bds-fcs.ch/de/Digitale-Medien/Download-Center?download=17
detailhandel,Detailhandelsfachfrau/Detailhandelsfachmann EFZ,dh_l11,HKB d,L11,Kommunikation im Betrieb und Teamarbeit,hard,single_choice,Welche Aussage zum Thema Teamarbeit ist fachlich korrekt?,Kollegen absichtlich blockieren im laufenden Tagesgeschäft,"respektvoll, verbindlich und lösungsorientiert zusammenarbeiten",Absprachen ignorieren im konkreten Auftrag im üblichen Arbeitsumfeld,Fehler verschweigen bei vergleichbaren Aufgaben,B,Detailhandel ist Teamarbeit.,"Bildungsplan Detailhandelsfachfrau/Detailhandelsfachmann EFZ, BDS/SBFI",https://www.bds-fcs.ch/de/Digitale-Medien/Download-Center?download=17
detailhandel,Detailhandelsfachfrau/Detailhandelsfachmann EFZ,dh_l11,HKB d,L11,Kommunikation im Betrieb und Teamarbeit,easy,single_choice,Welche Aussage beschreibt das Thema Schichtübergabe im Beruf Detailhandelsfachfrau/Detailhandelsfachmann EFZ am besten?,nichts dokumentieren bei sachgemässer Ausführung,Probleme verschweigen im üblichen Berufsalltag unter typischen Arbeitsbedingungen,"offene Aufgaben, Besonderheiten und Prioritäten klar mitteilen",Kundenreservationen vergessen nach gängiger Praxis,C,Übergaben sichern Kontinuität.,"Bildungsplan Detailhandelsfachfrau/Detailhandelsfachmann EFZ, BDS/SBFI",https://www.bds-fcs.ch/de/Digitale-Medien/Download-Center?download=17
detailhandel,Detailhandelsfachfrau/Detailhandelsfachmann EFZ,dh_l11,HKB d,L11,Kommunikation im Betrieb und Teamarbeit,medium,single_choice,Worauf muss man beim Thema Schichtübergabe in der Praxis besonders achten?,nichts dokumentieren im laufenden Tagesgeschäft bei sachgemässem Ablauf,Probleme verschweigen im üblichen Arbeitsumfeld,Kundenreservationen vergessen im normalen Praxisalltag,"offene Aufgaben, Besonderheiten und Prioritäten klar mitteilen",D,Übergaben sichern Kontinuität.,"Bildungsplan Detailhandelsfachfrau/Detailhandelsfachmann EFZ, BDS/SBFI",https://www.bds-fcs.ch/de/Digitale-Medien/Download-Center?download=17
detailhandel,Detailhandelsfachfrau/Detailhandelsfachmann EFZ,dh_l11,HKB d,L11,Kommunikation im Betrieb und Teamarbeit,hard,single_choice,Welche Aussage zum Thema Schichtübergabe ist fachlich korrekt?,"offene Aufgaben, Besonderheiten und Prioritäten klar mitteilen",nichts dokumentieren nach gängiger Praxis bei vergleichbaren Aufgaben,Probleme verschweigen unter typischen Arbeitsbedingungen,Kundenreservationen vergessen im Rahmen der Routine,A,Übergaben sichern Kontinuität.,"Bildungsplan Detailhandelsfachfrau/Detailhandelsfachmann EFZ, BDS/SBFI",https://www.bds-fcs.ch/de/Digitale-Medien/Download-Center?download=17
detailhandel,Detailhandelsfachfrau/Detailhandelsfachmann EFZ,dh_l11,HKB d,L11,Kommunikation im Betrieb und Teamarbeit,easy,single_choice,Welche Aussage beschreibt das Thema digitale Tools im Beruf Detailhandelsfachfrau/Detailhandelsfachmann EFZ am besten?,Passwörter teilen im normalen Praxisalltag,betriebliche Systeme korrekt und effizient nutzen,Daten doppelt erfassen im normalen Betriebsablauf,Meldungen ignorieren bei sachgemässem Ablauf,B,Digitale Tools unterstützen Betrieb und Kommunikation.,"Bildungsplan Detailhandelsfachfrau/Detailhandelsfachmann EFZ, BDS/SBFI",https://www.bds-fcs.ch/de/Digitale-Medien/Download-Center?download=17
detailhandel,Detailhandelsfachfrau/Detailhandelsfachmann EFZ,dh_l11,HKB d,L11,Kommunikation im Betrieb und Teamarbeit,medium,single_choice,Worauf muss man beim Thema digitale Tools in der Praxis besonders achten?,Passwörter teilen im Rahmen der Routine,Daten doppelt erfassen im konkreten Auftrag,betriebliche Systeme korrekt und effizient nutzen,Meldungen ignorieren bei vergleichbaren Aufgaben,C,Digitale Tools unterstützen Betrieb und Kommunikation.,"Bildungsplan Detailhandelsfachfrau/Detailhandelsfachmann EFZ, BDS/SBFI",https://www.bds-fcs.ch/de/Digitale-Medien/Download-Center?download=17
detailhandel,Detailhandelsfachfrau/Detailhandelsfachmann EFZ,dh_l11,HKB d,L11,Kommunikation im Betrieb und Teamarbeit,hard,single_choice,Welche Aussage zum Thema digitale Tools ist fachlich korrekt?,Passwörter teilen im normalen Betriebsablauf,Daten doppelt erfassen im üblichen Berufsalltag,Meldungen ignorieren bei sachgemässer Ausführung,betriebliche Systeme korrekt und effizient nutzen,D,Digitale Tools unterstützen Betrieb und Kommunikation.,"Bildungsplan Detailhandelsfachfrau/Detailhandelsfachmann EFZ, BDS/SBFI",https://www.bds-fcs.ch/de/Digitale-Medien/Download-Center?download=17
detailhandel,Detailhandelsfachfrau/Detailhandelsfachmann EFZ,dh_l11,HKB d,L11,Kommunikation im Betrieb und Teamarbeit,easy,single_choice,Welche Aussage beschreibt das Thema Notfall im Beruf Detailhandelsfachfrau/Detailhandelsfachmann EFZ am besten?,"Vorgaben kennen, Ruhe bewahren und zuständige Stellen informieren",Notfall allein vertuschen im üblichen Arbeitsumfeld,Fluchtwege blockieren im konkreten Auftrag im normalen Praxisalltag,Kunden nicht schützen im laufenden Tagesgeschäft,A,Notfälle verlangen klare Abläufe.,"Bildungsplan Detailhandelsfachfrau/Detailhandelsfachmann EFZ, BDS/SBFI",https://www.bds-fcs.ch/de/Digitale-Medien/Download-Center?download=17
detailhandel,Detailhandelsfachfrau/Detailhandelsfachmann EFZ,dh_l11,HKB d,L11,Kommunikation im Betrieb und Teamarbeit,medium,single_choice,Worauf muss man beim Thema Notfall in der Praxis besonders achten?,Notfall allein vertuschen unter typischen Arbeitsbedingungen,"Vorgaben kennen, Ruhe bewahren und zuständige Stellen informieren",Fluchtwege blockieren im üblichen Berufsalltag,Kunden nicht schützen nach gängiger Praxis im Rahmen der Routine,B,Notfälle verlangen klare Abläufe.,"Bildungsplan Detailhandelsfachfrau/Detailhandelsfachmann EFZ, BDS/SBFI",https://www.bds-fcs.ch/de/Digitale-Medien/Download-Center?download=17
detailhandel,Detailhandelsfachfrau/Detailhandelsfachmann EFZ,dh_l11,HKB d,L11,Kommunikation im Betrieb und Teamarbeit,hard,single_choice,Welche Aussage zum Thema Notfall ist fachlich korrekt?,Notfall allein vertuschen bei sachgemässem Ablauf,Fluchtwege blockieren im üblichen Arbeitsumfeld,"Vorgaben kennen, Ruhe bewahren und zuständige Stellen informieren",Kunden nicht schützen im normalen Praxisalltag im normalen Betriebsablauf,C,Notfälle verlangen klare Abläufe.,"Bildungsplan Detailhandelsfachfrau/Detailhandelsfachmann EFZ, BDS/SBFI",https://www.bds-fcs.ch/de/Digitale-Medien/Download-Center?download=17
detailhandel,Detailhandelsfachfrau/Detailhandelsfachmann EFZ,dh_l11,HKB d,L11,Kommunikation im Betrieb und Teamarbeit,easy,single_choice,Welche Aussage beschreibt das Thema Feedback im Team im Beruf Detailhandelsfachfrau/Detailhandelsfachmann EFZ am besten?,persönlich angreifen im Rahmen der Routine,nur lästern unter typischen Arbeitsbedingungen,Verbesserung verschweigen bei vergleichbaren Aufgaben,Rückmeldungen wertschätzend und konkret geben,D,Feedback fördert Zusammenarbeit.,"Bildungsplan Detailhandelsfachfrau/Detailhandelsfachmann EFZ, BDS/SBFI",https://www.bds-fcs.ch/de/Digitale-Medien/Download-Center?download=17
detailhandel,Detailhandelsfachfrau/Detailhandelsfachmann EFZ,dh_l11,HKB d,L11,Kommunikation im Betrieb und Teamarbeit,medium,single_choice,Worauf muss man beim Thema Feedback im Team in der Praxis besonders achten?,Rückmeldungen wertschätzend und konkret geben,persönlich angreifen im normalen Betriebsablauf,nur lästern bei sachgemässem Ablauf,Verbesserung verschweigen bei sachgemässer Ausführung,A,Feedback fördert Zusammenarbeit.,"Bildungsplan Detailhandelsfachfrau/Detailhandelsfachmann EFZ, BDS/SBFI",https://www.bds-fcs.ch/de/Digitale-Medien/Download-Center?download=17
detailhandel,Detailhandelsfachfrau/Detailhandelsfachmann EFZ,dh_l11,HKB d,L11,Kommunikation im Betrieb und Teamarbeit,hard,single_choice,Welche Aussage zum Thema Feedback im Team ist fachlich korrekt?,persönlich angreifen im konkreten Auftrag,Rückmeldungen wertschätzend und konkret geben,nur lästern bei vergleichbaren Aufgaben,Verbesserung verschweigen im laufenden Tagesgeschäft,B,Feedback fördert Zusammenarbeit.,"Bildungsplan Detailhandelsfachfrau/Detailhandelsfachmann EFZ, BDS/SBFI",https://www.bds-fcs.ch/de/Digitale-Medien/Download-Center?download=17
detailhandel,Detailhandelsfachfrau/Detailhandelsfachmann EFZ,dh_l11,HKB d,L11,Kommunikation im Betrieb und Teamarbeit,easy,single_choice,Welche Aussage beschreibt das Thema Konflikt im Team im Beruf Detailhandelsfachfrau/Detailhandelsfachmann EFZ am besten?,Konflikt ignorieren nach gängiger Praxis,Fronten verhärten bei sachgemässer Ausführung,Sichtweisen klären und Lösungsschritte vereinbaren,Kunden einbeziehen im üblichen Berufsalltag,C,Konflikte sollen professionell bearbeitet werden.,"Bildungsplan Detailhandelsfachfrau/Detailhandelsfachmann EFZ, BDS/SBFI",https://www.bds-fcs.ch/de/Digitale-Medien/Download-Center?download=17
detailhandel,Detailhandelsfachfrau/Detailhandelsfachmann EFZ,dh_l11,HKB d,L11,Kommunikation im Betrieb und Teamarbeit,medium,single_choice,Worauf muss man beim Thema Konflikt im Team in der Praxis besonders achten?,Konflikt ignorieren im normalen Praxisalltag,Fronten verhärten im laufenden Tagesgeschäft,Kunden einbeziehen im üblichen Arbeitsumfeld,Sichtweisen klären und Lösungsschritte vereinbaren,D,Konflikte sollen professionell bearbeitet werden.,"Bildungsplan Detailhandelsfachfrau/Detailhandelsfachmann EFZ, BDS/SBFI",https://www.bds-fcs.ch/de/Digitale-Medien/Download-Center?download=17
detailhandel,Detailhandelsfachfrau/Detailhandelsfachmann EFZ,dh_l11,HKB d,L11,Kommunikation im Betrieb und Teamarbeit,hard,single_choice,Welche Aussage zum Thema Konflikt im Team ist fachlich korrekt?,Sichtweisen klären und Lösungsschritte vereinbaren,Konflikt ignorieren im Rahmen der Routine,Fronten verhärten nach gängiger Praxis,Kunden einbeziehen unter typischen Arbeitsbedingungen,A,Konflikte sollen professionell bearbeitet werden.,"Bildungsplan Detailhandelsfachfrau/Detailhandelsfachmann EFZ, BDS/SBFI",https://www.bds-fcs.ch/de/Digitale-Medien/Download-Center?download=17
detailhandel,Detailhandelsfachfrau/Detailhandelsfachmann EFZ,dh_l11,HKB d,L11,Kommunikation im Betrieb und Teamarbeit,easy,single_choice,Welche Aussage beschreibt das Thema Teamstruktur im Beruf Detailhandelsfachfrau/Detailhandelsfachmann EFZ am besten?,Anweisungen beliebig umgehen im normalen Betriebsablauf,"Rollen, Zuständigkeiten und Entscheidwege kennen",Zuständigkeiten ignorieren bei sachgemässem Ablauf,alles doppelt erledigen im normalen Praxisalltag,B,Strukturen erleichtern Koordination.,"Bildungsplan Detailhandelsfachfrau/Detailhandelsfachmann EFZ, BDS/SBFI",https://www.bds-fcs.ch/de/Digitale-Medien/Download-Center?download=17
detailhandel,Detailhandelsfachfrau/Detailhandelsfachmann EFZ,dh_l11,HKB d,L11,Kommunikation im Betrieb und Teamarbeit,medium,single_choice,Worauf muss man beim Thema Teamstruktur in der Praxis besonders achten?,Anweisungen beliebig umgehen im konkreten Auftrag,Zuständigkeiten ignorieren bei vergleichbaren Aufgaben,"Rollen, Zuständigkeiten und Entscheidwege kennen",alles doppelt erledigen im Rahmen der Routine,C,Strukturen erleichtern Koordination.,"Bildungsplan Detailhandelsfachfrau/Detailhandelsfachmann EFZ, BDS/SBFI",https://www.bds-fcs.ch/de/Digitale-Medien/Download-Center?download=17
detailhandel,Detailhandelsfachfrau/Detailhandelsfachmann EFZ,dh_l11,HKB d,L11,Kommunikation im Betrieb und Teamarbeit,hard,single_choice,Welche Aussage zum Thema Teamstruktur ist fachlich korrekt?,Anweisungen beliebig umgehen im üblichen Berufsalltag,Zuständigkeiten ignorieren bei sachgemässer Ausführung,alles doppelt erledigen im normalen Betriebsablauf,"Rollen, Zuständigkeiten und Entscheidwege kennen",D,Strukturen erleichtern Koordination.,"Bildungsplan Detailhandelsfachfrau/Detailhandelsfachmann EFZ, BDS/SBFI",https://www.bds-fcs.ch/de/Digitale-Medien/Download-Center?download=17
detailhandel,Detailhandelsfachfrau/Detailhandelsfachmann EFZ,dh_l11,HKB d,L11,Kommunikation im Betrieb und Teamarbeit,easy,single_choice,Welche Aussage beschreibt das Thema Informationsqualität im Beruf Detailhandelsfachfrau/Detailhandelsfachmann EFZ am besten?,"Informationen klar, vollständig und korrekt weitergeben",halbe Angaben senden im laufenden Tagesgeschäft,Gerüchte verbreiten im konkreten Auftrag,wichtige Details weglassen im üblichen Arbeitsumfeld,A,Qualität der Information beeinflusst Arbeitsqualität.,"Bildungsplan Detailhandelsfachfrau/Detailhandelsfachmann EFZ, BDS/SBFI",https://www.bds-fcs.ch/de/Digitale-Medien/Download-Center?download=17
detailhandel,Detailhandelsfachfrau/Detailhandelsfachmann EFZ,dh_l11,HKB d,L11,Kommunikation im Betrieb und Teamarbeit,medium,single_choice,Worauf muss man beim Thema Informationsqualität in der Praxis besonders achten?,halbe Angaben senden nach gängiger Praxis,"Informationen klar, vollständig und korrekt weitergeben",Gerüchte verbreiten im üblichen Berufsalltag,wichtige Details weglassen unter typischen Arbeitsbedingungen,B,Qualität der Information beeinflusst Arbeitsqualität.,"Bildungsplan Detailhandelsfachfrau/Detailhandelsfachmann EFZ, BDS/SBFI",https://www.bds-fcs.ch/de/Digitale-Medien/Download-Center?download=17
detailhandel,Detailhandelsfachfrau/Detailhandelsfachmann EFZ,dh_l11,HKB d,L11,Kommunikation im Betrieb und Teamarbeit,hard,single_choice,Welche Aussage zum Thema Informationsqualität ist fachlich korrekt?,halbe Angaben senden im normalen Praxisalltag,Gerüchte verbreiten im üblichen Arbeitsumfeld,"Informationen klar, vollständig und korrekt weitergeben",wichtige Details weglassen bei sachgemässem Ablauf,C,Qualität der Information beeinflusst Arbeitsqualität.,"Bildungsplan Detailhandelsfachfrau/Detailhandelsfachmann EFZ, BDS/SBFI",https://www.bds-fcs.ch/de/Digitale-Medien/Download-Center?download=17
detailhandel,Detailhandelsfachfrau/Detailhandelsfachmann EFZ,dh_l11,HKB d,L11,Kommunikation im Betrieb und Teamarbeit,easy,single_choice,Welche Aussage beschreibt das Thema Zusammenarbeit mit Lernenden im Beruf Detailhandelsfachfrau/Detailhandelsfachmann EFZ am besten?,Wissen zurückhalten unter typischen Arbeitsbedingungen,Aufgaben ohne Anleitung abgeben bei vergleichbaren Aufgaben,Fehler blossstellen im Rahmen der Routine,"unterstützen, erklären und respektvoll begleiten",D,Teamkompetenz umfasst auch Unterstützung anderer.,"Bildungsplan Detailhandelsfachfrau/Detailhandelsfachmann EFZ, BDS/SBFI",https://www.bds-fcs.ch/de/Digitale-Medien/Download-Center?download=17
detailhandel,Detailhandelsfachfrau/Detailhandelsfachmann EFZ,dh_l11,HKB d,L11,Kommunikation im Betrieb und Teamarbeit,medium,single_choice,Worauf muss man beim Thema Zusammenarbeit mit Lernenden in der Praxis besonders achten?,"unterstützen, erklären und respektvoll begleiten",Wissen zurückhalten bei sachgemässem Ablauf,Aufgaben ohne Anleitung abgeben bei sachgemässer Ausführung,Fehler blossstellen im normalen Betriebsablauf,A,Teamkompetenz umfasst auch Unterstützung anderer.,"Bildungsplan Detailhandelsfachfrau/Detailhandelsfachmann EFZ, BDS/SBFI",https://www.bds-fcs.ch/de/Digitale-Medien/Download-Center?download=17
detailhandel,Detailhandelsfachfrau/Detailhandelsfachmann EFZ,dh_l11,HKB d,L11,Kommunikation im Betrieb und Teamarbeit,hard,single_choice,Welche Aussage zum Thema Zusammenarbeit mit Lernenden ist fachlich korrekt?,Wissen zurückhalten bei vergleichbaren Aufgaben,"unterstützen, erklären und respektvoll begleiten",Aufgaben ohne Anleitung abgeben im laufenden Tagesgeschäft,Fehler blossstellen im konkreten Auftrag,B,Teamkompetenz umfasst auch Unterstützung anderer.,"Bildungsplan Detailhandelsfachfrau/Detailhandelsfachmann EFZ, BDS/SBFI",https://www.bds-fcs.ch/de/Digitale-Medien/Download-Center?download=17
detailhandel,Detailhandelsfachfrau/Detailhandelsfachmann EFZ,dh_l12,HKB d,L12,Betriebliche Entwicklung und Lernfähigkeit,easy,single_choice,Welche Aussage beschreibt das Thema betriebliche Veränderung im Beruf Detailhandelsfachfrau/Detailhandelsfachmann EFZ am besten?,Veränderung sofort ablehnen nach gängiger Praxis,Anweisungen ignorieren bei sachgemässer Ausführung,neue Aufgaben offen aufnehmen und Auswirkungen verstehen,Unsicherheit verstecken im üblichen Berufsalltag,C,Detailhandelsbetriebe passen sich Markt und Kunden an.,"Bildungsplan Detailhandelsfachfrau/Detailhandelsfachmann EFZ, BDS/SBFI",https://www.bds-fcs.ch/de/Digitale-Medien/Download-Center?download=17
detailhandel,Detailhandelsfachfrau/Detailhandelsfachmann EFZ,dh_l12,HKB d,L12,Betriebliche Entwicklung und Lernfähigkeit,medium,single_choice,Worauf muss man beim Thema betriebliche Veränderung in der Praxis besonders achten?,Veränderung sofort ablehnen im normalen Praxisalltag,Anweisungen ignorieren im laufenden Tagesgeschäft,Unsicherheit verstecken im üblichen Arbeitsumfeld,neue Aufgaben offen aufnehmen und Auswirkungen verstehen,D,Detailhandelsbetriebe passen sich Markt und Kunden an.,"Bildungsplan Detailhandelsfachfrau/Detailhandelsfachmann EFZ, BDS/SBFI",https://www.bds-fcs.ch/de/Digitale-Medien/Download-Center?download=17
detailhandel,Detailhandelsfachfrau/Detailhandelsfachmann EFZ,dh_l12,HKB d,L12,Betriebliche Entwicklung und Lernfähigkeit,hard,single_choice,Welche Aussage zum Thema betriebliche Veränderung ist fachlich korrekt?,neue Aufgaben offen aufnehmen und Auswirkungen verstehen,Veränderung sofort ablehnen im Rahmen der Routine,Anweisungen ignorieren nach gängiger Praxis,Unsicherheit verstecken unter typischen Arbeitsbedingungen,A,Detailhandelsbetriebe passen sich Markt und Kunden an.,"Bildungsplan Detailhandelsfachfrau/Detailhandelsfachmann EFZ, BDS/SBFI",https://www.bds-fcs.ch/de/Digitale-Medien/Download-Center?download=17
detailhandel,Detailhandelsfachfrau/Detailhandelsfachmann EFZ,dh_l12,HKB d,L12,Betriebliche Entwicklung und Lernfähigkeit,easy,single_choice,Welche Aussage beschreibt das Thema Marktpositionierung im Beruf Detailhandelsfachfrau/Detailhandelsfachmann EFZ am besten?,Alleinstellungsmerkmale ignorieren im normalen Betriebsablauf,"verstehen, wie sich der Betrieb im Markt unterscheidet",Zielgruppe nicht kennen im normalen Praxisalltag,Konkurrenz nie beobachten bei sachgemässem Ablauf,B,Positionierung beeinflusst Beratung und Präsentation.,"Bildungsplan Detailhandelsfachfrau/Detailhandelsfachmann EFZ, BDS/SBFI",https://www.bds-fcs.ch/de/Digitale-Medien/Download-Center?download=17
detailhandel,Detailhandelsfachfrau/Detailhandelsfachmann EFZ,dh_l12,HKB d,L12,Betriebliche Entwicklung und Lernfähigkeit,medium,single_choice,Worauf muss man beim Thema Marktpositionierung in der Praxis besonders achten?,Alleinstellungsmerkmale ignorieren im konkreten Auftrag,Zielgruppe nicht kennen im Rahmen der Routine,"verstehen, wie sich der Betrieb im Markt unterscheidet",Konkurrenz nie beobachten bei vergleichbaren Aufgaben,C,Positionierung beeinflusst Beratung und Präsentation.,"Bildungsplan Detailhandelsfachfrau/Detailhandelsfachmann EFZ, BDS/SBFI",https://www.bds-fcs.ch/de/Digitale-Medien/Download-Center?download=17
detailhandel,Detailhandelsfachfrau/Detailhandelsfachmann EFZ,dh_l12,HKB d,L12,Betriebliche Entwicklung und Lernfähigkeit,hard,single_choice,Welche Aussage zum Thema Marktpositionierung ist fachlich korrekt?,Alleinstellungsmerkmale ignorieren im üblichen Berufsalltag,Zielgruppe nicht kennen im normalen Betriebsablauf,Konkurrenz nie beobachten bei sachgemässer Ausführung,"verstehen, wie sich der Betrieb im Markt unterscheidet",D,Positionierung beeinflusst Beratung und Präsentation.,"Bildungsplan Detailhandelsfachfrau/Detailhandelsfachmann EFZ, BDS/SBFI",https://www.bds-fcs.ch/de/Digitale-Medien/Download-Center?download=17
detailhandel,Detailhandelsfachfrau/Detailhandelsfachmann EFZ,dh_l12,HKB d,L12,Betriebliche Entwicklung und Lernfähigkeit,easy,single_choice,Welche Aussage beschreibt das Thema Rechtsform im Beruf Detailhandelsfachfrau/Detailhandelsfachmann EFZ am besten?,Grundunterschiede von Unternehmensformen kennen,alle Betriebe gleich einordnen im üblichen Arbeitsumfeld,Haftung ignorieren im konkreten Auftrag,Organisation nicht beachten im laufenden Tagesgeschäft,A,Rechtsformen beeinflussen Verantwortung und Struktur.,"Bildungsplan Detailhandelsfachfrau/Detailhandelsfachmann EFZ, BDS/SBFI",https://www.bds-fcs.ch/de/Digitale-Medien/Download-Center?download=17
detailhandel,Detailhandelsfachfrau/Detailhandelsfachmann EFZ,dh_l12,HKB d,L12,Betriebliche Entwicklung und Lernfähigkeit,medium,single_choice,Worauf muss man beim Thema Rechtsform in der Praxis besonders achten?,alle Betriebe gleich einordnen unter typischen Arbeitsbedingungen,Grundunterschiede von Unternehmensformen kennen,Haftung ignorieren im üblichen Berufsalltag,Organisation nicht beachten nach gängiger Praxis,B,Rechtsformen beeinflussen Verantwortung und Struktur.,"Bildungsplan Detailhandelsfachfrau/Detailhandelsfachmann EFZ, BDS/SBFI",https://www.bds-fcs.ch/de/Digitale-Medien/Download-Center?download=17
detailhandel,Detailhandelsfachfrau/Detailhandelsfachmann EFZ,dh_l12,HKB d,L12,Betriebliche Entwicklung und Lernfähigkeit,hard,single_choice,Welche Aussage zum Thema Rechtsform ist fachlich korrekt?,alle Betriebe gleich einordnen bei sachgemässem Ablauf,Haftung ignorieren im üblichen Arbeitsumfeld,Grundunterschiede von Unternehmensformen kennen,Organisation nicht beachten im normalen Praxisalltag,C,Rechtsformen beeinflussen Verantwortung und Struktur.,"Bildungsplan Detailhandelsfachfrau/Detailhandelsfachmann EFZ, BDS/SBFI",https://www.bds-fcs.ch/de/Digitale-Medien/Download-Center?download=17
detailhandel,Detailhandelsfachfrau/Detailhandelsfachmann EFZ,dh_l12,HKB d,L12,Betriebliche Entwicklung und Lernfähigkeit,easy,single_choice,Welche Aussage beschreibt das Thema Lerntechnik im Beruf Detailhandelsfachfrau/Detailhandelsfachmann EFZ am besten?,nur kurz vor Prüfungen lernen bei vergleichbaren Aufgaben,Fehler nicht auswerten unter typischen Arbeitsbedingungen,keine Wiederholung planen im Rahmen der Routine,"geeignete Methoden für Wissen, Praxis und Reflexion einsetzen",D,Lernfähigkeit ist Teil der Selbstkompetenz.,"Bildungsplan Detailhandelsfachfrau/Detailhandelsfachmann EFZ, BDS/SBFI",https://www.bds-fcs.ch/de/Digitale-Medien/Download-Center?download=17
detailhandel,Detailhandelsfachfrau/Detailhandelsfachmann EFZ,dh_l12,HKB d,L12,Betriebliche Entwicklung und Lernfähigkeit,medium,single_choice,Worauf muss man beim Thema Lerntechnik in der Praxis besonders achten?,"geeignete Methoden für Wissen, Praxis und Reflexion einsetzen",nur kurz vor Prüfungen lernen bei sachgemässer Ausführung,Fehler nicht auswerten bei sachgemässem Ablauf,keine Wiederholung planen im normalen Betriebsablauf,A,Lernfähigkeit ist Teil der Selbstkompetenz.,"Bildungsplan Detailhandelsfachfrau/Detailhandelsfachmann EFZ, BDS/SBFI",https://www.bds-fcs.ch/de/Digitale-Medien/Download-Center?download=17
detailhandel,Detailhandelsfachfrau/Detailhandelsfachmann EFZ,dh_l12,HKB d,L12,Betriebliche Entwicklung und Lernfähigkeit,hard,single_choice,Welche Aussage zum Thema Lerntechnik ist fachlich korrekt?,nur kurz vor Prüfungen lernen im laufenden Tagesgeschäft,"geeignete Methoden für Wissen, Praxis und Reflexion einsetzen",Fehler nicht auswerten bei vergleichbaren Aufgaben,keine Wiederholung planen im konkreten Auftrag,B,Lernfähigkeit ist Teil der Selbstkompetenz.,"Bildungsplan Detailhandelsfachfrau/Detailhandelsfachmann EFZ, BDS/SBFI",https://www.bds-fcs.ch/de/Digitale-Medien/Download-Center?download=17
detailhandel,Detailhandelsfachfrau/Detailhandelsfachmann EFZ,dh_l12,HKB d,L12,Betriebliche Entwicklung und Lernfähigkeit,easy,single_choice,Welche Aussage beschreibt das Thema Kompetenzentwicklung im Beruf Detailhandelsfachfrau/Detailhandelsfachmann EFZ am besten?,Feedback abwehren im üblichen Berufsalltag,Entwicklung dem Zufall überlassen nach gängiger Praxis,eigene Fähigkeiten erkennen und gezielt verbessern,Ziele nie prüfen bei sachgemässer Ausführung,C,Berufliche Entwicklung braucht aktive Steuerung.,"Bildungsplan Detailhandelsfachfrau/Detailhandelsfachmann EFZ, BDS/SBFI",https://www.bds-fcs.ch/de/Digitale-Medien/Download-Center?download=17
detailhandel,Detailhandelsfachfrau/Detailhandelsfachmann EFZ,dh_l12,HKB d,L12,Betriebliche Entwicklung und Lernfähigkeit,medium,single_choice,Worauf muss man beim Thema Kompetenzentwicklung in der Praxis besonders achten?,Feedback abwehren im üblichen Arbeitsumfeld,Entwicklung dem Zufall überlassen im normalen Praxisalltag,Ziele nie prüfen im laufenden Tagesgeschäft,eigene Fähigkeiten erkennen und gezielt verbessern,D,Berufliche Entwicklung braucht aktive Steuerung.,"Bildungsplan Detailhandelsfachfrau/Detailhandelsfachmann EFZ, BDS/SBFI",https://www.bds-fcs.ch/de/Digitale-Medien/Download-Center?download=17
detailhandel,Detailhandelsfachfrau/Detailhandelsfachmann EFZ,dh_l12,HKB d,L12,Betriebliche Entwicklung und Lernfähigkeit,hard,single_choice,Welche Aussage zum Thema Kompetenzentwicklung ist fachlich korrekt?,eigene Fähigkeiten erkennen und gezielt verbessern,Feedback abwehren unter typischen Arbeitsbedingungen,Entwicklung dem Zufall überlassen im Rahmen der Routine,Ziele nie prüfen nach gängiger Praxis,A,Berufliche Entwicklung braucht aktive Steuerung.,"Bildungsplan Detailhandelsfachfrau/Detailhandelsfachmann EFZ, BDS/SBFI",https://www.bds-fcs.ch/de/Digitale-Medien/Download-Center?download=17
detailhandel,Detailhandelsfachfrau/Detailhandelsfachmann EFZ,dh_l12,HKB d,L12,Betriebliche Entwicklung und Lernfähigkeit,easy,single_choice,Welche Aussage beschreibt das Thema Umgang mit Unsicherheit im Beruf Detailhandelsfachfrau/Detailhandelsfachmann EFZ am besten?,raten statt klären im normalen Praxisalltag,"nachfragen, Informationen suchen und handlungsfähig bleiben",Probleme verbergen bei sachgemässem Ablauf bei sachgemässer Ausführung,falsche Zusagen machen im normalen Betriebsablauf,B,Nachfragen ist professionell.,"Bildungsplan Detailhandelsfachfrau/Detailhandelsfachmann EFZ, BDS/SBFI",https://www.bds-fcs.ch/de/Digitale-Medien/Download-Center?download=17
detailhandel,Detailhandelsfachfrau/Detailhandelsfachmann EFZ,dh_l12,HKB d,L12,Betriebliche Entwicklung und Lernfähigkeit,medium,single_choice,Worauf muss man beim Thema Umgang mit Unsicherheit in der Praxis besonders achten?,raten statt klären im Rahmen der Routine im laufenden Tagesgeschäft,Probleme verbergen bei vergleichbaren Aufgaben,"nachfragen, Informationen suchen und handlungsfähig bleiben",falsche Zusagen machen im konkreten Auftrag,C,Nachfragen ist professionell.,"Bildungsplan Detailhandelsfachfrau/Detailhandelsfachmann EFZ, BDS/SBFI",https://www.bds-fcs.ch/de/Digitale-Medien/Download-Center?download=17
detailhandel,Detailhandelsfachfrau/Detailhandelsfachmann EFZ,dh_l12,HKB d,L12,Betriebliche Entwicklung und Lernfähigkeit,hard,single_choice,Welche Aussage zum Thema Umgang mit Unsicherheit ist fachlich korrekt?,raten statt klären im normalen Betriebsablauf nach gängiger Praxis,Probleme verbergen bei sachgemässer Ausführung,falsche Zusagen machen im üblichen Berufsalltag,"nachfragen, Informationen suchen und handlungsfähig bleiben",D,Nachfragen ist professionell.,"Bildungsplan Detailhandelsfachfrau/Detailhandelsfachmann EFZ, BDS/SBFI",https://www.bds-fcs.ch/de/Digitale-Medien/Download-Center?download=17
detailhandel,Detailhandelsfachfrau/Detailhandelsfachmann EFZ,dh_l12,HKB d,L12,Betriebliche Entwicklung und Lernfähigkeit,easy,single_choice,Welche Aussage beschreibt das Thema Verbesserungsvorschlag im Beruf Detailhandelsfachfrau/Detailhandelsfachmann EFZ am besten?,Beobachtungen begründen und konstruktiv einbringen,nur kritisieren im konkreten Auftrag,keine Lösungsidee nennen im üblichen Arbeitsumfeld,falsche Fakten nutzen im laufenden Tagesgeschäft,A,Mitarbeitende können zur Entwicklung beitragen.,"Bildungsplan Detailhandelsfachfrau/Detailhandelsfachmann EFZ, BDS/SBFI",https://www.bds-fcs.ch/de/Digitale-Medien/Download-Center?download=17
detailhandel,Detailhandelsfachfrau/Detailhandelsfachmann EFZ,dh_l12,HKB d,L12,Betriebliche Entwicklung und Lernfähigkeit,medium,single_choice,Worauf muss man beim Thema Verbesserungsvorschlag in der Praxis besonders achten?,nur kritisieren im üblichen Berufsalltag,Beobachtungen begründen und konstruktiv einbringen,keine Lösungsidee nennen unter typischen Arbeitsbedingungen,falsche Fakten nutzen nach gängiger Praxis,B,Mitarbeitende können zur Entwicklung beitragen.,"Bildungsplan Detailhandelsfachfrau/Detailhandelsfachmann EFZ, BDS/SBFI",https://www.bds-fcs.ch/de/Digitale-Medien/Download-Center?download=17
detailhandel,Detailhandelsfachfrau/Detailhandelsfachmann EFZ,dh_l12,HKB d,L12,Betriebliche Entwicklung und Lernfähigkeit,hard,single_choice,Welche Aussage zum Thema Verbesserungsvorschlag ist fachlich korrekt?,nur kritisieren im üblichen Arbeitsumfeld,keine Lösungsidee nennen bei sachgemässem Ablauf,Beobachtungen begründen und konstruktiv einbringen,falsche Fakten nutzen im normalen Praxisalltag,C,Mitarbeitende können zur Entwicklung beitragen.,"Bildungsplan Detailhandelsfachfrau/Detailhandelsfachmann EFZ, BDS/SBFI",https://www.bds-fcs.ch/de/Digitale-Medien/Download-Center?download=17
detailhandel,Detailhandelsfachfrau/Detailhandelsfachmann EFZ,dh_l12,HKB d,L12,Betriebliche Entwicklung und Lernfähigkeit,easy,single_choice,Welche Aussage beschreibt das Thema Veränderungskommunikation im Beruf Detailhandelsfachfrau/Detailhandelsfachmann EFZ am besten?,Gerüchte verbreiten im Rahmen der Routine,Details verschweigen bei vergleichbaren Aufgaben,Widerstand schüren unter typischen Arbeitsbedingungen,Informationen zu Neuerungen verständlich weitergeben,D,Klare Kommunikation erleichtert Umsetzung.,"Bildungsplan Detailhandelsfachfrau/Detailhandelsfachmann EFZ, BDS/SBFI",https://www.bds-fcs.ch/de/Digitale-Medien/Download-Center?download=17
detailhandel,Detailhandelsfachfrau/Detailhandelsfachmann EFZ,dh_l12,HKB d,L12,Betriebliche Entwicklung und Lernfähigkeit,medium,single_choice,Worauf muss man beim Thema Veränderungskommunikation in der Praxis besonders achten?,Informationen zu Neuerungen verständlich weitergeben,Gerüchte verbreiten im normalen Betriebsablauf,Details verschweigen bei sachgemässer Ausführung,Widerstand schüren bei sachgemässem Ablauf,A,Klare Kommunikation erleichtert Umsetzung.,"Bildungsplan Detailhandelsfachfrau/Detailhandelsfachmann EFZ, BDS/SBFI",https://www.bds-fcs.ch/de/Digitale-Medien/Download-Center?download=17
detailhandel,Detailhandelsfachfrau/Detailhandelsfachmann EFZ,dh_l12,HKB d,L12,Betriebliche Entwicklung und Lernfähigkeit,hard,single_choice,Welche Aussage zum Thema Veränderungskommunikation ist fachlich korrekt?,Gerüchte verbreiten im konkreten Auftrag,Informationen zu Neuerungen verständlich weitergeben,Details verschweigen im laufenden Tagesgeschäft,Widerstand schüren bei vergleichbaren Aufgaben,B,Klare Kommunikation erleichtert Umsetzung.,"Bildungsplan Detailhandelsfachfrau/Detailhandelsfachmann EFZ, BDS/SBFI",https://www.bds-fcs.ch/de/Digitale-Medien/Download-Center?download=17
detailhandel,Detailhandelsfachfrau/Detailhandelsfachmann EFZ,dh_l12,HKB d,L12,Betriebliche Entwicklung und Lernfähigkeit,easy,single_choice,Welche Aussage beschreibt das Thema Selbstverantwortung im Beruf Detailhandelsfachfrau/Detailhandelsfachmann EFZ am besten?,andere für alles verantwortlich machen,Aufgaben liegen lassen im üblichen Berufsalltag,eigene Aufgaben und Lernprozesse aktiv wahrnehmen,keine Hilfe holen bei sachgemässer Ausführung,C,Selbstverantwortung ist im Berufsalltag zentral.,"Bildungsplan Detailhandelsfachfrau/Detailhandelsfachmann EFZ, BDS/SBFI",https://www.bds-fcs.ch/de/Digitale-Medien/Download-Center?download=17
detailhandel,Detailhandelsfachfrau/Detailhandelsfachmann EFZ,dh_l12,HKB d,L12,Betriebliche Entwicklung und Lernfähigkeit,medium,single_choice,Worauf muss man beim Thema Selbstverantwortung in der Praxis besonders achten?,andere für alles verantwortlich machen,Aufgaben liegen lassen im üblichen Arbeitsumfeld,keine Hilfe holen im laufenden Tagesgeschäft,eigene Aufgaben und Lernprozesse aktiv wahrnehmen,D,Selbstverantwortung ist im Berufsalltag zentral.,"Bildungsplan Detailhandelsfachfrau/Detailhandelsfachmann EFZ, BDS/SBFI",https://www.bds-fcs.ch/de/Digitale-Medien/Download-Center?download=17
detailhandel,Detailhandelsfachfrau/Detailhandelsfachmann EFZ,dh_l12,HKB d,L12,Betriebliche Entwicklung und Lernfähigkeit,hard,single_choice,Welche Aussage zum Thema Selbstverantwortung ist fachlich korrekt?,eigene Aufgaben und Lernprozesse aktiv wahrnehmen,andere für alles verantwortlich machen,Aufgaben liegen lassen unter typischen Arbeitsbedingungen,keine Hilfe holen nach gängiger Praxis,A,Selbstverantwortung ist im Berufsalltag zentral.,"Bildungsplan Detailhandelsfachfrau/Detailhandelsfachmann EFZ, BDS/SBFI",https://www.bds-fcs.ch/de/Digitale-Medien/Download-Center?download=17
detailhandel,Detailhandelsfachfrau/Detailhandelsfachmann EFZ,dh_l12,HKB d,L12,Betriebliche Entwicklung und Lernfähigkeit,easy,single_choice,Welche Aussage beschreibt das Thema Reflexion im Beruf Detailhandelsfachfrau/Detailhandelsfachmann EFZ am besten?,immer gleich weitermachen bei sachgemässem Ablauf,Erfahrungen auswerten und Konsequenzen für künftiges Handeln ziehen,Fehler verdrängen im normalen Praxisalltag bei sachgemässer Ausführung,keine Verbesserung planen im normalen Betriebsablauf,B,Reflexion macht Lernen nachhaltig.,"Bildungsplan Detailhandelsfachfrau/Detailhandelsfachmann EFZ, BDS/SBFI",https://www.bds-fcs.ch/de/Digitale-Medien/Download-Center?download=17
detailhandel,Detailhandelsfachfrau/Detailhandelsfachmann EFZ,dh_l12,HKB d,L12,Betriebliche Entwicklung und Lernfähigkeit,medium,single_choice,Worauf muss man beim Thema Reflexion in der Praxis besonders achten?,immer gleich weitermachen bei vergleichbaren Aufgaben,Fehler verdrängen im Rahmen der Routine im laufenden Tagesgeschäft,Erfahrungen auswerten und Konsequenzen für künftiges Handeln ziehen,keine Verbesserung planen im konkreten Auftrag im üblichen Arbeitsumfeld,C,Reflexion macht Lernen nachhaltig.,"Bildungsplan Detailhandelsfachfrau/Detailhandelsfachmann EFZ, BDS/SBFI",https://www.bds-fcs.ch/de/Digitale-Medien/Download-Center?download=17
detailhandel,Detailhandelsfachfrau/Detailhandelsfachmann EFZ,dh_l12,HKB d,L12,Betriebliche Entwicklung und Lernfähigkeit,hard,single_choice,Welche Aussage zum Thema Reflexion ist fachlich korrekt?,immer gleich weitermachen bei sachgemässer Ausführung,Fehler verdrängen im normalen Betriebsablauf nach gängiger Praxis,keine Verbesserung planen im üblichen Berufsalltag,Erfahrungen auswerten und Konsequenzen für künftiges Handeln ziehen,D,Reflexion macht Lernen nachhaltig.,"Bildungsplan Detailhandelsfachfrau/Detailhandelsfachmann EFZ, BDS/SBFI",https://www.bds-fcs.ch/de/Digitale-Medien/Download-Center?download=17
detailhandel,Detailhandelsfachfrau/Detailhandelsfachmann EFZ,dh_l13,HKB d,L13,Selbstmanagement und Organisation,easy,single_choice,Welche Aussage beschreibt das Thema Arbeitsplanung im Beruf Detailhandelsfachfrau/Detailhandelsfachmann EFZ am besten?,"Aufgaben, Zeit und Ressourcen realistisch planen",ohne Reihenfolge starten im laufenden Tagesgeschäft,Fristen ignorieren im konkreten Auftrag,Materialbedarf nie prüfen im üblichen Arbeitsumfeld,A,Planung hilft im dynamischen Verkaufsalltag.,"Bildungsplan Detailhandelsfachfrau/Detailhandelsfachmann EFZ, BDS/SBFI",https://www.bds-fcs.ch/de/Digitale-Medien/Download-Center?download=17
detailhandel,Detailhandelsfachfrau/Detailhandelsfachmann EFZ,dh_l13,HKB d,L13,Selbstmanagement und Organisation,medium,single_choice,Worauf muss man beim Thema Arbeitsplanung in der Praxis besonders achten?,ohne Reihenfolge starten nach gängiger Praxis,"Aufgaben, Zeit und Ressourcen realistisch planen",Fristen ignorieren im üblichen Berufsalltag,Materialbedarf nie prüfen unter typischen Arbeitsbedingungen,B,Planung hilft im dynamischen Verkaufsalltag.,"Bildungsplan Detailhandelsfachfrau/Detailhandelsfachmann EFZ, BDS/SBFI",https://www.bds-fcs.ch/de/Digitale-Medien/Download-Center?download=17
detailhandel,Detailhandelsfachfrau/Detailhandelsfachmann EFZ,dh_l13,HKB d,L13,Selbstmanagement und Organisation,hard,single_choice,Welche Aussage zum Thema Arbeitsplanung ist fachlich korrekt?,ohne Reihenfolge starten im normalen Praxisalltag,Fristen ignorieren im üblichen Arbeitsumfeld,"Aufgaben, Zeit und Ressourcen realistisch planen",Materialbedarf nie prüfen bei sachgemässem Ablauf,C,Planung hilft im dynamischen Verkaufsalltag.,"Bildungsplan Detailhandelsfachfrau/Detailhandelsfachmann EFZ, BDS/SBFI",https://www.bds-fcs.ch/de/Digitale-Medien/Download-Center?download=17
detailhandel,Detailhandelsfachfrau/Detailhandelsfachmann EFZ,dh_l13,HKB d,L13,Selbstmanagement und Organisation,easy,single_choice,Welche Aussage beschreibt das Thema Priorisierung im Beruf Detailhandelsfachfrau/Detailhandelsfachmann EFZ am besten?,alles gleichzeitig machen unter typischen Arbeitsbedingungen,wichtige Kunden warten lassen im Rahmen der Routine,nur Lieblingsaufgaben erledigen bei vergleichbaren Aufgaben,"Dringlichkeit, Wichtigkeit und Kundenwirkung abwägen",D,Prioritäten sichern Service und Effizienz.,"Bildungsplan Detailhandelsfachfrau/Detailhandelsfachmann EFZ, BDS/SBFI",https://www.bds-fcs.ch/de/Digitale-Medien/Download-Center?download=17
detailhandel,Detailhandelsfachfrau/Detailhandelsfachmann EFZ,dh_l13,HKB d,L13,Selbstmanagement und Organisation,medium,single_choice,Worauf muss man beim Thema Priorisierung in der Praxis besonders achten?,"Dringlichkeit, Wichtigkeit und Kundenwirkung abwägen",alles gleichzeitig machen bei sachgemässem Ablauf,wichtige Kunden warten lassen im normalen Betriebsablauf,nur Lieblingsaufgaben erledigen bei sachgemässer Ausführung,A,Prioritäten sichern Service und Effizienz.,"Bildungsplan Detailhandelsfachfrau/Detailhandelsfachmann EFZ, BDS/SBFI",https://www.bds-fcs.ch/de/Digitale-Medien/Download-Center?download=17
detailhandel,Detailhandelsfachfrau/Detailhandelsfachmann EFZ,dh_l13,HKB d,L13,Selbstmanagement und Organisation,hard,single_choice,Welche Aussage zum Thema Priorisierung ist fachlich korrekt?,alles gleichzeitig machen bei vergleichbaren Aufgaben,"Dringlichkeit, Wichtigkeit und Kundenwirkung abwägen",wichtige Kunden warten lassen im konkreten Auftrag,nur Lieblingsaufgaben erledigen im laufenden Tagesgeschäft,B,Prioritäten sichern Service und Effizienz.,"Bildungsplan Detailhandelsfachfrau/Detailhandelsfachmann EFZ, BDS/SBFI",https://www.bds-fcs.ch/de/Digitale-Medien/Download-Center?download=17
detailhandel,Detailhandelsfachfrau/Detailhandelsfachmann EFZ,dh_l13,HKB d,L13,Selbstmanagement und Organisation,easy,single_choice,Welche Aussage beschreibt das Thema Zeitmanagement im Beruf Detailhandelsfachfrau/Detailhandelsfachmann EFZ am besten?,Zeitbedarf nie schätzen im üblichen Berufsalltag,Pausen ignorieren bei sachgemässer Ausführung unter typischen Arbeitsbedingungen,Aufgaben innerhalb verfügbarer Zeit zielgerichtet erledigen,Termine verstreichen lassen nach gängiger Praxis,C,Zeitmanagement reduziert Stress.,"Bildungsplan Detailhandelsfachfrau/Detailhandelsfachmann EFZ, BDS/SBFI",https://www.bds-fcs.ch/de/Digitale-Medien/Download-Center?download=17
detailhandel,Detailhandelsfachfrau/Detailhandelsfachmann EFZ,dh_l13,HKB d,L13,Selbstmanagement und Organisation,medium,single_choice,Worauf muss man beim Thema Zeitmanagement in der Praxis besonders achten?,Zeitbedarf nie schätzen im üblichen Arbeitsumfeld,Pausen ignorieren im laufenden Tagesgeschäft,Termine verstreichen lassen im normalen Praxisalltag,Aufgaben innerhalb verfügbarer Zeit zielgerichtet erledigen,D,Zeitmanagement reduziert Stress.,"Bildungsplan Detailhandelsfachfrau/Detailhandelsfachmann EFZ, BDS/SBFI",https://www.bds-fcs.ch/de/Digitale-Medien/Download-Center?download=17
detailhandel,Detailhandelsfachfrau/Detailhandelsfachmann EFZ,dh_l13,HKB d,L13,Selbstmanagement und Organisation,hard,single_choice,Welche Aussage zum Thema Zeitmanagement ist fachlich korrekt?,Aufgaben innerhalb verfügbarer Zeit zielgerichtet erledigen,Zeitbedarf nie schätzen unter typischen Arbeitsbedingungen,Pausen ignorieren nach gängiger Praxis bei vergleichbaren Aufgaben,Termine verstreichen lassen im Rahmen der Routine,A,Zeitmanagement reduziert Stress.,"Bildungsplan Detailhandelsfachfrau/Detailhandelsfachmann EFZ, BDS/SBFI",https://www.bds-fcs.ch/de/Digitale-Medien/Download-Center?download=17
detailhandel,Detailhandelsfachfrau/Detailhandelsfachmann EFZ,dh_l13,HKB d,L13,Selbstmanagement und Organisation,easy,single_choice,Welche Aussage beschreibt das Thema Stresssymptom im Beruf Detailhandelsfachfrau/Detailhandelsfachmann EFZ am besten?,Warnzeichen ignorieren im normalen Praxisalltag bei sachgemässer Ausführung,Anzeichen wie Erschöpfung oder Konzentrationsprobleme ernst nehmen,dauerhaft überlastet arbeiten im normalen Betriebsablauf,keine Unterstützung suchen bei sachgemässem Ablauf,B,Gesundheitsschutz gehört zur Selbstkompetenz.,"Bildungsplan Detailhandelsfachfrau/Detailhandelsfachmann EFZ, BDS/SBFI",https://www.bds-fcs.ch/de/Digitale-Medien/Download-Center?download=17
detailhandel,Detailhandelsfachfrau/Detailhandelsfachmann EFZ,dh_l13,HKB d,L13,Selbstmanagement und Organisation,medium,single_choice,Worauf muss man beim Thema Stresssymptom in der Praxis besonders achten?,Warnzeichen ignorieren im Rahmen der Routine im laufenden Tagesgeschäft,dauerhaft überlastet arbeiten im konkreten Auftrag,Anzeichen wie Erschöpfung oder Konzentrationsprobleme ernst nehmen,keine Unterstützung suchen bei vergleichbaren Aufgaben,C,Gesundheitsschutz gehört zur Selbstkompetenz.,"Bildungsplan Detailhandelsfachfrau/Detailhandelsfachmann EFZ, BDS/SBFI",https://www.bds-fcs.ch/de/Digitale-Medien/Download-Center?download=17
detailhandel,Detailhandelsfachfrau/Detailhandelsfachmann EFZ,dh_l13,HKB d,L13,Selbstmanagement und Organisation,hard,single_choice,Welche Aussage zum Thema Stresssymptom ist fachlich korrekt?,Warnzeichen ignorieren im normalen Betriebsablauf nach gängiger Praxis,dauerhaft überlastet arbeiten im üblichen Berufsalltag,keine Unterstützung suchen bei sachgemässer Ausführung,Anzeichen wie Erschöpfung oder Konzentrationsprobleme ernst nehmen,D,Gesundheitsschutz gehört zur Selbstkompetenz.,"Bildungsplan Detailhandelsfachfrau/Detailhandelsfachmann EFZ, BDS/SBFI",https://www.bds-fcs.ch/de/Digitale-Medien/Download-Center?download=17
detailhandel,Detailhandelsfachfrau/Detailhandelsfachmann EFZ,dh_l13,HKB d,L13,Selbstmanagement und Organisation,easy,single_choice,Welche Aussage beschreibt das Thema Regeneration im Beruf Detailhandelsfachfrau/Detailhandelsfachmann EFZ am besten?,Pausen und Erholung zur Leistungsfähigkeit nutzen,Pausen immer auslassen im laufenden Tagesgeschäft,Erholung als Schwäche sehen im üblichen Arbeitsumfeld,Übermüdung ignorieren im konkreten Auftrag,A,Erholung schützt Qualität und Gesundheit.,"Bildungsplan Detailhandelsfachfrau/Detailhandelsfachmann EFZ, BDS/SBFI",https://www.bds-fcs.ch/de/Digitale-Medien/Download-Center?download=17
detailhandel,Detailhandelsfachfrau/Detailhandelsfachmann EFZ,dh_l13,HKB d,L13,Selbstmanagement und Organisation,medium,single_choice,Worauf muss man beim Thema Regeneration in der Praxis besonders achten?,Pausen immer auslassen nach gängiger Praxis,Pausen und Erholung zur Leistungsfähigkeit nutzen,Erholung als Schwäche sehen unter typischen Arbeitsbedingungen,Übermüdung ignorieren im üblichen Berufsalltag,B,Erholung schützt Qualität und Gesundheit.,"Bildungsplan Detailhandelsfachfrau/Detailhandelsfachmann EFZ, BDS/SBFI",https://www.bds-fcs.ch/de/Digitale-Medien/Download-Center?download=17
detailhandel,Detailhandelsfachfrau/Detailhandelsfachmann EFZ,dh_l13,HKB d,L13,Selbstmanagement und Organisation,hard,single_choice,Welche Aussage zum Thema Regeneration ist fachlich korrekt?,Pausen immer auslassen im normalen Praxisalltag,Erholung als Schwäche sehen bei sachgemässem Ablauf,Pausen und Erholung zur Leistungsfähigkeit nutzen,Übermüdung ignorieren im üblichen Arbeitsumfeld,C,Erholung schützt Qualität und Gesundheit.,"Bildungsplan Detailhandelsfachfrau/Detailhandelsfachmann EFZ, BDS/SBFI",https://www.bds-fcs.ch/de/Digitale-Medien/Download-Center?download=17
detailhandel,Detailhandelsfachfrau/Detailhandelsfachmann EFZ,dh_l13,HKB d,L13,Selbstmanagement und Organisation,easy,single_choice,Welche Aussage beschreibt das Thema Checkliste im Beruf Detailhandelsfachfrau/Detailhandelsfachmann EFZ am besten?,Punkte überspringen unter typischen Arbeitsbedingungen,Liste nie aktualisieren im Rahmen der Routine im konkreten Auftrag,nur aus Erinnerung arbeiten bei vergleichbaren Aufgaben,wiederkehrende Arbeiten vollständig und nachvollziehbar erledigen,D,Checklisten verhindern Fehler.,"Bildungsplan Detailhandelsfachfrau/Detailhandelsfachmann EFZ, BDS/SBFI",https://www.bds-fcs.ch/de/Digitale-Medien/Download-Center?download=17
detailhandel,Detailhandelsfachfrau/Detailhandelsfachmann EFZ,dh_l13,HKB d,L13,Selbstmanagement und Organisation,medium,single_choice,Worauf muss man beim Thema Checkliste in der Praxis besonders achten?,wiederkehrende Arbeiten vollständig und nachvollziehbar erledigen,Punkte überspringen bei sachgemässem Ablauf im üblichen Berufsalltag,Liste nie aktualisieren im normalen Betriebsablauf,nur aus Erinnerung arbeiten bei sachgemässer Ausführung,A,Checklisten verhindern Fehler.,"Bildungsplan Detailhandelsfachfrau/Detailhandelsfachmann EFZ, BDS/SBFI",https://www.bds-fcs.ch/de/Digitale-Medien/Download-Center?download=17
detailhandel,Detailhandelsfachfrau/Detailhandelsfachmann EFZ,dh_l13,HKB d,L13,Selbstmanagement und Organisation,hard,single_choice,Welche Aussage zum Thema Checkliste ist fachlich korrekt?,Punkte überspringen bei vergleichbaren Aufgaben,wiederkehrende Arbeiten vollständig und nachvollziehbar erledigen,Liste nie aktualisieren im konkreten Auftrag im üblichen Arbeitsumfeld,nur aus Erinnerung arbeiten im laufenden Tagesgeschäft,B,Checklisten verhindern Fehler.,"Bildungsplan Detailhandelsfachfrau/Detailhandelsfachmann EFZ, BDS/SBFI",https://www.bds-fcs.ch/de/Digitale-Medien/Download-Center?download=17
detailhandel,Detailhandelsfachfrau/Detailhandelsfachmann EFZ,dh_l13,HKB d,L13,Selbstmanagement und Organisation,easy,single_choice,Welche Aussage beschreibt das Thema Ressourcenkoordination im Beruf Detailhandelsfachfrau/Detailhandelsfachmann EFZ am besten?,Engpässe ignorieren bei sachgemässer Ausführung,Hilfsmittel nicht reservieren nach gängiger Praxis,"Personal, Ware, Zeit und Hilfsmittel abstimmen",alle Aufgaben allein machen im üblichen Berufsalltag,C,Koordination macht Arbeit realistisch.,"Bildungsplan Detailhandelsfachfrau/Detailhandelsfachmann EFZ, BDS/SBFI",https://www.bds-fcs.ch/de/Digitale-Medien/Download-Center?download=17
detailhandel,Detailhandelsfachfrau/Detailhandelsfachmann EFZ,dh_l13,HKB d,L13,Selbstmanagement und Organisation,medium,single_choice,Worauf muss man beim Thema Ressourcenkoordination in der Praxis besonders achten?,Engpässe ignorieren im laufenden Tagesgeschäft,Hilfsmittel nicht reservieren im normalen Praxisalltag,alle Aufgaben allein machen im üblichen Arbeitsumfeld,"Personal, Ware, Zeit und Hilfsmittel abstimmen",D,Koordination macht Arbeit realistisch.,"Bildungsplan Detailhandelsfachfrau/Detailhandelsfachmann EFZ, BDS/SBFI",https://www.bds-fcs.ch/de/Digitale-Medien/Download-Center?download=17
detailhandel,Detailhandelsfachfrau/Detailhandelsfachmann EFZ,dh_l13,HKB d,L13,Selbstmanagement und Organisation,hard,single_choice,Welche Aussage zum Thema Ressourcenkoordination ist fachlich korrekt?,"Personal, Ware, Zeit und Hilfsmittel abstimmen",Engpässe ignorieren nach gängiger Praxis,Hilfsmittel nicht reservieren im Rahmen der Routine,alle Aufgaben allein machen unter typischen Arbeitsbedingungen,A,Koordination macht Arbeit realistisch.,"Bildungsplan Detailhandelsfachfrau/Detailhandelsfachmann EFZ, BDS/SBFI",https://www.bds-fcs.ch/de/Digitale-Medien/Download-Center?download=17
detailhandel,Detailhandelsfachfrau/Detailhandelsfachmann EFZ,dh_l13,HKB d,L13,Selbstmanagement und Organisation,easy,single_choice,Welche Aussage beschreibt das Thema Aufgabenüberblick im Beruf Detailhandelsfachfrau/Detailhandelsfachmann EFZ am besten?,Pendenzen vergessen im normalen Betriebsablauf,offene Aufgaben dokumentieren und Status nachführen,Notizen verlieren im normalen Praxisalltag,Status nie prüfen bei sachgemässem Ablauf,B,Übersicht ist besonders bei wechselnden Prioritäten wichtig.,"Bildungsplan Detailhandelsfachfrau/Detailhandelsfachmann EFZ, BDS/SBFI",https://www.bds-fcs.ch/de/Digitale-Medien/Download-Center?download=17
detailhandel,Detailhandelsfachfrau/Detailhandelsfachmann EFZ,dh_l13,HKB d,L13,Selbstmanagement und Organisation,medium,single_choice,Worauf muss man beim Thema Aufgabenüberblick in der Praxis besonders achten?,Pendenzen vergessen im konkreten Auftrag,Notizen verlieren im Rahmen der Routine,offene Aufgaben dokumentieren und Status nachführen,Status nie prüfen bei vergleichbaren Aufgaben,C,Übersicht ist besonders bei wechselnden Prioritäten wichtig.,"Bildungsplan Detailhandelsfachfrau/Detailhandelsfachmann EFZ, BDS/SBFI",https://www.bds-fcs.ch/de/Digitale-Medien/Download-Center?download=17
detailhandel,Detailhandelsfachfrau/Detailhandelsfachmann EFZ,dh_l13,HKB d,L13,Selbstmanagement und Organisation,hard,single_choice,Welche Aussage zum Thema Aufgabenüberblick ist fachlich korrekt?,Pendenzen vergessen im üblichen Berufsalltag,Notizen verlieren im normalen Betriebsablauf,Status nie prüfen bei sachgemässer Ausführung,offene Aufgaben dokumentieren und Status nachführen,D,Übersicht ist besonders bei wechselnden Prioritäten wichtig.,"Bildungsplan Detailhandelsfachfrau/Detailhandelsfachmann EFZ, BDS/SBFI",https://www.bds-fcs.ch/de/Digitale-Medien/Download-Center?download=17
detailhandel,Detailhandelsfachfrau/Detailhandelsfachmann EFZ,dh_l13,HKB d,L13,Selbstmanagement und Organisation,easy,single_choice,Welche Aussage beschreibt das Thema Selbstkontrolle im Beruf Detailhandelsfachfrau/Detailhandelsfachmann EFZ am besten?,eigene Arbeit vor Abschluss prüfen,Fehler Kunden finden lassen,Kontrolle bei Stress streichen,Vorgaben nicht vergleichen,A,Selbstkontrolle sichert Qualität.,"Bildungsplan Detailhandelsfachfrau/Detailhandelsfachmann EFZ, BDS/SBFI",https://www.bds-fcs.ch/de/Digitale-Medien/Download-Center?download=17
detailhandel,Detailhandelsfachfrau/Detailhandelsfachmann EFZ,dh_l13,HKB d,L13,Selbstmanagement und Organisation,medium,single_choice,Worauf muss man beim Thema Selbstkontrolle in der Praxis besonders achten?,Fehler Kunden finden lassen,eigene Arbeit vor Abschluss prüfen,Kontrolle bei Stress streichen,Vorgaben nicht vergleichen,B,Selbstkontrolle sichert Qualität.,"Bildungsplan Detailhandelsfachfrau/Detailhandelsfachmann EFZ, BDS/SBFI",https://www.bds-fcs.ch/de/Digitale-Medien/Download-Center?download=17
detailhandel,Detailhandelsfachfrau/Detailhandelsfachmann EFZ,dh_l13,HKB d,L13,Selbstmanagement und Organisation,hard,single_choice,Welche Aussage zum Thema Selbstkontrolle ist fachlich korrekt?,Fehler Kunden finden lassen,Kontrolle bei Stress streichen,eigene Arbeit vor Abschluss prüfen,Vorgaben nicht vergleichen,C,Selbstkontrolle sichert Qualität.,"Bildungsplan Detailhandelsfachfrau/Detailhandelsfachmann EFZ, BDS/SBFI",https://www.bds-fcs.ch/de/Digitale-Medien/Download-Center?download=17
detailhandel,Detailhandelsfachfrau/Detailhandelsfachmann EFZ,dh_l13,HKB d,L13,Selbstmanagement und Organisation,easy,single_choice,Welche Aussage beschreibt das Thema Arbeitsplatzordnung im Beruf Detailhandelsfachfrau/Detailhandelsfachmann EFZ am besten?,Fluchtwege zustellen unter typischen Arbeitsbedingungen,Verpackung liegen lassen bei vergleichbaren Aufgaben,Suchzeiten akzeptieren im Rahmen der Routine,"Ordnung, Sicherheit und Kundeneindruck beachten",D,Ordnung wirkt auf Sicherheit und Kundenerlebnis.,"Bildungsplan Detailhandelsfachfrau/Detailhandelsfachmann EFZ, BDS/SBFI",https://www.bds-fcs.ch/de/Digitale-Medien/Download-Center?download=17
detailhandel,Detailhandelsfachfrau/Detailhandelsfachmann EFZ,dh_l13,HKB d,L13,Selbstmanagement und Organisation,medium,single_choice,Worauf muss man beim Thema Arbeitsplatzordnung in der Praxis besonders achten?,"Ordnung, Sicherheit und Kundeneindruck beachten",Fluchtwege zustellen bei sachgemässem Ablauf,Verpackung liegen lassen bei sachgemässer Ausführung,Suchzeiten akzeptieren im normalen Betriebsablauf,A,Ordnung wirkt auf Sicherheit und Kundenerlebnis.,"Bildungsplan Detailhandelsfachfrau/Detailhandelsfachmann EFZ, BDS/SBFI",https://www.bds-fcs.ch/de/Digitale-Medien/Download-Center?download=17
detailhandel,Detailhandelsfachfrau/Detailhandelsfachmann EFZ,dh_l13,HKB d,L13,Selbstmanagement und Organisation,hard,single_choice,Welche Aussage zum Thema Arbeitsplatzordnung ist fachlich korrekt?,Fluchtwege zustellen bei vergleichbaren Aufgaben,"Ordnung, Sicherheit und Kundeneindruck beachten",Verpackung liegen lassen im laufenden Tagesgeschäft,Suchzeiten akzeptieren im konkreten Auftrag,B,Ordnung wirkt auf Sicherheit und Kundenerlebnis.,"Bildungsplan Detailhandelsfachfrau/Detailhandelsfachmann EFZ, BDS/SBFI",https://www.bds-fcs.ch/de/Digitale-Medien/Download-Center?download=17
detailhandel,Detailhandelsfachfrau/Detailhandelsfachmann EFZ,dh_l14,HKB d,L14,Delegation und Verantwortung,easy,single_choice,Welche Aussage beschreibt das Thema Delegation im Beruf Detailhandelsfachfrau/Detailhandelsfachmann EFZ am besten?,nur Zuruf ohne Kontext bei sachgemässer Ausführung,Verantwortung unklar lassen nach gängiger Praxis,"Aufgaben klar, verständlich und mit Ziel und Frist übergeben",keine Rückfragen erlauben im üblichen Berufsalltag,C,Delegation braucht klare Kommunikation.,"Bildungsplan Detailhandelsfachfrau/Detailhandelsfachmann EFZ, BDS/SBFI",https://www.bds-fcs.ch/de/Digitale-Medien/Download-Center?download=17
detailhandel,Detailhandelsfachfrau/Detailhandelsfachmann EFZ,dh_l14,HKB d,L14,Delegation und Verantwortung,medium,single_choice,Worauf muss man beim Thema Delegation in der Praxis besonders achten?,nur Zuruf ohne Kontext im laufenden Tagesgeschäft,Verantwortung unklar lassen im normalen Praxisalltag,keine Rückfragen erlauben im üblichen Arbeitsumfeld,"Aufgaben klar, verständlich und mit Ziel und Frist übergeben",D,Delegation braucht klare Kommunikation.,"Bildungsplan Detailhandelsfachfrau/Detailhandelsfachmann EFZ, BDS/SBFI",https://www.bds-fcs.ch/de/Digitale-Medien/Download-Center?download=17
detailhandel,Detailhandelsfachfrau/Detailhandelsfachmann EFZ,dh_l14,HKB d,L14,Delegation und Verantwortung,hard,single_choice,Welche Aussage zum Thema Delegation ist fachlich korrekt?,"Aufgaben klar, verständlich und mit Ziel und Frist übergeben",nur Zuruf ohne Kontext nach gängiger Praxis,Verantwortung unklar lassen im Rahmen der Routine,keine Rückfragen erlauben unter typischen Arbeitsbedingungen,A,Delegation braucht klare Kommunikation.,"Bildungsplan Detailhandelsfachfrau/Detailhandelsfachmann EFZ, BDS/SBFI",https://www.bds-fcs.ch/de/Digitale-Medien/Download-Center?download=17
detailhandel,Detailhandelsfachfrau/Detailhandelsfachmann EFZ,dh_l14,HKB d,L14,Delegation und Verantwortung,easy,single_choice,Welche Aussage beschreibt das Thema Auftragserteilung im Beruf Detailhandelsfachfrau/Detailhandelsfachmann EFZ am besten?,Ziel verschweigen im normalen Praxisalltag bei sachgemässer Ausführung,"Erwartung, Vorgehen, Ergebnis und Kontrollpunkt erklären",nur Kritik ankündigen im normalen Betriebsablauf,Frist offen lassen bei sachgemässem Ablauf,B,Gute Aufträge ermöglichen selbstständiges Arbeiten.,"Bildungsplan Detailhandelsfachfrau/Detailhandelsfachmann EFZ, BDS/SBFI",https://www.bds-fcs.ch/de/Digitale-Medien/Download-Center?download=17
detailhandel,Detailhandelsfachfrau/Detailhandelsfachmann EFZ,dh_l14,HKB d,L14,Delegation und Verantwortung,medium,single_choice,Worauf muss man beim Thema Auftragserteilung in der Praxis besonders achten?,Ziel verschweigen im Rahmen der Routine im laufenden Tagesgeschäft,nur Kritik ankündigen im konkreten Auftrag,"Erwartung, Vorgehen, Ergebnis und Kontrollpunkt erklären",Frist offen lassen bei vergleichbaren Aufgaben,C,Gute Aufträge ermöglichen selbstständiges Arbeiten.,"Bildungsplan Detailhandelsfachfrau/Detailhandelsfachmann EFZ, BDS/SBFI",https://www.bds-fcs.ch/de/Digitale-Medien/Download-Center?download=17
detailhandel,Detailhandelsfachfrau/Detailhandelsfachmann EFZ,dh_l14,HKB d,L14,Delegation und Verantwortung,hard,single_choice,Welche Aussage zum Thema Auftragserteilung ist fachlich korrekt?,Ziel verschweigen im normalen Betriebsablauf,nur Kritik ankündigen im üblichen Berufsalltag,Frist offen lassen bei sachgemässer Ausführung,"Erwartung, Vorgehen, Ergebnis und Kontrollpunkt erklären",D,Gute Aufträge ermöglichen selbstständiges Arbeiten.,"Bildungsplan Detailhandelsfachfrau/Detailhandelsfachmann EFZ, BDS/SBFI",https://www.bds-fcs.ch/de/Digitale-Medien/Download-Center?download=17
detailhandel,Detailhandelsfachfrau/Detailhandelsfachmann EFZ,dh_l14,HKB d,L14,Delegation und Verantwortung,easy,single_choice,Welche Aussage beschreibt das Thema Anleitung im Beruf Detailhandelsfachfrau/Detailhandelsfachmann EFZ am besten?,"Arbeitsschritte zeigen, erklären und Verständnis prüfen",Lernende allein lassen im laufenden Tagesgeschäft,nur einmal schnell vormachen im üblichen Arbeitsumfeld,Fragen abwerten im konkreten Auftrag im normalen Praxisalltag,A,Anleitung unterstützt Qualität und Lernen.,"Bildungsplan Detailhandelsfachfrau/Detailhandelsfachmann EFZ, BDS/SBFI",https://www.bds-fcs.ch/de/Digitale-Medien/Download-Center?download=17
detailhandel,Detailhandelsfachfrau/Detailhandelsfachmann EFZ,dh_l14,HKB d,L14,Delegation und Verantwortung,medium,single_choice,Worauf muss man beim Thema Anleitung in der Praxis besonders achten?,Lernende allein lassen nach gängiger Praxis,"Arbeitsschritte zeigen, erklären und Verständnis prüfen",nur einmal schnell vormachen unter typischen Arbeitsbedingungen,Fragen abwerten im üblichen Berufsalltag,B,Anleitung unterstützt Qualität und Lernen.,"Bildungsplan Detailhandelsfachfrau/Detailhandelsfachmann EFZ, BDS/SBFI",https://www.bds-fcs.ch/de/Digitale-Medien/Download-Center?download=17
detailhandel,Detailhandelsfachfrau/Detailhandelsfachmann EFZ,dh_l14,HKB d,L14,Delegation und Verantwortung,hard,single_choice,Welche Aussage zum Thema Anleitung ist fachlich korrekt?,Lernende allein lassen im normalen Praxisalltag,nur einmal schnell vormachen bei sachgemässem Ablauf,"Arbeitsschritte zeigen, erklären und Verständnis prüfen",Fragen abwerten im üblichen Arbeitsumfeld,C,Anleitung unterstützt Qualität und Lernen.,"Bildungsplan Detailhandelsfachfrau/Detailhandelsfachmann EFZ, BDS/SBFI",https://www.bds-fcs.ch/de/Digitale-Medien/Download-Center?download=17
detailhandel,Detailhandelsfachfrau/Detailhandelsfachmann EFZ,dh_l14,HKB d,L14,Delegation und Verantwortung,easy,single_choice,Welche Aussage beschreibt das Thema Kontrolle delegierter Aufgaben im Beruf Detailhandelsfachfrau/Detailhandelsfachmann EFZ am besten?,nie kontrollieren unter typischen Arbeitsbedingungen,Fehler übernehmen ohne Rückmeldung im Rahmen der Routine,Kontrolle als Misstrauen darstellen,Ergebnis prüfen und bei Bedarf nachbessern lassen,D,Kontrolle sichert Ergebnisqualität.,"Bildungsplan Detailhandelsfachfrau/Detailhandelsfachmann EFZ, BDS/SBFI",https://www.bds-fcs.ch/de/Digitale-Medien/Download-Center?download=17
detailhandel,Detailhandelsfachfrau/Detailhandelsfachmann EFZ,dh_l14,HKB d,L14,Delegation und Verantwortung,medium,single_choice,Worauf muss man beim Thema Kontrolle delegierter Aufgaben in der Praxis besonders achten?,Ergebnis prüfen und bei Bedarf nachbessern lassen,nie kontrollieren bei sachgemässem Ablauf,Fehler übernehmen ohne Rückmeldung im normalen Betriebsablauf,Kontrolle als Misstrauen darstellen,A,Kontrolle sichert Ergebnisqualität.,"Bildungsplan Detailhandelsfachfrau/Detailhandelsfachmann EFZ, BDS/SBFI",https://www.bds-fcs.ch/de/Digitale-Medien/Download-Center?download=17
detailhandel,Detailhandelsfachfrau/Detailhandelsfachmann EFZ,dh_l14,HKB d,L14,Delegation und Verantwortung,hard,single_choice,Welche Aussage zum Thema Kontrolle delegierter Aufgaben ist fachlich korrekt?,nie kontrollieren bei vergleichbaren Aufgaben,Ergebnis prüfen und bei Bedarf nachbessern lassen,Fehler übernehmen ohne Rückmeldung im konkreten Auftrag,Kontrolle als Misstrauen darstellen,B,Kontrolle sichert Ergebnisqualität.,"Bildungsplan Detailhandelsfachfrau/Detailhandelsfachmann EFZ, BDS/SBFI",https://www.bds-fcs.ch/de/Digitale-Medien/Download-Center?download=17
detailhandel,Detailhandelsfachfrau/Detailhandelsfachmann EFZ,dh_l14,HKB d,L14,Delegation und Verantwortung,easy,single_choice,Welche Aussage beschreibt das Thema Rückmeldung im Beruf Detailhandelsfachfrau/Detailhandelsfachmann EFZ am besten?,nur pauschal kritisieren im üblichen Berufsalltag,vor Kunden blossstellen bei sachgemässer Ausführung,"wertschätzend, konkret und entwicklungsorientiert geben",Verbesserung nicht nennen nach gängiger Praxis,C,Feedback hilft bei Entwicklung.,"Bildungsplan Detailhandelsfachfrau/Detailhandelsfachmann EFZ, BDS/SBFI",https://www.bds-fcs.ch/de/Digitale-Medien/Download-Center?download=17
detailhandel,Detailhandelsfachfrau/Detailhandelsfachmann EFZ,dh_l14,HKB d,L14,Delegation und Verantwortung,medium,single_choice,Worauf muss man beim Thema Rückmeldung in der Praxis besonders achten?,nur pauschal kritisieren im üblichen Arbeitsumfeld,vor Kunden blossstellen im laufenden Tagesgeschäft,Verbesserung nicht nennen im normalen Praxisalltag,"wertschätzend, konkret und entwicklungsorientiert geben",D,Feedback hilft bei Entwicklung.,"Bildungsplan Detailhandelsfachfrau/Detailhandelsfachmann EFZ, BDS/SBFI",https://www.bds-fcs.ch/de/Digitale-Medien/Download-Center?download=17
detailhandel,Detailhandelsfachfrau/Detailhandelsfachmann EFZ,dh_l14,HKB d,L14,Delegation und Verantwortung,hard,single_choice,Welche Aussage zum Thema Rückmeldung ist fachlich korrekt?,"wertschätzend, konkret und entwicklungsorientiert geben",nur pauschal kritisieren unter typischen Arbeitsbedingungen,vor Kunden blossstellen nach gängiger Praxis,Verbesserung nicht nennen im Rahmen der Routine,A,Feedback hilft bei Entwicklung.,"Bildungsplan Detailhandelsfachfrau/Detailhandelsfachmann EFZ, BDS/SBFI",https://www.bds-fcs.ch/de/Digitale-Medien/Download-Center?download=17
detailhandel,Detailhandelsfachfrau/Detailhandelsfachmann EFZ,dh_l14,HKB d,L14,Delegation und Verantwortung,easy,single_choice,Welche Aussage beschreibt das Thema Verantwortungsbereich im Beruf Detailhandelsfachfrau/Detailhandelsfachmann EFZ am besten?,alles ohne Befugnis entscheiden,eigene Kompetenzen und Grenzen kennen,Grenzen verheimlichen im normalen Praxisalltag,Vorgesetzte nie einbeziehen,B,Kompetenzgrenzen schützen Betrieb und Mitarbeitende.,"Bildungsplan Detailhandelsfachfrau/Detailhandelsfachmann EFZ, BDS/SBFI",https://www.bds-fcs.ch/de/Digitale-Medien/Download-Center?download=17
detailhandel,Detailhandelsfachfrau/Detailhandelsfachmann EFZ,dh_l14,HKB d,L14,Delegation und Verantwortung,medium,single_choice,Worauf muss man beim Thema Verantwortungsbereich in der Praxis besonders achten?,alles ohne Befugnis entscheiden,Grenzen verheimlichen im Rahmen der Routine,eigene Kompetenzen und Grenzen kennen,Vorgesetzte nie einbeziehen,C,Kompetenzgrenzen schützen Betrieb und Mitarbeitende.,"Bildungsplan Detailhandelsfachfrau/Detailhandelsfachmann EFZ, BDS/SBFI",https://www.bds-fcs.ch/de/Digitale-Medien/Download-Center?download=17
detailhandel,Detailhandelsfachfrau/Detailhandelsfachmann EFZ,dh_l14,HKB d,L14,Delegation und Verantwortung,hard,single_choice,Welche Aussage zum Thema Verantwortungsbereich ist fachlich korrekt?,alles ohne Befugnis entscheiden,Grenzen verheimlichen im normalen Betriebsablauf,Vorgesetzte nie einbeziehen,eigene Kompetenzen und Grenzen kennen,D,Kompetenzgrenzen schützen Betrieb und Mitarbeitende.,"Bildungsplan Detailhandelsfachfrau/Detailhandelsfachmann EFZ, BDS/SBFI",https://www.bds-fcs.ch/de/Digitale-Medien/Download-Center?download=17
detailhandel,Detailhandelsfachfrau/Detailhandelsfachmann EFZ,dh_l14,HKB d,L14,Delegation und Verantwortung,easy,single_choice,Welche Aussage beschreibt das Thema Informationshilfsmittel im Beruf Detailhandelsfachfrau/Detailhandelsfachmann EFZ am besten?,"Checklisten, Anleitungen oder Systeme zur Übergabe nutzen",Informationen nur mündlich und unvollständig geben,Hilfsmittel ignorieren im konkreten Auftrag,Dokumente nicht aktualisieren im laufenden Tagesgeschäft,A,Hilfsmittel machen Delegation stabiler.,"Bildungsplan Detailhandelsfachfrau/Detailhandelsfachmann EFZ, BDS/SBFI",https://www.bds-fcs.ch/de/Digitale-Medien/Download-Center?download=17
detailhandel,Detailhandelsfachfrau/Detailhandelsfachmann EFZ,dh_l14,HKB d,L14,Delegation und Verantwortung,medium,single_choice,Worauf muss man beim Thema Informationshilfsmittel in der Praxis besonders achten?,Informationen nur mündlich und unvollständig geben,"Checklisten, Anleitungen oder Systeme zur Übergabe nutzen",Hilfsmittel ignorieren im üblichen Berufsalltag,Dokumente nicht aktualisieren nach gängiger Praxis,B,Hilfsmittel machen Delegation stabiler.,"Bildungsplan Detailhandelsfachfrau/Detailhandelsfachmann EFZ, BDS/SBFI",https://www.bds-fcs.ch/de/Digitale-Medien/Download-Center?download=17
detailhandel,Detailhandelsfachfrau/Detailhandelsfachmann EFZ,dh_l14,HKB d,L14,Delegation und Verantwortung,hard,single_choice,Welche Aussage zum Thema Informationshilfsmittel ist fachlich korrekt?,Informationen nur mündlich und unvollständig geben,Hilfsmittel ignorieren im üblichen Arbeitsumfeld,"Checklisten, Anleitungen oder Systeme zur Übergabe nutzen",Dokumente nicht aktualisieren im normalen Praxisalltag,C,Hilfsmittel machen Delegation stabiler.,"Bildungsplan Detailhandelsfachfrau/Detailhandelsfachmann EFZ, BDS/SBFI",https://www.bds-fcs.ch/de/Digitale-Medien/Download-Center?download=17
detailhandel,Detailhandelsfachfrau/Detailhandelsfachmann EFZ,dh_l14,HKB d,L14,Delegation und Verantwortung,easy,single_choice,Welche Aussage beschreibt das Thema Teamunterstützung im Beruf Detailhandelsfachfrau/Detailhandelsfachmann EFZ am besten?,Hilfe verweigern unter typischen Arbeitsbedingungen,Arbeit doppelt machen im Rahmen der Routine,Prioritäten des Teams ignorieren bei vergleichbaren Aufgaben,Kolleginnen und Kollegen situationsgerecht entlasten,D,Teamverantwortung stärkt den Betrieb.,"Bildungsplan Detailhandelsfachfrau/Detailhandelsfachmann EFZ, BDS/SBFI",https://www.bds-fcs.ch/de/Digitale-Medien/Download-Center?download=17
detailhandel,Detailhandelsfachfrau/Detailhandelsfachmann EFZ,dh_l14,HKB d,L14,Delegation und Verantwortung,medium,single_choice,Worauf muss man beim Thema Teamunterstützung in der Praxis besonders achten?,Kolleginnen und Kollegen situationsgerecht entlasten,Hilfe verweigern bei sachgemässem Ablauf,Arbeit doppelt machen im normalen Betriebsablauf,Prioritäten des Teams ignorieren bei sachgemässer Ausführung,A,Teamverantwortung stärkt den Betrieb.,"Bildungsplan Detailhandelsfachfrau/Detailhandelsfachmann EFZ, BDS/SBFI",https://www.bds-fcs.ch/de/Digitale-Medien/Download-Center?download=17
detailhandel,Detailhandelsfachfrau/Detailhandelsfachmann EFZ,dh_l14,HKB d,L14,Delegation und Verantwortung,hard,single_choice,Welche Aussage zum Thema Teamunterstützung ist fachlich korrekt?,Hilfe verweigern bei vergleichbaren Aufgaben,Kolleginnen und Kollegen situationsgerecht entlasten,Arbeit doppelt machen im konkreten Auftrag,Prioritäten des Teams ignorieren im laufenden Tagesgeschäft,B,Teamverantwortung stärkt den Betrieb.,"Bildungsplan Detailhandelsfachfrau/Detailhandelsfachmann EFZ, BDS/SBFI",https://www.bds-fcs.ch/de/Digitale-Medien/Download-Center?download=17
detailhandel,Detailhandelsfachfrau/Detailhandelsfachmann EFZ,dh_l14,HKB d,L14,Delegation und Verantwortung,easy,single_choice,Welche Aussage beschreibt das Thema Fehlerkultur im Beruf Detailhandelsfachfrau/Detailhandelsfachmann EFZ am besten?,Fehler vertuschen im üblichen Berufsalltag,Schuldige suchen bei sachgemässer Ausführung,Fehler sachlich klären und Lernchancen nutzen,keine Korrektur einleiten nach gängiger Praxis,C,Eine gute Fehlerkultur verbessert Prozesse.,"Bildungsplan Detailhandelsfachfrau/Detailhandelsfachmann EFZ, BDS/SBFI",https://www.bds-fcs.ch/de/Digitale-Medien/Download-Center?download=17
detailhandel,Detailhandelsfachfrau/Detailhandelsfachmann EFZ,dh_l14,HKB d,L14,Delegation und Verantwortung,medium,single_choice,Worauf muss man beim Thema Fehlerkultur in der Praxis besonders achten?,Fehler vertuschen im üblichen Arbeitsumfeld,Schuldige suchen im laufenden Tagesgeschäft,keine Korrektur einleiten im normalen Praxisalltag,Fehler sachlich klären und Lernchancen nutzen,D,Eine gute Fehlerkultur verbessert Prozesse.,"Bildungsplan Detailhandelsfachfrau/Detailhandelsfachmann EFZ, BDS/SBFI",https://www.bds-fcs.ch/de/Digitale-Medien/Download-Center?download=17
detailhandel,Detailhandelsfachfrau/Detailhandelsfachmann EFZ,dh_l14,HKB d,L14,Delegation und Verantwortung,hard,single_choice,Welche Aussage zum Thema Fehlerkultur ist fachlich korrekt?,Fehler sachlich klären und Lernchancen nutzen,Fehler vertuschen unter typischen Arbeitsbedingungen,Schuldige suchen nach gängiger Praxis,keine Korrektur einleiten im Rahmen der Routine,A,Eine gute Fehlerkultur verbessert Prozesse.,"Bildungsplan Detailhandelsfachfrau/Detailhandelsfachmann EFZ, BDS/SBFI",https://www.bds-fcs.ch/de/Digitale-Medien/Download-Center?download=17
detailhandel,Detailhandelsfachfrau/Detailhandelsfachmann EFZ,dh_l14,HKB d,L14,Delegation und Verantwortung,easy,single_choice,Welche Aussage beschreibt das Thema Verbindlichkeit im Beruf Detailhandelsfachfrau/Detailhandelsfachmann EFZ am besten?,Fristen heimlich verpassen im normalen Betriebsablauf,Abmachungen einhalten oder frühzeitig informieren,Zusagen vergessen im normalen Praxisalltag,Status nicht melden bei sachgemässem Ablauf,B,Verbindlichkeit schafft Vertrauen.,"Bildungsplan Detailhandelsfachfrau/Detailhandelsfachmann EFZ, BDS/SBFI",https://www.bds-fcs.ch/de/Digitale-Medien/Download-Center?download=17
detailhandel,Detailhandelsfachfrau/Detailhandelsfachmann EFZ,dh_l14,HKB d,L14,Delegation und Verantwortung,medium,single_choice,Worauf muss man beim Thema Verbindlichkeit in der Praxis besonders achten?,Fristen heimlich verpassen im konkreten Auftrag,Zusagen vergessen im Rahmen der Routine,Abmachungen einhalten oder frühzeitig informieren,Status nicht melden bei vergleichbaren Aufgaben,C,Verbindlichkeit schafft Vertrauen.,"Bildungsplan Detailhandelsfachfrau/Detailhandelsfachmann EFZ, BDS/SBFI",https://www.bds-fcs.ch/de/Digitale-Medien/Download-Center?download=17
detailhandel,Detailhandelsfachfrau/Detailhandelsfachmann EFZ,dh_l14,HKB d,L14,Delegation und Verantwortung,hard,single_choice,Welche Aussage zum Thema Verbindlichkeit ist fachlich korrekt?,Fristen heimlich verpassen im üblichen Berufsalltag,Zusagen vergessen im normalen Betriebsablauf,Status nicht melden bei sachgemässer Ausführung,Abmachungen einhalten oder frühzeitig informieren,D,Verbindlichkeit schafft Vertrauen.,"Bildungsplan Detailhandelsfachfrau/Detailhandelsfachmann EFZ, BDS/SBFI",https://www.bds-fcs.ch/de/Digitale-Medien/Download-Center?download=17
detailhandel,Detailhandelsfachfrau/Detailhandelsfachmann EFZ,dh_l15,HKB e,L15,Schwerpunkt Einkaufserlebnisse,easy,single_choice,Welche Aussage beschreibt das Thema anspruchsvolles Verkaufsgespräch im Beruf Detailhandelsfachfrau/Detailhandelsfachmann EFZ am besten?,komplexe Bedürfnisse analysieren und passende Lösungen entwickeln,Standardprodukt ohne Analyse verkaufen im üblichen Arbeitsumfeld,Einwände ignorieren im konkreten Auftrag im normalen Praxisalltag,keine Alternativen anbieten im laufenden Tagesgeschäft,A,Der Schwerpunkt vertieft erlebnisorientierte Beratung.,"Bildungsplan Detailhandelsfachfrau/Detailhandelsfachmann EFZ, BDS/SBFI",https://www.bds-fcs.ch/de/Digitale-Medien/Download-Center?download=17
detailhandel,Detailhandelsfachfrau/Detailhandelsfachmann EFZ,dh_l15,HKB e,L15,Schwerpunkt Einkaufserlebnisse,medium,single_choice,Worauf muss man beim Thema anspruchsvolles Verkaufsgespräch in der Praxis besonders achten?,Standardprodukt ohne Analyse verkaufen unter typischen Arbeitsbedingungen,komplexe Bedürfnisse analysieren und passende Lösungen entwickeln,Einwände ignorieren im üblichen Berufsalltag im Rahmen der Routine,keine Alternativen anbieten nach gängiger Praxis,B,Der Schwerpunkt vertieft erlebnisorientierte Beratung.,"Bildungsplan Detailhandelsfachfrau/Detailhandelsfachmann EFZ, BDS/SBFI",https://www.bds-fcs.ch/de/Digitale-Medien/Download-Center?download=17
detailhandel,Detailhandelsfachfrau/Detailhandelsfachmann EFZ,dh_l15,HKB e,L15,Schwerpunkt Einkaufserlebnisse,hard,single_choice,Welche Aussage zum Thema anspruchsvolles Verkaufsgespräch ist fachlich korrekt?,Standardprodukt ohne Analyse verkaufen bei sachgemässem Ablauf,Einwände ignorieren im üblichen Arbeitsumfeld im normalen Betriebsablauf,komplexe Bedürfnisse analysieren und passende Lösungen entwickeln,keine Alternativen anbieten im normalen Praxisalltag,C,Der Schwerpunkt vertieft erlebnisorientierte Beratung.,"Bildungsplan Detailhandelsfachfrau/Detailhandelsfachmann EFZ, BDS/SBFI",https://www.bds-fcs.ch/de/Digitale-Medien/Download-Center?download=17
detailhandel,Detailhandelsfachfrau/Detailhandelsfachmann EFZ,dh_l15,HKB e,L15,Schwerpunkt Einkaufserlebnisse,easy,single_choice,Welche Aussage beschreibt das Thema Erlebniswelt im Beruf Detailhandelsfachfrau/Detailhandelsfachmann EFZ am besten?,Ware zufällig verteilen im Rahmen der Routine im konkreten Auftrag,Zielgruppe ignorieren unter typischen Arbeitsbedingungen,Erlebnis ohne Produktbezug gestalten bei vergleichbaren Aufgaben,Produkte und Dienstleistungen thematisch und emotional inszenieren,D,Erlebniswelten machen Angebote erfahrbar.,"Bildungsplan Detailhandelsfachfrau/Detailhandelsfachmann EFZ, BDS/SBFI",https://www.bds-fcs.ch/de/Digitale-Medien/Download-Center?download=17
detailhandel,Detailhandelsfachfrau/Detailhandelsfachmann EFZ,dh_l15,HKB e,L15,Schwerpunkt Einkaufserlebnisse,medium,single_choice,Worauf muss man beim Thema Erlebniswelt in der Praxis besonders achten?,Produkte und Dienstleistungen thematisch und emotional inszenieren,Ware zufällig verteilen im normalen Betriebsablauf,Zielgruppe ignorieren bei sachgemässem Ablauf im üblichen Berufsalltag,Erlebnis ohne Produktbezug gestalten bei sachgemässer Ausführung,A,Erlebniswelten machen Angebote erfahrbar.,"Bildungsplan Detailhandelsfachfrau/Detailhandelsfachmann EFZ, BDS/SBFI",https://www.bds-fcs.ch/de/Digitale-Medien/Download-Center?download=17
detailhandel,Detailhandelsfachfrau/Detailhandelsfachmann EFZ,dh_l15,HKB e,L15,Schwerpunkt Einkaufserlebnisse,hard,single_choice,Welche Aussage zum Thema Erlebniswelt ist fachlich korrekt?,Ware zufällig verteilen im konkreten Auftrag im üblichen Arbeitsumfeld,Produkte und Dienstleistungen thematisch und emotional inszenieren,Zielgruppe ignorieren bei vergleichbaren Aufgaben,Erlebnis ohne Produktbezug gestalten im laufenden Tagesgeschäft,B,Erlebniswelten machen Angebote erfahrbar.,"Bildungsplan Detailhandelsfachfrau/Detailhandelsfachmann EFZ, BDS/SBFI",https://www.bds-fcs.ch/de/Digitale-Medien/Download-Center?download=17
detailhandel,Detailhandelsfachfrau/Detailhandelsfachmann EFZ,dh_l15,HKB e,L15,Schwerpunkt Einkaufserlebnisse,easy,single_choice,Welche Aussage beschreibt das Thema Kundenanlass im Beruf Detailhandelsfachfrau/Detailhandelsfachmann EFZ am besten?,Anlass ohne Ziel starten nach gängiger Praxis,Einladungen vergessen im üblichen Berufsalltag,"Ziel, Zielgruppe, Ablauf, Ressourcen und Wirkung planen",Erfolg nie auswerten bei sachgemässer Ausführung,C,Anlässe brauchen Planung und Nachbereitung.,"Bildungsplan Detailhandelsfachfrau/Detailhandelsfachmann EFZ, BDS/SBFI",https://www.bds-fcs.ch/de/Digitale-Medien/Download-Center?download=17
detailhandel,Detailhandelsfachfrau/Detailhandelsfachmann EFZ,dh_l15,HKB e,L15,Schwerpunkt Einkaufserlebnisse,medium,single_choice,Worauf muss man beim Thema Kundenanlass in der Praxis besonders achten?,Anlass ohne Ziel starten im normalen Praxisalltag,Einladungen vergessen im üblichen Arbeitsumfeld,Erfolg nie auswerten im laufenden Tagesgeschäft,"Ziel, Zielgruppe, Ablauf, Ressourcen und Wirkung planen",D,Anlässe brauchen Planung und Nachbereitung.,"Bildungsplan Detailhandelsfachfrau/Detailhandelsfachmann EFZ, BDS/SBFI",https://www.bds-fcs.ch/de/Digitale-Medien/Download-Center?download=17
detailhandel,Detailhandelsfachfrau/Detailhandelsfachmann EFZ,dh_l15,HKB e,L15,Schwerpunkt Einkaufserlebnisse,hard,single_choice,Welche Aussage zum Thema Kundenanlass ist fachlich korrekt?,"Ziel, Zielgruppe, Ablauf, Ressourcen und Wirkung planen",Anlass ohne Ziel starten im Rahmen der Routine,Einladungen vergessen unter typischen Arbeitsbedingungen,Erfolg nie auswerten nach gängiger Praxis,A,Anlässe brauchen Planung und Nachbereitung.,"Bildungsplan Detailhandelsfachfrau/Detailhandelsfachmann EFZ, BDS/SBFI",https://www.bds-fcs.ch/de/Digitale-Medien/Download-Center?download=17
detailhandel,Detailhandelsfachfrau/Detailhandelsfachmann EFZ,dh_l15,HKB e,L15,Schwerpunkt Einkaufserlebnisse,easy,single_choice,Welche Aussage beschreibt das Thema Promotion im Beruf Detailhandelsfachfrau/Detailhandelsfachmann EFZ am besten?,Aktion ohne Nutzen durchführen im normalen Betriebsablauf,Verkaufsfördernde Aktion passend zu Zielgruppe und Sortiment gestalten,Preise falsch auszeichnen bei sachgemässem Ablauf,Team nicht informieren im normalen Praxisalltag bei sachgemässer Ausführung,B,Promotionen sollen Aufmerksamkeit und Umsatz fördern.,"Bildungsplan Detailhandelsfachfrau/Detailhandelsfachmann EFZ, BDS/SBFI",https://www.bds-fcs.ch/de/Digitale-Medien/Download-Center?download=17
detailhandel,Detailhandelsfachfrau/Detailhandelsfachmann EFZ,dh_l15,HKB e,L15,Schwerpunkt Einkaufserlebnisse,medium,single_choice,Worauf muss man beim Thema Promotion in der Praxis besonders achten?,Aktion ohne Nutzen durchführen im konkreten Auftrag,Preise falsch auszeichnen bei vergleichbaren Aufgaben,Verkaufsfördernde Aktion passend zu Zielgruppe und Sortiment gestalten,Team nicht informieren im Rahmen der Routine im laufenden Tagesgeschäft,C,Promotionen sollen Aufmerksamkeit und Umsatz fördern.,"Bildungsplan Detailhandelsfachfrau/Detailhandelsfachmann EFZ, BDS/SBFI",https://www.bds-fcs.ch/de/Digitale-Medien/Download-Center?download=17
detailhandel,Detailhandelsfachfrau/Detailhandelsfachmann EFZ,dh_l15,HKB e,L15,Schwerpunkt Einkaufserlebnisse,hard,single_choice,Welche Aussage zum Thema Promotion ist fachlich korrekt?,Aktion ohne Nutzen durchführen im üblichen Berufsalltag,Preise falsch auszeichnen bei sachgemässer Ausführung,Team nicht informieren im normalen Betriebsablauf nach gängiger Praxis,Verkaufsfördernde Aktion passend zu Zielgruppe und Sortiment gestalten,D,Promotionen sollen Aufmerksamkeit und Umsatz fördern.,"Bildungsplan Detailhandelsfachfrau/Detailhandelsfachmann EFZ, BDS/SBFI",https://www.bds-fcs.ch/de/Digitale-Medien/Download-Center?download=17
detailhandel,Detailhandelsfachfrau/Detailhandelsfachmann EFZ,dh_l15,HKB e,L15,Schwerpunkt Einkaufserlebnisse,easy,single_choice,Welche Aussage beschreibt das Thema Serviceleistung im Beruf Detailhandelsfachfrau/Detailhandelsfachmann EFZ am besten?,"Zusatzleistungen wie Reparatur, Lieferung oder Beratung einbinden",Service verschweigen im konkreten Auftrag im normalen Praxisalltag,Kosten unklar lassen im laufenden Tagesgeschäft,Machbarkeit nicht prüfen im üblichen Arbeitsumfeld,A,Service kann Einkaufserlebnisse stärken.,"Bildungsplan Detailhandelsfachfrau/Detailhandelsfachmann EFZ, BDS/SBFI",https://www.bds-fcs.ch/de/Digitale-Medien/Download-Center?download=17
detailhandel,Detailhandelsfachfrau/Detailhandelsfachmann EFZ,dh_l15,HKB e,L15,Schwerpunkt Einkaufserlebnisse,medium,single_choice,Worauf muss man beim Thema Serviceleistung in der Praxis besonders achten?,Service verschweigen im üblichen Berufsalltag bei vergleichbaren Aufgaben,"Zusatzleistungen wie Reparatur, Lieferung oder Beratung einbinden",Kosten unklar lassen nach gängiger Praxis im Rahmen der Routine,Machbarkeit nicht prüfen unter typischen Arbeitsbedingungen,B,Service kann Einkaufserlebnisse stärken.,"Bildungsplan Detailhandelsfachfrau/Detailhandelsfachmann EFZ, BDS/SBFI",https://www.bds-fcs.ch/de/Digitale-Medien/Download-Center?download=17
detailhandel,Detailhandelsfachfrau/Detailhandelsfachmann EFZ,dh_l15,HKB e,L15,Schwerpunkt Einkaufserlebnisse,hard,single_choice,Welche Aussage zum Thema Serviceleistung ist fachlich korrekt?,Service verschweigen im üblichen Arbeitsumfeld,Kosten unklar lassen im normalen Praxisalltag im normalen Betriebsablauf,"Zusatzleistungen wie Reparatur, Lieferung oder Beratung einbinden",Machbarkeit nicht prüfen bei sachgemässem Ablauf,C,Service kann Einkaufserlebnisse stärken.,"Bildungsplan Detailhandelsfachfrau/Detailhandelsfachmann EFZ, BDS/SBFI",https://www.bds-fcs.ch/de/Digitale-Medien/Download-Center?download=17
detailhandel,Detailhandelsfachfrau/Detailhandelsfachmann EFZ,dh_l15,HKB e,L15,Schwerpunkt Einkaufserlebnisse,easy,single_choice,Welche Aussage beschreibt das Thema Erfolgskontrolle Event im Beruf Detailhandelsfachfrau/Detailhandelsfachmann EFZ am besten?,nur Bauchgefühl nutzen bei vergleichbaren Aufgaben,Feedback ignorieren unter typischen Arbeitsbedingungen,Kosten nicht prüfen im Rahmen der Routine,"Rückmeldungen, Kennzahlen und Beobachtungen auswerten",D,Auswertung zeigt Wirkung und Verbesserungspotenzial.,"Bildungsplan Detailhandelsfachfrau/Detailhandelsfachmann EFZ, BDS/SBFI",https://www.bds-fcs.ch/de/Digitale-Medien/Download-Center?download=17
detailhandel,Detailhandelsfachfrau/Detailhandelsfachmann EFZ,dh_l15,HKB e,L15,Schwerpunkt Einkaufserlebnisse,medium,single_choice,Worauf muss man beim Thema Erfolgskontrolle Event in der Praxis besonders achten?,"Rückmeldungen, Kennzahlen und Beobachtungen auswerten",nur Bauchgefühl nutzen bei sachgemässer Ausführung,Feedback ignorieren bei sachgemässem Ablauf,Kosten nicht prüfen im normalen Betriebsablauf,A,Auswertung zeigt Wirkung und Verbesserungspotenzial.,"Bildungsplan Detailhandelsfachfrau/Detailhandelsfachmann EFZ, BDS/SBFI",https://www.bds-fcs.ch/de/Digitale-Medien/Download-Center?download=17
detailhandel,Detailhandelsfachfrau/Detailhandelsfachmann EFZ,dh_l15,HKB e,L15,Schwerpunkt Einkaufserlebnisse,hard,single_choice,Welche Aussage zum Thema Erfolgskontrolle Event ist fachlich korrekt?,nur Bauchgefühl nutzen im laufenden Tagesgeschäft,"Rückmeldungen, Kennzahlen und Beobachtungen auswerten",Feedback ignorieren bei vergleichbaren Aufgaben,Kosten nicht prüfen im konkreten Auftrag,B,Auswertung zeigt Wirkung und Verbesserungspotenzial.,"Bildungsplan Detailhandelsfachfrau/Detailhandelsfachmann EFZ, BDS/SBFI",https://www.bds-fcs.ch/de/Digitale-Medien/Download-Center?download=17
detailhandel,Detailhandelsfachfrau/Detailhandelsfachmann EFZ,dh_l15,HKB e,L15,Schwerpunkt Einkaufserlebnisse,easy,single_choice,Welche Aussage beschreibt das Thema Ressourcenschonung im Beruf Detailhandelsfachfrau/Detailhandelsfachmann EFZ am besten?,Einwegmaterial verschwenden nach gängiger Praxis unter typischen Arbeitsbedingungen,Energiebedarf ignorieren im üblichen Berufsalltag,Events und Präsentationen material- und energiesparend gestalten,Abfälle nicht trennen bei sachgemässer Ausführung,C,Nachhaltigkeit gehört auch zu Erlebnissen.,"Bildungsplan Detailhandelsfachfrau/Detailhandelsfachmann EFZ, BDS/SBFI",https://www.bds-fcs.ch/de/Digitale-Medien/Download-Center?download=17
detailhandel,Detailhandelsfachfrau/Detailhandelsfachmann EFZ,dh_l15,HKB e,L15,Schwerpunkt Einkaufserlebnisse,medium,single_choice,Worauf muss man beim Thema Ressourcenschonung in der Praxis besonders achten?,Einwegmaterial verschwenden im normalen Praxisalltag,Energiebedarf ignorieren im üblichen Arbeitsumfeld,Abfälle nicht trennen im laufenden Tagesgeschäft bei sachgemässem Ablauf,Events und Präsentationen material- und energiesparend gestalten,D,Nachhaltigkeit gehört auch zu Erlebnissen.,"Bildungsplan Detailhandelsfachfrau/Detailhandelsfachmann EFZ, BDS/SBFI",https://www.bds-fcs.ch/de/Digitale-Medien/Download-Center?download=17
detailhandel,Detailhandelsfachfrau/Detailhandelsfachmann EFZ,dh_l15,HKB e,L15,Schwerpunkt Einkaufserlebnisse,hard,single_choice,Welche Aussage zum Thema Ressourcenschonung ist fachlich korrekt?,Events und Präsentationen material- und energiesparend gestalten,Einwegmaterial verschwenden im Rahmen der Routine,Energiebedarf ignorieren unter typischen Arbeitsbedingungen,Abfälle nicht trennen nach gängiger Praxis bei vergleichbaren Aufgaben,A,Nachhaltigkeit gehört auch zu Erlebnissen.,"Bildungsplan Detailhandelsfachfrau/Detailhandelsfachmann EFZ, BDS/SBFI",https://www.bds-fcs.ch/de/Digitale-Medien/Download-Center?download=17
detailhandel,Detailhandelsfachfrau/Detailhandelsfachmann EFZ,dh_l15,HKB e,L15,Schwerpunkt Einkaufserlebnisse,easy,single_choice,Welche Aussage beschreibt das Thema Erlebbarkeit im Beruf Detailhandelsfachfrau/Detailhandelsfachmann EFZ am besten?,Produkte unzugänglich lassen im normalen Betriebsablauf,"Kunden Produkte ausprobieren, vergleichen oder wahrnehmen lassen",Demonstration verbieten im normalen Praxisalltag bei sachgemässer Ausführung,Sinneseindruck ignorieren bei sachgemässem Ablauf,B,Erlebbarkeit unterstützt Kaufentscheidungen.,"Bildungsplan Detailhandelsfachfrau/Detailhandelsfachmann EFZ, BDS/SBFI",https://www.bds-fcs.ch/de/Digitale-Medien/Download-Center?download=17
detailhandel,Detailhandelsfachfrau/Detailhandelsfachmann EFZ,dh_l15,HKB e,L15,Schwerpunkt Einkaufserlebnisse,medium,single_choice,Worauf muss man beim Thema Erlebbarkeit in der Praxis besonders achten?,Produkte unzugänglich lassen im konkreten Auftrag,Demonstration verbieten im Rahmen der Routine im laufenden Tagesgeschäft,"Kunden Produkte ausprobieren, vergleichen oder wahrnehmen lassen",Sinneseindruck ignorieren bei vergleichbaren Aufgaben,C,Erlebbarkeit unterstützt Kaufentscheidungen.,"Bildungsplan Detailhandelsfachfrau/Detailhandelsfachmann EFZ, BDS/SBFI",https://www.bds-fcs.ch/de/Digitale-Medien/Download-Center?download=17
detailhandel,Detailhandelsfachfrau/Detailhandelsfachmann EFZ,dh_l15,HKB e,L15,Schwerpunkt Einkaufserlebnisse,hard,single_choice,Welche Aussage zum Thema Erlebbarkeit ist fachlich korrekt?,Produkte unzugänglich lassen im üblichen Berufsalltag,Demonstration verbieten im normalen Betriebsablauf,Sinneseindruck ignorieren bei sachgemässer Ausführung,"Kunden Produkte ausprobieren, vergleichen oder wahrnehmen lassen",D,Erlebbarkeit unterstützt Kaufentscheidungen.,"Bildungsplan Detailhandelsfachfrau/Detailhandelsfachmann EFZ, BDS/SBFI",https://www.bds-fcs.ch/de/Digitale-Medien/Download-Center?download=17
detailhandel,Detailhandelsfachfrau/Detailhandelsfachmann EFZ,dh_l15,HKB e,L15,Schwerpunkt Einkaufserlebnisse,easy,single_choice,Welche Aussage beschreibt das Thema Kundensegment im Beruf Detailhandelsfachfrau/Detailhandelsfachmann EFZ am besten?,Erlebnis auf Zielgruppe und Bedürfnisse abstimmen,alle Kunden gleich bespielen im üblichen Arbeitsumfeld,Zielgruppe nicht definieren im laufenden Tagesgeschäft,Sprache unpassend wählen im konkreten Auftrag,A,Segmentierung macht Erlebnisse relevanter.,"Bildungsplan Detailhandelsfachfrau/Detailhandelsfachmann EFZ, BDS/SBFI",https://www.bds-fcs.ch/de/Digitale-Medien/Download-Center?download=17
detailhandel,Detailhandelsfachfrau/Detailhandelsfachmann EFZ,dh_l15,HKB e,L15,Schwerpunkt Einkaufserlebnisse,medium,single_choice,Worauf muss man beim Thema Kundensegment in der Praxis besonders achten?,alle Kunden gleich bespielen unter typischen Arbeitsbedingungen,Erlebnis auf Zielgruppe und Bedürfnisse abstimmen,Zielgruppe nicht definieren nach gängiger Praxis,Sprache unpassend wählen im üblichen Berufsalltag,B,Segmentierung macht Erlebnisse relevanter.,"Bildungsplan Detailhandelsfachfrau/Detailhandelsfachmann EFZ, BDS/SBFI",https://www.bds-fcs.ch/de/Digitale-Medien/Download-Center?download=17
detailhandel,Detailhandelsfachfrau/Detailhandelsfachmann EFZ,dh_l15,HKB e,L15,Schwerpunkt Einkaufserlebnisse,hard,single_choice,Welche Aussage zum Thema Kundensegment ist fachlich korrekt?,alle Kunden gleich bespielen bei sachgemässem Ablauf,Zielgruppe nicht definieren im normalen Praxisalltag,Erlebnis auf Zielgruppe und Bedürfnisse abstimmen,Sprache unpassend wählen im üblichen Arbeitsumfeld,C,Segmentierung macht Erlebnisse relevanter.,"Bildungsplan Detailhandelsfachfrau/Detailhandelsfachmann EFZ, BDS/SBFI",https://www.bds-fcs.ch/de/Digitale-Medien/Download-Center?download=17
detailhandel,Detailhandelsfachfrau/Detailhandelsfachmann EFZ,dh_l15,HKB e,L15,Schwerpunkt Einkaufserlebnisse,easy,single_choice,Welche Aussage beschreibt das Thema Eventkoordination im Beruf Detailhandelsfachfrau/Detailhandelsfachmann EFZ am besten?,Team spät informieren unter typischen Arbeitsbedingungen,Verantwortung offen lassen im Rahmen der Routine,Material erst am Schluss suchen bei vergleichbaren Aufgaben,"Beteiligte, Aufgaben und Termine zuverlässig abstimmen",D,Koordination entscheidet über die Umsetzung.,"Bildungsplan Detailhandelsfachfrau/Detailhandelsfachmann EFZ, BDS/SBFI",https://www.bds-fcs.ch/de/Digitale-Medien/Download-Center?download=17
detailhandel,Detailhandelsfachfrau/Detailhandelsfachmann EFZ,dh_l15,HKB e,L15,Schwerpunkt Einkaufserlebnisse,medium,single_choice,Worauf muss man beim Thema Eventkoordination in der Praxis besonders achten?,"Beteiligte, Aufgaben und Termine zuverlässig abstimmen",Team spät informieren bei sachgemässem Ablauf,Verantwortung offen lassen im normalen Betriebsablauf,Material erst am Schluss suchen bei sachgemässer Ausführung,A,Koordination entscheidet über die Umsetzung.,"Bildungsplan Detailhandelsfachfrau/Detailhandelsfachmann EFZ, BDS/SBFI",https://www.bds-fcs.ch/de/Digitale-Medien/Download-Center?download=17
detailhandel,Detailhandelsfachfrau/Detailhandelsfachmann EFZ,dh_l15,HKB e,L15,Schwerpunkt Einkaufserlebnisse,hard,single_choice,Welche Aussage zum Thema Eventkoordination ist fachlich korrekt?,Team spät informieren bei vergleichbaren Aufgaben,"Beteiligte, Aufgaben und Termine zuverlässig abstimmen",Verantwortung offen lassen im konkreten Auftrag,Material erst am Schluss suchen im laufenden Tagesgeschäft,B,Koordination entscheidet über die Umsetzung.,"Bildungsplan Detailhandelsfachfrau/Detailhandelsfachmann EFZ, BDS/SBFI",https://www.bds-fcs.ch/de/Digitale-Medien/Download-Center?download=17
detailhandel,Detailhandelsfachfrau/Detailhandelsfachmann EFZ,dh_l16,HKB f,L16,Schwerpunkt Online-Shop und E-Commerce,easy,single_choice,Welche Aussage beschreibt das Thema Artikeldaten im Beruf Detailhandelsfachfrau/Detailhandelsfachmann EFZ am besten?,falsche Produktdaten veröffentlichen nach gängiger Praxis,Bilder ohne Rechte nutzen im üblichen Berufsalltag,"Titel, Bilder, Merkmale, Preis und Bestand korrekt pflegen",Bestand ignorieren bei sachgemässer Ausführung,C,Artikeldaten bestimmen Online-Verkauf und Kundenerlebnis.,"Bildungsplan Detailhandelsfachfrau/Detailhandelsfachmann EFZ, BDS/SBFI",https://www.bds-fcs.ch/de/Digitale-Medien/Download-Center?download=17
detailhandel,Detailhandelsfachfrau/Detailhandelsfachmann EFZ,dh_l16,HKB f,L16,Schwerpunkt Online-Shop und E-Commerce,medium,single_choice,Worauf muss man beim Thema Artikeldaten in der Praxis besonders achten?,falsche Produktdaten veröffentlichen im normalen Praxisalltag,Bilder ohne Rechte nutzen im üblichen Arbeitsumfeld,Bestand ignorieren im laufenden Tagesgeschäft,"Titel, Bilder, Merkmale, Preis und Bestand korrekt pflegen",D,Artikeldaten bestimmen Online-Verkauf und Kundenerlebnis.,"Bildungsplan Detailhandelsfachfrau/Detailhandelsfachmann EFZ, BDS/SBFI",https://www.bds-fcs.ch/de/Digitale-Medien/Download-Center?download=17
detailhandel,Detailhandelsfachfrau/Detailhandelsfachmann EFZ,dh_l16,HKB f,L16,Schwerpunkt Online-Shop und E-Commerce,hard,single_choice,Welche Aussage zum Thema Artikeldaten ist fachlich korrekt?,"Titel, Bilder, Merkmale, Preis und Bestand korrekt pflegen",falsche Produktdaten veröffentlichen im Rahmen der Routine,Bilder ohne Rechte nutzen unter typischen Arbeitsbedingungen,Bestand ignorieren nach gängiger Praxis bei vergleichbaren Aufgaben,A,Artikeldaten bestimmen Online-Verkauf und Kundenerlebnis.,"Bildungsplan Detailhandelsfachfrau/Detailhandelsfachmann EFZ, BDS/SBFI",https://www.bds-fcs.ch/de/Digitale-Medien/Download-Center?download=17
detailhandel,Detailhandelsfachfrau/Detailhandelsfachmann EFZ,dh_l16,HKB f,L16,Schwerpunkt Online-Shop und E-Commerce,easy,single_choice,Welche Aussage beschreibt das Thema Produktbild im Beruf Detailhandelsfachfrau/Detailhandelsfachmann EFZ am besten?,fremde Bilder ungeprüft kopieren im normalen Betriebsablauf,"rechtekonform, aussagekräftig und passend zum Produkt verwenden",unscharfe Bilder nutzen im normalen Praxisalltag,falsche Variante zeigen bei sachgemässem Ablauf,B,Bilder beeinflussen Vertrauen und Kaufentscheidung.,"Bildungsplan Detailhandelsfachfrau/Detailhandelsfachmann EFZ, BDS/SBFI",https://www.bds-fcs.ch/de/Digitale-Medien/Download-Center?download=17
detailhandel,Detailhandelsfachfrau/Detailhandelsfachmann EFZ,dh_l16,HKB f,L16,Schwerpunkt Online-Shop und E-Commerce,medium,single_choice,Worauf muss man beim Thema Produktbild in der Praxis besonders achten?,fremde Bilder ungeprüft kopieren im konkreten Auftrag,unscharfe Bilder nutzen im Rahmen der Routine im laufenden Tagesgeschäft,"rechtekonform, aussagekräftig und passend zum Produkt verwenden",falsche Variante zeigen bei vergleichbaren Aufgaben,C,Bilder beeinflussen Vertrauen und Kaufentscheidung.,"Bildungsplan Detailhandelsfachfrau/Detailhandelsfachmann EFZ, BDS/SBFI",https://www.bds-fcs.ch/de/Digitale-Medien/Download-Center?download=17
detailhandel,Detailhandelsfachfrau/Detailhandelsfachmann EFZ,dh_l16,HKB f,L16,Schwerpunkt Online-Shop und E-Commerce,hard,single_choice,Welche Aussage zum Thema Produktbild ist fachlich korrekt?,fremde Bilder ungeprüft kopieren im üblichen Berufsalltag,unscharfe Bilder nutzen im normalen Betriebsablauf,falsche Variante zeigen bei sachgemässer Ausführung,"rechtekonform, aussagekräftig und passend zum Produkt verwenden",D,Bilder beeinflussen Vertrauen und Kaufentscheidung.,"Bildungsplan Detailhandelsfachfrau/Detailhandelsfachmann EFZ, BDS/SBFI",https://www.bds-fcs.ch/de/Digitale-Medien/Download-Center?download=17
detailhandel,Detailhandelsfachfrau/Detailhandelsfachmann EFZ,dh_l16,HKB f,L16,Schwerpunkt Online-Shop und E-Commerce,easy,single_choice,Welche Aussage beschreibt das Thema SEO im Beruf Detailhandelsfachfrau/Detailhandelsfachmann EFZ am besten?,"Inhalte so strukturieren, dass Produkte besser gefunden werden",Suchbegriffe ignorieren im laufenden Tagesgeschäft,Titel leer lassen im konkreten Auftrag im normalen Praxisalltag,irrelevante Begriffe füllen im üblichen Arbeitsumfeld,A,Suchmaschinenoptimierung unterstützt Sichtbarkeit.,"Bildungsplan Detailhandelsfachfrau/Detailhandelsfachmann EFZ, BDS/SBFI",https://www.bds-fcs.ch/de/Digitale-Medien/Download-Center?download=17
detailhandel,Detailhandelsfachfrau/Detailhandelsfachmann EFZ,dh_l16,HKB f,L16,Schwerpunkt Online-Shop und E-Commerce,medium,single_choice,Worauf muss man beim Thema SEO in der Praxis besonders achten?,Suchbegriffe ignorieren nach gängiger Praxis,"Inhalte so strukturieren, dass Produkte besser gefunden werden",Titel leer lassen im üblichen Berufsalltag im Rahmen der Routine,irrelevante Begriffe füllen unter typischen Arbeitsbedingungen,B,Suchmaschinenoptimierung unterstützt Sichtbarkeit.,"Bildungsplan Detailhandelsfachfrau/Detailhandelsfachmann EFZ, BDS/SBFI",https://www.bds-fcs.ch/de/Digitale-Medien/Download-Center?download=17
detailhandel,Detailhandelsfachfrau/Detailhandelsfachmann EFZ,dh_l16,HKB f,L16,Schwerpunkt Online-Shop und E-Commerce,hard,single_choice,Welche Aussage zum Thema SEO ist fachlich korrekt?,Suchbegriffe ignorieren im normalen Praxisalltag,Titel leer lassen im üblichen Arbeitsumfeld im normalen Betriebsablauf,"Inhalte so strukturieren, dass Produkte besser gefunden werden",irrelevante Begriffe füllen bei sachgemässem Ablauf,C,Suchmaschinenoptimierung unterstützt Sichtbarkeit.,"Bildungsplan Detailhandelsfachfrau/Detailhandelsfachmann EFZ, BDS/SBFI",https://www.bds-fcs.ch/de/Digitale-Medien/Download-Center?download=17
detailhandel,Detailhandelsfachfrau/Detailhandelsfachmann EFZ,dh_l16,HKB f,L16,Schwerpunkt Online-Shop und E-Commerce,easy,single_choice,Welche Aussage beschreibt das Thema Tracking im Beruf Detailhandelsfachfrau/Detailhandelsfachmann EFZ am besten?,Tracking ohne Rechtsgrundlage nutzen bei vergleichbaren Aufgaben,Daten ungeprüft interpretieren im Rahmen der Routine,Zahlen erfinden unter typischen Arbeitsbedingungen,"Daten zu Besuchen, Klicks und Käufen datenschutzkonform auswerten",D,E-Commerce-Steuerung braucht Daten und Datenschutz.,"Bildungsplan Detailhandelsfachfrau/Detailhandelsfachmann EFZ, BDS/SBFI",https://www.bds-fcs.ch/de/Digitale-Medien/Download-Center?download=17
detailhandel,Detailhandelsfachfrau/Detailhandelsfachmann EFZ,dh_l16,HKB f,L16,Schwerpunkt Online-Shop und E-Commerce,medium,single_choice,Worauf muss man beim Thema Tracking in der Praxis besonders achten?,"Daten zu Besuchen, Klicks und Käufen datenschutzkonform auswerten",Tracking ohne Rechtsgrundlage nutzen bei sachgemässer Ausführung,Daten ungeprüft interpretieren im normalen Betriebsablauf,Zahlen erfinden bei sachgemässem Ablauf im üblichen Berufsalltag,A,E-Commerce-Steuerung braucht Daten und Datenschutz.,"Bildungsplan Detailhandelsfachfrau/Detailhandelsfachmann EFZ, BDS/SBFI",https://www.bds-fcs.ch/de/Digitale-Medien/Download-Center?download=17
detailhandel,Detailhandelsfachfrau/Detailhandelsfachmann EFZ,dh_l16,HKB f,L16,Schwerpunkt Online-Shop und E-Commerce,hard,single_choice,Welche Aussage zum Thema Tracking ist fachlich korrekt?,Tracking ohne Rechtsgrundlage nutzen im laufenden Tagesgeschäft,"Daten zu Besuchen, Klicks und Käufen datenschutzkonform auswerten",Daten ungeprüft interpretieren im konkreten Auftrag,Zahlen erfinden bei vergleichbaren Aufgaben im üblichen Arbeitsumfeld,B,E-Commerce-Steuerung braucht Daten und Datenschutz.,"Bildungsplan Detailhandelsfachfrau/Detailhandelsfachmann EFZ, BDS/SBFI",https://www.bds-fcs.ch/de/Digitale-Medien/Download-Center?download=17
detailhandel,Detailhandelsfachfrau/Detailhandelsfachmann EFZ,dh_l16,HKB f,L16,Schwerpunkt Online-Shop und E-Commerce,easy,single_choice,Welche Aussage beschreibt das Thema A/B-Test im Beruf Detailhandelsfachfrau/Detailhandelsfachmann EFZ am besten?,zwei Änderungen unkontrolliert mischen nach gängiger Praxis,Ergebnis ohne Daten wählen im üblichen Berufsalltag,"Varianten vergleichen, um Wirkung auf Nutzerverhalten zu messen",Test nie beenden bei sachgemässer Ausführung unter typischen Arbeitsbedingungen,C,"Tests helfen, Shop-Elemente zu verbessern.","Bildungsplan Detailhandelsfachfrau/Detailhandelsfachmann EFZ, BDS/SBFI",https://www.bds-fcs.ch/de/Digitale-Medien/Download-Center?download=17
detailhandel,Detailhandelsfachfrau/Detailhandelsfachmann EFZ,dh_l16,HKB f,L16,Schwerpunkt Online-Shop und E-Commerce,medium,single_choice,Worauf muss man beim Thema A/B-Test in der Praxis besonders achten?,zwei Änderungen unkontrolliert mischen im normalen Praxisalltag,Ergebnis ohne Daten wählen im üblichen Arbeitsumfeld,Test nie beenden im laufenden Tagesgeschäft bei sachgemässem Ablauf,"Varianten vergleichen, um Wirkung auf Nutzerverhalten zu messen",D,"Tests helfen, Shop-Elemente zu verbessern.","Bildungsplan Detailhandelsfachfrau/Detailhandelsfachmann EFZ, BDS/SBFI",https://www.bds-fcs.ch/de/Digitale-Medien/Download-Center?download=17
detailhandel,Detailhandelsfachfrau/Detailhandelsfachmann EFZ,dh_l16,HKB f,L16,Schwerpunkt Online-Shop und E-Commerce,hard,single_choice,Welche Aussage zum Thema A/B-Test ist fachlich korrekt?,"Varianten vergleichen, um Wirkung auf Nutzerverhalten zu messen",zwei Änderungen unkontrolliert mischen bei vergleichbaren Aufgaben,Ergebnis ohne Daten wählen unter typischen Arbeitsbedingungen,Test nie beenden nach gängiger Praxis im Rahmen der Routine,A,"Tests helfen, Shop-Elemente zu verbessern.","Bildungsplan Detailhandelsfachfrau/Detailhandelsfachmann EFZ, BDS/SBFI",https://www.bds-fcs.ch/de/Digitale-Medien/Download-Center?download=17
detailhandel,Detailhandelsfachfrau/Detailhandelsfachmann EFZ,dh_l16,HKB f,L16,Schwerpunkt Online-Shop und E-Commerce,easy,single_choice,Welche Aussage beschreibt das Thema Warenkorb-Abbruch im Beruf Detailhandelsfachfrau/Detailhandelsfachmann EFZ am besten?,Abbrüche ignorieren im normalen Praxisalltag,Gründe analysieren und Verbesserungen ableiten,Kunden beschuldigen bei sachgemässem Ablauf,Checkout komplizierter machen im normalen Betriebsablauf,B,Abbrüche zeigen Optimierungspotenzial.,"Bildungsplan Detailhandelsfachfrau/Detailhandelsfachmann EFZ, BDS/SBFI",https://www.bds-fcs.ch/de/Digitale-Medien/Download-Center?download=17
detailhandel,Detailhandelsfachfrau/Detailhandelsfachmann EFZ,dh_l16,HKB f,L16,Schwerpunkt Online-Shop und E-Commerce,medium,single_choice,Worauf muss man beim Thema Warenkorb-Abbruch in der Praxis besonders achten?,Abbrüche ignorieren im Rahmen der Routine,Kunden beschuldigen bei vergleichbaren Aufgaben,Gründe analysieren und Verbesserungen ableiten,Checkout komplizierter machen im konkreten Auftrag,C,Abbrüche zeigen Optimierungspotenzial.,"Bildungsplan Detailhandelsfachfrau/Detailhandelsfachmann EFZ, BDS/SBFI",https://www.bds-fcs.ch/de/Digitale-Medien/Download-Center?download=17
detailhandel,Detailhandelsfachfrau/Detailhandelsfachmann EFZ,dh_l16,HKB f,L16,Schwerpunkt Online-Shop und E-Commerce,hard,single_choice,Welche Aussage zum Thema Warenkorb-Abbruch ist fachlich korrekt?,Abbrüche ignorieren im normalen Betriebsablauf,Kunden beschuldigen bei sachgemässer Ausführung,Checkout komplizierter machen im üblichen Berufsalltag,Gründe analysieren und Verbesserungen ableiten,D,Abbrüche zeigen Optimierungspotenzial.,"Bildungsplan Detailhandelsfachfrau/Detailhandelsfachmann EFZ, BDS/SBFI",https://www.bds-fcs.ch/de/Digitale-Medien/Download-Center?download=17
detailhandel,Detailhandelsfachfrau/Detailhandelsfachmann EFZ,dh_l16,HKB f,L16,Schwerpunkt Online-Shop und E-Commerce,easy,single_choice,Welche Aussage beschreibt das Thema Cross-Selling im Beruf Detailhandelsfachfrau/Detailhandelsfachmann EFZ am besten?,passende Ergänzungsprodukte online vorschlagen,beliebige Produkte anzeigen im laufenden Tagesgeschäft,Kundenbedarf ignorieren im konkreten Auftrag,falsche Kompatibilität behaupten im üblichen Arbeitsumfeld,A,Cross-Selling soll relevant und hilfreich sein.,"Bildungsplan Detailhandelsfachfrau/Detailhandelsfachmann EFZ, BDS/SBFI",https://www.bds-fcs.ch/de/Digitale-Medien/Download-Center?download=17
detailhandel,Detailhandelsfachfrau/Detailhandelsfachmann EFZ,dh_l16,HKB f,L16,Schwerpunkt Online-Shop und E-Commerce,medium,single_choice,Worauf muss man beim Thema Cross-Selling in der Praxis besonders achten?,beliebige Produkte anzeigen nach gängiger Praxis,passende Ergänzungsprodukte online vorschlagen,Kundenbedarf ignorieren im üblichen Berufsalltag,falsche Kompatibilität behaupten unter typischen Arbeitsbedingungen,B,Cross-Selling soll relevant und hilfreich sein.,"Bildungsplan Detailhandelsfachfrau/Detailhandelsfachmann EFZ, BDS/SBFI",https://www.bds-fcs.ch/de/Digitale-Medien/Download-Center?download=17
detailhandel,Detailhandelsfachfrau/Detailhandelsfachmann EFZ,dh_l16,HKB f,L16,Schwerpunkt Online-Shop und E-Commerce,hard,single_choice,Welche Aussage zum Thema Cross-Selling ist fachlich korrekt?,beliebige Produkte anzeigen im normalen Praxisalltag,Kundenbedarf ignorieren im üblichen Arbeitsumfeld,passende Ergänzungsprodukte online vorschlagen,falsche Kompatibilität behaupten bei sachgemässem Ablauf,C,Cross-Selling soll relevant und hilfreich sein.,"Bildungsplan Detailhandelsfachfrau/Detailhandelsfachmann EFZ, BDS/SBFI",https://www.bds-fcs.ch/de/Digitale-Medien/Download-Center?download=17
detailhandel,Detailhandelsfachfrau/Detailhandelsfachmann EFZ,dh_l16,HKB f,L16,Schwerpunkt Online-Shop und E-Commerce,easy,single_choice,Welche Aussage beschreibt das Thema Onlinebewertung im Beruf Detailhandelsfachfrau/Detailhandelsfachmann EFZ am besten?,Kritik beleidigend beantworten bei vergleichbaren Aufgaben,Fake-Bewertungen fördern im Rahmen der Routine,Rassismus stehen lassen unter typischen Arbeitsbedingungen,"Bewertungen prüfen, sachlich bearbeiten und Missbrauch erkennen",D,Bewertungen beeinflussen Vertrauen und müssen moderiert werden.,"Bildungsplan Detailhandelsfachfrau/Detailhandelsfachmann EFZ, BDS/SBFI",https://www.bds-fcs.ch/de/Digitale-Medien/Download-Center?download=17
detailhandel,Detailhandelsfachfrau/Detailhandelsfachmann EFZ,dh_l16,HKB f,L16,Schwerpunkt Online-Shop und E-Commerce,medium,single_choice,Worauf muss man beim Thema Onlinebewertung in der Praxis besonders achten?,"Bewertungen prüfen, sachlich bearbeiten und Missbrauch erkennen",Kritik beleidigend beantworten bei sachgemässer Ausführung,Fake-Bewertungen fördern im normalen Betriebsablauf,Rassismus stehen lassen bei sachgemässem Ablauf,A,Bewertungen beeinflussen Vertrauen und müssen moderiert werden.,"Bildungsplan Detailhandelsfachfrau/Detailhandelsfachmann EFZ, BDS/SBFI",https://www.bds-fcs.ch/de/Digitale-Medien/Download-Center?download=17
detailhandel,Detailhandelsfachfrau/Detailhandelsfachmann EFZ,dh_l16,HKB f,L16,Schwerpunkt Online-Shop und E-Commerce,hard,single_choice,Welche Aussage zum Thema Onlinebewertung ist fachlich korrekt?,Kritik beleidigend beantworten im laufenden Tagesgeschäft,"Bewertungen prüfen, sachlich bearbeiten und Missbrauch erkennen",Fake-Bewertungen fördern im konkreten Auftrag,Rassismus stehen lassen bei vergleichbaren Aufgaben,B,Bewertungen beeinflussen Vertrauen und müssen moderiert werden.,"Bildungsplan Detailhandelsfachfrau/Detailhandelsfachmann EFZ, BDS/SBFI",https://www.bds-fcs.ch/de/Digitale-Medien/Download-Center?download=17
detailhandel,Detailhandelsfachfrau/Detailhandelsfachmann EFZ,dh_l16,HKB f,L16,Schwerpunkt Online-Shop und E-Commerce,easy,single_choice,Welche Aussage beschreibt das Thema Shop-Usability im Beruf Detailhandelsfachfrau/Detailhandelsfachmann EFZ am besten?,Kaufprozess erschweren bei sachgemässer Ausführung,Filter unlogisch machen im üblichen Berufsalltag,"Navigation, Suche, Filter und Checkout kundenfreundlich gestalten",Fehlermeldungen verstecken nach gängiger Praxis unter typischen Arbeitsbedingungen,C,Benutzerfreundlichkeit erhöht Abschlusschancen.,"Bildungsplan Detailhandelsfachfrau/Detailhandelsfachmann EFZ, BDS/SBFI",https://www.bds-fcs.ch/de/Digitale-Medien/Download-Center?download=17
detailhandel,Detailhandelsfachfrau/Detailhandelsfachmann EFZ,dh_l16,HKB f,L16,Schwerpunkt Online-Shop und E-Commerce,medium,single_choice,Worauf muss man beim Thema Shop-Usability in der Praxis besonders achten?,Kaufprozess erschweren im laufenden Tagesgeschäft bei sachgemässem Ablauf,Filter unlogisch machen im üblichen Arbeitsumfeld,Fehlermeldungen verstecken im normalen Praxisalltag,"Navigation, Suche, Filter und Checkout kundenfreundlich gestalten",D,Benutzerfreundlichkeit erhöht Abschlusschancen.,"Bildungsplan Detailhandelsfachfrau/Detailhandelsfachmann EFZ, BDS/SBFI",https://www.bds-fcs.ch/de/Digitale-Medien/Download-Center?download=17
detailhandel,Detailhandelsfachfrau/Detailhandelsfachmann EFZ,dh_l16,HKB f,L16,Schwerpunkt Online-Shop und E-Commerce,hard,single_choice,Welche Aussage zum Thema Shop-Usability ist fachlich korrekt?,"Navigation, Suche, Filter und Checkout kundenfreundlich gestalten",Kaufprozess erschweren nach gängiger Praxis bei vergleichbaren Aufgaben,Filter unlogisch machen unter typischen Arbeitsbedingungen,Fehlermeldungen verstecken im Rahmen der Routine,A,Benutzerfreundlichkeit erhöht Abschlusschancen.,"Bildungsplan Detailhandelsfachfrau/Detailhandelsfachmann EFZ, BDS/SBFI",https://www.bds-fcs.ch/de/Digitale-Medien/Download-Center?download=17
detailhandel,Detailhandelsfachfrau/Detailhandelsfachmann EFZ,dh_l16,HKB f,L16,Schwerpunkt Online-Shop und E-Commerce,easy,single_choice,Welche Aussage beschreibt das Thema ERP-Shop-Schnittstelle im Beruf Detailhandelsfachfrau/Detailhandelsfachmann EFZ am besten?,Bestände doppelt pflegen ohne Abgleich im normalen Betriebsablauf,Daten zwischen Warenwirtschaft und Shop korrekt übertragen,Fehler nicht überwachen im normalen Praxisalltag,Schnittstellenmeldungen ignorieren bei sachgemässem Ablauf,B,"Schnittstellen sichern aktuelle Preise, Bestände und Aufträge.","Bildungsplan Detailhandelsfachfrau/Detailhandelsfachmann EFZ, BDS/SBFI",https://www.bds-fcs.ch/de/Digitale-Medien/Download-Center?download=17
detailhandel,Detailhandelsfachfrau/Detailhandelsfachmann EFZ,dh_l16,HKB f,L16,Schwerpunkt Online-Shop und E-Commerce,medium,single_choice,Worauf muss man beim Thema ERP-Shop-Schnittstelle in der Praxis besonders achten?,Bestände doppelt pflegen ohne Abgleich im konkreten Auftrag,Fehler nicht überwachen im Rahmen der Routine,Daten zwischen Warenwirtschaft und Shop korrekt übertragen,Schnittstellenmeldungen ignorieren bei vergleichbaren Aufgaben,C,"Schnittstellen sichern aktuelle Preise, Bestände und Aufträge.","Bildungsplan Detailhandelsfachfrau/Detailhandelsfachmann EFZ, BDS/SBFI",https://www.bds-fcs.ch/de/Digitale-Medien/Download-Center?download=17
detailhandel,Detailhandelsfachfrau/Detailhandelsfachmann EFZ,dh_l16,HKB f,L16,Schwerpunkt Online-Shop und E-Commerce,hard,single_choice,Welche Aussage zum Thema ERP-Shop-Schnittstelle ist fachlich korrekt?,Bestände doppelt pflegen ohne Abgleich im üblichen Berufsalltag,Fehler nicht überwachen im normalen Betriebsablauf,Schnittstellenmeldungen ignorieren bei sachgemässer Ausführung,Daten zwischen Warenwirtschaft und Shop korrekt übertragen,D,"Schnittstellen sichern aktuelle Preise, Bestände und Aufträge.","Bildungsplan Detailhandelsfachfrau/Detailhandelsfachmann EFZ, BDS/SBFI",https://www.bds-fcs.ch/de/Digitale-Medien/Download-Center?download=17
