course_key,course_name,module_key,hk,sub_hk,topic,difficulty,question_type,question,option_a,option_b,option_c,option_d,correct_option,explanation,source,source_url
fage,Fachfrau/Fachmann Gesundheit EFZ,fage_l01,HKB A/H,L01,"Berufsidentität, Teamarbeit und Qualität",easy,single_choice,Welche Aussage beschreibt das Thema Rolle als Berufsperson im Beruf Fachfrau/Fachmann Gesundheit EFZ am besten?,im eigenen Kompetenzbereich verantwortungsvoll und teamorientiert handeln,ärztliche Entscheidungen allein treffen im konkreten Auftrag,Aufgaben ohne Rückmeldung liegen lassen im laufenden Tagesgeschäft,Standards nach persönlicher Vorliebe ersetzen im Werkstattumfeld,A,FaGe handeln professionell innerhalb ihres Kompetenzbereichs und in Zusammenarbeit mit dem Team.,"Bildungsplan Fachfrau/Fachmann Gesundheit EFZ, OdASanté/SBFI",https://www.odasante.ch/fileadmin/odasante.ch/docs/Grundbildung/FaGe/FaGe_BiPla.pdf
fage,Fachfrau/Fachmann Gesundheit EFZ,fage_l01,HKB A/H,L01,"Berufsidentität, Teamarbeit und Qualität",medium,single_choice,Worauf muss man beim Thema Rolle als Berufsperson in der Praxis besonders achten?,ärztliche Entscheidungen allein treffen im üblichen Berufsalltag,im eigenen Kompetenzbereich verantwortungsvoll und teamorientiert handeln,Aufgaben ohne Rückmeldung liegen lassen nach gängiger Praxis,Standards nach persönlicher Vorliebe ersetzen unter typischen Arbeitsbedingungen,B,FaGe handeln professionell innerhalb ihres Kompetenzbereichs und in Zusammenarbeit mit dem Team.,"Bildungsplan Fachfrau/Fachmann Gesundheit EFZ, OdASanté/SBFI",https://www.odasante.ch/fileadmin/odasante.ch/docs/Grundbildung/FaGe/FaGe_BiPla.pdf
fage,Fachfrau/Fachmann Gesundheit EFZ,fage_l01,HKB A/H,L01,"Berufsidentität, Teamarbeit und Qualität",hard,single_choice,Welche Aussage zum Thema Rolle als Berufsperson ist fachlich korrekt?,ärztliche Entscheidungen allein treffen im Werkstattumfeld,Aufgaben ohne Rückmeldung liegen lassen im Produktionsalltag,im eigenen Kompetenzbereich verantwortungsvoll und teamorientiert handeln,Standards nach persönlicher Vorliebe ersetzen bei sachgemässem Ablauf,C,FaGe handeln professionell innerhalb ihres Kompetenzbereichs und in Zusammenarbeit mit dem Team.,"Bildungsplan Fachfrau/Fachmann Gesundheit EFZ, OdASanté/SBFI",https://www.odasante.ch/fileadmin/odasante.ch/docs/Grundbildung/FaGe/FaGe_BiPla.pdf
fage,Fachfrau/Fachmann Gesundheit EFZ,fage_l01,HKB A/H,L01,"Berufsidentität, Teamarbeit und Qualität",easy,single_choice,Welche Aussage beschreibt das Thema Teamarbeit im Beruf Fachfrau/Fachmann Gesundheit EFZ am besten?,Informationen zurückhalten unter typischen Arbeitsbedingungen,Zuständigkeiten ignorieren im Rahmen der Routine,Konflikte vor Klientinnen austragen bei vergleichbaren Aufgaben,Informationen zuverlässig weitergeben und Absprachen einhalten,D,Pflege und Betreuung gelingen nur mit verlässlicher Zusammenarbeit.,"Bildungsplan Fachfrau/Fachmann Gesundheit EFZ, OdASanté/SBFI",https://www.odasante.ch/fileadmin/odasante.ch/docs/Grundbildung/FaGe/FaGe_BiPla.pdf
fage,Fachfrau/Fachmann Gesundheit EFZ,fage_l01,HKB A/H,L01,"Berufsidentität, Teamarbeit und Qualität",medium,single_choice,Worauf muss man beim Thema Teamarbeit in der Praxis besonders achten?,Informationen zuverlässig weitergeben und Absprachen einhalten,Informationen zurückhalten bei sachgemässem Ablauf,Zuständigkeiten ignorieren im normalen Werkstattbetrieb,Konflikte vor Klientinnen austragen bei sachgemässer Ausführung,A,Pflege und Betreuung gelingen nur mit verlässlicher Zusammenarbeit.,"Bildungsplan Fachfrau/Fachmann Gesundheit EFZ, OdASanté/SBFI",https://www.odasante.ch/fileadmin/odasante.ch/docs/Grundbildung/FaGe/FaGe_BiPla.pdf
fage,Fachfrau/Fachmann Gesundheit EFZ,fage_l01,HKB A/H,L01,"Berufsidentität, Teamarbeit und Qualität",hard,single_choice,Welche Aussage zum Thema Teamarbeit ist fachlich korrekt?,Informationen zurückhalten bei vergleichbaren Aufgaben,Informationen zuverlässig weitergeben und Absprachen einhalten,Zuständigkeiten ignorieren im konkreten Auftrag,Konflikte vor Klientinnen austragen im laufenden Tagesgeschäft,B,Pflege und Betreuung gelingen nur mit verlässlicher Zusammenarbeit.,"Bildungsplan Fachfrau/Fachmann Gesundheit EFZ, OdASanté/SBFI",https://www.odasante.ch/fileadmin/odasante.ch/docs/Grundbildung/FaGe/FaGe_BiPla.pdf
fage,Fachfrau/Fachmann Gesundheit EFZ,fage_l01,HKB A/H,L01,"Berufsidentität, Teamarbeit und Qualität",easy,single_choice,Welche Aussage beschreibt das Thema Planung der Arbeit im Beruf Fachfrau/Fachmann Gesundheit EFZ am besten?,alles gleichzeitig beginnen bei sachgemässer Ausführung,Notfälle in die Routine einordnen im üblichen Berufsalltag,"Aufgaben nach Dringlichkeit, Ressourcen und Klientenbedarf priorisieren",Pausen und Übergaben nie berücksichtigen nach gängiger Praxis,C,Planung unterstützt Sicherheit und Kontinuität.,"Bildungsplan Fachfrau/Fachmann Gesundheit EFZ, OdASanté/SBFI",https://www.odasante.ch/fileadmin/odasante.ch/docs/Grundbildung/FaGe/FaGe_BiPla.pdf
fage,Fachfrau/Fachmann Gesundheit EFZ,fage_l01,HKB A/H,L01,"Berufsidentität, Teamarbeit und Qualität",medium,single_choice,Worauf muss man beim Thema Planung der Arbeit in der Praxis besonders achten?,alles gleichzeitig beginnen im laufenden Tagesgeschäft,Notfälle in die Routine einordnen im Werkstattumfeld bei sachgemässem Ablauf,Pausen und Übergaben nie berücksichtigen im Produktionsalltag,"Aufgaben nach Dringlichkeit, Ressourcen und Klientenbedarf priorisieren",D,Planung unterstützt Sicherheit und Kontinuität.,"Bildungsplan Fachfrau/Fachmann Gesundheit EFZ, OdASanté/SBFI",https://www.odasante.ch/fileadmin/odasante.ch/docs/Grundbildung/FaGe/FaGe_BiPla.pdf
fage,Fachfrau/Fachmann Gesundheit EFZ,fage_l01,HKB A/H,L01,"Berufsidentität, Teamarbeit und Qualität",hard,single_choice,Welche Aussage zum Thema Planung der Arbeit ist fachlich korrekt?,"Aufgaben nach Dringlichkeit, Ressourcen und Klientenbedarf priorisieren",alles gleichzeitig beginnen nach gängiger Praxis bei vergleichbaren Aufgaben,Notfälle in die Routine einordnen unter typischen Arbeitsbedingungen,Pausen und Übergaben nie berücksichtigen im Rahmen der Routine,A,Planung unterstützt Sicherheit und Kontinuität.,"Bildungsplan Fachfrau/Fachmann Gesundheit EFZ, OdASanté/SBFI",https://www.odasante.ch/fileadmin/odasante.ch/docs/Grundbildung/FaGe/FaGe_BiPla.pdf
fage,Fachfrau/Fachmann Gesundheit EFZ,fage_l01,HKB A/H,L01,"Berufsidentität, Teamarbeit und Qualität",easy,single_choice,Welche Aussage beschreibt das Thema Qualitätssicherung im Beruf Fachfrau/Fachmann Gesundheit EFZ am besten?,Fehler vertuschen im Produktionsalltag bei sachgemässer Ausführung,"Standards einhalten, Abweichungen melden und Verbesserungen mittragen",Richtlinien ignorieren bei sachgemässem Ablauf im üblichen Berufsalltag,Dokumentation nach Belieben kürzen im normalen Werkstattbetrieb,B,"Qualitätssicherung schützt Klientinnen, Team und Institution.","Bildungsplan Fachfrau/Fachmann Gesundheit EFZ, OdASanté/SBFI",https://www.odasante.ch/fileadmin/odasante.ch/docs/Grundbildung/FaGe/FaGe_BiPla.pdf
fage,Fachfrau/Fachmann Gesundheit EFZ,fage_l01,HKB A/H,L01,"Berufsidentität, Teamarbeit und Qualität",medium,single_choice,Worauf muss man beim Thema Qualitätssicherung in der Praxis besonders achten?,Fehler vertuschen im Rahmen der Routine im laufenden Tagesgeschäft,Richtlinien ignorieren bei vergleichbaren Aufgaben,"Standards einhalten, Abweichungen melden und Verbesserungen mittragen",Dokumentation nach Belieben kürzen im konkreten Auftrag,C,"Qualitätssicherung schützt Klientinnen, Team und Institution.","Bildungsplan Fachfrau/Fachmann Gesundheit EFZ, OdASanté/SBFI",https://www.odasante.ch/fileadmin/odasante.ch/docs/Grundbildung/FaGe/FaGe_BiPla.pdf
fage,Fachfrau/Fachmann Gesundheit EFZ,fage_l01,HKB A/H,L01,"Berufsidentität, Teamarbeit und Qualität",hard,single_choice,Welche Aussage zum Thema Qualitätssicherung ist fachlich korrekt?,Fehler vertuschen im normalen Werkstattbetrieb nach gängiger Praxis,Richtlinien ignorieren bei sachgemässer Ausführung,Dokumentation nach Belieben kürzen im üblichen Berufsalltag,"Standards einhalten, Abweichungen melden und Verbesserungen mittragen",D,"Qualitätssicherung schützt Klientinnen, Team und Institution.","Bildungsplan Fachfrau/Fachmann Gesundheit EFZ, OdASanté/SBFI",https://www.odasante.ch/fileadmin/odasante.ch/docs/Grundbildung/FaGe/FaGe_BiPla.pdf
fage,Fachfrau/Fachmann Gesundheit EFZ,fage_l01,HKB A/H,L01,"Berufsidentität, Teamarbeit und Qualität",easy,single_choice,Welche Aussage beschreibt das Thema Fehlermanagement im Beruf Fachfrau/Fachmann Gesundheit EFZ am besten?,"Fehler offen melden, analysieren und daraus lernen",Schuldige suchen im konkreten Auftrag,Fehler nicht dokumentieren im Werkstattumfeld,Massnahmen vermeiden im laufenden Tagesgeschäft,A,Eine offene Fehlerkultur erhöht Patientensicherheit.,"Bildungsplan Fachfrau/Fachmann Gesundheit EFZ, OdASanté/SBFI",https://www.odasante.ch/fileadmin/odasante.ch/docs/Grundbildung/FaGe/FaGe_BiPla.pdf
fage,Fachfrau/Fachmann Gesundheit EFZ,fage_l01,HKB A/H,L01,"Berufsidentität, Teamarbeit und Qualität",medium,single_choice,Worauf muss man beim Thema Fehlermanagement in der Praxis besonders achten?,Schuldige suchen im üblichen Berufsalltag,"Fehler offen melden, analysieren und daraus lernen",Fehler nicht dokumentieren unter typischen Arbeitsbedingungen,Massnahmen vermeiden nach gängiger Praxis,B,Eine offene Fehlerkultur erhöht Patientensicherheit.,"Bildungsplan Fachfrau/Fachmann Gesundheit EFZ, OdASanté/SBFI",https://www.odasante.ch/fileadmin/odasante.ch/docs/Grundbildung/FaGe/FaGe_BiPla.pdf
fage,Fachfrau/Fachmann Gesundheit EFZ,fage_l01,HKB A/H,L01,"Berufsidentität, Teamarbeit und Qualität",hard,single_choice,Welche Aussage zum Thema Fehlermanagement ist fachlich korrekt?,Schuldige suchen im Werkstattumfeld,Fehler nicht dokumentieren bei sachgemässem Ablauf,"Fehler offen melden, analysieren und daraus lernen",Massnahmen vermeiden im Produktionsalltag,C,Eine offene Fehlerkultur erhöht Patientensicherheit.,"Bildungsplan Fachfrau/Fachmann Gesundheit EFZ, OdASanté/SBFI",https://www.odasante.ch/fileadmin/odasante.ch/docs/Grundbildung/FaGe/FaGe_BiPla.pdf
fage,Fachfrau/Fachmann Gesundheit EFZ,fage_l01,HKB A/H,L01,"Berufsidentität, Teamarbeit und Qualität",easy,single_choice,Welche Aussage beschreibt das Thema Kompetenzgrenzen im Beruf Fachfrau/Fachmann Gesundheit EFZ am besten?,alles selbst ausprobieren bei vergleichbaren Aufgaben im laufenden Tagesgeschäft,Anordnungen verändern im Rahmen der Routine im konkreten Auftrag,Rückfragen vermeiden unter typischen Arbeitsbedingungen im Werkstattumfeld,bei Unsicherheit Fachpersonen beiziehen und keine unzulässigen Handlungen ausführen,D,Kompetenzgrenzen sind für Sicherheit und Recht zentral.,"Bildungsplan Fachfrau/Fachmann Gesundheit EFZ, OdASanté/SBFI",https://www.odasante.ch/fileadmin/odasante.ch/docs/Grundbildung/FaGe/FaGe_BiPla.pdf
fage,Fachfrau/Fachmann Gesundheit EFZ,fage_l01,HKB A/H,L01,"Berufsidentität, Teamarbeit und Qualität",medium,single_choice,Worauf muss man beim Thema Kompetenzgrenzen in der Praxis besonders achten?,bei Unsicherheit Fachpersonen beiziehen und keine unzulässigen Handlungen ausführen,alles selbst ausprobieren bei sachgemässer Ausführung unter typischen Arbeitsbedingungen,Anordnungen verändern im normalen Werkstattbetrieb nach gängiger Praxis,Rückfragen vermeiden bei sachgemässem Ablauf im üblichen Berufsalltag,A,Kompetenzgrenzen sind für Sicherheit und Recht zentral.,"Bildungsplan Fachfrau/Fachmann Gesundheit EFZ, OdASanté/SBFI",https://www.odasante.ch/fileadmin/odasante.ch/docs/Grundbildung/FaGe/FaGe_BiPla.pdf
fage,Fachfrau/Fachmann Gesundheit EFZ,fage_l01,HKB A/H,L01,"Berufsidentität, Teamarbeit und Qualität",hard,single_choice,Welche Aussage zum Thema Kompetenzgrenzen ist fachlich korrekt?,alles selbst ausprobieren im laufenden Tagesgeschäft bei sachgemässem Ablauf,bei Unsicherheit Fachpersonen beiziehen und keine unzulässigen Handlungen ausführen,Anordnungen verändern im konkreten Auftrag im Werkstattumfeld,Rückfragen vermeiden bei vergleichbaren Aufgaben im Produktionsalltag,B,Kompetenzgrenzen sind für Sicherheit und Recht zentral.,"Bildungsplan Fachfrau/Fachmann Gesundheit EFZ, OdASanté/SBFI",https://www.odasante.ch/fileadmin/odasante.ch/docs/Grundbildung/FaGe/FaGe_BiPla.pdf
fage,Fachfrau/Fachmann Gesundheit EFZ,fage_l01,HKB A/H,L01,"Berufsidentität, Teamarbeit und Qualität",easy,single_choice,Welche Aussage beschreibt das Thema Berufsgeheimnis im Beruf Fachfrau/Fachmann Gesundheit EFZ am besten?,Diagnosen im Lift besprechen im üblichen Berufsalltag,Daten privat weitergeben bei sachgemässer Ausführung,personenbezogene Informationen vertraulich behandeln,Berichte offen liegen lassen nach gängiger Praxis,C,Gesundheitsdaten sind besonders schützenswert.,"Bildungsplan Fachfrau/Fachmann Gesundheit EFZ, OdASanté/SBFI",https://www.odasante.ch/fileadmin/odasante.ch/docs/Grundbildung/FaGe/FaGe_BiPla.pdf
fage,Fachfrau/Fachmann Gesundheit EFZ,fage_l01,HKB A/H,L01,"Berufsidentität, Teamarbeit und Qualität",medium,single_choice,Worauf muss man beim Thema Berufsgeheimnis in der Praxis besonders achten?,Diagnosen im Lift besprechen im Werkstattumfeld,Daten privat weitergeben im laufenden Tagesgeschäft,Berichte offen liegen lassen im Produktionsalltag,personenbezogene Informationen vertraulich behandeln,D,Gesundheitsdaten sind besonders schützenswert.,"Bildungsplan Fachfrau/Fachmann Gesundheit EFZ, OdASanté/SBFI",https://www.odasante.ch/fileadmin/odasante.ch/docs/Grundbildung/FaGe/FaGe_BiPla.pdf
fage,Fachfrau/Fachmann Gesundheit EFZ,fage_l01,HKB A/H,L01,"Berufsidentität, Teamarbeit und Qualität",hard,single_choice,Welche Aussage zum Thema Berufsgeheimnis ist fachlich korrekt?,personenbezogene Informationen vertraulich behandeln,Diagnosen im Lift besprechen unter typischen Arbeitsbedingungen,Daten privat weitergeben nach gängiger Praxis,Berichte offen liegen lassen im Rahmen der Routine,A,Gesundheitsdaten sind besonders schützenswert.,"Bildungsplan Fachfrau/Fachmann Gesundheit EFZ, OdASanté/SBFI",https://www.odasante.ch/fileadmin/odasante.ch/docs/Grundbildung/FaGe/FaGe_BiPla.pdf
fage,Fachfrau/Fachmann Gesundheit EFZ,fage_l01,HKB A/H,L01,"Berufsidentität, Teamarbeit und Qualität",easy,single_choice,Welche Aussage beschreibt das Thema professionelle Nähe und Distanz im Beruf Fachfrau/Fachmann Gesundheit EFZ am besten?,private Abhängigkeiten fördern bei sachgemässem Ablauf,empathisch sein und gleichzeitig klare berufliche Grenzen wahren,Klienten bevorzugen im Produktionsalltag bei sachgemässer Ausführung,persönliche Konflikte einbringen im normalen Werkstattbetrieb,B,Professionelle Beziehungsgestaltung schützt beide Seiten.,"Bildungsplan Fachfrau/Fachmann Gesundheit EFZ, OdASanté/SBFI",https://www.odasante.ch/fileadmin/odasante.ch/docs/Grundbildung/FaGe/FaGe_BiPla.pdf
fage,Fachfrau/Fachmann Gesundheit EFZ,fage_l01,HKB A/H,L01,"Berufsidentität, Teamarbeit und Qualität",medium,single_choice,Worauf muss man beim Thema professionelle Nähe und Distanz in der Praxis besonders achten?,private Abhängigkeiten fördern bei vergleichbaren Aufgaben,Klienten bevorzugen im Rahmen der Routine im laufenden Tagesgeschäft,empathisch sein und gleichzeitig klare berufliche Grenzen wahren,persönliche Konflikte einbringen im konkreten Auftrag,C,Professionelle Beziehungsgestaltung schützt beide Seiten.,"Bildungsplan Fachfrau/Fachmann Gesundheit EFZ, OdASanté/SBFI",https://www.odasante.ch/fileadmin/odasante.ch/docs/Grundbildung/FaGe/FaGe_BiPla.pdf
fage,Fachfrau/Fachmann Gesundheit EFZ,fage_l01,HKB A/H,L01,"Berufsidentität, Teamarbeit und Qualität",hard,single_choice,Welche Aussage zum Thema professionelle Nähe und Distanz ist fachlich korrekt?,private Abhängigkeiten fördern bei sachgemässer Ausführung,Klienten bevorzugen im normalen Werkstattbetrieb,persönliche Konflikte einbringen im üblichen Berufsalltag,empathisch sein und gleichzeitig klare berufliche Grenzen wahren,D,Professionelle Beziehungsgestaltung schützt beide Seiten.,"Bildungsplan Fachfrau/Fachmann Gesundheit EFZ, OdASanté/SBFI",https://www.odasante.ch/fileadmin/odasante.ch/docs/Grundbildung/FaGe/FaGe_BiPla.pdf
fage,Fachfrau/Fachmann Gesundheit EFZ,fage_l01,HKB A/H,L01,"Berufsidentität, Teamarbeit und Qualität",easy,single_choice,Welche Aussage beschreibt das Thema Dokumentationsverantwortung im Beruf Fachfrau/Fachmann Gesundheit EFZ am besten?,"relevante Beobachtungen zeitnah, korrekt und nachvollziehbar festhalten",nur aus Erinnerung dokumentieren im laufenden Tagesgeschäft,wertende Kommentare schreiben im konkreten Auftrag im Produktionsalltag,wichtige Veränderungen weglassen im Werkstattumfeld,A,Dokumentation ist Grundlage für Pflegekontinuität.,"Bildungsplan Fachfrau/Fachmann Gesundheit EFZ, OdASanté/SBFI",https://www.odasante.ch/fileadmin/odasante.ch/docs/Grundbildung/FaGe/FaGe_BiPla.pdf
fage,Fachfrau/Fachmann Gesundheit EFZ,fage_l01,HKB A/H,L01,"Berufsidentität, Teamarbeit und Qualität",medium,single_choice,Worauf muss man beim Thema Dokumentationsverantwortung in der Praxis besonders achten?,nur aus Erinnerung dokumentieren nach gängiger Praxis,"relevante Beobachtungen zeitnah, korrekt und nachvollziehbar festhalten",wertende Kommentare schreiben im üblichen Berufsalltag,wichtige Veränderungen weglassen unter typischen Arbeitsbedingungen,B,Dokumentation ist Grundlage für Pflegekontinuität.,"Bildungsplan Fachfrau/Fachmann Gesundheit EFZ, OdASanté/SBFI",https://www.odasante.ch/fileadmin/odasante.ch/docs/Grundbildung/FaGe/FaGe_BiPla.pdf
fage,Fachfrau/Fachmann Gesundheit EFZ,fage_l01,HKB A/H,L01,"Berufsidentität, Teamarbeit und Qualität",hard,single_choice,Welche Aussage zum Thema Dokumentationsverantwortung ist fachlich korrekt?,nur aus Erinnerung dokumentieren im Produktionsalltag,wertende Kommentare schreiben im Werkstattumfeld im normalen Werkstattbetrieb,"relevante Beobachtungen zeitnah, korrekt und nachvollziehbar festhalten",wichtige Veränderungen weglassen bei sachgemässem Ablauf,C,Dokumentation ist Grundlage für Pflegekontinuität.,"Bildungsplan Fachfrau/Fachmann Gesundheit EFZ, OdASanté/SBFI",https://www.odasante.ch/fileadmin/odasante.ch/docs/Grundbildung/FaGe/FaGe_BiPla.pdf
fage,Fachfrau/Fachmann Gesundheit EFZ,fage_l01,HKB A/H,L01,"Berufsidentität, Teamarbeit und Qualität",easy,single_choice,Welche Aussage beschreibt das Thema betriebliche ICT im Beruf Fachfrau/Fachmann Gesundheit EFZ am besten?,Passwörter teilen unter typischen Arbeitsbedingungen,falsche Patientendossiers öffnen bei vergleichbaren Aufgaben,Daten ungeprüft kopieren im Rahmen der Routine,"Informationssysteme sorgfältig, sicher und zweckbezogen nutzen",D,Digitale Systeme erfordern Sorgfalt und Datenschutz.,"Bildungsplan Fachfrau/Fachmann Gesundheit EFZ, OdASanté/SBFI",https://www.odasante.ch/fileadmin/odasante.ch/docs/Grundbildung/FaGe/FaGe_BiPla.pdf
fage,Fachfrau/Fachmann Gesundheit EFZ,fage_l01,HKB A/H,L01,"Berufsidentität, Teamarbeit und Qualität",medium,single_choice,Worauf muss man beim Thema betriebliche ICT in der Praxis besonders achten?,"Informationssysteme sorgfältig, sicher und zweckbezogen nutzen",Passwörter teilen bei sachgemässem Ablauf im üblichen Berufsalltag,falsche Patientendossiers öffnen bei sachgemässer Ausführung,Daten ungeprüft kopieren im normalen Werkstattbetrieb,A,Digitale Systeme erfordern Sorgfalt und Datenschutz.,"Bildungsplan Fachfrau/Fachmann Gesundheit EFZ, OdASanté/SBFI",https://www.odasante.ch/fileadmin/odasante.ch/docs/Grundbildung/FaGe/FaGe_BiPla.pdf
fage,Fachfrau/Fachmann Gesundheit EFZ,fage_l01,HKB A/H,L01,"Berufsidentität, Teamarbeit und Qualität",hard,single_choice,Welche Aussage zum Thema betriebliche ICT ist fachlich korrekt?,Passwörter teilen bei vergleichbaren Aufgaben,"Informationssysteme sorgfältig, sicher und zweckbezogen nutzen",falsche Patientendossiers öffnen im laufenden Tagesgeschäft,Daten ungeprüft kopieren im konkreten Auftrag,B,Digitale Systeme erfordern Sorgfalt und Datenschutz.,"Bildungsplan Fachfrau/Fachmann Gesundheit EFZ, OdASanté/SBFI",https://www.odasante.ch/fileadmin/odasante.ch/docs/Grundbildung/FaGe/FaGe_BiPla.pdf
fage,Fachfrau/Fachmann Gesundheit EFZ,fage_l02,HKB A,L02,"Klientenbeziehung, Kommunikation, Kultur und Religion",easy,single_choice,Welche Aussage beschreibt das Thema professionelle Beziehung im Beruf Fachfrau/Fachmann Gesundheit EFZ am besten?,über Klientinnen hinweg entscheiden nach gängiger Praxis,Bedürfnisse ignorieren bei sachgemässer Ausführung,"wertschätzend, respektvoll und klientenzentriert kommunizieren",abwertende Sprache nutzen im üblichen Berufsalltag,C,Klientenzentrierung ist Kern des Berufsbildes.,"Bildungsplan Fachfrau/Fachmann Gesundheit EFZ, OdASanté/SBFI",https://www.odasante.ch/fileadmin/odasante.ch/docs/Grundbildung/FaGe/FaGe_BiPla.pdf
fage,Fachfrau/Fachmann Gesundheit EFZ,fage_l02,HKB A,L02,"Klientenbeziehung, Kommunikation, Kultur und Religion",medium,single_choice,Worauf muss man beim Thema professionelle Beziehung in der Praxis besonders achten?,über Klientinnen hinweg entscheiden im Produktionsalltag,Bedürfnisse ignorieren im laufenden Tagesgeschäft,abwertende Sprache nutzen im Werkstattumfeld,"wertschätzend, respektvoll und klientenzentriert kommunizieren",D,Klientenzentrierung ist Kern des Berufsbildes.,"Bildungsplan Fachfrau/Fachmann Gesundheit EFZ, OdASanté/SBFI",https://www.odasante.ch/fileadmin/odasante.ch/docs/Grundbildung/FaGe/FaGe_BiPla.pdf
fage,Fachfrau/Fachmann Gesundheit EFZ,fage_l02,HKB A,L02,"Klientenbeziehung, Kommunikation, Kultur und Religion",hard,single_choice,Welche Aussage zum Thema professionelle Beziehung ist fachlich korrekt?,"wertschätzend, respektvoll und klientenzentriert kommunizieren",über Klientinnen hinweg entscheiden im Rahmen der Routine,Bedürfnisse ignorieren nach gängiger Praxis bei vergleichbaren Aufgaben,abwertende Sprache nutzen unter typischen Arbeitsbedingungen,A,Klientenzentrierung ist Kern des Berufsbildes.,"Bildungsplan Fachfrau/Fachmann Gesundheit EFZ, OdASanté/SBFI",https://www.odasante.ch/fileadmin/odasante.ch/docs/Grundbildung/FaGe/FaGe_BiPla.pdf
fage,Fachfrau/Fachmann Gesundheit EFZ,fage_l02,HKB A,L02,"Klientenbeziehung, Kommunikation, Kultur und Religion",easy,single_choice,Welche Aussage beschreibt das Thema aktive Zuhören im Beruf Fachfrau/Fachmann Gesundheit EFZ am besten?,unterbrechen im Produktionsalltag bei sachgemässer Ausführung,"Anliegen aufnehmen, nachfragen und Verständnis zeigen",Antworten vorwegnehmen bei sachgemässem Ablauf,nonverbale Signale ignorieren im normalen Werkstattbetrieb,B,Aktives Zuhören unterstützt Vertrauen und Bedürfnisabklärung.,"Bildungsplan Fachfrau/Fachmann Gesundheit EFZ, OdASanté/SBFI",https://www.odasante.ch/fileadmin/odasante.ch/docs/Grundbildung/FaGe/FaGe_BiPla.pdf
fage,Fachfrau/Fachmann Gesundheit EFZ,fage_l02,HKB A,L02,"Klientenbeziehung, Kommunikation, Kultur und Religion",medium,single_choice,Worauf muss man beim Thema aktive Zuhören in der Praxis besonders achten?,unterbrechen im Rahmen der Routine im laufenden Tagesgeschäft,Antworten vorwegnehmen bei vergleichbaren Aufgaben,"Anliegen aufnehmen, nachfragen und Verständnis zeigen",nonverbale Signale ignorieren im konkreten Auftrag,C,Aktives Zuhören unterstützt Vertrauen und Bedürfnisabklärung.,"Bildungsplan Fachfrau/Fachmann Gesundheit EFZ, OdASanté/SBFI",https://www.odasante.ch/fileadmin/odasante.ch/docs/Grundbildung/FaGe/FaGe_BiPla.pdf
fage,Fachfrau/Fachmann Gesundheit EFZ,fage_l02,HKB A,L02,"Klientenbeziehung, Kommunikation, Kultur und Religion",hard,single_choice,Welche Aussage zum Thema aktive Zuhören ist fachlich korrekt?,unterbrechen im normalen Werkstattbetrieb,Antworten vorwegnehmen bei sachgemässer Ausführung,nonverbale Signale ignorieren im üblichen Berufsalltag,"Anliegen aufnehmen, nachfragen und Verständnis zeigen",D,Aktives Zuhören unterstützt Vertrauen und Bedürfnisabklärung.,"Bildungsplan Fachfrau/Fachmann Gesundheit EFZ, OdASanté/SBFI",https://www.odasante.ch/fileadmin/odasante.ch/docs/Grundbildung/FaGe/FaGe_BiPla.pdf
fage,Fachfrau/Fachmann Gesundheit EFZ,fage_l02,HKB A,L02,"Klientenbeziehung, Kommunikation, Kultur und Religion",easy,single_choice,Welche Aussage beschreibt das Thema Umfeld einbeziehen im Beruf Fachfrau/Fachmann Gesundheit EFZ am besten?,Angehörige im Rahmen der Vorgaben und Wünsche der Klientin angemessen einbeziehen,Informationen ohne Einwilligung weitergeben im Werkstattumfeld bei sachgemässem Ablauf,Angehörige grundsätzlich ausschliessen im laufenden Tagesgeschäft,Konflikte verschweigen im konkreten Auftrag im Produktionsalltag,A,"Das Umfeld kann Ressource sein, Datenschutz bleibt wichtig.","Bildungsplan Fachfrau/Fachmann Gesundheit EFZ, OdASanté/SBFI",https://www.odasante.ch/fileadmin/odasante.ch/docs/Grundbildung/FaGe/FaGe_BiPla.pdf
fage,Fachfrau/Fachmann Gesundheit EFZ,fage_l02,HKB A,L02,"Klientenbeziehung, Kommunikation, Kultur und Religion",medium,single_choice,Worauf muss man beim Thema Umfeld einbeziehen in der Praxis besonders achten?,Informationen ohne Einwilligung weitergeben unter typischen Arbeitsbedingungen,Angehörige im Rahmen der Vorgaben und Wünsche der Klientin angemessen einbeziehen,Angehörige grundsätzlich ausschliessen nach gängiger Praxis,Konflikte verschweigen im üblichen Berufsalltag im Rahmen der Routine,B,"Das Umfeld kann Ressource sein, Datenschutz bleibt wichtig.","Bildungsplan Fachfrau/Fachmann Gesundheit EFZ, OdASanté/SBFI",https://www.odasante.ch/fileadmin/odasante.ch/docs/Grundbildung/FaGe/FaGe_BiPla.pdf
fage,Fachfrau/Fachmann Gesundheit EFZ,fage_l02,HKB A,L02,"Klientenbeziehung, Kommunikation, Kultur und Religion",hard,single_choice,Welche Aussage zum Thema Umfeld einbeziehen ist fachlich korrekt?,Informationen ohne Einwilligung weitergeben im normalen Werkstattbetrieb,Angehörige grundsätzlich ausschliessen im Produktionsalltag,Angehörige im Rahmen der Vorgaben und Wünsche der Klientin angemessen einbeziehen,Konflikte verschweigen im Werkstattumfeld bei sachgemässem Ablauf,C,"Das Umfeld kann Ressource sein, Datenschutz bleibt wichtig.","Bildungsplan Fachfrau/Fachmann Gesundheit EFZ, OdASanté/SBFI",https://www.odasante.ch/fileadmin/odasante.ch/docs/Grundbildung/FaGe/FaGe_BiPla.pdf
fage,Fachfrau/Fachmann Gesundheit EFZ,fage_l02,HKB A,L02,"Klientenbeziehung, Kommunikation, Kultur und Religion",easy,single_choice,Welche Aussage beschreibt das Thema Kultur und Religion im Beruf Fachfrau/Fachmann Gesundheit EFZ am besten?,eigene Werte aufzwingen unter typischen Arbeitsbedingungen,religiöse Bedürfnisse belächeln bei vergleichbaren Aufgaben,Essgewohnheiten ignorieren im Rahmen der Routine im konkreten Auftrag,Gewohnheiten und Werte respektieren und in der Betreuung berücksichtigen,D,Transkulturelle Pflege respektiert individuelle Lebenswelten.,"Bildungsplan Fachfrau/Fachmann Gesundheit EFZ, OdASanté/SBFI",https://www.odasante.ch/fileadmin/odasante.ch/docs/Grundbildung/FaGe/FaGe_BiPla.pdf
fage,Fachfrau/Fachmann Gesundheit EFZ,fage_l02,HKB A,L02,"Klientenbeziehung, Kommunikation, Kultur und Religion",medium,single_choice,Worauf muss man beim Thema Kultur und Religion in der Praxis besonders achten?,Gewohnheiten und Werte respektieren und in der Betreuung berücksichtigen,eigene Werte aufzwingen bei sachgemässem Ablauf im üblichen Berufsalltag,religiöse Bedürfnisse belächeln bei sachgemässer Ausführung,Essgewohnheiten ignorieren im normalen Werkstattbetrieb,A,Transkulturelle Pflege respektiert individuelle Lebenswelten.,"Bildungsplan Fachfrau/Fachmann Gesundheit EFZ, OdASanté/SBFI",https://www.odasante.ch/fileadmin/odasante.ch/docs/Grundbildung/FaGe/FaGe_BiPla.pdf
fage,Fachfrau/Fachmann Gesundheit EFZ,fage_l02,HKB A,L02,"Klientenbeziehung, Kommunikation, Kultur und Religion",hard,single_choice,Welche Aussage zum Thema Kultur und Religion ist fachlich korrekt?,eigene Werte aufzwingen bei vergleichbaren Aufgaben,Gewohnheiten und Werte respektieren und in der Betreuung berücksichtigen,religiöse Bedürfnisse belächeln im laufenden Tagesgeschäft,Essgewohnheiten ignorieren im konkreten Auftrag im Werkstattumfeld,B,Transkulturelle Pflege respektiert individuelle Lebenswelten.,"Bildungsplan Fachfrau/Fachmann Gesundheit EFZ, OdASanté/SBFI",https://www.odasante.ch/fileadmin/odasante.ch/docs/Grundbildung/FaGe/FaGe_BiPla.pdf
fage,Fachfrau/Fachmann Gesundheit EFZ,fage_l02,HKB A,L02,"Klientenbeziehung, Kommunikation, Kultur und Religion",easy,single_choice,Welche Aussage beschreibt das Thema Intimsphäre im Beruf Fachfrau/Fachmann Gesundheit EFZ am besten?,Türen offen lassen bei sachgemässer Ausführung,unnötige Entblössung zulassen nach gängiger Praxis,Privatsphäre bei Pflegehandlungen schützen,ohne Ankündigung handeln im üblichen Berufsalltag,C,Intimsphäre ist besonders bei Körperpflege und Ausscheidung wichtig.,"Bildungsplan Fachfrau/Fachmann Gesundheit EFZ, OdASanté/SBFI",https://www.odasante.ch/fileadmin/odasante.ch/docs/Grundbildung/FaGe/FaGe_BiPla.pdf
fage,Fachfrau/Fachmann Gesundheit EFZ,fage_l02,HKB A,L02,"Klientenbeziehung, Kommunikation, Kultur und Religion",medium,single_choice,Worauf muss man beim Thema Intimsphäre in der Praxis besonders achten?,Türen offen lassen im laufenden Tagesgeschäft,unnötige Entblössung zulassen im Produktionsalltag,ohne Ankündigung handeln im Werkstattumfeld,Privatsphäre bei Pflegehandlungen schützen,D,Intimsphäre ist besonders bei Körperpflege und Ausscheidung wichtig.,"Bildungsplan Fachfrau/Fachmann Gesundheit EFZ, OdASanté/SBFI",https://www.odasante.ch/fileadmin/odasante.ch/docs/Grundbildung/FaGe/FaGe_BiPla.pdf
fage,Fachfrau/Fachmann Gesundheit EFZ,fage_l02,HKB A,L02,"Klientenbeziehung, Kommunikation, Kultur und Religion",hard,single_choice,Welche Aussage zum Thema Intimsphäre ist fachlich korrekt?,Privatsphäre bei Pflegehandlungen schützen,Türen offen lassen nach gängiger Praxis,unnötige Entblössung zulassen im Rahmen der Routine,ohne Ankündigung handeln unter typischen Arbeitsbedingungen,A,Intimsphäre ist besonders bei Körperpflege und Ausscheidung wichtig.,"Bildungsplan Fachfrau/Fachmann Gesundheit EFZ, OdASanté/SBFI",https://www.odasante.ch/fileadmin/odasante.ch/docs/Grundbildung/FaGe/FaGe_BiPla.pdf
fage,Fachfrau/Fachmann Gesundheit EFZ,fage_l02,HKB A,L02,"Klientenbeziehung, Kommunikation, Kultur und Religion",easy,single_choice,Welche Aussage beschreibt das Thema Einwilligung im Beruf Fachfrau/Fachmann Gesundheit EFZ am besten?,ohne Information beginnen im normalen Werkstattbetrieb,Handlungen erklären und Zustimmung soweit möglich einholen,Widerstand ignorieren bei sachgemässem Ablauf,Fragen abblocken im Produktionsalltag bei sachgemässer Ausführung,B,Information und Einwilligung stärken Autonomie.,"Bildungsplan Fachfrau/Fachmann Gesundheit EFZ, OdASanté/SBFI",https://www.odasante.ch/fileadmin/odasante.ch/docs/Grundbildung/FaGe/FaGe_BiPla.pdf
fage,Fachfrau/Fachmann Gesundheit EFZ,fage_l02,HKB A,L02,"Klientenbeziehung, Kommunikation, Kultur und Religion",medium,single_choice,Worauf muss man beim Thema Einwilligung in der Praxis besonders achten?,ohne Information beginnen im konkreten Auftrag,Widerstand ignorieren bei vergleichbaren Aufgaben,Handlungen erklären und Zustimmung soweit möglich einholen,Fragen abblocken im Rahmen der Routine im laufenden Tagesgeschäft,C,Information und Einwilligung stärken Autonomie.,"Bildungsplan Fachfrau/Fachmann Gesundheit EFZ, OdASanté/SBFI",https://www.odasante.ch/fileadmin/odasante.ch/docs/Grundbildung/FaGe/FaGe_BiPla.pdf
fage,Fachfrau/Fachmann Gesundheit EFZ,fage_l02,HKB A,L02,"Klientenbeziehung, Kommunikation, Kultur und Religion",hard,single_choice,Welche Aussage zum Thema Einwilligung ist fachlich korrekt?,ohne Information beginnen im üblichen Berufsalltag,Widerstand ignorieren bei sachgemässer Ausführung,Fragen abblocken im normalen Werkstattbetrieb,Handlungen erklären und Zustimmung soweit möglich einholen,D,Information und Einwilligung stärken Autonomie.,"Bildungsplan Fachfrau/Fachmann Gesundheit EFZ, OdASanté/SBFI",https://www.odasante.ch/fileadmin/odasante.ch/docs/Grundbildung/FaGe/FaGe_BiPla.pdf
fage,Fachfrau/Fachmann Gesundheit EFZ,fage_l02,HKB A,L02,"Klientenbeziehung, Kommunikation, Kultur und Religion",easy,single_choice,Welche Aussage beschreibt das Thema Kommunikation bei Einschränkungen im Beruf Fachfrau/Fachmann Gesundheit EFZ am besten?,"Sprache, Hilfsmittel und Tempo an Fähigkeiten anpassen",schneller sprechen im konkreten Auftrag,Hilfsmittel weglassen im laufenden Tagesgeschäft,über die Person statt mit ihr sprechen im Werkstattumfeld,A,Kommunikation muss zur Situation passen.,"Bildungsplan Fachfrau/Fachmann Gesundheit EFZ, OdASanté/SBFI",https://www.odasante.ch/fileadmin/odasante.ch/docs/Grundbildung/FaGe/FaGe_BiPla.pdf
fage,Fachfrau/Fachmann Gesundheit EFZ,fage_l02,HKB A,L02,"Klientenbeziehung, Kommunikation, Kultur und Religion",medium,single_choice,Worauf muss man beim Thema Kommunikation bei Einschränkungen in der Praxis besonders achten?,schneller sprechen im üblichen Berufsalltag,"Sprache, Hilfsmittel und Tempo an Fähigkeiten anpassen",Hilfsmittel weglassen nach gängiger Praxis,über die Person statt mit ihr sprechen unter typischen Arbeitsbedingungen,B,Kommunikation muss zur Situation passen.,"Bildungsplan Fachfrau/Fachmann Gesundheit EFZ, OdASanté/SBFI",https://www.odasante.ch/fileadmin/odasante.ch/docs/Grundbildung/FaGe/FaGe_BiPla.pdf
fage,Fachfrau/Fachmann Gesundheit EFZ,fage_l02,HKB A,L02,"Klientenbeziehung, Kommunikation, Kultur und Religion",hard,single_choice,Welche Aussage zum Thema Kommunikation bei Einschränkungen ist fachlich korrekt?,schneller sprechen im Werkstattumfeld bei sachgemässem Ablauf,Hilfsmittel weglassen im Produktionsalltag,"Sprache, Hilfsmittel und Tempo an Fähigkeiten anpassen",über die Person statt mit ihr sprechen,C,Kommunikation muss zur Situation passen.,"Bildungsplan Fachfrau/Fachmann Gesundheit EFZ, OdASanté/SBFI",https://www.odasante.ch/fileadmin/odasante.ch/docs/Grundbildung/FaGe/FaGe_BiPla.pdf
fage,Fachfrau/Fachmann Gesundheit EFZ,fage_l02,HKB A,L02,"Klientenbeziehung, Kommunikation, Kultur und Religion",easy,single_choice,Welche Aussage beschreibt das Thema Biografiearbeit im Beruf Fachfrau/Fachmann Gesundheit EFZ am besten?,Biografie als unwichtig abtun unter typischen Arbeitsbedingungen,private Details ohne Zweck sammeln bei vergleichbaren Aufgaben,Gewohnheiten absichtlich brechen im Rahmen der Routine,Lebensgeschichte und Gewohnheiten für passende Betreuung nutzen,D,Biografie unterstützt individuelle Betreuung.,"Bildungsplan Fachfrau/Fachmann Gesundheit EFZ, OdASanté/SBFI",https://www.odasante.ch/fileadmin/odasante.ch/docs/Grundbildung/FaGe/FaGe_BiPla.pdf
fage,Fachfrau/Fachmann Gesundheit EFZ,fage_l02,HKB A,L02,"Klientenbeziehung, Kommunikation, Kultur und Religion",medium,single_choice,Worauf muss man beim Thema Biografiearbeit in der Praxis besonders achten?,Lebensgeschichte und Gewohnheiten für passende Betreuung nutzen,Biografie als unwichtig abtun bei sachgemässem Ablauf,private Details ohne Zweck sammeln bei sachgemässer Ausführung,Gewohnheiten absichtlich brechen im normalen Werkstattbetrieb,A,Biografie unterstützt individuelle Betreuung.,"Bildungsplan Fachfrau/Fachmann Gesundheit EFZ, OdASanté/SBFI",https://www.odasante.ch/fileadmin/odasante.ch/docs/Grundbildung/FaGe/FaGe_BiPla.pdf
fage,Fachfrau/Fachmann Gesundheit EFZ,fage_l02,HKB A,L02,"Klientenbeziehung, Kommunikation, Kultur und Religion",hard,single_choice,Welche Aussage zum Thema Biografiearbeit ist fachlich korrekt?,Biografie als unwichtig abtun bei vergleichbaren Aufgaben,Lebensgeschichte und Gewohnheiten für passende Betreuung nutzen,private Details ohne Zweck sammeln im laufenden Tagesgeschäft,Gewohnheiten absichtlich brechen im konkreten Auftrag,B,Biografie unterstützt individuelle Betreuung.,"Bildungsplan Fachfrau/Fachmann Gesundheit EFZ, OdASanté/SBFI",https://www.odasante.ch/fileadmin/odasante.ch/docs/Grundbildung/FaGe/FaGe_BiPla.pdf
fage,Fachfrau/Fachmann Gesundheit EFZ,fage_l02,HKB A,L02,"Klientenbeziehung, Kommunikation, Kultur und Religion",easy,single_choice,Welche Aussage beschreibt das Thema Ressourcenorientierung im Beruf Fachfrau/Fachmann Gesundheit EFZ am besten?,alles abnehmen bei sachgemässer Ausführung,Defizite in den Vordergrund stellen,vorhandene Fähigkeiten erkennen und fördern,Selbstständigkeit verhindern im üblichen Berufsalltag,C,Ressourcenorientierung erhält Autonomie.,"Bildungsplan Fachfrau/Fachmann Gesundheit EFZ, OdASanté/SBFI",https://www.odasante.ch/fileadmin/odasante.ch/docs/Grundbildung/FaGe/FaGe_BiPla.pdf
fage,Fachfrau/Fachmann Gesundheit EFZ,fage_l02,HKB A,L02,"Klientenbeziehung, Kommunikation, Kultur und Religion",medium,single_choice,Worauf muss man beim Thema Ressourcenorientierung in der Praxis besonders achten?,alles abnehmen im laufenden Tagesgeschäft,Defizite in den Vordergrund stellen,Selbstständigkeit verhindern im Werkstattumfeld,vorhandene Fähigkeiten erkennen und fördern,D,Ressourcenorientierung erhält Autonomie.,"Bildungsplan Fachfrau/Fachmann Gesundheit EFZ, OdASanté/SBFI",https://www.odasante.ch/fileadmin/odasante.ch/docs/Grundbildung/FaGe/FaGe_BiPla.pdf
fage,Fachfrau/Fachmann Gesundheit EFZ,fage_l02,HKB A,L02,"Klientenbeziehung, Kommunikation, Kultur und Religion",hard,single_choice,Welche Aussage zum Thema Ressourcenorientierung ist fachlich korrekt?,vorhandene Fähigkeiten erkennen und fördern,alles abnehmen nach gängiger Praxis,Defizite in den Vordergrund stellen,Selbstständigkeit verhindern unter typischen Arbeitsbedingungen,A,Ressourcenorientierung erhält Autonomie.,"Bildungsplan Fachfrau/Fachmann Gesundheit EFZ, OdASanté/SBFI",https://www.odasante.ch/fileadmin/odasante.ch/docs/Grundbildung/FaGe/FaGe_BiPla.pdf
fage,Fachfrau/Fachmann Gesundheit EFZ,fage_l02,HKB A,L02,"Klientenbeziehung, Kommunikation, Kultur und Religion",easy,single_choice,Welche Aussage beschreibt das Thema wertfreie Haltung im Beruf Fachfrau/Fachmann Gesundheit EFZ am besten?,moralisch urteilen im Produktionsalltag im normalen Werkstattbetrieb,Menschen unabhängig von Lebensweise oder Krankheit respektieren,Sucht als Charakterschwäche abwerten bei sachgemässem Ablauf,Pflegequalität abhängig von Sympathie machen bei sachgemässer Ausführung,B,Professionelle Haltung verlangt Respekt und Wertfreiheit.,"Bildungsplan Fachfrau/Fachmann Gesundheit EFZ, OdASanté/SBFI",https://www.odasante.ch/fileadmin/odasante.ch/docs/Grundbildung/FaGe/FaGe_BiPla.pdf
fage,Fachfrau/Fachmann Gesundheit EFZ,fage_l02,HKB A,L02,"Klientenbeziehung, Kommunikation, Kultur und Religion",medium,single_choice,Worauf muss man beim Thema wertfreie Haltung in der Praxis besonders achten?,moralisch urteilen im Rahmen der Routine im konkreten Auftrag,Sucht als Charakterschwäche abwerten bei vergleichbaren Aufgaben,Menschen unabhängig von Lebensweise oder Krankheit respektieren,Pflegequalität abhängig von Sympathie machen im laufenden Tagesgeschäft,C,Professionelle Haltung verlangt Respekt und Wertfreiheit.,"Bildungsplan Fachfrau/Fachmann Gesundheit EFZ, OdASanté/SBFI",https://www.odasante.ch/fileadmin/odasante.ch/docs/Grundbildung/FaGe/FaGe_BiPla.pdf
fage,Fachfrau/Fachmann Gesundheit EFZ,fage_l02,HKB A,L02,"Klientenbeziehung, Kommunikation, Kultur und Religion",hard,single_choice,Welche Aussage zum Thema wertfreie Haltung ist fachlich korrekt?,moralisch urteilen im normalen Werkstattbetrieb,Sucht als Charakterschwäche abwerten bei sachgemässer Ausführung,Pflegequalität abhängig von Sympathie machen im üblichen Berufsalltag,Menschen unabhängig von Lebensweise oder Krankheit respektieren,D,Professionelle Haltung verlangt Respekt und Wertfreiheit.,"Bildungsplan Fachfrau/Fachmann Gesundheit EFZ, OdASanté/SBFI",https://www.odasante.ch/fileadmin/odasante.ch/docs/Grundbildung/FaGe/FaGe_BiPla.pdf
fage,Fachfrau/Fachmann Gesundheit EFZ,fage_l03,HKB A/H,L03,"Beobachtung, Dokumentation, Ein- und Austritt",easy,single_choice,Welche Aussage beschreibt das Thema systematische Beobachtung im Beruf Fachfrau/Fachmann Gesundheit EFZ am besten?,Veränderungen gezielt wahrnehmen und weiterleiten,nur offensichtliche Notfälle beachten,Beobachtungen für sich behalten im konkreten Auftrag,Symptome interpretieren ohne Abklärung,A,Beobachtung ist Grundlage für situationsgerechtes Handeln.,"Bildungsplan Fachfrau/Fachmann Gesundheit EFZ, OdASanté/SBFI",https://www.odasante.ch/fileadmin/odasante.ch/docs/Grundbildung/FaGe/FaGe_BiPla.pdf
fage,Fachfrau/Fachmann Gesundheit EFZ,fage_l03,HKB A/H,L03,"Beobachtung, Dokumentation, Ein- und Austritt",medium,single_choice,Worauf muss man beim Thema systematische Beobachtung in der Praxis besonders achten?,nur offensichtliche Notfälle beachten,Veränderungen gezielt wahrnehmen und weiterleiten,Beobachtungen für sich behalten im üblichen Berufsalltag,Symptome interpretieren ohne Abklärung,B,Beobachtung ist Grundlage für situationsgerechtes Handeln.,"Bildungsplan Fachfrau/Fachmann Gesundheit EFZ, OdASanté/SBFI",https://www.odasante.ch/fileadmin/odasante.ch/docs/Grundbildung/FaGe/FaGe_BiPla.pdf
fage,Fachfrau/Fachmann Gesundheit EFZ,fage_l03,HKB A/H,L03,"Beobachtung, Dokumentation, Ein- und Austritt",hard,single_choice,Welche Aussage zum Thema systematische Beobachtung ist fachlich korrekt?,nur offensichtliche Notfälle beachten,Beobachtungen für sich behalten im Werkstattumfeld,Veränderungen gezielt wahrnehmen und weiterleiten,Symptome interpretieren ohne Abklärung,C,Beobachtung ist Grundlage für situationsgerechtes Handeln.,"Bildungsplan Fachfrau/Fachmann Gesundheit EFZ, OdASanté/SBFI",https://www.odasante.ch/fileadmin/odasante.ch/docs/Grundbildung/FaGe/FaGe_BiPla.pdf
fage,Fachfrau/Fachmann Gesundheit EFZ,fage_l03,HKB A/H,L03,"Beobachtung, Dokumentation, Ein- und Austritt",easy,single_choice,Welche Aussage beschreibt das Thema Pflegedokumentation im Beruf Fachfrau/Fachmann Gesundheit EFZ am besten?,Diagnosen erfinden unter typischen Arbeitsbedingungen,wertende Aussagen notieren bei vergleichbaren Aufgaben,Zeitpunkte weglassen im Rahmen der Routine im konkreten Auftrag,"Fakten, Massnahmen und Reaktionen nachvollziehbar dokumentieren",D,Dokumentation muss sachlich und überprüfbar sein.,"Bildungsplan Fachfrau/Fachmann Gesundheit EFZ, OdASanté/SBFI",https://www.odasante.ch/fileadmin/odasante.ch/docs/Grundbildung/FaGe/FaGe_BiPla.pdf
fage,Fachfrau/Fachmann Gesundheit EFZ,fage_l03,HKB A/H,L03,"Beobachtung, Dokumentation, Ein- und Austritt",medium,single_choice,Worauf muss man beim Thema Pflegedokumentation in der Praxis besonders achten?,"Fakten, Massnahmen und Reaktionen nachvollziehbar dokumentieren",Diagnosen erfinden bei sachgemässem Ablauf im üblichen Berufsalltag,wertende Aussagen notieren bei sachgemässer Ausführung,Zeitpunkte weglassen im normalen Werkstattbetrieb,A,Dokumentation muss sachlich und überprüfbar sein.,"Bildungsplan Fachfrau/Fachmann Gesundheit EFZ, OdASanté/SBFI",https://www.odasante.ch/fileadmin/odasante.ch/docs/Grundbildung/FaGe/FaGe_BiPla.pdf
fage,Fachfrau/Fachmann Gesundheit EFZ,fage_l03,HKB A/H,L03,"Beobachtung, Dokumentation, Ein- und Austritt",hard,single_choice,Welche Aussage zum Thema Pflegedokumentation ist fachlich korrekt?,Diagnosen erfinden bei vergleichbaren Aufgaben,"Fakten, Massnahmen und Reaktionen nachvollziehbar dokumentieren",wertende Aussagen notieren im laufenden Tagesgeschäft,Zeitpunkte weglassen im konkreten Auftrag im Werkstattumfeld,B,Dokumentation muss sachlich und überprüfbar sein.,"Bildungsplan Fachfrau/Fachmann Gesundheit EFZ, OdASanté/SBFI",https://www.odasante.ch/fileadmin/odasante.ch/docs/Grundbildung/FaGe/FaGe_BiPla.pdf
fage,Fachfrau/Fachmann Gesundheit EFZ,fage_l03,HKB A/H,L03,"Beobachtung, Dokumentation, Ein- und Austritt",easy,single_choice,Welche Aussage beschreibt das Thema Übergabe im Beruf Fachfrau/Fachmann Gesundheit EFZ am besten?,nur Nebensächlichkeiten erzählen nach gängiger Praxis,kritische Werte auslassen bei sachgemässer Ausführung,relevante Informationen strukturiert und vollständig weitergeben,keine Rückfragen zulassen im üblichen Berufsalltag,C,Übergaben sichern Kontinuität.,"Bildungsplan Fachfrau/Fachmann Gesundheit EFZ, OdASanté/SBFI",https://www.odasante.ch/fileadmin/odasante.ch/docs/Grundbildung/FaGe/FaGe_BiPla.pdf
fage,Fachfrau/Fachmann Gesundheit EFZ,fage_l03,HKB A/H,L03,"Beobachtung, Dokumentation, Ein- und Austritt",medium,single_choice,Worauf muss man beim Thema Übergabe in der Praxis besonders achten?,nur Nebensächlichkeiten erzählen im Produktionsalltag,kritische Werte auslassen im laufenden Tagesgeschäft,keine Rückfragen zulassen im Werkstattumfeld bei sachgemässem Ablauf,relevante Informationen strukturiert und vollständig weitergeben,D,Übergaben sichern Kontinuität.,"Bildungsplan Fachfrau/Fachmann Gesundheit EFZ, OdASanté/SBFI",https://www.odasante.ch/fileadmin/odasante.ch/docs/Grundbildung/FaGe/FaGe_BiPla.pdf
fage,Fachfrau/Fachmann Gesundheit EFZ,fage_l03,HKB A/H,L03,"Beobachtung, Dokumentation, Ein- und Austritt",hard,single_choice,Welche Aussage zum Thema Übergabe ist fachlich korrekt?,relevante Informationen strukturiert und vollständig weitergeben,nur Nebensächlichkeiten erzählen im Rahmen der Routine,kritische Werte auslassen nach gängiger Praxis,keine Rückfragen zulassen unter typischen Arbeitsbedingungen,A,Übergaben sichern Kontinuität.,"Bildungsplan Fachfrau/Fachmann Gesundheit EFZ, OdASanté/SBFI",https://www.odasante.ch/fileadmin/odasante.ch/docs/Grundbildung/FaGe/FaGe_BiPla.pdf
fage,Fachfrau/Fachmann Gesundheit EFZ,fage_l03,HKB A/H,L03,"Beobachtung, Dokumentation, Ein- und Austritt",easy,single_choice,Welche Aussage beschreibt das Thema Eintritt im Beruf Fachfrau/Fachmann Gesundheit EFZ am besten?,Klientin ohne Information lassen im normalen Werkstattbetrieb,"Unterlagen, Bedürfnisse und Orientierung der Klientin mit vorbereiten",Allergien nicht erfassen im Produktionsalltag bei sachgemässer Ausführung,Hilfsmittel nicht prüfen bei sachgemässem Ablauf im üblichen Berufsalltag,B,Ein Eintritt prägt Sicherheit und Orientierung.,"Bildungsplan Fachfrau/Fachmann Gesundheit EFZ, OdASanté/SBFI",https://www.odasante.ch/fileadmin/odasante.ch/docs/Grundbildung/FaGe/FaGe_BiPla.pdf
fage,Fachfrau/Fachmann Gesundheit EFZ,fage_l03,HKB A/H,L03,"Beobachtung, Dokumentation, Ein- und Austritt",medium,single_choice,Worauf muss man beim Thema Eintritt in der Praxis besonders achten?,Klientin ohne Information lassen im konkreten Auftrag,Allergien nicht erfassen im Rahmen der Routine im laufenden Tagesgeschäft,"Unterlagen, Bedürfnisse und Orientierung der Klientin mit vorbereiten",Hilfsmittel nicht prüfen bei vergleichbaren Aufgaben,C,Ein Eintritt prägt Sicherheit und Orientierung.,"Bildungsplan Fachfrau/Fachmann Gesundheit EFZ, OdASanté/SBFI",https://www.odasante.ch/fileadmin/odasante.ch/docs/Grundbildung/FaGe/FaGe_BiPla.pdf
fage,Fachfrau/Fachmann Gesundheit EFZ,fage_l03,HKB A/H,L03,"Beobachtung, Dokumentation, Ein- und Austritt",hard,single_choice,Welche Aussage zum Thema Eintritt ist fachlich korrekt?,Klientin ohne Information lassen im üblichen Berufsalltag,Allergien nicht erfassen im normalen Werkstattbetrieb,Hilfsmittel nicht prüfen bei sachgemässer Ausführung nach gängiger Praxis,"Unterlagen, Bedürfnisse und Orientierung der Klientin mit vorbereiten",D,Ein Eintritt prägt Sicherheit und Orientierung.,"Bildungsplan Fachfrau/Fachmann Gesundheit EFZ, OdASanté/SBFI",https://www.odasante.ch/fileadmin/odasante.ch/docs/Grundbildung/FaGe/FaGe_BiPla.pdf
fage,Fachfrau/Fachmann Gesundheit EFZ,fage_l03,HKB A/H,L03,"Beobachtung, Dokumentation, Ein- und Austritt",easy,single_choice,Welche Aussage beschreibt das Thema Austritt im Beruf Fachfrau/Fachmann Gesundheit EFZ am besten?,"Austrittsunterlagen, Material, Termine und Informationen mitkoordinieren",Medikamentenplan ignorieren im laufenden Tagesgeschäft,Anschlussversorgung offen lassen im Werkstattumfeld,Angehörige nie informieren im konkreten Auftrag im Produktionsalltag,A,Austritte brauchen sorgfältige Koordination.,"Bildungsplan Fachfrau/Fachmann Gesundheit EFZ, OdASanté/SBFI",https://www.odasante.ch/fileadmin/odasante.ch/docs/Grundbildung/FaGe/FaGe_BiPla.pdf
fage,Fachfrau/Fachmann Gesundheit EFZ,fage_l03,HKB A/H,L03,"Beobachtung, Dokumentation, Ein- und Austritt",medium,single_choice,Worauf muss man beim Thema Austritt in der Praxis besonders achten?,Medikamentenplan ignorieren nach gängiger Praxis im Rahmen der Routine,"Austrittsunterlagen, Material, Termine und Informationen mitkoordinieren",Anschlussversorgung offen lassen unter typischen Arbeitsbedingungen,Angehörige nie informieren im üblichen Berufsalltag,B,Austritte brauchen sorgfältige Koordination.,"Bildungsplan Fachfrau/Fachmann Gesundheit EFZ, OdASanté/SBFI",https://www.odasante.ch/fileadmin/odasante.ch/docs/Grundbildung/FaGe/FaGe_BiPla.pdf
fage,Fachfrau/Fachmann Gesundheit EFZ,fage_l03,HKB A/H,L03,"Beobachtung, Dokumentation, Ein- und Austritt",hard,single_choice,Welche Aussage zum Thema Austritt ist fachlich korrekt?,Medikamentenplan ignorieren im Produktionsalltag bei sachgemässer Ausführung,Anschlussversorgung offen lassen bei sachgemässem Ablauf,"Austrittsunterlagen, Material, Termine und Informationen mitkoordinieren",Angehörige nie informieren im Werkstattumfeld im normalen Werkstattbetrieb,C,Austritte brauchen sorgfältige Koordination.,"Bildungsplan Fachfrau/Fachmann Gesundheit EFZ, OdASanté/SBFI",https://www.odasante.ch/fileadmin/odasante.ch/docs/Grundbildung/FaGe/FaGe_BiPla.pdf
fage,Fachfrau/Fachmann Gesundheit EFZ,fage_l03,HKB A/H,L03,"Beobachtung, Dokumentation, Ein- und Austritt",easy,single_choice,Welche Aussage beschreibt das Thema Verlegung im Beruf Fachfrau/Fachmann Gesundheit EFZ am besten?,Dossier unvollständig mitgeben bei vergleichbaren Aufgaben,Zeitpunkt nicht klären im Rahmen der Routine im konkreten Auftrag,Hilfsmittel vergessen unter typischen Arbeitsbedingungen,"Information, Transport, Dokumente und Zuständigkeiten abstimmen",D,Verlegungen sind Schnittstellen mit erhöhtem Fehlerrisiko.,"Bildungsplan Fachfrau/Fachmann Gesundheit EFZ, OdASanté/SBFI",https://www.odasante.ch/fileadmin/odasante.ch/docs/Grundbildung/FaGe/FaGe_BiPla.pdf
fage,Fachfrau/Fachmann Gesundheit EFZ,fage_l03,HKB A/H,L03,"Beobachtung, Dokumentation, Ein- und Austritt",medium,single_choice,Worauf muss man beim Thema Verlegung in der Praxis besonders achten?,"Information, Transport, Dokumente und Zuständigkeiten abstimmen",Dossier unvollständig mitgeben bei sachgemässer Ausführung,Zeitpunkt nicht klären im normalen Werkstattbetrieb,Hilfsmittel vergessen bei sachgemässem Ablauf,A,Verlegungen sind Schnittstellen mit erhöhtem Fehlerrisiko.,"Bildungsplan Fachfrau/Fachmann Gesundheit EFZ, OdASanté/SBFI",https://www.odasante.ch/fileadmin/odasante.ch/docs/Grundbildung/FaGe/FaGe_BiPla.pdf
fage,Fachfrau/Fachmann Gesundheit EFZ,fage_l03,HKB A/H,L03,"Beobachtung, Dokumentation, Ein- und Austritt",hard,single_choice,Welche Aussage zum Thema Verlegung ist fachlich korrekt?,Dossier unvollständig mitgeben im laufenden Tagesgeschäft,"Information, Transport, Dokumente und Zuständigkeiten abstimmen",Zeitpunkt nicht klären im konkreten Auftrag im Werkstattumfeld,Hilfsmittel vergessen bei vergleichbaren Aufgaben,B,Verlegungen sind Schnittstellen mit erhöhtem Fehlerrisiko.,"Bildungsplan Fachfrau/Fachmann Gesundheit EFZ, OdASanté/SBFI",https://www.odasante.ch/fileadmin/odasante.ch/docs/Grundbildung/FaGe/FaGe_BiPla.pdf
fage,Fachfrau/Fachmann Gesundheit EFZ,fage_l03,HKB A/H,L03,"Beobachtung, Dokumentation, Ein- und Austritt",easy,single_choice,Welche Aussage beschreibt das Thema Beobachtung von Schmerzen im Beruf Fachfrau/Fachmann Gesundheit EFZ am besten?,Schmerzen bagatellisieren bei sachgemässer Ausführung,nur eigene Einschätzung notieren nach gängiger Praxis,"Ort, Stärke, Qualität und Verlauf erfassen und melden",Veränderungen nicht weitergeben im üblichen Berufsalltag,C,Schmerzbeobachtung unterstützt Behandlung und Wohlbefinden.,"Bildungsplan Fachfrau/Fachmann Gesundheit EFZ, OdASanté/SBFI",https://www.odasante.ch/fileadmin/odasante.ch/docs/Grundbildung/FaGe/FaGe_BiPla.pdf
fage,Fachfrau/Fachmann Gesundheit EFZ,fage_l03,HKB A/H,L03,"Beobachtung, Dokumentation, Ein- und Austritt",medium,single_choice,Worauf muss man beim Thema Beobachtung von Schmerzen in der Praxis besonders achten?,Schmerzen bagatellisieren im laufenden Tagesgeschäft,nur eigene Einschätzung notieren im Produktionsalltag,Veränderungen nicht weitergeben im Werkstattumfeld,"Ort, Stärke, Qualität und Verlauf erfassen und melden",D,Schmerzbeobachtung unterstützt Behandlung und Wohlbefinden.,"Bildungsplan Fachfrau/Fachmann Gesundheit EFZ, OdASanté/SBFI",https://www.odasante.ch/fileadmin/odasante.ch/docs/Grundbildung/FaGe/FaGe_BiPla.pdf
fage,Fachfrau/Fachmann Gesundheit EFZ,fage_l03,HKB A/H,L03,"Beobachtung, Dokumentation, Ein- und Austritt",hard,single_choice,Welche Aussage zum Thema Beobachtung von Schmerzen ist fachlich korrekt?,"Ort, Stärke, Qualität und Verlauf erfassen und melden",Schmerzen bagatellisieren nach gängiger Praxis,nur eigene Einschätzung notieren im Rahmen der Routine,Veränderungen nicht weitergeben unter typischen Arbeitsbedingungen,A,Schmerzbeobachtung unterstützt Behandlung und Wohlbefinden.,"Bildungsplan Fachfrau/Fachmann Gesundheit EFZ, OdASanté/SBFI",https://www.odasante.ch/fileadmin/odasante.ch/docs/Grundbildung/FaGe/FaGe_BiPla.pdf
fage,Fachfrau/Fachmann Gesundheit EFZ,fage_l03,HKB A/H,L03,"Beobachtung, Dokumentation, Ein- und Austritt",easy,single_choice,Welche Aussage beschreibt das Thema Sturzereignis im Beruf Fachfrau/Fachmann Gesundheit EFZ am besten?,Person sofort hochziehen bei sachgemässem Ablauf,"Situation sichern, Zustand prüfen, melden und dokumentieren",Vorfall verschweigen im Produktionsalltag bei sachgemässer Ausführung,keine Vitalzeichen beachten im normalen Werkstattbetrieb,B,Nach einem Sturz stehen Sicherheit und Meldung im Vordergrund.,"Bildungsplan Fachfrau/Fachmann Gesundheit EFZ, OdASanté/SBFI",https://www.odasante.ch/fileadmin/odasante.ch/docs/Grundbildung/FaGe/FaGe_BiPla.pdf
fage,Fachfrau/Fachmann Gesundheit EFZ,fage_l03,HKB A/H,L03,"Beobachtung, Dokumentation, Ein- und Austritt",medium,single_choice,Worauf muss man beim Thema Sturzereignis in der Praxis besonders achten?,Person sofort hochziehen bei vergleichbaren Aufgaben,Vorfall verschweigen im Rahmen der Routine,"Situation sichern, Zustand prüfen, melden und dokumentieren",keine Vitalzeichen beachten im konkreten Auftrag,C,Nach einem Sturz stehen Sicherheit und Meldung im Vordergrund.,"Bildungsplan Fachfrau/Fachmann Gesundheit EFZ, OdASanté/SBFI",https://www.odasante.ch/fileadmin/odasante.ch/docs/Grundbildung/FaGe/FaGe_BiPla.pdf
fage,Fachfrau/Fachmann Gesundheit EFZ,fage_l03,HKB A/H,L03,"Beobachtung, Dokumentation, Ein- und Austritt",hard,single_choice,Welche Aussage zum Thema Sturzereignis ist fachlich korrekt?,Person sofort hochziehen bei sachgemässer Ausführung,Vorfall verschweigen im normalen Werkstattbetrieb,keine Vitalzeichen beachten im üblichen Berufsalltag,"Situation sichern, Zustand prüfen, melden und dokumentieren",D,Nach einem Sturz stehen Sicherheit und Meldung im Vordergrund.,"Bildungsplan Fachfrau/Fachmann Gesundheit EFZ, OdASanté/SBFI",https://www.odasante.ch/fileadmin/odasante.ch/docs/Grundbildung/FaGe/FaGe_BiPla.pdf
fage,Fachfrau/Fachmann Gesundheit EFZ,fage_l03,HKB A/H,L03,"Beobachtung, Dokumentation, Ein- und Austritt",easy,single_choice,Welche Aussage beschreibt das Thema Datenschutz im Dossier im Beruf Fachfrau/Fachmann Gesundheit EFZ am besten?,nur berechtigte Personen erhalten Zugriff auf Gesundheitsdaten,Dossiers offen anzeigen im konkreten Auftrag im Produktionsalltag,fremde Fälle neugierig lesen im laufenden Tagesgeschäft,Screenshots privat speichern im Werkstattumfeld,A,Gesundheitsdaten erfordern hohen Schutz.,"Bildungsplan Fachfrau/Fachmann Gesundheit EFZ, OdASanté/SBFI",https://www.odasante.ch/fileadmin/odasante.ch/docs/Grundbildung/FaGe/FaGe_BiPla.pdf
fage,Fachfrau/Fachmann Gesundheit EFZ,fage_l03,HKB A/H,L03,"Beobachtung, Dokumentation, Ein- und Austritt",medium,single_choice,Worauf muss man beim Thema Datenschutz im Dossier in der Praxis besonders achten?,Dossiers offen anzeigen im üblichen Berufsalltag,nur berechtigte Personen erhalten Zugriff auf Gesundheitsdaten,fremde Fälle neugierig lesen nach gängiger Praxis,Screenshots privat speichern unter typischen Arbeitsbedingungen,B,Gesundheitsdaten erfordern hohen Schutz.,"Bildungsplan Fachfrau/Fachmann Gesundheit EFZ, OdASanté/SBFI",https://www.odasante.ch/fileadmin/odasante.ch/docs/Grundbildung/FaGe/FaGe_BiPla.pdf
fage,Fachfrau/Fachmann Gesundheit EFZ,fage_l03,HKB A/H,L03,"Beobachtung, Dokumentation, Ein- und Austritt",hard,single_choice,Welche Aussage zum Thema Datenschutz im Dossier ist fachlich korrekt?,Dossiers offen anzeigen im Werkstattumfeld im normalen Werkstattbetrieb,fremde Fälle neugierig lesen im Produktionsalltag,nur berechtigte Personen erhalten Zugriff auf Gesundheitsdaten,Screenshots privat speichern bei sachgemässem Ablauf,C,Gesundheitsdaten erfordern hohen Schutz.,"Bildungsplan Fachfrau/Fachmann Gesundheit EFZ, OdASanté/SBFI",https://www.odasante.ch/fileadmin/odasante.ch/docs/Grundbildung/FaGe/FaGe_BiPla.pdf
fage,Fachfrau/Fachmann Gesundheit EFZ,fage_l03,HKB A/H,L03,"Beobachtung, Dokumentation, Ein- und Austritt",easy,single_choice,Welche Aussage beschreibt das Thema Pflegebericht im Beruf Fachfrau/Fachmann Gesundheit EFZ am besten?,Interpretationen als Fakten schreiben bei vergleichbaren Aufgaben,Abkürzungen unverständlich verwenden im Rahmen der Routine,wichtige Reaktionen weglassen unter typischen Arbeitsbedingungen,"relevante Beobachtungen sachlich, kurz und präzis formulieren",D,Pflegeberichte müssen für das Team verständlich sein.,"Bildungsplan Fachfrau/Fachmann Gesundheit EFZ, OdASanté/SBFI",https://www.odasante.ch/fileadmin/odasante.ch/docs/Grundbildung/FaGe/FaGe_BiPla.pdf
fage,Fachfrau/Fachmann Gesundheit EFZ,fage_l03,HKB A/H,L03,"Beobachtung, Dokumentation, Ein- und Austritt",medium,single_choice,Worauf muss man beim Thema Pflegebericht in der Praxis besonders achten?,"relevante Beobachtungen sachlich, kurz und präzis formulieren",Interpretationen als Fakten schreiben bei sachgemässer Ausführung,Abkürzungen unverständlich verwenden im normalen Werkstattbetrieb,wichtige Reaktionen weglassen bei sachgemässem Ablauf,A,Pflegeberichte müssen für das Team verständlich sein.,"Bildungsplan Fachfrau/Fachmann Gesundheit EFZ, OdASanté/SBFI",https://www.odasante.ch/fileadmin/odasante.ch/docs/Grundbildung/FaGe/FaGe_BiPla.pdf
fage,Fachfrau/Fachmann Gesundheit EFZ,fage_l03,HKB A/H,L03,"Beobachtung, Dokumentation, Ein- und Austritt",hard,single_choice,Welche Aussage zum Thema Pflegebericht ist fachlich korrekt?,Interpretationen als Fakten schreiben im laufenden Tagesgeschäft,"relevante Beobachtungen sachlich, kurz und präzis formulieren",Abkürzungen unverständlich verwenden im konkreten Auftrag,wichtige Reaktionen weglassen bei vergleichbaren Aufgaben,B,Pflegeberichte müssen für das Team verständlich sein.,"Bildungsplan Fachfrau/Fachmann Gesundheit EFZ, OdASanté/SBFI",https://www.odasante.ch/fileadmin/odasante.ch/docs/Grundbildung/FaGe/FaGe_BiPla.pdf
fage,Fachfrau/Fachmann Gesundheit EFZ,fage_l04,HKB B,L04,"Körperpflege, Haut und Mundpflege",easy,single_choice,Welche Aussage beschreibt das Thema Körperpflege im Beruf Fachfrau/Fachmann Gesundheit EFZ am besten?,alles ungefragt übernehmen im üblichen Berufsalltag,Schamgefühl ignorieren bei sachgemässer Ausführung unter typischen Arbeitsbedingungen,Selbstständigkeit fördern und Unterstützung bedarfsgerecht anbieten,Pflege ohne Erklärung beginnen nach gängiger Praxis,C,"Körperpflege verbindet Hygiene, Würde und Ressourcenförderung.","Bildungsplan Fachfrau/Fachmann Gesundheit EFZ, OdASanté/SBFI",https://www.odasante.ch/fileadmin/odasante.ch/docs/Grundbildung/FaGe/FaGe_BiPla.pdf
fage,Fachfrau/Fachmann Gesundheit EFZ,fage_l04,HKB B,L04,"Körperpflege, Haut und Mundpflege",medium,single_choice,Worauf muss man beim Thema Körperpflege in der Praxis besonders achten?,alles ungefragt übernehmen im Werkstattumfeld bei sachgemässem Ablauf,Schamgefühl ignorieren im laufenden Tagesgeschäft,Pflege ohne Erklärung beginnen im Produktionsalltag,Selbstständigkeit fördern und Unterstützung bedarfsgerecht anbieten,D,"Körperpflege verbindet Hygiene, Würde und Ressourcenförderung.","Bildungsplan Fachfrau/Fachmann Gesundheit EFZ, OdASanté/SBFI",https://www.odasante.ch/fileadmin/odasante.ch/docs/Grundbildung/FaGe/FaGe_BiPla.pdf
fage,Fachfrau/Fachmann Gesundheit EFZ,fage_l04,HKB B,L04,"Körperpflege, Haut und Mundpflege",hard,single_choice,Welche Aussage zum Thema Körperpflege ist fachlich korrekt?,Selbstständigkeit fördern und Unterstützung bedarfsgerecht anbieten,alles ungefragt übernehmen unter typischen Arbeitsbedingungen,Schamgefühl ignorieren nach gängiger Praxis bei vergleichbaren Aufgaben,Pflege ohne Erklärung beginnen im Rahmen der Routine,A,"Körperpflege verbindet Hygiene, Würde und Ressourcenförderung.","Bildungsplan Fachfrau/Fachmann Gesundheit EFZ, OdASanté/SBFI",https://www.odasante.ch/fileadmin/odasante.ch/docs/Grundbildung/FaGe/FaGe_BiPla.pdf
fage,Fachfrau/Fachmann Gesundheit EFZ,fage_l04,HKB B,L04,"Körperpflege, Haut und Mundpflege",easy,single_choice,Welche Aussage beschreibt das Thema Hautbeobachtung im Beruf Fachfrau/Fachmann Gesundheit EFZ am besten?,Hautveränderungen übersehen bei sachgemässem Ablauf,"Rötungen, Läsionen, Trockenheit und Druckstellen erkennen",nur sichtbare Körperstellen beachten im normalen Werkstattbetrieb,Druckstellen massieren im Produktionsalltag,B,Hautbeobachtung dient Prävention und Früherkennung.,"Bildungsplan Fachfrau/Fachmann Gesundheit EFZ, OdASanté/SBFI",https://www.odasante.ch/fileadmin/odasante.ch/docs/Grundbildung/FaGe/FaGe_BiPla.pdf
fage,Fachfrau/Fachmann Gesundheit EFZ,fage_l04,HKB B,L04,"Körperpflege, Haut und Mundpflege",medium,single_choice,Worauf muss man beim Thema Hautbeobachtung in der Praxis besonders achten?,Hautveränderungen übersehen bei vergleichbaren Aufgaben,nur sichtbare Körperstellen beachten im konkreten Auftrag,"Rötungen, Läsionen, Trockenheit und Druckstellen erkennen",Druckstellen massieren im Rahmen der Routine,C,Hautbeobachtung dient Prävention und Früherkennung.,"Bildungsplan Fachfrau/Fachmann Gesundheit EFZ, OdASanté/SBFI",https://www.odasante.ch/fileadmin/odasante.ch/docs/Grundbildung/FaGe/FaGe_BiPla.pdf
fage,Fachfrau/Fachmann Gesundheit EFZ,fage_l04,HKB B,L04,"Körperpflege, Haut und Mundpflege",hard,single_choice,Welche Aussage zum Thema Hautbeobachtung ist fachlich korrekt?,Hautveränderungen übersehen bei sachgemässer Ausführung,nur sichtbare Körperstellen beachten im üblichen Berufsalltag,Druckstellen massieren im normalen Werkstattbetrieb,"Rötungen, Läsionen, Trockenheit und Druckstellen erkennen",D,Hautbeobachtung dient Prävention und Früherkennung.,"Bildungsplan Fachfrau/Fachmann Gesundheit EFZ, OdASanté/SBFI",https://www.odasante.ch/fileadmin/odasante.ch/docs/Grundbildung/FaGe/FaGe_BiPla.pdf
fage,Fachfrau/Fachmann Gesundheit EFZ,fage_l04,HKB B,L04,"Körperpflege, Haut und Mundpflege",easy,single_choice,Welche Aussage beschreibt das Thema Dekubitusprophylaxe im Beruf Fachfrau/Fachmann Gesundheit EFZ am besten?,"Druck entlasten, Haut beobachten und Mobilisation fördern",Rötungen ignorieren im konkreten Auftrag im Produktionsalltag,Position nie wechseln im laufenden Tagesgeschäft,Falten im Bett belassen im Werkstattumfeld,A,Druckentlastung schützt gefährdete Haut.,"Bildungsplan Fachfrau/Fachmann Gesundheit EFZ, OdASanté/SBFI",https://www.odasante.ch/fileadmin/odasante.ch/docs/Grundbildung/FaGe/FaGe_BiPla.pdf
fage,Fachfrau/Fachmann Gesundheit EFZ,fage_l04,HKB B,L04,"Körperpflege, Haut und Mundpflege",medium,single_choice,Worauf muss man beim Thema Dekubitusprophylaxe in der Praxis besonders achten?,Rötungen ignorieren im üblichen Berufsalltag,"Druck entlasten, Haut beobachten und Mobilisation fördern",Position nie wechseln nach gängiger Praxis,Falten im Bett belassen unter typischen Arbeitsbedingungen,B,Druckentlastung schützt gefährdete Haut.,"Bildungsplan Fachfrau/Fachmann Gesundheit EFZ, OdASanté/SBFI",https://www.odasante.ch/fileadmin/odasante.ch/docs/Grundbildung/FaGe/FaGe_BiPla.pdf
fage,Fachfrau/Fachmann Gesundheit EFZ,fage_l04,HKB B,L04,"Körperpflege, Haut und Mundpflege",hard,single_choice,Welche Aussage zum Thema Dekubitusprophylaxe ist fachlich korrekt?,Rötungen ignorieren im Werkstattumfeld im normalen Werkstattbetrieb,Position nie wechseln im Produktionsalltag,"Druck entlasten, Haut beobachten und Mobilisation fördern",Falten im Bett belassen bei sachgemässem Ablauf,C,Druckentlastung schützt gefährdete Haut.,"Bildungsplan Fachfrau/Fachmann Gesundheit EFZ, OdASanté/SBFI",https://www.odasante.ch/fileadmin/odasante.ch/docs/Grundbildung/FaGe/FaGe_BiPla.pdf
fage,Fachfrau/Fachmann Gesundheit EFZ,fage_l04,HKB B,L04,"Körperpflege, Haut und Mundpflege",easy,single_choice,Welche Aussage beschreibt das Thema Mundpflege im Beruf Fachfrau/Fachmann Gesundheit EFZ am besten?,Prothesen trocken liegen lassen bei vergleichbaren Aufgaben,Mundtrockenheit ignorieren unter typischen Arbeitsbedingungen,Pflege wegen Aufwand weglassen im Rahmen der Routine,"Mundschleimhaut, Zähne oder Prothesen hygienisch und schonend pflegen",D,"Mundpflege beeinflusst Wohlbefinden, Ernährung und Infektionsrisiko.","Bildungsplan Fachfrau/Fachmann Gesundheit EFZ, OdASanté/SBFI",https://www.odasante.ch/fileadmin/odasante.ch/docs/Grundbildung/FaGe/FaGe_BiPla.pdf
fage,Fachfrau/Fachmann Gesundheit EFZ,fage_l04,HKB B,L04,"Körperpflege, Haut und Mundpflege",medium,single_choice,Worauf muss man beim Thema Mundpflege in der Praxis besonders achten?,"Mundschleimhaut, Zähne oder Prothesen hygienisch und schonend pflegen",Prothesen trocken liegen lassen bei sachgemässer Ausführung,Mundtrockenheit ignorieren bei sachgemässem Ablauf,Pflege wegen Aufwand weglassen im normalen Werkstattbetrieb,A,"Mundpflege beeinflusst Wohlbefinden, Ernährung und Infektionsrisiko.","Bildungsplan Fachfrau/Fachmann Gesundheit EFZ, OdASanté/SBFI",https://www.odasante.ch/fileadmin/odasante.ch/docs/Grundbildung/FaGe/FaGe_BiPla.pdf
fage,Fachfrau/Fachmann Gesundheit EFZ,fage_l04,HKB B,L04,"Körperpflege, Haut und Mundpflege",hard,single_choice,Welche Aussage zum Thema Mundpflege ist fachlich korrekt?,Prothesen trocken liegen lassen im laufenden Tagesgeschäft,"Mundschleimhaut, Zähne oder Prothesen hygienisch und schonend pflegen",Mundtrockenheit ignorieren bei vergleichbaren Aufgaben,Pflege wegen Aufwand weglassen im konkreten Auftrag im Werkstattumfeld,B,"Mundpflege beeinflusst Wohlbefinden, Ernährung und Infektionsrisiko.","Bildungsplan Fachfrau/Fachmann Gesundheit EFZ, OdASanté/SBFI",https://www.odasante.ch/fileadmin/odasante.ch/docs/Grundbildung/FaGe/FaGe_BiPla.pdf
fage,Fachfrau/Fachmann Gesundheit EFZ,fage_l04,HKB B,L04,"Körperpflege, Haut und Mundpflege",easy,single_choice,Welche Aussage beschreibt das Thema Intimpflege im Beruf Fachfrau/Fachmann Gesundheit EFZ am besten?,ohne Handschuhe arbeiten im üblichen Berufsalltag,von unrein zu rein wischen nach gängiger Praxis,"Privatsphäre, Hygieneprinzipien und Kommunikation beachten",Türen offen lassen bei sachgemässer Ausführung,C,Intimpflege erfordert besondere Diskretion und Hygiene.,"Bildungsplan Fachfrau/Fachmann Gesundheit EFZ, OdASanté/SBFI",https://www.odasante.ch/fileadmin/odasante.ch/docs/Grundbildung/FaGe/FaGe_BiPla.pdf
fage,Fachfrau/Fachmann Gesundheit EFZ,fage_l04,HKB B,L04,"Körperpflege, Haut und Mundpflege",medium,single_choice,Worauf muss man beim Thema Intimpflege in der Praxis besonders achten?,ohne Handschuhe arbeiten im Werkstattumfeld bei sachgemässem Ablauf,von unrein zu rein wischen im Produktionsalltag,Türen offen lassen im laufenden Tagesgeschäft,"Privatsphäre, Hygieneprinzipien und Kommunikation beachten",D,Intimpflege erfordert besondere Diskretion und Hygiene.,"Bildungsplan Fachfrau/Fachmann Gesundheit EFZ, OdASanté/SBFI",https://www.odasante.ch/fileadmin/odasante.ch/docs/Grundbildung/FaGe/FaGe_BiPla.pdf
fage,Fachfrau/Fachmann Gesundheit EFZ,fage_l04,HKB B,L04,"Körperpflege, Haut und Mundpflege",hard,single_choice,Welche Aussage zum Thema Intimpflege ist fachlich korrekt?,"Privatsphäre, Hygieneprinzipien und Kommunikation beachten",ohne Handschuhe arbeiten unter typischen Arbeitsbedingungen,von unrein zu rein wischen im Rahmen der Routine,Türen offen lassen nach gängiger Praxis bei vergleichbaren Aufgaben,A,Intimpflege erfordert besondere Diskretion und Hygiene.,"Bildungsplan Fachfrau/Fachmann Gesundheit EFZ, OdASanté/SBFI",https://www.odasante.ch/fileadmin/odasante.ch/docs/Grundbildung/FaGe/FaGe_BiPla.pdf
fage,Fachfrau/Fachmann Gesundheit EFZ,fage_l04,HKB B,L04,"Körperpflege, Haut und Mundpflege",easy,single_choice,Welche Aussage beschreibt das Thema Haar- und Bartpflege im Beruf Fachfrau/Fachmann Gesundheit EFZ am besten?,Rasur ohne Einverständnis durchführen im normalen Werkstattbetrieb,"Gewohnheiten, Sicherheit und Wohlbefinden berücksichtigen",Verletzungsrisiko ignorieren bei sachgemässem Ablauf,Wünsche nicht beachten im Produktionsalltag,B,Pflegehandlungen sollen individualisiert erfolgen.,"Bildungsplan Fachfrau/Fachmann Gesundheit EFZ, OdASanté/SBFI",https://www.odasante.ch/fileadmin/odasante.ch/docs/Grundbildung/FaGe/FaGe_BiPla.pdf
fage,Fachfrau/Fachmann Gesundheit EFZ,fage_l04,HKB B,L04,"Körperpflege, Haut und Mundpflege",medium,single_choice,Worauf muss man beim Thema Haar- und Bartpflege in der Praxis besonders achten?,Rasur ohne Einverständnis durchführen im konkreten Auftrag,Verletzungsrisiko ignorieren bei vergleichbaren Aufgaben,"Gewohnheiten, Sicherheit und Wohlbefinden berücksichtigen",Wünsche nicht beachten im Rahmen der Routine,C,Pflegehandlungen sollen individualisiert erfolgen.,"Bildungsplan Fachfrau/Fachmann Gesundheit EFZ, OdASanté/SBFI",https://www.odasante.ch/fileadmin/odasante.ch/docs/Grundbildung/FaGe/FaGe_BiPla.pdf
fage,Fachfrau/Fachmann Gesundheit EFZ,fage_l04,HKB B,L04,"Körperpflege, Haut und Mundpflege",hard,single_choice,Welche Aussage zum Thema Haar- und Bartpflege ist fachlich korrekt?,Rasur ohne Einverständnis durchführen im üblichen Berufsalltag,Verletzungsrisiko ignorieren bei sachgemässer Ausführung,Wünsche nicht beachten im normalen Werkstattbetrieb,"Gewohnheiten, Sicherheit und Wohlbefinden berücksichtigen",D,Pflegehandlungen sollen individualisiert erfolgen.,"Bildungsplan Fachfrau/Fachmann Gesundheit EFZ, OdASanté/SBFI",https://www.odasante.ch/fileadmin/odasante.ch/docs/Grundbildung/FaGe/FaGe_BiPla.pdf
fage,Fachfrau/Fachmann Gesundheit EFZ,fage_l04,HKB B,L04,"Körperpflege, Haut und Mundpflege",easy,single_choice,Welche Aussage beschreibt das Thema Hautpflegeprodukt im Beruf Fachfrau/Fachmann Gesundheit EFZ am besten?,Produkt nach Hautzustand und Vorgaben auswählen,beliebige Produkte mischen im laufenden Tagesgeschäft,Allergien ignorieren im konkreten Auftrag,Wunden mit Körperlotion versorgen,A,Hautpflege richtet sich nach Beobachtung und Standards.,"Bildungsplan Fachfrau/Fachmann Gesundheit EFZ, OdASanté/SBFI",https://www.odasante.ch/fileadmin/odasante.ch/docs/Grundbildung/FaGe/FaGe_BiPla.pdf
fage,Fachfrau/Fachmann Gesundheit EFZ,fage_l04,HKB B,L04,"Körperpflege, Haut und Mundpflege",medium,single_choice,Worauf muss man beim Thema Hautpflegeprodukt in der Praxis besonders achten?,beliebige Produkte mischen nach gängiger Praxis,Produkt nach Hautzustand und Vorgaben auswählen,Allergien ignorieren im üblichen Berufsalltag,Wunden mit Körperlotion versorgen,B,Hautpflege richtet sich nach Beobachtung und Standards.,"Bildungsplan Fachfrau/Fachmann Gesundheit EFZ, OdASanté/SBFI",https://www.odasante.ch/fileadmin/odasante.ch/docs/Grundbildung/FaGe/FaGe_BiPla.pdf
fage,Fachfrau/Fachmann Gesundheit EFZ,fage_l04,HKB B,L04,"Körperpflege, Haut und Mundpflege",hard,single_choice,Welche Aussage zum Thema Hautpflegeprodukt ist fachlich korrekt?,beliebige Produkte mischen im Produktionsalltag,Allergien ignorieren im Werkstattumfeld,Produkt nach Hautzustand und Vorgaben auswählen,Wunden mit Körperlotion versorgen,C,Hautpflege richtet sich nach Beobachtung und Standards.,"Bildungsplan Fachfrau/Fachmann Gesundheit EFZ, OdASanté/SBFI",https://www.odasante.ch/fileadmin/odasante.ch/docs/Grundbildung/FaGe/FaGe_BiPla.pdf
fage,Fachfrau/Fachmann Gesundheit EFZ,fage_l04,HKB B,L04,"Körperpflege, Haut und Mundpflege",easy,single_choice,Welche Aussage beschreibt das Thema Soorprophylaxe im Beruf Fachfrau/Fachmann Gesundheit EFZ am besten?,Beläge ignorieren unter typischen Arbeitsbedingungen,Trinkmenge nie beachten im Rahmen der Routine im konkreten Auftrag,Prothesen nicht reinigen bei vergleichbaren Aufgaben,Mundraum beobachten und hygienische Massnahmen konsequent durchführen,D,Mundsoor kann besonders bei geschwächten Menschen auftreten.,"Bildungsplan Fachfrau/Fachmann Gesundheit EFZ, OdASanté/SBFI",https://www.odasante.ch/fileadmin/odasante.ch/docs/Grundbildung/FaGe/FaGe_BiPla.pdf
fage,Fachfrau/Fachmann Gesundheit EFZ,fage_l04,HKB B,L04,"Körperpflege, Haut und Mundpflege",medium,single_choice,Worauf muss man beim Thema Soorprophylaxe in der Praxis besonders achten?,Mundraum beobachten und hygienische Massnahmen konsequent durchführen,Beläge ignorieren bei sachgemässem Ablauf im üblichen Berufsalltag,Trinkmenge nie beachten im normalen Werkstattbetrieb,Prothesen nicht reinigen bei sachgemässer Ausführung,A,Mundsoor kann besonders bei geschwächten Menschen auftreten.,"Bildungsplan Fachfrau/Fachmann Gesundheit EFZ, OdASanté/SBFI",https://www.odasante.ch/fileadmin/odasante.ch/docs/Grundbildung/FaGe/FaGe_BiPla.pdf
fage,Fachfrau/Fachmann Gesundheit EFZ,fage_l04,HKB B,L04,"Körperpflege, Haut und Mundpflege",hard,single_choice,Welche Aussage zum Thema Soorprophylaxe ist fachlich korrekt?,Beläge ignorieren bei vergleichbaren Aufgaben im Produktionsalltag,Mundraum beobachten und hygienische Massnahmen konsequent durchführen,Trinkmenge nie beachten im konkreten Auftrag im Werkstattumfeld,Prothesen nicht reinigen im laufenden Tagesgeschäft,B,Mundsoor kann besonders bei geschwächten Menschen auftreten.,"Bildungsplan Fachfrau/Fachmann Gesundheit EFZ, OdASanté/SBFI",https://www.odasante.ch/fileadmin/odasante.ch/docs/Grundbildung/FaGe/FaGe_BiPla.pdf
fage,Fachfrau/Fachmann Gesundheit EFZ,fage_l04,HKB B,L04,"Körperpflege, Haut und Mundpflege",easy,single_choice,Welche Aussage beschreibt das Thema Ressourcen bei der Pflege im Beruf Fachfrau/Fachmann Gesundheit EFZ am besten?,Selbstständigkeit unterbinden im üblichen Berufsalltag,keine Zeit zum Mitmachen geben nach gängiger Praxis,"Klientinnen Tätigkeiten selbst ausführen lassen, soweit möglich",Hilfsmittel verstecken bei sachgemässer Ausführung,C,Mitwirkung erhält Fähigkeiten und Selbstwert.,"Bildungsplan Fachfrau/Fachmann Gesundheit EFZ, OdASanté/SBFI",https://www.odasante.ch/fileadmin/odasante.ch/docs/Grundbildung/FaGe/FaGe_BiPla.pdf
fage,Fachfrau/Fachmann Gesundheit EFZ,fage_l04,HKB B,L04,"Körperpflege, Haut und Mundpflege",medium,single_choice,Worauf muss man beim Thema Ressourcen bei der Pflege in der Praxis besonders achten?,Selbstständigkeit unterbinden im Werkstattumfeld bei sachgemässem Ablauf,keine Zeit zum Mitmachen geben im Produktionsalltag,Hilfsmittel verstecken im laufenden Tagesgeschäft,"Klientinnen Tätigkeiten selbst ausführen lassen, soweit möglich",D,Mitwirkung erhält Fähigkeiten und Selbstwert.,"Bildungsplan Fachfrau/Fachmann Gesundheit EFZ, OdASanté/SBFI",https://www.odasante.ch/fileadmin/odasante.ch/docs/Grundbildung/FaGe/FaGe_BiPla.pdf
fage,Fachfrau/Fachmann Gesundheit EFZ,fage_l04,HKB B,L04,"Körperpflege, Haut und Mundpflege",hard,single_choice,Welche Aussage zum Thema Ressourcen bei der Pflege ist fachlich korrekt?,"Klientinnen Tätigkeiten selbst ausführen lassen, soweit möglich",Selbstständigkeit unterbinden unter typischen Arbeitsbedingungen,keine Zeit zum Mitmachen geben im Rahmen der Routine,Hilfsmittel verstecken nach gängiger Praxis bei vergleichbaren Aufgaben,A,Mitwirkung erhält Fähigkeiten und Selbstwert.,"Bildungsplan Fachfrau/Fachmann Gesundheit EFZ, OdASanté/SBFI",https://www.odasante.ch/fileadmin/odasante.ch/docs/Grundbildung/FaGe/FaGe_BiPla.pdf
fage,Fachfrau/Fachmann Gesundheit EFZ,fage_l04,HKB B,L04,"Körperpflege, Haut und Mundpflege",easy,single_choice,Welche Aussage beschreibt das Thema Pflege bei Schmerz im Beruf Fachfrau/Fachmann Gesundheit EFZ am besten?,Schmerzäusserungen ignorieren bei sachgemässem Ablauf,"Pflege anpassen, Pausen ermöglichen und Schmerzen melden",schneller arbeiten trotz Abwehr im normalen Werkstattbetrieb,keine Lagerung anpassen im Produktionsalltag,B,Schmerz beeinflusst Pflegehandlungen und Kooperation.,"Bildungsplan Fachfrau/Fachmann Gesundheit EFZ, OdASanté/SBFI",https://www.odasante.ch/fileadmin/odasante.ch/docs/Grundbildung/FaGe/FaGe_BiPla.pdf
fage,Fachfrau/Fachmann Gesundheit EFZ,fage_l04,HKB B,L04,"Körperpflege, Haut und Mundpflege",medium,single_choice,Worauf muss man beim Thema Pflege bei Schmerz in der Praxis besonders achten?,Schmerzäusserungen ignorieren bei vergleichbaren Aufgaben,schneller arbeiten trotz Abwehr im konkreten Auftrag,"Pflege anpassen, Pausen ermöglichen und Schmerzen melden",keine Lagerung anpassen im Rahmen der Routine,C,Schmerz beeinflusst Pflegehandlungen und Kooperation.,"Bildungsplan Fachfrau/Fachmann Gesundheit EFZ, OdASanté/SBFI",https://www.odasante.ch/fileadmin/odasante.ch/docs/Grundbildung/FaGe/FaGe_BiPla.pdf
fage,Fachfrau/Fachmann Gesundheit EFZ,fage_l04,HKB B,L04,"Körperpflege, Haut und Mundpflege",hard,single_choice,Welche Aussage zum Thema Pflege bei Schmerz ist fachlich korrekt?,Schmerzäusserungen ignorieren bei sachgemässer Ausführung,schneller arbeiten trotz Abwehr im üblichen Berufsalltag,keine Lagerung anpassen im normalen Werkstattbetrieb,"Pflege anpassen, Pausen ermöglichen und Schmerzen melden",D,Schmerz beeinflusst Pflegehandlungen und Kooperation.,"Bildungsplan Fachfrau/Fachmann Gesundheit EFZ, OdASanté/SBFI",https://www.odasante.ch/fileadmin/odasante.ch/docs/Grundbildung/FaGe/FaGe_BiPla.pdf
fage,Fachfrau/Fachmann Gesundheit EFZ,fage_l05,HKB B,L05,"Mobilität, Transfer, Lagerung und Ergonomie",easy,single_choice,Welche Aussage beschreibt das Thema Mobilitätsförderung im Beruf Fachfrau/Fachmann Gesundheit EFZ am besten?,Bewegung sicher ermöglichen und vorhandene Fähigkeiten nutzen,alles im Bett erledigen im laufenden Tagesgeschäft,Sturzrisiko ignorieren im konkreten Auftrag im Produktionsalltag,Hilfsmittel nicht anbieten im Werkstattumfeld,A,Mobilität erhält Selbstständigkeit und Gesundheit.,"Bildungsplan Fachfrau/Fachmann Gesundheit EFZ, OdASanté/SBFI",https://www.odasante.ch/fileadmin/odasante.ch/docs/Grundbildung/FaGe/FaGe_BiPla.pdf
fage,Fachfrau/Fachmann Gesundheit EFZ,fage_l05,HKB B,L05,"Mobilität, Transfer, Lagerung und Ergonomie",medium,single_choice,Worauf muss man beim Thema Mobilitätsförderung in der Praxis besonders achten?,alles im Bett erledigen nach gängiger Praxis,Bewegung sicher ermöglichen und vorhandene Fähigkeiten nutzen,Sturzrisiko ignorieren im üblichen Berufsalltag,Hilfsmittel nicht anbieten unter typischen Arbeitsbedingungen,B,Mobilität erhält Selbstständigkeit und Gesundheit.,"Bildungsplan Fachfrau/Fachmann Gesundheit EFZ, OdASanté/SBFI",https://www.odasante.ch/fileadmin/odasante.ch/docs/Grundbildung/FaGe/FaGe_BiPla.pdf
fage,Fachfrau/Fachmann Gesundheit EFZ,fage_l05,HKB B,L05,"Mobilität, Transfer, Lagerung und Ergonomie",hard,single_choice,Welche Aussage zum Thema Mobilitätsförderung ist fachlich korrekt?,alles im Bett erledigen im Produktionsalltag,Sturzrisiko ignorieren im Werkstattumfeld im normalen Werkstattbetrieb,Bewegung sicher ermöglichen und vorhandene Fähigkeiten nutzen,Hilfsmittel nicht anbieten bei sachgemässem Ablauf,C,Mobilität erhält Selbstständigkeit und Gesundheit.,"Bildungsplan Fachfrau/Fachmann Gesundheit EFZ, OdASanté/SBFI",https://www.odasante.ch/fileadmin/odasante.ch/docs/Grundbildung/FaGe/FaGe_BiPla.pdf
fage,Fachfrau/Fachmann Gesundheit EFZ,fage_l05,HKB B,L05,"Mobilität, Transfer, Lagerung und Ergonomie",easy,single_choice,Welche Aussage beschreibt das Thema Transfer im Beruf Fachfrau/Fachmann Gesundheit EFZ am besten?,ruckartig ziehen unter typischen Arbeitsbedingungen,Bremsen am Rollstuhl offen lassen im Rahmen der Routine,allein riskante Transfers durchführen bei vergleichbaren Aufgaben,"Klientin, Hilfsmittel, Umgebung und eigene Ergonomie vorbereiten",D,Transfers müssen sicher geplant werden.,"Bildungsplan Fachfrau/Fachmann Gesundheit EFZ, OdASanté/SBFI",https://www.odasante.ch/fileadmin/odasante.ch/docs/Grundbildung/FaGe/FaGe_BiPla.pdf
fage,Fachfrau/Fachmann Gesundheit EFZ,fage_l05,HKB B,L05,"Mobilität, Transfer, Lagerung und Ergonomie",medium,single_choice,Worauf muss man beim Thema Transfer in der Praxis besonders achten?,"Klientin, Hilfsmittel, Umgebung und eigene Ergonomie vorbereiten",ruckartig ziehen bei sachgemässem Ablauf im üblichen Berufsalltag,Bremsen am Rollstuhl offen lassen im normalen Werkstattbetrieb,allein riskante Transfers durchführen bei sachgemässer Ausführung,A,Transfers müssen sicher geplant werden.,"Bildungsplan Fachfrau/Fachmann Gesundheit EFZ, OdASanté/SBFI",https://www.odasante.ch/fileadmin/odasante.ch/docs/Grundbildung/FaGe/FaGe_BiPla.pdf
fage,Fachfrau/Fachmann Gesundheit EFZ,fage_l05,HKB B,L05,"Mobilität, Transfer, Lagerung und Ergonomie",hard,single_choice,Welche Aussage zum Thema Transfer ist fachlich korrekt?,ruckartig ziehen bei vergleichbaren Aufgaben im Werkstattumfeld,"Klientin, Hilfsmittel, Umgebung und eigene Ergonomie vorbereiten",Bremsen am Rollstuhl offen lassen im konkreten Auftrag,allein riskante Transfers durchführen im laufenden Tagesgeschäft,B,Transfers müssen sicher geplant werden.,"Bildungsplan Fachfrau/Fachmann Gesundheit EFZ, OdASanté/SBFI",https://www.odasante.ch/fileadmin/odasante.ch/docs/Grundbildung/FaGe/FaGe_BiPla.pdf
fage,Fachfrau/Fachmann Gesundheit EFZ,fage_l05,HKB B,L05,"Mobilität, Transfer, Lagerung und Ergonomie",easy,single_choice,Welche Aussage beschreibt das Thema Kinästhetik im Beruf Fachfrau/Fachmann Gesundheit EFZ am besten?,Kraft gegen Widerstand einsetzen nach gängiger Praxis,Klientin passiv machen bei sachgemässer Ausführung,Bewegung ressourcenorientiert unterstützen statt heben und ziehen,Bewegungsressourcen ignorieren im üblichen Berufsalltag,C,Kinästhetik nutzt natürliche Bewegungsmöglichkeiten.,"Bildungsplan Fachfrau/Fachmann Gesundheit EFZ, OdASanté/SBFI",https://www.odasante.ch/fileadmin/odasante.ch/docs/Grundbildung/FaGe/FaGe_BiPla.pdf
fage,Fachfrau/Fachmann Gesundheit EFZ,fage_l05,HKB B,L05,"Mobilität, Transfer, Lagerung und Ergonomie",medium,single_choice,Worauf muss man beim Thema Kinästhetik in der Praxis besonders achten?,Kraft gegen Widerstand einsetzen im Produktionsalltag,Klientin passiv machen im laufenden Tagesgeschäft bei sachgemässem Ablauf,Bewegungsressourcen ignorieren im Werkstattumfeld,Bewegung ressourcenorientiert unterstützen statt heben und ziehen,D,Kinästhetik nutzt natürliche Bewegungsmöglichkeiten.,"Bildungsplan Fachfrau/Fachmann Gesundheit EFZ, OdASanté/SBFI",https://www.odasante.ch/fileadmin/odasante.ch/docs/Grundbildung/FaGe/FaGe_BiPla.pdf
fage,Fachfrau/Fachmann Gesundheit EFZ,fage_l05,HKB B,L05,"Mobilität, Transfer, Lagerung und Ergonomie",hard,single_choice,Welche Aussage zum Thema Kinästhetik ist fachlich korrekt?,Bewegung ressourcenorientiert unterstützen statt heben und ziehen,Kraft gegen Widerstand einsetzen im Rahmen der Routine,Klientin passiv machen nach gängiger Praxis bei vergleichbaren Aufgaben,Bewegungsressourcen ignorieren unter typischen Arbeitsbedingungen,A,Kinästhetik nutzt natürliche Bewegungsmöglichkeiten.,"Bildungsplan Fachfrau/Fachmann Gesundheit EFZ, OdASanté/SBFI",https://www.odasante.ch/fileadmin/odasante.ch/docs/Grundbildung/FaGe/FaGe_BiPla.pdf
fage,Fachfrau/Fachmann Gesundheit EFZ,fage_l05,HKB B,L05,"Mobilität, Transfer, Lagerung und Ergonomie",easy,single_choice,Welche Aussage beschreibt das Thema Sturzprophylaxe im Beruf Fachfrau/Fachmann Gesundheit EFZ am besten?,Stolperfallen belassen bei sachgemässem Ablauf,Risiken erkennen und Umgebung sicher gestalten,Schuhe ignorieren im Produktionsalltag,Klingel ausser Reichweite legen im normalen Werkstattbetrieb,B,Stürze können schwerwiegende Folgen haben.,"Bildungsplan Fachfrau/Fachmann Gesundheit EFZ, OdASanté/SBFI",https://www.odasante.ch/fileadmin/odasante.ch/docs/Grundbildung/FaGe/FaGe_BiPla.pdf
fage,Fachfrau/Fachmann Gesundheit EFZ,fage_l05,HKB B,L05,"Mobilität, Transfer, Lagerung und Ergonomie",medium,single_choice,Worauf muss man beim Thema Sturzprophylaxe in der Praxis besonders achten?,Stolperfallen belassen bei vergleichbaren Aufgaben,Schuhe ignorieren im Rahmen der Routine,Risiken erkennen und Umgebung sicher gestalten,Klingel ausser Reichweite legen im konkreten Auftrag,C,Stürze können schwerwiegende Folgen haben.,"Bildungsplan Fachfrau/Fachmann Gesundheit EFZ, OdASanté/SBFI",https://www.odasante.ch/fileadmin/odasante.ch/docs/Grundbildung/FaGe/FaGe_BiPla.pdf
fage,Fachfrau/Fachmann Gesundheit EFZ,fage_l05,HKB B,L05,"Mobilität, Transfer, Lagerung und Ergonomie",hard,single_choice,Welche Aussage zum Thema Sturzprophylaxe ist fachlich korrekt?,Stolperfallen belassen bei sachgemässer Ausführung,Schuhe ignorieren im normalen Werkstattbetrieb,Klingel ausser Reichweite legen im üblichen Berufsalltag,Risiken erkennen und Umgebung sicher gestalten,D,Stürze können schwerwiegende Folgen haben.,"Bildungsplan Fachfrau/Fachmann Gesundheit EFZ, OdASanté/SBFI",https://www.odasante.ch/fileadmin/odasante.ch/docs/Grundbildung/FaGe/FaGe_BiPla.pdf
fage,Fachfrau/Fachmann Gesundheit EFZ,fage_l05,HKB B,L05,"Mobilität, Transfer, Lagerung und Ergonomie",easy,single_choice,Welche Aussage beschreibt das Thema Kontrakturprophylaxe im Beruf Fachfrau/Fachmann Gesundheit EFZ am besten?,Gelenkbeweglichkeit durch Bewegung und Lagerung erhalten,Gelenke dauerhaft in Fehlstellung lassen,Bewegung vermeiden im konkreten Auftrag im Werkstattumfeld,Schmerzen nie beachten im laufenden Tagesgeschäft,A,Kontrakturen schränken Mobilität und Pflege ein.,"Bildungsplan Fachfrau/Fachmann Gesundheit EFZ, OdASanté/SBFI",https://www.odasante.ch/fileadmin/odasante.ch/docs/Grundbildung/FaGe/FaGe_BiPla.pdf
fage,Fachfrau/Fachmann Gesundheit EFZ,fage_l05,HKB B,L05,"Mobilität, Transfer, Lagerung und Ergonomie",medium,single_choice,Worauf muss man beim Thema Kontrakturprophylaxe in der Praxis besonders achten?,Gelenke dauerhaft in Fehlstellung lassen unter typischen Arbeitsbedingungen,Gelenkbeweglichkeit durch Bewegung und Lagerung erhalten,Bewegung vermeiden im üblichen Berufsalltag,Schmerzen nie beachten nach gängiger Praxis,B,Kontrakturen schränken Mobilität und Pflege ein.,"Bildungsplan Fachfrau/Fachmann Gesundheit EFZ, OdASanté/SBFI",https://www.odasante.ch/fileadmin/odasante.ch/docs/Grundbildung/FaGe/FaGe_BiPla.pdf
fage,Fachfrau/Fachmann Gesundheit EFZ,fage_l05,HKB B,L05,"Mobilität, Transfer, Lagerung und Ergonomie",hard,single_choice,Welche Aussage zum Thema Kontrakturprophylaxe ist fachlich korrekt?,Gelenke dauerhaft in Fehlstellung lassen,Bewegung vermeiden im Werkstattumfeld bei sachgemässem Ablauf,Gelenkbeweglichkeit durch Bewegung und Lagerung erhalten,Schmerzen nie beachten im Produktionsalltag,C,Kontrakturen schränken Mobilität und Pflege ein.,"Bildungsplan Fachfrau/Fachmann Gesundheit EFZ, OdASanté/SBFI",https://www.odasante.ch/fileadmin/odasante.ch/docs/Grundbildung/FaGe/FaGe_BiPla.pdf
fage,Fachfrau/Fachmann Gesundheit EFZ,fage_l05,HKB B,L05,"Mobilität, Transfer, Lagerung und Ergonomie",easy,single_choice,Welche Aussage beschreibt das Thema Thromboseprophylaxe im Beruf Fachfrau/Fachmann Gesundheit EFZ am besten?,lange Immobilität fördern im Rahmen der Routine,Schwellung ignorieren unter typischen Arbeitsbedingungen,Anordnungen zu Kompression missachten,Bewegung fördern und Risikofaktoren beobachten,D,Thrombosen können lebensbedrohliche Folgen haben.,"Bildungsplan Fachfrau/Fachmann Gesundheit EFZ, OdASanté/SBFI",https://www.odasante.ch/fileadmin/odasante.ch/docs/Grundbildung/FaGe/FaGe_BiPla.pdf
fage,Fachfrau/Fachmann Gesundheit EFZ,fage_l05,HKB B,L05,"Mobilität, Transfer, Lagerung und Ergonomie",medium,single_choice,Worauf muss man beim Thema Thromboseprophylaxe in der Praxis besonders achten?,Bewegung fördern und Risikofaktoren beobachten,lange Immobilität fördern im normalen Werkstattbetrieb,Schwellung ignorieren bei sachgemässem Ablauf,Anordnungen zu Kompression missachten,A,Thrombosen können lebensbedrohliche Folgen haben.,"Bildungsplan Fachfrau/Fachmann Gesundheit EFZ, OdASanté/SBFI",https://www.odasante.ch/fileadmin/odasante.ch/docs/Grundbildung/FaGe/FaGe_BiPla.pdf
fage,Fachfrau/Fachmann Gesundheit EFZ,fage_l05,HKB B,L05,"Mobilität, Transfer, Lagerung und Ergonomie",hard,single_choice,Welche Aussage zum Thema Thromboseprophylaxe ist fachlich korrekt?,lange Immobilität fördern im konkreten Auftrag,Bewegung fördern und Risikofaktoren beobachten,Schwellung ignorieren bei vergleichbaren Aufgaben,Anordnungen zu Kompression missachten,B,Thrombosen können lebensbedrohliche Folgen haben.,"Bildungsplan Fachfrau/Fachmann Gesundheit EFZ, OdASanté/SBFI",https://www.odasante.ch/fileadmin/odasante.ch/docs/Grundbildung/FaGe/FaGe_BiPla.pdf
fage,Fachfrau/Fachmann Gesundheit EFZ,fage_l05,HKB B,L05,"Mobilität, Transfer, Lagerung und Ergonomie",easy,single_choice,Welche Aussage beschreibt das Thema Lagerung im Beruf Fachfrau/Fachmann Gesundheit EFZ am besten?,immer gleiche Position lassen im üblichen Berufsalltag,Hilfsmittel falsch platzieren nach gängiger Praxis,"Druck, Atmung, Schmerzen und Komfort berücksichtigen",Körperausrichtung ignorieren bei sachgemässer Ausführung,C,Lagerung beeinflusst Komfort und Prophylaxen.,"Bildungsplan Fachfrau/Fachmann Gesundheit EFZ, OdASanté/SBFI",https://www.odasante.ch/fileadmin/odasante.ch/docs/Grundbildung/FaGe/FaGe_BiPla.pdf
fage,Fachfrau/Fachmann Gesundheit EFZ,fage_l05,HKB B,L05,"Mobilität, Transfer, Lagerung und Ergonomie",medium,single_choice,Worauf muss man beim Thema Lagerung in der Praxis besonders achten?,immer gleiche Position lassen im Werkstattumfeld,Hilfsmittel falsch platzieren im Produktionsalltag,Körperausrichtung ignorieren im laufenden Tagesgeschäft,"Druck, Atmung, Schmerzen und Komfort berücksichtigen",D,Lagerung beeinflusst Komfort und Prophylaxen.,"Bildungsplan Fachfrau/Fachmann Gesundheit EFZ, OdASanté/SBFI",https://www.odasante.ch/fileadmin/odasante.ch/docs/Grundbildung/FaGe/FaGe_BiPla.pdf
fage,Fachfrau/Fachmann Gesundheit EFZ,fage_l05,HKB B,L05,"Mobilität, Transfer, Lagerung und Ergonomie",hard,single_choice,Welche Aussage zum Thema Lagerung ist fachlich korrekt?,"Druck, Atmung, Schmerzen und Komfort berücksichtigen",immer gleiche Position lassen unter typischen Arbeitsbedingungen,Hilfsmittel falsch platzieren im Rahmen der Routine,Körperausrichtung ignorieren nach gängiger Praxis,A,Lagerung beeinflusst Komfort und Prophylaxen.,"Bildungsplan Fachfrau/Fachmann Gesundheit EFZ, OdASanté/SBFI",https://www.odasante.ch/fileadmin/odasante.ch/docs/Grundbildung/FaGe/FaGe_BiPla.pdf
fage,Fachfrau/Fachmann Gesundheit EFZ,fage_l05,HKB B,L05,"Mobilität, Transfer, Lagerung und Ergonomie",easy,single_choice,Welche Aussage beschreibt das Thema Ergonomie im Beruf Fachfrau/Fachmann Gesundheit EFZ am besten?,mit gebeugtem Rücken heben im Produktionsalltag,rückenschonend arbeiten und Hilfsmittel einsetzen,Bett auf falscher Höhe lassen bei sachgemässem Ablauf,Hilfsmittel aus Zeitdruck weglassen,B,Ergonomie schützt Mitarbeitende.,"Bildungsplan Fachfrau/Fachmann Gesundheit EFZ, OdASanté/SBFI",https://www.odasante.ch/fileadmin/odasante.ch/docs/Grundbildung/FaGe/FaGe_BiPla.pdf
fage,Fachfrau/Fachmann Gesundheit EFZ,fage_l05,HKB B,L05,"Mobilität, Transfer, Lagerung und Ergonomie",medium,single_choice,Worauf muss man beim Thema Ergonomie in der Praxis besonders achten?,mit gebeugtem Rücken heben im Rahmen der Routine,Bett auf falscher Höhe lassen bei vergleichbaren Aufgaben,rückenschonend arbeiten und Hilfsmittel einsetzen,Hilfsmittel aus Zeitdruck weglassen,C,Ergonomie schützt Mitarbeitende.,"Bildungsplan Fachfrau/Fachmann Gesundheit EFZ, OdASanté/SBFI",https://www.odasante.ch/fileadmin/odasante.ch/docs/Grundbildung/FaGe/FaGe_BiPla.pdf
fage,Fachfrau/Fachmann Gesundheit EFZ,fage_l05,HKB B,L05,"Mobilität, Transfer, Lagerung und Ergonomie",hard,single_choice,Welche Aussage zum Thema Ergonomie ist fachlich korrekt?,mit gebeugtem Rücken heben im normalen Werkstattbetrieb,Bett auf falscher Höhe lassen bei sachgemässer Ausführung,Hilfsmittel aus Zeitdruck weglassen,rückenschonend arbeiten und Hilfsmittel einsetzen,D,Ergonomie schützt Mitarbeitende.,"Bildungsplan Fachfrau/Fachmann Gesundheit EFZ, OdASanté/SBFI",https://www.odasante.ch/fileadmin/odasante.ch/docs/Grundbildung/FaGe/FaGe_BiPla.pdf
fage,Fachfrau/Fachmann Gesundheit EFZ,fage_l05,HKB B,L05,"Mobilität, Transfer, Lagerung und Ergonomie",easy,single_choice,Welche Aussage beschreibt das Thema Rollator im Beruf Fachfrau/Fachmann Gesundheit EFZ am besten?,"Höhe, Bremsen und sichere Anwendung prüfen",Bremsen nicht erklären im konkreten Auftrag,Rollator als Stuhl ohne Bremse nutzen,falsche Höhe akzeptieren im laufenden Tagesgeschäft,A,Hilfsmittel müssen korrekt eingesetzt werden.,"Bildungsplan Fachfrau/Fachmann Gesundheit EFZ, OdASanté/SBFI",https://www.odasante.ch/fileadmin/odasante.ch/docs/Grundbildung/FaGe/FaGe_BiPla.pdf
fage,Fachfrau/Fachmann Gesundheit EFZ,fage_l05,HKB B,L05,"Mobilität, Transfer, Lagerung und Ergonomie",medium,single_choice,Worauf muss man beim Thema Rollator in der Praxis besonders achten?,Bremsen nicht erklären im üblichen Berufsalltag,"Höhe, Bremsen und sichere Anwendung prüfen",Rollator als Stuhl ohne Bremse nutzen,falsche Höhe akzeptieren nach gängiger Praxis,B,Hilfsmittel müssen korrekt eingesetzt werden.,"Bildungsplan Fachfrau/Fachmann Gesundheit EFZ, OdASanté/SBFI",https://www.odasante.ch/fileadmin/odasante.ch/docs/Grundbildung/FaGe/FaGe_BiPla.pdf
fage,Fachfrau/Fachmann Gesundheit EFZ,fage_l05,HKB B,L05,"Mobilität, Transfer, Lagerung und Ergonomie",hard,single_choice,Welche Aussage zum Thema Rollator ist fachlich korrekt?,Bremsen nicht erklären im Werkstattumfeld,Rollator als Stuhl ohne Bremse nutzen,"Höhe, Bremsen und sichere Anwendung prüfen",falsche Höhe akzeptieren im Produktionsalltag,C,Hilfsmittel müssen korrekt eingesetzt werden.,"Bildungsplan Fachfrau/Fachmann Gesundheit EFZ, OdASanté/SBFI",https://www.odasante.ch/fileadmin/odasante.ch/docs/Grundbildung/FaGe/FaGe_BiPla.pdf
fage,Fachfrau/Fachmann Gesundheit EFZ,fage_l05,HKB B,L05,"Mobilität, Transfer, Lagerung und Ergonomie",easy,single_choice,Welche Aussage beschreibt das Thema Rückmeldung bei Mobilität im Beruf Fachfrau/Fachmann Gesundheit EFZ am besten?,Schwindel ignorieren unter typischen Arbeitsbedingungen,Gangbild nie beobachten im Rahmen der Routine,Stürze nicht dokumentieren bei vergleichbaren Aufgaben,"Veränderungen wie Unsicherheit, Schmerz oder Schwindel melden",D,Beobachtungen unterstützen Pflegeplanung.,"Bildungsplan Fachfrau/Fachmann Gesundheit EFZ, OdASanté/SBFI",https://www.odasante.ch/fileadmin/odasante.ch/docs/Grundbildung/FaGe/FaGe_BiPla.pdf
fage,Fachfrau/Fachmann Gesundheit EFZ,fage_l05,HKB B,L05,"Mobilität, Transfer, Lagerung und Ergonomie",medium,single_choice,Worauf muss man beim Thema Rückmeldung bei Mobilität in der Praxis besonders achten?,"Veränderungen wie Unsicherheit, Schmerz oder Schwindel melden",Schwindel ignorieren bei sachgemässem Ablauf,Gangbild nie beobachten im normalen Werkstattbetrieb,Stürze nicht dokumentieren bei sachgemässer Ausführung,A,Beobachtungen unterstützen Pflegeplanung.,"Bildungsplan Fachfrau/Fachmann Gesundheit EFZ, OdASanté/SBFI",https://www.odasante.ch/fileadmin/odasante.ch/docs/Grundbildung/FaGe/FaGe_BiPla.pdf
fage,Fachfrau/Fachmann Gesundheit EFZ,fage_l05,HKB B,L05,"Mobilität, Transfer, Lagerung und Ergonomie",hard,single_choice,Welche Aussage zum Thema Rückmeldung bei Mobilität ist fachlich korrekt?,Schwindel ignorieren bei vergleichbaren Aufgaben,"Veränderungen wie Unsicherheit, Schmerz oder Schwindel melden",Gangbild nie beobachten im konkreten Auftrag im Werkstattumfeld,Stürze nicht dokumentieren im laufenden Tagesgeschäft,B,Beobachtungen unterstützen Pflegeplanung.,"Bildungsplan Fachfrau/Fachmann Gesundheit EFZ, OdASanté/SBFI",https://www.odasante.ch/fileadmin/odasante.ch/docs/Grundbildung/FaGe/FaGe_BiPla.pdf
fage,Fachfrau/Fachmann Gesundheit EFZ,fage_l06,HKB B,L06,"Ausscheidung, Kontinenz und Intimsphäre",easy,single_choice,Welche Aussage beschreibt das Thema Ausscheidungsunterstützung im Beruf Fachfrau/Fachmann Gesundheit EFZ am besten?,Türen offen lassen bei sachgemässer Ausführung,Bedürfnisse ignorieren im üblichen Berufsalltag,"Intimsphäre, Hygiene und Selbstständigkeit wahren",Hilfsmittel ausser Reichweite lagern,C,Ausscheidung ist sensibel und pflegerelevant.,"Bildungsplan Fachfrau/Fachmann Gesundheit EFZ, OdASanté/SBFI",https://www.odasante.ch/fileadmin/odasante.ch/docs/Grundbildung/FaGe/FaGe_BiPla.pdf
fage,Fachfrau/Fachmann Gesundheit EFZ,fage_l06,HKB B,L06,"Ausscheidung, Kontinenz und Intimsphäre",medium,single_choice,Worauf muss man beim Thema Ausscheidungsunterstützung in der Praxis besonders achten?,Türen offen lassen im laufenden Tagesgeschäft,Bedürfnisse ignorieren im Werkstattumfeld,Hilfsmittel ausser Reichweite lagern,"Intimsphäre, Hygiene und Selbstständigkeit wahren",D,Ausscheidung ist sensibel und pflegerelevant.,"Bildungsplan Fachfrau/Fachmann Gesundheit EFZ, OdASanté/SBFI",https://www.odasante.ch/fileadmin/odasante.ch/docs/Grundbildung/FaGe/FaGe_BiPla.pdf
fage,Fachfrau/Fachmann Gesundheit EFZ,fage_l06,HKB B,L06,"Ausscheidung, Kontinenz und Intimsphäre",hard,single_choice,Welche Aussage zum Thema Ausscheidungsunterstützung ist fachlich korrekt?,"Intimsphäre, Hygiene und Selbstständigkeit wahren",Türen offen lassen nach gängiger Praxis,Bedürfnisse ignorieren unter typischen Arbeitsbedingungen,Hilfsmittel ausser Reichweite lagern,A,Ausscheidung ist sensibel und pflegerelevant.,"Bildungsplan Fachfrau/Fachmann Gesundheit EFZ, OdASanté/SBFI",https://www.odasante.ch/fileadmin/odasante.ch/docs/Grundbildung/FaGe/FaGe_BiPla.pdf
fage,Fachfrau/Fachmann Gesundheit EFZ,fage_l06,HKB B,L06,"Ausscheidung, Kontinenz und Intimsphäre",easy,single_choice,Welche Aussage beschreibt das Thema Obstipation im Beruf Fachfrau/Fachmann Gesundheit EFZ am besten?,Stuhlgang nie dokumentieren im normalen Werkstattbetrieb,"Stuhlverhalten, Flüssigkeit, Bewegung und Ernährung beobachten",Beschwerden verharmlosen bei sachgemässem Ablauf,Trinkmenge ignorieren im Produktionsalltag bei sachgemässer Ausführung,B,Obstipation kann durch Pflegebeobachtung früh erkannt werden.,"Bildungsplan Fachfrau/Fachmann Gesundheit EFZ, OdASanté/SBFI",https://www.odasante.ch/fileadmin/odasante.ch/docs/Grundbildung/FaGe/FaGe_BiPla.pdf
fage,Fachfrau/Fachmann Gesundheit EFZ,fage_l06,HKB B,L06,"Ausscheidung, Kontinenz und Intimsphäre",medium,single_choice,Worauf muss man beim Thema Obstipation in der Praxis besonders achten?,Stuhlgang nie dokumentieren im konkreten Auftrag,Beschwerden verharmlosen bei vergleichbaren Aufgaben,"Stuhlverhalten, Flüssigkeit, Bewegung und Ernährung beobachten",Trinkmenge ignorieren im Rahmen der Routine im laufenden Tagesgeschäft,C,Obstipation kann durch Pflegebeobachtung früh erkannt werden.,"Bildungsplan Fachfrau/Fachmann Gesundheit EFZ, OdASanté/SBFI",https://www.odasante.ch/fileadmin/odasante.ch/docs/Grundbildung/FaGe/FaGe_BiPla.pdf
fage,Fachfrau/Fachmann Gesundheit EFZ,fage_l06,HKB B,L06,"Ausscheidung, Kontinenz und Intimsphäre",hard,single_choice,Welche Aussage zum Thema Obstipation ist fachlich korrekt?,Stuhlgang nie dokumentieren im üblichen Berufsalltag,Beschwerden verharmlosen bei sachgemässer Ausführung,Trinkmenge ignorieren im normalen Werkstattbetrieb,"Stuhlverhalten, Flüssigkeit, Bewegung und Ernährung beobachten",D,Obstipation kann durch Pflegebeobachtung früh erkannt werden.,"Bildungsplan Fachfrau/Fachmann Gesundheit EFZ, OdASanté/SBFI",https://www.odasante.ch/fileadmin/odasante.ch/docs/Grundbildung/FaGe/FaGe_BiPla.pdf
fage,Fachfrau/Fachmann Gesundheit EFZ,fage_l06,HKB B,L06,"Ausscheidung, Kontinenz und Intimsphäre",easy,single_choice,Welche Aussage beschreibt das Thema Diarrhö im Beruf Fachfrau/Fachmann Gesundheit EFZ am besten?,"Flüssigkeitsverlust, Hautschutz und Hygiene beachten",Handhygiene vernachlässigen im laufenden Tagesgeschäft,Ausscheidung nicht melden im konkreten Auftrag,Exsikkosezeichen ignorieren im Werkstattumfeld,A,Durchfall erhöht Risiko für Flüssigkeitsverlust und Infektion.,"Bildungsplan Fachfrau/Fachmann Gesundheit EFZ, OdASanté/SBFI",https://www.odasante.ch/fileadmin/odasante.ch/docs/Grundbildung/FaGe/FaGe_BiPla.pdf
fage,Fachfrau/Fachmann Gesundheit EFZ,fage_l06,HKB B,L06,"Ausscheidung, Kontinenz und Intimsphäre",medium,single_choice,Worauf muss man beim Thema Diarrhö in der Praxis besonders achten?,Handhygiene vernachlässigen nach gängiger Praxis,"Flüssigkeitsverlust, Hautschutz und Hygiene beachten",Ausscheidung nicht melden im üblichen Berufsalltag,Exsikkosezeichen ignorieren unter typischen Arbeitsbedingungen,B,Durchfall erhöht Risiko für Flüssigkeitsverlust und Infektion.,"Bildungsplan Fachfrau/Fachmann Gesundheit EFZ, OdASanté/SBFI",https://www.odasante.ch/fileadmin/odasante.ch/docs/Grundbildung/FaGe/FaGe_BiPla.pdf
fage,Fachfrau/Fachmann Gesundheit EFZ,fage_l06,HKB B,L06,"Ausscheidung, Kontinenz und Intimsphäre",hard,single_choice,Welche Aussage zum Thema Diarrhö ist fachlich korrekt?,Handhygiene vernachlässigen im Produktionsalltag,Ausscheidung nicht melden im Werkstattumfeld,"Flüssigkeitsverlust, Hautschutz und Hygiene beachten",Exsikkosezeichen ignorieren bei sachgemässem Ablauf,C,Durchfall erhöht Risiko für Flüssigkeitsverlust und Infektion.,"Bildungsplan Fachfrau/Fachmann Gesundheit EFZ, OdASanté/SBFI",https://www.odasante.ch/fileadmin/odasante.ch/docs/Grundbildung/FaGe/FaGe_BiPla.pdf
fage,Fachfrau/Fachmann Gesundheit EFZ,fage_l06,HKB B,L06,"Ausscheidung, Kontinenz und Intimsphäre",easy,single_choice,Welche Aussage beschreibt das Thema Inkontinenzmaterial im Beruf Fachfrau/Fachmann Gesundheit EFZ am besten?,zu grosse Vorlagen immer wählen bei vergleichbaren Aufgaben,Hautzustand ignorieren unter typischen Arbeitsbedingungen,Material selten wechseln im Rahmen der Routine,"Material passend zu Bedarf, Hautschutz und Würde einsetzen",D,Falsches Material kann Hautschäden und Unwohlsein fördern.,"Bildungsplan Fachfrau/Fachmann Gesundheit EFZ, OdASanté/SBFI",https://www.odasante.ch/fileadmin/odasante.ch/docs/Grundbildung/FaGe/FaGe_BiPla.pdf
fage,Fachfrau/Fachmann Gesundheit EFZ,fage_l06,HKB B,L06,"Ausscheidung, Kontinenz und Intimsphäre",medium,single_choice,Worauf muss man beim Thema Inkontinenzmaterial in der Praxis besonders achten?,"Material passend zu Bedarf, Hautschutz und Würde einsetzen",zu grosse Vorlagen immer wählen bei sachgemässer Ausführung,Hautzustand ignorieren bei sachgemässem Ablauf,Material selten wechseln im normalen Werkstattbetrieb,A,Falsches Material kann Hautschäden und Unwohlsein fördern.,"Bildungsplan Fachfrau/Fachmann Gesundheit EFZ, OdASanté/SBFI",https://www.odasante.ch/fileadmin/odasante.ch/docs/Grundbildung/FaGe/FaGe_BiPla.pdf
fage,Fachfrau/Fachmann Gesundheit EFZ,fage_l06,HKB B,L06,"Ausscheidung, Kontinenz und Intimsphäre",hard,single_choice,Welche Aussage zum Thema Inkontinenzmaterial ist fachlich korrekt?,zu grosse Vorlagen immer wählen im laufenden Tagesgeschäft,"Material passend zu Bedarf, Hautschutz und Würde einsetzen",Hautzustand ignorieren bei vergleichbaren Aufgaben,Material selten wechseln im konkreten Auftrag,B,Falsches Material kann Hautschäden und Unwohlsein fördern.,"Bildungsplan Fachfrau/Fachmann Gesundheit EFZ, OdASanté/SBFI",https://www.odasante.ch/fileadmin/odasante.ch/docs/Grundbildung/FaGe/FaGe_BiPla.pdf
fage,Fachfrau/Fachmann Gesundheit EFZ,fage_l06,HKB B,L06,"Ausscheidung, Kontinenz und Intimsphäre",easy,single_choice,Welche Aussage beschreibt das Thema Urinbeobachtung im Beruf Fachfrau/Fachmann Gesundheit EFZ am besten?,Blut im Urin ignorieren im üblichen Berufsalltag,Menge nie erfassen bei sachgemässer Ausführung,"Farbe, Menge, Geruch und Auffälligkeiten beobachten und melden",Trübung als normal abtun nach gängiger Praxis unter typischen Arbeitsbedingungen,C,Urinveränderungen können wichtige Hinweise geben.,"Bildungsplan Fachfrau/Fachmann Gesundheit EFZ, OdASanté/SBFI",https://www.odasante.ch/fileadmin/odasante.ch/docs/Grundbildung/FaGe/FaGe_BiPla.pdf
fage,Fachfrau/Fachmann Gesundheit EFZ,fage_l06,HKB B,L06,"Ausscheidung, Kontinenz und Intimsphäre",medium,single_choice,Worauf muss man beim Thema Urinbeobachtung in der Praxis besonders achten?,Blut im Urin ignorieren im Werkstattumfeld bei sachgemässem Ablauf,Menge nie erfassen im laufenden Tagesgeschäft,Trübung als normal abtun im Produktionsalltag,"Farbe, Menge, Geruch und Auffälligkeiten beobachten und melden",D,Urinveränderungen können wichtige Hinweise geben.,"Bildungsplan Fachfrau/Fachmann Gesundheit EFZ, OdASanté/SBFI",https://www.odasante.ch/fileadmin/odasante.ch/docs/Grundbildung/FaGe/FaGe_BiPla.pdf
fage,Fachfrau/Fachmann Gesundheit EFZ,fage_l06,HKB B,L06,"Ausscheidung, Kontinenz und Intimsphäre",hard,single_choice,Welche Aussage zum Thema Urinbeobachtung ist fachlich korrekt?,"Farbe, Menge, Geruch und Auffälligkeiten beobachten und melden",Blut im Urin ignorieren unter typischen Arbeitsbedingungen,Menge nie erfassen nach gängiger Praxis bei vergleichbaren Aufgaben,Trübung als normal abtun im Rahmen der Routine,A,Urinveränderungen können wichtige Hinweise geben.,"Bildungsplan Fachfrau/Fachmann Gesundheit EFZ, OdASanté/SBFI",https://www.odasante.ch/fileadmin/odasante.ch/docs/Grundbildung/FaGe/FaGe_BiPla.pdf
fage,Fachfrau/Fachmann Gesundheit EFZ,fage_l06,HKB B,L06,"Ausscheidung, Kontinenz und Intimsphäre",easy,single_choice,Welche Aussage beschreibt das Thema Katheterpflege im Beruf Fachfrau/Fachmann Gesundheit EFZ am besten?,Beutel über Blasenniveau hängen im normalen Werkstattbetrieb,"Hygiene, Zugfreiheit, geschlossenen Ablauf und Beobachtung beachten",System unnötig öffnen im Produktionsalltag bei sachgemässer Ausführung,Zug am Katheter belassen bei sachgemässem Ablauf,B,Katheter erhöhen Infektionsrisiko und brauchen Standards.,"Bildungsplan Fachfrau/Fachmann Gesundheit EFZ, OdASanté/SBFI",https://www.odasante.ch/fileadmin/odasante.ch/docs/Grundbildung/FaGe/FaGe_BiPla.pdf
fage,Fachfrau/Fachmann Gesundheit EFZ,fage_l06,HKB B,L06,"Ausscheidung, Kontinenz und Intimsphäre",medium,single_choice,Worauf muss man beim Thema Katheterpflege in der Praxis besonders achten?,Beutel über Blasenniveau hängen im konkreten Auftrag,System unnötig öffnen im Rahmen der Routine im laufenden Tagesgeschäft,"Hygiene, Zugfreiheit, geschlossenen Ablauf und Beobachtung beachten",Zug am Katheter belassen bei vergleichbaren Aufgaben,C,Katheter erhöhen Infektionsrisiko und brauchen Standards.,"Bildungsplan Fachfrau/Fachmann Gesundheit EFZ, OdASanté/SBFI",https://www.odasante.ch/fileadmin/odasante.ch/docs/Grundbildung/FaGe/FaGe_BiPla.pdf
fage,Fachfrau/Fachmann Gesundheit EFZ,fage_l06,HKB B,L06,"Ausscheidung, Kontinenz und Intimsphäre",hard,single_choice,Welche Aussage zum Thema Katheterpflege ist fachlich korrekt?,Beutel über Blasenniveau hängen im üblichen Berufsalltag,System unnötig öffnen im normalen Werkstattbetrieb nach gängiger Praxis,Zug am Katheter belassen bei sachgemässer Ausführung,"Hygiene, Zugfreiheit, geschlossenen Ablauf und Beobachtung beachten",D,Katheter erhöhen Infektionsrisiko und brauchen Standards.,"Bildungsplan Fachfrau/Fachmann Gesundheit EFZ, OdASanté/SBFI",https://www.odasante.ch/fileadmin/odasante.ch/docs/Grundbildung/FaGe/FaGe_BiPla.pdf
fage,Fachfrau/Fachmann Gesundheit EFZ,fage_l06,HKB B,L06,"Ausscheidung, Kontinenz und Intimsphäre",easy,single_choice,Welche Aussage beschreibt das Thema Harnwegsinfekt im Beruf Fachfrau/Fachmann Gesundheit EFZ am besten?,"Brennen, Fieber, Verwirrtheit oder veränderten Urin ernst nehmen",Symptome verschweigen im laufenden Tagesgeschäft,Trinken grundsätzlich reduzieren im Werkstattumfeld,Hygiene ignorieren im konkreten Auftrag im Produktionsalltag,A,Harnwegsinfekte können besonders ältere Menschen stark beeinträchtigen.,"Bildungsplan Fachfrau/Fachmann Gesundheit EFZ, OdASanté/SBFI",https://www.odasante.ch/fileadmin/odasante.ch/docs/Grundbildung/FaGe/FaGe_BiPla.pdf
fage,Fachfrau/Fachmann Gesundheit EFZ,fage_l06,HKB B,L06,"Ausscheidung, Kontinenz und Intimsphäre",medium,single_choice,Worauf muss man beim Thema Harnwegsinfekt in der Praxis besonders achten?,Symptome verschweigen nach gängiger Praxis im Rahmen der Routine,"Brennen, Fieber, Verwirrtheit oder veränderten Urin ernst nehmen",Trinken grundsätzlich reduzieren unter typischen Arbeitsbedingungen,Hygiene ignorieren im üblichen Berufsalltag bei vergleichbaren Aufgaben,B,Harnwegsinfekte können besonders ältere Menschen stark beeinträchtigen.,"Bildungsplan Fachfrau/Fachmann Gesundheit EFZ, OdASanté/SBFI",https://www.odasante.ch/fileadmin/odasante.ch/docs/Grundbildung/FaGe/FaGe_BiPla.pdf
fage,Fachfrau/Fachmann Gesundheit EFZ,fage_l06,HKB B,L06,"Ausscheidung, Kontinenz und Intimsphäre",hard,single_choice,Welche Aussage zum Thema Harnwegsinfekt ist fachlich korrekt?,Symptome verschweigen im Produktionsalltag bei sachgemässer Ausführung,Trinken grundsätzlich reduzieren bei sachgemässem Ablauf,"Brennen, Fieber, Verwirrtheit oder veränderten Urin ernst nehmen",Hygiene ignorieren im Werkstattumfeld im normalen Werkstattbetrieb,C,Harnwegsinfekte können besonders ältere Menschen stark beeinträchtigen.,"Bildungsplan Fachfrau/Fachmann Gesundheit EFZ, OdASanté/SBFI",https://www.odasante.ch/fileadmin/odasante.ch/docs/Grundbildung/FaGe/FaGe_BiPla.pdf
fage,Fachfrau/Fachmann Gesundheit EFZ,fage_l06,HKB B,L06,"Ausscheidung, Kontinenz und Intimsphäre",easy,single_choice,Welche Aussage beschreibt das Thema Intimsphäre bei Ausscheidung im Beruf Fachfrau/Fachmann Gesundheit EFZ am besten?,vor anderen kommentieren bei vergleichbaren Aufgaben,ohne Ankündigung helfen im Rahmen der Routine,Klingel weglegen unter typischen Arbeitsbedingungen,diskret unterstützen und Schamgefühl respektieren,D,Würde und Privatsphäre sind zentral.,"Bildungsplan Fachfrau/Fachmann Gesundheit EFZ, OdASanté/SBFI",https://www.odasante.ch/fileadmin/odasante.ch/docs/Grundbildung/FaGe/FaGe_BiPla.pdf
fage,Fachfrau/Fachmann Gesundheit EFZ,fage_l06,HKB B,L06,"Ausscheidung, Kontinenz und Intimsphäre",medium,single_choice,Worauf muss man beim Thema Intimsphäre bei Ausscheidung in der Praxis besonders achten?,diskret unterstützen und Schamgefühl respektieren,vor anderen kommentieren bei sachgemässer Ausführung,ohne Ankündigung helfen im normalen Werkstattbetrieb,Klingel weglegen bei sachgemässem Ablauf,A,Würde und Privatsphäre sind zentral.,"Bildungsplan Fachfrau/Fachmann Gesundheit EFZ, OdASanté/SBFI",https://www.odasante.ch/fileadmin/odasante.ch/docs/Grundbildung/FaGe/FaGe_BiPla.pdf
fage,Fachfrau/Fachmann Gesundheit EFZ,fage_l06,HKB B,L06,"Ausscheidung, Kontinenz und Intimsphäre",hard,single_choice,Welche Aussage zum Thema Intimsphäre bei Ausscheidung ist fachlich korrekt?,vor anderen kommentieren im laufenden Tagesgeschäft,diskret unterstützen und Schamgefühl respektieren,ohne Ankündigung helfen im konkreten Auftrag,Klingel weglegen bei vergleichbaren Aufgaben,B,Würde und Privatsphäre sind zentral.,"Bildungsplan Fachfrau/Fachmann Gesundheit EFZ, OdASanté/SBFI",https://www.odasante.ch/fileadmin/odasante.ch/docs/Grundbildung/FaGe/FaGe_BiPla.pdf
fage,Fachfrau/Fachmann Gesundheit EFZ,fage_l06,HKB B,L06,"Ausscheidung, Kontinenz und Intimsphäre",easy,single_choice,Welche Aussage beschreibt das Thema Stuhlbeobachtung im Beruf Fachfrau/Fachmann Gesundheit EFZ am besten?,Teerstuhl ignorieren bei sachgemässer Ausführung,nur nach Geruch beurteilen im üblichen Berufsalltag,"Konsistenz, Häufigkeit, Farbe und Beimengungen erfassen",Veränderungen nicht melden nach gängiger Praxis,C,Stuhlbeobachtung unterstützt Gesundheitsüberwachung.,"Bildungsplan Fachfrau/Fachmann Gesundheit EFZ, OdASanté/SBFI",https://www.odasante.ch/fileadmin/odasante.ch/docs/Grundbildung/FaGe/FaGe_BiPla.pdf
fage,Fachfrau/Fachmann Gesundheit EFZ,fage_l06,HKB B,L06,"Ausscheidung, Kontinenz und Intimsphäre",medium,single_choice,Worauf muss man beim Thema Stuhlbeobachtung in der Praxis besonders achten?,Teerstuhl ignorieren im laufenden Tagesgeschäft,nur nach Geruch beurteilen im Werkstattumfeld,Veränderungen nicht melden im Produktionsalltag,"Konsistenz, Häufigkeit, Farbe und Beimengungen erfassen",D,Stuhlbeobachtung unterstützt Gesundheitsüberwachung.,"Bildungsplan Fachfrau/Fachmann Gesundheit EFZ, OdASanté/SBFI",https://www.odasante.ch/fileadmin/odasante.ch/docs/Grundbildung/FaGe/FaGe_BiPla.pdf
fage,Fachfrau/Fachmann Gesundheit EFZ,fage_l06,HKB B,L06,"Ausscheidung, Kontinenz und Intimsphäre",hard,single_choice,Welche Aussage zum Thema Stuhlbeobachtung ist fachlich korrekt?,"Konsistenz, Häufigkeit, Farbe und Beimengungen erfassen",Teerstuhl ignorieren nach gängiger Praxis,nur nach Geruch beurteilen unter typischen Arbeitsbedingungen,Veränderungen nicht melden im Rahmen der Routine,A,Stuhlbeobachtung unterstützt Gesundheitsüberwachung.,"Bildungsplan Fachfrau/Fachmann Gesundheit EFZ, OdASanté/SBFI",https://www.odasante.ch/fileadmin/odasante.ch/docs/Grundbildung/FaGe/FaGe_BiPla.pdf
fage,Fachfrau/Fachmann Gesundheit EFZ,fage_l06,HKB B,L06,"Ausscheidung, Kontinenz und Intimsphäre",easy,single_choice,Welche Aussage beschreibt das Thema Bilanzierung von Ausscheidung im Beruf Fachfrau/Fachmann Gesundheit EFZ am besten?,Mengen schätzen im Produktionsalltag,Ein- und Ausfuhr nach Vorgabe genau erfassen,Zeiten weglassen bei sachgemässem Ablauf,Erbrechen nicht eintragen im normalen Werkstattbetrieb,B,Exakte Bilanzierung ist für medizinische Entscheidungen relevant.,"Bildungsplan Fachfrau/Fachmann Gesundheit EFZ, OdASanté/SBFI",https://www.odasante.ch/fileadmin/odasante.ch/docs/Grundbildung/FaGe/FaGe_BiPla.pdf
fage,Fachfrau/Fachmann Gesundheit EFZ,fage_l06,HKB B,L06,"Ausscheidung, Kontinenz und Intimsphäre",medium,single_choice,Worauf muss man beim Thema Bilanzierung von Ausscheidung in der Praxis besonders achten?,Mengen schätzen im Rahmen der Routine,Zeiten weglassen bei vergleichbaren Aufgaben,Ein- und Ausfuhr nach Vorgabe genau erfassen,Erbrechen nicht eintragen im konkreten Auftrag,C,Exakte Bilanzierung ist für medizinische Entscheidungen relevant.,"Bildungsplan Fachfrau/Fachmann Gesundheit EFZ, OdASanté/SBFI",https://www.odasante.ch/fileadmin/odasante.ch/docs/Grundbildung/FaGe/FaGe_BiPla.pdf
fage,Fachfrau/Fachmann Gesundheit EFZ,fage_l06,HKB B,L06,"Ausscheidung, Kontinenz und Intimsphäre",hard,single_choice,Welche Aussage zum Thema Bilanzierung von Ausscheidung ist fachlich korrekt?,Mengen schätzen im normalen Werkstattbetrieb,Zeiten weglassen bei sachgemässer Ausführung,Erbrechen nicht eintragen im üblichen Berufsalltag,Ein- und Ausfuhr nach Vorgabe genau erfassen,D,Exakte Bilanzierung ist für medizinische Entscheidungen relevant.,"Bildungsplan Fachfrau/Fachmann Gesundheit EFZ, OdASanté/SBFI",https://www.odasante.ch/fileadmin/odasante.ch/docs/Grundbildung/FaGe/FaGe_BiPla.pdf
fage,Fachfrau/Fachmann Gesundheit EFZ,fage_l07,HKB B,L07,"Atmung, Inhalation und Sauerstoff",easy,single_choice,Welche Aussage beschreibt das Thema Atembeobachtung im Beruf Fachfrau/Fachmann Gesundheit EFZ am besten?,"Frequenz, Tiefe, Rhythmus, Geräusche und Atemnot beobachten",Atemnot verharmlosen im konkreten Auftrag im Produktionsalltag,nur Hautfarbe beachten im laufenden Tagesgeschäft,Veränderungen nicht melden im Werkstattumfeld,A,Atmung ist ein lebenswichtiger Beobachtungsbereich.,"Bildungsplan Fachfrau/Fachmann Gesundheit EFZ, OdASanté/SBFI",https://www.odasante.ch/fileadmin/odasante.ch/docs/Grundbildung/FaGe/FaGe_BiPla.pdf
fage,Fachfrau/Fachmann Gesundheit EFZ,fage_l07,HKB B,L07,"Atmung, Inhalation und Sauerstoff",medium,single_choice,Worauf muss man beim Thema Atembeobachtung in der Praxis besonders achten?,Atemnot verharmlosen im üblichen Berufsalltag,"Frequenz, Tiefe, Rhythmus, Geräusche und Atemnot beobachten",nur Hautfarbe beachten nach gängiger Praxis,Veränderungen nicht melden unter typischen Arbeitsbedingungen,B,Atmung ist ein lebenswichtiger Beobachtungsbereich.,"Bildungsplan Fachfrau/Fachmann Gesundheit EFZ, OdASanté/SBFI",https://www.odasante.ch/fileadmin/odasante.ch/docs/Grundbildung/FaGe/FaGe_BiPla.pdf
fage,Fachfrau/Fachmann Gesundheit EFZ,fage_l07,HKB B,L07,"Atmung, Inhalation und Sauerstoff",hard,single_choice,Welche Aussage zum Thema Atembeobachtung ist fachlich korrekt?,Atemnot verharmlosen im Werkstattumfeld im normalen Werkstattbetrieb,nur Hautfarbe beachten im Produktionsalltag,"Frequenz, Tiefe, Rhythmus, Geräusche und Atemnot beobachten",Veränderungen nicht melden bei sachgemässem Ablauf,C,Atmung ist ein lebenswichtiger Beobachtungsbereich.,"Bildungsplan Fachfrau/Fachmann Gesundheit EFZ, OdASanté/SBFI",https://www.odasante.ch/fileadmin/odasante.ch/docs/Grundbildung/FaGe/FaGe_BiPla.pdf
fage,Fachfrau/Fachmann Gesundheit EFZ,fage_l07,HKB B,L07,"Atmung, Inhalation und Sauerstoff",easy,single_choice,Welche Aussage beschreibt das Thema Pneumonieprophylaxe im Beruf Fachfrau/Fachmann Gesundheit EFZ am besten?,flache Atmung fördern im Rahmen der Routine im konkreten Auftrag,Lagerung nie ändern unter typischen Arbeitsbedingungen,Sekretstau ignorieren bei vergleichbaren Aufgaben,"Mobilisation, Atemübungen und ausreichende Flüssigkeit unterstützen",D,Pneumonieprophylaxe ist besonders bei Immobilität wichtig.,"Bildungsplan Fachfrau/Fachmann Gesundheit EFZ, OdASanté/SBFI",https://www.odasante.ch/fileadmin/odasante.ch/docs/Grundbildung/FaGe/FaGe_BiPla.pdf
fage,Fachfrau/Fachmann Gesundheit EFZ,fage_l07,HKB B,L07,"Atmung, Inhalation und Sauerstoff",medium,single_choice,Worauf muss man beim Thema Pneumonieprophylaxe in der Praxis besonders achten?,"Mobilisation, Atemübungen und ausreichende Flüssigkeit unterstützen",flache Atmung fördern im normalen Werkstattbetrieb,Lagerung nie ändern bei sachgemässem Ablauf im üblichen Berufsalltag,Sekretstau ignorieren bei sachgemässer Ausführung,A,Pneumonieprophylaxe ist besonders bei Immobilität wichtig.,"Bildungsplan Fachfrau/Fachmann Gesundheit EFZ, OdASanté/SBFI",https://www.odasante.ch/fileadmin/odasante.ch/docs/Grundbildung/FaGe/FaGe_BiPla.pdf
fage,Fachfrau/Fachmann Gesundheit EFZ,fage_l07,HKB B,L07,"Atmung, Inhalation und Sauerstoff",hard,single_choice,Welche Aussage zum Thema Pneumonieprophylaxe ist fachlich korrekt?,flache Atmung fördern im konkreten Auftrag im Werkstattumfeld,"Mobilisation, Atemübungen und ausreichende Flüssigkeit unterstützen",Lagerung nie ändern bei vergleichbaren Aufgaben im Produktionsalltag,Sekretstau ignorieren im laufenden Tagesgeschäft,B,Pneumonieprophylaxe ist besonders bei Immobilität wichtig.,"Bildungsplan Fachfrau/Fachmann Gesundheit EFZ, OdASanté/SBFI",https://www.odasante.ch/fileadmin/odasante.ch/docs/Grundbildung/FaGe/FaGe_BiPla.pdf
fage,Fachfrau/Fachmann Gesundheit EFZ,fage_l07,HKB B,L07,"Atmung, Inhalation und Sauerstoff",easy,single_choice,Welche Aussage beschreibt das Thema Inhalation im Beruf Fachfrau/Fachmann Gesundheit EFZ am besten?,Geräte ungereinigt weitergeben nach gängiger Praxis,Dosis verändern bei sachgemässer Ausführung unter typischen Arbeitsbedingungen,"Medikament, Gerät, Hygiene und Atemtechnik nach Vorgabe beachten",Anwendung nicht erklären im üblichen Berufsalltag,C,Inhalationen wirken nur bei korrekter Anwendung sicher.,"Bildungsplan Fachfrau/Fachmann Gesundheit EFZ, OdASanté/SBFI",https://www.odasante.ch/fileadmin/odasante.ch/docs/Grundbildung/FaGe/FaGe_BiPla.pdf
fage,Fachfrau/Fachmann Gesundheit EFZ,fage_l07,HKB B,L07,"Atmung, Inhalation und Sauerstoff",medium,single_choice,Worauf muss man beim Thema Inhalation in der Praxis besonders achten?,Geräte ungereinigt weitergeben im Produktionsalltag,Dosis verändern im laufenden Tagesgeschäft bei sachgemässem Ablauf,Anwendung nicht erklären im Werkstattumfeld im normalen Werkstattbetrieb,"Medikament, Gerät, Hygiene und Atemtechnik nach Vorgabe beachten",D,Inhalationen wirken nur bei korrekter Anwendung sicher.,"Bildungsplan Fachfrau/Fachmann Gesundheit EFZ, OdASanté/SBFI",https://www.odasante.ch/fileadmin/odasante.ch/docs/Grundbildung/FaGe/FaGe_BiPla.pdf
fage,Fachfrau/Fachmann Gesundheit EFZ,fage_l07,HKB B,L07,"Atmung, Inhalation und Sauerstoff",hard,single_choice,Welche Aussage zum Thema Inhalation ist fachlich korrekt?,"Medikament, Gerät, Hygiene und Atemtechnik nach Vorgabe beachten",Geräte ungereinigt weitergeben im Rahmen der Routine,Dosis verändern nach gängiger Praxis bei vergleichbaren Aufgaben,Anwendung nicht erklären unter typischen Arbeitsbedingungen,A,Inhalationen wirken nur bei korrekter Anwendung sicher.,"Bildungsplan Fachfrau/Fachmann Gesundheit EFZ, OdASanté/SBFI",https://www.odasante.ch/fileadmin/odasante.ch/docs/Grundbildung/FaGe/FaGe_BiPla.pdf
fage,Fachfrau/Fachmann Gesundheit EFZ,fage_l07,HKB B,L07,"Atmung, Inhalation und Sauerstoff",easy,single_choice,Welche Aussage beschreibt das Thema Sauerstofftherapie im Beruf Fachfrau/Fachmann Gesundheit EFZ am besten?,Flussrate eigenmächtig ändern im normalen Werkstattbetrieb,"Anordnung, Flussrate, Sicherheit und Hautschutz beachten",Rauchen erlauben im Produktionsalltag bei sachgemässer Ausführung,Druckstellen ignorieren bei sachgemässem Ablauf,B,Sauerstoff ist ein Arzneimittel und brandfördernd.,"Bildungsplan Fachfrau/Fachmann Gesundheit EFZ, OdASanté/SBFI",https://www.odasante.ch/fileadmin/odasante.ch/docs/Grundbildung/FaGe/FaGe_BiPla.pdf
fage,Fachfrau/Fachmann Gesundheit EFZ,fage_l07,HKB B,L07,"Atmung, Inhalation und Sauerstoff",medium,single_choice,Worauf muss man beim Thema Sauerstofftherapie in der Praxis besonders achten?,Flussrate eigenmächtig ändern im konkreten Auftrag,Rauchen erlauben im Rahmen der Routine im laufenden Tagesgeschäft,"Anordnung, Flussrate, Sicherheit und Hautschutz beachten",Druckstellen ignorieren bei vergleichbaren Aufgaben,C,Sauerstoff ist ein Arzneimittel und brandfördernd.,"Bildungsplan Fachfrau/Fachmann Gesundheit EFZ, OdASanté/SBFI",https://www.odasante.ch/fileadmin/odasante.ch/docs/Grundbildung/FaGe/FaGe_BiPla.pdf
fage,Fachfrau/Fachmann Gesundheit EFZ,fage_l07,HKB B,L07,"Atmung, Inhalation und Sauerstoff",hard,single_choice,Welche Aussage zum Thema Sauerstofftherapie ist fachlich korrekt?,Flussrate eigenmächtig ändern im üblichen Berufsalltag,Rauchen erlauben im normalen Werkstattbetrieb,Druckstellen ignorieren bei sachgemässer Ausführung,"Anordnung, Flussrate, Sicherheit und Hautschutz beachten",D,Sauerstoff ist ein Arzneimittel und brandfördernd.,"Bildungsplan Fachfrau/Fachmann Gesundheit EFZ, OdASanté/SBFI",https://www.odasante.ch/fileadmin/odasante.ch/docs/Grundbildung/FaGe/FaGe_BiPla.pdf
fage,Fachfrau/Fachmann Gesundheit EFZ,fage_l07,HKB B,L07,"Atmung, Inhalation und Sauerstoff",easy,single_choice,Welche Aussage beschreibt das Thema Dyspnoe im Beruf Fachfrau/Fachmann Gesundheit EFZ am besten?,"Atemnot ernst nehmen, beruhigen, Lagerung anpassen und Hilfe holen",Person allein lassen im laufenden Tagesgeschäft,Panik verstärken im konkreten Auftrag im Produktionsalltag,Notfallzeichen ignorieren im Werkstattumfeld bei sachgemässem Ablauf,A,Dyspnoe kann ein Notfall sein.,"Bildungsplan Fachfrau/Fachmann Gesundheit EFZ, OdASanté/SBFI",https://www.odasante.ch/fileadmin/odasante.ch/docs/Grundbildung/FaGe/FaGe_BiPla.pdf
fage,Fachfrau/Fachmann Gesundheit EFZ,fage_l07,HKB B,L07,"Atmung, Inhalation und Sauerstoff",medium,single_choice,Worauf muss man beim Thema Dyspnoe in der Praxis besonders achten?,Person allein lassen nach gängiger Praxis im Rahmen der Routine,"Atemnot ernst nehmen, beruhigen, Lagerung anpassen und Hilfe holen",Panik verstärken im üblichen Berufsalltag bei vergleichbaren Aufgaben,Notfallzeichen ignorieren unter typischen Arbeitsbedingungen,B,Dyspnoe kann ein Notfall sein.,"Bildungsplan Fachfrau/Fachmann Gesundheit EFZ, OdASanté/SBFI",https://www.odasante.ch/fileadmin/odasante.ch/docs/Grundbildung/FaGe/FaGe_BiPla.pdf
fage,Fachfrau/Fachmann Gesundheit EFZ,fage_l07,HKB B,L07,"Atmung, Inhalation und Sauerstoff",hard,single_choice,Welche Aussage zum Thema Dyspnoe ist fachlich korrekt?,Person allein lassen im Produktionsalltag bei sachgemässer Ausführung,Panik verstärken im Werkstattumfeld im normalen Werkstattbetrieb,"Atemnot ernst nehmen, beruhigen, Lagerung anpassen und Hilfe holen",Notfallzeichen ignorieren bei sachgemässem Ablauf,C,Dyspnoe kann ein Notfall sein.,"Bildungsplan Fachfrau/Fachmann Gesundheit EFZ, OdASanté/SBFI",https://www.odasante.ch/fileadmin/odasante.ch/docs/Grundbildung/FaGe/FaGe_BiPla.pdf
fage,Fachfrau/Fachmann Gesundheit EFZ,fage_l07,HKB B,L07,"Atmung, Inhalation und Sauerstoff",easy,single_choice,Welche Aussage beschreibt das Thema Atemerleichternde Position im Beruf Fachfrau/Fachmann Gesundheit EFZ am besten?,flach lagern trotz Atemnot bei vergleichbaren Aufgaben,enge Kleidung belassen unter typischen Arbeitsbedingungen,Hilfsmittel verweigern im Rahmen der Routine im konkreten Auftrag,Oberkörperhochlagerung oder Kutschersitz situationsgerecht unterstützen,D,Positionierung kann Atemarbeit reduzieren.,"Bildungsplan Fachfrau/Fachmann Gesundheit EFZ, OdASanté/SBFI",https://www.odasante.ch/fileadmin/odasante.ch/docs/Grundbildung/FaGe/FaGe_BiPla.pdf
fage,Fachfrau/Fachmann Gesundheit EFZ,fage_l07,HKB B,L07,"Atmung, Inhalation und Sauerstoff",medium,single_choice,Worauf muss man beim Thema Atemerleichternde Position in der Praxis besonders achten?,Oberkörperhochlagerung oder Kutschersitz situationsgerecht unterstützen,flach lagern trotz Atemnot bei sachgemässer Ausführung,enge Kleidung belassen bei sachgemässem Ablauf im üblichen Berufsalltag,Hilfsmittel verweigern im normalen Werkstattbetrieb,A,Positionierung kann Atemarbeit reduzieren.,"Bildungsplan Fachfrau/Fachmann Gesundheit EFZ, OdASanté/SBFI",https://www.odasante.ch/fileadmin/odasante.ch/docs/Grundbildung/FaGe/FaGe_BiPla.pdf
fage,Fachfrau/Fachmann Gesundheit EFZ,fage_l07,HKB B,L07,"Atmung, Inhalation und Sauerstoff",hard,single_choice,Welche Aussage zum Thema Atemerleichternde Position ist fachlich korrekt?,flach lagern trotz Atemnot im laufenden Tagesgeschäft,Oberkörperhochlagerung oder Kutschersitz situationsgerecht unterstützen,enge Kleidung belassen bei vergleichbaren Aufgaben im Produktionsalltag,Hilfsmittel verweigern im konkreten Auftrag im Werkstattumfeld,B,Positionierung kann Atemarbeit reduzieren.,"Bildungsplan Fachfrau/Fachmann Gesundheit EFZ, OdASanté/SBFI",https://www.odasante.ch/fileadmin/odasante.ch/docs/Grundbildung/FaGe/FaGe_BiPla.pdf
fage,Fachfrau/Fachmann Gesundheit EFZ,fage_l07,HKB B,L07,"Atmung, Inhalation und Sauerstoff",easy,single_choice,Welche Aussage beschreibt das Thema Sekretbeobachtung im Beruf Fachfrau/Fachmann Gesundheit EFZ am besten?,blutiges Sekret ignorieren nach gängiger Praxis,Husten unterdrücken bei sachgemässer Ausführung,"Menge, Farbe, Konsistenz und Geruch beobachten",keine Hygiene beachten im üblichen Berufsalltag,C,Sekretveränderungen können auf Infektionen hinweisen.,"Bildungsplan Fachfrau/Fachmann Gesundheit EFZ, OdASanté/SBFI",https://www.odasante.ch/fileadmin/odasante.ch/docs/Grundbildung/FaGe/FaGe_BiPla.pdf
fage,Fachfrau/Fachmann Gesundheit EFZ,fage_l07,HKB B,L07,"Atmung, Inhalation und Sauerstoff",medium,single_choice,Worauf muss man beim Thema Sekretbeobachtung in der Praxis besonders achten?,blutiges Sekret ignorieren im Produktionsalltag,Husten unterdrücken im laufenden Tagesgeschäft,keine Hygiene beachten im Werkstattumfeld,"Menge, Farbe, Konsistenz und Geruch beobachten",D,Sekretveränderungen können auf Infektionen hinweisen.,"Bildungsplan Fachfrau/Fachmann Gesundheit EFZ, OdASanté/SBFI",https://www.odasante.ch/fileadmin/odasante.ch/docs/Grundbildung/FaGe/FaGe_BiPla.pdf
fage,Fachfrau/Fachmann Gesundheit EFZ,fage_l07,HKB B,L07,"Atmung, Inhalation und Sauerstoff",hard,single_choice,Welche Aussage zum Thema Sekretbeobachtung ist fachlich korrekt?,"Menge, Farbe, Konsistenz und Geruch beobachten",blutiges Sekret ignorieren im Rahmen der Routine,Husten unterdrücken nach gängiger Praxis,keine Hygiene beachten unter typischen Arbeitsbedingungen,A,Sekretveränderungen können auf Infektionen hinweisen.,"Bildungsplan Fachfrau/Fachmann Gesundheit EFZ, OdASanté/SBFI",https://www.odasante.ch/fileadmin/odasante.ch/docs/Grundbildung/FaGe/FaGe_BiPla.pdf
fage,Fachfrau/Fachmann Gesundheit EFZ,fage_l07,HKB B,L07,"Atmung, Inhalation und Sauerstoff",easy,single_choice,Welche Aussage beschreibt das Thema COPD im Beruf Fachfrau/Fachmann Gesundheit EFZ am besten?,Sauerstoff beliebig hoch einstellen im normalen Werkstattbetrieb,"Atemnot, Belastbarkeit und Sauerstoffvorgaben besonders beachten",Atemnot als normal abtun bei sachgemässem Ablauf,Pausen verweigern im Produktionsalltag bei sachgemässer Ausführung,B,Chronische Atemerkrankungen verlangen angepasste Betreuung.,"Bildungsplan Fachfrau/Fachmann Gesundheit EFZ, OdASanté/SBFI",https://www.odasante.ch/fileadmin/odasante.ch/docs/Grundbildung/FaGe/FaGe_BiPla.pdf
fage,Fachfrau/Fachmann Gesundheit EFZ,fage_l07,HKB B,L07,"Atmung, Inhalation und Sauerstoff",medium,single_choice,Worauf muss man beim Thema COPD in der Praxis besonders achten?,Sauerstoff beliebig hoch einstellen im konkreten Auftrag,Atemnot als normal abtun bei vergleichbaren Aufgaben,"Atemnot, Belastbarkeit und Sauerstoffvorgaben besonders beachten",Pausen verweigern im Rahmen der Routine im laufenden Tagesgeschäft,C,Chronische Atemerkrankungen verlangen angepasste Betreuung.,"Bildungsplan Fachfrau/Fachmann Gesundheit EFZ, OdASanté/SBFI",https://www.odasante.ch/fileadmin/odasante.ch/docs/Grundbildung/FaGe/FaGe_BiPla.pdf
fage,Fachfrau/Fachmann Gesundheit EFZ,fage_l07,HKB B,L07,"Atmung, Inhalation und Sauerstoff",hard,single_choice,Welche Aussage zum Thema COPD ist fachlich korrekt?,Sauerstoff beliebig hoch einstellen im üblichen Berufsalltag,Atemnot als normal abtun bei sachgemässer Ausführung,Pausen verweigern im normalen Werkstattbetrieb,"Atemnot, Belastbarkeit und Sauerstoffvorgaben besonders beachten",D,Chronische Atemerkrankungen verlangen angepasste Betreuung.,"Bildungsplan Fachfrau/Fachmann Gesundheit EFZ, OdASanté/SBFI",https://www.odasante.ch/fileadmin/odasante.ch/docs/Grundbildung/FaGe/FaGe_BiPla.pdf
fage,Fachfrau/Fachmann Gesundheit EFZ,fage_l07,HKB B,L07,"Atmung, Inhalation und Sauerstoff",easy,single_choice,Welche Aussage beschreibt das Thema Asthma im Beruf Fachfrau/Fachmann Gesundheit EFZ am besten?,Anzeichen von Atemnot erkennen und Notfallplan beachten,Inhalator verstecken im Werkstattumfeld,Auslöser ignorieren im laufenden Tagesgeschäft,keine Hilfe holen im konkreten Auftrag im Produktionsalltag,A,Asthmaanfälle können rasch gefährlich werden.,"Bildungsplan Fachfrau/Fachmann Gesundheit EFZ, OdASanté/SBFI",https://www.odasante.ch/fileadmin/odasante.ch/docs/Grundbildung/FaGe/FaGe_BiPla.pdf
fage,Fachfrau/Fachmann Gesundheit EFZ,fage_l07,HKB B,L07,"Atmung, Inhalation und Sauerstoff",medium,single_choice,Worauf muss man beim Thema Asthma in der Praxis besonders achten?,Inhalator verstecken unter typischen Arbeitsbedingungen,Anzeichen von Atemnot erkennen und Notfallplan beachten,Auslöser ignorieren nach gängiger Praxis,keine Hilfe holen im üblichen Berufsalltag,B,Asthmaanfälle können rasch gefährlich werden.,"Bildungsplan Fachfrau/Fachmann Gesundheit EFZ, OdASanté/SBFI",https://www.odasante.ch/fileadmin/odasante.ch/docs/Grundbildung/FaGe/FaGe_BiPla.pdf
fage,Fachfrau/Fachmann Gesundheit EFZ,fage_l07,HKB B,L07,"Atmung, Inhalation und Sauerstoff",hard,single_choice,Welche Aussage zum Thema Asthma ist fachlich korrekt?,Inhalator verstecken bei sachgemässem Ablauf,Auslöser ignorieren im Produktionsalltag,Anzeichen von Atemnot erkennen und Notfallplan beachten,keine Hilfe holen im Werkstattumfeld im normalen Werkstattbetrieb,C,Asthmaanfälle können rasch gefährlich werden.,"Bildungsplan Fachfrau/Fachmann Gesundheit EFZ, OdASanté/SBFI",https://www.odasante.ch/fileadmin/odasante.ch/docs/Grundbildung/FaGe/FaGe_BiPla.pdf
fage,Fachfrau/Fachmann Gesundheit EFZ,fage_l07,HKB B,L07,"Atmung, Inhalation und Sauerstoff",easy,single_choice,Welche Aussage beschreibt das Thema Hygiene bei Atemhilfsmitteln im Beruf Fachfrau/Fachmann Gesundheit EFZ am besten?,Mundstücke teilen unter typischen Arbeitsbedingungen,Vernebler nie reinigen im Rahmen der Routine,Kondenswasser ignorieren bei vergleichbaren Aufgaben,"Material reinigen, wechseln und personengebunden verwenden",D,Atemhilfsmittel können Keime übertragen.,"Bildungsplan Fachfrau/Fachmann Gesundheit EFZ, OdASanté/SBFI",https://www.odasante.ch/fileadmin/odasante.ch/docs/Grundbildung/FaGe/FaGe_BiPla.pdf
fage,Fachfrau/Fachmann Gesundheit EFZ,fage_l07,HKB B,L07,"Atmung, Inhalation und Sauerstoff",medium,single_choice,Worauf muss man beim Thema Hygiene bei Atemhilfsmitteln in der Praxis besonders achten?,"Material reinigen, wechseln und personengebunden verwenden",Mundstücke teilen bei sachgemässem Ablauf,Vernebler nie reinigen im normalen Werkstattbetrieb,Kondenswasser ignorieren bei sachgemässer Ausführung,A,Atemhilfsmittel können Keime übertragen.,"Bildungsplan Fachfrau/Fachmann Gesundheit EFZ, OdASanté/SBFI",https://www.odasante.ch/fileadmin/odasante.ch/docs/Grundbildung/FaGe/FaGe_BiPla.pdf
fage,Fachfrau/Fachmann Gesundheit EFZ,fage_l07,HKB B,L07,"Atmung, Inhalation und Sauerstoff",hard,single_choice,Welche Aussage zum Thema Hygiene bei Atemhilfsmitteln ist fachlich korrekt?,Mundstücke teilen bei vergleichbaren Aufgaben,"Material reinigen, wechseln und personengebunden verwenden",Vernebler nie reinigen im konkreten Auftrag im Werkstattumfeld,Kondenswasser ignorieren im laufenden Tagesgeschäft,B,Atemhilfsmittel können Keime übertragen.,"Bildungsplan Fachfrau/Fachmann Gesundheit EFZ, OdASanté/SBFI",https://www.odasante.ch/fileadmin/odasante.ch/docs/Grundbildung/FaGe/FaGe_BiPla.pdf
fage,Fachfrau/Fachmann Gesundheit EFZ,fage_l08,HKB B/E,L08,"Ernährung, Trinken und Stoffwechsel",easy,single_choice,Welche Aussage beschreibt das Thema Ernährungsunterstützung im Beruf Fachfrau/Fachmann Gesundheit EFZ am besten?,Essen aufzwingen bei sachgemässer Ausführung unter typischen Arbeitsbedingungen,Diätvorgaben ignorieren im üblichen Berufsalltag,"Selbstständigkeit, Vorlieben, Diät und Sicherheit berücksichtigen",Schluckrisiko übersehen nach gängiger Praxis im Rahmen der Routine,C,"Essen ist Pflege, Gesundheit und Lebensqualität.","Bildungsplan Fachfrau/Fachmann Gesundheit EFZ, OdASanté/SBFI",https://www.odasante.ch/fileadmin/odasante.ch/docs/Grundbildung/FaGe/FaGe_BiPla.pdf
fage,Fachfrau/Fachmann Gesundheit EFZ,fage_l08,HKB B/E,L08,"Ernährung, Trinken und Stoffwechsel",medium,single_choice,Worauf muss man beim Thema Ernährungsunterstützung in der Praxis besonders achten?,Essen aufzwingen im laufenden Tagesgeschäft im normalen Werkstattbetrieb,Diätvorgaben ignorieren im Werkstattumfeld bei sachgemässem Ablauf,Schluckrisiko übersehen im Produktionsalltag bei sachgemässer Ausführung,"Selbstständigkeit, Vorlieben, Diät und Sicherheit berücksichtigen",D,"Essen ist Pflege, Gesundheit und Lebensqualität.","Bildungsplan Fachfrau/Fachmann Gesundheit EFZ, OdASanté/SBFI",https://www.odasante.ch/fileadmin/odasante.ch/docs/Grundbildung/FaGe/FaGe_BiPla.pdf
fage,Fachfrau/Fachmann Gesundheit EFZ,fage_l08,HKB B/E,L08,"Ernährung, Trinken und Stoffwechsel",hard,single_choice,Welche Aussage zum Thema Ernährungsunterstützung ist fachlich korrekt?,"Selbstständigkeit, Vorlieben, Diät und Sicherheit berücksichtigen",Essen aufzwingen nach gängiger Praxis bei vergleichbaren Aufgaben,Diätvorgaben ignorieren unter typischen Arbeitsbedingungen,Schluckrisiko übersehen im Rahmen der Routine im konkreten Auftrag,A,"Essen ist Pflege, Gesundheit und Lebensqualität.","Bildungsplan Fachfrau/Fachmann Gesundheit EFZ, OdASanté/SBFI",https://www.odasante.ch/fileadmin/odasante.ch/docs/Grundbildung/FaGe/FaGe_BiPla.pdf
fage,Fachfrau/Fachmann Gesundheit EFZ,fage_l08,HKB B/E,L08,"Ernährung, Trinken und Stoffwechsel",easy,single_choice,Welche Aussage beschreibt das Thema Trinkprotokoll im Beruf Fachfrau/Fachmann Gesundheit EFZ am besten?,Mengen raten im Produktionsalltag im normalen Werkstattbetrieb,Flüssigkeitsmenge zeitnah und vollständig erfassen,Zwischenmahlzeiten vergessen bei sachgemässem Ablauf,Bilanz erst Tage später schreiben bei sachgemässer Ausführung,B,Trinkprotokolle unterstützen Flüssigkeitsmanagement.,"Bildungsplan Fachfrau/Fachmann Gesundheit EFZ, OdASanté/SBFI",https://www.odasante.ch/fileadmin/odasante.ch/docs/Grundbildung/FaGe/FaGe_BiPla.pdf
fage,Fachfrau/Fachmann Gesundheit EFZ,fage_l08,HKB B/E,L08,"Ernährung, Trinken und Stoffwechsel",medium,single_choice,Worauf muss man beim Thema Trinkprotokoll in der Praxis besonders achten?,Mengen raten im Rahmen der Routine im laufenden Tagesgeschäft,Zwischenmahlzeiten vergessen bei vergleichbaren Aufgaben,Flüssigkeitsmenge zeitnah und vollständig erfassen,Bilanz erst Tage später schreiben im konkreten Auftrag,C,Trinkprotokolle unterstützen Flüssigkeitsmanagement.,"Bildungsplan Fachfrau/Fachmann Gesundheit EFZ, OdASanté/SBFI",https://www.odasante.ch/fileadmin/odasante.ch/docs/Grundbildung/FaGe/FaGe_BiPla.pdf
fage,Fachfrau/Fachmann Gesundheit EFZ,fage_l08,HKB B/E,L08,"Ernährung, Trinken und Stoffwechsel",hard,single_choice,Welche Aussage zum Thema Trinkprotokoll ist fachlich korrekt?,Mengen raten im normalen Werkstattbetrieb,Zwischenmahlzeiten vergessen bei sachgemässer Ausführung,Bilanz erst Tage später schreiben im üblichen Berufsalltag,Flüssigkeitsmenge zeitnah und vollständig erfassen,D,Trinkprotokolle unterstützen Flüssigkeitsmanagement.,"Bildungsplan Fachfrau/Fachmann Gesundheit EFZ, OdASanté/SBFI",https://www.odasante.ch/fileadmin/odasante.ch/docs/Grundbildung/FaGe/FaGe_BiPla.pdf
fage,Fachfrau/Fachmann Gesundheit EFZ,fage_l08,HKB B/E,L08,"Ernährung, Trinken und Stoffwechsel",easy,single_choice,Welche Aussage beschreibt das Thema Dysphagie im Beruf Fachfrau/Fachmann Gesundheit EFZ am besten?,Schluckstörungen erkennen und angepasste Kost/Position beachten,im Liegen essen lassen im laufenden Tagesgeschäft,Husten ignorieren im konkreten Auftrag im Produktionsalltag,Konsistenz eigenmächtig ändern im Werkstattumfeld,A,Dysphagie erhöht Aspirationsrisiko.,"Bildungsplan Fachfrau/Fachmann Gesundheit EFZ, OdASanté/SBFI",https://www.odasante.ch/fileadmin/odasante.ch/docs/Grundbildung/FaGe/FaGe_BiPla.pdf
fage,Fachfrau/Fachmann Gesundheit EFZ,fage_l08,HKB B/E,L08,"Ernährung, Trinken und Stoffwechsel",medium,single_choice,Worauf muss man beim Thema Dysphagie in der Praxis besonders achten?,im Liegen essen lassen nach gängiger Praxis bei vergleichbaren Aufgaben,Schluckstörungen erkennen und angepasste Kost/Position beachten,Husten ignorieren im üblichen Berufsalltag im Rahmen der Routine,Konsistenz eigenmächtig ändern unter typischen Arbeitsbedingungen,B,Dysphagie erhöht Aspirationsrisiko.,"Bildungsplan Fachfrau/Fachmann Gesundheit EFZ, OdASanté/SBFI",https://www.odasante.ch/fileadmin/odasante.ch/docs/Grundbildung/FaGe/FaGe_BiPla.pdf
fage,Fachfrau/Fachmann Gesundheit EFZ,fage_l08,HKB B/E,L08,"Ernährung, Trinken und Stoffwechsel",hard,single_choice,Welche Aussage zum Thema Dysphagie ist fachlich korrekt?,im Liegen essen lassen im Produktionsalltag bei sachgemässer Ausführung,Husten ignorieren im Werkstattumfeld im normalen Werkstattbetrieb,Schluckstörungen erkennen und angepasste Kost/Position beachten,Konsistenz eigenmächtig ändern bei sachgemässem Ablauf,C,Dysphagie erhöht Aspirationsrisiko.,"Bildungsplan Fachfrau/Fachmann Gesundheit EFZ, OdASanté/SBFI",https://www.odasante.ch/fileadmin/odasante.ch/docs/Grundbildung/FaGe/FaGe_BiPla.pdf
fage,Fachfrau/Fachmann Gesundheit EFZ,fage_l08,HKB B/E,L08,"Ernährung, Trinken und Stoffwechsel",easy,single_choice,Welche Aussage beschreibt das Thema Mangelernährung im Beruf Fachfrau/Fachmann Gesundheit EFZ am besten?,kleine Portionen immer als normal ansehen bei vergleichbaren Aufgaben,Gewicht nie kontrollieren unter typischen Arbeitsbedingungen,Essverhalten nicht melden im Rahmen der Routine im konkreten Auftrag,"Gewichtsverlust, Appetitmangel und reduzierte Nahrungsaufnahme beachten",D,Mangelernährung verschlechtert Heilung und Kraft.,"Bildungsplan Fachfrau/Fachmann Gesundheit EFZ, OdASanté/SBFI",https://www.odasante.ch/fileadmin/odasante.ch/docs/Grundbildung/FaGe/FaGe_BiPla.pdf
fage,Fachfrau/Fachmann Gesundheit EFZ,fage_l08,HKB B/E,L08,"Ernährung, Trinken und Stoffwechsel",medium,single_choice,Worauf muss man beim Thema Mangelernährung in der Praxis besonders achten?,"Gewichtsverlust, Appetitmangel und reduzierte Nahrungsaufnahme beachten",kleine Portionen immer als normal ansehen bei sachgemässer Ausführung,Gewicht nie kontrollieren bei sachgemässem Ablauf im üblichen Berufsalltag,Essverhalten nicht melden im normalen Werkstattbetrieb,A,Mangelernährung verschlechtert Heilung und Kraft.,"Bildungsplan Fachfrau/Fachmann Gesundheit EFZ, OdASanté/SBFI",https://www.odasante.ch/fileadmin/odasante.ch/docs/Grundbildung/FaGe/FaGe_BiPla.pdf
fage,Fachfrau/Fachmann Gesundheit EFZ,fage_l08,HKB B/E,L08,"Ernährung, Trinken und Stoffwechsel",hard,single_choice,Welche Aussage zum Thema Mangelernährung ist fachlich korrekt?,kleine Portionen immer als normal ansehen im laufenden Tagesgeschäft,"Gewichtsverlust, Appetitmangel und reduzierte Nahrungsaufnahme beachten",Gewicht nie kontrollieren bei vergleichbaren Aufgaben,Essverhalten nicht melden im konkreten Auftrag im Werkstattumfeld,B,Mangelernährung verschlechtert Heilung und Kraft.,"Bildungsplan Fachfrau/Fachmann Gesundheit EFZ, OdASanté/SBFI",https://www.odasante.ch/fileadmin/odasante.ch/docs/Grundbildung/FaGe/FaGe_BiPla.pdf
fage,Fachfrau/Fachmann Gesundheit EFZ,fage_l08,HKB B/E,L08,"Ernährung, Trinken und Stoffwechsel",easy,single_choice,Welche Aussage beschreibt das Thema Diabetes mellitus im Beruf Fachfrau/Fachmann Gesundheit EFZ am besten?,Hypoglykämiezeichen ignorieren im üblichen Berufsalltag,Insulinzeiten beliebig ändern bei sachgemässer Ausführung,"Blutzucker, Ernährung, Symptome und Anordnungen beachten",Mahlzeiten auslassen ohne Meldung nach gängiger Praxis,C,Diabetes verlangt genaue Beobachtung und Abläufe.,"Bildungsplan Fachfrau/Fachmann Gesundheit EFZ, OdASanté/SBFI",https://www.odasante.ch/fileadmin/odasante.ch/docs/Grundbildung/FaGe/FaGe_BiPla.pdf
fage,Fachfrau/Fachmann Gesundheit EFZ,fage_l08,HKB B/E,L08,"Ernährung, Trinken und Stoffwechsel",medium,single_choice,Worauf muss man beim Thema Diabetes mellitus in der Praxis besonders achten?,Hypoglykämiezeichen ignorieren im Werkstattumfeld,Insulinzeiten beliebig ändern im laufenden Tagesgeschäft,Mahlzeiten auslassen ohne Meldung im Produktionsalltag,"Blutzucker, Ernährung, Symptome und Anordnungen beachten",D,Diabetes verlangt genaue Beobachtung und Abläufe.,"Bildungsplan Fachfrau/Fachmann Gesundheit EFZ, OdASanté/SBFI",https://www.odasante.ch/fileadmin/odasante.ch/docs/Grundbildung/FaGe/FaGe_BiPla.pdf
fage,Fachfrau/Fachmann Gesundheit EFZ,fage_l08,HKB B/E,L08,"Ernährung, Trinken und Stoffwechsel",hard,single_choice,Welche Aussage zum Thema Diabetes mellitus ist fachlich korrekt?,"Blutzucker, Ernährung, Symptome und Anordnungen beachten",Hypoglykämiezeichen ignorieren unter typischen Arbeitsbedingungen,Insulinzeiten beliebig ändern nach gängiger Praxis,Mahlzeiten auslassen ohne Meldung im Rahmen der Routine,A,Diabetes verlangt genaue Beobachtung und Abläufe.,"Bildungsplan Fachfrau/Fachmann Gesundheit EFZ, OdASanté/SBFI",https://www.odasante.ch/fileadmin/odasante.ch/docs/Grundbildung/FaGe/FaGe_BiPla.pdf
fage,Fachfrau/Fachmann Gesundheit EFZ,fage_l08,HKB B/E,L08,"Ernährung, Trinken und Stoffwechsel",easy,single_choice,Welche Aussage beschreibt das Thema Hypoglykämie im Beruf Fachfrau/Fachmann Gesundheit EFZ am besten?,Person allein lassen bei sachgemässem Ablauf,"Schwitzen, Zittern, Verwirrtheit oder Schwäche ernst nehmen",Symptome als Müdigkeit abtun im normalen Werkstattbetrieb,nicht informieren im Produktionsalltag bei sachgemässer Ausführung,B,Unterzuckerung kann akut gefährlich werden.,"Bildungsplan Fachfrau/Fachmann Gesundheit EFZ, OdASanté/SBFI",https://www.odasante.ch/fileadmin/odasante.ch/docs/Grundbildung/FaGe/FaGe_BiPla.pdf
fage,Fachfrau/Fachmann Gesundheit EFZ,fage_l08,HKB B/E,L08,"Ernährung, Trinken und Stoffwechsel",medium,single_choice,Worauf muss man beim Thema Hypoglykämie in der Praxis besonders achten?,Person allein lassen bei vergleichbaren Aufgaben,Symptome als Müdigkeit abtun im konkreten Auftrag,"Schwitzen, Zittern, Verwirrtheit oder Schwäche ernst nehmen",nicht informieren im Rahmen der Routine im laufenden Tagesgeschäft,C,Unterzuckerung kann akut gefährlich werden.,"Bildungsplan Fachfrau/Fachmann Gesundheit EFZ, OdASanté/SBFI",https://www.odasante.ch/fileadmin/odasante.ch/docs/Grundbildung/FaGe/FaGe_BiPla.pdf
fage,Fachfrau/Fachmann Gesundheit EFZ,fage_l08,HKB B/E,L08,"Ernährung, Trinken und Stoffwechsel",hard,single_choice,Welche Aussage zum Thema Hypoglykämie ist fachlich korrekt?,Person allein lassen bei sachgemässer Ausführung,Symptome als Müdigkeit abtun im üblichen Berufsalltag,nicht informieren im normalen Werkstattbetrieb,"Schwitzen, Zittern, Verwirrtheit oder Schwäche ernst nehmen",D,Unterzuckerung kann akut gefährlich werden.,"Bildungsplan Fachfrau/Fachmann Gesundheit EFZ, OdASanté/SBFI",https://www.odasante.ch/fileadmin/odasante.ch/docs/Grundbildung/FaGe/FaGe_BiPla.pdf
fage,Fachfrau/Fachmann Gesundheit EFZ,fage_l08,HKB B/E,L08,"Ernährung, Trinken und Stoffwechsel",easy,single_choice,Welche Aussage beschreibt das Thema Esshilfe im Beruf Fachfrau/Fachmann Gesundheit EFZ am besten?,Hilfsmittel passend einsetzen und Würde wahren,zu schnell eingeben im konkreten Auftrag,Vorlieben ignorieren im laufenden Tagesgeschäft,Kommunikation einstellen im Werkstattumfeld,A,Esshilfe soll sicher und respektvoll sein.,"Bildungsplan Fachfrau/Fachmann Gesundheit EFZ, OdASanté/SBFI",https://www.odasante.ch/fileadmin/odasante.ch/docs/Grundbildung/FaGe/FaGe_BiPla.pdf
fage,Fachfrau/Fachmann Gesundheit EFZ,fage_l08,HKB B/E,L08,"Ernährung, Trinken und Stoffwechsel",medium,single_choice,Worauf muss man beim Thema Esshilfe in der Praxis besonders achten?,zu schnell eingeben im üblichen Berufsalltag,Hilfsmittel passend einsetzen und Würde wahren,Vorlieben ignorieren nach gängiger Praxis,Kommunikation einstellen unter typischen Arbeitsbedingungen,B,Esshilfe soll sicher und respektvoll sein.,"Bildungsplan Fachfrau/Fachmann Gesundheit EFZ, OdASanté/SBFI",https://www.odasante.ch/fileadmin/odasante.ch/docs/Grundbildung/FaGe/FaGe_BiPla.pdf
fage,Fachfrau/Fachmann Gesundheit EFZ,fage_l08,HKB B/E,L08,"Ernährung, Trinken und Stoffwechsel",hard,single_choice,Welche Aussage zum Thema Esshilfe ist fachlich korrekt?,zu schnell eingeben im Werkstattumfeld,Vorlieben ignorieren im Produktionsalltag,Hilfsmittel passend einsetzen und Würde wahren,Kommunikation einstellen bei sachgemässem Ablauf,C,Esshilfe soll sicher und respektvoll sein.,"Bildungsplan Fachfrau/Fachmann Gesundheit EFZ, OdASanté/SBFI",https://www.odasante.ch/fileadmin/odasante.ch/docs/Grundbildung/FaGe/FaGe_BiPla.pdf
fage,Fachfrau/Fachmann Gesundheit EFZ,fage_l08,HKB B/E,L08,"Ernährung, Trinken und Stoffwechsel",easy,single_choice,Welche Aussage beschreibt das Thema Ernährungsberatung im Alltag im Beruf Fachfrau/Fachmann Gesundheit EFZ am besten?,Diäten erfinden unter typischen Arbeitsbedingungen,Fachperson ersetzen im Rahmen der Routine im konkreten Auftrag,unsichere Aussagen machen bei vergleichbaren Aufgaben,einfache Informationen verständlich und gemäss Vorgaben weitergeben,D,FaGe informieren im Rahmen ihrer Kompetenzen.,"Bildungsplan Fachfrau/Fachmann Gesundheit EFZ, OdASanté/SBFI",https://www.odasante.ch/fileadmin/odasante.ch/docs/Grundbildung/FaGe/FaGe_BiPla.pdf
fage,Fachfrau/Fachmann Gesundheit EFZ,fage_l08,HKB B/E,L08,"Ernährung, Trinken und Stoffwechsel",medium,single_choice,Worauf muss man beim Thema Ernährungsberatung im Alltag in der Praxis besonders achten?,einfache Informationen verständlich und gemäss Vorgaben weitergeben,Diäten erfinden bei sachgemässem Ablauf im üblichen Berufsalltag,Fachperson ersetzen im normalen Werkstattbetrieb,unsichere Aussagen machen bei sachgemässer Ausführung,A,FaGe informieren im Rahmen ihrer Kompetenzen.,"Bildungsplan Fachfrau/Fachmann Gesundheit EFZ, OdASanté/SBFI",https://www.odasante.ch/fileadmin/odasante.ch/docs/Grundbildung/FaGe/FaGe_BiPla.pdf
fage,Fachfrau/Fachmann Gesundheit EFZ,fage_l08,HKB B/E,L08,"Ernährung, Trinken und Stoffwechsel",hard,single_choice,Welche Aussage zum Thema Ernährungsberatung im Alltag ist fachlich korrekt?,Diäten erfinden bei vergleichbaren Aufgaben im Produktionsalltag,einfache Informationen verständlich und gemäss Vorgaben weitergeben,Fachperson ersetzen im konkreten Auftrag im Werkstattumfeld,unsichere Aussagen machen im laufenden Tagesgeschäft,B,FaGe informieren im Rahmen ihrer Kompetenzen.,"Bildungsplan Fachfrau/Fachmann Gesundheit EFZ, OdASanté/SBFI",https://www.odasante.ch/fileadmin/odasante.ch/docs/Grundbildung/FaGe/FaGe_BiPla.pdf
fage,Fachfrau/Fachmann Gesundheit EFZ,fage_l08,HKB B/E,L08,"Ernährung, Trinken und Stoffwechsel",easy,single_choice,Welche Aussage beschreibt das Thema Übelkeit und Erbrechen im Beruf Fachfrau/Fachmann Gesundheit EFZ am besten?,Erbrochenes kommentarlos entsorgen nach gängiger Praxis,Aspirationsrisiko ignorieren im üblichen Berufsalltag,"Menge, Zeitpunkt, Aussehen und Begleitsymptome beobachten",Flüssigkeit nicht beachten bei sachgemässer Ausführung,C,Erbrechen kann Bilanz und Sicherheit beeinflussen.,"Bildungsplan Fachfrau/Fachmann Gesundheit EFZ, OdASanté/SBFI",https://www.odasante.ch/fileadmin/odasante.ch/docs/Grundbildung/FaGe/FaGe_BiPla.pdf
fage,Fachfrau/Fachmann Gesundheit EFZ,fage_l08,HKB B/E,L08,"Ernährung, Trinken und Stoffwechsel",medium,single_choice,Worauf muss man beim Thema Übelkeit und Erbrechen in der Praxis besonders achten?,Erbrochenes kommentarlos entsorgen im Produktionsalltag,Aspirationsrisiko ignorieren im Werkstattumfeld,Flüssigkeit nicht beachten im laufenden Tagesgeschäft,"Menge, Zeitpunkt, Aussehen und Begleitsymptome beobachten",D,Erbrechen kann Bilanz und Sicherheit beeinflussen.,"Bildungsplan Fachfrau/Fachmann Gesundheit EFZ, OdASanté/SBFI",https://www.odasante.ch/fileadmin/odasante.ch/docs/Grundbildung/FaGe/FaGe_BiPla.pdf
fage,Fachfrau/Fachmann Gesundheit EFZ,fage_l08,HKB B/E,L08,"Ernährung, Trinken und Stoffwechsel",hard,single_choice,Welche Aussage zum Thema Übelkeit und Erbrechen ist fachlich korrekt?,"Menge, Zeitpunkt, Aussehen und Begleitsymptome beobachten",Erbrochenes kommentarlos entsorgen im Rahmen der Routine,Aspirationsrisiko ignorieren unter typischen Arbeitsbedingungen,Flüssigkeit nicht beachten nach gängiger Praxis,A,Erbrechen kann Bilanz und Sicherheit beeinflussen.,"Bildungsplan Fachfrau/Fachmann Gesundheit EFZ, OdASanté/SBFI",https://www.odasante.ch/fileadmin/odasante.ch/docs/Grundbildung/FaGe/FaGe_BiPla.pdf
fage,Fachfrau/Fachmann Gesundheit EFZ,fage_l08,HKB B/E,L08,"Ernährung, Trinken und Stoffwechsel",easy,single_choice,Welche Aussage beschreibt das Thema Ressourcen beim Essen im Beruf Fachfrau/Fachmann Gesundheit EFZ am besten?,Tablett ohne Erklärung hinstellen im normalen Werkstattbetrieb,"Klientinnen selbst wählen und mithelfen lassen, soweit möglich",Essgewohnheiten ignorieren bei sachgemässem Ablauf,alles sofort übernehmen im Produktionsalltag,B,Selbstbestimmung fördert Lebensqualität.,"Bildungsplan Fachfrau/Fachmann Gesundheit EFZ, OdASanté/SBFI",https://www.odasante.ch/fileadmin/odasante.ch/docs/Grundbildung/FaGe/FaGe_BiPla.pdf
fage,Fachfrau/Fachmann Gesundheit EFZ,fage_l08,HKB B/E,L08,"Ernährung, Trinken und Stoffwechsel",medium,single_choice,Worauf muss man beim Thema Ressourcen beim Essen in der Praxis besonders achten?,Tablett ohne Erklärung hinstellen im konkreten Auftrag,Essgewohnheiten ignorieren bei vergleichbaren Aufgaben,"Klientinnen selbst wählen und mithelfen lassen, soweit möglich",alles sofort übernehmen im Rahmen der Routine,C,Selbstbestimmung fördert Lebensqualität.,"Bildungsplan Fachfrau/Fachmann Gesundheit EFZ, OdASanté/SBFI",https://www.odasante.ch/fileadmin/odasante.ch/docs/Grundbildung/FaGe/FaGe_BiPla.pdf
fage,Fachfrau/Fachmann Gesundheit EFZ,fage_l08,HKB B/E,L08,"Ernährung, Trinken und Stoffwechsel",hard,single_choice,Welche Aussage zum Thema Ressourcen beim Essen ist fachlich korrekt?,Tablett ohne Erklärung hinstellen im üblichen Berufsalltag,Essgewohnheiten ignorieren bei sachgemässer Ausführung,alles sofort übernehmen im normalen Werkstattbetrieb,"Klientinnen selbst wählen und mithelfen lassen, soweit möglich",D,Selbstbestimmung fördert Lebensqualität.,"Bildungsplan Fachfrau/Fachmann Gesundheit EFZ, OdASanté/SBFI",https://www.odasante.ch/fileadmin/odasante.ch/docs/Grundbildung/FaGe/FaGe_BiPla.pdf
fage,Fachfrau/Fachmann Gesundheit EFZ,fage_l09,HKB B/F,L09,"Ruhen, Schlafen und Tagesstruktur",easy,single_choice,Welche Aussage beschreibt das Thema Schlafbeobachtung im Beruf Fachfrau/Fachmann Gesundheit EFZ am besten?,"Einschlafen, Durchschlafen, Wachphasen und Tagesmüdigkeit beachten",Schlafprobleme ignorieren im laufenden Tagesgeschäft,nur Bettzeit notieren im konkreten Auftrag im Produktionsalltag,Medikamente eigenmächtig geben im Werkstattumfeld,A,Schlaf beeinflusst Erholung und Gesundheit.,"Bildungsplan Fachfrau/Fachmann Gesundheit EFZ, OdASanté/SBFI",https://www.odasante.ch/fileadmin/odasante.ch/docs/Grundbildung/FaGe/FaGe_BiPla.pdf
fage,Fachfrau/Fachmann Gesundheit EFZ,fage_l09,HKB B/F,L09,"Ruhen, Schlafen und Tagesstruktur",medium,single_choice,Worauf muss man beim Thema Schlafbeobachtung in der Praxis besonders achten?,Schlafprobleme ignorieren nach gängiger Praxis im Rahmen der Routine,"Einschlafen, Durchschlafen, Wachphasen und Tagesmüdigkeit beachten",nur Bettzeit notieren im üblichen Berufsalltag bei vergleichbaren Aufgaben,Medikamente eigenmächtig geben unter typischen Arbeitsbedingungen,B,Schlaf beeinflusst Erholung und Gesundheit.,"Bildungsplan Fachfrau/Fachmann Gesundheit EFZ, OdASanté/SBFI",https://www.odasante.ch/fileadmin/odasante.ch/docs/Grundbildung/FaGe/FaGe_BiPla.pdf
fage,Fachfrau/Fachmann Gesundheit EFZ,fage_l09,HKB B/F,L09,"Ruhen, Schlafen und Tagesstruktur",hard,single_choice,Welche Aussage zum Thema Schlafbeobachtung ist fachlich korrekt?,Schlafprobleme ignorieren im Produktionsalltag bei sachgemässer Ausführung,nur Bettzeit notieren im Werkstattumfeld im normalen Werkstattbetrieb,"Einschlafen, Durchschlafen, Wachphasen und Tagesmüdigkeit beachten",Medikamente eigenmächtig geben bei sachgemässem Ablauf,C,Schlaf beeinflusst Erholung und Gesundheit.,"Bildungsplan Fachfrau/Fachmann Gesundheit EFZ, OdASanté/SBFI",https://www.odasante.ch/fileadmin/odasante.ch/docs/Grundbildung/FaGe/FaGe_BiPla.pdf
fage,Fachfrau/Fachmann Gesundheit EFZ,fage_l09,HKB B/F,L09,"Ruhen, Schlafen und Tagesstruktur",easy,single_choice,Welche Aussage beschreibt das Thema Schlafförderung im Beruf Fachfrau/Fachmann Gesundheit EFZ am besten?,nachts unnötig stören im Rahmen der Routine,Lärm erhöhen unter typischen Arbeitsbedingungen,Gewohnheiten ignorieren bei vergleichbaren Aufgaben,"Ruhe, Rituale, Lagerung und Umfeld anpassen",D,Schlaffördernde Massnahmen können ohne Medikamente helfen.,"Bildungsplan Fachfrau/Fachmann Gesundheit EFZ, OdASanté/SBFI",https://www.odasante.ch/fileadmin/odasante.ch/docs/Grundbildung/FaGe/FaGe_BiPla.pdf
fage,Fachfrau/Fachmann Gesundheit EFZ,fage_l09,HKB B/F,L09,"Ruhen, Schlafen und Tagesstruktur",medium,single_choice,Worauf muss man beim Thema Schlafförderung in der Praxis besonders achten?,"Ruhe, Rituale, Lagerung und Umfeld anpassen",nachts unnötig stören im normalen Werkstattbetrieb,Lärm erhöhen bei sachgemässem Ablauf,Gewohnheiten ignorieren bei sachgemässer Ausführung,A,Schlaffördernde Massnahmen können ohne Medikamente helfen.,"Bildungsplan Fachfrau/Fachmann Gesundheit EFZ, OdASanté/SBFI",https://www.odasante.ch/fileadmin/odasante.ch/docs/Grundbildung/FaGe/FaGe_BiPla.pdf
fage,Fachfrau/Fachmann Gesundheit EFZ,fage_l09,HKB B/F,L09,"Ruhen, Schlafen und Tagesstruktur",hard,single_choice,Welche Aussage zum Thema Schlafförderung ist fachlich korrekt?,nachts unnötig stören im konkreten Auftrag,"Ruhe, Rituale, Lagerung und Umfeld anpassen",Lärm erhöhen bei vergleichbaren Aufgaben,Gewohnheiten ignorieren im laufenden Tagesgeschäft,B,Schlaffördernde Massnahmen können ohne Medikamente helfen.,"Bildungsplan Fachfrau/Fachmann Gesundheit EFZ, OdASanté/SBFI",https://www.odasante.ch/fileadmin/odasante.ch/docs/Grundbildung/FaGe/FaGe_BiPla.pdf
fage,Fachfrau/Fachmann Gesundheit EFZ,fage_l09,HKB B/F,L09,"Ruhen, Schlafen und Tagesstruktur",easy,single_choice,Welche Aussage beschreibt das Thema Tagesstruktur im Beruf Fachfrau/Fachmann Gesundheit EFZ am besten?,Tag zufällig gestalten nach gängiger Praxis unter typischen Arbeitsbedingungen,Überforderung fördern im üblichen Berufsalltag im Rahmen der Routine,"Aktivität, Ruhe, Mahlzeiten und persönliche Gewohnheiten sinnvoll planen",Vorlieben ignorieren bei sachgemässer Ausführung bei vergleichbaren Aufgaben,C,Struktur gibt Orientierung und Sicherheit.,"Bildungsplan Fachfrau/Fachmann Gesundheit EFZ, OdASanté/SBFI",https://www.odasante.ch/fileadmin/odasante.ch/docs/Grundbildung/FaGe/FaGe_BiPla.pdf
fage,Fachfrau/Fachmann Gesundheit EFZ,fage_l09,HKB B/F,L09,"Ruhen, Schlafen und Tagesstruktur",medium,single_choice,Worauf muss man beim Thema Tagesstruktur in der Praxis besonders achten?,Tag zufällig gestalten im Produktionsalltag im normalen Werkstattbetrieb,Überforderung fördern im Werkstattumfeld bei sachgemässem Ablauf,Vorlieben ignorieren im laufenden Tagesgeschäft bei sachgemässer Ausführung,"Aktivität, Ruhe, Mahlzeiten und persönliche Gewohnheiten sinnvoll planen",D,Struktur gibt Orientierung und Sicherheit.,"Bildungsplan Fachfrau/Fachmann Gesundheit EFZ, OdASanté/SBFI",https://www.odasante.ch/fileadmin/odasante.ch/docs/Grundbildung/FaGe/FaGe_BiPla.pdf
fage,Fachfrau/Fachmann Gesundheit EFZ,fage_l09,HKB B/F,L09,"Ruhen, Schlafen und Tagesstruktur",hard,single_choice,Welche Aussage zum Thema Tagesstruktur ist fachlich korrekt?,"Aktivität, Ruhe, Mahlzeiten und persönliche Gewohnheiten sinnvoll planen",Tag zufällig gestalten im Rahmen der Routine im konkreten Auftrag,Überforderung fördern unter typischen Arbeitsbedingungen,Vorlieben ignorieren nach gängiger Praxis bei vergleichbaren Aufgaben,A,Struktur gibt Orientierung und Sicherheit.,"Bildungsplan Fachfrau/Fachmann Gesundheit EFZ, OdASanté/SBFI",https://www.odasante.ch/fileadmin/odasante.ch/docs/Grundbildung/FaGe/FaGe_BiPla.pdf
fage,Fachfrau/Fachmann Gesundheit EFZ,fage_l09,HKB B/F,L09,"Ruhen, Schlafen und Tagesstruktur",easy,single_choice,Welche Aussage beschreibt das Thema Aktivierung im Beruf Fachfrau/Fachmann Gesundheit EFZ am besten?,alle gleich beschäftigen bei sachgemässem Ablauf,passende Aktivitäten nach Ressourcen und Interessen anbieten,Überforderung ignorieren im normalen Werkstattbetrieb,Aktivitäten aufzwingen im Produktionsalltag,B,Aktivierung soll Sinn und Teilhabe fördern.,"Bildungsplan Fachfrau/Fachmann Gesundheit EFZ, OdASanté/SBFI",https://www.odasante.ch/fileadmin/odasante.ch/docs/Grundbildung/FaGe/FaGe_BiPla.pdf
fage,Fachfrau/Fachmann Gesundheit EFZ,fage_l09,HKB B/F,L09,"Ruhen, Schlafen und Tagesstruktur",medium,single_choice,Worauf muss man beim Thema Aktivierung in der Praxis besonders achten?,alle gleich beschäftigen bei vergleichbaren Aufgaben,Überforderung ignorieren im konkreten Auftrag,passende Aktivitäten nach Ressourcen und Interessen anbieten,Aktivitäten aufzwingen im Rahmen der Routine im laufenden Tagesgeschäft,C,Aktivierung soll Sinn und Teilhabe fördern.,"Bildungsplan Fachfrau/Fachmann Gesundheit EFZ, OdASanté/SBFI",https://www.odasante.ch/fileadmin/odasante.ch/docs/Grundbildung/FaGe/FaGe_BiPla.pdf
fage,Fachfrau/Fachmann Gesundheit EFZ,fage_l09,HKB B/F,L09,"Ruhen, Schlafen und Tagesstruktur",hard,single_choice,Welche Aussage zum Thema Aktivierung ist fachlich korrekt?,alle gleich beschäftigen bei sachgemässer Ausführung,Überforderung ignorieren im üblichen Berufsalltag,Aktivitäten aufzwingen im normalen Werkstattbetrieb,passende Aktivitäten nach Ressourcen und Interessen anbieten,D,Aktivierung soll Sinn und Teilhabe fördern.,"Bildungsplan Fachfrau/Fachmann Gesundheit EFZ, OdASanté/SBFI",https://www.odasante.ch/fileadmin/odasante.ch/docs/Grundbildung/FaGe/FaGe_BiPla.pdf
fage,Fachfrau/Fachmann Gesundheit EFZ,fage_l09,HKB B/F,L09,"Ruhen, Schlafen und Tagesstruktur",easy,single_choice,Welche Aussage beschreibt das Thema Ruhen im Beruf Fachfrau/Fachmann Gesundheit EFZ am besten?,Erholungsphasen ermöglichen und Bedürfnisse respektieren,Pausen verhindern im konkreten Auftrag bei sachgemässem Ablauf,Rückzug verweigern im Werkstattumfeld im Produktionsalltag,Unruhe verstärken im laufenden Tagesgeschäft,A,Ruhen ist ein Grundbedürfnis.,"Bildungsplan Fachfrau/Fachmann Gesundheit EFZ, OdASanté/SBFI",https://www.odasante.ch/fileadmin/odasante.ch/docs/Grundbildung/FaGe/FaGe_BiPla.pdf
fage,Fachfrau/Fachmann Gesundheit EFZ,fage_l09,HKB B/F,L09,"Ruhen, Schlafen und Tagesstruktur",medium,single_choice,Worauf muss man beim Thema Ruhen in der Praxis besonders achten?,Pausen verhindern im üblichen Berufsalltag,Erholungsphasen ermöglichen und Bedürfnisse respektieren,Rückzug verweigern unter typischen Arbeitsbedingungen,Unruhe verstärken nach gängiger Praxis im Rahmen der Routine,B,Ruhen ist ein Grundbedürfnis.,"Bildungsplan Fachfrau/Fachmann Gesundheit EFZ, OdASanté/SBFI",https://www.odasante.ch/fileadmin/odasante.ch/docs/Grundbildung/FaGe/FaGe_BiPla.pdf
fage,Fachfrau/Fachmann Gesundheit EFZ,fage_l09,HKB B/F,L09,"Ruhen, Schlafen und Tagesstruktur",hard,single_choice,Welche Aussage zum Thema Ruhen ist fachlich korrekt?,Pausen verhindern im Werkstattumfeld im normalen Werkstattbetrieb,Rückzug verweigern bei sachgemässem Ablauf,Erholungsphasen ermöglichen und Bedürfnisse respektieren,Unruhe verstärken im Produktionsalltag bei sachgemässer Ausführung,C,Ruhen ist ein Grundbedürfnis.,"Bildungsplan Fachfrau/Fachmann Gesundheit EFZ, OdASanté/SBFI",https://www.odasante.ch/fileadmin/odasante.ch/docs/Grundbildung/FaGe/FaGe_BiPla.pdf
fage,Fachfrau/Fachmann Gesundheit EFZ,fage_l09,HKB B/F,L09,"Ruhen, Schlafen und Tagesstruktur",easy,single_choice,Welche Aussage beschreibt das Thema Tag-Nacht-Rhythmus im Beruf Fachfrau/Fachmann Gesundheit EFZ am besten?,tagsüber dauerhaft abdunkeln im Rahmen der Routine,nachts laute Aktivitäten planen bei vergleichbaren Aufgaben,Rhythmus nicht beobachten unter typischen Arbeitsbedingungen,"Licht, Aktivität und Ruhezeiten berücksichtigen",D,Rhythmus unterstützt Schlaf und Orientierung.,"Bildungsplan Fachfrau/Fachmann Gesundheit EFZ, OdASanté/SBFI",https://www.odasante.ch/fileadmin/odasante.ch/docs/Grundbildung/FaGe/FaGe_BiPla.pdf
fage,Fachfrau/Fachmann Gesundheit EFZ,fage_l09,HKB B/F,L09,"Ruhen, Schlafen und Tagesstruktur",medium,single_choice,Worauf muss man beim Thema Tag-Nacht-Rhythmus in der Praxis besonders achten?,"Licht, Aktivität und Ruhezeiten berücksichtigen",tagsüber dauerhaft abdunkeln im normalen Werkstattbetrieb,nachts laute Aktivitäten planen bei sachgemässer Ausführung,Rhythmus nicht beobachten bei sachgemässem Ablauf,A,Rhythmus unterstützt Schlaf und Orientierung.,"Bildungsplan Fachfrau/Fachmann Gesundheit EFZ, OdASanté/SBFI",https://www.odasante.ch/fileadmin/odasante.ch/docs/Grundbildung/FaGe/FaGe_BiPla.pdf
fage,Fachfrau/Fachmann Gesundheit EFZ,fage_l09,HKB B/F,L09,"Ruhen, Schlafen und Tagesstruktur",hard,single_choice,Welche Aussage zum Thema Tag-Nacht-Rhythmus ist fachlich korrekt?,tagsüber dauerhaft abdunkeln im konkreten Auftrag,"Licht, Aktivität und Ruhezeiten berücksichtigen",nachts laute Aktivitäten planen im laufenden Tagesgeschäft,Rhythmus nicht beobachten bei vergleichbaren Aufgaben,B,Rhythmus unterstützt Schlaf und Orientierung.,"Bildungsplan Fachfrau/Fachmann Gesundheit EFZ, OdASanté/SBFI",https://www.odasante.ch/fileadmin/odasante.ch/docs/Grundbildung/FaGe/FaGe_BiPla.pdf
fage,Fachfrau/Fachmann Gesundheit EFZ,fage_l09,HKB B/F,L09,"Ruhen, Schlafen und Tagesstruktur",easy,single_choice,Welche Aussage beschreibt das Thema Schlafstörung im Beruf Fachfrau/Fachmann Gesundheit EFZ am besten?,nur Schlafmittel erwarten nach gängiger Praxis unter typischen Arbeitsbedingungen,Ursachen nicht suchen im üblichen Berufsalltag,"Auslöser wie Schmerz, Angst, Harndrang oder Umgebung prüfen",Beschwerden abwerten bei sachgemässer Ausführung,C,Schlafprobleme haben oft mehrere Ursachen.,"Bildungsplan Fachfrau/Fachmann Gesundheit EFZ, OdASanté/SBFI",https://www.odasante.ch/fileadmin/odasante.ch/docs/Grundbildung/FaGe/FaGe_BiPla.pdf
fage,Fachfrau/Fachmann Gesundheit EFZ,fage_l09,HKB B/F,L09,"Ruhen, Schlafen und Tagesstruktur",medium,single_choice,Worauf muss man beim Thema Schlafstörung in der Praxis besonders achten?,nur Schlafmittel erwarten im Produktionsalltag,Ursachen nicht suchen im Werkstattumfeld bei sachgemässem Ablauf,Beschwerden abwerten im laufenden Tagesgeschäft,"Auslöser wie Schmerz, Angst, Harndrang oder Umgebung prüfen",D,Schlafprobleme haben oft mehrere Ursachen.,"Bildungsplan Fachfrau/Fachmann Gesundheit EFZ, OdASanté/SBFI",https://www.odasante.ch/fileadmin/odasante.ch/docs/Grundbildung/FaGe/FaGe_BiPla.pdf
fage,Fachfrau/Fachmann Gesundheit EFZ,fage_l09,HKB B/F,L09,"Ruhen, Schlafen und Tagesstruktur",hard,single_choice,Welche Aussage zum Thema Schlafstörung ist fachlich korrekt?,"Auslöser wie Schmerz, Angst, Harndrang oder Umgebung prüfen",nur Schlafmittel erwarten im Rahmen der Routine,Ursachen nicht suchen unter typischen Arbeitsbedingungen,Beschwerden abwerten nach gängiger Praxis bei vergleichbaren Aufgaben,A,Schlafprobleme haben oft mehrere Ursachen.,"Bildungsplan Fachfrau/Fachmann Gesundheit EFZ, OdASanté/SBFI",https://www.odasante.ch/fileadmin/odasante.ch/docs/Grundbildung/FaGe/FaGe_BiPla.pdf
fage,Fachfrau/Fachmann Gesundheit EFZ,fage_l09,HKB B/F,L09,"Ruhen, Schlafen und Tagesstruktur",easy,single_choice,Welche Aussage beschreibt das Thema Bewusstseinslage im Beruf Fachfrau/Fachmann Gesundheit EFZ am besten?,ungewöhnliche Müdigkeit ignorieren bei sachgemässem Ablauf,Veränderungen wie Somnolenz oder Verwirrtheit erkennen und melden,nicht ansprechbare Person allein lassen im normalen Werkstattbetrieb,nur später nachsehen im Produktionsalltag bei sachgemässer Ausführung,B,Bewusstseinsveränderungen können Notfallzeichen sein.,"Bildungsplan Fachfrau/Fachmann Gesundheit EFZ, OdASanté/SBFI",https://www.odasante.ch/fileadmin/odasante.ch/docs/Grundbildung/FaGe/FaGe_BiPla.pdf
fage,Fachfrau/Fachmann Gesundheit EFZ,fage_l09,HKB B/F,L09,"Ruhen, Schlafen und Tagesstruktur",medium,single_choice,Worauf muss man beim Thema Bewusstseinslage in der Praxis besonders achten?,ungewöhnliche Müdigkeit ignorieren bei vergleichbaren Aufgaben,nicht ansprechbare Person allein lassen im konkreten Auftrag,Veränderungen wie Somnolenz oder Verwirrtheit erkennen und melden,nur später nachsehen im Rahmen der Routine im laufenden Tagesgeschäft,C,Bewusstseinsveränderungen können Notfallzeichen sein.,"Bildungsplan Fachfrau/Fachmann Gesundheit EFZ, OdASanté/SBFI",https://www.odasante.ch/fileadmin/odasante.ch/docs/Grundbildung/FaGe/FaGe_BiPla.pdf
fage,Fachfrau/Fachmann Gesundheit EFZ,fage_l09,HKB B/F,L09,"Ruhen, Schlafen und Tagesstruktur",hard,single_choice,Welche Aussage zum Thema Bewusstseinslage ist fachlich korrekt?,ungewöhnliche Müdigkeit ignorieren bei sachgemässer Ausführung,nicht ansprechbare Person allein lassen im üblichen Berufsalltag,nur später nachsehen im normalen Werkstattbetrieb,Veränderungen wie Somnolenz oder Verwirrtheit erkennen und melden,D,Bewusstseinsveränderungen können Notfallzeichen sein.,"Bildungsplan Fachfrau/Fachmann Gesundheit EFZ, OdASanté/SBFI",https://www.odasante.ch/fileadmin/odasante.ch/docs/Grundbildung/FaGe/FaGe_BiPla.pdf
fage,Fachfrau/Fachmann Gesundheit EFZ,fage_l09,HKB B/F,L09,"Ruhen, Schlafen und Tagesstruktur",easy,single_choice,Welche Aussage beschreibt das Thema Alltagsgestaltung im Beruf Fachfrau/Fachmann Gesundheit EFZ am besten?,Klientengruppen angepasst und professionell begleiten,biografische Interessen ignorieren im Werkstattumfeld,Sicherheit nicht prüfen im laufenden Tagesgeschäft,Ressourcen übersehen im konkreten Auftrag,A,Alltag soll individuell und sicher gestaltet sein.,"Bildungsplan Fachfrau/Fachmann Gesundheit EFZ, OdASanté/SBFI",https://www.odasante.ch/fileadmin/odasante.ch/docs/Grundbildung/FaGe/FaGe_BiPla.pdf
fage,Fachfrau/Fachmann Gesundheit EFZ,fage_l09,HKB B/F,L09,"Ruhen, Schlafen und Tagesstruktur",medium,single_choice,Worauf muss man beim Thema Alltagsgestaltung in der Praxis besonders achten?,biografische Interessen ignorieren unter typischen Arbeitsbedingungen,Klientengruppen angepasst und professionell begleiten,Sicherheit nicht prüfen nach gängiger Praxis,Ressourcen übersehen im üblichen Berufsalltag,B,Alltag soll individuell und sicher gestaltet sein.,"Bildungsplan Fachfrau/Fachmann Gesundheit EFZ, OdASanté/SBFI",https://www.odasante.ch/fileadmin/odasante.ch/docs/Grundbildung/FaGe/FaGe_BiPla.pdf
fage,Fachfrau/Fachmann Gesundheit EFZ,fage_l09,HKB B/F,L09,"Ruhen, Schlafen und Tagesstruktur",hard,single_choice,Welche Aussage zum Thema Alltagsgestaltung ist fachlich korrekt?,biografische Interessen ignorieren bei sachgemässem Ablauf,Sicherheit nicht prüfen im Produktionsalltag,Klientengruppen angepasst und professionell begleiten,Ressourcen übersehen im Werkstattumfeld,C,Alltag soll individuell und sicher gestaltet sein.,"Bildungsplan Fachfrau/Fachmann Gesundheit EFZ, OdASanté/SBFI",https://www.odasante.ch/fileadmin/odasante.ch/docs/Grundbildung/FaGe/FaGe_BiPla.pdf
fage,Fachfrau/Fachmann Gesundheit EFZ,fage_l09,HKB B/F,L09,"Ruhen, Schlafen und Tagesstruktur",easy,single_choice,Welche Aussage beschreibt das Thema Sexualität und Intimität im Beruf Fachfrau/Fachmann Gesundheit EFZ am besten?,Thema tabuisieren unter typischen Arbeitsbedingungen,abwertend reagieren im Rahmen der Routine im konkreten Auftrag,Privatsphäre verletzen bei vergleichbaren Aufgaben,Anliegen respektvoll wahrnehmen und passenden Rahmen ermöglichen,D,Sexualität bleibt Teil der Persönlichkeit und Würde.,"Bildungsplan Fachfrau/Fachmann Gesundheit EFZ, OdASanté/SBFI",https://www.odasante.ch/fileadmin/odasante.ch/docs/Grundbildung/FaGe/FaGe_BiPla.pdf
fage,Fachfrau/Fachmann Gesundheit EFZ,fage_l09,HKB B/F,L09,"Ruhen, Schlafen und Tagesstruktur",medium,single_choice,Worauf muss man beim Thema Sexualität und Intimität in der Praxis besonders achten?,Anliegen respektvoll wahrnehmen und passenden Rahmen ermöglichen,Thema tabuisieren bei sachgemässem Ablauf im üblichen Berufsalltag,abwertend reagieren im normalen Werkstattbetrieb,Privatsphäre verletzen bei sachgemässer Ausführung,A,Sexualität bleibt Teil der Persönlichkeit und Würde.,"Bildungsplan Fachfrau/Fachmann Gesundheit EFZ, OdASanté/SBFI",https://www.odasante.ch/fileadmin/odasante.ch/docs/Grundbildung/FaGe/FaGe_BiPla.pdf
fage,Fachfrau/Fachmann Gesundheit EFZ,fage_l09,HKB B/F,L09,"Ruhen, Schlafen und Tagesstruktur",hard,single_choice,Welche Aussage zum Thema Sexualität und Intimität ist fachlich korrekt?,Thema tabuisieren bei vergleichbaren Aufgaben im Produktionsalltag,Anliegen respektvoll wahrnehmen und passenden Rahmen ermöglichen,abwertend reagieren im konkreten Auftrag im Werkstattumfeld,Privatsphäre verletzen im laufenden Tagesgeschäft,B,Sexualität bleibt Teil der Persönlichkeit und Würde.,"Bildungsplan Fachfrau/Fachmann Gesundheit EFZ, OdASanté/SBFI",https://www.odasante.ch/fileadmin/odasante.ch/docs/Grundbildung/FaGe/FaGe_BiPla.pdf
fage,Fachfrau/Fachmann Gesundheit EFZ,fage_l10,HKB C,L10,Notfallsituationen und Erste Hilfe,easy,single_choice,Welche Aussage beschreibt das Thema Notfallsituation im Beruf Fachfrau/Fachmann Gesundheit EFZ am besten?,panisch weglaufen bei sachgemässer Ausführung unter typischen Arbeitsbedingungen,Notfall verheimlichen im üblichen Berufsalltag im Rahmen der Routine,"Ruhe bewahren, Situation sichern, alarmieren und nach Vorgaben handeln",zuerst Dokumentation erledigen nach gängiger Praxis,C,Notfallhandeln folgt klaren Prioritäten.,"Bildungsplan Fachfrau/Fachmann Gesundheit EFZ, OdASanté/SBFI",https://www.odasante.ch/fileadmin/odasante.ch/docs/Grundbildung/FaGe/FaGe_BiPla.pdf
fage,Fachfrau/Fachmann Gesundheit EFZ,fage_l10,HKB C,L10,Notfallsituationen und Erste Hilfe,medium,single_choice,Worauf muss man beim Thema Notfallsituation in der Praxis besonders achten?,panisch weglaufen im laufenden Tagesgeschäft im normalen Werkstattbetrieb,Notfall verheimlichen im Werkstattumfeld bei sachgemässem Ablauf,zuerst Dokumentation erledigen im Produktionsalltag,"Ruhe bewahren, Situation sichern, alarmieren und nach Vorgaben handeln",D,Notfallhandeln folgt klaren Prioritäten.,"Bildungsplan Fachfrau/Fachmann Gesundheit EFZ, OdASanté/SBFI",https://www.odasante.ch/fileadmin/odasante.ch/docs/Grundbildung/FaGe/FaGe_BiPla.pdf
fage,Fachfrau/Fachmann Gesundheit EFZ,fage_l10,HKB C,L10,Notfallsituationen und Erste Hilfe,hard,single_choice,Welche Aussage zum Thema Notfallsituation ist fachlich korrekt?,"Ruhe bewahren, Situation sichern, alarmieren und nach Vorgaben handeln",panisch weglaufen nach gängiger Praxis bei vergleichbaren Aufgaben,Notfall verheimlichen unter typischen Arbeitsbedingungen,zuerst Dokumentation erledigen im Rahmen der Routine,A,Notfallhandeln folgt klaren Prioritäten.,"Bildungsplan Fachfrau/Fachmann Gesundheit EFZ, OdASanté/SBFI",https://www.odasante.ch/fileadmin/odasante.ch/docs/Grundbildung/FaGe/FaGe_BiPla.pdf
fage,Fachfrau/Fachmann Gesundheit EFZ,fage_l10,HKB C,L10,Notfallsituationen und Erste Hilfe,easy,single_choice,Welche Aussage beschreibt das Thema Bewusstlosigkeit im Beruf Fachfrau/Fachmann Gesundheit EFZ am besten?,Getränk einflössen im Produktionsalltag bei sachgemässer Ausführung,"Atmung prüfen, Hilfe alarmieren und geeignete Sofortmassnahmen einleiten",Person allein lassen bei sachgemässem Ablauf im üblichen Berufsalltag,Sturzursache zuerst diskutieren im normalen Werkstattbetrieb,B,Bewusstlosigkeit ist potenziell lebensbedrohlich.,"Bildungsplan Fachfrau/Fachmann Gesundheit EFZ, OdASanté/SBFI",https://www.odasante.ch/fileadmin/odasante.ch/docs/Grundbildung/FaGe/FaGe_BiPla.pdf
fage,Fachfrau/Fachmann Gesundheit EFZ,fage_l10,HKB C,L10,Notfallsituationen und Erste Hilfe,medium,single_choice,Worauf muss man beim Thema Bewusstlosigkeit in der Praxis besonders achten?,Getränk einflössen im Rahmen der Routine im laufenden Tagesgeschäft,Person allein lassen bei vergleichbaren Aufgaben im Werkstattumfeld,"Atmung prüfen, Hilfe alarmieren und geeignete Sofortmassnahmen einleiten",Sturzursache zuerst diskutieren im konkreten Auftrag,C,Bewusstlosigkeit ist potenziell lebensbedrohlich.,"Bildungsplan Fachfrau/Fachmann Gesundheit EFZ, OdASanté/SBFI",https://www.odasante.ch/fileadmin/odasante.ch/docs/Grundbildung/FaGe/FaGe_BiPla.pdf
fage,Fachfrau/Fachmann Gesundheit EFZ,fage_l10,HKB C,L10,Notfallsituationen und Erste Hilfe,hard,single_choice,Welche Aussage zum Thema Bewusstlosigkeit ist fachlich korrekt?,Getränk einflössen im normalen Werkstattbetrieb nach gängiger Praxis,Person allein lassen bei sachgemässer Ausführung unter typischen Arbeitsbedingungen,Sturzursache zuerst diskutieren im üblichen Berufsalltag,"Atmung prüfen, Hilfe alarmieren und geeignete Sofortmassnahmen einleiten",D,Bewusstlosigkeit ist potenziell lebensbedrohlich.,"Bildungsplan Fachfrau/Fachmann Gesundheit EFZ, OdASanté/SBFI",https://www.odasante.ch/fileadmin/odasante.ch/docs/Grundbildung/FaGe/FaGe_BiPla.pdf
fage,Fachfrau/Fachmann Gesundheit EFZ,fage_l10,HKB C,L10,Notfallsituationen und Erste Hilfe,easy,single_choice,Welche Aussage beschreibt das Thema Reanimation im Beruf Fachfrau/Fachmann Gesundheit EFZ am besten?,nach betrieblichem Schema alarmieren und mit Basismaßnahmen beginnen,auf spontane Besserung warten im laufenden Tagesgeschäft,Thoraxkompressionen vermeiden im Werkstattumfeld bei sachgemässem Ablauf,AED nie holen im konkreten Auftrag im Produktionsalltag,A,Rasche Reaktion erhöht Überlebenschancen.,"Bildungsplan Fachfrau/Fachmann Gesundheit EFZ, OdASanté/SBFI",https://www.odasante.ch/fileadmin/odasante.ch/docs/Grundbildung/FaGe/FaGe_BiPla.pdf
fage,Fachfrau/Fachmann Gesundheit EFZ,fage_l10,HKB C,L10,Notfallsituationen und Erste Hilfe,medium,single_choice,Worauf muss man beim Thema Reanimation in der Praxis besonders achten?,auf spontane Besserung warten nach gängiger Praxis,nach betrieblichem Schema alarmieren und mit Basismaßnahmen beginnen,Thoraxkompressionen vermeiden unter typischen Arbeitsbedingungen,AED nie holen im üblichen Berufsalltag im Rahmen der Routine,B,Rasche Reaktion erhöht Überlebenschancen.,"Bildungsplan Fachfrau/Fachmann Gesundheit EFZ, OdASanté/SBFI",https://www.odasante.ch/fileadmin/odasante.ch/docs/Grundbildung/FaGe/FaGe_BiPla.pdf
fage,Fachfrau/Fachmann Gesundheit EFZ,fage_l10,HKB C,L10,Notfallsituationen und Erste Hilfe,hard,single_choice,Welche Aussage zum Thema Reanimation ist fachlich korrekt?,auf spontane Besserung warten im Produktionsalltag,Thoraxkompressionen vermeiden bei sachgemässem Ablauf,nach betrieblichem Schema alarmieren und mit Basismaßnahmen beginnen,AED nie holen im Werkstattumfeld im normalen Werkstattbetrieb,C,Rasche Reaktion erhöht Überlebenschancen.,"Bildungsplan Fachfrau/Fachmann Gesundheit EFZ, OdASanté/SBFI",https://www.odasante.ch/fileadmin/odasante.ch/docs/Grundbildung/FaGe/FaGe_BiPla.pdf
fage,Fachfrau/Fachmann Gesundheit EFZ,fage_l10,HKB C,L10,Notfallsituationen und Erste Hilfe,easy,single_choice,Welche Aussage beschreibt das Thema Brandfall im Beruf Fachfrau/Fachmann Gesundheit EFZ am besten?,Lift benutzen unter typischen Arbeitsbedingungen,Brand ignorieren im Rahmen der Routine im konkreten Auftrag,Material zuerst retten bei vergleichbaren Aufgaben,"alarmieren, retten, Türen schliessen und Evakuationswege beachten",D,Brandschutz folgt betrieblichen Notfallkonzepten.,"Bildungsplan Fachfrau/Fachmann Gesundheit EFZ, OdASanté/SBFI",https://www.odasante.ch/fileadmin/odasante.ch/docs/Grundbildung/FaGe/FaGe_BiPla.pdf
fage,Fachfrau/Fachmann Gesundheit EFZ,fage_l10,HKB C,L10,Notfallsituationen und Erste Hilfe,medium,single_choice,Worauf muss man beim Thema Brandfall in der Praxis besonders achten?,"alarmieren, retten, Türen schliessen und Evakuationswege beachten",Lift benutzen bei sachgemässem Ablauf im üblichen Berufsalltag,Brand ignorieren im normalen Werkstattbetrieb nach gängiger Praxis,Material zuerst retten bei sachgemässer Ausführung,A,Brandschutz folgt betrieblichen Notfallkonzepten.,"Bildungsplan Fachfrau/Fachmann Gesundheit EFZ, OdASanté/SBFI",https://www.odasante.ch/fileadmin/odasante.ch/docs/Grundbildung/FaGe/FaGe_BiPla.pdf
fage,Fachfrau/Fachmann Gesundheit EFZ,fage_l10,HKB C,L10,Notfallsituationen und Erste Hilfe,hard,single_choice,Welche Aussage zum Thema Brandfall ist fachlich korrekt?,Lift benutzen bei vergleichbaren Aufgaben im Produktionsalltag,"alarmieren, retten, Türen schliessen und Evakuationswege beachten",Brand ignorieren im konkreten Auftrag im Werkstattumfeld,Material zuerst retten im laufenden Tagesgeschäft,B,Brandschutz folgt betrieblichen Notfallkonzepten.,"Bildungsplan Fachfrau/Fachmann Gesundheit EFZ, OdASanté/SBFI",https://www.odasante.ch/fileadmin/odasante.ch/docs/Grundbildung/FaGe/FaGe_BiPla.pdf
fage,Fachfrau/Fachmann Gesundheit EFZ,fage_l10,HKB C,L10,Notfallsituationen und Erste Hilfe,easy,single_choice,Welche Aussage beschreibt das Thema Sturz im Zimmer im Beruf Fachfrau/Fachmann Gesundheit EFZ am besten?,rasch hochheben bei sachgemässer Ausführung im Rahmen der Routine,Schmerzen ignorieren im üblichen Berufsalltag bei vergleichbaren Aufgaben,"Klientin nicht sofort aufziehen, sondern Zustand prüfen und Hilfe holen",Ereignis nicht melden nach gängiger Praxis unter typischen Arbeitsbedingungen,C,Nach Sturz können Verletzungen vorliegen.,"Bildungsplan Fachfrau/Fachmann Gesundheit EFZ, OdASanté/SBFI",https://www.odasante.ch/fileadmin/odasante.ch/docs/Grundbildung/FaGe/FaGe_BiPla.pdf
fage,Fachfrau/Fachmann Gesundheit EFZ,fage_l10,HKB C,L10,Notfallsituationen und Erste Hilfe,medium,single_choice,Worauf muss man beim Thema Sturz im Zimmer in der Praxis besonders achten?,rasch hochheben im laufenden Tagesgeschäft im normalen Werkstattbetrieb,Schmerzen ignorieren im Werkstattumfeld bei sachgemässem Ablauf,Ereignis nicht melden im Produktionsalltag bei sachgemässer Ausführung,"Klientin nicht sofort aufziehen, sondern Zustand prüfen und Hilfe holen",D,Nach Sturz können Verletzungen vorliegen.,"Bildungsplan Fachfrau/Fachmann Gesundheit EFZ, OdASanté/SBFI",https://www.odasante.ch/fileadmin/odasante.ch/docs/Grundbildung/FaGe/FaGe_BiPla.pdf
fage,Fachfrau/Fachmann Gesundheit EFZ,fage_l10,HKB C,L10,Notfallsituationen und Erste Hilfe,hard,single_choice,Welche Aussage zum Thema Sturz im Zimmer ist fachlich korrekt?,"Klientin nicht sofort aufziehen, sondern Zustand prüfen und Hilfe holen",rasch hochheben nach gängiger Praxis bei vergleichbaren Aufgaben,Schmerzen ignorieren unter typischen Arbeitsbedingungen,Ereignis nicht melden im Rahmen der Routine im konkreten Auftrag,A,Nach Sturz können Verletzungen vorliegen.,"Bildungsplan Fachfrau/Fachmann Gesundheit EFZ, OdASanté/SBFI",https://www.odasante.ch/fileadmin/odasante.ch/docs/Grundbildung/FaGe/FaGe_BiPla.pdf
fage,Fachfrau/Fachmann Gesundheit EFZ,fage_l10,HKB C,L10,Notfallsituationen und Erste Hilfe,easy,single_choice,Welche Aussage beschreibt das Thema akute Atemnot im Beruf Fachfrau/Fachmann Gesundheit EFZ am besten?,flach lagern im Produktionsalltag im normalen Werkstattbetrieb,"Position unterstützen, beruhigen, Vitalzeichen beachten und Hilfe holen",Person allein lassen bei sachgemässem Ablauf bei sachgemässer Ausführung,Sauerstoff eigenmächtig starten ohne Vorgabe im üblichen Berufsalltag,B,Atemnot kann schnell kritisch werden.,"Bildungsplan Fachfrau/Fachmann Gesundheit EFZ, OdASanté/SBFI",https://www.odasante.ch/fileadmin/odasante.ch/docs/Grundbildung/FaGe/FaGe_BiPla.pdf
fage,Fachfrau/Fachmann Gesundheit EFZ,fage_l10,HKB C,L10,Notfallsituationen und Erste Hilfe,medium,single_choice,Worauf muss man beim Thema akute Atemnot in der Praxis besonders achten?,flach lagern im Rahmen der Routine im konkreten Auftrag,Person allein lassen bei vergleichbaren Aufgaben im Werkstattumfeld,"Position unterstützen, beruhigen, Vitalzeichen beachten und Hilfe holen",Sauerstoff eigenmächtig starten ohne Vorgabe im laufenden Tagesgeschäft,C,Atemnot kann schnell kritisch werden.,"Bildungsplan Fachfrau/Fachmann Gesundheit EFZ, OdASanté/SBFI",https://www.odasante.ch/fileadmin/odasante.ch/docs/Grundbildung/FaGe/FaGe_BiPla.pdf
fage,Fachfrau/Fachmann Gesundheit EFZ,fage_l10,HKB C,L10,Notfallsituationen und Erste Hilfe,hard,single_choice,Welche Aussage zum Thema akute Atemnot ist fachlich korrekt?,flach lagern im normalen Werkstattbetrieb im üblichen Berufsalltag,Person allein lassen bei sachgemässer Ausführung unter typischen Arbeitsbedingungen,Sauerstoff eigenmächtig starten ohne Vorgabe nach gängiger Praxis,"Position unterstützen, beruhigen, Vitalzeichen beachten und Hilfe holen",D,Atemnot kann schnell kritisch werden.,"Bildungsplan Fachfrau/Fachmann Gesundheit EFZ, OdASanté/SBFI",https://www.odasante.ch/fileadmin/odasante.ch/docs/Grundbildung/FaGe/FaGe_BiPla.pdf
fage,Fachfrau/Fachmann Gesundheit EFZ,fage_l10,HKB C,L10,Notfallsituationen und Erste Hilfe,easy,single_choice,Welche Aussage beschreibt das Thema Schockzeichen im Beruf Fachfrau/Fachmann Gesundheit EFZ am besten?,"Blässe, Kaltschweissigkeit, Unruhe oder Blutdruckabfall ernst nehmen",Zeichen als Nervosität abtun im Werkstattumfeld bei sachgemässem Ablauf,keine Hilfe holen im konkreten Auftrag im Produktionsalltag,Person herumlaufen lassen im laufenden Tagesgeschäft,A,Schock ist ein Notfallzustand.,"Bildungsplan Fachfrau/Fachmann Gesundheit EFZ, OdASanté/SBFI",https://www.odasante.ch/fileadmin/odasante.ch/docs/Grundbildung/FaGe/FaGe_BiPla.pdf
fage,Fachfrau/Fachmann Gesundheit EFZ,fage_l10,HKB C,L10,Notfallsituationen und Erste Hilfe,medium,single_choice,Worauf muss man beim Thema Schockzeichen in der Praxis besonders achten?,Zeichen als Nervosität abtun unter typischen Arbeitsbedingungen,"Blässe, Kaltschweissigkeit, Unruhe oder Blutdruckabfall ernst nehmen",keine Hilfe holen im üblichen Berufsalltag im Rahmen der Routine,Person herumlaufen lassen nach gängiger Praxis bei vergleichbaren Aufgaben,B,Schock ist ein Notfallzustand.,"Bildungsplan Fachfrau/Fachmann Gesundheit EFZ, OdASanté/SBFI",https://www.odasante.ch/fileadmin/odasante.ch/docs/Grundbildung/FaGe/FaGe_BiPla.pdf
fage,Fachfrau/Fachmann Gesundheit EFZ,fage_l10,HKB C,L10,Notfallsituationen und Erste Hilfe,hard,single_choice,Welche Aussage zum Thema Schockzeichen ist fachlich korrekt?,Zeichen als Nervosität abtun bei sachgemässem Ablauf,keine Hilfe holen im Werkstattumfeld im normalen Werkstattbetrieb,"Blässe, Kaltschweissigkeit, Unruhe oder Blutdruckabfall ernst nehmen",Person herumlaufen lassen im Produktionsalltag bei sachgemässer Ausführung,C,Schock ist ein Notfallzustand.,"Bildungsplan Fachfrau/Fachmann Gesundheit EFZ, OdASanté/SBFI",https://www.odasante.ch/fileadmin/odasante.ch/docs/Grundbildung/FaGe/FaGe_BiPla.pdf
fage,Fachfrau/Fachmann Gesundheit EFZ,fage_l10,HKB C,L10,Notfallsituationen und Erste Hilfe,easy,single_choice,Welche Aussage beschreibt das Thema Selbstgefährdung im Beruf Fachfrau/Fachmann Gesundheit EFZ am besten?,Aussagen bagatellisieren im Rahmen der Routine im konkreten Auftrag,Versprechen absoluter Geheimhaltung geben bei vergleichbaren Aufgaben,Team nicht informieren unter typischen Arbeitsbedingungen,"Hinweise ernst nehmen, nicht allein lassen und Fachpersonen beiziehen",D,Selbstgefährdung braucht sofortige Unterstützung.,"Bildungsplan Fachfrau/Fachmann Gesundheit EFZ, OdASanté/SBFI",https://www.odasante.ch/fileadmin/odasante.ch/docs/Grundbildung/FaGe/FaGe_BiPla.pdf
fage,Fachfrau/Fachmann Gesundheit EFZ,fage_l10,HKB C,L10,Notfallsituationen und Erste Hilfe,medium,single_choice,Worauf muss man beim Thema Selbstgefährdung in der Praxis besonders achten?,"Hinweise ernst nehmen, nicht allein lassen und Fachpersonen beiziehen",Aussagen bagatellisieren im normalen Werkstattbetrieb,Versprechen absoluter Geheimhaltung geben bei sachgemässer Ausführung,Team nicht informieren bei sachgemässem Ablauf im üblichen Berufsalltag,A,Selbstgefährdung braucht sofortige Unterstützung.,"Bildungsplan Fachfrau/Fachmann Gesundheit EFZ, OdASanté/SBFI",https://www.odasante.ch/fileadmin/odasante.ch/docs/Grundbildung/FaGe/FaGe_BiPla.pdf
fage,Fachfrau/Fachmann Gesundheit EFZ,fage_l10,HKB C,L10,Notfallsituationen und Erste Hilfe,hard,single_choice,Welche Aussage zum Thema Selbstgefährdung ist fachlich korrekt?,Aussagen bagatellisieren im konkreten Auftrag im Werkstattumfeld,"Hinweise ernst nehmen, nicht allein lassen und Fachpersonen beiziehen",Versprechen absoluter Geheimhaltung geben im laufenden Tagesgeschäft,Team nicht informieren bei vergleichbaren Aufgaben,B,Selbstgefährdung braucht sofortige Unterstützung.,"Bildungsplan Fachfrau/Fachmann Gesundheit EFZ, OdASanté/SBFI",https://www.odasante.ch/fileadmin/odasante.ch/docs/Grundbildung/FaGe/FaGe_BiPla.pdf
fage,Fachfrau/Fachmann Gesundheit EFZ,fage_l10,HKB C,L10,Notfallsituationen und Erste Hilfe,easy,single_choice,Welche Aussage beschreibt das Thema Fremdgefährdung im Beruf Fachfrau/Fachmann Gesundheit EFZ am besten?,allein körperlich eingreifen im üblichen Berufsalltag,Provokation verstärken bei sachgemässer Ausführung,"Eigenschutz, Deeskalation und Hilfe gemäss Konzept sicherstellen",Ausgänge blockieren ohne Konzept nach gängiger Praxis,C,Sicherheit für alle Beteiligten hat Vorrang.,"Bildungsplan Fachfrau/Fachmann Gesundheit EFZ, OdASanté/SBFI",https://www.odasante.ch/fileadmin/odasante.ch/docs/Grundbildung/FaGe/FaGe_BiPla.pdf
fage,Fachfrau/Fachmann Gesundheit EFZ,fage_l10,HKB C,L10,Notfallsituationen und Erste Hilfe,medium,single_choice,Worauf muss man beim Thema Fremdgefährdung in der Praxis besonders achten?,allein körperlich eingreifen im Werkstattumfeld bei sachgemässem Ablauf,Provokation verstärken im laufenden Tagesgeschäft,Ausgänge blockieren ohne Konzept im Produktionsalltag,"Eigenschutz, Deeskalation und Hilfe gemäss Konzept sicherstellen",D,Sicherheit für alle Beteiligten hat Vorrang.,"Bildungsplan Fachfrau/Fachmann Gesundheit EFZ, OdASanté/SBFI",https://www.odasante.ch/fileadmin/odasante.ch/docs/Grundbildung/FaGe/FaGe_BiPla.pdf
fage,Fachfrau/Fachmann Gesundheit EFZ,fage_l10,HKB C,L10,Notfallsituationen und Erste Hilfe,hard,single_choice,Welche Aussage zum Thema Fremdgefährdung ist fachlich korrekt?,"Eigenschutz, Deeskalation und Hilfe gemäss Konzept sicherstellen",allein körperlich eingreifen unter typischen Arbeitsbedingungen,Provokation verstärken nach gängiger Praxis bei vergleichbaren Aufgaben,Ausgänge blockieren ohne Konzept im Rahmen der Routine,A,Sicherheit für alle Beteiligten hat Vorrang.,"Bildungsplan Fachfrau/Fachmann Gesundheit EFZ, OdASanté/SBFI",https://www.odasante.ch/fileadmin/odasante.ch/docs/Grundbildung/FaGe/FaGe_BiPla.pdf
fage,Fachfrau/Fachmann Gesundheit EFZ,fage_l10,HKB C,L10,Notfallsituationen und Erste Hilfe,easy,single_choice,Welche Aussage beschreibt das Thema Notfalldokumentation im Beruf Fachfrau/Fachmann Gesundheit EFZ am besten?,erst nach Tagen frei erinnern im normalen Werkstattbetrieb,"Ereignis, Massnahmen, Zeiten und Beobachtungen sachlich festhalten",Wichtiges weglassen im Produktionsalltag bei sachgemässer Ausführung,Schuldzuweisungen notieren bei sachgemässem Ablauf,B,Nachvollziehbarkeit ist für Behandlung und Qualität wichtig.,"Bildungsplan Fachfrau/Fachmann Gesundheit EFZ, OdASanté/SBFI",https://www.odasante.ch/fileadmin/odasante.ch/docs/Grundbildung/FaGe/FaGe_BiPla.pdf
fage,Fachfrau/Fachmann Gesundheit EFZ,fage_l10,HKB C,L10,Notfallsituationen und Erste Hilfe,medium,single_choice,Worauf muss man beim Thema Notfalldokumentation in der Praxis besonders achten?,erst nach Tagen frei erinnern im konkreten Auftrag,Wichtiges weglassen im Rahmen der Routine im laufenden Tagesgeschäft,"Ereignis, Massnahmen, Zeiten und Beobachtungen sachlich festhalten",Schuldzuweisungen notieren bei vergleichbaren Aufgaben,C,Nachvollziehbarkeit ist für Behandlung und Qualität wichtig.,"Bildungsplan Fachfrau/Fachmann Gesundheit EFZ, OdASanté/SBFI",https://www.odasante.ch/fileadmin/odasante.ch/docs/Grundbildung/FaGe/FaGe_BiPla.pdf
fage,Fachfrau/Fachmann Gesundheit EFZ,fage_l10,HKB C,L10,Notfallsituationen und Erste Hilfe,hard,single_choice,Welche Aussage zum Thema Notfalldokumentation ist fachlich korrekt?,erst nach Tagen frei erinnern im üblichen Berufsalltag,Wichtiges weglassen im normalen Werkstattbetrieb nach gängiger Praxis,Schuldzuweisungen notieren bei sachgemässer Ausführung,"Ereignis, Massnahmen, Zeiten und Beobachtungen sachlich festhalten",D,Nachvollziehbarkeit ist für Behandlung und Qualität wichtig.,"Bildungsplan Fachfrau/Fachmann Gesundheit EFZ, OdASanté/SBFI",https://www.odasante.ch/fileadmin/odasante.ch/docs/Grundbildung/FaGe/FaGe_BiPla.pdf
fage,Fachfrau/Fachmann Gesundheit EFZ,fage_l11,HKB C,L11,"Palliative Care, Sterbephase und chronische Situationen",easy,single_choice,Welche Aussage beschreibt das Thema Palliative Care im Beruf Fachfrau/Fachmann Gesundheit EFZ am besten?,"Lebensqualität, Symptomlinderung und Würde in den Mittelpunkt stellen",Heilung um jeden Preis versprechen im Werkstattumfeld,Wünsche ignorieren im konkreten Auftrag im Produktionsalltag,Angehörige ausschliessen im laufenden Tagesgeschäft bei sachgemässem Ablauf,A,Palliative Betreuung orientiert sich an Lebensqualität.,"Bildungsplan Fachfrau/Fachmann Gesundheit EFZ, OdASanté/SBFI",https://www.odasante.ch/fileadmin/odasante.ch/docs/Grundbildung/FaGe/FaGe_BiPla.pdf
fage,Fachfrau/Fachmann Gesundheit EFZ,fage_l11,HKB C,L11,"Palliative Care, Sterbephase und chronische Situationen",medium,single_choice,Worauf muss man beim Thema Palliative Care in der Praxis besonders achten?,Heilung um jeden Preis versprechen unter typischen Arbeitsbedingungen,"Lebensqualität, Symptomlinderung und Würde in den Mittelpunkt stellen",Wünsche ignorieren im üblichen Berufsalltag im Rahmen der Routine,Angehörige ausschliessen nach gängiger Praxis bei vergleichbaren Aufgaben,B,Palliative Betreuung orientiert sich an Lebensqualität.,"Bildungsplan Fachfrau/Fachmann Gesundheit EFZ, OdASanté/SBFI",https://www.odasante.ch/fileadmin/odasante.ch/docs/Grundbildung/FaGe/FaGe_BiPla.pdf
fage,Fachfrau/Fachmann Gesundheit EFZ,fage_l11,HKB C,L11,"Palliative Care, Sterbephase und chronische Situationen",hard,single_choice,Welche Aussage zum Thema Palliative Care ist fachlich korrekt?,Heilung um jeden Preis versprechen bei sachgemässem Ablauf,Wünsche ignorieren im Werkstattumfeld im normalen Werkstattbetrieb,"Lebensqualität, Symptomlinderung und Würde in den Mittelpunkt stellen",Angehörige ausschliessen im Produktionsalltag bei sachgemässer Ausführung,C,Palliative Betreuung orientiert sich an Lebensqualität.,"Bildungsplan Fachfrau/Fachmann Gesundheit EFZ, OdASanté/SBFI",https://www.odasante.ch/fileadmin/odasante.ch/docs/Grundbildung/FaGe/FaGe_BiPla.pdf
fage,Fachfrau/Fachmann Gesundheit EFZ,fage_l11,HKB C,L11,"Palliative Care, Sterbephase und chronische Situationen",easy,single_choice,Welche Aussage beschreibt das Thema Sterbephase im Beruf Fachfrau/Fachmann Gesundheit EFZ am besten?,Sterben tabuisieren unter typischen Arbeitsbedingungen,Person allein lassen im Rahmen der Routine,Bedürfnisse übergehen bei vergleichbaren Aufgaben,"Veränderungen erkennen und ruhig, respektvoll begleiten",D,Begleitung in der Sterbephase verlangt Sensibilität.,"Bildungsplan Fachfrau/Fachmann Gesundheit EFZ, OdASanté/SBFI",https://www.odasante.ch/fileadmin/odasante.ch/docs/Grundbildung/FaGe/FaGe_BiPla.pdf
fage,Fachfrau/Fachmann Gesundheit EFZ,fage_l11,HKB C,L11,"Palliative Care, Sterbephase und chronische Situationen",medium,single_choice,Worauf muss man beim Thema Sterbephase in der Praxis besonders achten?,"Veränderungen erkennen und ruhig, respektvoll begleiten",Sterben tabuisieren bei sachgemässem Ablauf,Person allein lassen im normalen Werkstattbetrieb,Bedürfnisse übergehen bei sachgemässer Ausführung,A,Begleitung in der Sterbephase verlangt Sensibilität.,"Bildungsplan Fachfrau/Fachmann Gesundheit EFZ, OdASanté/SBFI",https://www.odasante.ch/fileadmin/odasante.ch/docs/Grundbildung/FaGe/FaGe_BiPla.pdf
fage,Fachfrau/Fachmann Gesundheit EFZ,fage_l11,HKB C,L11,"Palliative Care, Sterbephase und chronische Situationen",hard,single_choice,Welche Aussage zum Thema Sterbephase ist fachlich korrekt?,Sterben tabuisieren bei vergleichbaren Aufgaben,"Veränderungen erkennen und ruhig, respektvoll begleiten",Person allein lassen im konkreten Auftrag,Bedürfnisse übergehen im laufenden Tagesgeschäft,B,Begleitung in der Sterbephase verlangt Sensibilität.,"Bildungsplan Fachfrau/Fachmann Gesundheit EFZ, OdASanté/SBFI",https://www.odasante.ch/fileadmin/odasante.ch/docs/Grundbildung/FaGe/FaGe_BiPla.pdf
fage,Fachfrau/Fachmann Gesundheit EFZ,fage_l11,HKB C,L11,"Palliative Care, Sterbephase und chronische Situationen",easy,single_choice,Welche Aussage beschreibt das Thema Angehörigenbegleitung im Beruf Fachfrau/Fachmann Gesundheit EFZ am besten?,falsche Prognosen geben nach gängiger Praxis bei vergleichbaren Aufgaben,Fragen abblocken im üblichen Berufsalltag unter typischen Arbeitsbedingungen,"zuhören, informieren im Rahmen der Zuständigkeit und Unterstützung anbieten",Trauer bewerten bei sachgemässer Ausführung im Rahmen der Routine,C,Angehörige brauchen Orientierung und Respekt.,"Bildungsplan Fachfrau/Fachmann Gesundheit EFZ, OdASanté/SBFI",https://www.odasante.ch/fileadmin/odasante.ch/docs/Grundbildung/FaGe/FaGe_BiPla.pdf
fage,Fachfrau/Fachmann Gesundheit EFZ,fage_l11,HKB C,L11,"Palliative Care, Sterbephase und chronische Situationen",medium,single_choice,Worauf muss man beim Thema Angehörigenbegleitung in der Praxis besonders achten?,falsche Prognosen geben im Produktionsalltag bei sachgemässer Ausführung,Fragen abblocken im Werkstattumfeld bei sachgemässem Ablauf,Trauer bewerten im laufenden Tagesgeschäft im normalen Werkstattbetrieb,"zuhören, informieren im Rahmen der Zuständigkeit und Unterstützung anbieten",D,Angehörige brauchen Orientierung und Respekt.,"Bildungsplan Fachfrau/Fachmann Gesundheit EFZ, OdASanté/SBFI",https://www.odasante.ch/fileadmin/odasante.ch/docs/Grundbildung/FaGe/FaGe_BiPla.pdf
fage,Fachfrau/Fachmann Gesundheit EFZ,fage_l11,HKB C,L11,"Palliative Care, Sterbephase und chronische Situationen",hard,single_choice,Welche Aussage zum Thema Angehörigenbegleitung ist fachlich korrekt?,"zuhören, informieren im Rahmen der Zuständigkeit und Unterstützung anbieten",falsche Prognosen geben im Rahmen der Routine im konkreten Auftrag,Fragen abblocken unter typischen Arbeitsbedingungen im laufenden Tagesgeschäft,Trauer bewerten nach gängiger Praxis bei vergleichbaren Aufgaben,A,Angehörige brauchen Orientierung und Respekt.,"Bildungsplan Fachfrau/Fachmann Gesundheit EFZ, OdASanté/SBFI",https://www.odasante.ch/fileadmin/odasante.ch/docs/Grundbildung/FaGe/FaGe_BiPla.pdf
fage,Fachfrau/Fachmann Gesundheit EFZ,fage_l11,HKB C,L11,"Palliative Care, Sterbephase und chronische Situationen",easy,single_choice,Welche Aussage beschreibt das Thema Schmerzmanagement im Beruf Fachfrau/Fachmann Gesundheit EFZ am besten?,Schmerzäusserungen bezweifeln im normalen Werkstattbetrieb,"Schmerzen beobachten, melden und angeordnete Massnahmen unterstützen",Dosis eigenmächtig ändern bei sachgemässem Ablauf,Wirkung nicht beobachten im Produktionsalltag bei sachgemässer Ausführung,B,Schmerz ist subjektiv und braucht systematische Beobachtung.,"Bildungsplan Fachfrau/Fachmann Gesundheit EFZ, OdASanté/SBFI",https://www.odasante.ch/fileadmin/odasante.ch/docs/Grundbildung/FaGe/FaGe_BiPla.pdf
fage,Fachfrau/Fachmann Gesundheit EFZ,fage_l11,HKB C,L11,"Palliative Care, Sterbephase und chronische Situationen",medium,single_choice,Worauf muss man beim Thema Schmerzmanagement in der Praxis besonders achten?,Schmerzäusserungen bezweifeln im konkreten Auftrag,Dosis eigenmächtig ändern bei vergleichbaren Aufgaben,"Schmerzen beobachten, melden und angeordnete Massnahmen unterstützen",Wirkung nicht beobachten im Rahmen der Routine im laufenden Tagesgeschäft,C,Schmerz ist subjektiv und braucht systematische Beobachtung.,"Bildungsplan Fachfrau/Fachmann Gesundheit EFZ, OdASanté/SBFI",https://www.odasante.ch/fileadmin/odasante.ch/docs/Grundbildung/FaGe/FaGe_BiPla.pdf
fage,Fachfrau/Fachmann Gesundheit EFZ,fage_l11,HKB C,L11,"Palliative Care, Sterbephase und chronische Situationen",hard,single_choice,Welche Aussage zum Thema Schmerzmanagement ist fachlich korrekt?,Schmerzäusserungen bezweifeln im üblichen Berufsalltag,Dosis eigenmächtig ändern bei sachgemässer Ausführung nach gängiger Praxis,Wirkung nicht beobachten im normalen Werkstattbetrieb,"Schmerzen beobachten, melden und angeordnete Massnahmen unterstützen",D,Schmerz ist subjektiv und braucht systematische Beobachtung.,"Bildungsplan Fachfrau/Fachmann Gesundheit EFZ, OdASanté/SBFI",https://www.odasante.ch/fileadmin/odasante.ch/docs/Grundbildung/FaGe/FaGe_BiPla.pdf
fage,Fachfrau/Fachmann Gesundheit EFZ,fage_l11,HKB C,L11,"Palliative Care, Sterbephase und chronische Situationen",easy,single_choice,Welche Aussage beschreibt das Thema chronische Erkrankung im Beruf Fachfrau/Fachmann Gesundheit EFZ am besten?,"Langzeitverlauf, Ressourcen und Selbstmanagement berücksichtigen",nur Akutsymptome beachten im konkreten Auftrag im Produktionsalltag,Alltag der Person ignorieren im Werkstattumfeld,Therapieziele nicht kennen im laufenden Tagesgeschäft,A,Chronische Situationen verlangen kontinuierliche Begleitung.,"Bildungsplan Fachfrau/Fachmann Gesundheit EFZ, OdASanté/SBFI",https://www.odasante.ch/fileadmin/odasante.ch/docs/Grundbildung/FaGe/FaGe_BiPla.pdf
fage,Fachfrau/Fachmann Gesundheit EFZ,fage_l11,HKB C,L11,"Palliative Care, Sterbephase und chronische Situationen",medium,single_choice,Worauf muss man beim Thema chronische Erkrankung in der Praxis besonders achten?,nur Akutsymptome beachten im üblichen Berufsalltag,"Langzeitverlauf, Ressourcen und Selbstmanagement berücksichtigen",Alltag der Person ignorieren unter typischen Arbeitsbedingungen,Therapieziele nicht kennen nach gängiger Praxis,B,Chronische Situationen verlangen kontinuierliche Begleitung.,"Bildungsplan Fachfrau/Fachmann Gesundheit EFZ, OdASanté/SBFI",https://www.odasante.ch/fileadmin/odasante.ch/docs/Grundbildung/FaGe/FaGe_BiPla.pdf
fage,Fachfrau/Fachmann Gesundheit EFZ,fage_l11,HKB C,L11,"Palliative Care, Sterbephase und chronische Situationen",hard,single_choice,Welche Aussage zum Thema chronische Erkrankung ist fachlich korrekt?,nur Akutsymptome beachten im Werkstattumfeld im normalen Werkstattbetrieb,Alltag der Person ignorieren bei sachgemässem Ablauf,"Langzeitverlauf, Ressourcen und Selbstmanagement berücksichtigen",Therapieziele nicht kennen im Produktionsalltag,C,Chronische Situationen verlangen kontinuierliche Begleitung.,"Bildungsplan Fachfrau/Fachmann Gesundheit EFZ, OdASanté/SBFI",https://www.odasante.ch/fileadmin/odasante.ch/docs/Grundbildung/FaGe/FaGe_BiPla.pdf
fage,Fachfrau/Fachmann Gesundheit EFZ,fage_l11,HKB C,L11,"Palliative Care, Sterbephase und chronische Situationen",easy,single_choice,Welche Aussage beschreibt das Thema Multimorbidität im Beruf Fachfrau/Fachmann Gesundheit EFZ am besten?,jede Diagnose isoliert betrachten bei vergleichbaren Aufgaben,Medikamentenrisiken ignorieren im Rahmen der Routine,Überforderung nicht erkennen unter typischen Arbeitsbedingungen,mehrere Erkrankungen und ihre Wechselwirkungen im Alltag beachten,D,Multimorbidität erhöht Komplexität.,"Bildungsplan Fachfrau/Fachmann Gesundheit EFZ, OdASanté/SBFI",https://www.odasante.ch/fileadmin/odasante.ch/docs/Grundbildung/FaGe/FaGe_BiPla.pdf
fage,Fachfrau/Fachmann Gesundheit EFZ,fage_l11,HKB C,L11,"Palliative Care, Sterbephase und chronische Situationen",medium,single_choice,Worauf muss man beim Thema Multimorbidität in der Praxis besonders achten?,mehrere Erkrankungen und ihre Wechselwirkungen im Alltag beachten,jede Diagnose isoliert betrachten bei sachgemässer Ausführung,Medikamentenrisiken ignorieren im normalen Werkstattbetrieb,Überforderung nicht erkennen bei sachgemässem Ablauf,A,Multimorbidität erhöht Komplexität.,"Bildungsplan Fachfrau/Fachmann Gesundheit EFZ, OdASanté/SBFI",https://www.odasante.ch/fileadmin/odasante.ch/docs/Grundbildung/FaGe/FaGe_BiPla.pdf
fage,Fachfrau/Fachmann Gesundheit EFZ,fage_l11,HKB C,L11,"Palliative Care, Sterbephase und chronische Situationen",hard,single_choice,Welche Aussage zum Thema Multimorbidität ist fachlich korrekt?,jede Diagnose isoliert betrachten im laufenden Tagesgeschäft,mehrere Erkrankungen und ihre Wechselwirkungen im Alltag beachten,Medikamentenrisiken ignorieren im konkreten Auftrag,Überforderung nicht erkennen bei vergleichbaren Aufgaben,B,Multimorbidität erhöht Komplexität.,"Bildungsplan Fachfrau/Fachmann Gesundheit EFZ, OdASanté/SBFI",https://www.odasante.ch/fileadmin/odasante.ch/docs/Grundbildung/FaGe/FaGe_BiPla.pdf
fage,Fachfrau/Fachmann Gesundheit EFZ,fage_l11,HKB C,L11,"Palliative Care, Sterbephase und chronische Situationen",easy,single_choice,Welche Aussage beschreibt das Thema palliative Mundpflege im Beruf Fachfrau/Fachmann Gesundheit EFZ am besten?,Mundtrockenheit ignorieren bei sachgemässer Ausführung,zu aggressive Pflege durchführen nach gängiger Praxis,"Wohlbefinden, Feuchtigkeit und Schmerzreduktion beachten",Wünsche nicht berücksichtigen im üblichen Berufsalltag,C,Mundpflege ist in palliativen Situationen oft sehr wichtig.,"Bildungsplan Fachfrau/Fachmann Gesundheit EFZ, OdASanté/SBFI",https://www.odasante.ch/fileadmin/odasante.ch/docs/Grundbildung/FaGe/FaGe_BiPla.pdf
fage,Fachfrau/Fachmann Gesundheit EFZ,fage_l11,HKB C,L11,"Palliative Care, Sterbephase und chronische Situationen",medium,single_choice,Worauf muss man beim Thema palliative Mundpflege in der Praxis besonders achten?,Mundtrockenheit ignorieren im laufenden Tagesgeschäft,zu aggressive Pflege durchführen im Produktionsalltag,Wünsche nicht berücksichtigen im Werkstattumfeld,"Wohlbefinden, Feuchtigkeit und Schmerzreduktion beachten",D,Mundpflege ist in palliativen Situationen oft sehr wichtig.,"Bildungsplan Fachfrau/Fachmann Gesundheit EFZ, OdASanté/SBFI",https://www.odasante.ch/fileadmin/odasante.ch/docs/Grundbildung/FaGe/FaGe_BiPla.pdf
fage,Fachfrau/Fachmann Gesundheit EFZ,fage_l11,HKB C,L11,"Palliative Care, Sterbephase und chronische Situationen",hard,single_choice,Welche Aussage zum Thema palliative Mundpflege ist fachlich korrekt?,"Wohlbefinden, Feuchtigkeit und Schmerzreduktion beachten",Mundtrockenheit ignorieren nach gängiger Praxis,zu aggressive Pflege durchführen im Rahmen der Routine,Wünsche nicht berücksichtigen unter typischen Arbeitsbedingungen,A,Mundpflege ist in palliativen Situationen oft sehr wichtig.,"Bildungsplan Fachfrau/Fachmann Gesundheit EFZ, OdASanté/SBFI",https://www.odasante.ch/fileadmin/odasante.ch/docs/Grundbildung/FaGe/FaGe_BiPla.pdf
fage,Fachfrau/Fachmann Gesundheit EFZ,fage_l11,HKB C,L11,"Palliative Care, Sterbephase und chronische Situationen",easy,single_choice,Welche Aussage beschreibt das Thema Versorgung Verstorbener im Beruf Fachfrau/Fachmann Gesundheit EFZ am besten?,respektlos handeln im Produktionsalltag bei sachgemässer Ausführung,"würdevoll, hygienisch und gemäss betrieblichen Vorgaben mitwirken",Angehörigenwünsche nie prüfen im normalen Werkstattbetrieb,Identifikation ignorieren bei sachgemässem Ablauf,B,Auch nach dem Tod bleiben Würde und Sorgfalt zentral.,"Bildungsplan Fachfrau/Fachmann Gesundheit EFZ, OdASanté/SBFI",https://www.odasante.ch/fileadmin/odasante.ch/docs/Grundbildung/FaGe/FaGe_BiPla.pdf
fage,Fachfrau/Fachmann Gesundheit EFZ,fage_l11,HKB C,L11,"Palliative Care, Sterbephase und chronische Situationen",medium,single_choice,Worauf muss man beim Thema Versorgung Verstorbener in der Praxis besonders achten?,respektlos handeln im Rahmen der Routine im laufenden Tagesgeschäft,Angehörigenwünsche nie prüfen im konkreten Auftrag,"würdevoll, hygienisch und gemäss betrieblichen Vorgaben mitwirken",Identifikation ignorieren bei vergleichbaren Aufgaben,C,Auch nach dem Tod bleiben Würde und Sorgfalt zentral.,"Bildungsplan Fachfrau/Fachmann Gesundheit EFZ, OdASanté/SBFI",https://www.odasante.ch/fileadmin/odasante.ch/docs/Grundbildung/FaGe/FaGe_BiPla.pdf
fage,Fachfrau/Fachmann Gesundheit EFZ,fage_l11,HKB C,L11,"Palliative Care, Sterbephase und chronische Situationen",hard,single_choice,Welche Aussage zum Thema Versorgung Verstorbener ist fachlich korrekt?,respektlos handeln im normalen Werkstattbetrieb nach gängiger Praxis,Angehörigenwünsche nie prüfen im üblichen Berufsalltag,Identifikation ignorieren bei sachgemässer Ausführung,"würdevoll, hygienisch und gemäss betrieblichen Vorgaben mitwirken",D,Auch nach dem Tod bleiben Würde und Sorgfalt zentral.,"Bildungsplan Fachfrau/Fachmann Gesundheit EFZ, OdASanté/SBFI",https://www.odasante.ch/fileadmin/odasante.ch/docs/Grundbildung/FaGe/FaGe_BiPla.pdf
fage,Fachfrau/Fachmann Gesundheit EFZ,fage_l11,HKB C,L11,"Palliative Care, Sterbephase und chronische Situationen",easy,single_choice,Welche Aussage beschreibt das Thema Symptomlinderung im Beruf Fachfrau/Fachmann Gesundheit EFZ am besten?,"Übelkeit, Atemnot, Angst oder Schmerzen beobachten und weiterleiten",Symptome aushalten lassen im konkreten Auftrag bei sachgemässem Ablauf,keine Veränderungen melden im Werkstattumfeld im Produktionsalltag,nur Vitalzeichen beachten im laufenden Tagesgeschäft,A,Symptomlinderung verbessert Lebensqualität.,"Bildungsplan Fachfrau/Fachmann Gesundheit EFZ, OdASanté/SBFI",https://www.odasante.ch/fileadmin/odasante.ch/docs/Grundbildung/FaGe/FaGe_BiPla.pdf
fage,Fachfrau/Fachmann Gesundheit EFZ,fage_l11,HKB C,L11,"Palliative Care, Sterbephase und chronische Situationen",medium,single_choice,Worauf muss man beim Thema Symptomlinderung in der Praxis besonders achten?,Symptome aushalten lassen im üblichen Berufsalltag,"Übelkeit, Atemnot, Angst oder Schmerzen beobachten und weiterleiten",keine Veränderungen melden unter typischen Arbeitsbedingungen,nur Vitalzeichen beachten nach gängiger Praxis im Rahmen der Routine,B,Symptomlinderung verbessert Lebensqualität.,"Bildungsplan Fachfrau/Fachmann Gesundheit EFZ, OdASanté/SBFI",https://www.odasante.ch/fileadmin/odasante.ch/docs/Grundbildung/FaGe/FaGe_BiPla.pdf
fage,Fachfrau/Fachmann Gesundheit EFZ,fage_l11,HKB C,L11,"Palliative Care, Sterbephase und chronische Situationen",hard,single_choice,Welche Aussage zum Thema Symptomlinderung ist fachlich korrekt?,Symptome aushalten lassen im Werkstattumfeld im normalen Werkstattbetrieb,keine Veränderungen melden bei sachgemässem Ablauf,"Übelkeit, Atemnot, Angst oder Schmerzen beobachten und weiterleiten",nur Vitalzeichen beachten im Produktionsalltag bei sachgemässer Ausführung,C,Symptomlinderung verbessert Lebensqualität.,"Bildungsplan Fachfrau/Fachmann Gesundheit EFZ, OdASanté/SBFI",https://www.odasante.ch/fileadmin/odasante.ch/docs/Grundbildung/FaGe/FaGe_BiPla.pdf
fage,Fachfrau/Fachmann Gesundheit EFZ,fage_l11,HKB C,L11,"Palliative Care, Sterbephase und chronische Situationen",easy,single_choice,Welche Aussage beschreibt das Thema ethische Situation im Beruf Fachfrau/Fachmann Gesundheit EFZ am besten?,eigene Meinung aufzwingen im Rahmen der Routine,Dilemmata verschweigen unter typischen Arbeitsbedingungen,Entscheide allein treffen bei vergleichbaren Aufgaben,"Werte, Autonomie und Teamabsprachen respektieren",D,Anspruchsvolle Betreuung kann ethische Fragen auslösen.,"Bildungsplan Fachfrau/Fachmann Gesundheit EFZ, OdASanté/SBFI",https://www.odasante.ch/fileadmin/odasante.ch/docs/Grundbildung/FaGe/FaGe_BiPla.pdf
fage,Fachfrau/Fachmann Gesundheit EFZ,fage_l11,HKB C,L11,"Palliative Care, Sterbephase und chronische Situationen",medium,single_choice,Worauf muss man beim Thema ethische Situation in der Praxis besonders achten?,"Werte, Autonomie und Teamabsprachen respektieren",eigene Meinung aufzwingen im normalen Werkstattbetrieb,Dilemmata verschweigen bei sachgemässem Ablauf,Entscheide allein treffen bei sachgemässer Ausführung,A,Anspruchsvolle Betreuung kann ethische Fragen auslösen.,"Bildungsplan Fachfrau/Fachmann Gesundheit EFZ, OdASanté/SBFI",https://www.odasante.ch/fileadmin/odasante.ch/docs/Grundbildung/FaGe/FaGe_BiPla.pdf
fage,Fachfrau/Fachmann Gesundheit EFZ,fage_l11,HKB C,L11,"Palliative Care, Sterbephase und chronische Situationen",hard,single_choice,Welche Aussage zum Thema ethische Situation ist fachlich korrekt?,eigene Meinung aufzwingen im konkreten Auftrag,"Werte, Autonomie und Teamabsprachen respektieren",Dilemmata verschweigen bei vergleichbaren Aufgaben,Entscheide allein treffen im laufenden Tagesgeschäft,B,Anspruchsvolle Betreuung kann ethische Fragen auslösen.,"Bildungsplan Fachfrau/Fachmann Gesundheit EFZ, OdASanté/SBFI",https://www.odasante.ch/fileadmin/odasante.ch/docs/Grundbildung/FaGe/FaGe_BiPla.pdf
fage,Fachfrau/Fachmann Gesundheit EFZ,fage_l12,HKB C/F,L12,"Psychische Gesundheit, Krisen und Sucht",easy,single_choice,Welche Aussage beschreibt das Thema Krise im Beruf Fachfrau/Fachmann Gesundheit EFZ am besten?,Krise bagatellisieren bei sachgemässer Ausführung im Rahmen der Routine,Person isolieren ohne Konzept nach gängiger Praxis bei vergleichbaren Aufgaben,"Veränderungen ernst nehmen, Sicherheit herstellen und Unterstützung holen",Warnzeichen ignorieren im üblichen Berufsalltag unter typischen Arbeitsbedingungen,C,Krisen brauchen Aufmerksamkeit und Teamarbeit.,"Bildungsplan Fachfrau/Fachmann Gesundheit EFZ, OdASanté/SBFI",https://www.odasante.ch/fileadmin/odasante.ch/docs/Grundbildung/FaGe/FaGe_BiPla.pdf
fage,Fachfrau/Fachmann Gesundheit EFZ,fage_l12,HKB C/F,L12,"Psychische Gesundheit, Krisen und Sucht",medium,single_choice,Worauf muss man beim Thema Krise in der Praxis besonders achten?,Krise bagatellisieren im laufenden Tagesgeschäft im normalen Werkstattbetrieb,Person isolieren ohne Konzept im Produktionsalltag bei sachgemässer Ausführung,Warnzeichen ignorieren im Werkstattumfeld bei sachgemässem Ablauf,"Veränderungen ernst nehmen, Sicherheit herstellen und Unterstützung holen",D,Krisen brauchen Aufmerksamkeit und Teamarbeit.,"Bildungsplan Fachfrau/Fachmann Gesundheit EFZ, OdASanté/SBFI",https://www.odasante.ch/fileadmin/odasante.ch/docs/Grundbildung/FaGe/FaGe_BiPla.pdf
fage,Fachfrau/Fachmann Gesundheit EFZ,fage_l12,HKB C/F,L12,"Psychische Gesundheit, Krisen und Sucht",hard,single_choice,Welche Aussage zum Thema Krise ist fachlich korrekt?,"Veränderungen ernst nehmen, Sicherheit herstellen und Unterstützung holen",Krise bagatellisieren nach gängiger Praxis bei vergleichbaren Aufgaben,Person isolieren ohne Konzept im Rahmen der Routine im konkreten Auftrag,Warnzeichen ignorieren unter typischen Arbeitsbedingungen,A,Krisen brauchen Aufmerksamkeit und Teamarbeit.,"Bildungsplan Fachfrau/Fachmann Gesundheit EFZ, OdASanté/SBFI",https://www.odasante.ch/fileadmin/odasante.ch/docs/Grundbildung/FaGe/FaGe_BiPla.pdf
fage,Fachfrau/Fachmann Gesundheit EFZ,fage_l12,HKB C/F,L12,"Psychische Gesundheit, Krisen und Sucht",easy,single_choice,Welche Aussage beschreibt das Thema Aggressionsmanagement im Beruf Fachfrau/Fachmann Gesundheit EFZ am besten?,Gegenaggression zeigen bei sachgemässem Ablauf,"Deeskalation, Eigenschutz und klare Kommunikation einsetzen",Fluchtwege versperren im Produktionsalltag bei sachgemässer Ausführung,allein riskant handeln im normalen Werkstattbetrieb,B,Sicherheit und Beziehungsgestaltung sind zentral.,"Bildungsplan Fachfrau/Fachmann Gesundheit EFZ, OdASanté/SBFI",https://www.odasante.ch/fileadmin/odasante.ch/docs/Grundbildung/FaGe/FaGe_BiPla.pdf
fage,Fachfrau/Fachmann Gesundheit EFZ,fage_l12,HKB C/F,L12,"Psychische Gesundheit, Krisen und Sucht",medium,single_choice,Worauf muss man beim Thema Aggressionsmanagement in der Praxis besonders achten?,Gegenaggression zeigen bei vergleichbaren Aufgaben,Fluchtwege versperren im Rahmen der Routine im laufenden Tagesgeschäft,"Deeskalation, Eigenschutz und klare Kommunikation einsetzen",allein riskant handeln im konkreten Auftrag,C,Sicherheit und Beziehungsgestaltung sind zentral.,"Bildungsplan Fachfrau/Fachmann Gesundheit EFZ, OdASanté/SBFI",https://www.odasante.ch/fileadmin/odasante.ch/docs/Grundbildung/FaGe/FaGe_BiPla.pdf
fage,Fachfrau/Fachmann Gesundheit EFZ,fage_l12,HKB C/F,L12,"Psychische Gesundheit, Krisen und Sucht",hard,single_choice,Welche Aussage zum Thema Aggressionsmanagement ist fachlich korrekt?,Gegenaggression zeigen bei sachgemässer Ausführung,Fluchtwege versperren im normalen Werkstattbetrieb,allein riskant handeln im üblichen Berufsalltag,"Deeskalation, Eigenschutz und klare Kommunikation einsetzen",D,Sicherheit und Beziehungsgestaltung sind zentral.,"Bildungsplan Fachfrau/Fachmann Gesundheit EFZ, OdASanté/SBFI",https://www.odasante.ch/fileadmin/odasante.ch/docs/Grundbildung/FaGe/FaGe_BiPla.pdf
fage,Fachfrau/Fachmann Gesundheit EFZ,fage_l12,HKB C/F,L12,"Psychische Gesundheit, Krisen und Sucht",easy,single_choice,Welche Aussage beschreibt das Thema Suchterkrankung im Beruf Fachfrau/Fachmann Gesundheit EFZ am besten?,"wertfrei, ressourcenorientiert und gemäss Betreuungskonzept handeln",moralisch urteilen im konkreten Auftrag im Produktionsalltag,Konsum heimlich ermöglichen im Werkstattumfeld bei sachgemässem Ablauf,Entzugssymptome ignorieren im laufenden Tagesgeschäft,A,Sucht ist eine Erkrankung und erfordert professionelle Haltung.,"Bildungsplan Fachfrau/Fachmann Gesundheit EFZ, OdASanté/SBFI",https://www.odasante.ch/fileadmin/odasante.ch/docs/Grundbildung/FaGe/FaGe_BiPla.pdf
fage,Fachfrau/Fachmann Gesundheit EFZ,fage_l12,HKB C/F,L12,"Psychische Gesundheit, Krisen und Sucht",medium,single_choice,Worauf muss man beim Thema Suchterkrankung in der Praxis besonders achten?,moralisch urteilen im üblichen Berufsalltag im Rahmen der Routine,"wertfrei, ressourcenorientiert und gemäss Betreuungskonzept handeln",Konsum heimlich ermöglichen unter typischen Arbeitsbedingungen,Entzugssymptome ignorieren nach gängiger Praxis,B,Sucht ist eine Erkrankung und erfordert professionelle Haltung.,"Bildungsplan Fachfrau/Fachmann Gesundheit EFZ, OdASanté/SBFI",https://www.odasante.ch/fileadmin/odasante.ch/docs/Grundbildung/FaGe/FaGe_BiPla.pdf
fage,Fachfrau/Fachmann Gesundheit EFZ,fage_l12,HKB C/F,L12,"Psychische Gesundheit, Krisen und Sucht",hard,single_choice,Welche Aussage zum Thema Suchterkrankung ist fachlich korrekt?,moralisch urteilen im Werkstattumfeld im normalen Werkstattbetrieb,Konsum heimlich ermöglichen bei sachgemässem Ablauf,"wertfrei, ressourcenorientiert und gemäss Betreuungskonzept handeln",Entzugssymptome ignorieren im Produktionsalltag,C,Sucht ist eine Erkrankung und erfordert professionelle Haltung.,"Bildungsplan Fachfrau/Fachmann Gesundheit EFZ, OdASanté/SBFI",https://www.odasante.ch/fileadmin/odasante.ch/docs/Grundbildung/FaGe/FaGe_BiPla.pdf
fage,Fachfrau/Fachmann Gesundheit EFZ,fage_l12,HKB C/F,L12,"Psychische Gesundheit, Krisen und Sucht",easy,single_choice,Welche Aussage beschreibt das Thema Depression im Beruf Fachfrau/Fachmann Gesundheit EFZ am besten?,Rückzug als Faulheit bezeichnen bei vergleichbaren Aufgaben,Suizidäusserungen ignorieren im Rahmen der Routine,Druck erhöhen unter typischen Arbeitsbedingungen,"Antrieb, Stimmung, Schlaf, Appetit und Suizidhinweise beobachten",D,Depressive Symptome können ernsthafte Risiken anzeigen.,"Bildungsplan Fachfrau/Fachmann Gesundheit EFZ, OdASanté/SBFI",https://www.odasante.ch/fileadmin/odasante.ch/docs/Grundbildung/FaGe/FaGe_BiPla.pdf
fage,Fachfrau/Fachmann Gesundheit EFZ,fage_l12,HKB C/F,L12,"Psychische Gesundheit, Krisen und Sucht",medium,single_choice,Worauf muss man beim Thema Depression in der Praxis besonders achten?,"Antrieb, Stimmung, Schlaf, Appetit und Suizidhinweise beobachten",Rückzug als Faulheit bezeichnen bei sachgemässer Ausführung,Suizidäusserungen ignorieren im normalen Werkstattbetrieb,Druck erhöhen bei sachgemässem Ablauf im üblichen Berufsalltag,A,Depressive Symptome können ernsthafte Risiken anzeigen.,"Bildungsplan Fachfrau/Fachmann Gesundheit EFZ, OdASanté/SBFI",https://www.odasante.ch/fileadmin/odasante.ch/docs/Grundbildung/FaGe/FaGe_BiPla.pdf
fage,Fachfrau/Fachmann Gesundheit EFZ,fage_l12,HKB C/F,L12,"Psychische Gesundheit, Krisen und Sucht",hard,single_choice,Welche Aussage zum Thema Depression ist fachlich korrekt?,Rückzug als Faulheit bezeichnen im laufenden Tagesgeschäft,"Antrieb, Stimmung, Schlaf, Appetit und Suizidhinweise beobachten",Suizidäusserungen ignorieren im konkreten Auftrag,Druck erhöhen bei vergleichbaren Aufgaben im Werkstattumfeld,B,Depressive Symptome können ernsthafte Risiken anzeigen.,"Bildungsplan Fachfrau/Fachmann Gesundheit EFZ, OdASanté/SBFI",https://www.odasante.ch/fileadmin/odasante.ch/docs/Grundbildung/FaGe/FaGe_BiPla.pdf
fage,Fachfrau/Fachmann Gesundheit EFZ,fage_l12,HKB C/F,L12,"Psychische Gesundheit, Krisen und Sucht",easy,single_choice,Welche Aussage beschreibt das Thema Angst im Beruf Fachfrau/Fachmann Gesundheit EFZ am besten?,Angst lächerlich machen im üblichen Berufsalltag,Informationen entziehen nach gängiger Praxis unter typischen Arbeitsbedingungen,"beruhigend, strukturiert und sicherheitsorientiert begleiten",Panik verstärken bei sachgemässer Ausführung,C,Angst wird durch Sicherheit und Verständnis oft reduziert.,"Bildungsplan Fachfrau/Fachmann Gesundheit EFZ, OdASanté/SBFI",https://www.odasante.ch/fileadmin/odasante.ch/docs/Grundbildung/FaGe/FaGe_BiPla.pdf
fage,Fachfrau/Fachmann Gesundheit EFZ,fage_l12,HKB C/F,L12,"Psychische Gesundheit, Krisen und Sucht",medium,single_choice,Worauf muss man beim Thema Angst in der Praxis besonders achten?,Angst lächerlich machen im Werkstattumfeld bei sachgemässem Ablauf,Informationen entziehen im Produktionsalltag,Panik verstärken im laufenden Tagesgeschäft,"beruhigend, strukturiert und sicherheitsorientiert begleiten",D,Angst wird durch Sicherheit und Verständnis oft reduziert.,"Bildungsplan Fachfrau/Fachmann Gesundheit EFZ, OdASanté/SBFI",https://www.odasante.ch/fileadmin/odasante.ch/docs/Grundbildung/FaGe/FaGe_BiPla.pdf
fage,Fachfrau/Fachmann Gesundheit EFZ,fage_l12,HKB C/F,L12,"Psychische Gesundheit, Krisen und Sucht",hard,single_choice,Welche Aussage zum Thema Angst ist fachlich korrekt?,"beruhigend, strukturiert und sicherheitsorientiert begleiten",Angst lächerlich machen unter typischen Arbeitsbedingungen,Informationen entziehen im Rahmen der Routine,Panik verstärken nach gängiger Praxis bei vergleichbaren Aufgaben,A,Angst wird durch Sicherheit und Verständnis oft reduziert.,"Bildungsplan Fachfrau/Fachmann Gesundheit EFZ, OdASanté/SBFI",https://www.odasante.ch/fileadmin/odasante.ch/docs/Grundbildung/FaGe/FaGe_BiPla.pdf
fage,Fachfrau/Fachmann Gesundheit EFZ,fage_l12,HKB C/F,L12,"Psychische Gesundheit, Krisen und Sucht",easy,single_choice,Welche Aussage beschreibt das Thema Schizophrenie im Beruf Fachfrau/Fachmann Gesundheit EFZ am besten?,Wahn auslachen im Produktionsalltag bei sachgemässer Ausführung,"Wahrnehmungen ernst nehmen, ohne Wahninhalte zu bestätigen",streiten über Realität bei sachgemässem Ablauf,Reizüberflutung erhöhen im normalen Werkstattbetrieb,B,Psychotische Symptome verlangen ruhige Kommunikation.,"Bildungsplan Fachfrau/Fachmann Gesundheit EFZ, OdASanté/SBFI",https://www.odasante.ch/fileadmin/odasante.ch/docs/Grundbildung/FaGe/FaGe_BiPla.pdf
fage,Fachfrau/Fachmann Gesundheit EFZ,fage_l12,HKB C/F,L12,"Psychische Gesundheit, Krisen und Sucht",medium,single_choice,Worauf muss man beim Thema Schizophrenie in der Praxis besonders achten?,Wahn auslachen im Rahmen der Routine im laufenden Tagesgeschäft,streiten über Realität bei vergleichbaren Aufgaben,"Wahrnehmungen ernst nehmen, ohne Wahninhalte zu bestätigen",Reizüberflutung erhöhen im konkreten Auftrag,C,Psychotische Symptome verlangen ruhige Kommunikation.,"Bildungsplan Fachfrau/Fachmann Gesundheit EFZ, OdASanté/SBFI",https://www.odasante.ch/fileadmin/odasante.ch/docs/Grundbildung/FaGe/FaGe_BiPla.pdf
fage,Fachfrau/Fachmann Gesundheit EFZ,fage_l12,HKB C/F,L12,"Psychische Gesundheit, Krisen und Sucht",hard,single_choice,Welche Aussage zum Thema Schizophrenie ist fachlich korrekt?,Wahn auslachen im normalen Werkstattbetrieb,streiten über Realität bei sachgemässer Ausführung,Reizüberflutung erhöhen im üblichen Berufsalltag,"Wahrnehmungen ernst nehmen, ohne Wahninhalte zu bestätigen",D,Psychotische Symptome verlangen ruhige Kommunikation.,"Bildungsplan Fachfrau/Fachmann Gesundheit EFZ, OdASanté/SBFI",https://www.odasante.ch/fileadmin/odasante.ch/docs/Grundbildung/FaGe/FaGe_BiPla.pdf
fage,Fachfrau/Fachmann Gesundheit EFZ,fage_l12,HKB C/F,L12,"Psychische Gesundheit, Krisen und Sucht",easy,single_choice,Welche Aussage beschreibt das Thema Borderline-Situation im Beruf Fachfrau/Fachmann Gesundheit EFZ am besten?,"klare Grenzen, Verlässlichkeit und Teamabsprachen beachten",wechselnde Sonderregeln schaffen im Werkstattumfeld,Spaltung im Team fördern im laufenden Tagesgeschäft,impulsiv reagieren im konkreten Auftrag im Produktionsalltag,A,Konstanz unterstützt Betreuung.,"Bildungsplan Fachfrau/Fachmann Gesundheit EFZ, OdASanté/SBFI",https://www.odasante.ch/fileadmin/odasante.ch/docs/Grundbildung/FaGe/FaGe_BiPla.pdf
fage,Fachfrau/Fachmann Gesundheit EFZ,fage_l12,HKB C/F,L12,"Psychische Gesundheit, Krisen und Sucht",medium,single_choice,Worauf muss man beim Thema Borderline-Situation in der Praxis besonders achten?,wechselnde Sonderregeln schaffen unter typischen Arbeitsbedingungen,"klare Grenzen, Verlässlichkeit und Teamabsprachen beachten",Spaltung im Team fördern nach gängiger Praxis,impulsiv reagieren im üblichen Berufsalltag,B,Konstanz unterstützt Betreuung.,"Bildungsplan Fachfrau/Fachmann Gesundheit EFZ, OdASanté/SBFI",https://www.odasante.ch/fileadmin/odasante.ch/docs/Grundbildung/FaGe/FaGe_BiPla.pdf
fage,Fachfrau/Fachmann Gesundheit EFZ,fage_l12,HKB C/F,L12,"Psychische Gesundheit, Krisen und Sucht",hard,single_choice,Welche Aussage zum Thema Borderline-Situation ist fachlich korrekt?,wechselnde Sonderregeln schaffen bei sachgemässem Ablauf,Spaltung im Team fördern im Produktionsalltag,"klare Grenzen, Verlässlichkeit und Teamabsprachen beachten",impulsiv reagieren im Werkstattumfeld im normalen Werkstattbetrieb,C,Konstanz unterstützt Betreuung.,"Bildungsplan Fachfrau/Fachmann Gesundheit EFZ, OdASanté/SBFI",https://www.odasante.ch/fileadmin/odasante.ch/docs/Grundbildung/FaGe/FaGe_BiPla.pdf
fage,Fachfrau/Fachmann Gesundheit EFZ,fage_l12,HKB C/F,L12,"Psychische Gesundheit, Krisen und Sucht",easy,single_choice,Welche Aussage beschreibt das Thema Selbstverletzung im Beruf Fachfrau/Fachmann Gesundheit EFZ am besten?,Vorwürfe machen unter typischen Arbeitsbedingungen im laufenden Tagesgeschäft,Ereignis geheim halten im Rahmen der Routine im konkreten Auftrag,nur Aufmerksamkeit unterstellen bei vergleichbaren Aufgaben,"Verletzungen versorgen lassen, Risiko einschätzen und Fachpersonen informieren",D,Selbstverletzung braucht Schutz und professionelle Reaktion.,"Bildungsplan Fachfrau/Fachmann Gesundheit EFZ, OdASanté/SBFI",https://www.odasante.ch/fileadmin/odasante.ch/docs/Grundbildung/FaGe/FaGe_BiPla.pdf
fage,Fachfrau/Fachmann Gesundheit EFZ,fage_l12,HKB C/F,L12,"Psychische Gesundheit, Krisen und Sucht",medium,single_choice,Worauf muss man beim Thema Selbstverletzung in der Praxis besonders achten?,"Verletzungen versorgen lassen, Risiko einschätzen und Fachpersonen informieren",Vorwürfe machen bei sachgemässem Ablauf im üblichen Berufsalltag,Ereignis geheim halten im normalen Werkstattbetrieb nach gängiger Praxis,nur Aufmerksamkeit unterstellen bei sachgemässer Ausführung,A,Selbstverletzung braucht Schutz und professionelle Reaktion.,"Bildungsplan Fachfrau/Fachmann Gesundheit EFZ, OdASanté/SBFI",https://www.odasante.ch/fileadmin/odasante.ch/docs/Grundbildung/FaGe/FaGe_BiPla.pdf
fage,Fachfrau/Fachmann Gesundheit EFZ,fage_l12,HKB C/F,L12,"Psychische Gesundheit, Krisen und Sucht",hard,single_choice,Welche Aussage zum Thema Selbstverletzung ist fachlich korrekt?,Vorwürfe machen bei vergleichbaren Aufgaben im Werkstattumfeld,"Verletzungen versorgen lassen, Risiko einschätzen und Fachpersonen informieren",Ereignis geheim halten im konkreten Auftrag im Produktionsalltag,nur Aufmerksamkeit unterstellen im laufenden Tagesgeschäft bei sachgemässem Ablauf,B,Selbstverletzung braucht Schutz und professionelle Reaktion.,"Bildungsplan Fachfrau/Fachmann Gesundheit EFZ, OdASanté/SBFI",https://www.odasante.ch/fileadmin/odasante.ch/docs/Grundbildung/FaGe/FaGe_BiPla.pdf
fage,Fachfrau/Fachmann Gesundheit EFZ,fage_l12,HKB C/F,L12,"Psychische Gesundheit, Krisen und Sucht",easy,single_choice,Welche Aussage beschreibt das Thema Krisenmodell im Beruf Fachfrau/Fachmann Gesundheit EFZ am besten?,alle Krisen gleich behandeln nach gängiger Praxis,Verlauf ignorieren bei sachgemässer Ausführung,Phasen und Bewältigungsstrategien zur Orientierung nutzen,Ressourcen nicht beachten im üblichen Berufsalltag,C,"Modelle helfen, Situationen einzuordnen.","Bildungsplan Fachfrau/Fachmann Gesundheit EFZ, OdASanté/SBFI",https://www.odasante.ch/fileadmin/odasante.ch/docs/Grundbildung/FaGe/FaGe_BiPla.pdf
fage,Fachfrau/Fachmann Gesundheit EFZ,fage_l12,HKB C/F,L12,"Psychische Gesundheit, Krisen und Sucht",medium,single_choice,Worauf muss man beim Thema Krisenmodell in der Praxis besonders achten?,alle Krisen gleich behandeln im Produktionsalltag,Verlauf ignorieren im laufenden Tagesgeschäft,Ressourcen nicht beachten im Werkstattumfeld,Phasen und Bewältigungsstrategien zur Orientierung nutzen,D,"Modelle helfen, Situationen einzuordnen.","Bildungsplan Fachfrau/Fachmann Gesundheit EFZ, OdASanté/SBFI",https://www.odasante.ch/fileadmin/odasante.ch/docs/Grundbildung/FaGe/FaGe_BiPla.pdf
fage,Fachfrau/Fachmann Gesundheit EFZ,fage_l12,HKB C/F,L12,"Psychische Gesundheit, Krisen und Sucht",hard,single_choice,Welche Aussage zum Thema Krisenmodell ist fachlich korrekt?,Phasen und Bewältigungsstrategien zur Orientierung nutzen,alle Krisen gleich behandeln im Rahmen der Routine,Verlauf ignorieren nach gängiger Praxis bei vergleichbaren Aufgaben,Ressourcen nicht beachten unter typischen Arbeitsbedingungen,A,"Modelle helfen, Situationen einzuordnen.","Bildungsplan Fachfrau/Fachmann Gesundheit EFZ, OdASanté/SBFI",https://www.odasante.ch/fileadmin/odasante.ch/docs/Grundbildung/FaGe/FaGe_BiPla.pdf
fage,Fachfrau/Fachmann Gesundheit EFZ,fage_l12,HKB C/F,L12,"Psychische Gesundheit, Krisen und Sucht",easy,single_choice,Welche Aussage beschreibt das Thema Tagesstruktur bei psychischer Erkrankung im Beruf Fachfrau/Fachmann Gesundheit EFZ am besten?,überfordern im Produktionsalltag bei sachgemässer Ausführung,"überschaubare, sinnvolle und realistische Aktivitäten unterstützen",alle Aktivitäten streichen im normalen Werkstattbetrieb,Erfolge nicht würdigen bei sachgemässem Ablauf im üblichen Berufsalltag,B,Struktur kann Stabilität geben.,"Bildungsplan Fachfrau/Fachmann Gesundheit EFZ, OdASanté/SBFI",https://www.odasante.ch/fileadmin/odasante.ch/docs/Grundbildung/FaGe/FaGe_BiPla.pdf
fage,Fachfrau/Fachmann Gesundheit EFZ,fage_l12,HKB C/F,L12,"Psychische Gesundheit, Krisen und Sucht",medium,single_choice,Worauf muss man beim Thema Tagesstruktur bei psychischer Erkrankung in der Praxis besonders achten?,überfordern im Rahmen der Routine im laufenden Tagesgeschäft,alle Aktivitäten streichen im konkreten Auftrag im Werkstattumfeld,"überschaubare, sinnvolle und realistische Aktivitäten unterstützen",Erfolge nicht würdigen bei vergleichbaren Aufgaben,C,Struktur kann Stabilität geben.,"Bildungsplan Fachfrau/Fachmann Gesundheit EFZ, OdASanté/SBFI",https://www.odasante.ch/fileadmin/odasante.ch/docs/Grundbildung/FaGe/FaGe_BiPla.pdf
fage,Fachfrau/Fachmann Gesundheit EFZ,fage_l12,HKB C/F,L12,"Psychische Gesundheit, Krisen und Sucht",hard,single_choice,Welche Aussage zum Thema Tagesstruktur bei psychischer Erkrankung ist fachlich korrekt?,überfordern im normalen Werkstattbetrieb nach gängiger Praxis,alle Aktivitäten streichen im üblichen Berufsalltag,Erfolge nicht würdigen bei sachgemässer Ausführung,"überschaubare, sinnvolle und realistische Aktivitäten unterstützen",D,Struktur kann Stabilität geben.,"Bildungsplan Fachfrau/Fachmann Gesundheit EFZ, OdASanté/SBFI",https://www.odasante.ch/fileadmin/odasante.ch/docs/Grundbildung/FaGe/FaGe_BiPla.pdf
fage,Fachfrau/Fachmann Gesundheit EFZ,fage_l13,HKB C,L13,"Verwirrtheit, Demenz und Orientierung",easy,single_choice,Welche Aussage beschreibt das Thema Verwirrtheit im Beruf Fachfrau/Fachmann Gesundheit EFZ am besten?,"akute Veränderungen erkennen, Sicherheit schaffen und melden",plötzliche Verwirrtheit ignorieren im Werkstattumfeld,Person beschämen im konkreten Auftrag im Produktionsalltag,Ursachen nie prüfen im laufenden Tagesgeschäft,A,Akute Verwirrtheit kann auf ernsthafte Ursachen hinweisen.,"Bildungsplan Fachfrau/Fachmann Gesundheit EFZ, OdASanté/SBFI",https://www.odasante.ch/fileadmin/odasante.ch/docs/Grundbildung/FaGe/FaGe_BiPla.pdf
fage,Fachfrau/Fachmann Gesundheit EFZ,fage_l13,HKB C,L13,"Verwirrtheit, Demenz und Orientierung",medium,single_choice,Worauf muss man beim Thema Verwirrtheit in der Praxis besonders achten?,plötzliche Verwirrtheit ignorieren unter typischen Arbeitsbedingungen,"akute Veränderungen erkennen, Sicherheit schaffen und melden",Person beschämen im üblichen Berufsalltag bei vergleichbaren Aufgaben,Ursachen nie prüfen nach gängiger Praxis im Rahmen der Routine,B,Akute Verwirrtheit kann auf ernsthafte Ursachen hinweisen.,"Bildungsplan Fachfrau/Fachmann Gesundheit EFZ, OdASanté/SBFI",https://www.odasante.ch/fileadmin/odasante.ch/docs/Grundbildung/FaGe/FaGe_BiPla.pdf
fage,Fachfrau/Fachmann Gesundheit EFZ,fage_l13,HKB C,L13,"Verwirrtheit, Demenz und Orientierung",hard,single_choice,Welche Aussage zum Thema Verwirrtheit ist fachlich korrekt?,plötzliche Verwirrtheit ignorieren bei sachgemässem Ablauf,Person beschämen im Werkstattumfeld im normalen Werkstattbetrieb,"akute Veränderungen erkennen, Sicherheit schaffen und melden",Ursachen nie prüfen im Produktionsalltag bei sachgemässer Ausführung,C,Akute Verwirrtheit kann auf ernsthafte Ursachen hinweisen.,"Bildungsplan Fachfrau/Fachmann Gesundheit EFZ, OdASanté/SBFI",https://www.odasante.ch/fileadmin/odasante.ch/docs/Grundbildung/FaGe/FaGe_BiPla.pdf
fage,Fachfrau/Fachmann Gesundheit EFZ,fage_l13,HKB C,L13,"Verwirrtheit, Demenz und Orientierung",easy,single_choice,Welche Aussage beschreibt das Thema Demenz im Beruf Fachfrau/Fachmann Gesundheit EFZ am besten?,ständig korrigieren im Rahmen der Routine im konkreten Auftrag,Person überfordern unter typischen Arbeitsbedingungen,Biografie ignorieren bei vergleichbaren Aufgaben,"Orientierung, Beziehung und Ressourcen im Alltag unterstützen",D,Demenzbetreuung braucht Geduld und Struktur.,"Bildungsplan Fachfrau/Fachmann Gesundheit EFZ, OdASanté/SBFI",https://www.odasante.ch/fileadmin/odasante.ch/docs/Grundbildung/FaGe/FaGe_BiPla.pdf
fage,Fachfrau/Fachmann Gesundheit EFZ,fage_l13,HKB C,L13,"Verwirrtheit, Demenz und Orientierung",medium,single_choice,Worauf muss man beim Thema Demenz in der Praxis besonders achten?,"Orientierung, Beziehung und Ressourcen im Alltag unterstützen",ständig korrigieren im normalen Werkstattbetrieb,Person überfordern bei sachgemässem Ablauf im üblichen Berufsalltag,Biografie ignorieren bei sachgemässer Ausführung,A,Demenzbetreuung braucht Geduld und Struktur.,"Bildungsplan Fachfrau/Fachmann Gesundheit EFZ, OdASanté/SBFI",https://www.odasante.ch/fileadmin/odasante.ch/docs/Grundbildung/FaGe/FaGe_BiPla.pdf
fage,Fachfrau/Fachmann Gesundheit EFZ,fage_l13,HKB C,L13,"Verwirrtheit, Demenz und Orientierung",hard,single_choice,Welche Aussage zum Thema Demenz ist fachlich korrekt?,ständig korrigieren im konkreten Auftrag im Werkstattumfeld,"Orientierung, Beziehung und Ressourcen im Alltag unterstützen",Person überfordern bei vergleichbaren Aufgaben,Biografie ignorieren im laufenden Tagesgeschäft,B,Demenzbetreuung braucht Geduld und Struktur.,"Bildungsplan Fachfrau/Fachmann Gesundheit EFZ, OdASanté/SBFI",https://www.odasante.ch/fileadmin/odasante.ch/docs/Grundbildung/FaGe/FaGe_BiPla.pdf
fage,Fachfrau/Fachmann Gesundheit EFZ,fage_l13,HKB C,L13,"Verwirrtheit, Demenz und Orientierung",easy,single_choice,Welche Aussage beschreibt das Thema Orientierungshilfe im Beruf Fachfrau/Fachmann Gesundheit EFZ am besten?,Umgebung ständig verändern im üblichen Berufsalltag,Hinweise entfernen bei sachgemässer Ausführung,"Uhr, Kalender, Beschilderung und Rituale gezielt einsetzen",Tagesstruktur unklar lassen nach gängiger Praxis,C,Orientierung reduziert Unsicherheit.,"Bildungsplan Fachfrau/Fachmann Gesundheit EFZ, OdASanté/SBFI",https://www.odasante.ch/fileadmin/odasante.ch/docs/Grundbildung/FaGe/FaGe_BiPla.pdf
fage,Fachfrau/Fachmann Gesundheit EFZ,fage_l13,HKB C,L13,"Verwirrtheit, Demenz und Orientierung",medium,single_choice,Worauf muss man beim Thema Orientierungshilfe in der Praxis besonders achten?,Umgebung ständig verändern im Werkstattumfeld bei sachgemässem Ablauf,Hinweise entfernen im laufenden Tagesgeschäft,Tagesstruktur unklar lassen im Produktionsalltag,"Uhr, Kalender, Beschilderung und Rituale gezielt einsetzen",D,Orientierung reduziert Unsicherheit.,"Bildungsplan Fachfrau/Fachmann Gesundheit EFZ, OdASanté/SBFI",https://www.odasante.ch/fileadmin/odasante.ch/docs/Grundbildung/FaGe/FaGe_BiPla.pdf
fage,Fachfrau/Fachmann Gesundheit EFZ,fage_l13,HKB C,L13,"Verwirrtheit, Demenz und Orientierung",hard,single_choice,Welche Aussage zum Thema Orientierungshilfe ist fachlich korrekt?,"Uhr, Kalender, Beschilderung und Rituale gezielt einsetzen",Umgebung ständig verändern unter typischen Arbeitsbedingungen,Hinweise entfernen nach gängiger Praxis bei vergleichbaren Aufgaben,Tagesstruktur unklar lassen im Rahmen der Routine,A,Orientierung reduziert Unsicherheit.,"Bildungsplan Fachfrau/Fachmann Gesundheit EFZ, OdASanté/SBFI",https://www.odasante.ch/fileadmin/odasante.ch/docs/Grundbildung/FaGe/FaGe_BiPla.pdf
fage,Fachfrau/Fachmann Gesundheit EFZ,fage_l13,HKB C,L13,"Verwirrtheit, Demenz und Orientierung",easy,single_choice,Welche Aussage beschreibt das Thema Validation im Beruf Fachfrau/Fachmann Gesundheit EFZ am besten?,Gefühle abwerten im Produktionsalltag bei sachgemässer Ausführung,Gefühle ernst nehmen und auf die Erlebniswelt eingehen,nur Fakten korrigieren im normalen Werkstattbetrieb,Konfrontation suchen bei sachgemässem Ablauf,B,Validation kann bei Demenz beruhigend wirken.,"Bildungsplan Fachfrau/Fachmann Gesundheit EFZ, OdASanté/SBFI",https://www.odasante.ch/fileadmin/odasante.ch/docs/Grundbildung/FaGe/FaGe_BiPla.pdf
fage,Fachfrau/Fachmann Gesundheit EFZ,fage_l13,HKB C,L13,"Verwirrtheit, Demenz und Orientierung",medium,single_choice,Worauf muss man beim Thema Validation in der Praxis besonders achten?,Gefühle abwerten im Rahmen der Routine im laufenden Tagesgeschäft,nur Fakten korrigieren im konkreten Auftrag,Gefühle ernst nehmen und auf die Erlebniswelt eingehen,Konfrontation suchen bei vergleichbaren Aufgaben,C,Validation kann bei Demenz beruhigend wirken.,"Bildungsplan Fachfrau/Fachmann Gesundheit EFZ, OdASanté/SBFI",https://www.odasante.ch/fileadmin/odasante.ch/docs/Grundbildung/FaGe/FaGe_BiPla.pdf
fage,Fachfrau/Fachmann Gesundheit EFZ,fage_l13,HKB C,L13,"Verwirrtheit, Demenz und Orientierung",hard,single_choice,Welche Aussage zum Thema Validation ist fachlich korrekt?,Gefühle abwerten im normalen Werkstattbetrieb,nur Fakten korrigieren im üblichen Berufsalltag,Konfrontation suchen bei sachgemässer Ausführung,Gefühle ernst nehmen und auf die Erlebniswelt eingehen,D,Validation kann bei Demenz beruhigend wirken.,"Bildungsplan Fachfrau/Fachmann Gesundheit EFZ, OdASanté/SBFI",https://www.odasante.ch/fileadmin/odasante.ch/docs/Grundbildung/FaGe/FaGe_BiPla.pdf
fage,Fachfrau/Fachmann Gesundheit EFZ,fage_l13,HKB C,L13,"Verwirrtheit, Demenz und Orientierung",easy,single_choice,Welche Aussage beschreibt das Thema Weglauftendenz im Beruf Fachfrau/Fachmann Gesundheit EFZ am besten?,"Risiken erfassen, Umgebung sichern und Team informieren",Türen heimlich abschliessen ohne Konzept,Bewegungsdrang ignorieren im laufenden Tagesgeschäft,Person beschimpfen im konkreten Auftrag im Werkstattumfeld,A,Sicherheit muss mit Würde abgewogen werden.,"Bildungsplan Fachfrau/Fachmann Gesundheit EFZ, OdASanté/SBFI",https://www.odasante.ch/fileadmin/odasante.ch/docs/Grundbildung/FaGe/FaGe_BiPla.pdf
fage,Fachfrau/Fachmann Gesundheit EFZ,fage_l13,HKB C,L13,"Verwirrtheit, Demenz und Orientierung",medium,single_choice,Worauf muss man beim Thema Weglauftendenz in der Praxis besonders achten?,Türen heimlich abschliessen ohne Konzept unter typischen Arbeitsbedingungen,"Risiken erfassen, Umgebung sichern und Team informieren",Bewegungsdrang ignorieren nach gängiger Praxis,Person beschimpfen im üblichen Berufsalltag,B,Sicherheit muss mit Würde abgewogen werden.,"Bildungsplan Fachfrau/Fachmann Gesundheit EFZ, OdASanté/SBFI",https://www.odasante.ch/fileadmin/odasante.ch/docs/Grundbildung/FaGe/FaGe_BiPla.pdf
fage,Fachfrau/Fachmann Gesundheit EFZ,fage_l13,HKB C,L13,"Verwirrtheit, Demenz und Orientierung",hard,single_choice,Welche Aussage zum Thema Weglauftendenz ist fachlich korrekt?,Türen heimlich abschliessen ohne Konzept,Bewegungsdrang ignorieren im Produktionsalltag,"Risiken erfassen, Umgebung sichern und Team informieren",Person beschimpfen im Werkstattumfeld bei sachgemässem Ablauf,C,Sicherheit muss mit Würde abgewogen werden.,"Bildungsplan Fachfrau/Fachmann Gesundheit EFZ, OdASanté/SBFI",https://www.odasante.ch/fileadmin/odasante.ch/docs/Grundbildung/FaGe/FaGe_BiPla.pdf
fage,Fachfrau/Fachmann Gesundheit EFZ,fage_l13,HKB C,L13,"Verwirrtheit, Demenz und Orientierung",easy,single_choice,Welche Aussage beschreibt das Thema Delir im Beruf Fachfrau/Fachmann Gesundheit EFZ am besten?,als normale Demenz abtun im Rahmen der Routine im konkreten Auftrag,nicht melden unter typischen Arbeitsbedingungen im laufenden Tagesgeschäft,Flüssigkeit und Infektzeichen ignorieren bei vergleichbaren Aufgaben,"plötzliche Verwirrtheit, Schwankungen und Aufmerksamkeitsstörungen ernst nehmen",D,Delir ist ein medizinisch relevanter Zustand.,"Bildungsplan Fachfrau/Fachmann Gesundheit EFZ, OdASanté/SBFI",https://www.odasante.ch/fileadmin/odasante.ch/docs/Grundbildung/FaGe/FaGe_BiPla.pdf
fage,Fachfrau/Fachmann Gesundheit EFZ,fage_l13,HKB C,L13,"Verwirrtheit, Demenz und Orientierung",medium,single_choice,Worauf muss man beim Thema Delir in der Praxis besonders achten?,"plötzliche Verwirrtheit, Schwankungen und Aufmerksamkeitsstörungen ernst nehmen",als normale Demenz abtun im normalen Werkstattbetrieb nach gängiger Praxis,nicht melden bei sachgemässem Ablauf bei sachgemässer Ausführung,Flüssigkeit und Infektzeichen ignorieren im üblichen Berufsalltag,A,Delir ist ein medizinisch relevanter Zustand.,"Bildungsplan Fachfrau/Fachmann Gesundheit EFZ, OdASanté/SBFI",https://www.odasante.ch/fileadmin/odasante.ch/docs/Grundbildung/FaGe/FaGe_BiPla.pdf
fage,Fachfrau/Fachmann Gesundheit EFZ,fage_l13,HKB C,L13,"Verwirrtheit, Demenz und Orientierung",hard,single_choice,Welche Aussage zum Thema Delir ist fachlich korrekt?,als normale Demenz abtun im konkreten Auftrag im Produktionsalltag,"plötzliche Verwirrtheit, Schwankungen und Aufmerksamkeitsstörungen ernst nehmen",nicht melden bei vergleichbaren Aufgaben im laufenden Tagesgeschäft,Flüssigkeit und Infektzeichen ignorieren im Werkstattumfeld,B,Delir ist ein medizinisch relevanter Zustand.,"Bildungsplan Fachfrau/Fachmann Gesundheit EFZ, OdASanté/SBFI",https://www.odasante.ch/fileadmin/odasante.ch/docs/Grundbildung/FaGe/FaGe_BiPla.pdf
fage,Fachfrau/Fachmann Gesundheit EFZ,fage_l13,HKB C,L13,"Verwirrtheit, Demenz und Orientierung",easy,single_choice,Welche Aussage beschreibt das Thema Kommunikation bei Demenz im Beruf Fachfrau/Fachmann Gesundheit EFZ am besten?,mehrere Fragen gleichzeitig stellen nach gängiger Praxis,laut und hektisch sprechen im üblichen Berufsalltag,"kurze Sätze, klare Gestik und ruhiges Auftreten verwenden",Ironie einsetzen bei sachgemässer Ausführung,C,Einfache Kommunikation unterstützt Verständnis.,"Bildungsplan Fachfrau/Fachmann Gesundheit EFZ, OdASanté/SBFI",https://www.odasante.ch/fileadmin/odasante.ch/docs/Grundbildung/FaGe/FaGe_BiPla.pdf
fage,Fachfrau/Fachmann Gesundheit EFZ,fage_l13,HKB C,L13,"Verwirrtheit, Demenz und Orientierung",medium,single_choice,Worauf muss man beim Thema Kommunikation bei Demenz in der Praxis besonders achten?,mehrere Fragen gleichzeitig stellen im Produktionsalltag,laut und hektisch sprechen im Werkstattumfeld,Ironie einsetzen im laufenden Tagesgeschäft,"kurze Sätze, klare Gestik und ruhiges Auftreten verwenden",D,Einfache Kommunikation unterstützt Verständnis.,"Bildungsplan Fachfrau/Fachmann Gesundheit EFZ, OdASanté/SBFI",https://www.odasante.ch/fileadmin/odasante.ch/docs/Grundbildung/FaGe/FaGe_BiPla.pdf
fage,Fachfrau/Fachmann Gesundheit EFZ,fage_l13,HKB C,L13,"Verwirrtheit, Demenz und Orientierung",hard,single_choice,Welche Aussage zum Thema Kommunikation bei Demenz ist fachlich korrekt?,"kurze Sätze, klare Gestik und ruhiges Auftreten verwenden",mehrere Fragen gleichzeitig stellen im Rahmen der Routine,laut und hektisch sprechen unter typischen Arbeitsbedingungen,Ironie einsetzen nach gängiger Praxis bei vergleichbaren Aufgaben,A,Einfache Kommunikation unterstützt Verständnis.,"Bildungsplan Fachfrau/Fachmann Gesundheit EFZ, OdASanté/SBFI",https://www.odasante.ch/fileadmin/odasante.ch/docs/Grundbildung/FaGe/FaGe_BiPla.pdf
fage,Fachfrau/Fachmann Gesundheit EFZ,fage_l13,HKB C,L13,"Verwirrtheit, Demenz und Orientierung",easy,single_choice,Welche Aussage beschreibt das Thema herausforderndes Verhalten im Beruf Fachfrau/Fachmann Gesundheit EFZ am besten?,nur bestrafen im Produktionsalltag bei sachgemässer Ausführung,Auslöser suchen und Bedürfnisse hinter dem Verhalten beachten,Ursachen ignorieren bei sachgemässem Ablauf,Reizüberflutung erhöhen im normalen Werkstattbetrieb,B,Verhalten hat oft eine Ursache oder Funktion.,"Bildungsplan Fachfrau/Fachmann Gesundheit EFZ, OdASanté/SBFI",https://www.odasante.ch/fileadmin/odasante.ch/docs/Grundbildung/FaGe/FaGe_BiPla.pdf
fage,Fachfrau/Fachmann Gesundheit EFZ,fage_l13,HKB C,L13,"Verwirrtheit, Demenz und Orientierung",medium,single_choice,Worauf muss man beim Thema herausforderndes Verhalten in der Praxis besonders achten?,nur bestrafen im Rahmen der Routine im laufenden Tagesgeschäft,Ursachen ignorieren bei vergleichbaren Aufgaben,Auslöser suchen und Bedürfnisse hinter dem Verhalten beachten,Reizüberflutung erhöhen im konkreten Auftrag,C,Verhalten hat oft eine Ursache oder Funktion.,"Bildungsplan Fachfrau/Fachmann Gesundheit EFZ, OdASanté/SBFI",https://www.odasante.ch/fileadmin/odasante.ch/docs/Grundbildung/FaGe/FaGe_BiPla.pdf
fage,Fachfrau/Fachmann Gesundheit EFZ,fage_l13,HKB C,L13,"Verwirrtheit, Demenz und Orientierung",hard,single_choice,Welche Aussage zum Thema herausforderndes Verhalten ist fachlich korrekt?,nur bestrafen im normalen Werkstattbetrieb nach gängiger Praxis,Ursachen ignorieren bei sachgemässer Ausführung,Reizüberflutung erhöhen im üblichen Berufsalltag,Auslöser suchen und Bedürfnisse hinter dem Verhalten beachten,D,Verhalten hat oft eine Ursache oder Funktion.,"Bildungsplan Fachfrau/Fachmann Gesundheit EFZ, OdASanté/SBFI",https://www.odasante.ch/fileadmin/odasante.ch/docs/Grundbildung/FaGe/FaGe_BiPla.pdf
fage,Fachfrau/Fachmann Gesundheit EFZ,fage_l13,HKB C,L13,"Verwirrtheit, Demenz und Orientierung",easy,single_choice,Welche Aussage beschreibt das Thema Biografie bei Demenz im Beruf Fachfrau/Fachmann Gesundheit EFZ am besten?,bekannte Gewohnheiten und Vorlieben zur Betreuung nutzen,Lebensgeschichte ignorieren im Werkstattumfeld,Lieblingsrituale verbieten im laufenden Tagesgeschäft,Person entwerten im konkreten Auftrag im Produktionsalltag,A,Biografie kann Sicherheit und Identität stärken.,"Bildungsplan Fachfrau/Fachmann Gesundheit EFZ, OdASanté/SBFI",https://www.odasante.ch/fileadmin/odasante.ch/docs/Grundbildung/FaGe/FaGe_BiPla.pdf
fage,Fachfrau/Fachmann Gesundheit EFZ,fage_l13,HKB C,L13,"Verwirrtheit, Demenz und Orientierung",medium,single_choice,Worauf muss man beim Thema Biografie bei Demenz in der Praxis besonders achten?,Lebensgeschichte ignorieren unter typischen Arbeitsbedingungen,bekannte Gewohnheiten und Vorlieben zur Betreuung nutzen,Lieblingsrituale verbieten nach gängiger Praxis,Person entwerten im üblichen Berufsalltag,B,Biografie kann Sicherheit und Identität stärken.,"Bildungsplan Fachfrau/Fachmann Gesundheit EFZ, OdASanté/SBFI",https://www.odasante.ch/fileadmin/odasante.ch/docs/Grundbildung/FaGe/FaGe_BiPla.pdf
fage,Fachfrau/Fachmann Gesundheit EFZ,fage_l13,HKB C,L13,"Verwirrtheit, Demenz und Orientierung",hard,single_choice,Welche Aussage zum Thema Biografie bei Demenz ist fachlich korrekt?,Lebensgeschichte ignorieren bei sachgemässem Ablauf,Lieblingsrituale verbieten im Produktionsalltag,bekannte Gewohnheiten und Vorlieben zur Betreuung nutzen,Person entwerten im Werkstattumfeld im normalen Werkstattbetrieb,C,Biografie kann Sicherheit und Identität stärken.,"Bildungsplan Fachfrau/Fachmann Gesundheit EFZ, OdASanté/SBFI",https://www.odasante.ch/fileadmin/odasante.ch/docs/Grundbildung/FaGe/FaGe_BiPla.pdf
fage,Fachfrau/Fachmann Gesundheit EFZ,fage_l13,HKB C,L13,"Verwirrtheit, Demenz und Orientierung",easy,single_choice,Welche Aussage beschreibt das Thema Angehörige bei Demenz im Beruf Fachfrau/Fachmann Gesundheit EFZ am besten?,Angehörige ausschliessen bei vergleichbaren Aufgaben,Datenschutz ignorieren im Rahmen der Routine im konkreten Auftrag,Vorwürfe machen unter typischen Arbeitsbedingungen,Informationen aufnehmen und im Rahmen der Vorgaben einbeziehen,D,Angehörige kennen oft wichtige biografische Hinweise.,"Bildungsplan Fachfrau/Fachmann Gesundheit EFZ, OdASanté/SBFI",https://www.odasante.ch/fileadmin/odasante.ch/docs/Grundbildung/FaGe/FaGe_BiPla.pdf
fage,Fachfrau/Fachmann Gesundheit EFZ,fage_l13,HKB C,L13,"Verwirrtheit, Demenz und Orientierung",medium,single_choice,Worauf muss man beim Thema Angehörige bei Demenz in der Praxis besonders achten?,Informationen aufnehmen und im Rahmen der Vorgaben einbeziehen,Angehörige ausschliessen bei sachgemässer Ausführung,Datenschutz ignorieren im normalen Werkstattbetrieb,Vorwürfe machen bei sachgemässem Ablauf im üblichen Berufsalltag,A,Angehörige kennen oft wichtige biografische Hinweise.,"Bildungsplan Fachfrau/Fachmann Gesundheit EFZ, OdASanté/SBFI",https://www.odasante.ch/fileadmin/odasante.ch/docs/Grundbildung/FaGe/FaGe_BiPla.pdf
fage,Fachfrau/Fachmann Gesundheit EFZ,fage_l13,HKB C,L13,"Verwirrtheit, Demenz und Orientierung",hard,single_choice,Welche Aussage zum Thema Angehörige bei Demenz ist fachlich korrekt?,Angehörige ausschliessen im laufenden Tagesgeschäft,Informationen aufnehmen und im Rahmen der Vorgaben einbeziehen,Datenschutz ignorieren im konkreten Auftrag im Werkstattumfeld,Vorwürfe machen bei vergleichbaren Aufgaben im Produktionsalltag,B,Angehörige kennen oft wichtige biografische Hinweise.,"Bildungsplan Fachfrau/Fachmann Gesundheit EFZ, OdASanté/SBFI",https://www.odasante.ch/fileadmin/odasante.ch/docs/Grundbildung/FaGe/FaGe_BiPla.pdf
fage,Fachfrau/Fachmann Gesundheit EFZ,fage_l14,HKB D,L14,"Medizinaltechnik I: Vitalzeichen, Bilanz und Blutentnahme",easy,single_choice,Welche Aussage beschreibt das Thema Vitalzeichen im Beruf Fachfrau/Fachmann Gesundheit EFZ am besten?,Werte schätzen bei sachgemässer Ausführung unter typischen Arbeitsbedingungen,Auffälligkeiten nicht melden nach gängiger Praxis,"Puls, Blutdruck, Temperatur, Atmung und Bewusstsein korrekt erfassen",Geräte nie prüfen im üblichen Berufsalltag im Rahmen der Routine,C,Vitalzeichen zeigen wichtige Zustandsveränderungen.,"Bildungsplan Fachfrau/Fachmann Gesundheit EFZ, OdASanté/SBFI",https://www.odasante.ch/fileadmin/odasante.ch/docs/Grundbildung/FaGe/FaGe_BiPla.pdf
fage,Fachfrau/Fachmann Gesundheit EFZ,fage_l14,HKB D,L14,"Medizinaltechnik I: Vitalzeichen, Bilanz und Blutentnahme",medium,single_choice,Worauf muss man beim Thema Vitalzeichen in der Praxis besonders achten?,Werte schätzen im laufenden Tagesgeschäft im normalen Werkstattbetrieb,Auffälligkeiten nicht melden im Produktionsalltag,Geräte nie prüfen im Werkstattumfeld bei sachgemässem Ablauf,"Puls, Blutdruck, Temperatur, Atmung und Bewusstsein korrekt erfassen",D,Vitalzeichen zeigen wichtige Zustandsveränderungen.,"Bildungsplan Fachfrau/Fachmann Gesundheit EFZ, OdASanté/SBFI",https://www.odasante.ch/fileadmin/odasante.ch/docs/Grundbildung/FaGe/FaGe_BiPla.pdf
fage,Fachfrau/Fachmann Gesundheit EFZ,fage_l14,HKB D,L14,"Medizinaltechnik I: Vitalzeichen, Bilanz und Blutentnahme",hard,single_choice,Welche Aussage zum Thema Vitalzeichen ist fachlich korrekt?,"Puls, Blutdruck, Temperatur, Atmung und Bewusstsein korrekt erfassen",Werte schätzen nach gängiger Praxis bei vergleichbaren Aufgaben,Auffälligkeiten nicht melden im Rahmen der Routine,Geräte nie prüfen unter typischen Arbeitsbedingungen,A,Vitalzeichen zeigen wichtige Zustandsveränderungen.,"Bildungsplan Fachfrau/Fachmann Gesundheit EFZ, OdASanté/SBFI",https://www.odasante.ch/fileadmin/odasante.ch/docs/Grundbildung/FaGe/FaGe_BiPla.pdf
fage,Fachfrau/Fachmann Gesundheit EFZ,fage_l14,HKB D,L14,"Medizinaltechnik I: Vitalzeichen, Bilanz und Blutentnahme",easy,single_choice,Welche Aussage beschreibt das Thema Blutdruckmessung im Beruf Fachfrau/Fachmann Gesundheit EFZ am besten?,über Kleidung messen im Produktionsalltag,"Manschettengrösse, Position und Ruhebedingungen beachten",falsche Manschette verwenden im normalen Werkstattbetrieb,Werte ohne Einheit notieren bei sachgemässem Ablauf,B,Messfehler können zu falschen Einschätzungen führen.,"Bildungsplan Fachfrau/Fachmann Gesundheit EFZ, OdASanté/SBFI",https://www.odasante.ch/fileadmin/odasante.ch/docs/Grundbildung/FaGe/FaGe_BiPla.pdf
fage,Fachfrau/Fachmann Gesundheit EFZ,fage_l14,HKB D,L14,"Medizinaltechnik I: Vitalzeichen, Bilanz und Blutentnahme",medium,single_choice,Worauf muss man beim Thema Blutdruckmessung in der Praxis besonders achten?,über Kleidung messen im Rahmen der Routine,falsche Manschette verwenden im konkreten Auftrag,"Manschettengrösse, Position und Ruhebedingungen beachten",Werte ohne Einheit notieren bei vergleichbaren Aufgaben,C,Messfehler können zu falschen Einschätzungen führen.,"Bildungsplan Fachfrau/Fachmann Gesundheit EFZ, OdASanté/SBFI",https://www.odasante.ch/fileadmin/odasante.ch/docs/Grundbildung/FaGe/FaGe_BiPla.pdf
fage,Fachfrau/Fachmann Gesundheit EFZ,fage_l14,HKB D,L14,"Medizinaltechnik I: Vitalzeichen, Bilanz und Blutentnahme",hard,single_choice,Welche Aussage zum Thema Blutdruckmessung ist fachlich korrekt?,über Kleidung messen im normalen Werkstattbetrieb,falsche Manschette verwenden im üblichen Berufsalltag,Werte ohne Einheit notieren bei sachgemässer Ausführung,"Manschettengrösse, Position und Ruhebedingungen beachten",D,Messfehler können zu falschen Einschätzungen führen.,"Bildungsplan Fachfrau/Fachmann Gesundheit EFZ, OdASanté/SBFI",https://www.odasante.ch/fileadmin/odasante.ch/docs/Grundbildung/FaGe/FaGe_BiPla.pdf
fage,Fachfrau/Fachmann Gesundheit EFZ,fage_l14,HKB D,L14,"Medizinaltechnik I: Vitalzeichen, Bilanz und Blutentnahme",easy,single_choice,Welche Aussage beschreibt das Thema Puls im Beruf Fachfrau/Fachmann Gesundheit EFZ am besten?,"Frequenz, Rhythmus und Qualität beurteilen",nur eine Sekunde zählen im konkreten Auftrag,Unregelmässigkeit ignorieren im laufenden Tagesgeschäft,Puls mit Temperatur verwechseln,A,Pulsbeobachtung liefert Kreislaufinformationen.,"Bildungsplan Fachfrau/Fachmann Gesundheit EFZ, OdASanté/SBFI",https://www.odasante.ch/fileadmin/odasante.ch/docs/Grundbildung/FaGe/FaGe_BiPla.pdf
fage,Fachfrau/Fachmann Gesundheit EFZ,fage_l14,HKB D,L14,"Medizinaltechnik I: Vitalzeichen, Bilanz und Blutentnahme",medium,single_choice,Worauf muss man beim Thema Puls in der Praxis besonders achten?,nur eine Sekunde zählen im üblichen Berufsalltag,"Frequenz, Rhythmus und Qualität beurteilen",Unregelmässigkeit ignorieren nach gängiger Praxis,Puls mit Temperatur verwechseln,B,Pulsbeobachtung liefert Kreislaufinformationen.,"Bildungsplan Fachfrau/Fachmann Gesundheit EFZ, OdASanté/SBFI",https://www.odasante.ch/fileadmin/odasante.ch/docs/Grundbildung/FaGe/FaGe_BiPla.pdf
fage,Fachfrau/Fachmann Gesundheit EFZ,fage_l14,HKB D,L14,"Medizinaltechnik I: Vitalzeichen, Bilanz und Blutentnahme",hard,single_choice,Welche Aussage zum Thema Puls ist fachlich korrekt?,nur eine Sekunde zählen im Werkstattumfeld,Unregelmässigkeit ignorieren im Produktionsalltag,"Frequenz, Rhythmus und Qualität beurteilen",Puls mit Temperatur verwechseln,C,Pulsbeobachtung liefert Kreislaufinformationen.,"Bildungsplan Fachfrau/Fachmann Gesundheit EFZ, OdASanté/SBFI",https://www.odasante.ch/fileadmin/odasante.ch/docs/Grundbildung/FaGe/FaGe_BiPla.pdf
fage,Fachfrau/Fachmann Gesundheit EFZ,fage_l14,HKB D,L14,"Medizinaltechnik I: Vitalzeichen, Bilanz und Blutentnahme",easy,single_choice,Welche Aussage beschreibt das Thema Temperaturmessung im Beruf Fachfrau/Fachmann Gesundheit EFZ am besten?,Messort nie angeben unter typischen Arbeitsbedingungen,Fieberzeichen ignorieren bei vergleichbaren Aufgaben,Gerät ungeprüft nutzen im Rahmen der Routine,"Messort, Methode und Verlauf berücksichtigen",D,Temperaturwerte hängen von Methode und Kontext ab.,"Bildungsplan Fachfrau/Fachmann Gesundheit EFZ, OdASanté/SBFI",https://www.odasante.ch/fileadmin/odasante.ch/docs/Grundbildung/FaGe/FaGe_BiPla.pdf
fage,Fachfrau/Fachmann Gesundheit EFZ,fage_l14,HKB D,L14,"Medizinaltechnik I: Vitalzeichen, Bilanz und Blutentnahme",medium,single_choice,Worauf muss man beim Thema Temperaturmessung in der Praxis besonders achten?,"Messort, Methode und Verlauf berücksichtigen",Messort nie angeben bei sachgemässem Ablauf,Fieberzeichen ignorieren bei sachgemässer Ausführung,Gerät ungeprüft nutzen im normalen Werkstattbetrieb,A,Temperaturwerte hängen von Methode und Kontext ab.,"Bildungsplan Fachfrau/Fachmann Gesundheit EFZ, OdASanté/SBFI",https://www.odasante.ch/fileadmin/odasante.ch/docs/Grundbildung/FaGe/FaGe_BiPla.pdf
fage,Fachfrau/Fachmann Gesundheit EFZ,fage_l14,HKB D,L14,"Medizinaltechnik I: Vitalzeichen, Bilanz und Blutentnahme",hard,single_choice,Welche Aussage zum Thema Temperaturmessung ist fachlich korrekt?,Messort nie angeben bei vergleichbaren Aufgaben,"Messort, Methode und Verlauf berücksichtigen",Fieberzeichen ignorieren im laufenden Tagesgeschäft,Gerät ungeprüft nutzen im konkreten Auftrag,B,Temperaturwerte hängen von Methode und Kontext ab.,"Bildungsplan Fachfrau/Fachmann Gesundheit EFZ, OdASanté/SBFI",https://www.odasante.ch/fileadmin/odasante.ch/docs/Grundbildung/FaGe/FaGe_BiPla.pdf
fage,Fachfrau/Fachmann Gesundheit EFZ,fage_l14,HKB D,L14,"Medizinaltechnik I: Vitalzeichen, Bilanz und Blutentnahme",easy,single_choice,Welche Aussage beschreibt das Thema Flüssigkeitsbilanz im Beruf Fachfrau/Fachmann Gesundheit EFZ am besten?,Mengen raten bei sachgemässer Ausführung,Infusionen vergessen im üblichen Berufsalltag,Einfuhr und Ausfuhr vollständig und zeitnah erfassen,Urinmenge nicht notieren nach gängiger Praxis,C,Bilanzen unterstützen medizinische Beurteilung.,"Bildungsplan Fachfrau/Fachmann Gesundheit EFZ, OdASanté/SBFI",https://www.odasante.ch/fileadmin/odasante.ch/docs/Grundbildung/FaGe/FaGe_BiPla.pdf
fage,Fachfrau/Fachmann Gesundheit EFZ,fage_l14,HKB D,L14,"Medizinaltechnik I: Vitalzeichen, Bilanz und Blutentnahme",medium,single_choice,Worauf muss man beim Thema Flüssigkeitsbilanz in der Praxis besonders achten?,Mengen raten im laufenden Tagesgeschäft bei sachgemässem Ablauf,Infusionen vergessen im Werkstattumfeld,Urinmenge nicht notieren im Produktionsalltag,Einfuhr und Ausfuhr vollständig und zeitnah erfassen,D,Bilanzen unterstützen medizinische Beurteilung.,"Bildungsplan Fachfrau/Fachmann Gesundheit EFZ, OdASanté/SBFI",https://www.odasante.ch/fileadmin/odasante.ch/docs/Grundbildung/FaGe/FaGe_BiPla.pdf
fage,Fachfrau/Fachmann Gesundheit EFZ,fage_l14,HKB D,L14,"Medizinaltechnik I: Vitalzeichen, Bilanz und Blutentnahme",hard,single_choice,Welche Aussage zum Thema Flüssigkeitsbilanz ist fachlich korrekt?,Einfuhr und Ausfuhr vollständig und zeitnah erfassen,Mengen raten nach gängiger Praxis bei vergleichbaren Aufgaben,Infusionen vergessen unter typischen Arbeitsbedingungen,Urinmenge nicht notieren im Rahmen der Routine,A,Bilanzen unterstützen medizinische Beurteilung.,"Bildungsplan Fachfrau/Fachmann Gesundheit EFZ, OdASanté/SBFI",https://www.odasante.ch/fileadmin/odasante.ch/docs/Grundbildung/FaGe/FaGe_BiPla.pdf
fage,Fachfrau/Fachmann Gesundheit EFZ,fage_l14,HKB D,L14,"Medizinaltechnik I: Vitalzeichen, Bilanz und Blutentnahme",easy,single_choice,Welche Aussage beschreibt das Thema kapillare Blutentnahme im Beruf Fachfrau/Fachmann Gesundheit EFZ am besten?,gleiche Lanzette mehrfach nutzen im normalen Werkstattbetrieb,"Hygiene, Punktionsstelle und Material nach Standard beachten",Finger stark quetschen im Produktionsalltag,Entsorgung offen lassen bei sachgemässem Ablauf,B,Kapillare Entnahmen erfordern Hygiene und korrekte Technik.,"Bildungsplan Fachfrau/Fachmann Gesundheit EFZ, OdASanté/SBFI",https://www.odasante.ch/fileadmin/odasante.ch/docs/Grundbildung/FaGe/FaGe_BiPla.pdf
fage,Fachfrau/Fachmann Gesundheit EFZ,fage_l14,HKB D,L14,"Medizinaltechnik I: Vitalzeichen, Bilanz und Blutentnahme",medium,single_choice,Worauf muss man beim Thema kapillare Blutentnahme in der Praxis besonders achten?,gleiche Lanzette mehrfach nutzen im konkreten Auftrag,Finger stark quetschen im Rahmen der Routine,"Hygiene, Punktionsstelle und Material nach Standard beachten",Entsorgung offen lassen bei vergleichbaren Aufgaben,C,Kapillare Entnahmen erfordern Hygiene und korrekte Technik.,"Bildungsplan Fachfrau/Fachmann Gesundheit EFZ, OdASanté/SBFI",https://www.odasante.ch/fileadmin/odasante.ch/docs/Grundbildung/FaGe/FaGe_BiPla.pdf
fage,Fachfrau/Fachmann Gesundheit EFZ,fage_l14,HKB D,L14,"Medizinaltechnik I: Vitalzeichen, Bilanz und Blutentnahme",hard,single_choice,Welche Aussage zum Thema kapillare Blutentnahme ist fachlich korrekt?,gleiche Lanzette mehrfach nutzen im üblichen Berufsalltag,Finger stark quetschen im normalen Werkstattbetrieb,Entsorgung offen lassen bei sachgemässer Ausführung,"Hygiene, Punktionsstelle und Material nach Standard beachten",D,Kapillare Entnahmen erfordern Hygiene und korrekte Technik.,"Bildungsplan Fachfrau/Fachmann Gesundheit EFZ, OdASanté/SBFI",https://www.odasante.ch/fileadmin/odasante.ch/docs/Grundbildung/FaGe/FaGe_BiPla.pdf
fage,Fachfrau/Fachmann Gesundheit EFZ,fage_l14,HKB D,L14,"Medizinaltechnik I: Vitalzeichen, Bilanz und Blutentnahme",easy,single_choice,Welche Aussage beschreibt das Thema venöse Blutentnahme im Beruf Fachfrau/Fachmann Gesundheit EFZ am besten?,"Identität, Material, Reihenfolge und Sicherheit prüfen",Patientenidentität überspringen im Werkstattumfeld,Röhrchen falsch beschriften im laufenden Tagesgeschäft,Kanüle offen liegen lassen im konkreten Auftrag,A,Blutentnahmen sind risikobehaftete Verrichtungen.,"Bildungsplan Fachfrau/Fachmann Gesundheit EFZ, OdASanté/SBFI",https://www.odasante.ch/fileadmin/odasante.ch/docs/Grundbildung/FaGe/FaGe_BiPla.pdf
fage,Fachfrau/Fachmann Gesundheit EFZ,fage_l14,HKB D,L14,"Medizinaltechnik I: Vitalzeichen, Bilanz und Blutentnahme",medium,single_choice,Worauf muss man beim Thema venöse Blutentnahme in der Praxis besonders achten?,Patientenidentität überspringen unter typischen Arbeitsbedingungen,"Identität, Material, Reihenfolge und Sicherheit prüfen",Röhrchen falsch beschriften nach gängiger Praxis,Kanüle offen liegen lassen im üblichen Berufsalltag,B,Blutentnahmen sind risikobehaftete Verrichtungen.,"Bildungsplan Fachfrau/Fachmann Gesundheit EFZ, OdASanté/SBFI",https://www.odasante.ch/fileadmin/odasante.ch/docs/Grundbildung/FaGe/FaGe_BiPla.pdf
fage,Fachfrau/Fachmann Gesundheit EFZ,fage_l14,HKB D,L14,"Medizinaltechnik I: Vitalzeichen, Bilanz und Blutentnahme",hard,single_choice,Welche Aussage zum Thema venöse Blutentnahme ist fachlich korrekt?,Patientenidentität überspringen bei sachgemässem Ablauf,Röhrchen falsch beschriften im Produktionsalltag,"Identität, Material, Reihenfolge und Sicherheit prüfen",Kanüle offen liegen lassen im Werkstattumfeld,C,Blutentnahmen sind risikobehaftete Verrichtungen.,"Bildungsplan Fachfrau/Fachmann Gesundheit EFZ, OdASanté/SBFI",https://www.odasante.ch/fileadmin/odasante.ch/docs/Grundbildung/FaGe/FaGe_BiPla.pdf
fage,Fachfrau/Fachmann Gesundheit EFZ,fage_l14,HKB D,L14,"Medizinaltechnik I: Vitalzeichen, Bilanz und Blutentnahme",easy,single_choice,Welche Aussage beschreibt das Thema Stichverletzung im Beruf Fachfrau/Fachmann Gesundheit EFZ am besten?,Verletzung verheimlichen im Rahmen der Routine,Nadel recappen unter typischen Arbeitsbedingungen,keine Dokumentation machen bei vergleichbaren Aufgaben,Sofortmassnahmen und Meldung nach Standard einleiten,D,Stichverletzungen können Infektionsrisiken bergen.,"Bildungsplan Fachfrau/Fachmann Gesundheit EFZ, OdASanté/SBFI",https://www.odasante.ch/fileadmin/odasante.ch/docs/Grundbildung/FaGe/FaGe_BiPla.pdf
fage,Fachfrau/Fachmann Gesundheit EFZ,fage_l14,HKB D,L14,"Medizinaltechnik I: Vitalzeichen, Bilanz und Blutentnahme",medium,single_choice,Worauf muss man beim Thema Stichverletzung in der Praxis besonders achten?,Sofortmassnahmen und Meldung nach Standard einleiten,Verletzung verheimlichen im normalen Werkstattbetrieb,Nadel recappen bei sachgemässem Ablauf,keine Dokumentation machen bei sachgemässer Ausführung,A,Stichverletzungen können Infektionsrisiken bergen.,"Bildungsplan Fachfrau/Fachmann Gesundheit EFZ, OdASanté/SBFI",https://www.odasante.ch/fileadmin/odasante.ch/docs/Grundbildung/FaGe/FaGe_BiPla.pdf
fage,Fachfrau/Fachmann Gesundheit EFZ,fage_l14,HKB D,L14,"Medizinaltechnik I: Vitalzeichen, Bilanz und Blutentnahme",hard,single_choice,Welche Aussage zum Thema Stichverletzung ist fachlich korrekt?,Verletzung verheimlichen im konkreten Auftrag,Sofortmassnahmen und Meldung nach Standard einleiten,Nadel recappen bei vergleichbaren Aufgaben,keine Dokumentation machen im laufenden Tagesgeschäft,B,Stichverletzungen können Infektionsrisiken bergen.,"Bildungsplan Fachfrau/Fachmann Gesundheit EFZ, OdASanté/SBFI",https://www.odasante.ch/fileadmin/odasante.ch/docs/Grundbildung/FaGe/FaGe_BiPla.pdf
fage,Fachfrau/Fachmann Gesundheit EFZ,fage_l14,HKB D,L14,"Medizinaltechnik I: Vitalzeichen, Bilanz und Blutentnahme",easy,single_choice,Welche Aussage beschreibt das Thema Normwerte im Beruf Fachfrau/Fachmann Gesundheit EFZ am besten?,Werte isoliert interpretieren im üblichen Berufsalltag,Verlauf ignorieren bei sachgemässer Ausführung,Messwerte im Zusammenhang mit Person und Situation beurteilen,Auffälligkeiten bagatellisieren nach gängiger Praxis,C,"Normwerte sind Orientierung, Kontext bleibt wichtig.","Bildungsplan Fachfrau/Fachmann Gesundheit EFZ, OdASanté/SBFI",https://www.odasante.ch/fileadmin/odasante.ch/docs/Grundbildung/FaGe/FaGe_BiPla.pdf
fage,Fachfrau/Fachmann Gesundheit EFZ,fage_l14,HKB D,L14,"Medizinaltechnik I: Vitalzeichen, Bilanz und Blutentnahme",medium,single_choice,Worauf muss man beim Thema Normwerte in der Praxis besonders achten?,Werte isoliert interpretieren im Werkstattumfeld,Verlauf ignorieren im laufenden Tagesgeschäft bei sachgemässem Ablauf,Auffälligkeiten bagatellisieren im Produktionsalltag,Messwerte im Zusammenhang mit Person und Situation beurteilen,D,"Normwerte sind Orientierung, Kontext bleibt wichtig.","Bildungsplan Fachfrau/Fachmann Gesundheit EFZ, OdASanté/SBFI",https://www.odasante.ch/fileadmin/odasante.ch/docs/Grundbildung/FaGe/FaGe_BiPla.pdf
fage,Fachfrau/Fachmann Gesundheit EFZ,fage_l14,HKB D,L14,"Medizinaltechnik I: Vitalzeichen, Bilanz und Blutentnahme",hard,single_choice,Welche Aussage zum Thema Normwerte ist fachlich korrekt?,Messwerte im Zusammenhang mit Person und Situation beurteilen,Werte isoliert interpretieren unter typischen Arbeitsbedingungen,Verlauf ignorieren nach gängiger Praxis bei vergleichbaren Aufgaben,Auffälligkeiten bagatellisieren im Rahmen der Routine,A,"Normwerte sind Orientierung, Kontext bleibt wichtig.","Bildungsplan Fachfrau/Fachmann Gesundheit EFZ, OdASanté/SBFI",https://www.odasante.ch/fileadmin/odasante.ch/docs/Grundbildung/FaGe/FaGe_BiPla.pdf
fage,Fachfrau/Fachmann Gesundheit EFZ,fage_l14,HKB D,L14,"Medizinaltechnik I: Vitalzeichen, Bilanz und Blutentnahme",easy,single_choice,Welche Aussage beschreibt das Thema Messgerät im Beruf Fachfrau/Fachmann Gesundheit EFZ am besten?,defektes Gerät nutzen bei sachgemässem Ablauf,"Funktionsfähigkeit, Hygiene und richtige Anwendung sicherstellen",Gerät nicht reinigen im Produktionsalltag bei sachgemässer Ausführung,Kalibrierhinweise ignorieren im normalen Werkstattbetrieb,B,Messqualität hängt auch vom Gerät ab.,"Bildungsplan Fachfrau/Fachmann Gesundheit EFZ, OdASanté/SBFI",https://www.odasante.ch/fileadmin/odasante.ch/docs/Grundbildung/FaGe/FaGe_BiPla.pdf
fage,Fachfrau/Fachmann Gesundheit EFZ,fage_l14,HKB D,L14,"Medizinaltechnik I: Vitalzeichen, Bilanz und Blutentnahme",medium,single_choice,Worauf muss man beim Thema Messgerät in der Praxis besonders achten?,defektes Gerät nutzen bei vergleichbaren Aufgaben,Gerät nicht reinigen im Rahmen der Routine im laufenden Tagesgeschäft,"Funktionsfähigkeit, Hygiene und richtige Anwendung sicherstellen",Kalibrierhinweise ignorieren im konkreten Auftrag,C,Messqualität hängt auch vom Gerät ab.,"Bildungsplan Fachfrau/Fachmann Gesundheit EFZ, OdASanté/SBFI",https://www.odasante.ch/fileadmin/odasante.ch/docs/Grundbildung/FaGe/FaGe_BiPla.pdf
fage,Fachfrau/Fachmann Gesundheit EFZ,fage_l14,HKB D,L14,"Medizinaltechnik I: Vitalzeichen, Bilanz und Blutentnahme",hard,single_choice,Welche Aussage zum Thema Messgerät ist fachlich korrekt?,defektes Gerät nutzen bei sachgemässer Ausführung nach gängiger Praxis,Gerät nicht reinigen im normalen Werkstattbetrieb,Kalibrierhinweise ignorieren im üblichen Berufsalltag,"Funktionsfähigkeit, Hygiene und richtige Anwendung sicherstellen",D,Messqualität hängt auch vom Gerät ab.,"Bildungsplan Fachfrau/Fachmann Gesundheit EFZ, OdASanté/SBFI",https://www.odasante.ch/fileadmin/odasante.ch/docs/Grundbildung/FaGe/FaGe_BiPla.pdf
fage,Fachfrau/Fachmann Gesundheit EFZ,fage_l15,HKB D,L15,"Medizinaltechnik II: Medikamente, Infusionen, Injektionen, Sonden",easy,single_choice,Welche Aussage beschreibt das Thema Medikamente richten im Beruf Fachfrau/Fachmann Gesundheit EFZ am besten?,"5-R-Regel, Verordnung, Identität und Dokumentation beachten",Medikamente aus Erinnerung richten im laufenden Tagesgeschäft,Verordnung verändern im konkreten Auftrag im Produktionsalltag,unbeschriftete Medikamente abgeben im Werkstattumfeld,A,Medikamentensicherheit verlangt höchste Sorgfalt.,"Bildungsplan Fachfrau/Fachmann Gesundheit EFZ, OdASanté/SBFI",https://www.odasante.ch/fileadmin/odasante.ch/docs/Grundbildung/FaGe/FaGe_BiPla.pdf
fage,Fachfrau/Fachmann Gesundheit EFZ,fage_l15,HKB D,L15,"Medizinaltechnik II: Medikamente, Infusionen, Injektionen, Sonden",medium,single_choice,Worauf muss man beim Thema Medikamente richten in der Praxis besonders achten?,Medikamente aus Erinnerung richten nach gängiger Praxis,"5-R-Regel, Verordnung, Identität und Dokumentation beachten",Verordnung verändern im üblichen Berufsalltag,unbeschriftete Medikamente abgeben unter typischen Arbeitsbedingungen,B,Medikamentensicherheit verlangt höchste Sorgfalt.,"Bildungsplan Fachfrau/Fachmann Gesundheit EFZ, OdASanté/SBFI",https://www.odasante.ch/fileadmin/odasante.ch/docs/Grundbildung/FaGe/FaGe_BiPla.pdf
fage,Fachfrau/Fachmann Gesundheit EFZ,fage_l15,HKB D,L15,"Medizinaltechnik II: Medikamente, Infusionen, Injektionen, Sonden",hard,single_choice,Welche Aussage zum Thema Medikamente richten ist fachlich korrekt?,Medikamente aus Erinnerung richten im Produktionsalltag,Verordnung verändern im Werkstattumfeld im normalen Werkstattbetrieb,"5-R-Regel, Verordnung, Identität und Dokumentation beachten",unbeschriftete Medikamente abgeben bei sachgemässem Ablauf,C,Medikamentensicherheit verlangt höchste Sorgfalt.,"Bildungsplan Fachfrau/Fachmann Gesundheit EFZ, OdASanté/SBFI",https://www.odasante.ch/fileadmin/odasante.ch/docs/Grundbildung/FaGe/FaGe_BiPla.pdf
fage,Fachfrau/Fachmann Gesundheit EFZ,fage_l15,HKB D,L15,"Medizinaltechnik II: Medikamente, Infusionen, Injektionen, Sonden",easy,single_choice,Welche Aussage beschreibt das Thema Medikament verabreichen im Beruf Fachfrau/Fachmann Gesundheit EFZ am besten?,Tabletten vertauschen im Rahmen der Routine im konkreten Auftrag,Allergien ignorieren unter typischen Arbeitsbedingungen,Einnahme nicht beobachten bei vergleichbaren Aufgaben,"richtige Person, Medikament, Dosis, Zeit und Applikationsart prüfen",D,Die 5-R-Regel reduziert Medikationsfehler.,"Bildungsplan Fachfrau/Fachmann Gesundheit EFZ, OdASanté/SBFI",https://www.odasante.ch/fileadmin/odasante.ch/docs/Grundbildung/FaGe/FaGe_BiPla.pdf
fage,Fachfrau/Fachmann Gesundheit EFZ,fage_l15,HKB D,L15,"Medizinaltechnik II: Medikamente, Infusionen, Injektionen, Sonden",medium,single_choice,Worauf muss man beim Thema Medikament verabreichen in der Praxis besonders achten?,"richtige Person, Medikament, Dosis, Zeit und Applikationsart prüfen",Tabletten vertauschen im normalen Werkstattbetrieb,Allergien ignorieren bei sachgemässem Ablauf im üblichen Berufsalltag,Einnahme nicht beobachten bei sachgemässer Ausführung,A,Die 5-R-Regel reduziert Medikationsfehler.,"Bildungsplan Fachfrau/Fachmann Gesundheit EFZ, OdASanté/SBFI",https://www.odasante.ch/fileadmin/odasante.ch/docs/Grundbildung/FaGe/FaGe_BiPla.pdf
fage,Fachfrau/Fachmann Gesundheit EFZ,fage_l15,HKB D,L15,"Medizinaltechnik II: Medikamente, Infusionen, Injektionen, Sonden",hard,single_choice,Welche Aussage zum Thema Medikament verabreichen ist fachlich korrekt?,Tabletten vertauschen im konkreten Auftrag im Werkstattumfeld,"richtige Person, Medikament, Dosis, Zeit und Applikationsart prüfen",Allergien ignorieren bei vergleichbaren Aufgaben,Einnahme nicht beobachten im laufenden Tagesgeschäft,B,Die 5-R-Regel reduziert Medikationsfehler.,"Bildungsplan Fachfrau/Fachmann Gesundheit EFZ, OdASanté/SBFI",https://www.odasante.ch/fileadmin/odasante.ch/docs/Grundbildung/FaGe/FaGe_BiPla.pdf
fage,Fachfrau/Fachmann Gesundheit EFZ,fage_l15,HKB D,L15,"Medizinaltechnik II: Medikamente, Infusionen, Injektionen, Sonden",easy,single_choice,Welche Aussage beschreibt das Thema Nebenwirkung im Beruf Fachfrau/Fachmann Gesundheit EFZ am besten?,Beschwerden ignorieren bei sachgemässer Ausführung,Medikation eigenmächtig stoppen im üblichen Berufsalltag,unerwünschte Wirkungen beobachten und weiterleiten,keine Beobachtung dokumentieren nach gängiger Praxis,C,Nebenwirkungen können behandlungsrelevant sein.,"Bildungsplan Fachfrau/Fachmann Gesundheit EFZ, OdASanté/SBFI",https://www.odasante.ch/fileadmin/odasante.ch/docs/Grundbildung/FaGe/FaGe_BiPla.pdf
fage,Fachfrau/Fachmann Gesundheit EFZ,fage_l15,HKB D,L15,"Medizinaltechnik II: Medikamente, Infusionen, Injektionen, Sonden",medium,single_choice,Worauf muss man beim Thema Nebenwirkung in der Praxis besonders achten?,Beschwerden ignorieren im laufenden Tagesgeschäft,Medikation eigenmächtig stoppen im Werkstattumfeld,keine Beobachtung dokumentieren im Produktionsalltag,unerwünschte Wirkungen beobachten und weiterleiten,D,Nebenwirkungen können behandlungsrelevant sein.,"Bildungsplan Fachfrau/Fachmann Gesundheit EFZ, OdASanté/SBFI",https://www.odasante.ch/fileadmin/odasante.ch/docs/Grundbildung/FaGe/FaGe_BiPla.pdf
fage,Fachfrau/Fachmann Gesundheit EFZ,fage_l15,HKB D,L15,"Medizinaltechnik II: Medikamente, Infusionen, Injektionen, Sonden",hard,single_choice,Welche Aussage zum Thema Nebenwirkung ist fachlich korrekt?,unerwünschte Wirkungen beobachten und weiterleiten,Beschwerden ignorieren nach gängiger Praxis,Medikation eigenmächtig stoppen unter typischen Arbeitsbedingungen,keine Beobachtung dokumentieren im Rahmen der Routine,A,Nebenwirkungen können behandlungsrelevant sein.,"Bildungsplan Fachfrau/Fachmann Gesundheit EFZ, OdASanté/SBFI",https://www.odasante.ch/fileadmin/odasante.ch/docs/Grundbildung/FaGe/FaGe_BiPla.pdf
fage,Fachfrau/Fachmann Gesundheit EFZ,fage_l15,HKB D,L15,"Medizinaltechnik II: Medikamente, Infusionen, Injektionen, Sonden",easy,single_choice,Welche Aussage beschreibt das Thema Infusion im Beruf Fachfrau/Fachmann Gesundheit EFZ am besten?,Zusätze eigenmächtig geben bei sachgemässem Ablauf im üblichen Berufsalltag,"Lösung, Zugang, Tropfgeschwindigkeit und Beobachtung nach Vorgabe beachten",Zugang nicht kontrollieren im normalen Werkstattbetrieb,Luft im System ignorieren im Produktionsalltag bei sachgemässer Ausführung,B,Infusionen sind medizinaltechnische Verrichtungen mit Risiken.,"Bildungsplan Fachfrau/Fachmann Gesundheit EFZ, OdASanté/SBFI",https://www.odasante.ch/fileadmin/odasante.ch/docs/Grundbildung/FaGe/FaGe_BiPla.pdf
fage,Fachfrau/Fachmann Gesundheit EFZ,fage_l15,HKB D,L15,"Medizinaltechnik II: Medikamente, Infusionen, Injektionen, Sonden",medium,single_choice,Worauf muss man beim Thema Infusion in der Praxis besonders achten?,Zusätze eigenmächtig geben bei vergleichbaren Aufgaben,Zugang nicht kontrollieren im konkreten Auftrag im laufenden Tagesgeschäft,"Lösung, Zugang, Tropfgeschwindigkeit und Beobachtung nach Vorgabe beachten",Luft im System ignorieren im Rahmen der Routine im Werkstattumfeld,C,Infusionen sind medizinaltechnische Verrichtungen mit Risiken.,"Bildungsplan Fachfrau/Fachmann Gesundheit EFZ, OdASanté/SBFI",https://www.odasante.ch/fileadmin/odasante.ch/docs/Grundbildung/FaGe/FaGe_BiPla.pdf
fage,Fachfrau/Fachmann Gesundheit EFZ,fage_l15,HKB D,L15,"Medizinaltechnik II: Medikamente, Infusionen, Injektionen, Sonden",hard,single_choice,Welche Aussage zum Thema Infusion ist fachlich korrekt?,Zusätze eigenmächtig geben bei sachgemässer Ausführung,Zugang nicht kontrollieren im üblichen Berufsalltag nach gängiger Praxis,Luft im System ignorieren im normalen Werkstattbetrieb,"Lösung, Zugang, Tropfgeschwindigkeit und Beobachtung nach Vorgabe beachten",D,Infusionen sind medizinaltechnische Verrichtungen mit Risiken.,"Bildungsplan Fachfrau/Fachmann Gesundheit EFZ, OdASanté/SBFI",https://www.odasante.ch/fileadmin/odasante.ch/docs/Grundbildung/FaGe/FaGe_BiPla.pdf
fage,Fachfrau/Fachmann Gesundheit EFZ,fage_l15,HKB D,L15,"Medizinaltechnik II: Medikamente, Infusionen, Injektionen, Sonden",easy,single_choice,Welche Aussage beschreibt das Thema subkutane Injektion im Beruf Fachfrau/Fachmann Gesundheit EFZ am besten?,"Injektionsort, Hautzustand, Hygiene und Technik beachten",immer gleiche Stelle wählen im Werkstattumfeld,Hautdesinfektion weglassen im laufenden Tagesgeschäft,Nadel offen entsorgen im konkreten Auftrag,A,SC-Injektionen brauchen korrekte Technik und Rotationsprinzip.,"Bildungsplan Fachfrau/Fachmann Gesundheit EFZ, OdASanté/SBFI",https://www.odasante.ch/fileadmin/odasante.ch/docs/Grundbildung/FaGe/FaGe_BiPla.pdf
fage,Fachfrau/Fachmann Gesundheit EFZ,fage_l15,HKB D,L15,"Medizinaltechnik II: Medikamente, Infusionen, Injektionen, Sonden",medium,single_choice,Worauf muss man beim Thema subkutane Injektion in der Praxis besonders achten?,immer gleiche Stelle wählen unter typischen Arbeitsbedingungen,"Injektionsort, Hautzustand, Hygiene und Technik beachten",Hautdesinfektion weglassen nach gängiger Praxis,Nadel offen entsorgen im üblichen Berufsalltag,B,SC-Injektionen brauchen korrekte Technik und Rotationsprinzip.,"Bildungsplan Fachfrau/Fachmann Gesundheit EFZ, OdASanté/SBFI",https://www.odasante.ch/fileadmin/odasante.ch/docs/Grundbildung/FaGe/FaGe_BiPla.pdf
fage,Fachfrau/Fachmann Gesundheit EFZ,fage_l15,HKB D,L15,"Medizinaltechnik II: Medikamente, Infusionen, Injektionen, Sonden",hard,single_choice,Welche Aussage zum Thema subkutane Injektion ist fachlich korrekt?,immer gleiche Stelle wählen bei sachgemässem Ablauf,Hautdesinfektion weglassen im Produktionsalltag,"Injektionsort, Hautzustand, Hygiene und Technik beachten",Nadel offen entsorgen im Werkstattumfeld,C,SC-Injektionen brauchen korrekte Technik und Rotationsprinzip.,"Bildungsplan Fachfrau/Fachmann Gesundheit EFZ, OdASanté/SBFI",https://www.odasante.ch/fileadmin/odasante.ch/docs/Grundbildung/FaGe/FaGe_BiPla.pdf
fage,Fachfrau/Fachmann Gesundheit EFZ,fage_l15,HKB D,L15,"Medizinaltechnik II: Medikamente, Infusionen, Injektionen, Sonden",easy,single_choice,Welche Aussage beschreibt das Thema intramuskuläre Injektion im Beruf Fachfrau/Fachmann Gesundheit EFZ am besten?,Ort beliebig wählen unter typischen Arbeitsbedingungen,Kontraindikationen ignorieren bei vergleichbaren Aufgaben,ohne Anordnung injizieren im Rahmen der Routine im konkreten Auftrag,"Indikation, Ort, Technik und Beobachtung nach Standard durchführen",D,IM-Injektionen sind anspruchsvoll und standardgebunden.,"Bildungsplan Fachfrau/Fachmann Gesundheit EFZ, OdASanté/SBFI",https://www.odasante.ch/fileadmin/odasante.ch/docs/Grundbildung/FaGe/FaGe_BiPla.pdf
fage,Fachfrau/Fachmann Gesundheit EFZ,fage_l15,HKB D,L15,"Medizinaltechnik II: Medikamente, Infusionen, Injektionen, Sonden",medium,single_choice,Worauf muss man beim Thema intramuskuläre Injektion in der Praxis besonders achten?,"Indikation, Ort, Technik und Beobachtung nach Standard durchführen",Ort beliebig wählen bei sachgemässem Ablauf im üblichen Berufsalltag,Kontraindikationen ignorieren bei sachgemässer Ausführung,ohne Anordnung injizieren im normalen Werkstattbetrieb,A,IM-Injektionen sind anspruchsvoll und standardgebunden.,"Bildungsplan Fachfrau/Fachmann Gesundheit EFZ, OdASanté/SBFI",https://www.odasante.ch/fileadmin/odasante.ch/docs/Grundbildung/FaGe/FaGe_BiPla.pdf
fage,Fachfrau/Fachmann Gesundheit EFZ,fage_l15,HKB D,L15,"Medizinaltechnik II: Medikamente, Infusionen, Injektionen, Sonden",hard,single_choice,Welche Aussage zum Thema intramuskuläre Injektion ist fachlich korrekt?,Ort beliebig wählen bei vergleichbaren Aufgaben,"Indikation, Ort, Technik und Beobachtung nach Standard durchführen",Kontraindikationen ignorieren im laufenden Tagesgeschäft,ohne Anordnung injizieren im konkreten Auftrag im Werkstattumfeld,B,IM-Injektionen sind anspruchsvoll und standardgebunden.,"Bildungsplan Fachfrau/Fachmann Gesundheit EFZ, OdASanté/SBFI",https://www.odasante.ch/fileadmin/odasante.ch/docs/Grundbildung/FaGe/FaGe_BiPla.pdf
fage,Fachfrau/Fachmann Gesundheit EFZ,fage_l15,HKB D,L15,"Medizinaltechnik II: Medikamente, Infusionen, Injektionen, Sonden",easy,single_choice,Welche Aussage beschreibt das Thema Sondennahrung im Beruf Fachfrau/Fachmann Gesundheit EFZ am besten?,Sonde ungeprüft benutzen im üblichen Berufsalltag,Nahrung zu schnell geben nach gängiger Praxis unter typischen Arbeitsbedingungen,"Lagekontrolle nach Vorgabe, Verträglichkeit und Hygiene beachten",Übelkeit ignorieren bei sachgemässer Ausführung,C,Sondenernährung erfordert Sicherheit und Beobachtung.,"Bildungsplan Fachfrau/Fachmann Gesundheit EFZ, OdASanté/SBFI",https://www.odasante.ch/fileadmin/odasante.ch/docs/Grundbildung/FaGe/FaGe_BiPla.pdf
fage,Fachfrau/Fachmann Gesundheit EFZ,fage_l15,HKB D,L15,"Medizinaltechnik II: Medikamente, Infusionen, Injektionen, Sonden",medium,single_choice,Worauf muss man beim Thema Sondennahrung in der Praxis besonders achten?,Sonde ungeprüft benutzen im Werkstattumfeld bei sachgemässem Ablauf,Nahrung zu schnell geben im Produktionsalltag,Übelkeit ignorieren im laufenden Tagesgeschäft,"Lagekontrolle nach Vorgabe, Verträglichkeit und Hygiene beachten",D,Sondenernährung erfordert Sicherheit und Beobachtung.,"Bildungsplan Fachfrau/Fachmann Gesundheit EFZ, OdASanté/SBFI",https://www.odasante.ch/fileadmin/odasante.ch/docs/Grundbildung/FaGe/FaGe_BiPla.pdf
fage,Fachfrau/Fachmann Gesundheit EFZ,fage_l15,HKB D,L15,"Medizinaltechnik II: Medikamente, Infusionen, Injektionen, Sonden",hard,single_choice,Welche Aussage zum Thema Sondennahrung ist fachlich korrekt?,"Lagekontrolle nach Vorgabe, Verträglichkeit und Hygiene beachten",Sonde ungeprüft benutzen unter typischen Arbeitsbedingungen,Nahrung zu schnell geben im Rahmen der Routine,Übelkeit ignorieren nach gängiger Praxis bei vergleichbaren Aufgaben,A,Sondenernährung erfordert Sicherheit und Beobachtung.,"Bildungsplan Fachfrau/Fachmann Gesundheit EFZ, OdASanté/SBFI",https://www.odasante.ch/fileadmin/odasante.ch/docs/Grundbildung/FaGe/FaGe_BiPla.pdf
fage,Fachfrau/Fachmann Gesundheit EFZ,fage_l15,HKB D,L15,"Medizinaltechnik II: Medikamente, Infusionen, Injektionen, Sonden",easy,single_choice,Welche Aussage beschreibt das Thema Dosierungsberechnung im Beruf Fachfrau/Fachmann Gesundheit EFZ am besten?,Kommas ignorieren im Produktionsalltag bei sachgemässer Ausführung,"Einheiten, Konzentration und verordnete Menge sorgfältig prüfen",mg und ml verwechseln bei sachgemässem Ablauf,Kopfrechnung ungeprüft übernehmen im normalen Werkstattbetrieb,B,Rechenfehler können gefährlich sein.,"Bildungsplan Fachfrau/Fachmann Gesundheit EFZ, OdASanté/SBFI",https://www.odasante.ch/fileadmin/odasante.ch/docs/Grundbildung/FaGe/FaGe_BiPla.pdf
fage,Fachfrau/Fachmann Gesundheit EFZ,fage_l15,HKB D,L15,"Medizinaltechnik II: Medikamente, Infusionen, Injektionen, Sonden",medium,single_choice,Worauf muss man beim Thema Dosierungsberechnung in der Praxis besonders achten?,Kommas ignorieren im Rahmen der Routine im laufenden Tagesgeschäft,mg und ml verwechseln bei vergleichbaren Aufgaben,"Einheiten, Konzentration und verordnete Menge sorgfältig prüfen",Kopfrechnung ungeprüft übernehmen im konkreten Auftrag,C,Rechenfehler können gefährlich sein.,"Bildungsplan Fachfrau/Fachmann Gesundheit EFZ, OdASanté/SBFI",https://www.odasante.ch/fileadmin/odasante.ch/docs/Grundbildung/FaGe/FaGe_BiPla.pdf
fage,Fachfrau/Fachmann Gesundheit EFZ,fage_l15,HKB D,L15,"Medizinaltechnik II: Medikamente, Infusionen, Injektionen, Sonden",hard,single_choice,Welche Aussage zum Thema Dosierungsberechnung ist fachlich korrekt?,Kommas ignorieren im normalen Werkstattbetrieb,mg und ml verwechseln bei sachgemässer Ausführung,Kopfrechnung ungeprüft übernehmen im üblichen Berufsalltag,"Einheiten, Konzentration und verordnete Menge sorgfältig prüfen",D,Rechenfehler können gefährlich sein.,"Bildungsplan Fachfrau/Fachmann Gesundheit EFZ, OdASanté/SBFI",https://www.odasante.ch/fileadmin/odasante.ch/docs/Grundbildung/FaGe/FaGe_BiPla.pdf
fage,Fachfrau/Fachmann Gesundheit EFZ,fage_l15,HKB D,L15,"Medizinaltechnik II: Medikamente, Infusionen, Injektionen, Sonden",easy,single_choice,Welche Aussage beschreibt das Thema Medikamentenlagerung im Beruf Fachfrau/Fachmann Gesundheit EFZ am besten?,"Temperatur, Lichtschutz, Haltbarkeit und Zugriff beachten",abgelaufene Medikamente verwenden im Werkstattumfeld,Kühlkette ignorieren im konkreten Auftrag,Medikamente offen lagern im laufenden Tagesgeschäft,A,Lagerung beeinflusst Wirksamkeit und Sicherheit.,"Bildungsplan Fachfrau/Fachmann Gesundheit EFZ, OdASanté/SBFI",https://www.odasante.ch/fileadmin/odasante.ch/docs/Grundbildung/FaGe/FaGe_BiPla.pdf
fage,Fachfrau/Fachmann Gesundheit EFZ,fage_l15,HKB D,L15,"Medizinaltechnik II: Medikamente, Infusionen, Injektionen, Sonden",medium,single_choice,Worauf muss man beim Thema Medikamentenlagerung in der Praxis besonders achten?,abgelaufene Medikamente verwenden unter typischen Arbeitsbedingungen,"Temperatur, Lichtschutz, Haltbarkeit und Zugriff beachten",Kühlkette ignorieren im üblichen Berufsalltag,Medikamente offen lagern nach gängiger Praxis,B,Lagerung beeinflusst Wirksamkeit und Sicherheit.,"Bildungsplan Fachfrau/Fachmann Gesundheit EFZ, OdASanté/SBFI",https://www.odasante.ch/fileadmin/odasante.ch/docs/Grundbildung/FaGe/FaGe_BiPla.pdf
fage,Fachfrau/Fachmann Gesundheit EFZ,fage_l15,HKB D,L15,"Medizinaltechnik II: Medikamente, Infusionen, Injektionen, Sonden",hard,single_choice,Welche Aussage zum Thema Medikamentenlagerung ist fachlich korrekt?,abgelaufene Medikamente verwenden bei sachgemässem Ablauf,Kühlkette ignorieren im Werkstattumfeld im normalen Werkstattbetrieb,"Temperatur, Lichtschutz, Haltbarkeit und Zugriff beachten",Medikamente offen lagern im Produktionsalltag,C,Lagerung beeinflusst Wirksamkeit und Sicherheit.,"Bildungsplan Fachfrau/Fachmann Gesundheit EFZ, OdASanté/SBFI",https://www.odasante.ch/fileadmin/odasante.ch/docs/Grundbildung/FaGe/FaGe_BiPla.pdf
fage,Fachfrau/Fachmann Gesundheit EFZ,fage_l15,HKB D,L15,"Medizinaltechnik II: Medikamente, Infusionen, Injektionen, Sonden",easy,single_choice,Welche Aussage beschreibt das Thema Dokumentation Medizinaltechnik im Beruf Fachfrau/Fachmann Gesundheit EFZ am besten?,erst am Schichtende schätzen im Rahmen der Routine,Nebenwirkungen weglassen unter typischen Arbeitsbedingungen,nicht verabreichte Medikamente als gegeben dokumentieren,"Durchführung, Wirkung und Auffälligkeiten zeitnah festhalten",D,Dokumentation ist Teil der Patientensicherheit.,"Bildungsplan Fachfrau/Fachmann Gesundheit EFZ, OdASanté/SBFI",https://www.odasante.ch/fileadmin/odasante.ch/docs/Grundbildung/FaGe/FaGe_BiPla.pdf
fage,Fachfrau/Fachmann Gesundheit EFZ,fage_l15,HKB D,L15,"Medizinaltechnik II: Medikamente, Infusionen, Injektionen, Sonden",medium,single_choice,Worauf muss man beim Thema Dokumentation Medizinaltechnik in der Praxis besonders achten?,"Durchführung, Wirkung und Auffälligkeiten zeitnah festhalten",erst am Schichtende schätzen im normalen Werkstattbetrieb,Nebenwirkungen weglassen bei sachgemässem Ablauf,nicht verabreichte Medikamente als gegeben dokumentieren,A,Dokumentation ist Teil der Patientensicherheit.,"Bildungsplan Fachfrau/Fachmann Gesundheit EFZ, OdASanté/SBFI",https://www.odasante.ch/fileadmin/odasante.ch/docs/Grundbildung/FaGe/FaGe_BiPla.pdf
fage,Fachfrau/Fachmann Gesundheit EFZ,fage_l15,HKB D,L15,"Medizinaltechnik II: Medikamente, Infusionen, Injektionen, Sonden",hard,single_choice,Welche Aussage zum Thema Dokumentation Medizinaltechnik ist fachlich korrekt?,erst am Schichtende schätzen im konkreten Auftrag,"Durchführung, Wirkung und Auffälligkeiten zeitnah festhalten",Nebenwirkungen weglassen bei vergleichbaren Aufgaben,nicht verabreichte Medikamente als gegeben dokumentieren,B,Dokumentation ist Teil der Patientensicherheit.,"Bildungsplan Fachfrau/Fachmann Gesundheit EFZ, OdASanté/SBFI",https://www.odasante.ch/fileadmin/odasante.ch/docs/Grundbildung/FaGe/FaGe_BiPla.pdf
fage,Fachfrau/Fachmann Gesundheit EFZ,fage_l16,HKB D/E/F/G/H,L16,"Hygiene, Wunden, Hauswirtschaft und Logistik",easy,single_choice,Welche Aussage beschreibt das Thema Händehygiene im Beruf Fachfrau/Fachmann Gesundheit EFZ am besten?,Handschuhe ersetzen Händehygiene vollständig nach gängiger Praxis,Desinfektion nur bei sichtbarem Schmutz im üblichen Berufsalltag,Hände zum richtigen Zeitpunkt korrekt desinfizieren oder waschen,Schmuck bei Pflege belassen bei sachgemässer Ausführung,C,Händehygiene unterbricht Infektionsketten.,"Bildungsplan Fachfrau/Fachmann Gesundheit EFZ, OdASanté/SBFI",https://www.odasante.ch/fileadmin/odasante.ch/docs/Grundbildung/FaGe/FaGe_BiPla.pdf
fage,Fachfrau/Fachmann Gesundheit EFZ,fage_l16,HKB D/E/F/G/H,L16,"Hygiene, Wunden, Hauswirtschaft und Logistik",medium,single_choice,Worauf muss man beim Thema Händehygiene in der Praxis besonders achten?,Handschuhe ersetzen Händehygiene vollständig im Produktionsalltag,Desinfektion nur bei sichtbarem Schmutz im Werkstattumfeld,Schmuck bei Pflege belassen im laufenden Tagesgeschäft,Hände zum richtigen Zeitpunkt korrekt desinfizieren oder waschen,D,Händehygiene unterbricht Infektionsketten.,"Bildungsplan Fachfrau/Fachmann Gesundheit EFZ, OdASanté/SBFI",https://www.odasante.ch/fileadmin/odasante.ch/docs/Grundbildung/FaGe/FaGe_BiPla.pdf
fage,Fachfrau/Fachmann Gesundheit EFZ,fage_l16,HKB D/E/F/G/H,L16,"Hygiene, Wunden, Hauswirtschaft und Logistik",hard,single_choice,Welche Aussage zum Thema Händehygiene ist fachlich korrekt?,Hände zum richtigen Zeitpunkt korrekt desinfizieren oder waschen,Handschuhe ersetzen Händehygiene vollständig im Rahmen der Routine,Desinfektion nur bei sichtbarem Schmutz unter typischen Arbeitsbedingungen,Schmuck bei Pflege belassen nach gängiger Praxis,A,Händehygiene unterbricht Infektionsketten.,"Bildungsplan Fachfrau/Fachmann Gesundheit EFZ, OdASanté/SBFI",https://www.odasante.ch/fileadmin/odasante.ch/docs/Grundbildung/FaGe/FaGe_BiPla.pdf
fage,Fachfrau/Fachmann Gesundheit EFZ,fage_l16,HKB D/E/F/G/H,L16,"Hygiene, Wunden, Hauswirtschaft und Logistik",easy,single_choice,Welche Aussage beschreibt das Thema Infektionskette im Beruf Fachfrau/Fachmann Gesundheit EFZ am besten?,Keime als unvermeidbar ansehen bei sachgemässem Ablauf,Übertragungswege erkennen und gezielt unterbrechen,Isolation ignorieren im Produktionsalltag,Schutzmaterial falsch entsorgen im normalen Werkstattbetrieb,B,Infektionsprävention schützt Klientinnen und Mitarbeitende.,"Bildungsplan Fachfrau/Fachmann Gesundheit EFZ, OdASanté/SBFI",https://www.odasante.ch/fileadmin/odasante.ch/docs/Grundbildung/FaGe/FaGe_BiPla.pdf
fage,Fachfrau/Fachmann Gesundheit EFZ,fage_l16,HKB D/E/F/G/H,L16,"Hygiene, Wunden, Hauswirtschaft und Logistik",medium,single_choice,Worauf muss man beim Thema Infektionskette in der Praxis besonders achten?,Keime als unvermeidbar ansehen bei vergleichbaren Aufgaben,Isolation ignorieren im Rahmen der Routine,Übertragungswege erkennen und gezielt unterbrechen,Schutzmaterial falsch entsorgen im konkreten Auftrag,C,Infektionsprävention schützt Klientinnen und Mitarbeitende.,"Bildungsplan Fachfrau/Fachmann Gesundheit EFZ, OdASanté/SBFI",https://www.odasante.ch/fileadmin/odasante.ch/docs/Grundbildung/FaGe/FaGe_BiPla.pdf
fage,Fachfrau/Fachmann Gesundheit EFZ,fage_l16,HKB D/E/F/G/H,L16,"Hygiene, Wunden, Hauswirtschaft und Logistik",hard,single_choice,Welche Aussage zum Thema Infektionskette ist fachlich korrekt?,Keime als unvermeidbar ansehen bei sachgemässer Ausführung,Isolation ignorieren im normalen Werkstattbetrieb,Schutzmaterial falsch entsorgen im üblichen Berufsalltag,Übertragungswege erkennen und gezielt unterbrechen,D,Infektionsprävention schützt Klientinnen und Mitarbeitende.,"Bildungsplan Fachfrau/Fachmann Gesundheit EFZ, OdASanté/SBFI",https://www.odasante.ch/fileadmin/odasante.ch/docs/Grundbildung/FaGe/FaGe_BiPla.pdf
fage,Fachfrau/Fachmann Gesundheit EFZ,fage_l16,HKB D/E/F/G/H,L16,"Hygiene, Wunden, Hauswirtschaft und Logistik",easy,single_choice,Welche Aussage beschreibt das Thema Isolation im Beruf Fachfrau/Fachmann Gesundheit EFZ am besten?,Schutzmassnahmen gemäss Vorgaben konsequent umsetzen,Zimmer ohne Schutz betreten im laufenden Tagesgeschäft,Material aus Isolation unkontrolliert herausnehmen,Besuche nie informieren im konkreten Auftrag,A,Isolation erfordert klare Abläufe.,"Bildungsplan Fachfrau/Fachmann Gesundheit EFZ, OdASanté/SBFI",https://www.odasante.ch/fileadmin/odasante.ch/docs/Grundbildung/FaGe/FaGe_BiPla.pdf
fage,Fachfrau/Fachmann Gesundheit EFZ,fage_l16,HKB D/E/F/G/H,L16,"Hygiene, Wunden, Hauswirtschaft und Logistik",medium,single_choice,Worauf muss man beim Thema Isolation in der Praxis besonders achten?,Zimmer ohne Schutz betreten nach gängiger Praxis,Schutzmassnahmen gemäss Vorgaben konsequent umsetzen,Material aus Isolation unkontrolliert herausnehmen,Besuche nie informieren im üblichen Berufsalltag,B,Isolation erfordert klare Abläufe.,"Bildungsplan Fachfrau/Fachmann Gesundheit EFZ, OdASanté/SBFI",https://www.odasante.ch/fileadmin/odasante.ch/docs/Grundbildung/FaGe/FaGe_BiPla.pdf
fage,Fachfrau/Fachmann Gesundheit EFZ,fage_l16,HKB D/E/F/G/H,L16,"Hygiene, Wunden, Hauswirtschaft und Logistik",hard,single_choice,Welche Aussage zum Thema Isolation ist fachlich korrekt?,Zimmer ohne Schutz betreten im Produktionsalltag,Material aus Isolation unkontrolliert herausnehmen,Schutzmassnahmen gemäss Vorgaben konsequent umsetzen,Besuche nie informieren im Werkstattumfeld,C,Isolation erfordert klare Abläufe.,"Bildungsplan Fachfrau/Fachmann Gesundheit EFZ, OdASanté/SBFI",https://www.odasante.ch/fileadmin/odasante.ch/docs/Grundbildung/FaGe/FaGe_BiPla.pdf
fage,Fachfrau/Fachmann Gesundheit EFZ,fage_l16,HKB D/E/F/G/H,L16,"Hygiene, Wunden, Hauswirtschaft und Logistik",easy,single_choice,Welche Aussage beschreibt das Thema Wundverband im Beruf Fachfrau/Fachmann Gesundheit EFZ am besten?,Verband unnötig offen lassen bei vergleichbaren Aufgaben,Wundgeruch ignorieren unter typischen Arbeitsbedingungen,Material unsteril verwenden im Rahmen der Routine,"Wunde beobachten, aseptisch arbeiten und Veränderungen melden",D,Wundversorgung verlangt Hygiene und Beobachtung.,"Bildungsplan Fachfrau/Fachmann Gesundheit EFZ, OdASanté/SBFI",https://www.odasante.ch/fileadmin/odasante.ch/docs/Grundbildung/FaGe/FaGe_BiPla.pdf
fage,Fachfrau/Fachmann Gesundheit EFZ,fage_l16,HKB D/E/F/G/H,L16,"Hygiene, Wunden, Hauswirtschaft und Logistik",medium,single_choice,Worauf muss man beim Thema Wundverband in der Praxis besonders achten?,"Wunde beobachten, aseptisch arbeiten und Veränderungen melden",Verband unnötig offen lassen bei sachgemässer Ausführung,Wundgeruch ignorieren bei sachgemässem Ablauf,Material unsteril verwenden im normalen Werkstattbetrieb,A,Wundversorgung verlangt Hygiene und Beobachtung.,"Bildungsplan Fachfrau/Fachmann Gesundheit EFZ, OdASanté/SBFI",https://www.odasante.ch/fileadmin/odasante.ch/docs/Grundbildung/FaGe/FaGe_BiPla.pdf
fage,Fachfrau/Fachmann Gesundheit EFZ,fage_l16,HKB D/E/F/G/H,L16,"Hygiene, Wunden, Hauswirtschaft und Logistik",hard,single_choice,Welche Aussage zum Thema Wundverband ist fachlich korrekt?,Verband unnötig offen lassen im laufenden Tagesgeschäft,"Wunde beobachten, aseptisch arbeiten und Veränderungen melden",Wundgeruch ignorieren bei vergleichbaren Aufgaben,Material unsteril verwenden im konkreten Auftrag,B,Wundversorgung verlangt Hygiene und Beobachtung.,"Bildungsplan Fachfrau/Fachmann Gesundheit EFZ, OdASanté/SBFI",https://www.odasante.ch/fileadmin/odasante.ch/docs/Grundbildung/FaGe/FaGe_BiPla.pdf
fage,Fachfrau/Fachmann Gesundheit EFZ,fage_l16,HKB D/E/F/G/H,L16,"Hygiene, Wunden, Hauswirtschaft und Logistik",easy,single_choice,Welche Aussage beschreibt das Thema Desinfektion im Beruf Fachfrau/Fachmann Gesundheit EFZ am besten?,Mittel beliebig mischen im üblichen Berufsalltag,Einwirkzeit verkürzen bei sachgemässer Ausführung,"Mittel, Einwirkzeit und Anwendungsbereich korrekt beachten",verschmutzte Fläche ohne Reinigung desinfizieren,C,Desinfektion wirkt nur bei korrekter Anwendung.,"Bildungsplan Fachfrau/Fachmann Gesundheit EFZ, OdASanté/SBFI",https://www.odasante.ch/fileadmin/odasante.ch/docs/Grundbildung/FaGe/FaGe_BiPla.pdf
fage,Fachfrau/Fachmann Gesundheit EFZ,fage_l16,HKB D/E/F/G/H,L16,"Hygiene, Wunden, Hauswirtschaft und Logistik",medium,single_choice,Worauf muss man beim Thema Desinfektion in der Praxis besonders achten?,Mittel beliebig mischen im Werkstattumfeld im Produktionsalltag,Einwirkzeit verkürzen im laufenden Tagesgeschäft,verschmutzte Fläche ohne Reinigung desinfizieren,"Mittel, Einwirkzeit und Anwendungsbereich korrekt beachten",D,Desinfektion wirkt nur bei korrekter Anwendung.,"Bildungsplan Fachfrau/Fachmann Gesundheit EFZ, OdASanté/SBFI",https://www.odasante.ch/fileadmin/odasante.ch/docs/Grundbildung/FaGe/FaGe_BiPla.pdf
fage,Fachfrau/Fachmann Gesundheit EFZ,fage_l16,HKB D/E/F/G/H,L16,"Hygiene, Wunden, Hauswirtschaft und Logistik",hard,single_choice,Welche Aussage zum Thema Desinfektion ist fachlich korrekt?,"Mittel, Einwirkzeit und Anwendungsbereich korrekt beachten",Mittel beliebig mischen unter typischen Arbeitsbedingungen,Einwirkzeit verkürzen nach gängiger Praxis,verschmutzte Fläche ohne Reinigung desinfizieren,A,Desinfektion wirkt nur bei korrekter Anwendung.,"Bildungsplan Fachfrau/Fachmann Gesundheit EFZ, OdASanté/SBFI",https://www.odasante.ch/fileadmin/odasante.ch/docs/Grundbildung/FaGe/FaGe_BiPla.pdf
fage,Fachfrau/Fachmann Gesundheit EFZ,fage_l16,HKB D/E/F/G/H,L16,"Hygiene, Wunden, Hauswirtschaft und Logistik",easy,single_choice,Welche Aussage beschreibt das Thema Wäschepflege im Beruf Fachfrau/Fachmann Gesundheit EFZ am besten?,infektiöse Wäsche ausschütteln bei sachgemässem Ablauf,"Wäsche hygienisch, ressourcenschonend und klientenbezogen handhaben",persönliche Wäsche vertauschen im normalen Werkstattbetrieb,Vorgaben ignorieren im Produktionsalltag bei sachgemässer Ausführung,B,Wäsche kann Keime übertragen und ist Teil des Lebensumfelds.,"Bildungsplan Fachfrau/Fachmann Gesundheit EFZ, OdASanté/SBFI",https://www.odasante.ch/fileadmin/odasante.ch/docs/Grundbildung/FaGe/FaGe_BiPla.pdf
fage,Fachfrau/Fachmann Gesundheit EFZ,fage_l16,HKB D/E/F/G/H,L16,"Hygiene, Wunden, Hauswirtschaft und Logistik",medium,single_choice,Worauf muss man beim Thema Wäschepflege in der Praxis besonders achten?,infektiöse Wäsche ausschütteln bei vergleichbaren Aufgaben,persönliche Wäsche vertauschen im konkreten Auftrag,"Wäsche hygienisch, ressourcenschonend und klientenbezogen handhaben",Vorgaben ignorieren im Rahmen der Routine im laufenden Tagesgeschäft,C,Wäsche kann Keime übertragen und ist Teil des Lebensumfelds.,"Bildungsplan Fachfrau/Fachmann Gesundheit EFZ, OdASanté/SBFI",https://www.odasante.ch/fileadmin/odasante.ch/docs/Grundbildung/FaGe/FaGe_BiPla.pdf
fage,Fachfrau/Fachmann Gesundheit EFZ,fage_l16,HKB D/E/F/G/H,L16,"Hygiene, Wunden, Hauswirtschaft und Logistik",hard,single_choice,Welche Aussage zum Thema Wäschepflege ist fachlich korrekt?,infektiöse Wäsche ausschütteln bei sachgemässer Ausführung,persönliche Wäsche vertauschen im üblichen Berufsalltag,Vorgaben ignorieren im normalen Werkstattbetrieb,"Wäsche hygienisch, ressourcenschonend und klientenbezogen handhaben",D,Wäsche kann Keime übertragen und ist Teil des Lebensumfelds.,"Bildungsplan Fachfrau/Fachmann Gesundheit EFZ, OdASanté/SBFI",https://www.odasante.ch/fileadmin/odasante.ch/docs/Grundbildung/FaGe/FaGe_BiPla.pdf
fage,Fachfrau/Fachmann Gesundheit EFZ,fage_l16,HKB D/E/F/G/H,L16,"Hygiene, Wunden, Hauswirtschaft und Logistik",easy,single_choice,Welche Aussage beschreibt das Thema sicheres Lebensumfeld im Beruf Fachfrau/Fachmann Gesundheit EFZ am besten?,"Sturzgefahren, Ordnung, Licht und Hilfsmittel beachten",Kabel liegen lassen im konkreten Auftrag,Nachtlicht entfernen im laufenden Tagesgeschäft,Rollator ausser Reichweite stellen im Werkstattumfeld,A,Umgebungsgestaltung beeinflusst Sicherheit.,"Bildungsplan Fachfrau/Fachmann Gesundheit EFZ, OdASanté/SBFI",https://www.odasante.ch/fileadmin/odasante.ch/docs/Grundbildung/FaGe/FaGe_BiPla.pdf
fage,Fachfrau/Fachmann Gesundheit EFZ,fage_l16,HKB D/E/F/G/H,L16,"Hygiene, Wunden, Hauswirtschaft und Logistik",medium,single_choice,Worauf muss man beim Thema sicheres Lebensumfeld in der Praxis besonders achten?,Kabel liegen lassen im üblichen Berufsalltag,"Sturzgefahren, Ordnung, Licht und Hilfsmittel beachten",Nachtlicht entfernen nach gängiger Praxis,Rollator ausser Reichweite stellen unter typischen Arbeitsbedingungen,B,Umgebungsgestaltung beeinflusst Sicherheit.,"Bildungsplan Fachfrau/Fachmann Gesundheit EFZ, OdASanté/SBFI",https://www.odasante.ch/fileadmin/odasante.ch/docs/Grundbildung/FaGe/FaGe_BiPla.pdf
fage,Fachfrau/Fachmann Gesundheit EFZ,fage_l16,HKB D/E/F/G/H,L16,"Hygiene, Wunden, Hauswirtschaft und Logistik",hard,single_choice,Welche Aussage zum Thema sicheres Lebensumfeld ist fachlich korrekt?,Kabel liegen lassen im Werkstattumfeld,Nachtlicht entfernen im Produktionsalltag,"Sturzgefahren, Ordnung, Licht und Hilfsmittel beachten",Rollator ausser Reichweite stellen bei sachgemässem Ablauf,C,Umgebungsgestaltung beeinflusst Sicherheit.,"Bildungsplan Fachfrau/Fachmann Gesundheit EFZ, OdASanté/SBFI",https://www.odasante.ch/fileadmin/odasante.ch/docs/Grundbildung/FaGe/FaGe_BiPla.pdf
fage,Fachfrau/Fachmann Gesundheit EFZ,fage_l16,HKB D/E/F/G/H,L16,"Hygiene, Wunden, Hauswirtschaft und Logistik",easy,single_choice,Welche Aussage beschreibt das Thema Materialbewirtschaftung im Beruf Fachfrau/Fachmann Gesundheit EFZ am besten?,abgelaufenes Material nutzen im Rahmen der Routine,Mindestbestand ignorieren unter typischen Arbeitsbedingungen,Medikamente ungesichert lagern bei vergleichbaren Aufgaben,"Bestände kontrollieren, Verfall prüfen und rechtzeitig nachbestellen",D,Logistik unterstützt Pflegequalität.,"Bildungsplan Fachfrau/Fachmann Gesundheit EFZ, OdASanté/SBFI",https://www.odasante.ch/fileadmin/odasante.ch/docs/Grundbildung/FaGe/FaGe_BiPla.pdf
fage,Fachfrau/Fachmann Gesundheit EFZ,fage_l16,HKB D/E/F/G/H,L16,"Hygiene, Wunden, Hauswirtschaft und Logistik",medium,single_choice,Worauf muss man beim Thema Materialbewirtschaftung in der Praxis besonders achten?,"Bestände kontrollieren, Verfall prüfen und rechtzeitig nachbestellen",abgelaufenes Material nutzen im normalen Werkstattbetrieb,Mindestbestand ignorieren bei sachgemässem Ablauf,Medikamente ungesichert lagern bei sachgemässer Ausführung,A,Logistik unterstützt Pflegequalität.,"Bildungsplan Fachfrau/Fachmann Gesundheit EFZ, OdASanté/SBFI",https://www.odasante.ch/fileadmin/odasante.ch/docs/Grundbildung/FaGe/FaGe_BiPla.pdf
fage,Fachfrau/Fachmann Gesundheit EFZ,fage_l16,HKB D/E/F/G/H,L16,"Hygiene, Wunden, Hauswirtschaft und Logistik",hard,single_choice,Welche Aussage zum Thema Materialbewirtschaftung ist fachlich korrekt?,abgelaufenes Material nutzen im konkreten Auftrag im Werkstattumfeld,"Bestände kontrollieren, Verfall prüfen und rechtzeitig nachbestellen",Mindestbestand ignorieren bei vergleichbaren Aufgaben,Medikamente ungesichert lagern im laufenden Tagesgeschäft,B,Logistik unterstützt Pflegequalität.,"Bildungsplan Fachfrau/Fachmann Gesundheit EFZ, OdASanté/SBFI",https://www.odasante.ch/fileadmin/odasante.ch/docs/Grundbildung/FaGe/FaGe_BiPla.pdf
fage,Fachfrau/Fachmann Gesundheit EFZ,fage_l16,HKB D/E/F/G/H,L16,"Hygiene, Wunden, Hauswirtschaft und Logistik",easy,single_choice,Welche Aussage beschreibt das Thema Transportorganisation im Beruf Fachfrau/Fachmann Gesundheit EFZ am besten?,Transport ohne Information bestellen nach gängiger Praxis,Mobilität nicht beachten im üblichen Berufsalltag,"Termin, Zustand, Hilfsmittel und Begleitbedarf klären",Dokumente vergessen bei sachgemässer Ausführung,C,Transporte brauchen Vorbereitung und Kommunikation.,"Bildungsplan Fachfrau/Fachmann Gesundheit EFZ, OdASanté/SBFI",https://www.odasante.ch/fileadmin/odasante.ch/docs/Grundbildung/FaGe/FaGe_BiPla.pdf
fage,Fachfrau/Fachmann Gesundheit EFZ,fage_l16,HKB D/E/F/G/H,L16,"Hygiene, Wunden, Hauswirtschaft und Logistik",medium,single_choice,Worauf muss man beim Thema Transportorganisation in der Praxis besonders achten?,Transport ohne Information bestellen im Produktionsalltag,Mobilität nicht beachten im Werkstattumfeld,Dokumente vergessen im laufenden Tagesgeschäft,"Termin, Zustand, Hilfsmittel und Begleitbedarf klären",D,Transporte brauchen Vorbereitung und Kommunikation.,"Bildungsplan Fachfrau/Fachmann Gesundheit EFZ, OdASanté/SBFI",https://www.odasante.ch/fileadmin/odasante.ch/docs/Grundbildung/FaGe/FaGe_BiPla.pdf
fage,Fachfrau/Fachmann Gesundheit EFZ,fage_l16,HKB D/E/F/G/H,L16,"Hygiene, Wunden, Hauswirtschaft und Logistik",hard,single_choice,Welche Aussage zum Thema Transportorganisation ist fachlich korrekt?,"Termin, Zustand, Hilfsmittel und Begleitbedarf klären",Transport ohne Information bestellen im Rahmen der Routine,Mobilität nicht beachten unter typischen Arbeitsbedingungen,Dokumente vergessen nach gängiger Praxis,A,Transporte brauchen Vorbereitung und Kommunikation.,"Bildungsplan Fachfrau/Fachmann Gesundheit EFZ, OdASanté/SBFI",https://www.odasante.ch/fileadmin/odasante.ch/docs/Grundbildung/FaGe/FaGe_BiPla.pdf
fage,Fachfrau/Fachmann Gesundheit EFZ,fage_l16,HKB D/E/F/G/H,L16,"Hygiene, Wunden, Hauswirtschaft und Logistik",easy,single_choice,Welche Aussage beschreibt das Thema Apparateunterhalt im Beruf Fachfrau/Fachmann Gesundheit EFZ am besten?,defekte Geräte weiterverwenden bei sachgemässem Ablauf,"Geräte reinigen, prüfen und Defekte melden",Reinigung weglassen im Produktionsalltag,Bedienungsanleitung ignorieren,B,Gerätesicherheit schützt Klientinnen und Mitarbeitende.,"Bildungsplan Fachfrau/Fachmann Gesundheit EFZ, OdASanté/SBFI",https://www.odasante.ch/fileadmin/odasante.ch/docs/Grundbildung/FaGe/FaGe_BiPla.pdf
fage,Fachfrau/Fachmann Gesundheit EFZ,fage_l16,HKB D/E/F/G/H,L16,"Hygiene, Wunden, Hauswirtschaft und Logistik",medium,single_choice,Worauf muss man beim Thema Apparateunterhalt in der Praxis besonders achten?,defekte Geräte weiterverwenden,Reinigung weglassen im Rahmen der Routine,"Geräte reinigen, prüfen und Defekte melden",Bedienungsanleitung ignorieren,C,Gerätesicherheit schützt Klientinnen und Mitarbeitende.,"Bildungsplan Fachfrau/Fachmann Gesundheit EFZ, OdASanté/SBFI",https://www.odasante.ch/fileadmin/odasante.ch/docs/Grundbildung/FaGe/FaGe_BiPla.pdf
fage,Fachfrau/Fachmann Gesundheit EFZ,fage_l16,HKB D/E/F/G/H,L16,"Hygiene, Wunden, Hauswirtschaft und Logistik",hard,single_choice,Welche Aussage zum Thema Apparateunterhalt ist fachlich korrekt?,defekte Geräte weiterverwenden,Reinigung weglassen im normalen Werkstattbetrieb,Bedienungsanleitung ignorieren,"Geräte reinigen, prüfen und Defekte melden",D,Gerätesicherheit schützt Klientinnen und Mitarbeitende.,"Bildungsplan Fachfrau/Fachmann Gesundheit EFZ, OdASanté/SBFI",https://www.odasante.ch/fileadmin/odasante.ch/docs/Grundbildung/FaGe/FaGe_BiPla.pdf
