course_key,course_name,module_key,hk,sub_hk,topic,difficulty,question_type,question,option_a,option_b,option_c,option_d,correct_option,explanation,source,source_url
informatiker,Informatiker/in EFZ,it_l01,HKB a,L01,"ICT-Projekte: Stakeholder, Bedürfnisse und Ziele",easy,single_choice,Welche Aussage beschreibt das Thema Stakeholderanalyse im Beruf Informatiker/in EFZ am besten?,"betroffene Personen, Rollen und Interessen systematisch erfassen",nur die technische Lösung betrachten im laufenden Tagesgeschäft,alle Wünsche ungeprüft umsetzen im konkreten Auftrag,Stakeholder erst nach Projektabschluss informieren,A,Stakeholderanalyse schafft die Grundlage für passende ICT-Lösungen.,"Bildungsplan Informatiker/in EFZ BiVo 2021, ICT-Berufsbildung Schweiz/SBFI",https://www.ict-berufsbildung.ch/services/download-center
informatiker,Informatiker/in EFZ,it_l01,HKB a,L01,"ICT-Projekte: Stakeholder, Bedürfnisse und Ziele",medium,single_choice,Worauf muss man beim Thema Stakeholderanalyse in der Praxis besonders achten?,nur die technische Lösung betrachten nach gängiger Praxis,"betroffene Personen, Rollen und Interessen systematisch erfassen",alle Wünsche ungeprüft umsetzen im üblichen Berufsalltag,Stakeholder erst nach Projektabschluss informieren,B,Stakeholderanalyse schafft die Grundlage für passende ICT-Lösungen.,"Bildungsplan Informatiker/in EFZ BiVo 2021, ICT-Berufsbildung Schweiz/SBFI",https://www.ict-berufsbildung.ch/services/download-center
informatiker,Informatiker/in EFZ,it_l01,HKB a,L01,"ICT-Projekte: Stakeholder, Bedürfnisse und Ziele",hard,single_choice,Welche Aussage zum Thema Stakeholderanalyse ist fachlich korrekt?,nur die technische Lösung betrachten im Produktionsalltag,alle Wünsche ungeprüft umsetzen im Werkstattumfeld,"betroffene Personen, Rollen und Interessen systematisch erfassen",Stakeholder erst nach Projektabschluss informieren,C,Stakeholderanalyse schafft die Grundlage für passende ICT-Lösungen.,"Bildungsplan Informatiker/in EFZ BiVo 2021, ICT-Berufsbildung Schweiz/SBFI",https://www.ict-berufsbildung.ch/services/download-center
informatiker,Informatiker/in EFZ,it_l01,HKB a,L01,"ICT-Projekte: Stakeholder, Bedürfnisse und Ziele",easy,single_choice,Welche Aussage beschreibt das Thema Bedürfnisabklärung im Beruf Informatiker/in EFZ am besten?,Annahmen als Fakten behandeln im Rahmen der Routine,Rückfragen vermeiden unter typischen Arbeitsbedingungen,nur die lauteste Meinung berücksichtigen bei vergleichbaren Aufgaben,"Anforderungen durch Fragen, Beobachtung und Dokumentation klären",D,Bedürfnisse müssen nachvollziehbar erhoben und bestätigt werden.,"Bildungsplan Informatiker/in EFZ BiVo 2021, ICT-Berufsbildung Schweiz/SBFI",https://www.ict-berufsbildung.ch/services/download-center
informatiker,Informatiker/in EFZ,it_l01,HKB a,L01,"ICT-Projekte: Stakeholder, Bedürfnisse und Ziele",medium,single_choice,Worauf muss man beim Thema Bedürfnisabklärung in der Praxis besonders achten?,"Anforderungen durch Fragen, Beobachtung und Dokumentation klären",Annahmen als Fakten behandeln im normalen Werkstattbetrieb,Rückfragen vermeiden bei sachgemässem Ablauf im üblichen Berufsalltag,nur die lauteste Meinung berücksichtigen bei sachgemässer Ausführung,A,Bedürfnisse müssen nachvollziehbar erhoben und bestätigt werden.,"Bildungsplan Informatiker/in EFZ BiVo 2021, ICT-Berufsbildung Schweiz/SBFI",https://www.ict-berufsbildung.ch/services/download-center
informatiker,Informatiker/in EFZ,it_l01,HKB a,L01,"ICT-Projekte: Stakeholder, Bedürfnisse und Ziele",hard,single_choice,Welche Aussage zum Thema Bedürfnisabklärung ist fachlich korrekt?,Annahmen als Fakten behandeln im konkreten Auftrag,"Anforderungen durch Fragen, Beobachtung und Dokumentation klären",Rückfragen vermeiden bei vergleichbaren Aufgaben,nur die lauteste Meinung berücksichtigen im laufenden Tagesgeschäft,B,Bedürfnisse müssen nachvollziehbar erhoben und bestätigt werden.,"Bildungsplan Informatiker/in EFZ BiVo 2021, ICT-Berufsbildung Schweiz/SBFI",https://www.ict-berufsbildung.ch/services/download-center
informatiker,Informatiker/in EFZ,it_l01,HKB a,L01,"ICT-Projekte: Stakeholder, Bedürfnisse und Ziele",easy,single_choice,Welche Aussage beschreibt das Thema Projektziel im Beruf Informatiker/in EFZ am besten?,Ziele laufend unausgesprochen ändern nach gängiger Praxis,nur Technologien als Ziel nennen im üblichen Berufsalltag,"ein klares, überprüfbares und gemeinsames Ziel formulieren",Ziele nicht dokumentieren bei sachgemässer Ausführung,C,"Klare Ziele erleichtern Planung, Umsetzung und Abnahme.","Bildungsplan Informatiker/in EFZ BiVo 2021, ICT-Berufsbildung Schweiz/SBFI",https://www.ict-berufsbildung.ch/services/download-center
informatiker,Informatiker/in EFZ,it_l01,HKB a,L01,"ICT-Projekte: Stakeholder, Bedürfnisse und Ziele",medium,single_choice,Worauf muss man beim Thema Projektziel in der Praxis besonders achten?,Ziele laufend unausgesprochen ändern im Produktionsalltag,nur Technologien als Ziel nennen im Werkstattumfeld,Ziele nicht dokumentieren im laufenden Tagesgeschäft,"ein klares, überprüfbares und gemeinsames Ziel formulieren",D,"Klare Ziele erleichtern Planung, Umsetzung und Abnahme.","Bildungsplan Informatiker/in EFZ BiVo 2021, ICT-Berufsbildung Schweiz/SBFI",https://www.ict-berufsbildung.ch/services/download-center
informatiker,Informatiker/in EFZ,it_l01,HKB a,L01,"ICT-Projekte: Stakeholder, Bedürfnisse und Ziele",hard,single_choice,Welche Aussage zum Thema Projektziel ist fachlich korrekt?,"ein klares, überprüfbares und gemeinsames Ziel formulieren",Ziele laufend unausgesprochen ändern im Rahmen der Routine,nur Technologien als Ziel nennen unter typischen Arbeitsbedingungen,Ziele nicht dokumentieren nach gängiger Praxis,A,"Klare Ziele erleichtern Planung, Umsetzung und Abnahme.","Bildungsplan Informatiker/in EFZ BiVo 2021, ICT-Berufsbildung Schweiz/SBFI",https://www.ict-berufsbildung.ch/services/download-center
informatiker,Informatiker/in EFZ,it_l01,HKB a,L01,"ICT-Projekte: Stakeholder, Bedürfnisse und Ziele",easy,single_choice,Welche Aussage beschreibt das Thema Anforderungskatalog im Beruf Informatiker/in EFZ am besten?,Wünsche und Muss-Anforderungen vermischen im normalen Werkstattbetrieb,funktionale und nichtfunktionale Anforderungen strukturiert festhalten,Qualitätsanforderungen weglassen bei sachgemässem Ablauf,Dokumente nicht versionieren im Produktionsalltag,B,Ein Anforderungskatalog hilft bei Priorisierung und Kontrolle.,"Bildungsplan Informatiker/in EFZ BiVo 2021, ICT-Berufsbildung Schweiz/SBFI",https://www.ict-berufsbildung.ch/services/download-center
informatiker,Informatiker/in EFZ,it_l01,HKB a,L01,"ICT-Projekte: Stakeholder, Bedürfnisse und Ziele",medium,single_choice,Worauf muss man beim Thema Anforderungskatalog in der Praxis besonders achten?,Wünsche und Muss-Anforderungen vermischen im konkreten Auftrag,Qualitätsanforderungen weglassen bei vergleichbaren Aufgaben,funktionale und nichtfunktionale Anforderungen strukturiert festhalten,Dokumente nicht versionieren im Rahmen der Routine,C,Ein Anforderungskatalog hilft bei Priorisierung und Kontrolle.,"Bildungsplan Informatiker/in EFZ BiVo 2021, ICT-Berufsbildung Schweiz/SBFI",https://www.ict-berufsbildung.ch/services/download-center
informatiker,Informatiker/in EFZ,it_l01,HKB a,L01,"ICT-Projekte: Stakeholder, Bedürfnisse und Ziele",hard,single_choice,Welche Aussage zum Thema Anforderungskatalog ist fachlich korrekt?,Wünsche und Muss-Anforderungen vermischen im üblichen Berufsalltag,Qualitätsanforderungen weglassen bei sachgemässer Ausführung,Dokumente nicht versionieren im normalen Werkstattbetrieb,funktionale und nichtfunktionale Anforderungen strukturiert festhalten,D,Ein Anforderungskatalog hilft bei Priorisierung und Kontrolle.,"Bildungsplan Informatiker/in EFZ BiVo 2021, ICT-Berufsbildung Schweiz/SBFI",https://www.ict-berufsbildung.ch/services/download-center
informatiker,Informatiker/in EFZ,it_l01,HKB a,L01,"ICT-Projekte: Stakeholder, Bedürfnisse und Ziele",easy,single_choice,Welche Aussage beschreibt das Thema Vorgehensmodell im Beruf Informatiker/in EFZ am besten?,ein zum Auftrag passendes Projektvorgehen auswählen,immer dasselbe Vorgehen verwenden im Werkstattumfeld,Planung ganz weglassen im konkreten Auftrag,Tests erst nach Betrieb starten im laufenden Tagesgeschäft,A,"Das Vorgehen muss zu Risiko, Umfang und Umfeld passen.","Bildungsplan Informatiker/in EFZ BiVo 2021, ICT-Berufsbildung Schweiz/SBFI",https://www.ict-berufsbildung.ch/services/download-center
informatiker,Informatiker/in EFZ,it_l01,HKB a,L01,"ICT-Projekte: Stakeholder, Bedürfnisse und Ziele",medium,single_choice,Worauf muss man beim Thema Vorgehensmodell in der Praxis besonders achten?,immer dasselbe Vorgehen verwenden unter typischen Arbeitsbedingungen,ein zum Auftrag passendes Projektvorgehen auswählen,Planung ganz weglassen im üblichen Berufsalltag,Tests erst nach Betrieb starten nach gängiger Praxis,B,"Das Vorgehen muss zu Risiko, Umfang und Umfeld passen.","Bildungsplan Informatiker/in EFZ BiVo 2021, ICT-Berufsbildung Schweiz/SBFI",https://www.ict-berufsbildung.ch/services/download-center
informatiker,Informatiker/in EFZ,it_l01,HKB a,L01,"ICT-Projekte: Stakeholder, Bedürfnisse und Ziele",hard,single_choice,Welche Aussage zum Thema Vorgehensmodell ist fachlich korrekt?,immer dasselbe Vorgehen verwenden bei sachgemässem Ablauf,Planung ganz weglassen im Werkstattumfeld,ein zum Auftrag passendes Projektvorgehen auswählen,Tests erst nach Betrieb starten im Produktionsalltag,C,"Das Vorgehen muss zu Risiko, Umfang und Umfeld passen.","Bildungsplan Informatiker/in EFZ BiVo 2021, ICT-Berufsbildung Schweiz/SBFI",https://www.ict-berufsbildung.ch/services/download-center
informatiker,Informatiker/in EFZ,it_l01,HKB a,L01,"ICT-Projekte: Stakeholder, Bedürfnisse und Ziele",easy,single_choice,Welche Aussage beschreibt das Thema Projektauftrag im Beruf Informatiker/in EFZ am besten?,Budget und Termine ignorieren bei vergleichbaren Aufgaben,Zuständigkeiten offen lassen im Rahmen der Routine,nur mündlich starten unter typischen Arbeitsbedingungen,"Umfang, Ziele, Termine, Rollen und Rahmenbedingungen festhalten",D,Der Projektauftrag klärt Erwartungen und Verantwortlichkeiten.,"Bildungsplan Informatiker/in EFZ BiVo 2021, ICT-Berufsbildung Schweiz/SBFI",https://www.ict-berufsbildung.ch/services/download-center
informatiker,Informatiker/in EFZ,it_l01,HKB a,L01,"ICT-Projekte: Stakeholder, Bedürfnisse und Ziele",medium,single_choice,Worauf muss man beim Thema Projektauftrag in der Praxis besonders achten?,"Umfang, Ziele, Termine, Rollen und Rahmenbedingungen festhalten",Budget und Termine ignorieren bei sachgemässer Ausführung,Zuständigkeiten offen lassen im normalen Werkstattbetrieb,nur mündlich starten bei sachgemässem Ablauf im üblichen Berufsalltag,A,Der Projektauftrag klärt Erwartungen und Verantwortlichkeiten.,"Bildungsplan Informatiker/in EFZ BiVo 2021, ICT-Berufsbildung Schweiz/SBFI",https://www.ict-berufsbildung.ch/services/download-center
informatiker,Informatiker/in EFZ,it_l01,HKB a,L01,"ICT-Projekte: Stakeholder, Bedürfnisse und Ziele",hard,single_choice,Welche Aussage zum Thema Projektauftrag ist fachlich korrekt?,Budget und Termine ignorieren im laufenden Tagesgeschäft,"Umfang, Ziele, Termine, Rollen und Rahmenbedingungen festhalten",Zuständigkeiten offen lassen im konkreten Auftrag,nur mündlich starten bei vergleichbaren Aufgaben,B,Der Projektauftrag klärt Erwartungen und Verantwortlichkeiten.,"Bildungsplan Informatiker/in EFZ BiVo 2021, ICT-Berufsbildung Schweiz/SBFI",https://www.ict-berufsbildung.ch/services/download-center
informatiker,Informatiker/in EFZ,it_l01,HKB a,L01,"ICT-Projekte: Stakeholder, Bedürfnisse und Ziele",easy,single_choice,Welche Aussage beschreibt das Thema Use Case im Beruf Informatiker/in EFZ am besten?,interne Servernamen beschreiben nach gängiger Praxis,nur Programmcode dokumentieren im üblichen Berufsalltag,Abläufe aus Sicht der Benutzerinnen und Benutzer beschreiben,Benutzerziele weglassen bei sachgemässer Ausführung,C,Use Cases verbinden Fachbedarf und technische Umsetzung.,"Bildungsplan Informatiker/in EFZ BiVo 2021, ICT-Berufsbildung Schweiz/SBFI",https://www.ict-berufsbildung.ch/services/download-center
informatiker,Informatiker/in EFZ,it_l01,HKB a,L01,"ICT-Projekte: Stakeholder, Bedürfnisse und Ziele",medium,single_choice,Worauf muss man beim Thema Use Case in der Praxis besonders achten?,interne Servernamen beschreiben im Produktionsalltag,nur Programmcode dokumentieren im Werkstattumfeld,Benutzerziele weglassen im laufenden Tagesgeschäft,Abläufe aus Sicht der Benutzerinnen und Benutzer beschreiben,D,Use Cases verbinden Fachbedarf und technische Umsetzung.,"Bildungsplan Informatiker/in EFZ BiVo 2021, ICT-Berufsbildung Schweiz/SBFI",https://www.ict-berufsbildung.ch/services/download-center
informatiker,Informatiker/in EFZ,it_l01,HKB a,L01,"ICT-Projekte: Stakeholder, Bedürfnisse und Ziele",hard,single_choice,Welche Aussage zum Thema Use Case ist fachlich korrekt?,Abläufe aus Sicht der Benutzerinnen und Benutzer beschreiben,interne Servernamen beschreiben im Rahmen der Routine,nur Programmcode dokumentieren unter typischen Arbeitsbedingungen,Benutzerziele weglassen nach gängiger Praxis,A,Use Cases verbinden Fachbedarf und technische Umsetzung.,"Bildungsplan Informatiker/in EFZ BiVo 2021, ICT-Berufsbildung Schweiz/SBFI",https://www.ict-berufsbildung.ch/services/download-center
informatiker,Informatiker/in EFZ,it_l01,HKB a,L01,"ICT-Projekte: Stakeholder, Bedürfnisse und Ziele",easy,single_choice,Welche Aussage beschreibt das Thema Akzeptanzkriterium im Beruf Informatiker/in EFZ am besten?,Kriterien nachträglich erfinden im Produktionsalltag,prüfbare Bedingungen für eine erfolgreiche Lösung definieren,subjektive Aussagen genügen lassen im normalen Werkstattbetrieb,Abnahme ohne Prüfung durchführen bei sachgemässem Ablauf,B,Akzeptanzkriterien machen Qualität überprüfbar.,"Bildungsplan Informatiker/in EFZ BiVo 2021, ICT-Berufsbildung Schweiz/SBFI",https://www.ict-berufsbildung.ch/services/download-center
informatiker,Informatiker/in EFZ,it_l01,HKB a,L01,"ICT-Projekte: Stakeholder, Bedürfnisse und Ziele",medium,single_choice,Worauf muss man beim Thema Akzeptanzkriterium in der Praxis besonders achten?,Kriterien nachträglich erfinden im Rahmen der Routine,subjektive Aussagen genügen lassen im konkreten Auftrag,prüfbare Bedingungen für eine erfolgreiche Lösung definieren,Abnahme ohne Prüfung durchführen bei vergleichbaren Aufgaben,C,Akzeptanzkriterien machen Qualität überprüfbar.,"Bildungsplan Informatiker/in EFZ BiVo 2021, ICT-Berufsbildung Schweiz/SBFI",https://www.ict-berufsbildung.ch/services/download-center
informatiker,Informatiker/in EFZ,it_l01,HKB a,L01,"ICT-Projekte: Stakeholder, Bedürfnisse und Ziele",hard,single_choice,Welche Aussage zum Thema Akzeptanzkriterium ist fachlich korrekt?,Kriterien nachträglich erfinden im normalen Werkstattbetrieb,subjektive Aussagen genügen lassen im üblichen Berufsalltag,Abnahme ohne Prüfung durchführen bei sachgemässer Ausführung,prüfbare Bedingungen für eine erfolgreiche Lösung definieren,D,Akzeptanzkriterien machen Qualität überprüfbar.,"Bildungsplan Informatiker/in EFZ BiVo 2021, ICT-Berufsbildung Schweiz/SBFI",https://www.ict-berufsbildung.ch/services/download-center
informatiker,Informatiker/in EFZ,it_l01,HKB a,L01,"ICT-Projekte: Stakeholder, Bedürfnisse und Ziele",easy,single_choice,Welche Aussage beschreibt das Thema Risiko im Projekt im Beruf Informatiker/in EFZ am besten?,"mögliche Probleme früh erkennen, bewerten und Massnahmen planen",Risiken verschweigen im konkreten Auftrag im Produktionsalltag,nur erfolgreiche Szenarien planen im Werkstattumfeld,Warnzeichen ignorieren im laufenden Tagesgeschäft,A,Risikomanagement erhöht die Projektsicherheit.,"Bildungsplan Informatiker/in EFZ BiVo 2021, ICT-Berufsbildung Schweiz/SBFI",https://www.ict-berufsbildung.ch/services/download-center
informatiker,Informatiker/in EFZ,it_l01,HKB a,L01,"ICT-Projekte: Stakeholder, Bedürfnisse und Ziele",medium,single_choice,Worauf muss man beim Thema Risiko im Projekt in der Praxis besonders achten?,Risiken verschweigen im üblichen Berufsalltag,"mögliche Probleme früh erkennen, bewerten und Massnahmen planen",nur erfolgreiche Szenarien planen unter typischen Arbeitsbedingungen,Warnzeichen ignorieren nach gängiger Praxis im Rahmen der Routine,B,Risikomanagement erhöht die Projektsicherheit.,"Bildungsplan Informatiker/in EFZ BiVo 2021, ICT-Berufsbildung Schweiz/SBFI",https://www.ict-berufsbildung.ch/services/download-center
informatiker,Informatiker/in EFZ,it_l01,HKB a,L01,"ICT-Projekte: Stakeholder, Bedürfnisse und Ziele",hard,single_choice,Welche Aussage zum Thema Risiko im Projekt ist fachlich korrekt?,Risiken verschweigen im Werkstattumfeld im normalen Werkstattbetrieb,nur erfolgreiche Szenarien planen bei sachgemässem Ablauf,"mögliche Probleme früh erkennen, bewerten und Massnahmen planen",Warnzeichen ignorieren im Produktionsalltag bei sachgemässer Ausführung,C,Risikomanagement erhöht die Projektsicherheit.,"Bildungsplan Informatiker/in EFZ BiVo 2021, ICT-Berufsbildung Schweiz/SBFI",https://www.ict-berufsbildung.ch/services/download-center
informatiker,Informatiker/in EFZ,it_l01,HKB a,L01,"ICT-Projekte: Stakeholder, Bedürfnisse und Ziele",easy,single_choice,Welche Aussage beschreibt das Thema Projektkommunikation im Beruf Informatiker/in EFZ am besten?,Fachbegriffe ungeklärt verwenden bei vergleichbaren Aufgaben,Statusberichte auslassen unter typischen Arbeitsbedingungen,Änderungen nicht kommunizieren im Rahmen der Routine im konkreten Auftrag,"Informationen zielgruppengerecht, rechtzeitig und nachvollziehbar weitergeben",D,Gute Kommunikation verhindert Missverständnisse.,"Bildungsplan Informatiker/in EFZ BiVo 2021, ICT-Berufsbildung Schweiz/SBFI",https://www.ict-berufsbildung.ch/services/download-center
informatiker,Informatiker/in EFZ,it_l01,HKB a,L01,"ICT-Projekte: Stakeholder, Bedürfnisse und Ziele",medium,single_choice,Worauf muss man beim Thema Projektkommunikation in der Praxis besonders achten?,"Informationen zielgruppengerecht, rechtzeitig und nachvollziehbar weitergeben",Fachbegriffe ungeklärt verwenden bei sachgemässer Ausführung,Statusberichte auslassen bei sachgemässem Ablauf im üblichen Berufsalltag,Änderungen nicht kommunizieren im normalen Werkstattbetrieb,A,Gute Kommunikation verhindert Missverständnisse.,"Bildungsplan Informatiker/in EFZ BiVo 2021, ICT-Berufsbildung Schweiz/SBFI",https://www.ict-berufsbildung.ch/services/download-center
informatiker,Informatiker/in EFZ,it_l01,HKB a,L01,"ICT-Projekte: Stakeholder, Bedürfnisse und Ziele",hard,single_choice,Welche Aussage zum Thema Projektkommunikation ist fachlich korrekt?,Fachbegriffe ungeklärt verwenden im laufenden Tagesgeschäft,"Informationen zielgruppengerecht, rechtzeitig und nachvollziehbar weitergeben",Statusberichte auslassen bei vergleichbaren Aufgaben im Produktionsalltag,Änderungen nicht kommunizieren im konkreten Auftrag im Werkstattumfeld,B,Gute Kommunikation verhindert Missverständnisse.,"Bildungsplan Informatiker/in EFZ BiVo 2021, ICT-Berufsbildung Schweiz/SBFI",https://www.ict-berufsbildung.ch/services/download-center
informatiker,Informatiker/in EFZ,it_l02,HKB a,L02,"ICT-Projekte: Planung, Visualisierung und Reporting",easy,single_choice,Welche Aussage beschreibt das Thema Projektplanung im Beruf Informatiker/in EFZ am besten?,alle Aufgaben gleich priorisieren nach gängiger Praxis,Abhängigkeiten ignorieren im üblichen Berufsalltag unter typischen Arbeitsbedingungen,"Aufgaben, Abhängigkeiten, Ressourcen und Termine realistisch planen",keine Reserve einplanen bei sachgemässer Ausführung,C,Planung macht Aufwand und Reihenfolge sichtbar.,"Bildungsplan Informatiker/in EFZ BiVo 2021, ICT-Berufsbildung Schweiz/SBFI",https://www.ict-berufsbildung.ch/services/download-center
informatiker,Informatiker/in EFZ,it_l02,HKB a,L02,"ICT-Projekte: Planung, Visualisierung und Reporting",medium,single_choice,Worauf muss man beim Thema Projektplanung in der Praxis besonders achten?,alle Aufgaben gleich priorisieren im Produktionsalltag,Abhängigkeiten ignorieren im Werkstattumfeld bei sachgemässem Ablauf,keine Reserve einplanen im laufenden Tagesgeschäft,"Aufgaben, Abhängigkeiten, Ressourcen und Termine realistisch planen",D,Planung macht Aufwand und Reihenfolge sichtbar.,"Bildungsplan Informatiker/in EFZ BiVo 2021, ICT-Berufsbildung Schweiz/SBFI",https://www.ict-berufsbildung.ch/services/download-center
informatiker,Informatiker/in EFZ,it_l02,HKB a,L02,"ICT-Projekte: Planung, Visualisierung und Reporting",hard,single_choice,Welche Aussage zum Thema Projektplanung ist fachlich korrekt?,"Aufgaben, Abhängigkeiten, Ressourcen und Termine realistisch planen",alle Aufgaben gleich priorisieren im Rahmen der Routine,Abhängigkeiten ignorieren unter typischen Arbeitsbedingungen,keine Reserve einplanen nach gängiger Praxis bei vergleichbaren Aufgaben,A,Planung macht Aufwand und Reihenfolge sichtbar.,"Bildungsplan Informatiker/in EFZ BiVo 2021, ICT-Berufsbildung Schweiz/SBFI",https://www.ict-berufsbildung.ch/services/download-center
informatiker,Informatiker/in EFZ,it_l02,HKB a,L02,"ICT-Projekte: Planung, Visualisierung und Reporting",easy,single_choice,Welche Aussage beschreibt das Thema Arbeitspaket im Beruf Informatiker/in EFZ am besten?,unbegrenzte Aufgaben formulieren im normalen Werkstattbetrieb,eine klar abgegrenzte Aufgabe mit Ergebnis und Zuständigkeit definieren,Verantwortliche offen lassen bei sachgemässem Ablauf,Ergebnis nicht beschreiben im Produktionsalltag bei sachgemässer Ausführung,B,Arbeitspakete erleichtern Steuerung und Kontrolle.,"Bildungsplan Informatiker/in EFZ BiVo 2021, ICT-Berufsbildung Schweiz/SBFI",https://www.ict-berufsbildung.ch/services/download-center
informatiker,Informatiker/in EFZ,it_l02,HKB a,L02,"ICT-Projekte: Planung, Visualisierung und Reporting",medium,single_choice,Worauf muss man beim Thema Arbeitspaket in der Praxis besonders achten?,unbegrenzte Aufgaben formulieren im konkreten Auftrag,Verantwortliche offen lassen bei vergleichbaren Aufgaben,eine klar abgegrenzte Aufgabe mit Ergebnis und Zuständigkeit definieren,Ergebnis nicht beschreiben im Rahmen der Routine im laufenden Tagesgeschäft,C,Arbeitspakete erleichtern Steuerung und Kontrolle.,"Bildungsplan Informatiker/in EFZ BiVo 2021, ICT-Berufsbildung Schweiz/SBFI",https://www.ict-berufsbildung.ch/services/download-center
informatiker,Informatiker/in EFZ,it_l02,HKB a,L02,"ICT-Projekte: Planung, Visualisierung und Reporting",hard,single_choice,Welche Aussage zum Thema Arbeitspaket ist fachlich korrekt?,unbegrenzte Aufgaben formulieren im üblichen Berufsalltag,Verantwortliche offen lassen bei sachgemässer Ausführung,Ergebnis nicht beschreiben im normalen Werkstattbetrieb nach gängiger Praxis,eine klar abgegrenzte Aufgabe mit Ergebnis und Zuständigkeit definieren,D,Arbeitspakete erleichtern Steuerung und Kontrolle.,"Bildungsplan Informatiker/in EFZ BiVo 2021, ICT-Berufsbildung Schweiz/SBFI",https://www.ict-berufsbildung.ch/services/download-center
informatiker,Informatiker/in EFZ,it_l02,HKB a,L02,"ICT-Projekte: Planung, Visualisierung und Reporting",easy,single_choice,Welche Aussage beschreibt das Thema Priorisierung im Beruf Informatiker/in EFZ am besten?,"Aufgaben nach Nutzen, Dringlichkeit und Risiken ordnen",nur einfache Aufgaben zuerst wählen im Werkstattumfeld,Kundenwert ignorieren im konkreten Auftrag,kritische Risiken verschieben im laufenden Tagesgeschäft,A,Priorisierung hilft bei begrenzten Ressourcen.,"Bildungsplan Informatiker/in EFZ BiVo 2021, ICT-Berufsbildung Schweiz/SBFI",https://www.ict-berufsbildung.ch/services/download-center
informatiker,Informatiker/in EFZ,it_l02,HKB a,L02,"ICT-Projekte: Planung, Visualisierung und Reporting",medium,single_choice,Worauf muss man beim Thema Priorisierung in der Praxis besonders achten?,nur einfache Aufgaben zuerst wählen unter typischen Arbeitsbedingungen,"Aufgaben nach Nutzen, Dringlichkeit und Risiken ordnen",Kundenwert ignorieren im üblichen Berufsalltag,kritische Risiken verschieben nach gängiger Praxis,B,Priorisierung hilft bei begrenzten Ressourcen.,"Bildungsplan Informatiker/in EFZ BiVo 2021, ICT-Berufsbildung Schweiz/SBFI",https://www.ict-berufsbildung.ch/services/download-center
informatiker,Informatiker/in EFZ,it_l02,HKB a,L02,"ICT-Projekte: Planung, Visualisierung und Reporting",hard,single_choice,Welche Aussage zum Thema Priorisierung ist fachlich korrekt?,nur einfache Aufgaben zuerst wählen bei sachgemässem Ablauf,Kundenwert ignorieren im Werkstattumfeld,"Aufgaben nach Nutzen, Dringlichkeit und Risiken ordnen",kritische Risiken verschieben im Produktionsalltag,C,Priorisierung hilft bei begrenzten Ressourcen.,"Bildungsplan Informatiker/in EFZ BiVo 2021, ICT-Berufsbildung Schweiz/SBFI",https://www.ict-berufsbildung.ch/services/download-center
informatiker,Informatiker/in EFZ,it_l02,HKB a,L02,"ICT-Projekte: Planung, Visualisierung und Reporting",easy,single_choice,Welche Aussage beschreibt das Thema Zeitabschätzung im Beruf Informatiker/in EFZ am besten?,Schätzungen als Garantie behandeln bei vergleichbaren Aufgaben,Komplexität ignorieren unter typischen Arbeitsbedingungen,ohne Rückfrage schätzen im Rahmen der Routine,"Aufwände anhand Erfahrung, Umfang und Unsicherheiten schätzen",D,"Schätzungen unterstützen Planung, bleiben aber Annahmen.","Bildungsplan Informatiker/in EFZ BiVo 2021, ICT-Berufsbildung Schweiz/SBFI",https://www.ict-berufsbildung.ch/services/download-center
informatiker,Informatiker/in EFZ,it_l02,HKB a,L02,"ICT-Projekte: Planung, Visualisierung und Reporting",medium,single_choice,Worauf muss man beim Thema Zeitabschätzung in der Praxis besonders achten?,"Aufwände anhand Erfahrung, Umfang und Unsicherheiten schätzen",Schätzungen als Garantie behandeln bei sachgemässer Ausführung,Komplexität ignorieren bei sachgemässem Ablauf,ohne Rückfrage schätzen im normalen Werkstattbetrieb,A,"Schätzungen unterstützen Planung, bleiben aber Annahmen.","Bildungsplan Informatiker/in EFZ BiVo 2021, ICT-Berufsbildung Schweiz/SBFI",https://www.ict-berufsbildung.ch/services/download-center
informatiker,Informatiker/in EFZ,it_l02,HKB a,L02,"ICT-Projekte: Planung, Visualisierung und Reporting",hard,single_choice,Welche Aussage zum Thema Zeitabschätzung ist fachlich korrekt?,Schätzungen als Garantie behandeln im laufenden Tagesgeschäft,"Aufwände anhand Erfahrung, Umfang und Unsicherheiten schätzen",Komplexität ignorieren bei vergleichbaren Aufgaben,ohne Rückfrage schätzen im konkreten Auftrag,B,"Schätzungen unterstützen Planung, bleiben aber Annahmen.","Bildungsplan Informatiker/in EFZ BiVo 2021, ICT-Berufsbildung Schweiz/SBFI",https://www.ict-berufsbildung.ch/services/download-center
informatiker,Informatiker/in EFZ,it_l02,HKB a,L02,"ICT-Projekte: Planung, Visualisierung und Reporting",easy,single_choice,Welche Aussage beschreibt das Thema Visualisierung im Beruf Informatiker/in EFZ am besten?,nur Quellcode zeigen bei sachgemässer Ausführung unter typischen Arbeitsbedingungen,Diagramme ohne Legende verwenden nach gängiger Praxis,Lösungsvarianten verständlich darstellen und vergleichbar machen,Alternativen verheimlichen im üblichen Berufsalltag,C,Visualisierung unterstützt Entscheidungen.,"Bildungsplan Informatiker/in EFZ BiVo 2021, ICT-Berufsbildung Schweiz/SBFI",https://www.ict-berufsbildung.ch/services/download-center
informatiker,Informatiker/in EFZ,it_l02,HKB a,L02,"ICT-Projekte: Planung, Visualisierung und Reporting",medium,single_choice,Worauf muss man beim Thema Visualisierung in der Praxis besonders achten?,nur Quellcode zeigen im laufenden Tagesgeschäft,Diagramme ohne Legende verwenden im Produktionsalltag,Alternativen verheimlichen im Werkstattumfeld bei sachgemässem Ablauf,Lösungsvarianten verständlich darstellen und vergleichbar machen,D,Visualisierung unterstützt Entscheidungen.,"Bildungsplan Informatiker/in EFZ BiVo 2021, ICT-Berufsbildung Schweiz/SBFI",https://www.ict-berufsbildung.ch/services/download-center
informatiker,Informatiker/in EFZ,it_l02,HKB a,L02,"ICT-Projekte: Planung, Visualisierung und Reporting",hard,single_choice,Welche Aussage zum Thema Visualisierung ist fachlich korrekt?,Lösungsvarianten verständlich darstellen und vergleichbar machen,nur Quellcode zeigen nach gängiger Praxis bei vergleichbaren Aufgaben,Diagramme ohne Legende verwenden im Rahmen der Routine,Alternativen verheimlichen unter typischen Arbeitsbedingungen,A,Visualisierung unterstützt Entscheidungen.,"Bildungsplan Informatiker/in EFZ BiVo 2021, ICT-Berufsbildung Schweiz/SBFI",https://www.ict-berufsbildung.ch/services/download-center
informatiker,Informatiker/in EFZ,it_l02,HKB a,L02,"ICT-Projekte: Planung, Visualisierung und Reporting",easy,single_choice,Welche Aussage beschreibt das Thema Prototyp im Beruf Informatiker/in EFZ am besten?,Prototyp ungeprüft produktiv setzen im normalen Werkstattbetrieb,"eine frühe, begrenzte Lösung zur Klärung von Anforderungen nutzen",Feedback vermeiden im Produktionsalltag bei sachgemässer Ausführung,Sicherheitsfragen ignorieren bei sachgemässem Ablauf,B,Prototypen reduzieren Unsicherheiten.,"Bildungsplan Informatiker/in EFZ BiVo 2021, ICT-Berufsbildung Schweiz/SBFI",https://www.ict-berufsbildung.ch/services/download-center
informatiker,Informatiker/in EFZ,it_l02,HKB a,L02,"ICT-Projekte: Planung, Visualisierung und Reporting",medium,single_choice,Worauf muss man beim Thema Prototyp in der Praxis besonders achten?,Prototyp ungeprüft produktiv setzen im konkreten Auftrag,Feedback vermeiden im Rahmen der Routine im laufenden Tagesgeschäft,"eine frühe, begrenzte Lösung zur Klärung von Anforderungen nutzen",Sicherheitsfragen ignorieren bei vergleichbaren Aufgaben,C,Prototypen reduzieren Unsicherheiten.,"Bildungsplan Informatiker/in EFZ BiVo 2021, ICT-Berufsbildung Schweiz/SBFI",https://www.ict-berufsbildung.ch/services/download-center
informatiker,Informatiker/in EFZ,it_l02,HKB a,L02,"ICT-Projekte: Planung, Visualisierung und Reporting",hard,single_choice,Welche Aussage zum Thema Prototyp ist fachlich korrekt?,Prototyp ungeprüft produktiv setzen im üblichen Berufsalltag,Feedback vermeiden im normalen Werkstattbetrieb,Sicherheitsfragen ignorieren bei sachgemässer Ausführung,"eine frühe, begrenzte Lösung zur Klärung von Anforderungen nutzen",D,Prototypen reduzieren Unsicherheiten.,"Bildungsplan Informatiker/in EFZ BiVo 2021, ICT-Berufsbildung Schweiz/SBFI",https://www.ict-berufsbildung.ch/services/download-center
informatiker,Informatiker/in EFZ,it_l02,HKB a,L02,"ICT-Projekte: Planung, Visualisierung und Reporting",easy,single_choice,Welche Aussage beschreibt das Thema Statusrapport im Beruf Informatiker/in EFZ am besten?,"Fortschritt, Hindernisse und nächste Schritte transparent berichten",Probleme beschönigen im konkreten Auftrag im Produktionsalltag,nur erledigte Kleinigkeiten melden im Werkstattumfeld,Abweichungen nicht erklären im laufenden Tagesgeschäft,A,Reporting ermöglicht rechtzeitige Steuerung.,"Bildungsplan Informatiker/in EFZ BiVo 2021, ICT-Berufsbildung Schweiz/SBFI",https://www.ict-berufsbildung.ch/services/download-center
informatiker,Informatiker/in EFZ,it_l02,HKB a,L02,"ICT-Projekte: Planung, Visualisierung und Reporting",medium,single_choice,Worauf muss man beim Thema Statusrapport in der Praxis besonders achten?,Probleme beschönigen im üblichen Berufsalltag im Rahmen der Routine,"Fortschritt, Hindernisse und nächste Schritte transparent berichten",nur erledigte Kleinigkeiten melden unter typischen Arbeitsbedingungen,Abweichungen nicht erklären nach gängiger Praxis,B,Reporting ermöglicht rechtzeitige Steuerung.,"Bildungsplan Informatiker/in EFZ BiVo 2021, ICT-Berufsbildung Schweiz/SBFI",https://www.ict-berufsbildung.ch/services/download-center
informatiker,Informatiker/in EFZ,it_l02,HKB a,L02,"ICT-Projekte: Planung, Visualisierung und Reporting",hard,single_choice,Welche Aussage zum Thema Statusrapport ist fachlich korrekt?,Probleme beschönigen im Werkstattumfeld im normalen Werkstattbetrieb,nur erledigte Kleinigkeiten melden bei sachgemässem Ablauf,"Fortschritt, Hindernisse und nächste Schritte transparent berichten",Abweichungen nicht erklären im Produktionsalltag,C,Reporting ermöglicht rechtzeitige Steuerung.,"Bildungsplan Informatiker/in EFZ BiVo 2021, ICT-Berufsbildung Schweiz/SBFI",https://www.ict-berufsbildung.ch/services/download-center
informatiker,Informatiker/in EFZ,it_l02,HKB a,L02,"ICT-Projekte: Planung, Visualisierung und Reporting",easy,single_choice,Welche Aussage beschreibt das Thema Änderungsmanagement im Beruf Informatiker/in EFZ am besten?,jede Änderung sofort einbauen bei vergleichbaren Aufgaben,Auswirkungen nicht prüfen unter typischen Arbeitsbedingungen,Versionen nicht nachführen im Rahmen der Routine,"Änderungen bewerten, dokumentieren und kontrolliert umsetzen",D,"Änderungen beeinflussen Aufwand, Qualität und Termine.","Bildungsplan Informatiker/in EFZ BiVo 2021, ICT-Berufsbildung Schweiz/SBFI",https://www.ict-berufsbildung.ch/services/download-center
informatiker,Informatiker/in EFZ,it_l02,HKB a,L02,"ICT-Projekte: Planung, Visualisierung und Reporting",medium,single_choice,Worauf muss man beim Thema Änderungsmanagement in der Praxis besonders achten?,"Änderungen bewerten, dokumentieren und kontrolliert umsetzen",jede Änderung sofort einbauen bei sachgemässer Ausführung,Auswirkungen nicht prüfen bei sachgemässem Ablauf,Versionen nicht nachführen im normalen Werkstattbetrieb,A,"Änderungen beeinflussen Aufwand, Qualität und Termine.","Bildungsplan Informatiker/in EFZ BiVo 2021, ICT-Berufsbildung Schweiz/SBFI",https://www.ict-berufsbildung.ch/services/download-center
informatiker,Informatiker/in EFZ,it_l02,HKB a,L02,"ICT-Projekte: Planung, Visualisierung und Reporting",hard,single_choice,Welche Aussage zum Thema Änderungsmanagement ist fachlich korrekt?,jede Änderung sofort einbauen im laufenden Tagesgeschäft,"Änderungen bewerten, dokumentieren und kontrolliert umsetzen",Auswirkungen nicht prüfen bei vergleichbaren Aufgaben,Versionen nicht nachführen im konkreten Auftrag,B,"Änderungen beeinflussen Aufwand, Qualität und Termine.","Bildungsplan Informatiker/in EFZ BiVo 2021, ICT-Berufsbildung Schweiz/SBFI",https://www.ict-berufsbildung.ch/services/download-center
informatiker,Informatiker/in EFZ,it_l02,HKB a,L02,"ICT-Projekte: Planung, Visualisierung und Reporting",easy,single_choice,Welche Aussage beschreibt das Thema Projektabschluss im Beruf Informatiker/in EFZ am besten?,Dokumentation löschen bei sachgemässer Ausführung unter typischen Arbeitsbedingungen,offene Punkte ignorieren im üblichen Berufsalltag,"Lösung übergeben, Abnahme sichern und Erfahrungen dokumentieren",Übergabe ohne Anleitung machen nach gängiger Praxis,C,Ein sauberer Abschluss sichert Betrieb und Lernen.,"Bildungsplan Informatiker/in EFZ BiVo 2021, ICT-Berufsbildung Schweiz/SBFI",https://www.ict-berufsbildung.ch/services/download-center
informatiker,Informatiker/in EFZ,it_l02,HKB a,L02,"ICT-Projekte: Planung, Visualisierung und Reporting",medium,single_choice,Worauf muss man beim Thema Projektabschluss in der Praxis besonders achten?,Dokumentation löschen im laufenden Tagesgeschäft,offene Punkte ignorieren im Werkstattumfeld bei sachgemässem Ablauf,Übergabe ohne Anleitung machen im Produktionsalltag,"Lösung übergeben, Abnahme sichern und Erfahrungen dokumentieren",D,Ein sauberer Abschluss sichert Betrieb und Lernen.,"Bildungsplan Informatiker/in EFZ BiVo 2021, ICT-Berufsbildung Schweiz/SBFI",https://www.ict-berufsbildung.ch/services/download-center
informatiker,Informatiker/in EFZ,it_l02,HKB a,L02,"ICT-Projekte: Planung, Visualisierung und Reporting",hard,single_choice,Welche Aussage zum Thema Projektabschluss ist fachlich korrekt?,"Lösung übergeben, Abnahme sichern und Erfahrungen dokumentieren",Dokumentation löschen nach gängiger Praxis bei vergleichbaren Aufgaben,offene Punkte ignorieren unter typischen Arbeitsbedingungen,Übergabe ohne Anleitung machen im Rahmen der Routine,A,Ein sauberer Abschluss sichert Betrieb und Lernen.,"Bildungsplan Informatiker/in EFZ BiVo 2021, ICT-Berufsbildung Schweiz/SBFI",https://www.ict-berufsbildung.ch/services/download-center
informatiker,Informatiker/in EFZ,it_l02,HKB a,L02,"ICT-Projekte: Planung, Visualisierung und Reporting",easy,single_choice,Welche Aussage beschreibt das Thema Lessons Learned im Beruf Informatiker/in EFZ am besten?,Fehler nur einzelnen Personen zuschreiben bei sachgemässer Ausführung,Erfahrungen auswerten und für künftige Projekte nutzbar machen,keine Verbesserungen ableiten bei sachgemässem Ablauf,Rückblick auslassen im Produktionsalltag im normalen Werkstattbetrieb,B,Reflexion verbessert künftige ICT-Projekte.,"Bildungsplan Informatiker/in EFZ BiVo 2021, ICT-Berufsbildung Schweiz/SBFI",https://www.ict-berufsbildung.ch/services/download-center
informatiker,Informatiker/in EFZ,it_l02,HKB a,L02,"ICT-Projekte: Planung, Visualisierung und Reporting",medium,single_choice,Worauf muss man beim Thema Lessons Learned in der Praxis besonders achten?,Fehler nur einzelnen Personen zuschreiben im konkreten Auftrag,keine Verbesserungen ableiten bei vergleichbaren Aufgaben,Erfahrungen auswerten und für künftige Projekte nutzbar machen,Rückblick auslassen im Rahmen der Routine im laufenden Tagesgeschäft,C,Reflexion verbessert künftige ICT-Projekte.,"Bildungsplan Informatiker/in EFZ BiVo 2021, ICT-Berufsbildung Schweiz/SBFI",https://www.ict-berufsbildung.ch/services/download-center
informatiker,Informatiker/in EFZ,it_l02,HKB a,L02,"ICT-Projekte: Planung, Visualisierung und Reporting",hard,single_choice,Welche Aussage zum Thema Lessons Learned ist fachlich korrekt?,Fehler nur einzelnen Personen zuschreiben im üblichen Berufsalltag,keine Verbesserungen ableiten bei sachgemässer Ausführung,Rückblick auslassen im normalen Werkstattbetrieb,Erfahrungen auswerten und für künftige Projekte nutzbar machen,D,Reflexion verbessert künftige ICT-Projekte.,"Bildungsplan Informatiker/in EFZ BiVo 2021, ICT-Berufsbildung Schweiz/SBFI",https://www.ict-berufsbildung.ch/services/download-center
informatiker,Informatiker/in EFZ,it_l03,HKB b,L03,"ICT-Arbeitsplatz, Support und Beratung",easy,single_choice,Welche Aussage beschreibt das Thema ICT-Arbeitsplatz im Beruf Informatiker/in EFZ am besten?,"Arbeitsmittel sicher, ergonomisch und einsatzbereit einrichten",Updates dauerhaft deaktivieren im Werkstattumfeld,Passwörter offen notieren im konkreten Auftrag im Produktionsalltag,Arbeitsplatz nicht testen im laufenden Tagesgeschäft,A,Ein funktionierender Arbeitsplatz ist Voraussetzung für produktives Arbeiten.,"Bildungsplan Informatiker/in EFZ BiVo 2021, ICT-Berufsbildung Schweiz/SBFI",https://www.ict-berufsbildung.ch/services/download-center
informatiker,Informatiker/in EFZ,it_l03,HKB b,L03,"ICT-Arbeitsplatz, Support und Beratung",medium,single_choice,Worauf muss man beim Thema ICT-Arbeitsplatz in der Praxis besonders achten?,Updates dauerhaft deaktivieren unter typischen Arbeitsbedingungen,"Arbeitsmittel sicher, ergonomisch und einsatzbereit einrichten",Passwörter offen notieren im üblichen Berufsalltag,Arbeitsplatz nicht testen nach gängiger Praxis,B,Ein funktionierender Arbeitsplatz ist Voraussetzung für produktives Arbeiten.,"Bildungsplan Informatiker/in EFZ BiVo 2021, ICT-Berufsbildung Schweiz/SBFI",https://www.ict-berufsbildung.ch/services/download-center
informatiker,Informatiker/in EFZ,it_l03,HKB b,L03,"ICT-Arbeitsplatz, Support und Beratung",hard,single_choice,Welche Aussage zum Thema ICT-Arbeitsplatz ist fachlich korrekt?,Updates dauerhaft deaktivieren bei sachgemässem Ablauf,Passwörter offen notieren im Werkstattumfeld im normalen Werkstattbetrieb,"Arbeitsmittel sicher, ergonomisch und einsatzbereit einrichten",Arbeitsplatz nicht testen im Produktionsalltag,C,Ein funktionierender Arbeitsplatz ist Voraussetzung für produktives Arbeiten.,"Bildungsplan Informatiker/in EFZ BiVo 2021, ICT-Berufsbildung Schweiz/SBFI",https://www.ict-berufsbildung.ch/services/download-center
informatiker,Informatiker/in EFZ,it_l03,HKB b,L03,"ICT-Arbeitsplatz, Support und Beratung",easy,single_choice,Welche Aussage beschreibt das Thema Supportanfrage im Beruf Informatiker/in EFZ am besten?,Benutzerinnen beschuldigen unter typischen Arbeitsbedingungen,Tickets ohne Rückmeldung schliessen bei vergleichbaren Aufgaben,Fehler nicht reproduzieren im Rahmen der Routine,"Anliegen aufnehmen, priorisieren und lösungsorientiert bearbeiten",D,Support braucht Struktur und Kommunikation.,"Bildungsplan Informatiker/in EFZ BiVo 2021, ICT-Berufsbildung Schweiz/SBFI",https://www.ict-berufsbildung.ch/services/download-center
informatiker,Informatiker/in EFZ,it_l03,HKB b,L03,"ICT-Arbeitsplatz, Support und Beratung",medium,single_choice,Worauf muss man beim Thema Supportanfrage in der Praxis besonders achten?,"Anliegen aufnehmen, priorisieren und lösungsorientiert bearbeiten",Benutzerinnen beschuldigen bei sachgemässem Ablauf,Tickets ohne Rückmeldung schliessen bei sachgemässer Ausführung,Fehler nicht reproduzieren im normalen Werkstattbetrieb,A,Support braucht Struktur und Kommunikation.,"Bildungsplan Informatiker/in EFZ BiVo 2021, ICT-Berufsbildung Schweiz/SBFI",https://www.ict-berufsbildung.ch/services/download-center
informatiker,Informatiker/in EFZ,it_l03,HKB b,L03,"ICT-Arbeitsplatz, Support und Beratung",hard,single_choice,Welche Aussage zum Thema Supportanfrage ist fachlich korrekt?,Benutzerinnen beschuldigen bei vergleichbaren Aufgaben,"Anliegen aufnehmen, priorisieren und lösungsorientiert bearbeiten",Tickets ohne Rückmeldung schliessen im laufenden Tagesgeschäft,Fehler nicht reproduzieren im konkreten Auftrag,B,Support braucht Struktur und Kommunikation.,"Bildungsplan Informatiker/in EFZ BiVo 2021, ICT-Berufsbildung Schweiz/SBFI",https://www.ict-berufsbildung.ch/services/download-center
informatiker,Informatiker/in EFZ,it_l03,HKB b,L03,"ICT-Arbeitsplatz, Support und Beratung",easy,single_choice,Welche Aussage beschreibt das Thema Ticketdokumentation im Beruf Informatiker/in EFZ am besten?,nur 'erledigt' schreiben bei sachgemässer Ausführung,Lösungsweg nicht notieren im üblichen Berufsalltag,"Problem, Analyse, Massnahmen und Ergebnis nachvollziehbar festhalten",Kundendaten unnötig erfassen nach gängiger Praxis unter typischen Arbeitsbedingungen,C,Gute Tickets helfen bei Qualität und Wiederverwendung.,"Bildungsplan Informatiker/in EFZ BiVo 2021, ICT-Berufsbildung Schweiz/SBFI",https://www.ict-berufsbildung.ch/services/download-center
informatiker,Informatiker/in EFZ,it_l03,HKB b,L03,"ICT-Arbeitsplatz, Support und Beratung",medium,single_choice,Worauf muss man beim Thema Ticketdokumentation in der Praxis besonders achten?,nur 'erledigt' schreiben im laufenden Tagesgeschäft,Lösungsweg nicht notieren im Werkstattumfeld bei sachgemässem Ablauf,Kundendaten unnötig erfassen im Produktionsalltag,"Problem, Analyse, Massnahmen und Ergebnis nachvollziehbar festhalten",D,Gute Tickets helfen bei Qualität und Wiederverwendung.,"Bildungsplan Informatiker/in EFZ BiVo 2021, ICT-Berufsbildung Schweiz/SBFI",https://www.ict-berufsbildung.ch/services/download-center
informatiker,Informatiker/in EFZ,it_l03,HKB b,L03,"ICT-Arbeitsplatz, Support und Beratung",hard,single_choice,Welche Aussage zum Thema Ticketdokumentation ist fachlich korrekt?,"Problem, Analyse, Massnahmen und Ergebnis nachvollziehbar festhalten",nur 'erledigt' schreiben nach gängiger Praxis bei vergleichbaren Aufgaben,Lösungsweg nicht notieren unter typischen Arbeitsbedingungen,Kundendaten unnötig erfassen im Rahmen der Routine,A,Gute Tickets helfen bei Qualität und Wiederverwendung.,"Bildungsplan Informatiker/in EFZ BiVo 2021, ICT-Berufsbildung Schweiz/SBFI",https://www.ict-berufsbildung.ch/services/download-center
informatiker,Informatiker/in EFZ,it_l03,HKB b,L03,"ICT-Arbeitsplatz, Support und Beratung",easy,single_choice,Welche Aussage beschreibt das Thema Fehleranalyse im Beruf Informatiker/in EFZ am besten?,wahllos Einstellungen ändern im normalen Werkstattbetrieb,"Symptome, Ursachen und Abhängigkeiten systematisch untersuchen",Logs ignorieren im Produktionsalltag bei sachgemässer Ausführung,nur neu starten und hoffen bei sachgemässem Ablauf,B,Systematische Analyse vermeidet Folgeschäden.,"Bildungsplan Informatiker/in EFZ BiVo 2021, ICT-Berufsbildung Schweiz/SBFI",https://www.ict-berufsbildung.ch/services/download-center
informatiker,Informatiker/in EFZ,it_l03,HKB b,L03,"ICT-Arbeitsplatz, Support und Beratung",medium,single_choice,Worauf muss man beim Thema Fehleranalyse in der Praxis besonders achten?,wahllos Einstellungen ändern im konkreten Auftrag,Logs ignorieren im Rahmen der Routine im laufenden Tagesgeschäft,"Symptome, Ursachen und Abhängigkeiten systematisch untersuchen",nur neu starten und hoffen bei vergleichbaren Aufgaben,C,Systematische Analyse vermeidet Folgeschäden.,"Bildungsplan Informatiker/in EFZ BiVo 2021, ICT-Berufsbildung Schweiz/SBFI",https://www.ict-berufsbildung.ch/services/download-center
informatiker,Informatiker/in EFZ,it_l03,HKB b,L03,"ICT-Arbeitsplatz, Support und Beratung",hard,single_choice,Welche Aussage zum Thema Fehleranalyse ist fachlich korrekt?,wahllos Einstellungen ändern im üblichen Berufsalltag,Logs ignorieren im normalen Werkstattbetrieb,nur neu starten und hoffen bei sachgemässer Ausführung,"Symptome, Ursachen und Abhängigkeiten systematisch untersuchen",D,Systematische Analyse vermeidet Folgeschäden.,"Bildungsplan Informatiker/in EFZ BiVo 2021, ICT-Berufsbildung Schweiz/SBFI",https://www.ict-berufsbildung.ch/services/download-center
informatiker,Informatiker/in EFZ,it_l03,HKB b,L03,"ICT-Arbeitsplatz, Support und Beratung",easy,single_choice,Welche Aussage beschreibt das Thema Priorität im Support im Beruf Informatiker/in EFZ am besten?,Auswirkung und Dringlichkeit einer Störung korrekt bewerten,alle Tickets gleich behandeln im konkreten Auftrag,VIP immer vor Sicherheit setzen im laufenden Tagesgeschäft,kritische Ausfälle warten lassen im Werkstattumfeld,A,Priorisierung schützt Betrieb und Kundennutzen.,"Bildungsplan Informatiker/in EFZ BiVo 2021, ICT-Berufsbildung Schweiz/SBFI",https://www.ict-berufsbildung.ch/services/download-center
informatiker,Informatiker/in EFZ,it_l03,HKB b,L03,"ICT-Arbeitsplatz, Support und Beratung",medium,single_choice,Worauf muss man beim Thema Priorität im Support in der Praxis besonders achten?,alle Tickets gleich behandeln im üblichen Berufsalltag,Auswirkung und Dringlichkeit einer Störung korrekt bewerten,VIP immer vor Sicherheit setzen nach gängiger Praxis,kritische Ausfälle warten lassen unter typischen Arbeitsbedingungen,B,Priorisierung schützt Betrieb und Kundennutzen.,"Bildungsplan Informatiker/in EFZ BiVo 2021, ICT-Berufsbildung Schweiz/SBFI",https://www.ict-berufsbildung.ch/services/download-center
informatiker,Informatiker/in EFZ,it_l03,HKB b,L03,"ICT-Arbeitsplatz, Support und Beratung",hard,single_choice,Welche Aussage zum Thema Priorität im Support ist fachlich korrekt?,alle Tickets gleich behandeln im Werkstattumfeld,VIP immer vor Sicherheit setzen im Produktionsalltag,Auswirkung und Dringlichkeit einer Störung korrekt bewerten,kritische Ausfälle warten lassen bei sachgemässem Ablauf,C,Priorisierung schützt Betrieb und Kundennutzen.,"Bildungsplan Informatiker/in EFZ BiVo 2021, ICT-Berufsbildung Schweiz/SBFI",https://www.ict-berufsbildung.ch/services/download-center
informatiker,Informatiker/in EFZ,it_l03,HKB b,L03,"ICT-Arbeitsplatz, Support und Beratung",easy,single_choice,Welche Aussage beschreibt das Thema Kundenkommunikation im Beruf Informatiker/in EFZ am besten?,Fachjargon ohne Erklärung nutzen im Rahmen der Routine,Fristen versprechen ohne Prüfung bei vergleichbaren Aufgaben,Rückmeldungen auslassen unter typischen Arbeitsbedingungen,verständliche Sprache verwenden und Erwartungen klären,D,Gute Kommunikation stärkt Vertrauen.,"Bildungsplan Informatiker/in EFZ BiVo 2021, ICT-Berufsbildung Schweiz/SBFI",https://www.ict-berufsbildung.ch/services/download-center
informatiker,Informatiker/in EFZ,it_l03,HKB b,L03,"ICT-Arbeitsplatz, Support und Beratung",medium,single_choice,Worauf muss man beim Thema Kundenkommunikation in der Praxis besonders achten?,verständliche Sprache verwenden und Erwartungen klären,Fachjargon ohne Erklärung nutzen im normalen Werkstattbetrieb,Fristen versprechen ohne Prüfung bei sachgemässer Ausführung,Rückmeldungen auslassen bei sachgemässem Ablauf,A,Gute Kommunikation stärkt Vertrauen.,"Bildungsplan Informatiker/in EFZ BiVo 2021, ICT-Berufsbildung Schweiz/SBFI",https://www.ict-berufsbildung.ch/services/download-center
informatiker,Informatiker/in EFZ,it_l03,HKB b,L03,"ICT-Arbeitsplatz, Support und Beratung",hard,single_choice,Welche Aussage zum Thema Kundenkommunikation ist fachlich korrekt?,Fachjargon ohne Erklärung nutzen im konkreten Auftrag,verständliche Sprache verwenden und Erwartungen klären,Fristen versprechen ohne Prüfung im laufenden Tagesgeschäft,Rückmeldungen auslassen bei vergleichbaren Aufgaben,B,Gute Kommunikation stärkt Vertrauen.,"Bildungsplan Informatiker/in EFZ BiVo 2021, ICT-Berufsbildung Schweiz/SBFI",https://www.ict-berufsbildung.ch/services/download-center
informatiker,Informatiker/in EFZ,it_l03,HKB b,L03,"ICT-Arbeitsplatz, Support und Beratung",easy,single_choice,Welche Aussage beschreibt das Thema Remote Support im Beruf Informatiker/in EFZ am besten?,ohne Einwilligung zugreifen nach gängiger Praxis,Sitzungen offen lassen im üblichen Berufsalltag unter typischen Arbeitsbedingungen,"Zugriff nur autorisiert, nachvollziehbar und sicher durchführen",private Daten ansehen bei sachgemässer Ausführung,C,Remote-Zugriffe betreffen Datenschutz und Sicherheit.,"Bildungsplan Informatiker/in EFZ BiVo 2021, ICT-Berufsbildung Schweiz/SBFI",https://www.ict-berufsbildung.ch/services/download-center
informatiker,Informatiker/in EFZ,it_l03,HKB b,L03,"ICT-Arbeitsplatz, Support und Beratung",medium,single_choice,Worauf muss man beim Thema Remote Support in der Praxis besonders achten?,ohne Einwilligung zugreifen im Produktionsalltag,Sitzungen offen lassen im Werkstattumfeld bei sachgemässem Ablauf,private Daten ansehen im laufenden Tagesgeschäft,"Zugriff nur autorisiert, nachvollziehbar und sicher durchführen",D,Remote-Zugriffe betreffen Datenschutz und Sicherheit.,"Bildungsplan Informatiker/in EFZ BiVo 2021, ICT-Berufsbildung Schweiz/SBFI",https://www.ict-berufsbildung.ch/services/download-center
informatiker,Informatiker/in EFZ,it_l03,HKB b,L03,"ICT-Arbeitsplatz, Support und Beratung",hard,single_choice,Welche Aussage zum Thema Remote Support ist fachlich korrekt?,"Zugriff nur autorisiert, nachvollziehbar und sicher durchführen",ohne Einwilligung zugreifen im Rahmen der Routine,Sitzungen offen lassen unter typischen Arbeitsbedingungen,private Daten ansehen nach gängiger Praxis bei vergleichbaren Aufgaben,A,Remote-Zugriffe betreffen Datenschutz und Sicherheit.,"Bildungsplan Informatiker/in EFZ BiVo 2021, ICT-Berufsbildung Schweiz/SBFI",https://www.ict-berufsbildung.ch/services/download-center
informatiker,Informatiker/in EFZ,it_l03,HKB b,L03,"ICT-Arbeitsplatz, Support und Beratung",easy,single_choice,Welche Aussage beschreibt das Thema Service-Level im Beruf Informatiker/in EFZ am besten?,SLA ignorieren im Produktionsalltag bei sachgemässer Ausführung,vereinbarte Reaktions- und Lösungszeiten berücksichtigen,Abmachungen nicht dokumentieren im normalen Werkstattbetrieb,Eskalationen vermeiden bei sachgemässem Ablauf,B,Service-Level schaffen verbindliche Erwartungen.,"Bildungsplan Informatiker/in EFZ BiVo 2021, ICT-Berufsbildung Schweiz/SBFI",https://www.ict-berufsbildung.ch/services/download-center
informatiker,Informatiker/in EFZ,it_l03,HKB b,L03,"ICT-Arbeitsplatz, Support und Beratung",medium,single_choice,Worauf muss man beim Thema Service-Level in der Praxis besonders achten?,SLA ignorieren im Rahmen der Routine im laufenden Tagesgeschäft,Abmachungen nicht dokumentieren im konkreten Auftrag,vereinbarte Reaktions- und Lösungszeiten berücksichtigen,Eskalationen vermeiden bei vergleichbaren Aufgaben,C,Service-Level schaffen verbindliche Erwartungen.,"Bildungsplan Informatiker/in EFZ BiVo 2021, ICT-Berufsbildung Schweiz/SBFI",https://www.ict-berufsbildung.ch/services/download-center
informatiker,Informatiker/in EFZ,it_l03,HKB b,L03,"ICT-Arbeitsplatz, Support und Beratung",hard,single_choice,Welche Aussage zum Thema Service-Level ist fachlich korrekt?,SLA ignorieren im normalen Werkstattbetrieb,Abmachungen nicht dokumentieren im üblichen Berufsalltag,Eskalationen vermeiden bei sachgemässer Ausführung,vereinbarte Reaktions- und Lösungszeiten berücksichtigen,D,Service-Level schaffen verbindliche Erwartungen.,"Bildungsplan Informatiker/in EFZ BiVo 2021, ICT-Berufsbildung Schweiz/SBFI",https://www.ict-berufsbildung.ch/services/download-center
informatiker,Informatiker/in EFZ,it_l03,HKB b,L03,"ICT-Arbeitsplatz, Support und Beratung",easy,single_choice,Welche Aussage beschreibt das Thema Eskalation im Beruf Informatiker/in EFZ am besten?,"bei Grenzen, Risiken oder fehlenden Berechtigungen rechtzeitig weiterleiten",zu lange allein probieren im laufenden Tagesgeschäft bei sachgemässem Ablauf,kritische Informationen zurückhalten im Werkstattumfeld,Zuständigkeiten umgehen im konkreten Auftrag im Produktionsalltag,A,Eskalation verhindert Verzögerungen und Risiken.,"Bildungsplan Informatiker/in EFZ BiVo 2021, ICT-Berufsbildung Schweiz/SBFI",https://www.ict-berufsbildung.ch/services/download-center
informatiker,Informatiker/in EFZ,it_l03,HKB b,L03,"ICT-Arbeitsplatz, Support und Beratung",medium,single_choice,Worauf muss man beim Thema Eskalation in der Praxis besonders achten?,zu lange allein probieren nach gängiger Praxis im Rahmen der Routine,"bei Grenzen, Risiken oder fehlenden Berechtigungen rechtzeitig weiterleiten",kritische Informationen zurückhalten unter typischen Arbeitsbedingungen,Zuständigkeiten umgehen im üblichen Berufsalltag bei vergleichbaren Aufgaben,B,Eskalation verhindert Verzögerungen und Risiken.,"Bildungsplan Informatiker/in EFZ BiVo 2021, ICT-Berufsbildung Schweiz/SBFI",https://www.ict-berufsbildung.ch/services/download-center
informatiker,Informatiker/in EFZ,it_l03,HKB b,L03,"ICT-Arbeitsplatz, Support und Beratung",hard,single_choice,Welche Aussage zum Thema Eskalation ist fachlich korrekt?,zu lange allein probieren im Produktionsalltag bei sachgemässer Ausführung,kritische Informationen zurückhalten bei sachgemässem Ablauf,"bei Grenzen, Risiken oder fehlenden Berechtigungen rechtzeitig weiterleiten",Zuständigkeiten umgehen im Werkstattumfeld im normalen Werkstattbetrieb,C,Eskalation verhindert Verzögerungen und Risiken.,"Bildungsplan Informatiker/in EFZ BiVo 2021, ICT-Berufsbildung Schweiz/SBFI",https://www.ict-berufsbildung.ch/services/download-center
informatiker,Informatiker/in EFZ,it_l03,HKB b,L03,"ICT-Arbeitsplatz, Support und Beratung",easy,single_choice,Welche Aussage beschreibt das Thema Benutzerschulung im Beruf Informatiker/in EFZ am besten?,nur technische Details zeigen bei vergleichbaren Aufgaben,Fragen nicht zulassen unter typischen Arbeitsbedingungen,Dokumentation weglassen im Rahmen der Routine im konkreten Auftrag,"Anwenderinnen befähigen, eine Lösung korrekt und sicher zu nutzen",D,Schulung verbessert Akzeptanz und Betrieb.,"Bildungsplan Informatiker/in EFZ BiVo 2021, ICT-Berufsbildung Schweiz/SBFI",https://www.ict-berufsbildung.ch/services/download-center
informatiker,Informatiker/in EFZ,it_l03,HKB b,L03,"ICT-Arbeitsplatz, Support und Beratung",medium,single_choice,Worauf muss man beim Thema Benutzerschulung in der Praxis besonders achten?,"Anwenderinnen befähigen, eine Lösung korrekt und sicher zu nutzen",nur technische Details zeigen bei sachgemässer Ausführung,Fragen nicht zulassen bei sachgemässem Ablauf im üblichen Berufsalltag,Dokumentation weglassen im normalen Werkstattbetrieb,A,Schulung verbessert Akzeptanz und Betrieb.,"Bildungsplan Informatiker/in EFZ BiVo 2021, ICT-Berufsbildung Schweiz/SBFI",https://www.ict-berufsbildung.ch/services/download-center
informatiker,Informatiker/in EFZ,it_l03,HKB b,L03,"ICT-Arbeitsplatz, Support und Beratung",hard,single_choice,Welche Aussage zum Thema Benutzerschulung ist fachlich korrekt?,nur technische Details zeigen im laufenden Tagesgeschäft,"Anwenderinnen befähigen, eine Lösung korrekt und sicher zu nutzen",Fragen nicht zulassen bei vergleichbaren Aufgaben,Dokumentation weglassen im konkreten Auftrag im Werkstattumfeld,B,Schulung verbessert Akzeptanz und Betrieb.,"Bildungsplan Informatiker/in EFZ BiVo 2021, ICT-Berufsbildung Schweiz/SBFI",https://www.ict-berufsbildung.ch/services/download-center
informatiker,Informatiker/in EFZ,it_l04,HKB b/c,L04,"Datenschutz, Datensicherheit und Geschäftsprozesse",easy,single_choice,Welche Aussage beschreibt das Thema Datenschutz im Beruf Informatiker/in EFZ am besten?,Daten beliebig sammeln bei sachgemässer Ausführung unter typischen Arbeitsbedingungen,Zugriffe nicht beschränken im üblichen Berufsalltag,"Personendaten nur rechtmässig, zweckgebunden und sparsam bearbeiten",Personendaten privat speichern nach gängiger Praxis,C,Datenschutz schützt Persönlichkeitsrechte.,"Bildungsplan Informatiker/in EFZ BiVo 2021, ICT-Berufsbildung Schweiz/SBFI",https://www.ict-berufsbildung.ch/services/download-center
informatiker,Informatiker/in EFZ,it_l04,HKB b/c,L04,"Datenschutz, Datensicherheit und Geschäftsprozesse",medium,single_choice,Worauf muss man beim Thema Datenschutz in der Praxis besonders achten?,Daten beliebig sammeln im laufenden Tagesgeschäft,Zugriffe nicht beschränken im Werkstattumfeld bei sachgemässem Ablauf,Personendaten privat speichern im Produktionsalltag,"Personendaten nur rechtmässig, zweckgebunden und sparsam bearbeiten",D,Datenschutz schützt Persönlichkeitsrechte.,"Bildungsplan Informatiker/in EFZ BiVo 2021, ICT-Berufsbildung Schweiz/SBFI",https://www.ict-berufsbildung.ch/services/download-center
informatiker,Informatiker/in EFZ,it_l04,HKB b/c,L04,"Datenschutz, Datensicherheit und Geschäftsprozesse",hard,single_choice,Welche Aussage zum Thema Datenschutz ist fachlich korrekt?,"Personendaten nur rechtmässig, zweckgebunden und sparsam bearbeiten",Daten beliebig sammeln nach gängiger Praxis bei vergleichbaren Aufgaben,Zugriffe nicht beschränken unter typischen Arbeitsbedingungen,Personendaten privat speichern im Rahmen der Routine,A,Datenschutz schützt Persönlichkeitsrechte.,"Bildungsplan Informatiker/in EFZ BiVo 2021, ICT-Berufsbildung Schweiz/SBFI",https://www.ict-berufsbildung.ch/services/download-center
informatiker,Informatiker/in EFZ,it_l04,HKB b/c,L04,"Datenschutz, Datensicherheit und Geschäftsprozesse",easy,single_choice,Welche Aussage beschreibt das Thema Datensicherheit im Beruf Informatiker/in EFZ am besten?,Backups nie prüfen im Produktionsalltag bei sachgemässer Ausführung,"Vertraulichkeit, Integrität und Verfügbarkeit von Daten schützen",Zugriffe offen lassen bei sachgemässem Ablauf,Manipulationen ignorieren im normalen Werkstattbetrieb,B,Datensicherheit reduziert technische und organisatorische Risiken.,"Bildungsplan Informatiker/in EFZ BiVo 2021, ICT-Berufsbildung Schweiz/SBFI",https://www.ict-berufsbildung.ch/services/download-center
informatiker,Informatiker/in EFZ,it_l04,HKB b/c,L04,"Datenschutz, Datensicherheit und Geschäftsprozesse",medium,single_choice,Worauf muss man beim Thema Datensicherheit in der Praxis besonders achten?,Backups nie prüfen im Rahmen der Routine im laufenden Tagesgeschäft,Zugriffe offen lassen bei vergleichbaren Aufgaben,"Vertraulichkeit, Integrität und Verfügbarkeit von Daten schützen",Manipulationen ignorieren im konkreten Auftrag,C,Datensicherheit reduziert technische und organisatorische Risiken.,"Bildungsplan Informatiker/in EFZ BiVo 2021, ICT-Berufsbildung Schweiz/SBFI",https://www.ict-berufsbildung.ch/services/download-center
informatiker,Informatiker/in EFZ,it_l04,HKB b/c,L04,"Datenschutz, Datensicherheit und Geschäftsprozesse",hard,single_choice,Welche Aussage zum Thema Datensicherheit ist fachlich korrekt?,Backups nie prüfen im normalen Werkstattbetrieb nach gängiger Praxis,Zugriffe offen lassen bei sachgemässer Ausführung,Manipulationen ignorieren im üblichen Berufsalltag,"Vertraulichkeit, Integrität und Verfügbarkeit von Daten schützen",D,Datensicherheit reduziert technische und organisatorische Risiken.,"Bildungsplan Informatiker/in EFZ BiVo 2021, ICT-Berufsbildung Schweiz/SBFI",https://www.ict-berufsbildung.ch/services/download-center
informatiker,Informatiker/in EFZ,it_l04,HKB b/c,L04,"Datenschutz, Datensicherheit und Geschäftsprozesse",easy,single_choice,Welche Aussage beschreibt das Thema Berechtigungskonzept im Beruf Informatiker/in EFZ am besten?,"Zugriffe nach Rollen, Aufgaben und Minimalprinzip vergeben",alle zu Administratoren machen im Werkstattumfeld,Konten teilen im konkreten Auftrag im Produktionsalltag,Austritte nicht nachführen im laufenden Tagesgeschäft,A,Berechtigungen müssen kontrollierbar sein.,"Bildungsplan Informatiker/in EFZ BiVo 2021, ICT-Berufsbildung Schweiz/SBFI",https://www.ict-berufsbildung.ch/services/download-center
informatiker,Informatiker/in EFZ,it_l04,HKB b/c,L04,"Datenschutz, Datensicherheit und Geschäftsprozesse",medium,single_choice,Worauf muss man beim Thema Berechtigungskonzept in der Praxis besonders achten?,alle zu Administratoren machen unter typischen Arbeitsbedingungen,"Zugriffe nach Rollen, Aufgaben und Minimalprinzip vergeben",Konten teilen im üblichen Berufsalltag im Rahmen der Routine,Austritte nicht nachführen nach gängiger Praxis,B,Berechtigungen müssen kontrollierbar sein.,"Bildungsplan Informatiker/in EFZ BiVo 2021, ICT-Berufsbildung Schweiz/SBFI",https://www.ict-berufsbildung.ch/services/download-center
informatiker,Informatiker/in EFZ,it_l04,HKB b/c,L04,"Datenschutz, Datensicherheit und Geschäftsprozesse",hard,single_choice,Welche Aussage zum Thema Berechtigungskonzept ist fachlich korrekt?,alle zu Administratoren machen bei sachgemässem Ablauf,Konten teilen im Werkstattumfeld im normalen Werkstattbetrieb,"Zugriffe nach Rollen, Aufgaben und Minimalprinzip vergeben",Austritte nicht nachführen im Produktionsalltag,C,Berechtigungen müssen kontrollierbar sein.,"Bildungsplan Informatiker/in EFZ BiVo 2021, ICT-Berufsbildung Schweiz/SBFI",https://www.ict-berufsbildung.ch/services/download-center
informatiker,Informatiker/in EFZ,it_l04,HKB b/c,L04,"Datenschutz, Datensicherheit und Geschäftsprozesse",easy,single_choice,Welche Aussage beschreibt das Thema Passwortsicherheit im Beruf Informatiker/in EFZ am besten?,Passwörter wiederverwenden im Rahmen der Routine im konkreten Auftrag,Passwörter per Chat senden bei vergleichbaren Aufgaben,MFA deaktivieren unter typischen Arbeitsbedingungen,starke Authentisierung und sicheren Umgang mit Zugangsdaten fördern,D,Zugangsdaten sind ein häufiger Angriffspunkt.,"Bildungsplan Informatiker/in EFZ BiVo 2021, ICT-Berufsbildung Schweiz/SBFI",https://www.ict-berufsbildung.ch/services/download-center
informatiker,Informatiker/in EFZ,it_l04,HKB b/c,L04,"Datenschutz, Datensicherheit und Geschäftsprozesse",medium,single_choice,Worauf muss man beim Thema Passwortsicherheit in der Praxis besonders achten?,starke Authentisierung und sicheren Umgang mit Zugangsdaten fördern,Passwörter wiederverwenden im normalen Werkstattbetrieb,Passwörter per Chat senden bei sachgemässer Ausführung,MFA deaktivieren bei sachgemässem Ablauf im üblichen Berufsalltag,A,Zugangsdaten sind ein häufiger Angriffspunkt.,"Bildungsplan Informatiker/in EFZ BiVo 2021, ICT-Berufsbildung Schweiz/SBFI",https://www.ict-berufsbildung.ch/services/download-center
informatiker,Informatiker/in EFZ,it_l04,HKB b/c,L04,"Datenschutz, Datensicherheit und Geschäftsprozesse",hard,single_choice,Welche Aussage zum Thema Passwortsicherheit ist fachlich korrekt?,Passwörter wiederverwenden im konkreten Auftrag,starke Authentisierung und sicheren Umgang mit Zugangsdaten fördern,Passwörter per Chat senden im laufenden Tagesgeschäft,MFA deaktivieren bei vergleichbaren Aufgaben im Werkstattumfeld,B,Zugangsdaten sind ein häufiger Angriffspunkt.,"Bildungsplan Informatiker/in EFZ BiVo 2021, ICT-Berufsbildung Schweiz/SBFI",https://www.ict-berufsbildung.ch/services/download-center
informatiker,Informatiker/in EFZ,it_l04,HKB b/c,L04,"Datenschutz, Datensicherheit und Geschäftsprozesse",easy,single_choice,Welche Aussage beschreibt das Thema Geschäftsprozess im Beruf Informatiker/in EFZ am besten?,nur einzelne Bildschirmmasken betrachten,Ausnahmen ignorieren bei sachgemässer Ausführung,"Abläufe, Rollen, Datenflüsse und Medienbrüche analysieren",Prozesswissen nicht validieren im üblichen Berufsalltag,C,Prozessanalyse ist Grundlage für passende Digitalisierung.,"Bildungsplan Informatiker/in EFZ BiVo 2021, ICT-Berufsbildung Schweiz/SBFI",https://www.ict-berufsbildung.ch/services/download-center
informatiker,Informatiker/in EFZ,it_l04,HKB b/c,L04,"Datenschutz, Datensicherheit und Geschäftsprozesse",medium,single_choice,Worauf muss man beim Thema Geschäftsprozess in der Praxis besonders achten?,nur einzelne Bildschirmmasken betrachten im Produktionsalltag,Ausnahmen ignorieren im laufenden Tagesgeschäft,Prozesswissen nicht validieren im Werkstattumfeld,"Abläufe, Rollen, Datenflüsse und Medienbrüche analysieren",D,Prozessanalyse ist Grundlage für passende Digitalisierung.,"Bildungsplan Informatiker/in EFZ BiVo 2021, ICT-Berufsbildung Schweiz/SBFI",https://www.ict-berufsbildung.ch/services/download-center
informatiker,Informatiker/in EFZ,it_l04,HKB b/c,L04,"Datenschutz, Datensicherheit und Geschäftsprozesse",hard,single_choice,Welche Aussage zum Thema Geschäftsprozess ist fachlich korrekt?,"Abläufe, Rollen, Datenflüsse und Medienbrüche analysieren",nur einzelne Bildschirmmasken betrachten,Ausnahmen ignorieren nach gängiger Praxis,Prozesswissen nicht validieren unter typischen Arbeitsbedingungen,A,Prozessanalyse ist Grundlage für passende Digitalisierung.,"Bildungsplan Informatiker/in EFZ BiVo 2021, ICT-Berufsbildung Schweiz/SBFI",https://www.ict-berufsbildung.ch/services/download-center
informatiker,Informatiker/in EFZ,it_l04,HKB b/c,L04,"Datenschutz, Datensicherheit und Geschäftsprozesse",easy,single_choice,Welche Aussage beschreibt das Thema Prozessvisualisierung im Beruf Informatiker/in EFZ am besten?,Symbole uneinheitlich verwenden bei sachgemässem Ablauf,Abläufe mit geeigneten Diagrammen verständlich dokumentieren,Entscheidungen auslassen im Produktionsalltag,Ist- und Sollprozess vermischen im normalen Werkstattbetrieb,B,Visualisierung macht Abläufe diskutierbar.,"Bildungsplan Informatiker/in EFZ BiVo 2021, ICT-Berufsbildung Schweiz/SBFI",https://www.ict-berufsbildung.ch/services/download-center
informatiker,Informatiker/in EFZ,it_l04,HKB b/c,L04,"Datenschutz, Datensicherheit und Geschäftsprozesse",medium,single_choice,Worauf muss man beim Thema Prozessvisualisierung in der Praxis besonders achten?,Symbole uneinheitlich verwenden bei vergleichbaren Aufgaben,Entscheidungen auslassen im Rahmen der Routine,Abläufe mit geeigneten Diagrammen verständlich dokumentieren,Ist- und Sollprozess vermischen im konkreten Auftrag,C,Visualisierung macht Abläufe diskutierbar.,"Bildungsplan Informatiker/in EFZ BiVo 2021, ICT-Berufsbildung Schweiz/SBFI",https://www.ict-berufsbildung.ch/services/download-center
informatiker,Informatiker/in EFZ,it_l04,HKB b/c,L04,"Datenschutz, Datensicherheit und Geschäftsprozesse",hard,single_choice,Welche Aussage zum Thema Prozessvisualisierung ist fachlich korrekt?,Symbole uneinheitlich verwenden bei sachgemässer Ausführung,Entscheidungen auslassen im normalen Werkstattbetrieb,Ist- und Sollprozess vermischen im üblichen Berufsalltag,Abläufe mit geeigneten Diagrammen verständlich dokumentieren,D,Visualisierung macht Abläufe diskutierbar.,"Bildungsplan Informatiker/in EFZ BiVo 2021, ICT-Berufsbildung Schweiz/SBFI",https://www.ict-berufsbildung.ch/services/download-center
informatiker,Informatiker/in EFZ,it_l04,HKB b/c,L04,"Datenschutz, Datensicherheit und Geschäftsprozesse",easy,single_choice,Welche Aussage beschreibt das Thema Informationsklassifizierung im Beruf Informatiker/in EFZ am besten?,Daten nach Schutzbedarf und Vertraulichkeit einstufen,alle Daten öffentlich behandeln im laufenden Tagesgeschäft,Klassifizierung nicht kommunizieren im Werkstattumfeld,Schutzbedarf ignorieren im konkreten Auftrag,A,Klassifizierung steuert Sicherheitsmassnahmen.,"Bildungsplan Informatiker/in EFZ BiVo 2021, ICT-Berufsbildung Schweiz/SBFI",https://www.ict-berufsbildung.ch/services/download-center
informatiker,Informatiker/in EFZ,it_l04,HKB b/c,L04,"Datenschutz, Datensicherheit und Geschäftsprozesse",medium,single_choice,Worauf muss man beim Thema Informationsklassifizierung in der Praxis besonders achten?,alle Daten öffentlich behandeln nach gängiger Praxis,Daten nach Schutzbedarf und Vertraulichkeit einstufen,Klassifizierung nicht kommunizieren unter typischen Arbeitsbedingungen,Schutzbedarf ignorieren im üblichen Berufsalltag,B,Klassifizierung steuert Sicherheitsmassnahmen.,"Bildungsplan Informatiker/in EFZ BiVo 2021, ICT-Berufsbildung Schweiz/SBFI",https://www.ict-berufsbildung.ch/services/download-center
informatiker,Informatiker/in EFZ,it_l04,HKB b/c,L04,"Datenschutz, Datensicherheit und Geschäftsprozesse",hard,single_choice,Welche Aussage zum Thema Informationsklassifizierung ist fachlich korrekt?,alle Daten öffentlich behandeln im Produktionsalltag,Klassifizierung nicht kommunizieren bei sachgemässem Ablauf,Daten nach Schutzbedarf und Vertraulichkeit einstufen,Schutzbedarf ignorieren im Werkstattumfeld,C,Klassifizierung steuert Sicherheitsmassnahmen.,"Bildungsplan Informatiker/in EFZ BiVo 2021, ICT-Berufsbildung Schweiz/SBFI",https://www.ict-berufsbildung.ch/services/download-center
informatiker,Informatiker/in EFZ,it_l04,HKB b/c,L04,"Datenschutz, Datensicherheit und Geschäftsprozesse",easy,single_choice,Welche Aussage beschreibt das Thema Phishing im Beruf Informatiker/in EFZ am besten?,Anhänge ungeprüft öffnen bei vergleichbaren Aufgaben,Zugangsdaten eingeben unter typischen Arbeitsbedingungen,Warnzeichen übersehen im Rahmen der Routine im konkreten Auftrag,"verdächtige Nachrichten erkennen, melden und nicht unbedacht anklicken",D,Phishing ist ein verbreiteter Angriff auf Menschen und Systeme.,"Bildungsplan Informatiker/in EFZ BiVo 2021, ICT-Berufsbildung Schweiz/SBFI",https://www.ict-berufsbildung.ch/services/download-center
informatiker,Informatiker/in EFZ,it_l04,HKB b/c,L04,"Datenschutz, Datensicherheit und Geschäftsprozesse",medium,single_choice,Worauf muss man beim Thema Phishing in der Praxis besonders achten?,"verdächtige Nachrichten erkennen, melden und nicht unbedacht anklicken",Anhänge ungeprüft öffnen bei sachgemässer Ausführung,Zugangsdaten eingeben bei sachgemässem Ablauf im üblichen Berufsalltag,Warnzeichen übersehen im normalen Werkstattbetrieb,A,Phishing ist ein verbreiteter Angriff auf Menschen und Systeme.,"Bildungsplan Informatiker/in EFZ BiVo 2021, ICT-Berufsbildung Schweiz/SBFI",https://www.ict-berufsbildung.ch/services/download-center
informatiker,Informatiker/in EFZ,it_l04,HKB b/c,L04,"Datenschutz, Datensicherheit und Geschäftsprozesse",hard,single_choice,Welche Aussage zum Thema Phishing ist fachlich korrekt?,Anhänge ungeprüft öffnen im laufenden Tagesgeschäft,"verdächtige Nachrichten erkennen, melden und nicht unbedacht anklicken",Zugangsdaten eingeben bei vergleichbaren Aufgaben im Produktionsalltag,Warnzeichen übersehen im konkreten Auftrag im Werkstattumfeld,B,Phishing ist ein verbreiteter Angriff auf Menschen und Systeme.,"Bildungsplan Informatiker/in EFZ BiVo 2021, ICT-Berufsbildung Schweiz/SBFI",https://www.ict-berufsbildung.ch/services/download-center
informatiker,Informatiker/in EFZ,it_l04,HKB b/c,L04,"Datenschutz, Datensicherheit und Geschäftsprozesse",easy,single_choice,Welche Aussage beschreibt das Thema Incident im Beruf Informatiker/in EFZ am besten?,Spuren löschen bei sachgemässer Ausführung unter typischen Arbeitsbedingungen,Vorfall verheimlichen im üblichen Berufsalltag,"Sicherheitsvorfälle schnell melden, begrenzen und dokumentieren",System weiter unkontrolliert nutzen nach gängiger Praxis,C,Incident Handling begrenzt Schaden.,"Bildungsplan Informatiker/in EFZ BiVo 2021, ICT-Berufsbildung Schweiz/SBFI",https://www.ict-berufsbildung.ch/services/download-center
informatiker,Informatiker/in EFZ,it_l04,HKB b/c,L04,"Datenschutz, Datensicherheit und Geschäftsprozesse",medium,single_choice,Worauf muss man beim Thema Incident in der Praxis besonders achten?,Spuren löschen im laufenden Tagesgeschäft im normalen Werkstattbetrieb,Vorfall verheimlichen im Werkstattumfeld bei sachgemässem Ablauf,System weiter unkontrolliert nutzen im Produktionsalltag,"Sicherheitsvorfälle schnell melden, begrenzen und dokumentieren",D,Incident Handling begrenzt Schaden.,"Bildungsplan Informatiker/in EFZ BiVo 2021, ICT-Berufsbildung Schweiz/SBFI",https://www.ict-berufsbildung.ch/services/download-center
informatiker,Informatiker/in EFZ,it_l04,HKB b/c,L04,"Datenschutz, Datensicherheit und Geschäftsprozesse",hard,single_choice,Welche Aussage zum Thema Incident ist fachlich korrekt?,"Sicherheitsvorfälle schnell melden, begrenzen und dokumentieren",Spuren löschen nach gängiger Praxis im Rahmen der Routine,Vorfall verheimlichen unter typischen Arbeitsbedingungen,System weiter unkontrolliert nutzen bei vergleichbaren Aufgaben,A,Incident Handling begrenzt Schaden.,"Bildungsplan Informatiker/in EFZ BiVo 2021, ICT-Berufsbildung Schweiz/SBFI",https://www.ict-berufsbildung.ch/services/download-center
informatiker,Informatiker/in EFZ,it_l04,HKB b/c,L04,"Datenschutz, Datensicherheit und Geschäftsprozesse",easy,single_choice,Welche Aussage beschreibt das Thema Datenschutzberatung im Beruf Informatiker/in EFZ am besten?,nur Verbote aussprechen bei sachgemässem Ablauf,"Kundinnen verständlich zu Risiken, Pflichten und Massnahmen beraten",Risiken verharmlosen im Produktionsalltag bei sachgemässer Ausführung,Rechtsfragen frei erfinden im normalen Werkstattbetrieb,B,"Beratung verbindet Technik, Organisation und Verständlichkeit.","Bildungsplan Informatiker/in EFZ BiVo 2021, ICT-Berufsbildung Schweiz/SBFI",https://www.ict-berufsbildung.ch/services/download-center
informatiker,Informatiker/in EFZ,it_l04,HKB b/c,L04,"Datenschutz, Datensicherheit und Geschäftsprozesse",medium,single_choice,Worauf muss man beim Thema Datenschutzberatung in der Praxis besonders achten?,nur Verbote aussprechen bei vergleichbaren Aufgaben,Risiken verharmlosen im Rahmen der Routine im laufenden Tagesgeschäft,"Kundinnen verständlich zu Risiken, Pflichten und Massnahmen beraten",Rechtsfragen frei erfinden im konkreten Auftrag,C,"Beratung verbindet Technik, Organisation und Verständlichkeit.","Bildungsplan Informatiker/in EFZ BiVo 2021, ICT-Berufsbildung Schweiz/SBFI",https://www.ict-berufsbildung.ch/services/download-center
informatiker,Informatiker/in EFZ,it_l04,HKB b/c,L04,"Datenschutz, Datensicherheit und Geschäftsprozesse",hard,single_choice,Welche Aussage zum Thema Datenschutzberatung ist fachlich korrekt?,nur Verbote aussprechen bei sachgemässer Ausführung,Risiken verharmlosen im normalen Werkstattbetrieb nach gängiger Praxis,Rechtsfragen frei erfinden im üblichen Berufsalltag,"Kundinnen verständlich zu Risiken, Pflichten und Massnahmen beraten",D,"Beratung verbindet Technik, Organisation und Verständlichkeit.","Bildungsplan Informatiker/in EFZ BiVo 2021, ICT-Berufsbildung Schweiz/SBFI",https://www.ict-berufsbildung.ch/services/download-center
informatiker,Informatiker/in EFZ,it_l05,HKB c,L05,"Datenmodelle, Datenbanken und Datenqualität",easy,single_choice,Welche Aussage beschreibt das Thema Datenidentifikation im Beruf Informatiker/in EFZ am besten?,"relevante Datenobjekte, Attribute und Beziehungen erkennen",Datenfelder willkürlich wählen im Werkstattumfeld,Fachbegriffe nicht klären im laufenden Tagesgeschäft,Beziehungen ignorieren im konkreten Auftrag,A,Datenmodelle beginnen mit fachlicher Analyse.,"Bildungsplan Informatiker/in EFZ BiVo 2021, ICT-Berufsbildung Schweiz/SBFI",https://www.ict-berufsbildung.ch/services/download-center
informatiker,Informatiker/in EFZ,it_l05,HKB c,L05,"Datenmodelle, Datenbanken und Datenqualität",medium,single_choice,Worauf muss man beim Thema Datenidentifikation in der Praxis besonders achten?,Datenfelder willkürlich wählen unter typischen Arbeitsbedingungen,"relevante Datenobjekte, Attribute und Beziehungen erkennen",Fachbegriffe nicht klären nach gängiger Praxis,Beziehungen ignorieren im üblichen Berufsalltag,B,Datenmodelle beginnen mit fachlicher Analyse.,"Bildungsplan Informatiker/in EFZ BiVo 2021, ICT-Berufsbildung Schweiz/SBFI",https://www.ict-berufsbildung.ch/services/download-center
informatiker,Informatiker/in EFZ,it_l05,HKB c,L05,"Datenmodelle, Datenbanken und Datenqualität",hard,single_choice,Welche Aussage zum Thema Datenidentifikation ist fachlich korrekt?,Datenfelder willkürlich wählen bei sachgemässem Ablauf,Fachbegriffe nicht klären im Produktionsalltag,"relevante Datenobjekte, Attribute und Beziehungen erkennen",Beziehungen ignorieren im Werkstattumfeld,C,Datenmodelle beginnen mit fachlicher Analyse.,"Bildungsplan Informatiker/in EFZ BiVo 2021, ICT-Berufsbildung Schweiz/SBFI",https://www.ict-berufsbildung.ch/services/download-center
informatiker,Informatiker/in EFZ,it_l05,HKB c,L05,"Datenmodelle, Datenbanken und Datenqualität",easy,single_choice,Welche Aussage beschreibt das Thema ER-Modell im Beruf Informatiker/in EFZ am besten?,Tabellen ohne Zusammenhang zeichnen bei vergleichbaren Aufgaben,Kardinalitäten weglassen unter typischen Arbeitsbedingungen,Primärschlüssel ignorieren im Rahmen der Routine,"Entitäten, Attribute und Beziehungen strukturiert darstellen",D,ER-Modelle helfen bei Datenbankentwurf.,"Bildungsplan Informatiker/in EFZ BiVo 2021, ICT-Berufsbildung Schweiz/SBFI",https://www.ict-berufsbildung.ch/services/download-center
informatiker,Informatiker/in EFZ,it_l05,HKB c,L05,"Datenmodelle, Datenbanken und Datenqualität",medium,single_choice,Worauf muss man beim Thema ER-Modell in der Praxis besonders achten?,"Entitäten, Attribute und Beziehungen strukturiert darstellen",Tabellen ohne Zusammenhang zeichnen bei sachgemässer Ausführung,Kardinalitäten weglassen bei sachgemässem Ablauf,Primärschlüssel ignorieren im normalen Werkstattbetrieb,A,ER-Modelle helfen bei Datenbankentwurf.,"Bildungsplan Informatiker/in EFZ BiVo 2021, ICT-Berufsbildung Schweiz/SBFI",https://www.ict-berufsbildung.ch/services/download-center
informatiker,Informatiker/in EFZ,it_l05,HKB c,L05,"Datenmodelle, Datenbanken und Datenqualität",hard,single_choice,Welche Aussage zum Thema ER-Modell ist fachlich korrekt?,Tabellen ohne Zusammenhang zeichnen im laufenden Tagesgeschäft,"Entitäten, Attribute und Beziehungen strukturiert darstellen",Kardinalitäten weglassen bei vergleichbaren Aufgaben,Primärschlüssel ignorieren im konkreten Auftrag,B,ER-Modelle helfen bei Datenbankentwurf.,"Bildungsplan Informatiker/in EFZ BiVo 2021, ICT-Berufsbildung Schweiz/SBFI",https://www.ict-berufsbildung.ch/services/download-center
informatiker,Informatiker/in EFZ,it_l05,HKB c,L05,"Datenmodelle, Datenbanken und Datenqualität",easy,single_choice,Welche Aussage beschreibt das Thema Normalisierung im Beruf Informatiker/in EFZ am besten?,Daten mehrfach ungeplant speichern nach gängiger Praxis,Abhängigkeiten ignorieren bei sachgemässer Ausführung,Redundanzen reduzieren und Daten konsistent strukturieren,alles in eine Tabelle schreiben im üblichen Berufsalltag,C,Normalisierung verbessert Datenqualität.,"Bildungsplan Informatiker/in EFZ BiVo 2021, ICT-Berufsbildung Schweiz/SBFI",https://www.ict-berufsbildung.ch/services/download-center
informatiker,Informatiker/in EFZ,it_l05,HKB c,L05,"Datenmodelle, Datenbanken und Datenqualität",medium,single_choice,Worauf muss man beim Thema Normalisierung in der Praxis besonders achten?,Daten mehrfach ungeplant speichern im Produktionsalltag,Abhängigkeiten ignorieren im laufenden Tagesgeschäft,alles in eine Tabelle schreiben im Werkstattumfeld,Redundanzen reduzieren und Daten konsistent strukturieren,D,Normalisierung verbessert Datenqualität.,"Bildungsplan Informatiker/in EFZ BiVo 2021, ICT-Berufsbildung Schweiz/SBFI",https://www.ict-berufsbildung.ch/services/download-center
informatiker,Informatiker/in EFZ,it_l05,HKB c,L05,"Datenmodelle, Datenbanken und Datenqualität",hard,single_choice,Welche Aussage zum Thema Normalisierung ist fachlich korrekt?,Redundanzen reduzieren und Daten konsistent strukturieren,Daten mehrfach ungeplant speichern im Rahmen der Routine,Abhängigkeiten ignorieren nach gängiger Praxis,alles in eine Tabelle schreiben unter typischen Arbeitsbedingungen,A,Normalisierung verbessert Datenqualität.,"Bildungsplan Informatiker/in EFZ BiVo 2021, ICT-Berufsbildung Schweiz/SBFI",https://www.ict-berufsbildung.ch/services/download-center
informatiker,Informatiker/in EFZ,it_l05,HKB c,L05,"Datenmodelle, Datenbanken und Datenqualität",easy,single_choice,Welche Aussage beschreibt das Thema Primärschlüssel im Beruf Informatiker/in EFZ am besten?,Namen als immer eindeutig annehmen,Datensätze eindeutig identifizieren,Schlüssel häufig ändern bei sachgemässem Ablauf,Duplikate zulassen im Produktionsalltag,B,Eindeutige Schlüssel sichern Referenzen.,"Bildungsplan Informatiker/in EFZ BiVo 2021, ICT-Berufsbildung Schweiz/SBFI",https://www.ict-berufsbildung.ch/services/download-center
informatiker,Informatiker/in EFZ,it_l05,HKB c,L05,"Datenmodelle, Datenbanken und Datenqualität",medium,single_choice,Worauf muss man beim Thema Primärschlüssel in der Praxis besonders achten?,Namen als immer eindeutig annehmen,Schlüssel häufig ändern bei vergleichbaren Aufgaben,Datensätze eindeutig identifizieren,Duplikate zulassen im Rahmen der Routine,C,Eindeutige Schlüssel sichern Referenzen.,"Bildungsplan Informatiker/in EFZ BiVo 2021, ICT-Berufsbildung Schweiz/SBFI",https://www.ict-berufsbildung.ch/services/download-center
informatiker,Informatiker/in EFZ,it_l05,HKB c,L05,"Datenmodelle, Datenbanken und Datenqualität",hard,single_choice,Welche Aussage zum Thema Primärschlüssel ist fachlich korrekt?,Namen als immer eindeutig annehmen,Schlüssel häufig ändern bei sachgemässer Ausführung,Duplikate zulassen im normalen Werkstattbetrieb,Datensätze eindeutig identifizieren,D,Eindeutige Schlüssel sichern Referenzen.,"Bildungsplan Informatiker/in EFZ BiVo 2021, ICT-Berufsbildung Schweiz/SBFI",https://www.ict-berufsbildung.ch/services/download-center
informatiker,Informatiker/in EFZ,it_l05,HKB c,L05,"Datenmodelle, Datenbanken und Datenqualität",easy,single_choice,Welche Aussage beschreibt das Thema Fremdschlüssel im Beruf Informatiker/in EFZ am besten?,Beziehungen zwischen Tabellen referenziell absichern,verwaiste Datensätze akzeptieren im laufenden Tagesgeschäft,Beziehungen nur im Kopf behalten im Werkstattumfeld,Integrität nicht prüfen im konkreten Auftrag,A,Fremdschlüssel schützen Datenkonsistenz.,"Bildungsplan Informatiker/in EFZ BiVo 2021, ICT-Berufsbildung Schweiz/SBFI",https://www.ict-berufsbildung.ch/services/download-center
informatiker,Informatiker/in EFZ,it_l05,HKB c,L05,"Datenmodelle, Datenbanken und Datenqualität",medium,single_choice,Worauf muss man beim Thema Fremdschlüssel in der Praxis besonders achten?,verwaiste Datensätze akzeptieren nach gängiger Praxis,Beziehungen zwischen Tabellen referenziell absichern,Beziehungen nur im Kopf behalten unter typischen Arbeitsbedingungen,Integrität nicht prüfen im üblichen Berufsalltag,B,Fremdschlüssel schützen Datenkonsistenz.,"Bildungsplan Informatiker/in EFZ BiVo 2021, ICT-Berufsbildung Schweiz/SBFI",https://www.ict-berufsbildung.ch/services/download-center
informatiker,Informatiker/in EFZ,it_l05,HKB c,L05,"Datenmodelle, Datenbanken und Datenqualität",hard,single_choice,Welche Aussage zum Thema Fremdschlüssel ist fachlich korrekt?,verwaiste Datensätze akzeptieren im Produktionsalltag,Beziehungen nur im Kopf behalten bei sachgemässem Ablauf,Beziehungen zwischen Tabellen referenziell absichern,Integrität nicht prüfen im Werkstattumfeld,C,Fremdschlüssel schützen Datenkonsistenz.,"Bildungsplan Informatiker/in EFZ BiVo 2021, ICT-Berufsbildung Schweiz/SBFI",https://www.ict-berufsbildung.ch/services/download-center
informatiker,Informatiker/in EFZ,it_l05,HKB c,L05,"Datenmodelle, Datenbanken und Datenqualität",easy,single_choice,Welche Aussage beschreibt das Thema SQL-Abfrage im Beruf Informatiker/in EFZ am besten?,SELECT ohne Filter produktiv nutzen im Rahmen der Routine,Benutzereingaben ungeprüft einfügen bei vergleichbaren Aufgaben,Ergebnisse nicht validieren unter typischen Arbeitsbedingungen,"Daten gezielt, korrekt und nachvollziehbar abfragen",D,Abfragen müssen fachlich und technisch korrekt sein.,"Bildungsplan Informatiker/in EFZ BiVo 2021, ICT-Berufsbildung Schweiz/SBFI",https://www.ict-berufsbildung.ch/services/download-center
informatiker,Informatiker/in EFZ,it_l05,HKB c,L05,"Datenmodelle, Datenbanken und Datenqualität",medium,single_choice,Worauf muss man beim Thema SQL-Abfrage in der Praxis besonders achten?,"Daten gezielt, korrekt und nachvollziehbar abfragen",SELECT ohne Filter produktiv nutzen im normalen Werkstattbetrieb,Benutzereingaben ungeprüft einfügen bei sachgemässer Ausführung,Ergebnisse nicht validieren bei sachgemässem Ablauf,A,Abfragen müssen fachlich und technisch korrekt sein.,"Bildungsplan Informatiker/in EFZ BiVo 2021, ICT-Berufsbildung Schweiz/SBFI",https://www.ict-berufsbildung.ch/services/download-center
informatiker,Informatiker/in EFZ,it_l05,HKB c,L05,"Datenmodelle, Datenbanken und Datenqualität",hard,single_choice,Welche Aussage zum Thema SQL-Abfrage ist fachlich korrekt?,SELECT ohne Filter produktiv nutzen im konkreten Auftrag,"Daten gezielt, korrekt und nachvollziehbar abfragen",Benutzereingaben ungeprüft einfügen im laufenden Tagesgeschäft,Ergebnisse nicht validieren bei vergleichbaren Aufgaben,B,Abfragen müssen fachlich und technisch korrekt sein.,"Bildungsplan Informatiker/in EFZ BiVo 2021, ICT-Berufsbildung Schweiz/SBFI",https://www.ict-berufsbildung.ch/services/download-center
informatiker,Informatiker/in EFZ,it_l05,HKB c,L05,"Datenmodelle, Datenbanken und Datenqualität",easy,single_choice,Welche Aussage beschreibt das Thema Datenqualität im Beruf Informatiker/in EFZ am besten?,fehlende Werte ignorieren bei sachgemässer Ausführung,Dublettenkontrolle auslassen im üblichen Berufsalltag,"Vollständigkeit, Korrektheit, Aktualität und Konsistenz beurteilen",Daten ohne Prüfung übernehmen nach gängiger Praxis unter typischen Arbeitsbedingungen,C,Datenqualität beeinflusst Entscheidungen.,"Bildungsplan Informatiker/in EFZ BiVo 2021, ICT-Berufsbildung Schweiz/SBFI",https://www.ict-berufsbildung.ch/services/download-center
informatiker,Informatiker/in EFZ,it_l05,HKB c,L05,"Datenmodelle, Datenbanken und Datenqualität",medium,single_choice,Worauf muss man beim Thema Datenqualität in der Praxis besonders achten?,fehlende Werte ignorieren im laufenden Tagesgeschäft,Dublettenkontrolle auslassen im Werkstattumfeld bei sachgemässem Ablauf,Daten ohne Prüfung übernehmen im Produktionsalltag,"Vollständigkeit, Korrektheit, Aktualität und Konsistenz beurteilen",D,Datenqualität beeinflusst Entscheidungen.,"Bildungsplan Informatiker/in EFZ BiVo 2021, ICT-Berufsbildung Schweiz/SBFI",https://www.ict-berufsbildung.ch/services/download-center
informatiker,Informatiker/in EFZ,it_l05,HKB c,L05,"Datenmodelle, Datenbanken und Datenqualität",hard,single_choice,Welche Aussage zum Thema Datenqualität ist fachlich korrekt?,"Vollständigkeit, Korrektheit, Aktualität und Konsistenz beurteilen",fehlende Werte ignorieren nach gängiger Praxis bei vergleichbaren Aufgaben,Dublettenkontrolle auslassen unter typischen Arbeitsbedingungen,Daten ohne Prüfung übernehmen im Rahmen der Routine,A,Datenqualität beeinflusst Entscheidungen.,"Bildungsplan Informatiker/in EFZ BiVo 2021, ICT-Berufsbildung Schweiz/SBFI",https://www.ict-berufsbildung.ch/services/download-center
informatiker,Informatiker/in EFZ,it_l05,HKB c,L05,"Datenmodelle, Datenbanken und Datenqualität",easy,single_choice,Welche Aussage beschreibt das Thema Datenmigration im Beruf Informatiker/in EFZ am besten?,Originaldaten überschreiben ohne Backup im normalen Werkstattbetrieb,"Datenübernahme planen, testen, protokollieren und absichern",Mapping nicht prüfen im Produktionsalltag bei sachgemässer Ausführung,Testmigration auslassen bei sachgemässem Ablauf,B,Migrationen brauchen Kontrolle und Rückfallplan.,"Bildungsplan Informatiker/in EFZ BiVo 2021, ICT-Berufsbildung Schweiz/SBFI",https://www.ict-berufsbildung.ch/services/download-center
informatiker,Informatiker/in EFZ,it_l05,HKB c,L05,"Datenmodelle, Datenbanken und Datenqualität",medium,single_choice,Worauf muss man beim Thema Datenmigration in der Praxis besonders achten?,Originaldaten überschreiben ohne Backup im konkreten Auftrag,Mapping nicht prüfen im Rahmen der Routine,"Datenübernahme planen, testen, protokollieren und absichern",Testmigration auslassen bei vergleichbaren Aufgaben,C,Migrationen brauchen Kontrolle und Rückfallplan.,"Bildungsplan Informatiker/in EFZ BiVo 2021, ICT-Berufsbildung Schweiz/SBFI",https://www.ict-berufsbildung.ch/services/download-center
informatiker,Informatiker/in EFZ,it_l05,HKB c,L05,"Datenmodelle, Datenbanken und Datenqualität",hard,single_choice,Welche Aussage zum Thema Datenmigration ist fachlich korrekt?,Originaldaten überschreiben ohne Backup im üblichen Berufsalltag,Mapping nicht prüfen im normalen Werkstattbetrieb,Testmigration auslassen bei sachgemässer Ausführung,"Datenübernahme planen, testen, protokollieren und absichern",D,Migrationen brauchen Kontrolle und Rückfallplan.,"Bildungsplan Informatiker/in EFZ BiVo 2021, ICT-Berufsbildung Schweiz/SBFI",https://www.ict-berufsbildung.ch/services/download-center
informatiker,Informatiker/in EFZ,it_l05,HKB c,L05,"Datenmodelle, Datenbanken und Datenqualität",easy,single_choice,Welche Aussage beschreibt das Thema Backup vor Datenänderung im Beruf Informatiker/in EFZ am besten?,vor kritischen Änderungen eine Wiederherstellungsmöglichkeit sicherstellen,Backup nur behaupten im laufenden Tagesgeschäft bei sachgemässem Ablauf,Restore nie testen im konkreten Auftrag im Produktionsalltag,Änderungen direkt produktiv versuchen im Werkstattumfeld,A,Backups schützen vor Datenverlust.,"Bildungsplan Informatiker/in EFZ BiVo 2021, ICT-Berufsbildung Schweiz/SBFI",https://www.ict-berufsbildung.ch/services/download-center
informatiker,Informatiker/in EFZ,it_l05,HKB c,L05,"Datenmodelle, Datenbanken und Datenqualität",medium,single_choice,Worauf muss man beim Thema Backup vor Datenänderung in der Praxis besonders achten?,Backup nur behaupten nach gängiger Praxis im Rahmen der Routine,vor kritischen Änderungen eine Wiederherstellungsmöglichkeit sicherstellen,Restore nie testen im üblichen Berufsalltag bei vergleichbaren Aufgaben,Änderungen direkt produktiv versuchen unter typischen Arbeitsbedingungen,B,Backups schützen vor Datenverlust.,"Bildungsplan Informatiker/in EFZ BiVo 2021, ICT-Berufsbildung Schweiz/SBFI",https://www.ict-berufsbildung.ch/services/download-center
informatiker,Informatiker/in EFZ,it_l05,HKB c,L05,"Datenmodelle, Datenbanken und Datenqualität",hard,single_choice,Welche Aussage zum Thema Backup vor Datenänderung ist fachlich korrekt?,Backup nur behaupten im Produktionsalltag bei sachgemässer Ausführung,Restore nie testen im Werkstattumfeld bei sachgemässem Ablauf,vor kritischen Änderungen eine Wiederherstellungsmöglichkeit sicherstellen,Änderungen direkt produktiv versuchen im normalen Werkstattbetrieb,C,Backups schützen vor Datenverlust.,"Bildungsplan Informatiker/in EFZ BiVo 2021, ICT-Berufsbildung Schweiz/SBFI",https://www.ict-berufsbildung.ch/services/download-center
informatiker,Informatiker/in EFZ,it_l05,HKB c,L05,"Datenmodelle, Datenbanken und Datenqualität",easy,single_choice,Welche Aussage beschreibt das Thema Datenaufbereitung im Beruf Informatiker/in EFZ am besten?,Ausreisser ungeprüft löschen im Rahmen der Routine,Quellen nicht dokumentieren unter typischen Arbeitsbedingungen,Berechnungsschritte verbergen bei vergleichbaren Aufgaben,"Daten bereinigen, filtern und zielgerichtet auswerten",D,Aufbereitete Daten müssen nachvollziehbar bleiben.,"Bildungsplan Informatiker/in EFZ BiVo 2021, ICT-Berufsbildung Schweiz/SBFI",https://www.ict-berufsbildung.ch/services/download-center
informatiker,Informatiker/in EFZ,it_l05,HKB c,L05,"Datenmodelle, Datenbanken und Datenqualität",medium,single_choice,Worauf muss man beim Thema Datenaufbereitung in der Praxis besonders achten?,"Daten bereinigen, filtern und zielgerichtet auswerten",Ausreisser ungeprüft löschen im normalen Werkstattbetrieb,Quellen nicht dokumentieren bei sachgemässem Ablauf,Berechnungsschritte verbergen bei sachgemässer Ausführung,A,Aufbereitete Daten müssen nachvollziehbar bleiben.,"Bildungsplan Informatiker/in EFZ BiVo 2021, ICT-Berufsbildung Schweiz/SBFI",https://www.ict-berufsbildung.ch/services/download-center
informatiker,Informatiker/in EFZ,it_l05,HKB c,L05,"Datenmodelle, Datenbanken und Datenqualität",hard,single_choice,Welche Aussage zum Thema Datenaufbereitung ist fachlich korrekt?,Ausreisser ungeprüft löschen im konkreten Auftrag,"Daten bereinigen, filtern und zielgerichtet auswerten",Quellen nicht dokumentieren bei vergleichbaren Aufgaben,Berechnungsschritte verbergen im laufenden Tagesgeschäft,B,Aufbereitete Daten müssen nachvollziehbar bleiben.,"Bildungsplan Informatiker/in EFZ BiVo 2021, ICT-Berufsbildung Schweiz/SBFI",https://www.ict-berufsbildung.ch/services/download-center
informatiker,Informatiker/in EFZ,it_l06,HKB c,L06,Sichere Datenverarbeitung und Schnittstellen,easy,single_choice,Welche Aussage beschreibt das Thema Verschlüsselung im Beruf Informatiker/in EFZ am besten?,Klartextpasswörter speichern im üblichen Berufsalltag,Schlüssel offen ablegen bei sachgemässer Ausführung,Daten bei Speicherung oder Übertragung angemessen schützen,Transportverschlüsselung ignorieren nach gängiger Praxis,C,Verschlüsselung schützt Vertraulichkeit.,"Bildungsplan Informatiker/in EFZ BiVo 2021, ICT-Berufsbildung Schweiz/SBFI",https://www.ict-berufsbildung.ch/services/download-center
informatiker,Informatiker/in EFZ,it_l06,HKB c,L06,Sichere Datenverarbeitung und Schnittstellen,medium,single_choice,Worauf muss man beim Thema Verschlüsselung in der Praxis besonders achten?,Klartextpasswörter speichern im Werkstattumfeld,Schlüssel offen ablegen im laufenden Tagesgeschäft,Transportverschlüsselung ignorieren im Produktionsalltag,Daten bei Speicherung oder Übertragung angemessen schützen,D,Verschlüsselung schützt Vertraulichkeit.,"Bildungsplan Informatiker/in EFZ BiVo 2021, ICT-Berufsbildung Schweiz/SBFI",https://www.ict-berufsbildung.ch/services/download-center
informatiker,Informatiker/in EFZ,it_l06,HKB c,L06,Sichere Datenverarbeitung und Schnittstellen,hard,single_choice,Welche Aussage zum Thema Verschlüsselung ist fachlich korrekt?,Daten bei Speicherung oder Übertragung angemessen schützen,Klartextpasswörter speichern unter typischen Arbeitsbedingungen,Schlüssel offen ablegen nach gängiger Praxis,Transportverschlüsselung ignorieren im Rahmen der Routine,A,Verschlüsselung schützt Vertraulichkeit.,"Bildungsplan Informatiker/in EFZ BiVo 2021, ICT-Berufsbildung Schweiz/SBFI",https://www.ict-berufsbildung.ch/services/download-center
informatiker,Informatiker/in EFZ,it_l06,HKB c,L06,Sichere Datenverarbeitung und Schnittstellen,easy,single_choice,Welche Aussage beschreibt das Thema Hashing im Beruf Informatiker/in EFZ am besten?,Passwörter entschlüsselbar speichern bei sachgemässer Ausführung,Passwörter mit geeigneten Verfahren und Salt nicht rückrechenbar speichern,MD5 für Passwörter nutzen bei sachgemässem Ablauf im üblichen Berufsalltag,Salt weglassen im Produktionsalltag im normalen Werkstattbetrieb,B,Hashing ist zentral für Passwortschutz.,"Bildungsplan Informatiker/in EFZ BiVo 2021, ICT-Berufsbildung Schweiz/SBFI",https://www.ict-berufsbildung.ch/services/download-center
informatiker,Informatiker/in EFZ,it_l06,HKB c,L06,Sichere Datenverarbeitung und Schnittstellen,medium,single_choice,Worauf muss man beim Thema Hashing in der Praxis besonders achten?,Passwörter entschlüsselbar speichern im konkreten Auftrag,MD5 für Passwörter nutzen bei vergleichbaren Aufgaben im Werkstattumfeld,Passwörter mit geeigneten Verfahren und Salt nicht rückrechenbar speichern,Salt weglassen im Rahmen der Routine im laufenden Tagesgeschäft,C,Hashing ist zentral für Passwortschutz.,"Bildungsplan Informatiker/in EFZ BiVo 2021, ICT-Berufsbildung Schweiz/SBFI",https://www.ict-berufsbildung.ch/services/download-center
informatiker,Informatiker/in EFZ,it_l06,HKB c,L06,Sichere Datenverarbeitung und Schnittstellen,hard,single_choice,Welche Aussage zum Thema Hashing ist fachlich korrekt?,Passwörter entschlüsselbar speichern im üblichen Berufsalltag,MD5 für Passwörter nutzen bei sachgemässer Ausführung,Salt weglassen im normalen Werkstattbetrieb nach gängiger Praxis,Passwörter mit geeigneten Verfahren und Salt nicht rückrechenbar speichern,D,Hashing ist zentral für Passwortschutz.,"Bildungsplan Informatiker/in EFZ BiVo 2021, ICT-Berufsbildung Schweiz/SBFI",https://www.ict-berufsbildung.ch/services/download-center
informatiker,Informatiker/in EFZ,it_l06,HKB c,L06,Sichere Datenverarbeitung und Schnittstellen,easy,single_choice,Welche Aussage beschreibt das Thema Zugriffsprotokoll im Beruf Informatiker/in EFZ am besten?,sicherheitsrelevante Zugriffe nachvollziehbar protokollieren,Logs manipulieren im konkreten Auftrag im Produktionsalltag,Protokolle nie prüfen im laufenden Tagesgeschäft,zu viele Personendaten loggen im Werkstattumfeld,A,Logs unterstützen Nachvollziehbarkeit und Analyse.,"Bildungsplan Informatiker/in EFZ BiVo 2021, ICT-Berufsbildung Schweiz/SBFI",https://www.ict-berufsbildung.ch/services/download-center
informatiker,Informatiker/in EFZ,it_l06,HKB c,L06,Sichere Datenverarbeitung und Schnittstellen,medium,single_choice,Worauf muss man beim Thema Zugriffsprotokoll in der Praxis besonders achten?,Logs manipulieren im üblichen Berufsalltag,sicherheitsrelevante Zugriffe nachvollziehbar protokollieren,Protokolle nie prüfen nach gängiger Praxis,zu viele Personendaten loggen unter typischen Arbeitsbedingungen,B,Logs unterstützen Nachvollziehbarkeit und Analyse.,"Bildungsplan Informatiker/in EFZ BiVo 2021, ICT-Berufsbildung Schweiz/SBFI",https://www.ict-berufsbildung.ch/services/download-center
informatiker,Informatiker/in EFZ,it_l06,HKB c,L06,Sichere Datenverarbeitung und Schnittstellen,hard,single_choice,Welche Aussage zum Thema Zugriffsprotokoll ist fachlich korrekt?,Logs manipulieren im Werkstattumfeld im normalen Werkstattbetrieb,Protokolle nie prüfen im Produktionsalltag,sicherheitsrelevante Zugriffe nachvollziehbar protokollieren,zu viele Personendaten loggen bei sachgemässem Ablauf,C,Logs unterstützen Nachvollziehbarkeit und Analyse.,"Bildungsplan Informatiker/in EFZ BiVo 2021, ICT-Berufsbildung Schweiz/SBFI",https://www.ict-berufsbildung.ch/services/download-center
informatiker,Informatiker/in EFZ,it_l06,HKB c,L06,Sichere Datenverarbeitung und Schnittstellen,easy,single_choice,Welche Aussage beschreibt das Thema API im Beruf Informatiker/in EFZ am besten?,Endpunkte ohne Authentisierung öffnen bei vergleichbaren Aufgaben,Antwortformate ändern ohne Hinweis im Rahmen der Routine,Fehlercodes verbergen unter typischen Arbeitsbedingungen,"Schnittstellen klar dokumentieren, absichern und versionieren",D,APIs verbinden Systeme und brauchen Stabilität.,"Bildungsplan Informatiker/in EFZ BiVo 2021, ICT-Berufsbildung Schweiz/SBFI",https://www.ict-berufsbildung.ch/services/download-center
informatiker,Informatiker/in EFZ,it_l06,HKB c,L06,Sichere Datenverarbeitung und Schnittstellen,medium,single_choice,Worauf muss man beim Thema API in der Praxis besonders achten?,"Schnittstellen klar dokumentieren, absichern und versionieren",Endpunkte ohne Authentisierung öffnen bei sachgemässer Ausführung,Antwortformate ändern ohne Hinweis im normalen Werkstattbetrieb,Fehlercodes verbergen bei sachgemässem Ablauf,A,APIs verbinden Systeme und brauchen Stabilität.,"Bildungsplan Informatiker/in EFZ BiVo 2021, ICT-Berufsbildung Schweiz/SBFI",https://www.ict-berufsbildung.ch/services/download-center
informatiker,Informatiker/in EFZ,it_l06,HKB c,L06,Sichere Datenverarbeitung und Schnittstellen,hard,single_choice,Welche Aussage zum Thema API ist fachlich korrekt?,Endpunkte ohne Authentisierung öffnen im laufenden Tagesgeschäft,"Schnittstellen klar dokumentieren, absichern und versionieren",Antwortformate ändern ohne Hinweis im konkreten Auftrag,Fehlercodes verbergen bei vergleichbaren Aufgaben,B,APIs verbinden Systeme und brauchen Stabilität.,"Bildungsplan Informatiker/in EFZ BiVo 2021, ICT-Berufsbildung Schweiz/SBFI",https://www.ict-berufsbildung.ch/services/download-center
informatiker,Informatiker/in EFZ,it_l06,HKB c,L06,Sichere Datenverarbeitung und Schnittstellen,easy,single_choice,Welche Aussage beschreibt das Thema Inputvalidierung im Beruf Informatiker/in EFZ am besten?,Benutzereingaben blind vertrauen bei sachgemässer Ausführung,Validierung nur im Frontend machen im üblichen Berufsalltag,"Eingaben auf Typ, Format, Länge und Plausibilität prüfen",Fehlermeldungen mit Interna ausgeben nach gängiger Praxis,C,Validierung schützt Daten und Anwendungen.,"Bildungsplan Informatiker/in EFZ BiVo 2021, ICT-Berufsbildung Schweiz/SBFI",https://www.ict-berufsbildung.ch/services/download-center
informatiker,Informatiker/in EFZ,it_l06,HKB c,L06,Sichere Datenverarbeitung und Schnittstellen,medium,single_choice,Worauf muss man beim Thema Inputvalidierung in der Praxis besonders achten?,Benutzereingaben blind vertrauen im laufenden Tagesgeschäft,Validierung nur im Frontend machen im Werkstattumfeld,Fehlermeldungen mit Interna ausgeben im Produktionsalltag,"Eingaben auf Typ, Format, Länge und Plausibilität prüfen",D,Validierung schützt Daten und Anwendungen.,"Bildungsplan Informatiker/in EFZ BiVo 2021, ICT-Berufsbildung Schweiz/SBFI",https://www.ict-berufsbildung.ch/services/download-center
informatiker,Informatiker/in EFZ,it_l06,HKB c,L06,Sichere Datenverarbeitung und Schnittstellen,hard,single_choice,Welche Aussage zum Thema Inputvalidierung ist fachlich korrekt?,"Eingaben auf Typ, Format, Länge und Plausibilität prüfen",Benutzereingaben blind vertrauen nach gängiger Praxis,Validierung nur im Frontend machen unter typischen Arbeitsbedingungen,Fehlermeldungen mit Interna ausgeben im Rahmen der Routine,A,Validierung schützt Daten und Anwendungen.,"Bildungsplan Informatiker/in EFZ BiVo 2021, ICT-Berufsbildung Schweiz/SBFI",https://www.ict-berufsbildung.ch/services/download-center
informatiker,Informatiker/in EFZ,it_l06,HKB c,L06,Sichere Datenverarbeitung und Schnittstellen,easy,single_choice,Welche Aussage beschreibt das Thema Datensparsamkeit im Beruf Informatiker/in EFZ am besten?,Daten auf Vorrat sammeln bei sachgemässem Ablauf,"nur notwendige Daten erheben, speichern und weitergeben",alte Daten unbegrenzt behalten im normalen Werkstattbetrieb,Zwecke nicht festlegen im Produktionsalltag,B,Datensparsamkeit reduziert Risiken.,"Bildungsplan Informatiker/in EFZ BiVo 2021, ICT-Berufsbildung Schweiz/SBFI",https://www.ict-berufsbildung.ch/services/download-center
informatiker,Informatiker/in EFZ,it_l06,HKB c,L06,Sichere Datenverarbeitung und Schnittstellen,medium,single_choice,Worauf muss man beim Thema Datensparsamkeit in der Praxis besonders achten?,Daten auf Vorrat sammeln bei vergleichbaren Aufgaben,alte Daten unbegrenzt behalten im konkreten Auftrag,"nur notwendige Daten erheben, speichern und weitergeben",Zwecke nicht festlegen im Rahmen der Routine,C,Datensparsamkeit reduziert Risiken.,"Bildungsplan Informatiker/in EFZ BiVo 2021, ICT-Berufsbildung Schweiz/SBFI",https://www.ict-berufsbildung.ch/services/download-center
informatiker,Informatiker/in EFZ,it_l06,HKB c,L06,Sichere Datenverarbeitung und Schnittstellen,hard,single_choice,Welche Aussage zum Thema Datensparsamkeit ist fachlich korrekt?,Daten auf Vorrat sammeln bei sachgemässer Ausführung,alte Daten unbegrenzt behalten im üblichen Berufsalltag,Zwecke nicht festlegen im normalen Werkstattbetrieb,"nur notwendige Daten erheben, speichern und weitergeben",D,Datensparsamkeit reduziert Risiken.,"Bildungsplan Informatiker/in EFZ BiVo 2021, ICT-Berufsbildung Schweiz/SBFI",https://www.ict-berufsbildung.ch/services/download-center
informatiker,Informatiker/in EFZ,it_l06,HKB c,L06,Sichere Datenverarbeitung und Schnittstellen,easy,single_choice,Welche Aussage beschreibt das Thema Archivierung im Beruf Informatiker/in EFZ am besten?,"Aufbewahrung, Zugriff und Löschung geregelt umsetzen",Archivdaten ungeschützt lagern im Werkstattumfeld,Fristen ignorieren im konkreten Auftrag,Wiederfinden nicht planen im laufenden Tagesgeschäft,A,Archivierung muss rechtlich und betrieblich passen.,"Bildungsplan Informatiker/in EFZ BiVo 2021, ICT-Berufsbildung Schweiz/SBFI",https://www.ict-berufsbildung.ch/services/download-center
informatiker,Informatiker/in EFZ,it_l06,HKB c,L06,Sichere Datenverarbeitung und Schnittstellen,medium,single_choice,Worauf muss man beim Thema Archivierung in der Praxis besonders achten?,Archivdaten ungeschützt lagern unter typischen Arbeitsbedingungen,"Aufbewahrung, Zugriff und Löschung geregelt umsetzen",Fristen ignorieren im üblichen Berufsalltag,Wiederfinden nicht planen nach gängiger Praxis,B,Archivierung muss rechtlich und betrieblich passen.,"Bildungsplan Informatiker/in EFZ BiVo 2021, ICT-Berufsbildung Schweiz/SBFI",https://www.ict-berufsbildung.ch/services/download-center
informatiker,Informatiker/in EFZ,it_l06,HKB c,L06,Sichere Datenverarbeitung und Schnittstellen,hard,single_choice,Welche Aussage zum Thema Archivierung ist fachlich korrekt?,Archivdaten ungeschützt lagern bei sachgemässem Ablauf,Fristen ignorieren im Werkstattumfeld,"Aufbewahrung, Zugriff und Löschung geregelt umsetzen",Wiederfinden nicht planen im Produktionsalltag,C,Archivierung muss rechtlich und betrieblich passen.,"Bildungsplan Informatiker/in EFZ BiVo 2021, ICT-Berufsbildung Schweiz/SBFI",https://www.ict-berufsbildung.ch/services/download-center
informatiker,Informatiker/in EFZ,it_l06,HKB c,L06,Sichere Datenverarbeitung und Schnittstellen,easy,single_choice,Welche Aussage beschreibt das Thema Datenlöschung im Beruf Informatiker/in EFZ am besten?,Daten nur verstecken unter typischen Arbeitsbedingungen im laufenden Tagesgeschäft,Löschaufträge nicht prüfen im Rahmen der Routine im konkreten Auftrag,Backups nie berücksichtigen bei vergleichbaren Aufgaben im Werkstattumfeld,"Daten kontrolliert, nachvollziehbar und endgültig löschen, wenn erlaubt und nötig",D,Löschen ist Teil des Datenlebenszyklus.,"Bildungsplan Informatiker/in EFZ BiVo 2021, ICT-Berufsbildung Schweiz/SBFI",https://www.ict-berufsbildung.ch/services/download-center
informatiker,Informatiker/in EFZ,it_l06,HKB c,L06,Sichere Datenverarbeitung und Schnittstellen,medium,single_choice,Worauf muss man beim Thema Datenlöschung in der Praxis besonders achten?,"Daten kontrolliert, nachvollziehbar und endgültig löschen, wenn erlaubt und nötig",Daten nur verstecken bei sachgemässem Ablauf im üblichen Berufsalltag,Löschaufträge nicht prüfen im normalen Werkstattbetrieb nach gängiger Praxis,Backups nie berücksichtigen bei sachgemässer Ausführung unter typischen Arbeitsbedingungen,A,Löschen ist Teil des Datenlebenszyklus.,"Bildungsplan Informatiker/in EFZ BiVo 2021, ICT-Berufsbildung Schweiz/SBFI",https://www.ict-berufsbildung.ch/services/download-center
informatiker,Informatiker/in EFZ,it_l06,HKB c,L06,Sichere Datenverarbeitung und Schnittstellen,hard,single_choice,Welche Aussage zum Thema Datenlöschung ist fachlich korrekt?,Daten nur verstecken bei vergleichbaren Aufgaben im Produktionsalltag,"Daten kontrolliert, nachvollziehbar und endgültig löschen, wenn erlaubt und nötig",Löschaufträge nicht prüfen im konkreten Auftrag im Werkstattumfeld,Backups nie berücksichtigen im laufenden Tagesgeschäft bei sachgemässem Ablauf,B,Löschen ist Teil des Datenlebenszyklus.,"Bildungsplan Informatiker/in EFZ BiVo 2021, ICT-Berufsbildung Schweiz/SBFI",https://www.ict-berufsbildung.ch/services/download-center
informatiker,Informatiker/in EFZ,it_l06,HKB c,L06,Sichere Datenverarbeitung und Schnittstellen,easy,single_choice,Welche Aussage beschreibt das Thema Datenintegrität im Beruf Informatiker/in EFZ am besten?,Prüfsummen ignorieren bei sachgemässer Ausführung im Rahmen der Routine,gleichzeitige Änderungen unkontrolliert zulassen nach gängiger Praxis,unbeabsichtigte oder unberechtigte Veränderungen verhindern und erkennen,Transaktionen vermeiden im üblichen Berufsalltag unter typischen Arbeitsbedingungen,C,Integrität sichert Verlässlichkeit.,"Bildungsplan Informatiker/in EFZ BiVo 2021, ICT-Berufsbildung Schweiz/SBFI",https://www.ict-berufsbildung.ch/services/download-center
informatiker,Informatiker/in EFZ,it_l06,HKB c,L06,Sichere Datenverarbeitung und Schnittstellen,medium,single_choice,Worauf muss man beim Thema Datenintegrität in der Praxis besonders achten?,Prüfsummen ignorieren im laufenden Tagesgeschäft bei sachgemässem Ablauf,gleichzeitige Änderungen unkontrolliert zulassen im normalen Werkstattbetrieb,Transaktionen vermeiden im Werkstattumfeld im Produktionsalltag,unbeabsichtigte oder unberechtigte Veränderungen verhindern und erkennen,D,Integrität sichert Verlässlichkeit.,"Bildungsplan Informatiker/in EFZ BiVo 2021, ICT-Berufsbildung Schweiz/SBFI",https://www.ict-berufsbildung.ch/services/download-center
informatiker,Informatiker/in EFZ,it_l06,HKB c,L06,Sichere Datenverarbeitung und Schnittstellen,hard,single_choice,Welche Aussage zum Thema Datenintegrität ist fachlich korrekt?,unbeabsichtigte oder unberechtigte Veränderungen verhindern und erkennen,Prüfsummen ignorieren nach gängiger Praxis im Rahmen der Routine,gleichzeitige Änderungen unkontrolliert zulassen bei vergleichbaren Aufgaben,Transaktionen vermeiden unter typischen Arbeitsbedingungen,A,Integrität sichert Verlässlichkeit.,"Bildungsplan Informatiker/in EFZ BiVo 2021, ICT-Berufsbildung Schweiz/SBFI",https://www.ict-berufsbildung.ch/services/download-center
informatiker,Informatiker/in EFZ,it_l06,HKB c,L06,Sichere Datenverarbeitung und Schnittstellen,easy,single_choice,Welche Aussage beschreibt das Thema Schnittstellentest im Beruf Informatiker/in EFZ am besten?,nur Erfolgsfälle testen bei sachgemässem Ablauf,"Datenflüsse, Fehlerfälle und Sicherheitsanforderungen prüfen",Grenzwerte auslassen im Produktionsalltag im normalen Werkstattbetrieb,Testdaten mit echten Geheimnissen verwenden,B,Schnittstellenfehler wirken oft systemübergreifend.,"Bildungsplan Informatiker/in EFZ BiVo 2021, ICT-Berufsbildung Schweiz/SBFI",https://www.ict-berufsbildung.ch/services/download-center
informatiker,Informatiker/in EFZ,it_l06,HKB c,L06,Sichere Datenverarbeitung und Schnittstellen,medium,single_choice,Worauf muss man beim Thema Schnittstellentest in der Praxis besonders achten?,nur Erfolgsfälle testen bei vergleichbaren Aufgaben,Grenzwerte auslassen im Rahmen der Routine im konkreten Auftrag,"Datenflüsse, Fehlerfälle und Sicherheitsanforderungen prüfen",Testdaten mit echten Geheimnissen verwenden,C,Schnittstellenfehler wirken oft systemübergreifend.,"Bildungsplan Informatiker/in EFZ BiVo 2021, ICT-Berufsbildung Schweiz/SBFI",https://www.ict-berufsbildung.ch/services/download-center
informatiker,Informatiker/in EFZ,it_l06,HKB c,L06,Sichere Datenverarbeitung und Schnittstellen,hard,single_choice,Welche Aussage zum Thema Schnittstellentest ist fachlich korrekt?,nur Erfolgsfälle testen bei sachgemässer Ausführung,Grenzwerte auslassen im normalen Werkstattbetrieb,Testdaten mit echten Geheimnissen verwenden im üblichen Berufsalltag,"Datenflüsse, Fehlerfälle und Sicherheitsanforderungen prüfen",D,Schnittstellenfehler wirken oft systemübergreifend.,"Bildungsplan Informatiker/in EFZ BiVo 2021, ICT-Berufsbildung Schweiz/SBFI",https://www.ict-berufsbildung.ch/services/download-center
informatiker,Informatiker/in EFZ,it_l07,HKB d,L07,Plattformentwicklung: Automatisierung und Deployment,easy,single_choice,Welche Aussage beschreibt das Thema ICT-Prozess im Beruf Informatiker/in EFZ am besten?,"wiederkehrende Abläufe aufnehmen, standardisieren und verbessern",jede Ausführung manuell neu erfinden im Werkstattumfeld,Abweichungen nicht dokumentieren im laufenden Tagesgeschäft,Prozessschritte verwechseln im konkreten Auftrag,A,Standardisierte Prozesse reduzieren Fehler.,"Bildungsplan Informatiker/in EFZ BiVo 2021, ICT-Berufsbildung Schweiz/SBFI",https://www.ict-berufsbildung.ch/services/download-center
informatiker,Informatiker/in EFZ,it_l07,HKB d,L07,Plattformentwicklung: Automatisierung und Deployment,medium,single_choice,Worauf muss man beim Thema ICT-Prozess in der Praxis besonders achten?,jede Ausführung manuell neu erfinden unter typischen Arbeitsbedingungen,"wiederkehrende Abläufe aufnehmen, standardisieren und verbessern",Abweichungen nicht dokumentieren nach gängiger Praxis,Prozessschritte verwechseln im üblichen Berufsalltag,B,Standardisierte Prozesse reduzieren Fehler.,"Bildungsplan Informatiker/in EFZ BiVo 2021, ICT-Berufsbildung Schweiz/SBFI",https://www.ict-berufsbildung.ch/services/download-center
informatiker,Informatiker/in EFZ,it_l07,HKB d,L07,Plattformentwicklung: Automatisierung und Deployment,hard,single_choice,Welche Aussage zum Thema ICT-Prozess ist fachlich korrekt?,jede Ausführung manuell neu erfinden bei sachgemässem Ablauf,Abweichungen nicht dokumentieren im Produktionsalltag,"wiederkehrende Abläufe aufnehmen, standardisieren und verbessern",Prozessschritte verwechseln im Werkstattumfeld,C,Standardisierte Prozesse reduzieren Fehler.,"Bildungsplan Informatiker/in EFZ BiVo 2021, ICT-Berufsbildung Schweiz/SBFI",https://www.ict-berufsbildung.ch/services/download-center
informatiker,Informatiker/in EFZ,it_l07,HKB d,L07,Plattformentwicklung: Automatisierung und Deployment,easy,single_choice,Welche Aussage beschreibt das Thema Automatisierung im Beruf Informatiker/in EFZ am besten?,Skripte ohne Tests produktiv starten bei vergleichbaren Aufgaben,Fehlermeldungen ignorieren unter typischen Arbeitsbedingungen,Zugangsdaten hart codieren im Rahmen der Routine,wiederholbare Aufgaben mit Skripten oder Tools zuverlässig ausführen,D,"Automatisierung spart Zeit, braucht aber Kontrolle.","Bildungsplan Informatiker/in EFZ BiVo 2021, ICT-Berufsbildung Schweiz/SBFI",https://www.ict-berufsbildung.ch/services/download-center
informatiker,Informatiker/in EFZ,it_l07,HKB d,L07,Plattformentwicklung: Automatisierung und Deployment,medium,single_choice,Worauf muss man beim Thema Automatisierung in der Praxis besonders achten?,wiederholbare Aufgaben mit Skripten oder Tools zuverlässig ausführen,Skripte ohne Tests produktiv starten bei sachgemässer Ausführung,Fehlermeldungen ignorieren bei sachgemässem Ablauf,Zugangsdaten hart codieren im normalen Werkstattbetrieb,A,"Automatisierung spart Zeit, braucht aber Kontrolle.","Bildungsplan Informatiker/in EFZ BiVo 2021, ICT-Berufsbildung Schweiz/SBFI",https://www.ict-berufsbildung.ch/services/download-center
informatiker,Informatiker/in EFZ,it_l07,HKB d,L07,Plattformentwicklung: Automatisierung und Deployment,hard,single_choice,Welche Aussage zum Thema Automatisierung ist fachlich korrekt?,Skripte ohne Tests produktiv starten im laufenden Tagesgeschäft,wiederholbare Aufgaben mit Skripten oder Tools zuverlässig ausführen,Fehlermeldungen ignorieren bei vergleichbaren Aufgaben,Zugangsdaten hart codieren im konkreten Auftrag im Werkstattumfeld,B,"Automatisierung spart Zeit, braucht aber Kontrolle.","Bildungsplan Informatiker/in EFZ BiVo 2021, ICT-Berufsbildung Schweiz/SBFI",https://www.ict-berufsbildung.ch/services/download-center
informatiker,Informatiker/in EFZ,it_l07,HKB d,L07,Plattformentwicklung: Automatisierung und Deployment,easy,single_choice,Welche Aussage beschreibt das Thema Versionsverwaltung im Beruf Informatiker/in EFZ am besten?,direkt auf Produktion editieren im üblichen Berufsalltag,Commits ohne Aussage machen bei sachgemässer Ausführung unter typischen Arbeitsbedingungen,"Änderungen an Code, Konfiguration und Dokumentation nachvollziehbar verwalten",Änderungen nicht zurückverfolgbar halten nach gängiger Praxis,C,Versionierung unterstützt Zusammenarbeit und Rückfall.,"Bildungsplan Informatiker/in EFZ BiVo 2021, ICT-Berufsbildung Schweiz/SBFI",https://www.ict-berufsbildung.ch/services/download-center
informatiker,Informatiker/in EFZ,it_l07,HKB d,L07,Plattformentwicklung: Automatisierung und Deployment,medium,single_choice,Worauf muss man beim Thema Versionsverwaltung in der Praxis besonders achten?,direkt auf Produktion editieren im Werkstattumfeld bei sachgemässem Ablauf,Commits ohne Aussage machen im laufenden Tagesgeschäft,Änderungen nicht zurückverfolgbar halten im Produktionsalltag,"Änderungen an Code, Konfiguration und Dokumentation nachvollziehbar verwalten",D,Versionierung unterstützt Zusammenarbeit und Rückfall.,"Bildungsplan Informatiker/in EFZ BiVo 2021, ICT-Berufsbildung Schweiz/SBFI",https://www.ict-berufsbildung.ch/services/download-center
informatiker,Informatiker/in EFZ,it_l07,HKB d,L07,Plattformentwicklung: Automatisierung und Deployment,hard,single_choice,Welche Aussage zum Thema Versionsverwaltung ist fachlich korrekt?,"Änderungen an Code, Konfiguration und Dokumentation nachvollziehbar verwalten",direkt auf Produktion editieren unter typischen Arbeitsbedingungen,Commits ohne Aussage machen nach gängiger Praxis bei vergleichbaren Aufgaben,Änderungen nicht zurückverfolgbar halten im Rahmen der Routine,A,Versionierung unterstützt Zusammenarbeit und Rückfall.,"Bildungsplan Informatiker/in EFZ BiVo 2021, ICT-Berufsbildung Schweiz/SBFI",https://www.ict-berufsbildung.ch/services/download-center
informatiker,Informatiker/in EFZ,it_l07,HKB d,L07,Plattformentwicklung: Automatisierung und Deployment,easy,single_choice,Welche Aussage beschreibt das Thema Build-Prozess im Beruf Informatiker/in EFZ am besten?,lokale Zufallsstände verwenden im normalen Werkstattbetrieb,Artefakte reproduzierbar aus Quellen und Abhängigkeiten erstellen,Abhängigkeiten nicht fixieren bei sachgemässem Ablauf,Buildfehler ignorieren im Produktionsalltag bei sachgemässer Ausführung,B,Reproduzierbare Builds erhöhen Qualität.,"Bildungsplan Informatiker/in EFZ BiVo 2021, ICT-Berufsbildung Schweiz/SBFI",https://www.ict-berufsbildung.ch/services/download-center
informatiker,Informatiker/in EFZ,it_l07,HKB d,L07,Plattformentwicklung: Automatisierung und Deployment,medium,single_choice,Worauf muss man beim Thema Build-Prozess in der Praxis besonders achten?,lokale Zufallsstände verwenden im konkreten Auftrag,Abhängigkeiten nicht fixieren bei vergleichbaren Aufgaben,Artefakte reproduzierbar aus Quellen und Abhängigkeiten erstellen,Buildfehler ignorieren im Rahmen der Routine im laufenden Tagesgeschäft,C,Reproduzierbare Builds erhöhen Qualität.,"Bildungsplan Informatiker/in EFZ BiVo 2021, ICT-Berufsbildung Schweiz/SBFI",https://www.ict-berufsbildung.ch/services/download-center
informatiker,Informatiker/in EFZ,it_l07,HKB d,L07,Plattformentwicklung: Automatisierung und Deployment,hard,single_choice,Welche Aussage zum Thema Build-Prozess ist fachlich korrekt?,lokale Zufallsstände verwenden im üblichen Berufsalltag,Abhängigkeiten nicht fixieren bei sachgemässer Ausführung,Buildfehler ignorieren im normalen Werkstattbetrieb,Artefakte reproduzierbar aus Quellen und Abhängigkeiten erstellen,D,Reproduzierbare Builds erhöhen Qualität.,"Bildungsplan Informatiker/in EFZ BiVo 2021, ICT-Berufsbildung Schweiz/SBFI",https://www.ict-berufsbildung.ch/services/download-center
informatiker,Informatiker/in EFZ,it_l07,HKB d,L07,Plattformentwicklung: Automatisierung und Deployment,easy,single_choice,Welche Aussage beschreibt das Thema Deployment-Plan im Beruf Informatiker/in EFZ am besten?,"Auslieferung, Verantwortlichkeiten, Zeitfenster und Rückfall planen",ohne Rollback deployen im konkreten Auftrag im Produktionsalltag,Benutzer nicht informieren im laufenden Tagesgeschäft,Abhängigkeiten nicht prüfen im Werkstattumfeld bei sachgemässem Ablauf,A,Geplante Deployments senken Betriebsrisiken.,"Bildungsplan Informatiker/in EFZ BiVo 2021, ICT-Berufsbildung Schweiz/SBFI",https://www.ict-berufsbildung.ch/services/download-center
informatiker,Informatiker/in EFZ,it_l07,HKB d,L07,Plattformentwicklung: Automatisierung und Deployment,medium,single_choice,Worauf muss man beim Thema Deployment-Plan in der Praxis besonders achten?,ohne Rollback deployen im üblichen Berufsalltag im Rahmen der Routine,"Auslieferung, Verantwortlichkeiten, Zeitfenster und Rückfall planen",Benutzer nicht informieren nach gängiger Praxis,Abhängigkeiten nicht prüfen unter typischen Arbeitsbedingungen,B,Geplante Deployments senken Betriebsrisiken.,"Bildungsplan Informatiker/in EFZ BiVo 2021, ICT-Berufsbildung Schweiz/SBFI",https://www.ict-berufsbildung.ch/services/download-center
informatiker,Informatiker/in EFZ,it_l07,HKB d,L07,Plattformentwicklung: Automatisierung und Deployment,hard,single_choice,Welche Aussage zum Thema Deployment-Plan ist fachlich korrekt?,ohne Rollback deployen im Werkstattumfeld im normalen Werkstattbetrieb,Benutzer nicht informieren im Produktionsalltag,"Auslieferung, Verantwortlichkeiten, Zeitfenster und Rückfall planen",Abhängigkeiten nicht prüfen bei sachgemässem Ablauf,C,Geplante Deployments senken Betriebsrisiken.,"Bildungsplan Informatiker/in EFZ BiVo 2021, ICT-Berufsbildung Schweiz/SBFI",https://www.ict-berufsbildung.ch/services/download-center
informatiker,Informatiker/in EFZ,it_l07,HKB d,L07,Plattformentwicklung: Automatisierung und Deployment,easy,single_choice,Welche Aussage beschreibt das Thema Ausführungsplattform im Beruf Informatiker/in EFZ am besten?,Ressourcenbedarf ignorieren unter typischen Arbeitsbedingungen,Sicherheitsupdates weglassen im Rahmen der Routine,Konfiguration nicht dokumentieren bei vergleichbaren Aufgaben,Laufzeitumgebung passend zu Anforderungen vorbereiten,D,Die Plattform beeinflusst Stabilität und Sicherheit.,"Bildungsplan Informatiker/in EFZ BiVo 2021, ICT-Berufsbildung Schweiz/SBFI",https://www.ict-berufsbildung.ch/services/download-center
informatiker,Informatiker/in EFZ,it_l07,HKB d,L07,Plattformentwicklung: Automatisierung und Deployment,medium,single_choice,Worauf muss man beim Thema Ausführungsplattform in der Praxis besonders achten?,Laufzeitumgebung passend zu Anforderungen vorbereiten,Ressourcenbedarf ignorieren bei sachgemässem Ablauf,Sicherheitsupdates weglassen im normalen Werkstattbetrieb,Konfiguration nicht dokumentieren bei sachgemässer Ausführung,A,Die Plattform beeinflusst Stabilität und Sicherheit.,"Bildungsplan Informatiker/in EFZ BiVo 2021, ICT-Berufsbildung Schweiz/SBFI",https://www.ict-berufsbildung.ch/services/download-center
informatiker,Informatiker/in EFZ,it_l07,HKB d,L07,Plattformentwicklung: Automatisierung und Deployment,hard,single_choice,Welche Aussage zum Thema Ausführungsplattform ist fachlich korrekt?,Ressourcenbedarf ignorieren bei vergleichbaren Aufgaben,Laufzeitumgebung passend zu Anforderungen vorbereiten,Sicherheitsupdates weglassen im konkreten Auftrag,Konfiguration nicht dokumentieren im laufenden Tagesgeschäft,B,Die Plattform beeinflusst Stabilität und Sicherheit.,"Bildungsplan Informatiker/in EFZ BiVo 2021, ICT-Berufsbildung Schweiz/SBFI",https://www.ict-berufsbildung.ch/services/download-center
informatiker,Informatiker/in EFZ,it_l07,HKB d,L07,Plattformentwicklung: Automatisierung und Deployment,easy,single_choice,Welche Aussage beschreibt das Thema Container im Beruf Informatiker/in EFZ am besten?,Images mit Geheimnissen bauen bei sachgemässer Ausführung,Container als Sicherheitsersatz betrachten nach gängiger Praxis,Anwendungen mit Abhängigkeiten isoliert und reproduzierbar bereitstellen,Tags unkontrolliert verwenden im üblichen Berufsalltag,C,Container vereinfachen Bereitstellung und Betrieb.,"Bildungsplan Informatiker/in EFZ BiVo 2021, ICT-Berufsbildung Schweiz/SBFI",https://www.ict-berufsbildung.ch/services/download-center
informatiker,Informatiker/in EFZ,it_l07,HKB d,L07,Plattformentwicklung: Automatisierung und Deployment,medium,single_choice,Worauf muss man beim Thema Container in der Praxis besonders achten?,Images mit Geheimnissen bauen im laufenden Tagesgeschäft,Container als Sicherheitsersatz betrachten im Produktionsalltag,Tags unkontrolliert verwenden im Werkstattumfeld bei sachgemässem Ablauf,Anwendungen mit Abhängigkeiten isoliert und reproduzierbar bereitstellen,D,Container vereinfachen Bereitstellung und Betrieb.,"Bildungsplan Informatiker/in EFZ BiVo 2021, ICT-Berufsbildung Schweiz/SBFI",https://www.ict-berufsbildung.ch/services/download-center
informatiker,Informatiker/in EFZ,it_l07,HKB d,L07,Plattformentwicklung: Automatisierung und Deployment,hard,single_choice,Welche Aussage zum Thema Container ist fachlich korrekt?,Anwendungen mit Abhängigkeiten isoliert und reproduzierbar bereitstellen,Images mit Geheimnissen bauen nach gängiger Praxis bei vergleichbaren Aufgaben,Container als Sicherheitsersatz betrachten im Rahmen der Routine,Tags unkontrolliert verwenden unter typischen Arbeitsbedingungen,A,Container vereinfachen Bereitstellung und Betrieb.,"Bildungsplan Informatiker/in EFZ BiVo 2021, ICT-Berufsbildung Schweiz/SBFI",https://www.ict-berufsbildung.ch/services/download-center
informatiker,Informatiker/in EFZ,it_l07,HKB d,L07,Plattformentwicklung: Automatisierung und Deployment,easy,single_choice,Welche Aussage beschreibt das Thema CI/CD im Beruf Informatiker/in EFZ am besten?,Tests überspringen im Produktionsalltag bei sachgemässer Ausführung,"Build, Test und Auslieferung kontrolliert automatisieren",Pipeline-Rechte offen lassen bei sachgemässem Ablauf,Fehler automatisch ignorieren im normalen Werkstattbetrieb,B,CI/CD verbindet Qualitätssicherung und schnelle Lieferung.,"Bildungsplan Informatiker/in EFZ BiVo 2021, ICT-Berufsbildung Schweiz/SBFI",https://www.ict-berufsbildung.ch/services/download-center
informatiker,Informatiker/in EFZ,it_l07,HKB d,L07,Plattformentwicklung: Automatisierung und Deployment,medium,single_choice,Worauf muss man beim Thema CI/CD in der Praxis besonders achten?,Tests überspringen im Rahmen der Routine,Pipeline-Rechte offen lassen bei vergleichbaren Aufgaben,"Build, Test und Auslieferung kontrolliert automatisieren",Fehler automatisch ignorieren im konkreten Auftrag,C,CI/CD verbindet Qualitätssicherung und schnelle Lieferung.,"Bildungsplan Informatiker/in EFZ BiVo 2021, ICT-Berufsbildung Schweiz/SBFI",https://www.ict-berufsbildung.ch/services/download-center
informatiker,Informatiker/in EFZ,it_l07,HKB d,L07,Plattformentwicklung: Automatisierung und Deployment,hard,single_choice,Welche Aussage zum Thema CI/CD ist fachlich korrekt?,Tests überspringen im normalen Werkstattbetrieb,Pipeline-Rechte offen lassen bei sachgemässer Ausführung,Fehler automatisch ignorieren im üblichen Berufsalltag,"Build, Test und Auslieferung kontrolliert automatisieren",D,CI/CD verbindet Qualitätssicherung und schnelle Lieferung.,"Bildungsplan Informatiker/in EFZ BiVo 2021, ICT-Berufsbildung Schweiz/SBFI",https://www.ict-berufsbildung.ch/services/download-center
informatiker,Informatiker/in EFZ,it_l07,HKB d,L07,Plattformentwicklung: Automatisierung und Deployment,easy,single_choice,Welche Aussage beschreibt das Thema Rollback im Beruf Informatiker/in EFZ am besten?,bei Problemen kontrolliert auf einen sicheren Zustand zurückkehren,Fehler im Produktivbetrieb aussitzen im Werkstattumfeld,keine alte Version bereithalten im laufenden Tagesgeschäft,Datenänderungen ignorieren im konkreten Auftrag,A,Rollback-Fähigkeit reduziert Ausfallzeit.,"Bildungsplan Informatiker/in EFZ BiVo 2021, ICT-Berufsbildung Schweiz/SBFI",https://www.ict-berufsbildung.ch/services/download-center
informatiker,Informatiker/in EFZ,it_l07,HKB d,L07,Plattformentwicklung: Automatisierung und Deployment,medium,single_choice,Worauf muss man beim Thema Rollback in der Praxis besonders achten?,Fehler im Produktivbetrieb aussitzen unter typischen Arbeitsbedingungen,bei Problemen kontrolliert auf einen sicheren Zustand zurückkehren,keine alte Version bereithalten nach gängiger Praxis,Datenänderungen ignorieren im üblichen Berufsalltag,B,Rollback-Fähigkeit reduziert Ausfallzeit.,"Bildungsplan Informatiker/in EFZ BiVo 2021, ICT-Berufsbildung Schweiz/SBFI",https://www.ict-berufsbildung.ch/services/download-center
informatiker,Informatiker/in EFZ,it_l07,HKB d,L07,Plattformentwicklung: Automatisierung und Deployment,hard,single_choice,Welche Aussage zum Thema Rollback ist fachlich korrekt?,Fehler im Produktivbetrieb aussitzen bei sachgemässem Ablauf,keine alte Version bereithalten im Produktionsalltag,bei Problemen kontrolliert auf einen sicheren Zustand zurückkehren,Datenänderungen ignorieren im Werkstattumfeld im normalen Werkstattbetrieb,C,Rollback-Fähigkeit reduziert Ausfallzeit.,"Bildungsplan Informatiker/in EFZ BiVo 2021, ICT-Berufsbildung Schweiz/SBFI",https://www.ict-berufsbildung.ch/services/download-center
informatiker,Informatiker/in EFZ,it_l07,HKB d,L07,Plattformentwicklung: Automatisierung und Deployment,easy,single_choice,Welche Aussage beschreibt das Thema Betriebsübergabe im Beruf Informatiker/in EFZ am besten?,Betrieb ohne Anleitung starten bei vergleichbaren Aufgaben,Support nicht informieren unter typischen Arbeitsbedingungen,Konfiguration geheim halten im Rahmen der Routine im konkreten Auftrag,"Dokumentation, Monitoring und Verantwortlichkeiten vor Inbetriebnahme klären",D,Übergabe ist Teil einer stabilen Inbetriebnahme.,"Bildungsplan Informatiker/in EFZ BiVo 2021, ICT-Berufsbildung Schweiz/SBFI",https://www.ict-berufsbildung.ch/services/download-center
informatiker,Informatiker/in EFZ,it_l07,HKB d,L07,Plattformentwicklung: Automatisierung und Deployment,medium,single_choice,Worauf muss man beim Thema Betriebsübergabe in der Praxis besonders achten?,"Dokumentation, Monitoring und Verantwortlichkeiten vor Inbetriebnahme klären",Betrieb ohne Anleitung starten bei sachgemässer Ausführung,Support nicht informieren bei sachgemässem Ablauf im üblichen Berufsalltag,Konfiguration geheim halten im normalen Werkstattbetrieb,A,Übergabe ist Teil einer stabilen Inbetriebnahme.,"Bildungsplan Informatiker/in EFZ BiVo 2021, ICT-Berufsbildung Schweiz/SBFI",https://www.ict-berufsbildung.ch/services/download-center
informatiker,Informatiker/in EFZ,it_l07,HKB d,L07,Plattformentwicklung: Automatisierung und Deployment,hard,single_choice,Welche Aussage zum Thema Betriebsübergabe ist fachlich korrekt?,Betrieb ohne Anleitung starten im laufenden Tagesgeschäft,"Dokumentation, Monitoring und Verantwortlichkeiten vor Inbetriebnahme klären",Support nicht informieren bei vergleichbaren Aufgaben im Produktionsalltag,Konfiguration geheim halten im konkreten Auftrag im Werkstattumfeld,B,Übergabe ist Teil einer stabilen Inbetriebnahme.,"Bildungsplan Informatiker/in EFZ BiVo 2021, ICT-Berufsbildung Schweiz/SBFI",https://www.ict-berufsbildung.ch/services/download-center
informatiker,Informatiker/in EFZ,it_l08,HKB e,L08,Plattformentwicklung: Netzplanung und Netzbetrieb,easy,single_choice,Welche Aussage beschreibt das Thema Netzplanung im Beruf Informatiker/in EFZ am besten?,Geräte zufällig verbinden im üblichen Berufsalltag,IP-Konzept weglassen bei sachgemässer Ausführung unter typischen Arbeitsbedingungen,"Topologie, Adressierung, Leistung und Sicherheit bedarfsgerecht planen",Wachstum nicht berücksichtigen nach gängiger Praxis,C,Netzplanung schafft stabile Kommunikation.,"Bildungsplan Informatiker/in EFZ BiVo 2021, ICT-Berufsbildung Schweiz/SBFI",https://www.ict-berufsbildung.ch/services/download-center
informatiker,Informatiker/in EFZ,it_l08,HKB e,L08,Plattformentwicklung: Netzplanung und Netzbetrieb,medium,single_choice,Worauf muss man beim Thema Netzplanung in der Praxis besonders achten?,Geräte zufällig verbinden im Werkstattumfeld bei sachgemässem Ablauf,IP-Konzept weglassen im laufenden Tagesgeschäft im normalen Werkstattbetrieb,Wachstum nicht berücksichtigen im Produktionsalltag,"Topologie, Adressierung, Leistung und Sicherheit bedarfsgerecht planen",D,Netzplanung schafft stabile Kommunikation.,"Bildungsplan Informatiker/in EFZ BiVo 2021, ICT-Berufsbildung Schweiz/SBFI",https://www.ict-berufsbildung.ch/services/download-center
informatiker,Informatiker/in EFZ,it_l08,HKB e,L08,Plattformentwicklung: Netzplanung und Netzbetrieb,hard,single_choice,Welche Aussage zum Thema Netzplanung ist fachlich korrekt?,"Topologie, Adressierung, Leistung und Sicherheit bedarfsgerecht planen",Geräte zufällig verbinden unter typischen Arbeitsbedingungen,IP-Konzept weglassen nach gängiger Praxis bei vergleichbaren Aufgaben,Wachstum nicht berücksichtigen im Rahmen der Routine,A,Netzplanung schafft stabile Kommunikation.,"Bildungsplan Informatiker/in EFZ BiVo 2021, ICT-Berufsbildung Schweiz/SBFI",https://www.ict-berufsbildung.ch/services/download-center
informatiker,Informatiker/in EFZ,it_l08,HKB e,L08,Plattformentwicklung: Netzplanung und Netzbetrieb,easy,single_choice,Welche Aussage beschreibt das Thema IP-Adressierung im Beruf Informatiker/in EFZ am besten?,Adressen doppelt vergeben bei sachgemässem Ablauf,"Adressbereiche, Subnetze und Reserven sauber dokumentieren",Subnetzmaske raten im Produktionsalltag bei sachgemässer Ausführung,Dokumentation nachträglich vermeiden im normalen Werkstattbetrieb,B,Saubere Adressierung verhindert Konflikte.,"Bildungsplan Informatiker/in EFZ BiVo 2021, ICT-Berufsbildung Schweiz/SBFI",https://www.ict-berufsbildung.ch/services/download-center
informatiker,Informatiker/in EFZ,it_l08,HKB e,L08,Plattformentwicklung: Netzplanung und Netzbetrieb,medium,single_choice,Worauf muss man beim Thema IP-Adressierung in der Praxis besonders achten?,Adressen doppelt vergeben bei vergleichbaren Aufgaben,Subnetzmaske raten im Rahmen der Routine im laufenden Tagesgeschäft,"Adressbereiche, Subnetze und Reserven sauber dokumentieren",Dokumentation nachträglich vermeiden im konkreten Auftrag,C,Saubere Adressierung verhindert Konflikte.,"Bildungsplan Informatiker/in EFZ BiVo 2021, ICT-Berufsbildung Schweiz/SBFI",https://www.ict-berufsbildung.ch/services/download-center
informatiker,Informatiker/in EFZ,it_l08,HKB e,L08,Plattformentwicklung: Netzplanung und Netzbetrieb,hard,single_choice,Welche Aussage zum Thema IP-Adressierung ist fachlich korrekt?,Adressen doppelt vergeben bei sachgemässer Ausführung,Subnetzmaske raten im normalen Werkstattbetrieb,Dokumentation nachträglich vermeiden im üblichen Berufsalltag,"Adressbereiche, Subnetze und Reserven sauber dokumentieren",D,Saubere Adressierung verhindert Konflikte.,"Bildungsplan Informatiker/in EFZ BiVo 2021, ICT-Berufsbildung Schweiz/SBFI",https://www.ict-berufsbildung.ch/services/download-center
informatiker,Informatiker/in EFZ,it_l08,HKB e,L08,Plattformentwicklung: Netzplanung und Netzbetrieb,easy,single_choice,Welche Aussage beschreibt das Thema VLAN im Beruf Informatiker/in EFZ am besten?,Netze logisch trennen und Broadcast-Domänen strukturieren,alle Geräte im gleichen Netz lassen im laufenden Tagesgeschäft,Trennung nicht dokumentieren im konkreten Auftrag,VLANs als Firewall-Ersatz verstehen im Werkstattumfeld,A,VLANs unterstützen Struktur und Sicherheit.,"Bildungsplan Informatiker/in EFZ BiVo 2021, ICT-Berufsbildung Schweiz/SBFI",https://www.ict-berufsbildung.ch/services/download-center
informatiker,Informatiker/in EFZ,it_l08,HKB e,L08,Plattformentwicklung: Netzplanung und Netzbetrieb,medium,single_choice,Worauf muss man beim Thema VLAN in der Praxis besonders achten?,alle Geräte im gleichen Netz lassen nach gängiger Praxis,Netze logisch trennen und Broadcast-Domänen strukturieren,Trennung nicht dokumentieren im üblichen Berufsalltag,VLANs als Firewall-Ersatz verstehen unter typischen Arbeitsbedingungen,B,VLANs unterstützen Struktur und Sicherheit.,"Bildungsplan Informatiker/in EFZ BiVo 2021, ICT-Berufsbildung Schweiz/SBFI",https://www.ict-berufsbildung.ch/services/download-center
informatiker,Informatiker/in EFZ,it_l08,HKB e,L08,Plattformentwicklung: Netzplanung und Netzbetrieb,hard,single_choice,Welche Aussage zum Thema VLAN ist fachlich korrekt?,alle Geräte im gleichen Netz lassen im Produktionsalltag,Trennung nicht dokumentieren im Werkstattumfeld,Netze logisch trennen und Broadcast-Domänen strukturieren,VLANs als Firewall-Ersatz verstehen bei sachgemässem Ablauf,C,VLANs unterstützen Struktur und Sicherheit.,"Bildungsplan Informatiker/in EFZ BiVo 2021, ICT-Berufsbildung Schweiz/SBFI",https://www.ict-berufsbildung.ch/services/download-center
informatiker,Informatiker/in EFZ,it_l08,HKB e,L08,Plattformentwicklung: Netzplanung und Netzbetrieb,easy,single_choice,Welche Aussage beschreibt das Thema Routing im Beruf Informatiker/in EFZ am besten?,Routen zufällig setzen unter typischen Arbeitsbedingungen,Default-Gateway ignorieren bei vergleichbaren Aufgaben,Schleifen nicht prüfen im Rahmen der Routine,Datenpakete zwischen Netzen kontrolliert weiterleiten,D,Routing verbindet getrennte Netze.,"Bildungsplan Informatiker/in EFZ BiVo 2021, ICT-Berufsbildung Schweiz/SBFI",https://www.ict-berufsbildung.ch/services/download-center
informatiker,Informatiker/in EFZ,it_l08,HKB e,L08,Plattformentwicklung: Netzplanung und Netzbetrieb,medium,single_choice,Worauf muss man beim Thema Routing in der Praxis besonders achten?,Datenpakete zwischen Netzen kontrolliert weiterleiten,Routen zufällig setzen bei sachgemässem Ablauf,Default-Gateway ignorieren bei sachgemässer Ausführung,Schleifen nicht prüfen im normalen Werkstattbetrieb,A,Routing verbindet getrennte Netze.,"Bildungsplan Informatiker/in EFZ BiVo 2021, ICT-Berufsbildung Schweiz/SBFI",https://www.ict-berufsbildung.ch/services/download-center
informatiker,Informatiker/in EFZ,it_l08,HKB e,L08,Plattformentwicklung: Netzplanung und Netzbetrieb,hard,single_choice,Welche Aussage zum Thema Routing ist fachlich korrekt?,Routen zufällig setzen bei vergleichbaren Aufgaben,Datenpakete zwischen Netzen kontrolliert weiterleiten,Default-Gateway ignorieren im laufenden Tagesgeschäft,Schleifen nicht prüfen im konkreten Auftrag,B,Routing verbindet getrennte Netze.,"Bildungsplan Informatiker/in EFZ BiVo 2021, ICT-Berufsbildung Schweiz/SBFI",https://www.ict-berufsbildung.ch/services/download-center
informatiker,Informatiker/in EFZ,it_l08,HKB e,L08,Plattformentwicklung: Netzplanung und Netzbetrieb,easy,single_choice,Welche Aussage beschreibt das Thema DNS im Beruf Informatiker/in EFZ am besten?,Hosts nur über IP nutzen im üblichen Berufsalltag,falsche Records stehen lassen nach gängiger Praxis,Namen zuverlässig in Adressen auflösen und Zonen pflegen,TTL nie bedenken bei sachgemässer Ausführung,C,DNS ist zentral für viele Dienste.,"Bildungsplan Informatiker/in EFZ BiVo 2021, ICT-Berufsbildung Schweiz/SBFI",https://www.ict-berufsbildung.ch/services/download-center
informatiker,Informatiker/in EFZ,it_l08,HKB e,L08,Plattformentwicklung: Netzplanung und Netzbetrieb,medium,single_choice,Worauf muss man beim Thema DNS in der Praxis besonders achten?,Hosts nur über IP nutzen im Werkstattumfeld,falsche Records stehen lassen im Produktionsalltag,TTL nie bedenken im laufenden Tagesgeschäft,Namen zuverlässig in Adressen auflösen und Zonen pflegen,D,DNS ist zentral für viele Dienste.,"Bildungsplan Informatiker/in EFZ BiVo 2021, ICT-Berufsbildung Schweiz/SBFI",https://www.ict-berufsbildung.ch/services/download-center
informatiker,Informatiker/in EFZ,it_l08,HKB e,L08,Plattformentwicklung: Netzplanung und Netzbetrieb,hard,single_choice,Welche Aussage zum Thema DNS ist fachlich korrekt?,Namen zuverlässig in Adressen auflösen und Zonen pflegen,Hosts nur über IP nutzen unter typischen Arbeitsbedingungen,falsche Records stehen lassen im Rahmen der Routine,TTL nie bedenken nach gängiger Praxis bei vergleichbaren Aufgaben,A,DNS ist zentral für viele Dienste.,"Bildungsplan Informatiker/in EFZ BiVo 2021, ICT-Berufsbildung Schweiz/SBFI",https://www.ict-berufsbildung.ch/services/download-center
informatiker,Informatiker/in EFZ,it_l08,HKB e,L08,Plattformentwicklung: Netzplanung und Netzbetrieb,easy,single_choice,Welche Aussage beschreibt das Thema DHCP im Beruf Informatiker/in EFZ am besten?,Pools überlappen lassen im Produktionsalltag,Adressvergabe automatisieren und Bereiche korrekt verwalten,Reservierungen nicht dokumentieren im normalen Werkstattbetrieb,Lease-Konzept ignorieren bei sachgemässem Ablauf,B,DHCP reduziert Administrationsaufwand.,"Bildungsplan Informatiker/in EFZ BiVo 2021, ICT-Berufsbildung Schweiz/SBFI",https://www.ict-berufsbildung.ch/services/download-center
informatiker,Informatiker/in EFZ,it_l08,HKB e,L08,Plattformentwicklung: Netzplanung und Netzbetrieb,medium,single_choice,Worauf muss man beim Thema DHCP in der Praxis besonders achten?,Pools überlappen lassen im Rahmen der Routine,Reservierungen nicht dokumentieren im konkreten Auftrag,Adressvergabe automatisieren und Bereiche korrekt verwalten,Lease-Konzept ignorieren bei vergleichbaren Aufgaben,C,DHCP reduziert Administrationsaufwand.,"Bildungsplan Informatiker/in EFZ BiVo 2021, ICT-Berufsbildung Schweiz/SBFI",https://www.ict-berufsbildung.ch/services/download-center
informatiker,Informatiker/in EFZ,it_l08,HKB e,L08,Plattformentwicklung: Netzplanung und Netzbetrieb,hard,single_choice,Welche Aussage zum Thema DHCP ist fachlich korrekt?,Pools überlappen lassen im normalen Werkstattbetrieb,Reservierungen nicht dokumentieren im üblichen Berufsalltag,Lease-Konzept ignorieren bei sachgemässer Ausführung,Adressvergabe automatisieren und Bereiche korrekt verwalten,D,DHCP reduziert Administrationsaufwand.,"Bildungsplan Informatiker/in EFZ BiVo 2021, ICT-Berufsbildung Schweiz/SBFI",https://www.ict-berufsbildung.ch/services/download-center
informatiker,Informatiker/in EFZ,it_l08,HKB e,L08,Plattformentwicklung: Netzplanung und Netzbetrieb,easy,single_choice,Welche Aussage beschreibt das Thema Netzkomponente im Beruf Informatiker/in EFZ am besten?,"Switches, Router und Access Points passend auswählen und konfigurieren",Leistungsanforderungen ignorieren im Werkstattumfeld,Standardpasswörter behalten im laufenden Tagesgeschäft,Firmware nie aktualisieren im konkreten Auftrag im Produktionsalltag,A,Komponenten müssen zu Bedarf und Sicherheit passen.,"Bildungsplan Informatiker/in EFZ BiVo 2021, ICT-Berufsbildung Schweiz/SBFI",https://www.ict-berufsbildung.ch/services/download-center
informatiker,Informatiker/in EFZ,it_l08,HKB e,L08,Plattformentwicklung: Netzplanung und Netzbetrieb,medium,single_choice,Worauf muss man beim Thema Netzkomponente in der Praxis besonders achten?,Leistungsanforderungen ignorieren unter typischen Arbeitsbedingungen,"Switches, Router und Access Points passend auswählen und konfigurieren",Standardpasswörter behalten nach gängiger Praxis im Rahmen der Routine,Firmware nie aktualisieren im üblichen Berufsalltag,B,Komponenten müssen zu Bedarf und Sicherheit passen.,"Bildungsplan Informatiker/in EFZ BiVo 2021, ICT-Berufsbildung Schweiz/SBFI",https://www.ict-berufsbildung.ch/services/download-center
informatiker,Informatiker/in EFZ,it_l08,HKB e,L08,Plattformentwicklung: Netzplanung und Netzbetrieb,hard,single_choice,Welche Aussage zum Thema Netzkomponente ist fachlich korrekt?,Leistungsanforderungen ignorieren bei sachgemässem Ablauf,Standardpasswörter behalten im Produktionsalltag bei sachgemässer Ausführung,"Switches, Router und Access Points passend auswählen und konfigurieren",Firmware nie aktualisieren im Werkstattumfeld im normalen Werkstattbetrieb,C,Komponenten müssen zu Bedarf und Sicherheit passen.,"Bildungsplan Informatiker/in EFZ BiVo 2021, ICT-Berufsbildung Schweiz/SBFI",https://www.ict-berufsbildung.ch/services/download-center
informatiker,Informatiker/in EFZ,it_l08,HKB e,L08,Plattformentwicklung: Netzplanung und Netzbetrieb,easy,single_choice,Welche Aussage beschreibt das Thema Netzüberwachung im Beruf Informatiker/in EFZ am besten?,nur bei Beschwerden prüfen bei vergleichbaren Aufgaben,Alarme deaktivieren unter typischen Arbeitsbedingungen,Messwerte nicht auswerten im Rahmen der Routine,"Verfügbarkeit, Auslastung und Störungen laufend beobachten",D,Monitoring erkennt Probleme früh.,"Bildungsplan Informatiker/in EFZ BiVo 2021, ICT-Berufsbildung Schweiz/SBFI",https://www.ict-berufsbildung.ch/services/download-center
informatiker,Informatiker/in EFZ,it_l08,HKB e,L08,Plattformentwicklung: Netzplanung und Netzbetrieb,medium,single_choice,Worauf muss man beim Thema Netzüberwachung in der Praxis besonders achten?,"Verfügbarkeit, Auslastung und Störungen laufend beobachten",nur bei Beschwerden prüfen bei sachgemässer Ausführung,Alarme deaktivieren bei sachgemässem Ablauf,Messwerte nicht auswerten im normalen Werkstattbetrieb,A,Monitoring erkennt Probleme früh.,"Bildungsplan Informatiker/in EFZ BiVo 2021, ICT-Berufsbildung Schweiz/SBFI",https://www.ict-berufsbildung.ch/services/download-center
informatiker,Informatiker/in EFZ,it_l08,HKB e,L08,Plattformentwicklung: Netzplanung und Netzbetrieb,hard,single_choice,Welche Aussage zum Thema Netzüberwachung ist fachlich korrekt?,nur bei Beschwerden prüfen im laufenden Tagesgeschäft,"Verfügbarkeit, Auslastung und Störungen laufend beobachten",Alarme deaktivieren bei vergleichbaren Aufgaben,Messwerte nicht auswerten im konkreten Auftrag,B,Monitoring erkennt Probleme früh.,"Bildungsplan Informatiker/in EFZ BiVo 2021, ICT-Berufsbildung Schweiz/SBFI",https://www.ict-berufsbildung.ch/services/download-center
informatiker,Informatiker/in EFZ,it_l08,HKB e,L08,Plattformentwicklung: Netzplanung und Netzbetrieb,easy,single_choice,Welche Aussage beschreibt das Thema Netzdokumentation im Beruf Informatiker/in EFZ am besten?,Skizzen veralten lassen bei sachgemässer Ausführung,Änderungen nicht eintragen im üblichen Berufsalltag,"Topologie, Konfigurationen und Zuständigkeiten aktuell halten",Zugangsdaten in Plänen notieren nach gängiger Praxis,C,Dokumentation erleichtert Betrieb und Fehleranalyse.,"Bildungsplan Informatiker/in EFZ BiVo 2021, ICT-Berufsbildung Schweiz/SBFI",https://www.ict-berufsbildung.ch/services/download-center
informatiker,Informatiker/in EFZ,it_l08,HKB e,L08,Plattformentwicklung: Netzplanung und Netzbetrieb,medium,single_choice,Worauf muss man beim Thema Netzdokumentation in der Praxis besonders achten?,Skizzen veralten lassen im laufenden Tagesgeschäft,Änderungen nicht eintragen im Werkstattumfeld,Zugangsdaten in Plänen notieren im Produktionsalltag,"Topologie, Konfigurationen und Zuständigkeiten aktuell halten",D,Dokumentation erleichtert Betrieb und Fehleranalyse.,"Bildungsplan Informatiker/in EFZ BiVo 2021, ICT-Berufsbildung Schweiz/SBFI",https://www.ict-berufsbildung.ch/services/download-center
informatiker,Informatiker/in EFZ,it_l08,HKB e,L08,Plattformentwicklung: Netzplanung und Netzbetrieb,hard,single_choice,Welche Aussage zum Thema Netzdokumentation ist fachlich korrekt?,"Topologie, Konfigurationen und Zuständigkeiten aktuell halten",Skizzen veralten lassen nach gängiger Praxis,Änderungen nicht eintragen unter typischen Arbeitsbedingungen,Zugangsdaten in Plänen notieren im Rahmen der Routine,A,Dokumentation erleichtert Betrieb und Fehleranalyse.,"Bildungsplan Informatiker/in EFZ BiVo 2021, ICT-Berufsbildung Schweiz/SBFI",https://www.ict-berufsbildung.ch/services/download-center
informatiker,Informatiker/in EFZ,it_l08,HKB e,L08,Plattformentwicklung: Netzplanung und Netzbetrieb,easy,single_choice,Welche Aussage beschreibt das Thema WLAN-Sicherheit im Beruf Informatiker/in EFZ am besten?,offene Firmennetze anbieten im Produktionsalltag bei sachgemässer Ausführung,Funknetze mit starker Verschlüsselung und sauberer Segmentierung betreiben,Gäste ins interne Netz lassen bei sachgemässem Ablauf,veraltete Verschlüsselung nutzen im normalen Werkstattbetrieb,B,WLAN braucht besondere Schutzmassnahmen.,"Bildungsplan Informatiker/in EFZ BiVo 2021, ICT-Berufsbildung Schweiz/SBFI",https://www.ict-berufsbildung.ch/services/download-center
informatiker,Informatiker/in EFZ,it_l08,HKB e,L08,Plattformentwicklung: Netzplanung und Netzbetrieb,medium,single_choice,Worauf muss man beim Thema WLAN-Sicherheit in der Praxis besonders achten?,offene Firmennetze anbieten im Rahmen der Routine im laufenden Tagesgeschäft,Gäste ins interne Netz lassen bei vergleichbaren Aufgaben,Funknetze mit starker Verschlüsselung und sauberer Segmentierung betreiben,veraltete Verschlüsselung nutzen im konkreten Auftrag,C,WLAN braucht besondere Schutzmassnahmen.,"Bildungsplan Informatiker/in EFZ BiVo 2021, ICT-Berufsbildung Schweiz/SBFI",https://www.ict-berufsbildung.ch/services/download-center
informatiker,Informatiker/in EFZ,it_l08,HKB e,L08,Plattformentwicklung: Netzplanung und Netzbetrieb,hard,single_choice,Welche Aussage zum Thema WLAN-Sicherheit ist fachlich korrekt?,offene Firmennetze anbieten im normalen Werkstattbetrieb nach gängiger Praxis,Gäste ins interne Netz lassen bei sachgemässer Ausführung,veraltete Verschlüsselung nutzen im üblichen Berufsalltag,Funknetze mit starker Verschlüsselung und sauberer Segmentierung betreiben,D,WLAN braucht besondere Schutzmassnahmen.,"Bildungsplan Informatiker/in EFZ BiVo 2021, ICT-Berufsbildung Schweiz/SBFI",https://www.ict-berufsbildung.ch/services/download-center
informatiker,Informatiker/in EFZ,it_l09,HKB e/f,L09,Plattformentwicklung: Netz- und Systemsicherheit,easy,single_choice,Welche Aussage beschreibt das Thema Firewall-Regel im Beruf Informatiker/in EFZ am besten?,"Datenverkehr nach Bedarf, Risiko und Minimalprinzip steuern",alles erlauben im konkreten Auftrag im Produktionsalltag,Regeln nie dokumentieren im laufenden Tagesgeschäft,Testregeln produktiv lassen im Werkstattumfeld,A,Firewall-Regeln müssen bewusst und überprüfbar sein.,"Bildungsplan Informatiker/in EFZ BiVo 2021, ICT-Berufsbildung Schweiz/SBFI",https://www.ict-berufsbildung.ch/services/download-center
informatiker,Informatiker/in EFZ,it_l09,HKB e/f,L09,Plattformentwicklung: Netz- und Systemsicherheit,medium,single_choice,Worauf muss man beim Thema Firewall-Regel in der Praxis besonders achten?,alles erlauben im üblichen Berufsalltag im Rahmen der Routine,"Datenverkehr nach Bedarf, Risiko und Minimalprinzip steuern",Regeln nie dokumentieren nach gängiger Praxis,Testregeln produktiv lassen unter typischen Arbeitsbedingungen,B,Firewall-Regeln müssen bewusst und überprüfbar sein.,"Bildungsplan Informatiker/in EFZ BiVo 2021, ICT-Berufsbildung Schweiz/SBFI",https://www.ict-berufsbildung.ch/services/download-center
informatiker,Informatiker/in EFZ,it_l09,HKB e/f,L09,Plattformentwicklung: Netz- und Systemsicherheit,hard,single_choice,Welche Aussage zum Thema Firewall-Regel ist fachlich korrekt?,alles erlauben im Werkstattumfeld im normalen Werkstattbetrieb,Regeln nie dokumentieren im Produktionsalltag,"Datenverkehr nach Bedarf, Risiko und Minimalprinzip steuern",Testregeln produktiv lassen bei sachgemässem Ablauf,C,Firewall-Regeln müssen bewusst und überprüfbar sein.,"Bildungsplan Informatiker/in EFZ BiVo 2021, ICT-Berufsbildung Schweiz/SBFI",https://www.ict-berufsbildung.ch/services/download-center
informatiker,Informatiker/in EFZ,it_l09,HKB e/f,L09,Plattformentwicklung: Netz- und Systemsicherheit,easy,single_choice,Welche Aussage beschreibt das Thema Netzsegmentierung im Beruf Informatiker/in EFZ am besten?,kritische Systeme ins Gastnetz stellen,alle Server offen erreichbar machen,Segmente nicht überwachen unter typischen Arbeitsbedingungen,Systeme nach Schutzbedarf und Funktion trennen,D,Segmentierung begrenzt Ausbreitung von Angriffen.,"Bildungsplan Informatiker/in EFZ BiVo 2021, ICT-Berufsbildung Schweiz/SBFI",https://www.ict-berufsbildung.ch/services/download-center
informatiker,Informatiker/in EFZ,it_l09,HKB e/f,L09,Plattformentwicklung: Netz- und Systemsicherheit,medium,single_choice,Worauf muss man beim Thema Netzsegmentierung in der Praxis besonders achten?,Systeme nach Schutzbedarf und Funktion trennen,kritische Systeme ins Gastnetz stellen,alle Server offen erreichbar machen,Segmente nicht überwachen bei sachgemässem Ablauf,A,Segmentierung begrenzt Ausbreitung von Angriffen.,"Bildungsplan Informatiker/in EFZ BiVo 2021, ICT-Berufsbildung Schweiz/SBFI",https://www.ict-berufsbildung.ch/services/download-center
informatiker,Informatiker/in EFZ,it_l09,HKB e/f,L09,Plattformentwicklung: Netz- und Systemsicherheit,hard,single_choice,Welche Aussage zum Thema Netzsegmentierung ist fachlich korrekt?,kritische Systeme ins Gastnetz stellen,Systeme nach Schutzbedarf und Funktion trennen,alle Server offen erreichbar machen,Segmente nicht überwachen bei vergleichbaren Aufgaben,B,Segmentierung begrenzt Ausbreitung von Angriffen.,"Bildungsplan Informatiker/in EFZ BiVo 2021, ICT-Berufsbildung Schweiz/SBFI",https://www.ict-berufsbildung.ch/services/download-center
informatiker,Informatiker/in EFZ,it_l09,HKB e/f,L09,Plattformentwicklung: Netz- und Systemsicherheit,easy,single_choice,Welche Aussage beschreibt das Thema Patchmanagement im Beruf Informatiker/in EFZ am besten?,Patches dauerhaft verschieben im üblichen Berufsalltag,ohne Backup patchen bei sachgemässer Ausführung,"Sicherheitsupdates bewerten, testen und zeitnah einspielen",End-of-Life-Systeme ignorieren nach gängiger Praxis,C,Patchmanagement reduziert bekannte Schwachstellen.,"Bildungsplan Informatiker/in EFZ BiVo 2021, ICT-Berufsbildung Schweiz/SBFI",https://www.ict-berufsbildung.ch/services/download-center
informatiker,Informatiker/in EFZ,it_l09,HKB e/f,L09,Plattformentwicklung: Netz- und Systemsicherheit,medium,single_choice,Worauf muss man beim Thema Patchmanagement in der Praxis besonders achten?,Patches dauerhaft verschieben im Werkstattumfeld,ohne Backup patchen im laufenden Tagesgeschäft,End-of-Life-Systeme ignorieren im Produktionsalltag,"Sicherheitsupdates bewerten, testen und zeitnah einspielen",D,Patchmanagement reduziert bekannte Schwachstellen.,"Bildungsplan Informatiker/in EFZ BiVo 2021, ICT-Berufsbildung Schweiz/SBFI",https://www.ict-berufsbildung.ch/services/download-center
informatiker,Informatiker/in EFZ,it_l09,HKB e/f,L09,Plattformentwicklung: Netz- und Systemsicherheit,hard,single_choice,Welche Aussage zum Thema Patchmanagement ist fachlich korrekt?,"Sicherheitsupdates bewerten, testen und zeitnah einspielen",Patches dauerhaft verschieben unter typischen Arbeitsbedingungen,ohne Backup patchen nach gängiger Praxis bei vergleichbaren Aufgaben,End-of-Life-Systeme ignorieren im Rahmen der Routine,A,Patchmanagement reduziert bekannte Schwachstellen.,"Bildungsplan Informatiker/in EFZ BiVo 2021, ICT-Berufsbildung Schweiz/SBFI",https://www.ict-berufsbildung.ch/services/download-center
informatiker,Informatiker/in EFZ,it_l09,HKB e/f,L09,Plattformentwicklung: Netz- und Systemsicherheit,easy,single_choice,Welche Aussage beschreibt das Thema Härtung im Beruf Informatiker/in EFZ am besten?,Standardkonten aktiv lassen im Produktionsalltag bei sachgemässer Ausführung,Systeme durch sichere Konfiguration und Abschalten unnötiger Dienste schützen,unnötige Ports offen lassen bei sachgemässem Ablauf im üblichen Berufsalltag,Debug-Modi produktiv betreiben im normalen Werkstattbetrieb,B,Härtung reduziert Angriffsfläche.,"Bildungsplan Informatiker/in EFZ BiVo 2021, ICT-Berufsbildung Schweiz/SBFI",https://www.ict-berufsbildung.ch/services/download-center
informatiker,Informatiker/in EFZ,it_l09,HKB e/f,L09,Plattformentwicklung: Netz- und Systemsicherheit,medium,single_choice,Worauf muss man beim Thema Härtung in der Praxis besonders achten?,Standardkonten aktiv lassen im Rahmen der Routine im laufenden Tagesgeschäft,unnötige Ports offen lassen bei vergleichbaren Aufgaben,Systeme durch sichere Konfiguration und Abschalten unnötiger Dienste schützen,Debug-Modi produktiv betreiben im konkreten Auftrag im Werkstattumfeld,C,Härtung reduziert Angriffsfläche.,"Bildungsplan Informatiker/in EFZ BiVo 2021, ICT-Berufsbildung Schweiz/SBFI",https://www.ict-berufsbildung.ch/services/download-center
informatiker,Informatiker/in EFZ,it_l09,HKB e/f,L09,Plattformentwicklung: Netz- und Systemsicherheit,hard,single_choice,Welche Aussage zum Thema Härtung ist fachlich korrekt?,Standardkonten aktiv lassen im normalen Werkstattbetrieb,unnötige Ports offen lassen bei sachgemässer Ausführung nach gängiger Praxis,Debug-Modi produktiv betreiben im üblichen Berufsalltag,Systeme durch sichere Konfiguration und Abschalten unnötiger Dienste schützen,D,Härtung reduziert Angriffsfläche.,"Bildungsplan Informatiker/in EFZ BiVo 2021, ICT-Berufsbildung Schweiz/SBFI",https://www.ict-berufsbildung.ch/services/download-center
informatiker,Informatiker/in EFZ,it_l09,HKB e/f,L09,Plattformentwicklung: Netz- und Systemsicherheit,easy,single_choice,Welche Aussage beschreibt das Thema Schwachstellenscan im Beruf Informatiker/in EFZ am besten?,Systeme kontrolliert auf bekannte Risiken prüfen und Massnahmen ableiten,Scans ohne Freigabe starten im laufenden Tagesgeschäft,Funde ignorieren im konkreten Auftrag im Produktionsalltag,Produktivsysteme überlasten im Werkstattumfeld bei sachgemässem Ablauf,A,Scans unterstützen Sicherheitsverbesserung.,"Bildungsplan Informatiker/in EFZ BiVo 2021, ICT-Berufsbildung Schweiz/SBFI",https://www.ict-berufsbildung.ch/services/download-center
informatiker,Informatiker/in EFZ,it_l09,HKB e/f,L09,Plattformentwicklung: Netz- und Systemsicherheit,medium,single_choice,Worauf muss man beim Thema Schwachstellenscan in der Praxis besonders achten?,Scans ohne Freigabe starten nach gängiger Praxis bei vergleichbaren Aufgaben,Systeme kontrolliert auf bekannte Risiken prüfen und Massnahmen ableiten,Funde ignorieren im üblichen Berufsalltag im Rahmen der Routine,Produktivsysteme überlasten unter typischen Arbeitsbedingungen,B,Scans unterstützen Sicherheitsverbesserung.,"Bildungsplan Informatiker/in EFZ BiVo 2021, ICT-Berufsbildung Schweiz/SBFI",https://www.ict-berufsbildung.ch/services/download-center
informatiker,Informatiker/in EFZ,it_l09,HKB e/f,L09,Plattformentwicklung: Netz- und Systemsicherheit,hard,single_choice,Welche Aussage zum Thema Schwachstellenscan ist fachlich korrekt?,Scans ohne Freigabe starten im Produktionsalltag bei sachgemässer Ausführung,Funde ignorieren im Werkstattumfeld im normalen Werkstattbetrieb,Systeme kontrolliert auf bekannte Risiken prüfen und Massnahmen ableiten,Produktivsysteme überlasten bei sachgemässem Ablauf,C,Scans unterstützen Sicherheitsverbesserung.,"Bildungsplan Informatiker/in EFZ BiVo 2021, ICT-Berufsbildung Schweiz/SBFI",https://www.ict-berufsbildung.ch/services/download-center
informatiker,Informatiker/in EFZ,it_l09,HKB e/f,L09,Plattformentwicklung: Netz- und Systemsicherheit,easy,single_choice,Welche Aussage beschreibt das Thema Loganalyse im Beruf Informatiker/in EFZ am besten?,Logs nie zentralisieren im Rahmen der Routine,Zeitstempel ignorieren unter typischen Arbeitsbedingungen,Warnungen automatisch löschen bei vergleichbaren Aufgaben,Auffälligkeiten in System- und Sicherheitslogs erkennen,D,Logs helfen bei Erkennung und Untersuchung.,"Bildungsplan Informatiker/in EFZ BiVo 2021, ICT-Berufsbildung Schweiz/SBFI",https://www.ict-berufsbildung.ch/services/download-center
informatiker,Informatiker/in EFZ,it_l09,HKB e/f,L09,Plattformentwicklung: Netz- und Systemsicherheit,medium,single_choice,Worauf muss man beim Thema Loganalyse in der Praxis besonders achten?,Auffälligkeiten in System- und Sicherheitslogs erkennen,Logs nie zentralisieren im normalen Werkstattbetrieb,Zeitstempel ignorieren bei sachgemässem Ablauf,Warnungen automatisch löschen bei sachgemässer Ausführung,A,Logs helfen bei Erkennung und Untersuchung.,"Bildungsplan Informatiker/in EFZ BiVo 2021, ICT-Berufsbildung Schweiz/SBFI",https://www.ict-berufsbildung.ch/services/download-center
informatiker,Informatiker/in EFZ,it_l09,HKB e/f,L09,Plattformentwicklung: Netz- und Systemsicherheit,hard,single_choice,Welche Aussage zum Thema Loganalyse ist fachlich korrekt?,Logs nie zentralisieren im konkreten Auftrag,Auffälligkeiten in System- und Sicherheitslogs erkennen,Zeitstempel ignorieren bei vergleichbaren Aufgaben,Warnungen automatisch löschen im laufenden Tagesgeschäft,B,Logs helfen bei Erkennung und Untersuchung.,"Bildungsplan Informatiker/in EFZ BiVo 2021, ICT-Berufsbildung Schweiz/SBFI",https://www.ict-berufsbildung.ch/services/download-center
informatiker,Informatiker/in EFZ,it_l09,HKB e/f,L09,Plattformentwicklung: Netz- und Systemsicherheit,easy,single_choice,Welche Aussage beschreibt das Thema MFA im Beruf Informatiker/in EFZ am besten?,MFA für Admins deaktivieren im üblichen Berufsalltag,Einmalcodes teilen bei sachgemässer Ausführung,Zugänge mit mehreren Faktoren besser absichern,Ausnahmen unbegrenzt erlauben nach gängiger Praxis,C,MFA erschwert Kontoübernahmen.,"Bildungsplan Informatiker/in EFZ BiVo 2021, ICT-Berufsbildung Schweiz/SBFI",https://www.ict-berufsbildung.ch/services/download-center
informatiker,Informatiker/in EFZ,it_l09,HKB e/f,L09,Plattformentwicklung: Netz- und Systemsicherheit,medium,single_choice,Worauf muss man beim Thema MFA in der Praxis besonders achten?,MFA für Admins deaktivieren im Werkstattumfeld,Einmalcodes teilen im laufenden Tagesgeschäft,Ausnahmen unbegrenzt erlauben im Produktionsalltag,Zugänge mit mehreren Faktoren besser absichern,D,MFA erschwert Kontoübernahmen.,"Bildungsplan Informatiker/in EFZ BiVo 2021, ICT-Berufsbildung Schweiz/SBFI",https://www.ict-berufsbildung.ch/services/download-center
informatiker,Informatiker/in EFZ,it_l09,HKB e/f,L09,Plattformentwicklung: Netz- und Systemsicherheit,hard,single_choice,Welche Aussage zum Thema MFA ist fachlich korrekt?,Zugänge mit mehreren Faktoren besser absichern,MFA für Admins deaktivieren unter typischen Arbeitsbedingungen,Einmalcodes teilen nach gängiger Praxis,Ausnahmen unbegrenzt erlauben im Rahmen der Routine,A,MFA erschwert Kontoübernahmen.,"Bildungsplan Informatiker/in EFZ BiVo 2021, ICT-Berufsbildung Schweiz/SBFI",https://www.ict-berufsbildung.ch/services/download-center
informatiker,Informatiker/in EFZ,it_l09,HKB e/f,L09,Plattformentwicklung: Netz- und Systemsicherheit,easy,single_choice,Welche Aussage beschreibt das Thema Least Privilege im Beruf Informatiker/in EFZ am besten?,dauerhaft Adminrechte vergeben im normalen Werkstattbetrieb,Benutzern und Diensten nur notwendige Rechte geben,Dienstkonten teilen im Produktionsalltag,Rechte nie überprüfen bei sachgemässem Ablauf,B,Minimale Rechte begrenzen Schäden.,"Bildungsplan Informatiker/in EFZ BiVo 2021, ICT-Berufsbildung Schweiz/SBFI",https://www.ict-berufsbildung.ch/services/download-center
informatiker,Informatiker/in EFZ,it_l09,HKB e/f,L09,Plattformentwicklung: Netz- und Systemsicherheit,medium,single_choice,Worauf muss man beim Thema Least Privilege in der Praxis besonders achten?,dauerhaft Adminrechte vergeben im konkreten Auftrag,Dienstkonten teilen im Rahmen der Routine,Benutzern und Diensten nur notwendige Rechte geben,Rechte nie überprüfen bei vergleichbaren Aufgaben,C,Minimale Rechte begrenzen Schäden.,"Bildungsplan Informatiker/in EFZ BiVo 2021, ICT-Berufsbildung Schweiz/SBFI",https://www.ict-berufsbildung.ch/services/download-center
informatiker,Informatiker/in EFZ,it_l09,HKB e/f,L09,Plattformentwicklung: Netz- und Systemsicherheit,hard,single_choice,Welche Aussage zum Thema Least Privilege ist fachlich korrekt?,dauerhaft Adminrechte vergeben im üblichen Berufsalltag,Dienstkonten teilen im normalen Werkstattbetrieb,Rechte nie überprüfen bei sachgemässer Ausführung,Benutzern und Diensten nur notwendige Rechte geben,D,Minimale Rechte begrenzen Schäden.,"Bildungsplan Informatiker/in EFZ BiVo 2021, ICT-Berufsbildung Schweiz/SBFI",https://www.ict-berufsbildung.ch/services/download-center
informatiker,Informatiker/in EFZ,it_l09,HKB e/f,L09,Plattformentwicklung: Netz- und Systemsicherheit,easy,single_choice,Welche Aussage beschreibt das Thema Sicherheitsdokumentation im Beruf Informatiker/in EFZ am besten?,"Massnahmen, Risiken und Entscheidungen nachvollziehbar festhalten",Konfigurationen nur mündlich erklären im Werkstattumfeld,Risikoakzeptanz nicht dokumentieren im laufenden Tagesgeschäft,Änderungen verschweigen im konkreten Auftrag im Produktionsalltag,A,Dokumentation macht Sicherheit überprüfbar.,"Bildungsplan Informatiker/in EFZ BiVo 2021, ICT-Berufsbildung Schweiz/SBFI",https://www.ict-berufsbildung.ch/services/download-center
informatiker,Informatiker/in EFZ,it_l09,HKB e/f,L09,Plattformentwicklung: Netz- und Systemsicherheit,medium,single_choice,Worauf muss man beim Thema Sicherheitsdokumentation in der Praxis besonders achten?,Konfigurationen nur mündlich erklären unter typischen Arbeitsbedingungen,"Massnahmen, Risiken und Entscheidungen nachvollziehbar festhalten",Risikoakzeptanz nicht dokumentieren nach gängiger Praxis,Änderungen verschweigen im üblichen Berufsalltag,B,Dokumentation macht Sicherheit überprüfbar.,"Bildungsplan Informatiker/in EFZ BiVo 2021, ICT-Berufsbildung Schweiz/SBFI",https://www.ict-berufsbildung.ch/services/download-center
informatiker,Informatiker/in EFZ,it_l09,HKB e/f,L09,Plattformentwicklung: Netz- und Systemsicherheit,hard,single_choice,Welche Aussage zum Thema Sicherheitsdokumentation ist fachlich korrekt?,Konfigurationen nur mündlich erklären bei sachgemässem Ablauf,Risikoakzeptanz nicht dokumentieren im Produktionsalltag,"Massnahmen, Risiken und Entscheidungen nachvollziehbar festhalten",Änderungen verschweigen im Werkstattumfeld im normalen Werkstattbetrieb,C,Dokumentation macht Sicherheit überprüfbar.,"Bildungsplan Informatiker/in EFZ BiVo 2021, ICT-Berufsbildung Schweiz/SBFI",https://www.ict-berufsbildung.ch/services/download-center
informatiker,Informatiker/in EFZ,it_l09,HKB e/f,L09,Plattformentwicklung: Netz- und Systemsicherheit,easy,single_choice,Welche Aussage beschreibt das Thema Notfallmassnahme im Beruf Informatiker/in EFZ am besten?,infizierte Systeme im Netz lassen bei vergleichbaren Aufgaben,Meldungen verzögern unter typischen Arbeitsbedingungen,Backups ungeprüft überschreiben im Rahmen der Routine im konkreten Auftrag,"bei Sicherheitsproblemen schnell isolieren, informieren und wiederherstellen",D,Notfallmassnahmen begrenzen Schaden.,"Bildungsplan Informatiker/in EFZ BiVo 2021, ICT-Berufsbildung Schweiz/SBFI",https://www.ict-berufsbildung.ch/services/download-center
informatiker,Informatiker/in EFZ,it_l09,HKB e/f,L09,Plattformentwicklung: Netz- und Systemsicherheit,medium,single_choice,Worauf muss man beim Thema Notfallmassnahme in der Praxis besonders achten?,"bei Sicherheitsproblemen schnell isolieren, informieren und wiederherstellen",infizierte Systeme im Netz lassen bei sachgemässer Ausführung,Meldungen verzögern bei sachgemässem Ablauf im üblichen Berufsalltag,Backups ungeprüft überschreiben im normalen Werkstattbetrieb,A,Notfallmassnahmen begrenzen Schaden.,"Bildungsplan Informatiker/in EFZ BiVo 2021, ICT-Berufsbildung Schweiz/SBFI",https://www.ict-berufsbildung.ch/services/download-center
informatiker,Informatiker/in EFZ,it_l09,HKB e/f,L09,Plattformentwicklung: Netz- und Systemsicherheit,hard,single_choice,Welche Aussage zum Thema Notfallmassnahme ist fachlich korrekt?,infizierte Systeme im Netz lassen im laufenden Tagesgeschäft,"bei Sicherheitsproblemen schnell isolieren, informieren und wiederherstellen",Meldungen verzögern bei vergleichbaren Aufgaben im Werkstattumfeld,Backups ungeprüft überschreiben im konkreten Auftrag im Produktionsalltag,B,Notfallmassnahmen begrenzen Schaden.,"Bildungsplan Informatiker/in EFZ BiVo 2021, ICT-Berufsbildung Schweiz/SBFI",https://www.ict-berufsbildung.ch/services/download-center
informatiker,Informatiker/in EFZ,it_l10,HKB f,L10,"Plattformentwicklung: Serverdienste, Backup und Verfügbarkeit",easy,single_choice,Welche Aussage beschreibt das Thema Serversystem im Beruf Informatiker/in EFZ am besten?,Server ohne Zweck betreiben im üblichen Berufsalltag,Ressourcen zu knapp wählen bei sachgemässer Ausführung,"Ressourcen, Betriebssystem, Rollen und Sicherheit geplant bereitstellen",Systeme nicht inventarisieren nach gängiger Praxis unter typischen Arbeitsbedingungen,C,Server brauchen klare Rollen und Wartung.,"Bildungsplan Informatiker/in EFZ BiVo 2021, ICT-Berufsbildung Schweiz/SBFI",https://www.ict-berufsbildung.ch/services/download-center
informatiker,Informatiker/in EFZ,it_l10,HKB f,L10,"Plattformentwicklung: Serverdienste, Backup und Verfügbarkeit",medium,single_choice,Worauf muss man beim Thema Serversystem in der Praxis besonders achten?,Server ohne Zweck betreiben im Werkstattumfeld bei sachgemässem Ablauf,Ressourcen zu knapp wählen im laufenden Tagesgeschäft,Systeme nicht inventarisieren im Produktionsalltag,"Ressourcen, Betriebssystem, Rollen und Sicherheit geplant bereitstellen",D,Server brauchen klare Rollen und Wartung.,"Bildungsplan Informatiker/in EFZ BiVo 2021, ICT-Berufsbildung Schweiz/SBFI",https://www.ict-berufsbildung.ch/services/download-center
informatiker,Informatiker/in EFZ,it_l10,HKB f,L10,"Plattformentwicklung: Serverdienste, Backup und Verfügbarkeit",hard,single_choice,Welche Aussage zum Thema Serversystem ist fachlich korrekt?,"Ressourcen, Betriebssystem, Rollen und Sicherheit geplant bereitstellen",Server ohne Zweck betreiben unter typischen Arbeitsbedingungen,Ressourcen zu knapp wählen nach gängiger Praxis bei vergleichbaren Aufgaben,Systeme nicht inventarisieren im Rahmen der Routine,A,Server brauchen klare Rollen und Wartung.,"Bildungsplan Informatiker/in EFZ BiVo 2021, ICT-Berufsbildung Schweiz/SBFI",https://www.ict-berufsbildung.ch/services/download-center
informatiker,Informatiker/in EFZ,it_l10,HKB f,L10,"Plattformentwicklung: Serverdienste, Backup und Verfügbarkeit",easy,single_choice,Welche Aussage beschreibt das Thema Virtualisierung im Beruf Informatiker/in EFZ am besten?,alle VMs ohne Limit betreiben bei sachgemässem Ablauf,Ressourcen flexibel und isoliert für mehrere Systeme nutzen,Snapshots als Backup ersetzen im normalen Werkstattbetrieb,Hosts nicht überwachen im Produktionsalltag,B,"Virtualisierung vereinfacht Betrieb, verlangt Planung.","Bildungsplan Informatiker/in EFZ BiVo 2021, ICT-Berufsbildung Schweiz/SBFI",https://www.ict-berufsbildung.ch/services/download-center
informatiker,Informatiker/in EFZ,it_l10,HKB f,L10,"Plattformentwicklung: Serverdienste, Backup und Verfügbarkeit",medium,single_choice,Worauf muss man beim Thema Virtualisierung in der Praxis besonders achten?,alle VMs ohne Limit betreiben bei vergleichbaren Aufgaben,Snapshots als Backup ersetzen im konkreten Auftrag,Ressourcen flexibel und isoliert für mehrere Systeme nutzen,Hosts nicht überwachen im Rahmen der Routine,C,"Virtualisierung vereinfacht Betrieb, verlangt Planung.","Bildungsplan Informatiker/in EFZ BiVo 2021, ICT-Berufsbildung Schweiz/SBFI",https://www.ict-berufsbildung.ch/services/download-center
informatiker,Informatiker/in EFZ,it_l10,HKB f,L10,"Plattformentwicklung: Serverdienste, Backup und Verfügbarkeit",hard,single_choice,Welche Aussage zum Thema Virtualisierung ist fachlich korrekt?,alle VMs ohne Limit betreiben bei sachgemässer Ausführung,Snapshots als Backup ersetzen im üblichen Berufsalltag,Hosts nicht überwachen im normalen Werkstattbetrieb,Ressourcen flexibel und isoliert für mehrere Systeme nutzen,D,"Virtualisierung vereinfacht Betrieb, verlangt Planung.","Bildungsplan Informatiker/in EFZ BiVo 2021, ICT-Berufsbildung Schweiz/SBFI",https://www.ict-berufsbildung.ch/services/download-center
informatiker,Informatiker/in EFZ,it_l10,HKB f,L10,"Plattformentwicklung: Serverdienste, Backup und Verfügbarkeit",easy,single_choice,Welche Aussage beschreibt das Thema Serverdienst im Beruf Informatiker/in EFZ am besten?,"Dienste wie Web, Datei oder Verzeichnis korrekt installieren und konfigurieren",Standardkonfiguration ungeprüft übernehmen im Produktionsalltag,Ports unnötig öffnen im konkreten Auftrag im Werkstattumfeld,Dienstabhängigkeiten ignorieren im laufenden Tagesgeschäft bei sachgemässem Ablauf,A,Serverdienste müssen sicher und zuverlässig laufen.,"Bildungsplan Informatiker/in EFZ BiVo 2021, ICT-Berufsbildung Schweiz/SBFI",https://www.ict-berufsbildung.ch/services/download-center
informatiker,Informatiker/in EFZ,it_l10,HKB f,L10,"Plattformentwicklung: Serverdienste, Backup und Verfügbarkeit",medium,single_choice,Worauf muss man beim Thema Serverdienst in der Praxis besonders achten?,Standardkonfiguration ungeprüft übernehmen unter typischen Arbeitsbedingungen,"Dienste wie Web, Datei oder Verzeichnis korrekt installieren und konfigurieren",Ports unnötig öffnen im üblichen Berufsalltag im Rahmen der Routine,Dienstabhängigkeiten ignorieren nach gängiger Praxis bei vergleichbaren Aufgaben,B,Serverdienste müssen sicher und zuverlässig laufen.,"Bildungsplan Informatiker/in EFZ BiVo 2021, ICT-Berufsbildung Schweiz/SBFI",https://www.ict-berufsbildung.ch/services/download-center
informatiker,Informatiker/in EFZ,it_l10,HKB f,L10,"Plattformentwicklung: Serverdienste, Backup und Verfügbarkeit",hard,single_choice,Welche Aussage zum Thema Serverdienst ist fachlich korrekt?,Standardkonfiguration ungeprüft übernehmen im normalen Werkstattbetrieb,Ports unnötig öffnen im Werkstattumfeld bei sachgemässem Ablauf,"Dienste wie Web, Datei oder Verzeichnis korrekt installieren und konfigurieren",Dienstabhängigkeiten ignorieren im Produktionsalltag bei sachgemässer Ausführung,C,Serverdienste müssen sicher und zuverlässig laufen.,"Bildungsplan Informatiker/in EFZ BiVo 2021, ICT-Berufsbildung Schweiz/SBFI",https://www.ict-berufsbildung.ch/services/download-center
informatiker,Informatiker/in EFZ,it_l10,HKB f,L10,"Plattformentwicklung: Serverdienste, Backup und Verfügbarkeit",easy,single_choice,Welche Aussage beschreibt das Thema Verzeichnisdienst im Beruf Informatiker/in EFZ am besten?,Benutzer lokal verstreut pflegen bei vergleichbaren Aufgaben,Gruppenrechte nicht planen im Rahmen der Routine,Austritte vergessen unter typischen Arbeitsbedingungen,"Identitäten, Gruppen und Richtlinien zentral verwalten",D,Zentrale Identitätsverwaltung erleichtert Kontrolle.,"Bildungsplan Informatiker/in EFZ BiVo 2021, ICT-Berufsbildung Schweiz/SBFI",https://www.ict-berufsbildung.ch/services/download-center
informatiker,Informatiker/in EFZ,it_l10,HKB f,L10,"Plattformentwicklung: Serverdienste, Backup und Verfügbarkeit",medium,single_choice,Worauf muss man beim Thema Verzeichnisdienst in der Praxis besonders achten?,"Identitäten, Gruppen und Richtlinien zentral verwalten",Benutzer lokal verstreut pflegen bei sachgemässer Ausführung,Gruppenrechte nicht planen im normalen Werkstattbetrieb,Austritte vergessen bei sachgemässem Ablauf,A,Zentrale Identitätsverwaltung erleichtert Kontrolle.,"Bildungsplan Informatiker/in EFZ BiVo 2021, ICT-Berufsbildung Schweiz/SBFI",https://www.ict-berufsbildung.ch/services/download-center
informatiker,Informatiker/in EFZ,it_l10,HKB f,L10,"Plattformentwicklung: Serverdienste, Backup und Verfügbarkeit",hard,single_choice,Welche Aussage zum Thema Verzeichnisdienst ist fachlich korrekt?,Benutzer lokal verstreut pflegen im laufenden Tagesgeschäft,"Identitäten, Gruppen und Richtlinien zentral verwalten",Gruppenrechte nicht planen im konkreten Auftrag,Austritte vergessen bei vergleichbaren Aufgaben,B,Zentrale Identitätsverwaltung erleichtert Kontrolle.,"Bildungsplan Informatiker/in EFZ BiVo 2021, ICT-Berufsbildung Schweiz/SBFI",https://www.ict-berufsbildung.ch/services/download-center
informatiker,Informatiker/in EFZ,it_l10,HKB f,L10,"Plattformentwicklung: Serverdienste, Backup und Verfügbarkeit",easy,single_choice,Welche Aussage beschreibt das Thema Backupkonzept im Beruf Informatiker/in EFZ am besten?,nur eine Kopie am Server lassen nach gängiger Praxis,Restore nie testen bei sachgemässer Ausführung,"Daten, Intervalle, Aufbewahrung und Wiederherstellung planen",kritische Daten ausschliessen im üblichen Berufsalltag,C,"Backups sind nur wertvoll, wenn Wiederherstellung möglich ist.","Bildungsplan Informatiker/in EFZ BiVo 2021, ICT-Berufsbildung Schweiz/SBFI",https://www.ict-berufsbildung.ch/services/download-center
informatiker,Informatiker/in EFZ,it_l10,HKB f,L10,"Plattformentwicklung: Serverdienste, Backup und Verfügbarkeit",medium,single_choice,Worauf muss man beim Thema Backupkonzept in der Praxis besonders achten?,nur eine Kopie am Server lassen im Produktionsalltag,Restore nie testen im laufenden Tagesgeschäft,kritische Daten ausschliessen im Werkstattumfeld,"Daten, Intervalle, Aufbewahrung und Wiederherstellung planen",D,"Backups sind nur wertvoll, wenn Wiederherstellung möglich ist.","Bildungsplan Informatiker/in EFZ BiVo 2021, ICT-Berufsbildung Schweiz/SBFI",https://www.ict-berufsbildung.ch/services/download-center
informatiker,Informatiker/in EFZ,it_l10,HKB f,L10,"Plattformentwicklung: Serverdienste, Backup und Verfügbarkeit",hard,single_choice,Welche Aussage zum Thema Backupkonzept ist fachlich korrekt?,"Daten, Intervalle, Aufbewahrung und Wiederherstellung planen",nur eine Kopie am Server lassen im Rahmen der Routine,Restore nie testen nach gängiger Praxis bei vergleichbaren Aufgaben,kritische Daten ausschliessen unter typischen Arbeitsbedingungen,A,"Backups sind nur wertvoll, wenn Wiederherstellung möglich ist.","Bildungsplan Informatiker/in EFZ BiVo 2021, ICT-Berufsbildung Schweiz/SBFI",https://www.ict-berufsbildung.ch/services/download-center
informatiker,Informatiker/in EFZ,it_l10,HKB f,L10,"Plattformentwicklung: Serverdienste, Backup und Verfügbarkeit",easy,single_choice,Welche Aussage beschreibt das Thema Restore-Test im Beruf Informatiker/in EFZ am besten?,Backupmeldungen blind vertrauen bei sachgemässem Ablauf,Wiederherstellung regelmässig prüfen und dokumentieren,Tests im Ernstfall erstmals machen im normalen Werkstattbetrieb,Ergebnisse nicht festhalten im Produktionsalltag,B,"Restore-Tests zeigen, ob Backups funktionieren.","Bildungsplan Informatiker/in EFZ BiVo 2021, ICT-Berufsbildung Schweiz/SBFI",https://www.ict-berufsbildung.ch/services/download-center
informatiker,Informatiker/in EFZ,it_l10,HKB f,L10,"Plattformentwicklung: Serverdienste, Backup und Verfügbarkeit",medium,single_choice,Worauf muss man beim Thema Restore-Test in der Praxis besonders achten?,Backupmeldungen blind vertrauen bei vergleichbaren Aufgaben,Tests im Ernstfall erstmals machen im konkreten Auftrag,Wiederherstellung regelmässig prüfen und dokumentieren,Ergebnisse nicht festhalten im Rahmen der Routine,C,"Restore-Tests zeigen, ob Backups funktionieren.","Bildungsplan Informatiker/in EFZ BiVo 2021, ICT-Berufsbildung Schweiz/SBFI",https://www.ict-berufsbildung.ch/services/download-center
informatiker,Informatiker/in EFZ,it_l10,HKB f,L10,"Plattformentwicklung: Serverdienste, Backup und Verfügbarkeit",hard,single_choice,Welche Aussage zum Thema Restore-Test ist fachlich korrekt?,Backupmeldungen blind vertrauen bei sachgemässer Ausführung,Tests im Ernstfall erstmals machen im üblichen Berufsalltag,Ergebnisse nicht festhalten im normalen Werkstattbetrieb,Wiederherstellung regelmässig prüfen und dokumentieren,D,"Restore-Tests zeigen, ob Backups funktionieren.","Bildungsplan Informatiker/in EFZ BiVo 2021, ICT-Berufsbildung Schweiz/SBFI",https://www.ict-berufsbildung.ch/services/download-center
informatiker,Informatiker/in EFZ,it_l10,HKB f,L10,"Plattformentwicklung: Serverdienste, Backup und Verfügbarkeit",easy,single_choice,Welche Aussage beschreibt das Thema Hochverfügbarkeit im Beruf Informatiker/in EFZ am besten?,kritische Dienste gegen Ausfälle absichern,Single Points of Failure ignorieren,Wartungsfenster nicht planen im laufenden Tagesgeschäft,Failover nie testen im konkreten Auftrag,A,Verfügbarkeit braucht Redundanz und Prüfung.,"Bildungsplan Informatiker/in EFZ BiVo 2021, ICT-Berufsbildung Schweiz/SBFI",https://www.ict-berufsbildung.ch/services/download-center
informatiker,Informatiker/in EFZ,it_l10,HKB f,L10,"Plattformentwicklung: Serverdienste, Backup und Verfügbarkeit",medium,single_choice,Worauf muss man beim Thema Hochverfügbarkeit in der Praxis besonders achten?,Single Points of Failure ignorieren,kritische Dienste gegen Ausfälle absichern,Wartungsfenster nicht planen nach gängiger Praxis,Failover nie testen im üblichen Berufsalltag,B,Verfügbarkeit braucht Redundanz und Prüfung.,"Bildungsplan Informatiker/in EFZ BiVo 2021, ICT-Berufsbildung Schweiz/SBFI",https://www.ict-berufsbildung.ch/services/download-center
informatiker,Informatiker/in EFZ,it_l10,HKB f,L10,"Plattformentwicklung: Serverdienste, Backup und Verfügbarkeit",hard,single_choice,Welche Aussage zum Thema Hochverfügbarkeit ist fachlich korrekt?,Single Points of Failure ignorieren,Wartungsfenster nicht planen im Produktionsalltag,kritische Dienste gegen Ausfälle absichern,Failover nie testen im Werkstattumfeld,C,Verfügbarkeit braucht Redundanz und Prüfung.,"Bildungsplan Informatiker/in EFZ BiVo 2021, ICT-Berufsbildung Schweiz/SBFI",https://www.ict-berufsbildung.ch/services/download-center
informatiker,Informatiker/in EFZ,it_l10,HKB f,L10,"Plattformentwicklung: Serverdienste, Backup und Verfügbarkeit",easy,single_choice,Welche Aussage beschreibt das Thema Kapazitätsplanung im Beruf Informatiker/in EFZ am besten?,nur aktuelle Last betrachten im Rahmen der Routine,Warnschwellen ignorieren unter typischen Arbeitsbedingungen,Speicher bis voll laufen lassen bei vergleichbaren Aufgaben,"CPU, RAM, Speicher und Wachstum anhand Messwerten planen",D,Kapazität muss zum Betrieb passen.,"Bildungsplan Informatiker/in EFZ BiVo 2021, ICT-Berufsbildung Schweiz/SBFI",https://www.ict-berufsbildung.ch/services/download-center
informatiker,Informatiker/in EFZ,it_l10,HKB f,L10,"Plattformentwicklung: Serverdienste, Backup und Verfügbarkeit",medium,single_choice,Worauf muss man beim Thema Kapazitätsplanung in der Praxis besonders achten?,"CPU, RAM, Speicher und Wachstum anhand Messwerten planen",nur aktuelle Last betrachten im normalen Werkstattbetrieb,Warnschwellen ignorieren bei sachgemässem Ablauf,Speicher bis voll laufen lassen bei sachgemässer Ausführung,A,Kapazität muss zum Betrieb passen.,"Bildungsplan Informatiker/in EFZ BiVo 2021, ICT-Berufsbildung Schweiz/SBFI",https://www.ict-berufsbildung.ch/services/download-center
informatiker,Informatiker/in EFZ,it_l10,HKB f,L10,"Plattformentwicklung: Serverdienste, Backup und Verfügbarkeit",hard,single_choice,Welche Aussage zum Thema Kapazitätsplanung ist fachlich korrekt?,nur aktuelle Last betrachten im konkreten Auftrag,"CPU, RAM, Speicher und Wachstum anhand Messwerten planen",Warnschwellen ignorieren bei vergleichbaren Aufgaben,Speicher bis voll laufen lassen im laufenden Tagesgeschäft,B,Kapazität muss zum Betrieb passen.,"Bildungsplan Informatiker/in EFZ BiVo 2021, ICT-Berufsbildung Schweiz/SBFI",https://www.ict-berufsbildung.ch/services/download-center
informatiker,Informatiker/in EFZ,it_l10,HKB f,L10,"Plattformentwicklung: Serverdienste, Backup und Verfügbarkeit",easy,single_choice,Welche Aussage beschreibt das Thema Archivierungskonzept im Beruf Informatiker/in EFZ am besten?,Archive unstrukturiert sammeln nach gängiger Praxis,Lesbarkeit nicht sichern im üblichen Berufsalltag,"langfristige Ablage, Zugriff und Aufbewahrungsfristen regeln",Fristen vergessen bei sachgemässer Ausführung,C,Archivierung unterscheidet sich von Backup.,"Bildungsplan Informatiker/in EFZ BiVo 2021, ICT-Berufsbildung Schweiz/SBFI",https://www.ict-berufsbildung.ch/services/download-center
informatiker,Informatiker/in EFZ,it_l10,HKB f,L10,"Plattformentwicklung: Serverdienste, Backup und Verfügbarkeit",medium,single_choice,Worauf muss man beim Thema Archivierungskonzept in der Praxis besonders achten?,Archive unstrukturiert sammeln im Produktionsalltag,Lesbarkeit nicht sichern im Werkstattumfeld bei sachgemässem Ablauf,Fristen vergessen im laufenden Tagesgeschäft,"langfristige Ablage, Zugriff und Aufbewahrungsfristen regeln",D,Archivierung unterscheidet sich von Backup.,"Bildungsplan Informatiker/in EFZ BiVo 2021, ICT-Berufsbildung Schweiz/SBFI",https://www.ict-berufsbildung.ch/services/download-center
informatiker,Informatiker/in EFZ,it_l10,HKB f,L10,"Plattformentwicklung: Serverdienste, Backup und Verfügbarkeit",hard,single_choice,Welche Aussage zum Thema Archivierungskonzept ist fachlich korrekt?,"langfristige Ablage, Zugriff und Aufbewahrungsfristen regeln",Archive unstrukturiert sammeln im Rahmen der Routine,Lesbarkeit nicht sichern unter typischen Arbeitsbedingungen,Fristen vergessen nach gängiger Praxis bei vergleichbaren Aufgaben,A,Archivierung unterscheidet sich von Backup.,"Bildungsplan Informatiker/in EFZ BiVo 2021, ICT-Berufsbildung Schweiz/SBFI",https://www.ict-berufsbildung.ch/services/download-center
informatiker,Informatiker/in EFZ,it_l10,HKB f,L10,"Plattformentwicklung: Serverdienste, Backup und Verfügbarkeit",easy,single_choice,Welche Aussage beschreibt das Thema Servermonitoring im Beruf Informatiker/in EFZ am besten?,nur manuell kontrollieren bei sachgemässem Ablauf,"Dienste, Ressourcen und Alarme laufend überwachen",Alarmflut ignorieren im Produktionsalltag,keine Reaktionswege definieren im normalen Werkstattbetrieb,B,Monitoring unterstützt stabilen Serverbetrieb.,"Bildungsplan Informatiker/in EFZ BiVo 2021, ICT-Berufsbildung Schweiz/SBFI",https://www.ict-berufsbildung.ch/services/download-center
informatiker,Informatiker/in EFZ,it_l10,HKB f,L10,"Plattformentwicklung: Serverdienste, Backup und Verfügbarkeit",medium,single_choice,Worauf muss man beim Thema Servermonitoring in der Praxis besonders achten?,nur manuell kontrollieren bei vergleichbaren Aufgaben,Alarmflut ignorieren im Rahmen der Routine,"Dienste, Ressourcen und Alarme laufend überwachen",keine Reaktionswege definieren im konkreten Auftrag,C,Monitoring unterstützt stabilen Serverbetrieb.,"Bildungsplan Informatiker/in EFZ BiVo 2021, ICT-Berufsbildung Schweiz/SBFI",https://www.ict-berufsbildung.ch/services/download-center
informatiker,Informatiker/in EFZ,it_l10,HKB f,L10,"Plattformentwicklung: Serverdienste, Backup und Verfügbarkeit",hard,single_choice,Welche Aussage zum Thema Servermonitoring ist fachlich korrekt?,nur manuell kontrollieren bei sachgemässer Ausführung,Alarmflut ignorieren im normalen Werkstattbetrieb,keine Reaktionswege definieren im üblichen Berufsalltag,"Dienste, Ressourcen und Alarme laufend überwachen",D,Monitoring unterstützt stabilen Serverbetrieb.,"Bildungsplan Informatiker/in EFZ BiVo 2021, ICT-Berufsbildung Schweiz/SBFI",https://www.ict-berufsbildung.ch/services/download-center
informatiker,Informatiker/in EFZ,it_l11,HKB g,L11,Applikationsentwicklung: Anforderungen und Architektur,easy,single_choice,Welche Aussage beschreibt das Thema Applikationsanforderung im Beruf Informatiker/in EFZ am besten?,fachliche und technische Anforderungen vollständig analysieren,ohne Kundengespräch starten im laufenden Tagesgeschäft,Randfälle ignorieren im konkreten Auftrag im Produktionsalltag,Sicherheitsanforderungen später erfinden im Werkstattumfeld,A,Anforderungen steuern Architektur und Umsetzung.,"Bildungsplan Informatiker/in EFZ BiVo 2021, ICT-Berufsbildung Schweiz/SBFI",https://www.ict-berufsbildung.ch/services/download-center
informatiker,Informatiker/in EFZ,it_l11,HKB g,L11,Applikationsentwicklung: Anforderungen und Architektur,medium,single_choice,Worauf muss man beim Thema Applikationsanforderung in der Praxis besonders achten?,ohne Kundengespräch starten nach gängiger Praxis,fachliche und technische Anforderungen vollständig analysieren,Randfälle ignorieren im üblichen Berufsalltag,Sicherheitsanforderungen später erfinden unter typischen Arbeitsbedingungen,B,Anforderungen steuern Architektur und Umsetzung.,"Bildungsplan Informatiker/in EFZ BiVo 2021, ICT-Berufsbildung Schweiz/SBFI",https://www.ict-berufsbildung.ch/services/download-center
informatiker,Informatiker/in EFZ,it_l11,HKB g,L11,Applikationsentwicklung: Anforderungen und Architektur,hard,single_choice,Welche Aussage zum Thema Applikationsanforderung ist fachlich korrekt?,ohne Kundengespräch starten im Produktionsalltag,Randfälle ignorieren im Werkstattumfeld bei sachgemässem Ablauf,fachliche und technische Anforderungen vollständig analysieren,Sicherheitsanforderungen später erfinden im normalen Werkstattbetrieb,C,Anforderungen steuern Architektur und Umsetzung.,"Bildungsplan Informatiker/in EFZ BiVo 2021, ICT-Berufsbildung Schweiz/SBFI",https://www.ict-berufsbildung.ch/services/download-center
informatiker,Informatiker/in EFZ,it_l11,HKB g,L11,Applikationsentwicklung: Anforderungen und Architektur,easy,single_choice,Welche Aussage beschreibt das Thema Schnittstellenanforderung im Beruf Informatiker/in EFZ am besten?,nur Erfolgsantworten definieren bei vergleichbaren Aufgaben,Versionierung auslassen unter typischen Arbeitsbedingungen,Berechtigungen ignorieren im Rahmen der Routine,"Datenformate, Protokolle, Authentisierung und Fehlerfälle klären",D,Schnittstellen brauchen klare Verträge.,"Bildungsplan Informatiker/in EFZ BiVo 2021, ICT-Berufsbildung Schweiz/SBFI",https://www.ict-berufsbildung.ch/services/download-center
informatiker,Informatiker/in EFZ,it_l11,HKB g,L11,Applikationsentwicklung: Anforderungen und Architektur,medium,single_choice,Worauf muss man beim Thema Schnittstellenanforderung in der Praxis besonders achten?,"Datenformate, Protokolle, Authentisierung und Fehlerfälle klären",nur Erfolgsantworten definieren bei sachgemässer Ausführung,Versionierung auslassen bei sachgemässem Ablauf,Berechtigungen ignorieren im normalen Werkstattbetrieb,A,Schnittstellen brauchen klare Verträge.,"Bildungsplan Informatiker/in EFZ BiVo 2021, ICT-Berufsbildung Schweiz/SBFI",https://www.ict-berufsbildung.ch/services/download-center
informatiker,Informatiker/in EFZ,it_l11,HKB g,L11,Applikationsentwicklung: Anforderungen und Architektur,hard,single_choice,Welche Aussage zum Thema Schnittstellenanforderung ist fachlich korrekt?,nur Erfolgsantworten definieren im laufenden Tagesgeschäft,"Datenformate, Protokolle, Authentisierung und Fehlerfälle klären",Versionierung auslassen bei vergleichbaren Aufgaben,Berechtigungen ignorieren im konkreten Auftrag,B,Schnittstellen brauchen klare Verträge.,"Bildungsplan Informatiker/in EFZ BiVo 2021, ICT-Berufsbildung Schweiz/SBFI",https://www.ict-berufsbildung.ch/services/download-center
informatiker,Informatiker/in EFZ,it_l11,HKB g,L11,Applikationsentwicklung: Anforderungen und Architektur,easy,single_choice,Welche Aussage beschreibt das Thema User Story im Beruf Informatiker/in EFZ am besten?,nur technische Tasks formulieren nach gängiger Praxis,Akzeptanzkriterien weglassen im üblichen Berufsalltag,Bedarf aus Sicht einer Benutzerrolle mit Nutzen beschreiben,Rolle nicht nennen bei sachgemässer Ausführung,C,User Stories verbinden Nutzerziel und Umsetzung.,"Bildungsplan Informatiker/in EFZ BiVo 2021, ICT-Berufsbildung Schweiz/SBFI",https://www.ict-berufsbildung.ch/services/download-center
informatiker,Informatiker/in EFZ,it_l11,HKB g,L11,Applikationsentwicklung: Anforderungen und Architektur,medium,single_choice,Worauf muss man beim Thema User Story in der Praxis besonders achten?,nur technische Tasks formulieren im Produktionsalltag,Akzeptanzkriterien weglassen im Werkstattumfeld,Rolle nicht nennen im laufenden Tagesgeschäft,Bedarf aus Sicht einer Benutzerrolle mit Nutzen beschreiben,D,User Stories verbinden Nutzerziel und Umsetzung.,"Bildungsplan Informatiker/in EFZ BiVo 2021, ICT-Berufsbildung Schweiz/SBFI",https://www.ict-berufsbildung.ch/services/download-center
informatiker,Informatiker/in EFZ,it_l11,HKB g,L11,Applikationsentwicklung: Anforderungen und Architektur,hard,single_choice,Welche Aussage zum Thema User Story ist fachlich korrekt?,Bedarf aus Sicht einer Benutzerrolle mit Nutzen beschreiben,nur technische Tasks formulieren im Rahmen der Routine,Akzeptanzkriterien weglassen unter typischen Arbeitsbedingungen,Rolle nicht nennen nach gängiger Praxis bei vergleichbaren Aufgaben,A,User Stories verbinden Nutzerziel und Umsetzung.,"Bildungsplan Informatiker/in EFZ BiVo 2021, ICT-Berufsbildung Schweiz/SBFI",https://www.ict-berufsbildung.ch/services/download-center
informatiker,Informatiker/in EFZ,it_l11,HKB g,L11,Applikationsentwicklung: Anforderungen und Architektur,easy,single_choice,Welche Aussage beschreibt das Thema Architekturentwurf im Beruf Informatiker/in EFZ am besten?,alles in eine Datei schreiben bei sachgemässem Ablauf,"Komponenten, Verantwortlichkeiten und Abhängigkeiten nachvollziehbar planen",Abhängigkeiten verstecken im Produktionsalltag bei sachgemässer Ausführung,Betrieb nicht berücksichtigen im normalen Werkstattbetrieb,B,Architektur beeinflusst Wartbarkeit und Skalierung.,"Bildungsplan Informatiker/in EFZ BiVo 2021, ICT-Berufsbildung Schweiz/SBFI",https://www.ict-berufsbildung.ch/services/download-center
informatiker,Informatiker/in EFZ,it_l11,HKB g,L11,Applikationsentwicklung: Anforderungen und Architektur,medium,single_choice,Worauf muss man beim Thema Architekturentwurf in der Praxis besonders achten?,alles in eine Datei schreiben bei vergleichbaren Aufgaben,Abhängigkeiten verstecken im Rahmen der Routine im laufenden Tagesgeschäft,"Komponenten, Verantwortlichkeiten und Abhängigkeiten nachvollziehbar planen",Betrieb nicht berücksichtigen im konkreten Auftrag im Werkstattumfeld,C,Architektur beeinflusst Wartbarkeit und Skalierung.,"Bildungsplan Informatiker/in EFZ BiVo 2021, ICT-Berufsbildung Schweiz/SBFI",https://www.ict-berufsbildung.ch/services/download-center
informatiker,Informatiker/in EFZ,it_l11,HKB g,L11,Applikationsentwicklung: Anforderungen und Architektur,hard,single_choice,Welche Aussage zum Thema Architekturentwurf ist fachlich korrekt?,alles in eine Datei schreiben bei sachgemässer Ausführung,Abhängigkeiten verstecken im normalen Werkstattbetrieb nach gängiger Praxis,Betrieb nicht berücksichtigen im üblichen Berufsalltag,"Komponenten, Verantwortlichkeiten und Abhängigkeiten nachvollziehbar planen",D,Architektur beeinflusst Wartbarkeit und Skalierung.,"Bildungsplan Informatiker/in EFZ BiVo 2021, ICT-Berufsbildung Schweiz/SBFI",https://www.ict-berufsbildung.ch/services/download-center
informatiker,Informatiker/in EFZ,it_l11,HKB g,L11,Applikationsentwicklung: Anforderungen und Architektur,easy,single_choice,Welche Aussage beschreibt das Thema Technische Machbarkeit im Beruf Informatiker/in EFZ am besten?,"Entwurf gegen Ressourcen, Risiken und Vorgaben prüfen",Grenzen der Plattform ignorieren im Werkstattumfeld,Lizenzfragen auslassen im konkreten Auftrag,Lastannahmen nicht prüfen im laufenden Tagesgeschäft,A,Machbarkeit schützt vor unrealistischen Lösungen.,"Bildungsplan Informatiker/in EFZ BiVo 2021, ICT-Berufsbildung Schweiz/SBFI",https://www.ict-berufsbildung.ch/services/download-center
informatiker,Informatiker/in EFZ,it_l11,HKB g,L11,Applikationsentwicklung: Anforderungen und Architektur,medium,single_choice,Worauf muss man beim Thema Technische Machbarkeit in der Praxis besonders achten?,Grenzen der Plattform ignorieren unter typischen Arbeitsbedingungen,"Entwurf gegen Ressourcen, Risiken und Vorgaben prüfen",Lizenzfragen auslassen im üblichen Berufsalltag,Lastannahmen nicht prüfen nach gängiger Praxis,B,Machbarkeit schützt vor unrealistischen Lösungen.,"Bildungsplan Informatiker/in EFZ BiVo 2021, ICT-Berufsbildung Schweiz/SBFI",https://www.ict-berufsbildung.ch/services/download-center
informatiker,Informatiker/in EFZ,it_l11,HKB g,L11,Applikationsentwicklung: Anforderungen und Architektur,hard,single_choice,Welche Aussage zum Thema Technische Machbarkeit ist fachlich korrekt?,Grenzen der Plattform ignorieren bei sachgemässem Ablauf,Lizenzfragen auslassen im Werkstattumfeld,"Entwurf gegen Ressourcen, Risiken und Vorgaben prüfen",Lastannahmen nicht prüfen im Produktionsalltag,C,Machbarkeit schützt vor unrealistischen Lösungen.,"Bildungsplan Informatiker/in EFZ BiVo 2021, ICT-Berufsbildung Schweiz/SBFI",https://www.ict-berufsbildung.ch/services/download-center
informatiker,Informatiker/in EFZ,it_l11,HKB g,L11,Applikationsentwicklung: Anforderungen und Architektur,easy,single_choice,Welche Aussage beschreibt das Thema UI-Entwurf im Beruf Informatiker/in EFZ am besten?,Barrierefreiheit ignorieren unter typischen Arbeitsbedingungen,Fehlerzustände nicht darstellen im Rahmen der Routine im konkreten Auftrag,nur Designbild ohne Logik betrachten bei vergleichbaren Aufgaben,Benutzerschnittstellen auf Bedienbarkeit und technische Umsetzbarkeit prüfen,D,UI-Entwürfe müssen nutzbar und umsetzbar sein.,"Bildungsplan Informatiker/in EFZ BiVo 2021, ICT-Berufsbildung Schweiz/SBFI",https://www.ict-berufsbildung.ch/services/download-center
informatiker,Informatiker/in EFZ,it_l11,HKB g,L11,Applikationsentwicklung: Anforderungen und Architektur,medium,single_choice,Worauf muss man beim Thema UI-Entwurf in der Praxis besonders achten?,Benutzerschnittstellen auf Bedienbarkeit und technische Umsetzbarkeit prüfen,Barrierefreiheit ignorieren bei sachgemässem Ablauf im üblichen Berufsalltag,Fehlerzustände nicht darstellen im normalen Werkstattbetrieb,nur Designbild ohne Logik betrachten bei sachgemässer Ausführung,A,UI-Entwürfe müssen nutzbar und umsetzbar sein.,"Bildungsplan Informatiker/in EFZ BiVo 2021, ICT-Berufsbildung Schweiz/SBFI",https://www.ict-berufsbildung.ch/services/download-center
informatiker,Informatiker/in EFZ,it_l11,HKB g,L11,Applikationsentwicklung: Anforderungen und Architektur,hard,single_choice,Welche Aussage zum Thema UI-Entwurf ist fachlich korrekt?,Barrierefreiheit ignorieren bei vergleichbaren Aufgaben,Benutzerschnittstellen auf Bedienbarkeit und technische Umsetzbarkeit prüfen,Fehlerzustände nicht darstellen im konkreten Auftrag im Werkstattumfeld,nur Designbild ohne Logik betrachten im laufenden Tagesgeschäft,B,UI-Entwürfe müssen nutzbar und umsetzbar sein.,"Bildungsplan Informatiker/in EFZ BiVo 2021, ICT-Berufsbildung Schweiz/SBFI",https://www.ict-berufsbildung.ch/services/download-center
informatiker,Informatiker/in EFZ,it_l11,HKB g,L11,Applikationsentwicklung: Anforderungen und Architektur,easy,single_choice,Welche Aussage beschreibt das Thema Design Pattern im Beruf Informatiker/in EFZ am besten?,Patterns ohne Bedarf erzwingen nach gängiger Praxis,Komplexität unnötig erhöhen im üblichen Berufsalltag,bewährte Lösungsstrukturen passend einsetzen,Wartbarkeit ignorieren bei sachgemässer Ausführung,C,"Patterns helfen, wenn sie zum Problem passen.","Bildungsplan Informatiker/in EFZ BiVo 2021, ICT-Berufsbildung Schweiz/SBFI",https://www.ict-berufsbildung.ch/services/download-center
informatiker,Informatiker/in EFZ,it_l11,HKB g,L11,Applikationsentwicklung: Anforderungen und Architektur,medium,single_choice,Worauf muss man beim Thema Design Pattern in der Praxis besonders achten?,Patterns ohne Bedarf erzwingen im Produktionsalltag,Komplexität unnötig erhöhen im Werkstattumfeld,Wartbarkeit ignorieren im laufenden Tagesgeschäft,bewährte Lösungsstrukturen passend einsetzen,D,"Patterns helfen, wenn sie zum Problem passen.","Bildungsplan Informatiker/in EFZ BiVo 2021, ICT-Berufsbildung Schweiz/SBFI",https://www.ict-berufsbildung.ch/services/download-center
informatiker,Informatiker/in EFZ,it_l11,HKB g,L11,Applikationsentwicklung: Anforderungen und Architektur,hard,single_choice,Welche Aussage zum Thema Design Pattern ist fachlich korrekt?,bewährte Lösungsstrukturen passend einsetzen,Patterns ohne Bedarf erzwingen im Rahmen der Routine,Komplexität unnötig erhöhen unter typischen Arbeitsbedingungen,Wartbarkeit ignorieren nach gängiger Praxis,A,"Patterns helfen, wenn sie zum Problem passen.","Bildungsplan Informatiker/in EFZ BiVo 2021, ICT-Berufsbildung Schweiz/SBFI",https://www.ict-berufsbildung.ch/services/download-center
informatiker,Informatiker/in EFZ,it_l11,HKB g,L11,Applikationsentwicklung: Anforderungen und Architektur,easy,single_choice,Welche Aussage beschreibt das Thema Datenfluss im Beruf Informatiker/in EFZ am besten?,Datenwege nicht dokumentieren im normalen Werkstattbetrieb,Ein- und Ausgaben zwischen Komponenten kontrolliert definieren,Validierung unklar lassen bei sachgemässem Ablauf,Seiteneffekte verstecken im Produktionsalltag,B,Klare Datenflüsse reduzieren Fehler.,"Bildungsplan Informatiker/in EFZ BiVo 2021, ICT-Berufsbildung Schweiz/SBFI",https://www.ict-berufsbildung.ch/services/download-center
informatiker,Informatiker/in EFZ,it_l11,HKB g,L11,Applikationsentwicklung: Anforderungen und Architektur,medium,single_choice,Worauf muss man beim Thema Datenfluss in der Praxis besonders achten?,Datenwege nicht dokumentieren im konkreten Auftrag,Validierung unklar lassen bei vergleichbaren Aufgaben,Ein- und Ausgaben zwischen Komponenten kontrolliert definieren,Seiteneffekte verstecken im Rahmen der Routine,C,Klare Datenflüsse reduzieren Fehler.,"Bildungsplan Informatiker/in EFZ BiVo 2021, ICT-Berufsbildung Schweiz/SBFI",https://www.ict-berufsbildung.ch/services/download-center
informatiker,Informatiker/in EFZ,it_l11,HKB g,L11,Applikationsentwicklung: Anforderungen und Architektur,hard,single_choice,Welche Aussage zum Thema Datenfluss ist fachlich korrekt?,Datenwege nicht dokumentieren im üblichen Berufsalltag,Validierung unklar lassen bei sachgemässer Ausführung,Seiteneffekte verstecken im normalen Werkstattbetrieb,Ein- und Ausgaben zwischen Komponenten kontrolliert definieren,D,Klare Datenflüsse reduzieren Fehler.,"Bildungsplan Informatiker/in EFZ BiVo 2021, ICT-Berufsbildung Schweiz/SBFI",https://www.ict-berufsbildung.ch/services/download-center
informatiker,Informatiker/in EFZ,it_l11,HKB g,L11,Applikationsentwicklung: Anforderungen und Architektur,easy,single_choice,Welche Aussage beschreibt das Thema Fehlerbehandlung im Beruf Informatiker/in EFZ am besten?,erwartete und unerwartete Fehler kontrolliert behandeln,Stacktraces an Nutzer zeigen im Werkstattumfeld,Fehler verschlucken im konkreten Auftrag,keine Rückmeldung geben im laufenden Tagesgeschäft,A,Fehlerbehandlung verbessert Sicherheit und Bedienbarkeit.,"Bildungsplan Informatiker/in EFZ BiVo 2021, ICT-Berufsbildung Schweiz/SBFI",https://www.ict-berufsbildung.ch/services/download-center
informatiker,Informatiker/in EFZ,it_l11,HKB g,L11,Applikationsentwicklung: Anforderungen und Architektur,medium,single_choice,Worauf muss man beim Thema Fehlerbehandlung in der Praxis besonders achten?,Stacktraces an Nutzer zeigen unter typischen Arbeitsbedingungen,erwartete und unerwartete Fehler kontrolliert behandeln,Fehler verschlucken im üblichen Berufsalltag,keine Rückmeldung geben nach gängiger Praxis,B,Fehlerbehandlung verbessert Sicherheit und Bedienbarkeit.,"Bildungsplan Informatiker/in EFZ BiVo 2021, ICT-Berufsbildung Schweiz/SBFI",https://www.ict-berufsbildung.ch/services/download-center
informatiker,Informatiker/in EFZ,it_l11,HKB g,L11,Applikationsentwicklung: Anforderungen und Architektur,hard,single_choice,Welche Aussage zum Thema Fehlerbehandlung ist fachlich korrekt?,Stacktraces an Nutzer zeigen bei sachgemässem Ablauf,Fehler verschlucken im Werkstattumfeld im normalen Werkstattbetrieb,erwartete und unerwartete Fehler kontrolliert behandeln,keine Rückmeldung geben im Produktionsalltag,C,Fehlerbehandlung verbessert Sicherheit und Bedienbarkeit.,"Bildungsplan Informatiker/in EFZ BiVo 2021, ICT-Berufsbildung Schweiz/SBFI",https://www.ict-berufsbildung.ch/services/download-center
informatiker,Informatiker/in EFZ,it_l11,HKB g,L11,Applikationsentwicklung: Anforderungen und Architektur,easy,single_choice,Welche Aussage beschreibt das Thema Sicherheitsanforderung im Beruf Informatiker/in EFZ am besten?,Security erst nach Release prüfen im Rahmen der Routine,Geheimnisse im Code speichern unter typischen Arbeitsbedingungen,Berechtigungen später improvisieren bei vergleichbaren Aufgaben,Schutzziele früh in Entwurf und Umsetzung integrieren,D,Security by Design verhindert spätere Schwachstellen.,"Bildungsplan Informatiker/in EFZ BiVo 2021, ICT-Berufsbildung Schweiz/SBFI",https://www.ict-berufsbildung.ch/services/download-center
informatiker,Informatiker/in EFZ,it_l11,HKB g,L11,Applikationsentwicklung: Anforderungen und Architektur,medium,single_choice,Worauf muss man beim Thema Sicherheitsanforderung in der Praxis besonders achten?,Schutzziele früh in Entwurf und Umsetzung integrieren,Security erst nach Release prüfen im normalen Werkstattbetrieb,Geheimnisse im Code speichern bei sachgemässem Ablauf,Berechtigungen später improvisieren bei sachgemässer Ausführung,A,Security by Design verhindert spätere Schwachstellen.,"Bildungsplan Informatiker/in EFZ BiVo 2021, ICT-Berufsbildung Schweiz/SBFI",https://www.ict-berufsbildung.ch/services/download-center
informatiker,Informatiker/in EFZ,it_l11,HKB g,L11,Applikationsentwicklung: Anforderungen und Architektur,hard,single_choice,Welche Aussage zum Thema Sicherheitsanforderung ist fachlich korrekt?,Security erst nach Release prüfen im konkreten Auftrag,Schutzziele früh in Entwurf und Umsetzung integrieren,Geheimnisse im Code speichern bei vergleichbaren Aufgaben,Berechtigungen später improvisieren im laufenden Tagesgeschäft,B,Security by Design verhindert spätere Schwachstellen.,"Bildungsplan Informatiker/in EFZ BiVo 2021, ICT-Berufsbildung Schweiz/SBFI",https://www.ict-berufsbildung.ch/services/download-center
informatiker,Informatiker/in EFZ,it_l12,HKB g,L12,Applikationsentwicklung: Implementierung und Codequalität,easy,single_choice,Welche Aussage beschreibt das Thema Implementierung im Beruf Informatiker/in EFZ am besten?,ungetestete Schnelllösungen übernehmen nach gängiger Praxis,Code duplizieren bei sachgemässer Ausführung unter typischen Arbeitsbedingungen,"Anforderungen strukturiert, lesbar und wartbar in Code umsetzen",Namen unverständlich wählen im üblichen Berufsalltag,C,Wartbarer Code erleichtert Weiterentwicklung.,"Bildungsplan Informatiker/in EFZ BiVo 2021, ICT-Berufsbildung Schweiz/SBFI",https://www.ict-berufsbildung.ch/services/download-center
informatiker,Informatiker/in EFZ,it_l12,HKB g,L12,Applikationsentwicklung: Implementierung und Codequalität,medium,single_choice,Worauf muss man beim Thema Implementierung in der Praxis besonders achten?,ungetestete Schnelllösungen übernehmen im Produktionsalltag,Code duplizieren im laufenden Tagesgeschäft bei sachgemässem Ablauf,Namen unverständlich wählen im Werkstattumfeld,"Anforderungen strukturiert, lesbar und wartbar in Code umsetzen",D,Wartbarer Code erleichtert Weiterentwicklung.,"Bildungsplan Informatiker/in EFZ BiVo 2021, ICT-Berufsbildung Schweiz/SBFI",https://www.ict-berufsbildung.ch/services/download-center
informatiker,Informatiker/in EFZ,it_l12,HKB g,L12,Applikationsentwicklung: Implementierung und Codequalität,hard,single_choice,Welche Aussage zum Thema Implementierung ist fachlich korrekt?,"Anforderungen strukturiert, lesbar und wartbar in Code umsetzen",ungetestete Schnelllösungen übernehmen bei vergleichbaren Aufgaben,Code duplizieren nach gängiger Praxis im Rahmen der Routine,Namen unverständlich wählen unter typischen Arbeitsbedingungen,A,Wartbarer Code erleichtert Weiterentwicklung.,"Bildungsplan Informatiker/in EFZ BiVo 2021, ICT-Berufsbildung Schweiz/SBFI",https://www.ict-berufsbildung.ch/services/download-center
informatiker,Informatiker/in EFZ,it_l12,HKB g,L12,Applikationsentwicklung: Implementierung und Codequalität,easy,single_choice,Welche Aussage beschreibt das Thema Versionskontrolle im Beruf Informatiker/in EFZ am besten?,Änderungen direkt überschreiben im normalen Werkstattbetrieb,"Branches, Commits und Reviews für Zusammenarbeit nutzen",Commit-Historie verheimlichen bei sachgemässem Ablauf,Konflikte ungeprüft lösen im Produktionsalltag,B,Versionskontrolle macht Entwicklung nachvollziehbar.,"Bildungsplan Informatiker/in EFZ BiVo 2021, ICT-Berufsbildung Schweiz/SBFI",https://www.ict-berufsbildung.ch/services/download-center
informatiker,Informatiker/in EFZ,it_l12,HKB g,L12,Applikationsentwicklung: Implementierung und Codequalität,medium,single_choice,Worauf muss man beim Thema Versionskontrolle in der Praxis besonders achten?,Änderungen direkt überschreiben im konkreten Auftrag,Commit-Historie verheimlichen bei vergleichbaren Aufgaben,"Branches, Commits und Reviews für Zusammenarbeit nutzen",Konflikte ungeprüft lösen im Rahmen der Routine,C,Versionskontrolle macht Entwicklung nachvollziehbar.,"Bildungsplan Informatiker/in EFZ BiVo 2021, ICT-Berufsbildung Schweiz/SBFI",https://www.ict-berufsbildung.ch/services/download-center
informatiker,Informatiker/in EFZ,it_l12,HKB g,L12,Applikationsentwicklung: Implementierung und Codequalität,hard,single_choice,Welche Aussage zum Thema Versionskontrolle ist fachlich korrekt?,Änderungen direkt überschreiben im üblichen Berufsalltag,Commit-Historie verheimlichen bei sachgemässer Ausführung,Konflikte ungeprüft lösen im normalen Werkstattbetrieb,"Branches, Commits und Reviews für Zusammenarbeit nutzen",D,Versionskontrolle macht Entwicklung nachvollziehbar.,"Bildungsplan Informatiker/in EFZ BiVo 2021, ICT-Berufsbildung Schweiz/SBFI",https://www.ict-berufsbildung.ch/services/download-center
informatiker,Informatiker/in EFZ,it_l12,HKB g,L12,Applikationsentwicklung: Implementierung und Codequalität,easy,single_choice,Welche Aussage beschreibt das Thema Code Review im Beruf Informatiker/in EFZ am besten?,"Code auf Qualität, Sicherheit und Verständlichkeit prüfen lassen",Review nur als Formalität sehen im Werkstattumfeld,Feedback persönlich nehmen im konkreten Auftrag im Produktionsalltag,Sicherheitsaspekte auslassen im laufenden Tagesgeschäft,A,Reviews verbessern Qualität und Lernen.,"Bildungsplan Informatiker/in EFZ BiVo 2021, ICT-Berufsbildung Schweiz/SBFI",https://www.ict-berufsbildung.ch/services/download-center
informatiker,Informatiker/in EFZ,it_l12,HKB g,L12,Applikationsentwicklung: Implementierung und Codequalität,medium,single_choice,Worauf muss man beim Thema Code Review in der Praxis besonders achten?,Review nur als Formalität sehen unter typischen Arbeitsbedingungen,"Code auf Qualität, Sicherheit und Verständlichkeit prüfen lassen",Feedback persönlich nehmen im üblichen Berufsalltag,Sicherheitsaspekte auslassen nach gängiger Praxis,B,Reviews verbessern Qualität und Lernen.,"Bildungsplan Informatiker/in EFZ BiVo 2021, ICT-Berufsbildung Schweiz/SBFI",https://www.ict-berufsbildung.ch/services/download-center
informatiker,Informatiker/in EFZ,it_l12,HKB g,L12,Applikationsentwicklung: Implementierung und Codequalität,hard,single_choice,Welche Aussage zum Thema Code Review ist fachlich korrekt?,Review nur als Formalität sehen bei sachgemässem Ablauf,Feedback persönlich nehmen im Werkstattumfeld im normalen Werkstattbetrieb,"Code auf Qualität, Sicherheit und Verständlichkeit prüfen lassen",Sicherheitsaspekte auslassen im Produktionsalltag,C,Reviews verbessern Qualität und Lernen.,"Bildungsplan Informatiker/in EFZ BiVo 2021, ICT-Berufsbildung Schweiz/SBFI",https://www.ict-berufsbildung.ch/services/download-center
informatiker,Informatiker/in EFZ,it_l12,HKB g,L12,Applikationsentwicklung: Implementierung und Codequalität,easy,single_choice,Welche Aussage beschreibt das Thema Unit Test im Beruf Informatiker/in EFZ am besten?,nur manuell klicken unter typischen Arbeitsbedingungen,Tests von externer Umgebung abhängig machen bei vergleichbaren Aufgaben,Grenzfälle nicht testen im Rahmen der Routine,kleine Programmeinheiten automatisch und wiederholbar prüfen,D,Unit Tests finden Fehler früh.,"Bildungsplan Informatiker/in EFZ BiVo 2021, ICT-Berufsbildung Schweiz/SBFI",https://www.ict-berufsbildung.ch/services/download-center
informatiker,Informatiker/in EFZ,it_l12,HKB g,L12,Applikationsentwicklung: Implementierung und Codequalität,medium,single_choice,Worauf muss man beim Thema Unit Test in der Praxis besonders achten?,kleine Programmeinheiten automatisch und wiederholbar prüfen,nur manuell klicken bei sachgemässem Ablauf bei sachgemässer Ausführung,Tests von externer Umgebung abhängig machen,Grenzfälle nicht testen im normalen Werkstattbetrieb,A,Unit Tests finden Fehler früh.,"Bildungsplan Informatiker/in EFZ BiVo 2021, ICT-Berufsbildung Schweiz/SBFI",https://www.ict-berufsbildung.ch/services/download-center
informatiker,Informatiker/in EFZ,it_l12,HKB g,L12,Applikationsentwicklung: Implementierung und Codequalität,hard,single_choice,Welche Aussage zum Thema Unit Test ist fachlich korrekt?,nur manuell klicken bei vergleichbaren Aufgaben,kleine Programmeinheiten automatisch und wiederholbar prüfen,Tests von externer Umgebung abhängig machen im laufenden Tagesgeschäft,Grenzfälle nicht testen im konkreten Auftrag,B,Unit Tests finden Fehler früh.,"Bildungsplan Informatiker/in EFZ BiVo 2021, ICT-Berufsbildung Schweiz/SBFI",https://www.ict-berufsbildung.ch/services/download-center
informatiker,Informatiker/in EFZ,it_l12,HKB g,L12,Applikationsentwicklung: Implementierung und Codequalität,easy,single_choice,Welche Aussage beschreibt das Thema Integrationstest im Beruf Informatiker/in EFZ am besten?,nur Einzelteile prüfen im üblichen Berufsalltag,Testdaten unkontrolliert nutzen nach gängiger Praxis,Zusammenspiel mehrerer Komponenten überprüfen,Fehlerfälle auslassen bei sachgemässer Ausführung,C,Integrationstests zeigen Schnittstellenprobleme.,"Bildungsplan Informatiker/in EFZ BiVo 2021, ICT-Berufsbildung Schweiz/SBFI",https://www.ict-berufsbildung.ch/services/download-center
informatiker,Informatiker/in EFZ,it_l12,HKB g,L12,Applikationsentwicklung: Implementierung und Codequalität,medium,single_choice,Worauf muss man beim Thema Integrationstest in der Praxis besonders achten?,nur Einzelteile prüfen im Werkstattumfeld,Testdaten unkontrolliert nutzen im Produktionsalltag,Fehlerfälle auslassen im laufenden Tagesgeschäft,Zusammenspiel mehrerer Komponenten überprüfen,D,Integrationstests zeigen Schnittstellenprobleme.,"Bildungsplan Informatiker/in EFZ BiVo 2021, ICT-Berufsbildung Schweiz/SBFI",https://www.ict-berufsbildung.ch/services/download-center
informatiker,Informatiker/in EFZ,it_l12,HKB g,L12,Applikationsentwicklung: Implementierung und Codequalität,hard,single_choice,Welche Aussage zum Thema Integrationstest ist fachlich korrekt?,Zusammenspiel mehrerer Komponenten überprüfen,nur Einzelteile prüfen unter typischen Arbeitsbedingungen,Testdaten unkontrolliert nutzen im Rahmen der Routine,Fehlerfälle auslassen nach gängiger Praxis,A,Integrationstests zeigen Schnittstellenprobleme.,"Bildungsplan Informatiker/in EFZ BiVo 2021, ICT-Berufsbildung Schweiz/SBFI",https://www.ict-berufsbildung.ch/services/download-center
informatiker,Informatiker/in EFZ,it_l12,HKB g,L12,Applikationsentwicklung: Implementierung und Codequalität,easy,single_choice,Welche Aussage beschreibt das Thema Secure Coding im Beruf Informatiker/in EFZ am besten?,SQL-Injection ermöglichen im Produktionsalltag,"Eingaben, Ausgaben, Rechte und Geheimnisse sicher behandeln",Tokens im Repository speichern bei sachgemässem Ablauf,Fehlermeldungen mit Interna ausgeben im normalen Werkstattbetrieb,B,Sichere Entwicklung verhindert typische Schwachstellen.,"Bildungsplan Informatiker/in EFZ BiVo 2021, ICT-Berufsbildung Schweiz/SBFI",https://www.ict-berufsbildung.ch/services/download-center
informatiker,Informatiker/in EFZ,it_l12,HKB g,L12,Applikationsentwicklung: Implementierung und Codequalität,medium,single_choice,Worauf muss man beim Thema Secure Coding in der Praxis besonders achten?,SQL-Injection ermöglichen im Rahmen der Routine,Tokens im Repository speichern bei vergleichbaren Aufgaben,"Eingaben, Ausgaben, Rechte und Geheimnisse sicher behandeln",Fehlermeldungen mit Interna ausgeben im konkreten Auftrag,C,Sichere Entwicklung verhindert typische Schwachstellen.,"Bildungsplan Informatiker/in EFZ BiVo 2021, ICT-Berufsbildung Schweiz/SBFI",https://www.ict-berufsbildung.ch/services/download-center
informatiker,Informatiker/in EFZ,it_l12,HKB g,L12,Applikationsentwicklung: Implementierung und Codequalität,hard,single_choice,Welche Aussage zum Thema Secure Coding ist fachlich korrekt?,SQL-Injection ermöglichen im normalen Werkstattbetrieb,Tokens im Repository speichern bei sachgemässer Ausführung,Fehlermeldungen mit Interna ausgeben im üblichen Berufsalltag,"Eingaben, Ausgaben, Rechte und Geheimnisse sicher behandeln",D,Sichere Entwicklung verhindert typische Schwachstellen.,"Bildungsplan Informatiker/in EFZ BiVo 2021, ICT-Berufsbildung Schweiz/SBFI",https://www.ict-berufsbildung.ch/services/download-center
informatiker,Informatiker/in EFZ,it_l12,HKB g,L12,Applikationsentwicklung: Implementierung und Codequalität,easy,single_choice,Welche Aussage beschreibt das Thema Dependency Management im Beruf Informatiker/in EFZ am besten?,"Bibliotheken bewusst auswählen, aktualisieren und auf Risiken prüfen",veraltete Pakete behalten im laufenden Tagesgeschäft,Lizenzen ignorieren im konkreten Auftrag im Produktionsalltag,beliebige Quellen installieren im Werkstattumfeld bei sachgemässem Ablauf,A,Abhängigkeiten beeinflussen Sicherheit und Wartung.,"Bildungsplan Informatiker/in EFZ BiVo 2021, ICT-Berufsbildung Schweiz/SBFI",https://www.ict-berufsbildung.ch/services/download-center
informatiker,Informatiker/in EFZ,it_l12,HKB g,L12,Applikationsentwicklung: Implementierung und Codequalität,medium,single_choice,Worauf muss man beim Thema Dependency Management in der Praxis besonders achten?,veraltete Pakete behalten nach gängiger Praxis bei vergleichbaren Aufgaben,"Bibliotheken bewusst auswählen, aktualisieren und auf Risiken prüfen",Lizenzen ignorieren im üblichen Berufsalltag im Rahmen der Routine,beliebige Quellen installieren unter typischen Arbeitsbedingungen,B,Abhängigkeiten beeinflussen Sicherheit und Wartung.,"Bildungsplan Informatiker/in EFZ BiVo 2021, ICT-Berufsbildung Schweiz/SBFI",https://www.ict-berufsbildung.ch/services/download-center
informatiker,Informatiker/in EFZ,it_l12,HKB g,L12,Applikationsentwicklung: Implementierung und Codequalität,hard,single_choice,Welche Aussage zum Thema Dependency Management ist fachlich korrekt?,veraltete Pakete behalten im Produktionsalltag bei sachgemässer Ausführung,Lizenzen ignorieren im Werkstattumfeld im normalen Werkstattbetrieb,"Bibliotheken bewusst auswählen, aktualisieren und auf Risiken prüfen",beliebige Quellen installieren bei sachgemässem Ablauf,C,Abhängigkeiten beeinflussen Sicherheit und Wartung.,"Bildungsplan Informatiker/in EFZ BiVo 2021, ICT-Berufsbildung Schweiz/SBFI",https://www.ict-berufsbildung.ch/services/download-center
informatiker,Informatiker/in EFZ,it_l12,HKB g,L12,Applikationsentwicklung: Implementierung und Codequalität,easy,single_choice,Welche Aussage beschreibt das Thema Konfiguration im Beruf Informatiker/in EFZ am besten?,Passwörter im Quellcode speichern im Rahmen der Routine,Produktivwerte in Tests nutzen unter typischen Arbeitsbedingungen,Konfiguration nicht dokumentieren bei vergleichbaren Aufgaben,Umgebungswerte getrennt vom Code und sicher verwalten,D,Saubere Konfiguration erleichtert Deployment.,"Bildungsplan Informatiker/in EFZ BiVo 2021, ICT-Berufsbildung Schweiz/SBFI",https://www.ict-berufsbildung.ch/services/download-center
informatiker,Informatiker/in EFZ,it_l12,HKB g,L12,Applikationsentwicklung: Implementierung und Codequalität,medium,single_choice,Worauf muss man beim Thema Konfiguration in der Praxis besonders achten?,Umgebungswerte getrennt vom Code und sicher verwalten,Passwörter im Quellcode speichern im normalen Werkstattbetrieb,Produktivwerte in Tests nutzen bei sachgemässem Ablauf,Konfiguration nicht dokumentieren bei sachgemässer Ausführung,A,Saubere Konfiguration erleichtert Deployment.,"Bildungsplan Informatiker/in EFZ BiVo 2021, ICT-Berufsbildung Schweiz/SBFI",https://www.ict-berufsbildung.ch/services/download-center
informatiker,Informatiker/in EFZ,it_l12,HKB g,L12,Applikationsentwicklung: Implementierung und Codequalität,hard,single_choice,Welche Aussage zum Thema Konfiguration ist fachlich korrekt?,Passwörter im Quellcode speichern im konkreten Auftrag,Umgebungswerte getrennt vom Code und sicher verwalten,Produktivwerte in Tests nutzen bei vergleichbaren Aufgaben,Konfiguration nicht dokumentieren im laufenden Tagesgeschäft,B,Saubere Konfiguration erleichtert Deployment.,"Bildungsplan Informatiker/in EFZ BiVo 2021, ICT-Berufsbildung Schweiz/SBFI",https://www.ict-berufsbildung.ch/services/download-center
informatiker,Informatiker/in EFZ,it_l12,HKB g,L12,Applikationsentwicklung: Implementierung und Codequalität,easy,single_choice,Welche Aussage beschreibt das Thema Logging in Applikationen im Beruf Informatiker/in EFZ am besten?,Passwörter loggen bei sachgemässer Ausführung unter typischen Arbeitsbedingungen,jede Kleinigkeit protokollieren nach gängiger Praxis,relevante Ereignisse ohne unnötige Personendaten protokollieren,Fehler ohne Kontext lassen im üblichen Berufsalltag,C,Logging unterstützt Betrieb und Datenschutz.,"Bildungsplan Informatiker/in EFZ BiVo 2021, ICT-Berufsbildung Schweiz/SBFI",https://www.ict-berufsbildung.ch/services/download-center
informatiker,Informatiker/in EFZ,it_l12,HKB g,L12,Applikationsentwicklung: Implementierung und Codequalität,medium,single_choice,Worauf muss man beim Thema Logging in Applikationen in der Praxis besonders achten?,Passwörter loggen im laufenden Tagesgeschäft bei sachgemässem Ablauf,jede Kleinigkeit protokollieren im Produktionsalltag,Fehler ohne Kontext lassen im Werkstattumfeld,relevante Ereignisse ohne unnötige Personendaten protokollieren,D,Logging unterstützt Betrieb und Datenschutz.,"Bildungsplan Informatiker/in EFZ BiVo 2021, ICT-Berufsbildung Schweiz/SBFI",https://www.ict-berufsbildung.ch/services/download-center
informatiker,Informatiker/in EFZ,it_l12,HKB g,L12,Applikationsentwicklung: Implementierung und Codequalität,hard,single_choice,Welche Aussage zum Thema Logging in Applikationen ist fachlich korrekt?,relevante Ereignisse ohne unnötige Personendaten protokollieren,Passwörter loggen nach gängiger Praxis bei vergleichbaren Aufgaben,jede Kleinigkeit protokollieren im Rahmen der Routine,Fehler ohne Kontext lassen unter typischen Arbeitsbedingungen,A,Logging unterstützt Betrieb und Datenschutz.,"Bildungsplan Informatiker/in EFZ BiVo 2021, ICT-Berufsbildung Schweiz/SBFI",https://www.ict-berufsbildung.ch/services/download-center
informatiker,Informatiker/in EFZ,it_l12,HKB g,L12,Applikationsentwicklung: Implementierung und Codequalität,easy,single_choice,Welche Aussage beschreibt das Thema Refactoring im Beruf Informatiker/in EFZ am besten?,Funktionalität unkontrolliert ändern im normalen Werkstattbetrieb,"Code verbessern, ohne das beobachtbare Verhalten zu ändern",Tests vorher löschen im Produktionsalltag,nur kosmetisch ohne Ziel umbauen bei sachgemässem Ablauf,B,Refactoring erhält Wartbarkeit.,"Bildungsplan Informatiker/in EFZ BiVo 2021, ICT-Berufsbildung Schweiz/SBFI",https://www.ict-berufsbildung.ch/services/download-center
informatiker,Informatiker/in EFZ,it_l12,HKB g,L12,Applikationsentwicklung: Implementierung und Codequalität,medium,single_choice,Worauf muss man beim Thema Refactoring in der Praxis besonders achten?,Funktionalität unkontrolliert ändern im konkreten Auftrag,Tests vorher löschen im Rahmen der Routine,"Code verbessern, ohne das beobachtbare Verhalten zu ändern",nur kosmetisch ohne Ziel umbauen bei vergleichbaren Aufgaben,C,Refactoring erhält Wartbarkeit.,"Bildungsplan Informatiker/in EFZ BiVo 2021, ICT-Berufsbildung Schweiz/SBFI",https://www.ict-berufsbildung.ch/services/download-center
informatiker,Informatiker/in EFZ,it_l12,HKB g,L12,Applikationsentwicklung: Implementierung und Codequalität,hard,single_choice,Welche Aussage zum Thema Refactoring ist fachlich korrekt?,Funktionalität unkontrolliert ändern im üblichen Berufsalltag,Tests vorher löschen im normalen Werkstattbetrieb,nur kosmetisch ohne Ziel umbauen bei sachgemässer Ausführung,"Code verbessern, ohne das beobachtbare Verhalten zu ändern",D,Refactoring erhält Wartbarkeit.,"Bildungsplan Informatiker/in EFZ BiVo 2021, ICT-Berufsbildung Schweiz/SBFI",https://www.ict-berufsbildung.ch/services/download-center
informatiker,Informatiker/in EFZ,it_l13,HKB g/h,L13,"Applikationsentwicklung: Qualität, Sicherheit und Betrieb",easy,single_choice,Welche Aussage beschreibt das Thema Qualitätssicherung im Beruf Informatiker/in EFZ am besten?,"Funktion, Sicherheit, Leistung und Benutzbarkeit systematisch prüfen",nur Happy Path testen im konkreten Auftrag im Produktionsalltag,Abnahmekriterien ignorieren im Werkstattumfeld bei sachgemässem Ablauf,Tests nicht dokumentieren im laufenden Tagesgeschäft,A,Qualität entsteht durch geplante Prüfungen.,"Bildungsplan Informatiker/in EFZ BiVo 2021, ICT-Berufsbildung Schweiz/SBFI",https://www.ict-berufsbildung.ch/services/download-center
informatiker,Informatiker/in EFZ,it_l13,HKB g/h,L13,"Applikationsentwicklung: Qualität, Sicherheit und Betrieb",medium,single_choice,Worauf muss man beim Thema Qualitätssicherung in der Praxis besonders achten?,nur Happy Path testen im üblichen Berufsalltag im Rahmen der Routine,"Funktion, Sicherheit, Leistung und Benutzbarkeit systematisch prüfen",Abnahmekriterien ignorieren unter typischen Arbeitsbedingungen,Tests nicht dokumentieren nach gängiger Praxis bei vergleichbaren Aufgaben,B,Qualität entsteht durch geplante Prüfungen.,"Bildungsplan Informatiker/in EFZ BiVo 2021, ICT-Berufsbildung Schweiz/SBFI",https://www.ict-berufsbildung.ch/services/download-center
informatiker,Informatiker/in EFZ,it_l13,HKB g/h,L13,"Applikationsentwicklung: Qualität, Sicherheit und Betrieb",hard,single_choice,Welche Aussage zum Thema Qualitätssicherung ist fachlich korrekt?,nur Happy Path testen im Werkstattumfeld im normalen Werkstattbetrieb,Abnahmekriterien ignorieren bei sachgemässem Ablauf,"Funktion, Sicherheit, Leistung und Benutzbarkeit systematisch prüfen",Tests nicht dokumentieren im Produktionsalltag bei sachgemässer Ausführung,C,Qualität entsteht durch geplante Prüfungen.,"Bildungsplan Informatiker/in EFZ BiVo 2021, ICT-Berufsbildung Schweiz/SBFI",https://www.ict-berufsbildung.ch/services/download-center
informatiker,Informatiker/in EFZ,it_l13,HKB g/h,L13,"Applikationsentwicklung: Qualität, Sicherheit und Betrieb",easy,single_choice,Welche Aussage beschreibt das Thema Security Test im Beruf Informatiker/in EFZ am besten?,nur Oberfläche anschauen unter typischen Arbeitsbedingungen,Berechtigungen nicht testen im Rahmen der Routine im konkreten Auftrag,Testfunde nicht priorisieren bei vergleichbaren Aufgaben,Applikation auf typische Schwachstellen und Fehlkonfigurationen prüfen,D,Security Tests ergänzen Secure Coding.,"Bildungsplan Informatiker/in EFZ BiVo 2021, ICT-Berufsbildung Schweiz/SBFI",https://www.ict-berufsbildung.ch/services/download-center
informatiker,Informatiker/in EFZ,it_l13,HKB g/h,L13,"Applikationsentwicklung: Qualität, Sicherheit und Betrieb",medium,single_choice,Worauf muss man beim Thema Security Test in der Praxis besonders achten?,Applikation auf typische Schwachstellen und Fehlkonfigurationen prüfen,nur Oberfläche anschauen bei sachgemässem Ablauf im üblichen Berufsalltag,Berechtigungen nicht testen im normalen Werkstattbetrieb,Testfunde nicht priorisieren bei sachgemässer Ausführung,A,Security Tests ergänzen Secure Coding.,"Bildungsplan Informatiker/in EFZ BiVo 2021, ICT-Berufsbildung Schweiz/SBFI",https://www.ict-berufsbildung.ch/services/download-center
informatiker,Informatiker/in EFZ,it_l13,HKB g/h,L13,"Applikationsentwicklung: Qualität, Sicherheit und Betrieb",hard,single_choice,Welche Aussage zum Thema Security Test ist fachlich korrekt?,nur Oberfläche anschauen bei vergleichbaren Aufgaben,Applikation auf typische Schwachstellen und Fehlkonfigurationen prüfen,Berechtigungen nicht testen im konkreten Auftrag im Werkstattumfeld,Testfunde nicht priorisieren im laufenden Tagesgeschäft,B,Security Tests ergänzen Secure Coding.,"Bildungsplan Informatiker/in EFZ BiVo 2021, ICT-Berufsbildung Schweiz/SBFI",https://www.ict-berufsbildung.ch/services/download-center
informatiker,Informatiker/in EFZ,it_l13,HKB g/h,L13,"Applikationsentwicklung: Qualität, Sicherheit und Betrieb",easy,single_choice,Welche Aussage beschreibt das Thema Performance Test im Beruf Informatiker/in EFZ am besten?,nur im Leerlauf testen bei sachgemässer Ausführung,Messwerte nicht dokumentieren nach gängiger Praxis,"Antwortzeiten, Lastverhalten und Engpässe messen",Datenbankabfragen ignorieren im üblichen Berufsalltag,C,Leistung muss mit realistischen Annahmen geprüft werden.,"Bildungsplan Informatiker/in EFZ BiVo 2021, ICT-Berufsbildung Schweiz/SBFI",https://www.ict-berufsbildung.ch/services/download-center
informatiker,Informatiker/in EFZ,it_l13,HKB g/h,L13,"Applikationsentwicklung: Qualität, Sicherheit und Betrieb",medium,single_choice,Worauf muss man beim Thema Performance Test in der Praxis besonders achten?,nur im Leerlauf testen im laufenden Tagesgeschäft,Messwerte nicht dokumentieren im Produktionsalltag,Datenbankabfragen ignorieren im Werkstattumfeld,"Antwortzeiten, Lastverhalten und Engpässe messen",D,Leistung muss mit realistischen Annahmen geprüft werden.,"Bildungsplan Informatiker/in EFZ BiVo 2021, ICT-Berufsbildung Schweiz/SBFI",https://www.ict-berufsbildung.ch/services/download-center
informatiker,Informatiker/in EFZ,it_l13,HKB g/h,L13,"Applikationsentwicklung: Qualität, Sicherheit und Betrieb",hard,single_choice,Welche Aussage zum Thema Performance Test ist fachlich korrekt?,"Antwortzeiten, Lastverhalten und Engpässe messen",nur im Leerlauf testen nach gängiger Praxis,Messwerte nicht dokumentieren im Rahmen der Routine,Datenbankabfragen ignorieren unter typischen Arbeitsbedingungen,A,Leistung muss mit realistischen Annahmen geprüft werden.,"Bildungsplan Informatiker/in EFZ BiVo 2021, ICT-Berufsbildung Schweiz/SBFI",https://www.ict-berufsbildung.ch/services/download-center
informatiker,Informatiker/in EFZ,it_l13,HKB g/h,L13,"Applikationsentwicklung: Qualität, Sicherheit und Betrieb",easy,single_choice,Welche Aussage beschreibt das Thema Release im Beruf Informatiker/in EFZ am besten?,Release ohne Changelog machen im normalen Werkstattbetrieb,"Version, Änderungen, Abhängigkeiten und Risiken kontrolliert freigeben",Versionen verwechseln im Produktionsalltag bei sachgemässer Ausführung,Benutzer nicht informieren bei sachgemässem Ablauf,B,Releases müssen nachvollziehbar sein.,"Bildungsplan Informatiker/in EFZ BiVo 2021, ICT-Berufsbildung Schweiz/SBFI",https://www.ict-berufsbildung.ch/services/download-center
informatiker,Informatiker/in EFZ,it_l13,HKB g/h,L13,"Applikationsentwicklung: Qualität, Sicherheit und Betrieb",medium,single_choice,Worauf muss man beim Thema Release in der Praxis besonders achten?,Release ohne Changelog machen im konkreten Auftrag,Versionen verwechseln im Rahmen der Routine im laufenden Tagesgeschäft,"Version, Änderungen, Abhängigkeiten und Risiken kontrolliert freigeben",Benutzer nicht informieren bei vergleichbaren Aufgaben,C,Releases müssen nachvollziehbar sein.,"Bildungsplan Informatiker/in EFZ BiVo 2021, ICT-Berufsbildung Schweiz/SBFI",https://www.ict-berufsbildung.ch/services/download-center
informatiker,Informatiker/in EFZ,it_l13,HKB g/h,L13,"Applikationsentwicklung: Qualität, Sicherheit und Betrieb",hard,single_choice,Welche Aussage zum Thema Release ist fachlich korrekt?,Release ohne Changelog machen im üblichen Berufsalltag,Versionen verwechseln im normalen Werkstattbetrieb nach gängiger Praxis,Benutzer nicht informieren bei sachgemässer Ausführung,"Version, Änderungen, Abhängigkeiten und Risiken kontrolliert freigeben",D,Releases müssen nachvollziehbar sein.,"Bildungsplan Informatiker/in EFZ BiVo 2021, ICT-Berufsbildung Schweiz/SBFI",https://www.ict-berufsbildung.ch/services/download-center
informatiker,Informatiker/in EFZ,it_l13,HKB g/h,L13,"Applikationsentwicklung: Qualität, Sicherheit und Betrieb",easy,single_choice,Welche Aussage beschreibt das Thema Plattformwahl im Beruf Informatiker/in EFZ am besten?,"Betriebsplattform anhand Anforderungen, Sicherheit und Kosten bestimmen",nur Gewohnheit entscheiden lassen im Werkstattumfeld,Skalierung ignorieren im konkreten Auftrag im Produktionsalltag,Betriebskompetenz nicht prüfen im laufenden Tagesgeschäft,A,Die Plattform muss zur Applikation passen.,"Bildungsplan Informatiker/in EFZ BiVo 2021, ICT-Berufsbildung Schweiz/SBFI",https://www.ict-berufsbildung.ch/services/download-center
informatiker,Informatiker/in EFZ,it_l13,HKB g/h,L13,"Applikationsentwicklung: Qualität, Sicherheit und Betrieb",medium,single_choice,Worauf muss man beim Thema Plattformwahl in der Praxis besonders achten?,nur Gewohnheit entscheiden lassen unter typischen Arbeitsbedingungen,"Betriebsplattform anhand Anforderungen, Sicherheit und Kosten bestimmen",Skalierung ignorieren im üblichen Berufsalltag im Rahmen der Routine,Betriebskompetenz nicht prüfen nach gängiger Praxis,B,Die Plattform muss zur Applikation passen.,"Bildungsplan Informatiker/in EFZ BiVo 2021, ICT-Berufsbildung Schweiz/SBFI",https://www.ict-berufsbildung.ch/services/download-center
informatiker,Informatiker/in EFZ,it_l13,HKB g/h,L13,"Applikationsentwicklung: Qualität, Sicherheit und Betrieb",hard,single_choice,Welche Aussage zum Thema Plattformwahl ist fachlich korrekt?,nur Gewohnheit entscheiden lassen bei sachgemässem Ablauf,Skalierung ignorieren im Werkstattumfeld im normalen Werkstattbetrieb,"Betriebsplattform anhand Anforderungen, Sicherheit und Kosten bestimmen",Betriebskompetenz nicht prüfen im Produktionsalltag,C,Die Plattform muss zur Applikation passen.,"Bildungsplan Informatiker/in EFZ BiVo 2021, ICT-Berufsbildung Schweiz/SBFI",https://www.ict-berufsbildung.ch/services/download-center
informatiker,Informatiker/in EFZ,it_l13,HKB g/h,L13,"Applikationsentwicklung: Qualität, Sicherheit und Betrieb",easy,single_choice,Welche Aussage beschreibt das Thema Applikationsmonitoring im Beruf Informatiker/in EFZ am besten?,nur Kundenbeschwerden abwarten im Rahmen der Routine,Alarme ohne Zuständigkeit einrichten bei vergleichbaren Aufgaben,Metriken nicht auswerten unter typischen Arbeitsbedingungen,"Fehler, Antwortzeiten und Verfügbarkeit im Betrieb beobachten",D,Monitoring zeigt Betriebsprobleme früh.,"Bildungsplan Informatiker/in EFZ BiVo 2021, ICT-Berufsbildung Schweiz/SBFI",https://www.ict-berufsbildung.ch/services/download-center
informatiker,Informatiker/in EFZ,it_l13,HKB g/h,L13,"Applikationsentwicklung: Qualität, Sicherheit und Betrieb",medium,single_choice,Worauf muss man beim Thema Applikationsmonitoring in der Praxis besonders achten?,"Fehler, Antwortzeiten und Verfügbarkeit im Betrieb beobachten",nur Kundenbeschwerden abwarten im normalen Werkstattbetrieb,Alarme ohne Zuständigkeit einrichten bei sachgemässer Ausführung,Metriken nicht auswerten bei sachgemässem Ablauf,A,Monitoring zeigt Betriebsprobleme früh.,"Bildungsplan Informatiker/in EFZ BiVo 2021, ICT-Berufsbildung Schweiz/SBFI",https://www.ict-berufsbildung.ch/services/download-center
informatiker,Informatiker/in EFZ,it_l13,HKB g/h,L13,"Applikationsentwicklung: Qualität, Sicherheit und Betrieb",hard,single_choice,Welche Aussage zum Thema Applikationsmonitoring ist fachlich korrekt?,nur Kundenbeschwerden abwarten im konkreten Auftrag,"Fehler, Antwortzeiten und Verfügbarkeit im Betrieb beobachten",Alarme ohne Zuständigkeit einrichten im laufenden Tagesgeschäft,Metriken nicht auswerten bei vergleichbaren Aufgaben,B,Monitoring zeigt Betriebsprobleme früh.,"Bildungsplan Informatiker/in EFZ BiVo 2021, ICT-Berufsbildung Schweiz/SBFI",https://www.ict-berufsbildung.ch/services/download-center
informatiker,Informatiker/in EFZ,it_l13,HKB g/h,L13,"Applikationsentwicklung: Qualität, Sicherheit und Betrieb",easy,single_choice,Welche Aussage beschreibt das Thema Problembehebung im Beruf Informatiker/in EFZ am besten?,direkt zufällig ändern bei sachgemässer Ausführung,Ursache nicht dokumentieren nach gängiger Praxis,"Störungen anhand Logs, Metriken und Reproduktion strukturiert lösen",Fix ohne Test deployen im üblichen Berufsalltag unter typischen Arbeitsbedingungen,C,Strukturierte Fehlerbehebung schützt Betrieb.,"Bildungsplan Informatiker/in EFZ BiVo 2021, ICT-Berufsbildung Schweiz/SBFI",https://www.ict-berufsbildung.ch/services/download-center
informatiker,Informatiker/in EFZ,it_l13,HKB g/h,L13,"Applikationsentwicklung: Qualität, Sicherheit und Betrieb",medium,single_choice,Worauf muss man beim Thema Problembehebung in der Praxis besonders achten?,direkt zufällig ändern im laufenden Tagesgeschäft,Ursache nicht dokumentieren im Produktionsalltag,Fix ohne Test deployen im Werkstattumfeld bei sachgemässem Ablauf,"Störungen anhand Logs, Metriken und Reproduktion strukturiert lösen",D,Strukturierte Fehlerbehebung schützt Betrieb.,"Bildungsplan Informatiker/in EFZ BiVo 2021, ICT-Berufsbildung Schweiz/SBFI",https://www.ict-berufsbildung.ch/services/download-center
informatiker,Informatiker/in EFZ,it_l13,HKB g/h,L13,"Applikationsentwicklung: Qualität, Sicherheit und Betrieb",hard,single_choice,Welche Aussage zum Thema Problembehebung ist fachlich korrekt?,"Störungen anhand Logs, Metriken und Reproduktion strukturiert lösen",direkt zufällig ändern nach gängiger Praxis bei vergleichbaren Aufgaben,Ursache nicht dokumentieren im Rahmen der Routine,Fix ohne Test deployen unter typischen Arbeitsbedingungen,A,Strukturierte Fehlerbehebung schützt Betrieb.,"Bildungsplan Informatiker/in EFZ BiVo 2021, ICT-Berufsbildung Schweiz/SBFI",https://www.ict-berufsbildung.ch/services/download-center
informatiker,Informatiker/in EFZ,it_l13,HKB g/h,L13,"Applikationsentwicklung: Qualität, Sicherheit und Betrieb",easy,single_choice,Welche Aussage beschreibt das Thema API-Betrieb im Beruf Informatiker/in EFZ am besten?,Breaking Changes ohne Hinweis machen bei sachgemässem Ablauf,"Schnittstellen stabil, versioniert und überwacht betreiben",Ratenbegrenzung ignorieren im Produktionsalltag,Fehlerantworten uneinheitlich gestalten im normalen Werkstattbetrieb,B,APIs sind vertragliche Betriebsbestandteile.,"Bildungsplan Informatiker/in EFZ BiVo 2021, ICT-Berufsbildung Schweiz/SBFI",https://www.ict-berufsbildung.ch/services/download-center
informatiker,Informatiker/in EFZ,it_l13,HKB g/h,L13,"Applikationsentwicklung: Qualität, Sicherheit und Betrieb",medium,single_choice,Worauf muss man beim Thema API-Betrieb in der Praxis besonders achten?,Breaking Changes ohne Hinweis machen bei vergleichbaren Aufgaben,Ratenbegrenzung ignorieren im Rahmen der Routine,"Schnittstellen stabil, versioniert und überwacht betreiben",Fehlerantworten uneinheitlich gestalten im konkreten Auftrag,C,APIs sind vertragliche Betriebsbestandteile.,"Bildungsplan Informatiker/in EFZ BiVo 2021, ICT-Berufsbildung Schweiz/SBFI",https://www.ict-berufsbildung.ch/services/download-center
informatiker,Informatiker/in EFZ,it_l13,HKB g/h,L13,"Applikationsentwicklung: Qualität, Sicherheit und Betrieb",hard,single_choice,Welche Aussage zum Thema API-Betrieb ist fachlich korrekt?,Breaking Changes ohne Hinweis machen bei sachgemässer Ausführung,Ratenbegrenzung ignorieren im normalen Werkstattbetrieb,Fehlerantworten uneinheitlich gestalten im üblichen Berufsalltag,"Schnittstellen stabil, versioniert und überwacht betreiben",D,APIs sind vertragliche Betriebsbestandteile.,"Bildungsplan Informatiker/in EFZ BiVo 2021, ICT-Berufsbildung Schweiz/SBFI",https://www.ict-berufsbildung.ch/services/download-center
informatiker,Informatiker/in EFZ,it_l13,HKB g/h,L13,"Applikationsentwicklung: Qualität, Sicherheit und Betrieb",easy,single_choice,Welche Aussage beschreibt das Thema Benutzerdokumentation im Beruf Informatiker/in EFZ am besten?,"Nutzung, Grenzen und häufige Fehler verständlich erklären",nur Entwicklerdetails liefern im Werkstattumfeld,Screenshots veralten lassen im konkreten Auftrag,wichtige Schritte auslassen im laufenden Tagesgeschäft,A,Dokumentation unterstützt Anwenderinnen und Support.,"Bildungsplan Informatiker/in EFZ BiVo 2021, ICT-Berufsbildung Schweiz/SBFI",https://www.ict-berufsbildung.ch/services/download-center
informatiker,Informatiker/in EFZ,it_l13,HKB g/h,L13,"Applikationsentwicklung: Qualität, Sicherheit und Betrieb",medium,single_choice,Worauf muss man beim Thema Benutzerdokumentation in der Praxis besonders achten?,nur Entwicklerdetails liefern unter typischen Arbeitsbedingungen,"Nutzung, Grenzen und häufige Fehler verständlich erklären",Screenshots veralten lassen im üblichen Berufsalltag,wichtige Schritte auslassen nach gängiger Praxis,B,Dokumentation unterstützt Anwenderinnen und Support.,"Bildungsplan Informatiker/in EFZ BiVo 2021, ICT-Berufsbildung Schweiz/SBFI",https://www.ict-berufsbildung.ch/services/download-center
informatiker,Informatiker/in EFZ,it_l13,HKB g/h,L13,"Applikationsentwicklung: Qualität, Sicherheit und Betrieb",hard,single_choice,Welche Aussage zum Thema Benutzerdokumentation ist fachlich korrekt?,nur Entwicklerdetails liefern bei sachgemässem Ablauf,Screenshots veralten lassen im Werkstattumfeld,"Nutzung, Grenzen und häufige Fehler verständlich erklären",wichtige Schritte auslassen im Produktionsalltag,C,Dokumentation unterstützt Anwenderinnen und Support.,"Bildungsplan Informatiker/in EFZ BiVo 2021, ICT-Berufsbildung Schweiz/SBFI",https://www.ict-berufsbildung.ch/services/download-center
informatiker,Informatiker/in EFZ,it_l13,HKB g/h,L13,"Applikationsentwicklung: Qualität, Sicherheit und Betrieb",easy,single_choice,Welche Aussage beschreibt das Thema Wartbarkeit im Beruf Informatiker/in EFZ am besten?,Abhängigkeiten verstecken unter typischen Arbeitsbedingungen,Wissen nur in Köpfen behalten im Rahmen der Routine,Technische Schulden ignorieren bei vergleichbaren Aufgaben,"Code, Architektur und Dokumentation für Änderungen verständlich halten",D,Wartbarkeit senkt langfristige Kosten.,"Bildungsplan Informatiker/in EFZ BiVo 2021, ICT-Berufsbildung Schweiz/SBFI",https://www.ict-berufsbildung.ch/services/download-center
informatiker,Informatiker/in EFZ,it_l13,HKB g/h,L13,"Applikationsentwicklung: Qualität, Sicherheit und Betrieb",medium,single_choice,Worauf muss man beim Thema Wartbarkeit in der Praxis besonders achten?,"Code, Architektur und Dokumentation für Änderungen verständlich halten",Abhängigkeiten verstecken bei sachgemässem Ablauf im üblichen Berufsalltag,Wissen nur in Köpfen behalten im normalen Werkstattbetrieb,Technische Schulden ignorieren bei sachgemässer Ausführung,A,Wartbarkeit senkt langfristige Kosten.,"Bildungsplan Informatiker/in EFZ BiVo 2021, ICT-Berufsbildung Schweiz/SBFI",https://www.ict-berufsbildung.ch/services/download-center
informatiker,Informatiker/in EFZ,it_l13,HKB g/h,L13,"Applikationsentwicklung: Qualität, Sicherheit und Betrieb",hard,single_choice,Welche Aussage zum Thema Wartbarkeit ist fachlich korrekt?,Abhängigkeiten verstecken bei vergleichbaren Aufgaben,"Code, Architektur und Dokumentation für Änderungen verständlich halten",Wissen nur in Köpfen behalten im konkreten Auftrag im Werkstattumfeld,Technische Schulden ignorieren im laufenden Tagesgeschäft,B,Wartbarkeit senkt langfristige Kosten.,"Bildungsplan Informatiker/in EFZ BiVo 2021, ICT-Berufsbildung Schweiz/SBFI",https://www.ict-berufsbildung.ch/services/download-center
informatiker,Informatiker/in EFZ,it_l14,HKB a-h,L14,"Gemeinsame ICT-Grundlagen: Innovation, Recherche und Dokumentation",easy,single_choice,Welche Aussage beschreibt das Thema Technologierecherche im Beruf Informatiker/in EFZ am besten?,Marketingaussagen ungeprüft übernehmen nach gängiger Praxis,Quellen nicht vergleichen im üblichen Berufsalltag,Informationen zu ICT-Lösungen und Innovationen kritisch prüfen,Risiken ausblenden bei sachgemässer Ausführung,C,Recherche unterstützt fundierte Entscheidungen.,"Bildungsplan Informatiker/in EFZ BiVo 2021, ICT-Berufsbildung Schweiz/SBFI",https://www.ict-berufsbildung.ch/services/download-center
informatiker,Informatiker/in EFZ,it_l14,HKB a-h,L14,"Gemeinsame ICT-Grundlagen: Innovation, Recherche und Dokumentation",medium,single_choice,Worauf muss man beim Thema Technologierecherche in der Praxis besonders achten?,Marketingaussagen ungeprüft übernehmen im Produktionsalltag,Quellen nicht vergleichen im Werkstattumfeld bei sachgemässem Ablauf,Risiken ausblenden im laufenden Tagesgeschäft,Informationen zu ICT-Lösungen und Innovationen kritisch prüfen,D,Recherche unterstützt fundierte Entscheidungen.,"Bildungsplan Informatiker/in EFZ BiVo 2021, ICT-Berufsbildung Schweiz/SBFI",https://www.ict-berufsbildung.ch/services/download-center
informatiker,Informatiker/in EFZ,it_l14,HKB a-h,L14,"Gemeinsame ICT-Grundlagen: Innovation, Recherche und Dokumentation",hard,single_choice,Welche Aussage zum Thema Technologierecherche ist fachlich korrekt?,Informationen zu ICT-Lösungen und Innovationen kritisch prüfen,Marketingaussagen ungeprüft übernehmen im Rahmen der Routine,Quellen nicht vergleichen unter typischen Arbeitsbedingungen,Risiken ausblenden nach gängiger Praxis bei vergleichbaren Aufgaben,A,Recherche unterstützt fundierte Entscheidungen.,"Bildungsplan Informatiker/in EFZ BiVo 2021, ICT-Berufsbildung Schweiz/SBFI",https://www.ict-berufsbildung.ch/services/download-center
informatiker,Informatiker/in EFZ,it_l14,HKB a-h,L14,"Gemeinsame ICT-Grundlagen: Innovation, Recherche und Dokumentation",easy,single_choice,Welche Aussage beschreibt das Thema Quellenbewertung im Beruf Informatiker/in EFZ am besten?,ein Forum als alleinige Wahrheit nehmen bei sachgemässer Ausführung,"Aktualität, Autorität, Zweck und Nachvollziehbarkeit einer Quelle beurteilen",Datum ignorieren im Produktionsalltag im normalen Werkstattbetrieb,Interessenkonflikte übersehen bei sachgemässem Ablauf im üblichen Berufsalltag,B,Quellenqualität beeinflusst Lösungsqualität.,"Bildungsplan Informatiker/in EFZ BiVo 2021, ICT-Berufsbildung Schweiz/SBFI",https://www.ict-berufsbildung.ch/services/download-center
informatiker,Informatiker/in EFZ,it_l14,HKB a-h,L14,"Gemeinsame ICT-Grundlagen: Innovation, Recherche und Dokumentation",medium,single_choice,Worauf muss man beim Thema Quellenbewertung in der Praxis besonders achten?,ein Forum als alleinige Wahrheit nehmen im laufenden Tagesgeschäft,Datum ignorieren im Rahmen der Routine im konkreten Auftrag,"Aktualität, Autorität, Zweck und Nachvollziehbarkeit einer Quelle beurteilen",Interessenkonflikte übersehen bei vergleichbaren Aufgaben im Werkstattumfeld,C,Quellenqualität beeinflusst Lösungsqualität.,"Bildungsplan Informatiker/in EFZ BiVo 2021, ICT-Berufsbildung Schweiz/SBFI",https://www.ict-berufsbildung.ch/services/download-center
informatiker,Informatiker/in EFZ,it_l14,HKB a-h,L14,"Gemeinsame ICT-Grundlagen: Innovation, Recherche und Dokumentation",hard,single_choice,Welche Aussage zum Thema Quellenbewertung ist fachlich korrekt?,ein Forum als alleinige Wahrheit nehmen im üblichen Berufsalltag,Datum ignorieren im normalen Werkstattbetrieb nach gängiger Praxis,Interessenkonflikte übersehen bei sachgemässer Ausführung,"Aktualität, Autorität, Zweck und Nachvollziehbarkeit einer Quelle beurteilen",D,Quellenqualität beeinflusst Lösungsqualität.,"Bildungsplan Informatiker/in EFZ BiVo 2021, ICT-Berufsbildung Schweiz/SBFI",https://www.ict-berufsbildung.ch/services/download-center
informatiker,Informatiker/in EFZ,it_l14,HKB a-h,L14,"Gemeinsame ICT-Grundlagen: Innovation, Recherche und Dokumentation",easy,single_choice,Welche Aussage beschreibt das Thema Dokumentationsstruktur im Beruf Informatiker/in EFZ am besten?,technische Informationen zielgruppengerecht und auffindbar ordnen,alles in private Notizen schreiben im Werkstattumfeld,Versionen vermischen im konkreten Auftrag im Produktionsalltag,Abkürzungen ungeklärt lassen im laufenden Tagesgeschäft,A,Dokumentation muss im Betrieb nutzbar sein.,"Bildungsplan Informatiker/in EFZ BiVo 2021, ICT-Berufsbildung Schweiz/SBFI",https://www.ict-berufsbildung.ch/services/download-center
informatiker,Informatiker/in EFZ,it_l14,HKB a-h,L14,"Gemeinsame ICT-Grundlagen: Innovation, Recherche und Dokumentation",medium,single_choice,Worauf muss man beim Thema Dokumentationsstruktur in der Praxis besonders achten?,alles in private Notizen schreiben unter typischen Arbeitsbedingungen,technische Informationen zielgruppengerecht und auffindbar ordnen,Versionen vermischen im üblichen Berufsalltag im Rahmen der Routine,Abkürzungen ungeklärt lassen nach gängiger Praxis,B,Dokumentation muss im Betrieb nutzbar sein.,"Bildungsplan Informatiker/in EFZ BiVo 2021, ICT-Berufsbildung Schweiz/SBFI",https://www.ict-berufsbildung.ch/services/download-center
informatiker,Informatiker/in EFZ,it_l14,HKB a-h,L14,"Gemeinsame ICT-Grundlagen: Innovation, Recherche und Dokumentation",hard,single_choice,Welche Aussage zum Thema Dokumentationsstruktur ist fachlich korrekt?,alles in private Notizen schreiben bei sachgemässem Ablauf,Versionen vermischen im Werkstattumfeld im normalen Werkstattbetrieb,technische Informationen zielgruppengerecht und auffindbar ordnen,Abkürzungen ungeklärt lassen im Produktionsalltag,C,Dokumentation muss im Betrieb nutzbar sein.,"Bildungsplan Informatiker/in EFZ BiVo 2021, ICT-Berufsbildung Schweiz/SBFI",https://www.ict-berufsbildung.ch/services/download-center
informatiker,Informatiker/in EFZ,it_l14,HKB a-h,L14,"Gemeinsame ICT-Grundlagen: Innovation, Recherche und Dokumentation",easy,single_choice,Welche Aussage beschreibt das Thema Englische Fachkommunikation im Beruf Informatiker/in EFZ am besten?,automatisch unkontrolliert übersetzen bei vergleichbaren Aufgaben,Fachbegriffe falsch verwenden im Rahmen der Routine,Rückfragen vermeiden unter typischen Arbeitsbedingungen,ICT-Anfragen und einfache Texte verständlich auf Englisch bearbeiten,D,Englisch ist in ICT-Dokumentation und Support wichtig.,"Bildungsplan Informatiker/in EFZ BiVo 2021, ICT-Berufsbildung Schweiz/SBFI",https://www.ict-berufsbildung.ch/services/download-center
informatiker,Informatiker/in EFZ,it_l14,HKB a-h,L14,"Gemeinsame ICT-Grundlagen: Innovation, Recherche und Dokumentation",medium,single_choice,Worauf muss man beim Thema Englische Fachkommunikation in der Praxis besonders achten?,ICT-Anfragen und einfache Texte verständlich auf Englisch bearbeiten,automatisch unkontrolliert übersetzen bei sachgemässer Ausführung,Fachbegriffe falsch verwenden im normalen Werkstattbetrieb,Rückfragen vermeiden bei sachgemässem Ablauf im üblichen Berufsalltag,A,Englisch ist in ICT-Dokumentation und Support wichtig.,"Bildungsplan Informatiker/in EFZ BiVo 2021, ICT-Berufsbildung Schweiz/SBFI",https://www.ict-berufsbildung.ch/services/download-center
informatiker,Informatiker/in EFZ,it_l14,HKB a-h,L14,"Gemeinsame ICT-Grundlagen: Innovation, Recherche und Dokumentation",hard,single_choice,Welche Aussage zum Thema Englische Fachkommunikation ist fachlich korrekt?,automatisch unkontrolliert übersetzen im laufenden Tagesgeschäft,ICT-Anfragen und einfache Texte verständlich auf Englisch bearbeiten,Fachbegriffe falsch verwenden im konkreten Auftrag,Rückfragen vermeiden bei vergleichbaren Aufgaben im Werkstattumfeld,B,Englisch ist in ICT-Dokumentation und Support wichtig.,"Bildungsplan Informatiker/in EFZ BiVo 2021, ICT-Berufsbildung Schweiz/SBFI",https://www.ict-berufsbildung.ch/services/download-center
informatiker,Informatiker/in EFZ,it_l14,HKB a-h,L14,"Gemeinsame ICT-Grundlagen: Innovation, Recherche und Dokumentation",easy,single_choice,Welche Aussage beschreibt das Thema Mathematische Grundlage im Beruf Informatiker/in EFZ am besten?,Messdaten ohne Methode interpretieren nach gängiger Praxis,Bedingungen verwechseln bei sachgemässer Ausführung,"Logik, Statistik oder Algorithmen zur Problemlösung einsetzen",Ergebnisse nicht plausibilisieren im üblichen Berufsalltag,C,Mathematik unterstützt Analyse und Sicherheit.,"Bildungsplan Informatiker/in EFZ BiVo 2021, ICT-Berufsbildung Schweiz/SBFI",https://www.ict-berufsbildung.ch/services/download-center
informatiker,Informatiker/in EFZ,it_l14,HKB a-h,L14,"Gemeinsame ICT-Grundlagen: Innovation, Recherche und Dokumentation",medium,single_choice,Worauf muss man beim Thema Mathematische Grundlage in der Praxis besonders achten?,Messdaten ohne Methode interpretieren im Produktionsalltag,Bedingungen verwechseln im laufenden Tagesgeschäft,Ergebnisse nicht plausibilisieren im Werkstattumfeld,"Logik, Statistik oder Algorithmen zur Problemlösung einsetzen",D,Mathematik unterstützt Analyse und Sicherheit.,"Bildungsplan Informatiker/in EFZ BiVo 2021, ICT-Berufsbildung Schweiz/SBFI",https://www.ict-berufsbildung.ch/services/download-center
informatiker,Informatiker/in EFZ,it_l14,HKB a-h,L14,"Gemeinsame ICT-Grundlagen: Innovation, Recherche und Dokumentation",hard,single_choice,Welche Aussage zum Thema Mathematische Grundlage ist fachlich korrekt?,"Logik, Statistik oder Algorithmen zur Problemlösung einsetzen",Messdaten ohne Methode interpretieren im Rahmen der Routine,Bedingungen verwechseln nach gängiger Praxis,Ergebnisse nicht plausibilisieren unter typischen Arbeitsbedingungen,A,Mathematik unterstützt Analyse und Sicherheit.,"Bildungsplan Informatiker/in EFZ BiVo 2021, ICT-Berufsbildung Schweiz/SBFI",https://www.ict-berufsbildung.ch/services/download-center
informatiker,Informatiker/in EFZ,it_l14,HKB a-h,L14,"Gemeinsame ICT-Grundlagen: Innovation, Recherche und Dokumentation",easy,single_choice,Welche Aussage beschreibt das Thema Formale Logik im Beruf Informatiker/in EFZ am besten?,UND und ODER verwechseln bei sachgemässem Ablauf,Bedingungen und Verknüpfungen eindeutig formulieren,Ausnahmen nicht prüfen im Produktionsalltag,Regeln widersprüchlich formulieren im normalen Werkstattbetrieb,B,Logik ist Grundlage für Anforderungen und Code.,"Bildungsplan Informatiker/in EFZ BiVo 2021, ICT-Berufsbildung Schweiz/SBFI",https://www.ict-berufsbildung.ch/services/download-center
informatiker,Informatiker/in EFZ,it_l14,HKB a-h,L14,"Gemeinsame ICT-Grundlagen: Innovation, Recherche und Dokumentation",medium,single_choice,Worauf muss man beim Thema Formale Logik in der Praxis besonders achten?,UND und ODER verwechseln bei vergleichbaren Aufgaben,Ausnahmen nicht prüfen im Rahmen der Routine,Bedingungen und Verknüpfungen eindeutig formulieren,Regeln widersprüchlich formulieren im konkreten Auftrag,C,Logik ist Grundlage für Anforderungen und Code.,"Bildungsplan Informatiker/in EFZ BiVo 2021, ICT-Berufsbildung Schweiz/SBFI",https://www.ict-berufsbildung.ch/services/download-center
informatiker,Informatiker/in EFZ,it_l14,HKB a-h,L14,"Gemeinsame ICT-Grundlagen: Innovation, Recherche und Dokumentation",hard,single_choice,Welche Aussage zum Thema Formale Logik ist fachlich korrekt?,UND und ODER verwechseln bei sachgemässer Ausführung,Ausnahmen nicht prüfen im normalen Werkstattbetrieb,Regeln widersprüchlich formulieren im üblichen Berufsalltag,Bedingungen und Verknüpfungen eindeutig formulieren,D,Logik ist Grundlage für Anforderungen und Code.,"Bildungsplan Informatiker/in EFZ BiVo 2021, ICT-Berufsbildung Schweiz/SBFI",https://www.ict-berufsbildung.ch/services/download-center
informatiker,Informatiker/in EFZ,it_l14,HKB a-h,L14,"Gemeinsame ICT-Grundlagen: Innovation, Recherche und Dokumentation",easy,single_choice,Welche Aussage beschreibt das Thema Statistische Auswertung im Beruf Informatiker/in EFZ am besten?,Daten mit geeigneten Kennzahlen und Vorsicht interpretieren,Ausreisser ungeprüft als Trend sehen im Werkstattumfeld,Stichprobe ignorieren im konkreten Auftrag,Korrelation als Ursache beweisen im laufenden Tagesgeschäft,A,Statistik hilft bei Datenanalyse und Monitoring.,"Bildungsplan Informatiker/in EFZ BiVo 2021, ICT-Berufsbildung Schweiz/SBFI",https://www.ict-berufsbildung.ch/services/download-center
informatiker,Informatiker/in EFZ,it_l14,HKB a-h,L14,"Gemeinsame ICT-Grundlagen: Innovation, Recherche und Dokumentation",medium,single_choice,Worauf muss man beim Thema Statistische Auswertung in der Praxis besonders achten?,Ausreisser ungeprüft als Trend sehen unter typischen Arbeitsbedingungen,Daten mit geeigneten Kennzahlen und Vorsicht interpretieren,Stichprobe ignorieren im üblichen Berufsalltag,Korrelation als Ursache beweisen nach gängiger Praxis,B,Statistik hilft bei Datenanalyse und Monitoring.,"Bildungsplan Informatiker/in EFZ BiVo 2021, ICT-Berufsbildung Schweiz/SBFI",https://www.ict-berufsbildung.ch/services/download-center
informatiker,Informatiker/in EFZ,it_l14,HKB a-h,L14,"Gemeinsame ICT-Grundlagen: Innovation, Recherche und Dokumentation",hard,single_choice,Welche Aussage zum Thema Statistische Auswertung ist fachlich korrekt?,Ausreisser ungeprüft als Trend sehen bei sachgemässem Ablauf,Stichprobe ignorieren im Werkstattumfeld im normalen Werkstattbetrieb,Daten mit geeigneten Kennzahlen und Vorsicht interpretieren,Korrelation als Ursache beweisen im Produktionsalltag,C,Statistik hilft bei Datenanalyse und Monitoring.,"Bildungsplan Informatiker/in EFZ BiVo 2021, ICT-Berufsbildung Schweiz/SBFI",https://www.ict-berufsbildung.ch/services/download-center
informatiker,Informatiker/in EFZ,it_l14,HKB a-h,L14,"Gemeinsame ICT-Grundlagen: Innovation, Recherche und Dokumentation",easy,single_choice,Welche Aussage beschreibt das Thema Verschlüsselungsprinzip im Beruf Informatiker/in EFZ am besten?,eigene Kryptografie erfinden unter typischen Arbeitsbedingungen,Schlüsselmanagement ignorieren im Rahmen der Routine,Verschlüsselung mit Anonymität verwechseln bei vergleichbaren Aufgaben,Schutzziele und Einsatzgrenzen kryptografischer Verfahren verstehen,D,Kryptografie braucht etablierte Verfahren und saubere Schlüssel.,"Bildungsplan Informatiker/in EFZ BiVo 2021, ICT-Berufsbildung Schweiz/SBFI",https://www.ict-berufsbildung.ch/services/download-center
informatiker,Informatiker/in EFZ,it_l14,HKB a-h,L14,"Gemeinsame ICT-Grundlagen: Innovation, Recherche und Dokumentation",medium,single_choice,Worauf muss man beim Thema Verschlüsselungsprinzip in der Praxis besonders achten?,Schutzziele und Einsatzgrenzen kryptografischer Verfahren verstehen,eigene Kryptografie erfinden bei sachgemässem Ablauf,Schlüsselmanagement ignorieren im normalen Werkstattbetrieb,Verschlüsselung mit Anonymität verwechseln bei sachgemässer Ausführung,A,Kryptografie braucht etablierte Verfahren und saubere Schlüssel.,"Bildungsplan Informatiker/in EFZ BiVo 2021, ICT-Berufsbildung Schweiz/SBFI",https://www.ict-berufsbildung.ch/services/download-center
informatiker,Informatiker/in EFZ,it_l14,HKB a-h,L14,"Gemeinsame ICT-Grundlagen: Innovation, Recherche und Dokumentation",hard,single_choice,Welche Aussage zum Thema Verschlüsselungsprinzip ist fachlich korrekt?,eigene Kryptografie erfinden bei vergleichbaren Aufgaben,Schutzziele und Einsatzgrenzen kryptografischer Verfahren verstehen,Schlüsselmanagement ignorieren im konkreten Auftrag,Verschlüsselung mit Anonymität verwechseln im laufenden Tagesgeschäft,B,Kryptografie braucht etablierte Verfahren und saubere Schlüssel.,"Bildungsplan Informatiker/in EFZ BiVo 2021, ICT-Berufsbildung Schweiz/SBFI",https://www.ict-berufsbildung.ch/services/download-center
informatiker,Informatiker/in EFZ,it_l14,HKB a-h,L14,"Gemeinsame ICT-Grundlagen: Innovation, Recherche und Dokumentation",easy,single_choice,Welche Aussage beschreibt das Thema Technische Präsentation im Beruf Informatiker/in EFZ am besten?,Folien mit Code überladen im üblichen Berufsalltag bei vergleichbaren Aufgaben,Risiken verschweigen bei sachgemässer Ausführung unter typischen Arbeitsbedingungen,"Lösungen adressatengerecht, verständlich und entscheidungsorientiert präsentieren",Alternativen nicht erklären nach gängiger Praxis im Rahmen der Routine,C,Präsentation macht ICT-Entscheide möglich.,"Bildungsplan Informatiker/in EFZ BiVo 2021, ICT-Berufsbildung Schweiz/SBFI",https://www.ict-berufsbildung.ch/services/download-center
informatiker,Informatiker/in EFZ,it_l14,HKB a-h,L14,"Gemeinsame ICT-Grundlagen: Innovation, Recherche und Dokumentation",medium,single_choice,Worauf muss man beim Thema Technische Präsentation in der Praxis besonders achten?,Folien mit Code überladen im Werkstattumfeld bei sachgemässem Ablauf,Risiken verschweigen im laufenden Tagesgeschäft im normalen Werkstattbetrieb,Alternativen nicht erklären im Produktionsalltag bei sachgemässer Ausführung,"Lösungen adressatengerecht, verständlich und entscheidungsorientiert präsentieren",D,Präsentation macht ICT-Entscheide möglich.,"Bildungsplan Informatiker/in EFZ BiVo 2021, ICT-Berufsbildung Schweiz/SBFI",https://www.ict-berufsbildung.ch/services/download-center
informatiker,Informatiker/in EFZ,it_l14,HKB a-h,L14,"Gemeinsame ICT-Grundlagen: Innovation, Recherche und Dokumentation",hard,single_choice,Welche Aussage zum Thema Technische Präsentation ist fachlich korrekt?,"Lösungen adressatengerecht, verständlich und entscheidungsorientiert präsentieren",Folien mit Code überladen unter typischen Arbeitsbedingungen,Risiken verschweigen nach gängiger Praxis bei vergleichbaren Aufgaben,Alternativen nicht erklären im Rahmen der Routine im konkreten Auftrag,A,Präsentation macht ICT-Entscheide möglich.,"Bildungsplan Informatiker/in EFZ BiVo 2021, ICT-Berufsbildung Schweiz/SBFI",https://www.ict-berufsbildung.ch/services/download-center
informatiker,Informatiker/in EFZ,it_l14,HKB a-h,L14,"Gemeinsame ICT-Grundlagen: Innovation, Recherche und Dokumentation",easy,single_choice,Welche Aussage beschreibt das Thema Lernortkooperation im Beruf Informatiker/in EFZ am besten?,Lernorte gegeneinander ausspielen bei sachgemässem Ablauf,"Betrieb, Berufsfachschule und üK als ergänzende Lernorte verstehen",üK-Inhalte als irrelevant betrachten im normalen Werkstattbetrieb,Erfahrungen nicht verknüpfen im Produktionsalltag,B,"Die Grundbildung verbindet Praxis, Theorie und Grundfertigkeiten.","Bildungsplan Informatiker/in EFZ BiVo 2021, ICT-Berufsbildung Schweiz/SBFI",https://www.ict-berufsbildung.ch/services/download-center
informatiker,Informatiker/in EFZ,it_l14,HKB a-h,L14,"Gemeinsame ICT-Grundlagen: Innovation, Recherche und Dokumentation",medium,single_choice,Worauf muss man beim Thema Lernortkooperation in der Praxis besonders achten?,Lernorte gegeneinander ausspielen bei vergleichbaren Aufgaben,üK-Inhalte als irrelevant betrachten im konkreten Auftrag,"Betrieb, Berufsfachschule und üK als ergänzende Lernorte verstehen",Erfahrungen nicht verknüpfen im Rahmen der Routine,C,"Die Grundbildung verbindet Praxis, Theorie und Grundfertigkeiten.","Bildungsplan Informatiker/in EFZ BiVo 2021, ICT-Berufsbildung Schweiz/SBFI",https://www.ict-berufsbildung.ch/services/download-center
informatiker,Informatiker/in EFZ,it_l14,HKB a-h,L14,"Gemeinsame ICT-Grundlagen: Innovation, Recherche und Dokumentation",hard,single_choice,Welche Aussage zum Thema Lernortkooperation ist fachlich korrekt?,Lernorte gegeneinander ausspielen bei sachgemässer Ausführung,üK-Inhalte als irrelevant betrachten im üblichen Berufsalltag,Erfahrungen nicht verknüpfen im normalen Werkstattbetrieb,"Betrieb, Berufsfachschule und üK als ergänzende Lernorte verstehen",D,"Die Grundbildung verbindet Praxis, Theorie und Grundfertigkeiten.","Bildungsplan Informatiker/in EFZ BiVo 2021, ICT-Berufsbildung Schweiz/SBFI",https://www.ict-berufsbildung.ch/services/download-center
informatiker,Informatiker/in EFZ,it_l15,HKB a-h,L15,"Qualität, Testing und Abnahme in ICT-Lösungen",easy,single_choice,Welche Aussage beschreibt das Thema Testplan im Beruf Informatiker/in EFZ am besten?,"Testziele, Testfälle, Daten und Verantwortlichkeiten festlegen",spontan ohne Kriterien testen im laufenden Tagesgeschäft,Testdaten produktiv verändern im Werkstattumfeld,Erwartungen nicht definieren im konkreten Auftrag,A,Ein Testplan macht Prüfung nachvollziehbar.,"Bildungsplan Informatiker/in EFZ BiVo 2021, ICT-Berufsbildung Schweiz/SBFI",https://www.ict-berufsbildung.ch/services/download-center
informatiker,Informatiker/in EFZ,it_l15,HKB a-h,L15,"Qualität, Testing und Abnahme in ICT-Lösungen",medium,single_choice,Worauf muss man beim Thema Testplan in der Praxis besonders achten?,spontan ohne Kriterien testen nach gängiger Praxis,"Testziele, Testfälle, Daten und Verantwortlichkeiten festlegen",Testdaten produktiv verändern unter typischen Arbeitsbedingungen,Erwartungen nicht definieren im üblichen Berufsalltag,B,Ein Testplan macht Prüfung nachvollziehbar.,"Bildungsplan Informatiker/in EFZ BiVo 2021, ICT-Berufsbildung Schweiz/SBFI",https://www.ict-berufsbildung.ch/services/download-center
informatiker,Informatiker/in EFZ,it_l15,HKB a-h,L15,"Qualität, Testing und Abnahme in ICT-Lösungen",hard,single_choice,Welche Aussage zum Thema Testplan ist fachlich korrekt?,spontan ohne Kriterien testen im Produktionsalltag,Testdaten produktiv verändern bei sachgemässem Ablauf,"Testziele, Testfälle, Daten und Verantwortlichkeiten festlegen",Erwartungen nicht definieren im Werkstattumfeld,C,Ein Testplan macht Prüfung nachvollziehbar.,"Bildungsplan Informatiker/in EFZ BiVo 2021, ICT-Berufsbildung Schweiz/SBFI",https://www.ict-berufsbildung.ch/services/download-center
informatiker,Informatiker/in EFZ,it_l15,HKB a-h,L15,"Qualität, Testing und Abnahme in ICT-Lösungen",easy,single_choice,Welche Aussage beschreibt das Thema Testfall im Beruf Informatiker/in EFZ am besten?,nur 'funktioniert' notieren im Rahmen der Routine,Vorbedingungen auslassen unter typischen Arbeitsbedingungen,Ergebnisse nicht vergleichen bei vergleichbaren Aufgaben,"Eingaben, Schritte und erwartetes Ergebnis eindeutig beschreiben",D,Testfälle ermöglichen Wiederholbarkeit.,"Bildungsplan Informatiker/in EFZ BiVo 2021, ICT-Berufsbildung Schweiz/SBFI",https://www.ict-berufsbildung.ch/services/download-center
informatiker,Informatiker/in EFZ,it_l15,HKB a-h,L15,"Qualität, Testing und Abnahme in ICT-Lösungen",medium,single_choice,Worauf muss man beim Thema Testfall in der Praxis besonders achten?,"Eingaben, Schritte und erwartetes Ergebnis eindeutig beschreiben",nur 'funktioniert' notieren im normalen Werkstattbetrieb,Vorbedingungen auslassen bei sachgemässem Ablauf,Ergebnisse nicht vergleichen bei sachgemässer Ausführung,A,Testfälle ermöglichen Wiederholbarkeit.,"Bildungsplan Informatiker/in EFZ BiVo 2021, ICT-Berufsbildung Schweiz/SBFI",https://www.ict-berufsbildung.ch/services/download-center
informatiker,Informatiker/in EFZ,it_l15,HKB a-h,L15,"Qualität, Testing und Abnahme in ICT-Lösungen",hard,single_choice,Welche Aussage zum Thema Testfall ist fachlich korrekt?,nur 'funktioniert' notieren im konkreten Auftrag,"Eingaben, Schritte und erwartetes Ergebnis eindeutig beschreiben",Vorbedingungen auslassen bei vergleichbaren Aufgaben,Ergebnisse nicht vergleichen im laufenden Tagesgeschäft,B,Testfälle ermöglichen Wiederholbarkeit.,"Bildungsplan Informatiker/in EFZ BiVo 2021, ICT-Berufsbildung Schweiz/SBFI",https://www.ict-berufsbildung.ch/services/download-center
informatiker,Informatiker/in EFZ,it_l15,HKB a-h,L15,"Qualität, Testing und Abnahme in ICT-Lösungen",easy,single_choice,Welche Aussage beschreibt das Thema Regressionstest im Beruf Informatiker/in EFZ am besten?,nur neue Funktion testen im üblichen Berufsalltag,alte Fehler ignorieren bei sachgemässer Ausführung,"nach Änderungen prüfen, ob bestehende Funktionen weiter funktionieren",Automatisierung vermeiden nach gängiger Praxis unter typischen Arbeitsbedingungen,C,Regressionstests schützen vorhandene Qualität.,"Bildungsplan Informatiker/in EFZ BiVo 2021, ICT-Berufsbildung Schweiz/SBFI",https://www.ict-berufsbildung.ch/services/download-center
informatiker,Informatiker/in EFZ,it_l15,HKB a-h,L15,"Qualität, Testing und Abnahme in ICT-Lösungen",medium,single_choice,Worauf muss man beim Thema Regressionstest in der Praxis besonders achten?,nur neue Funktion testen im Werkstattumfeld bei sachgemässem Ablauf,alte Fehler ignorieren im laufenden Tagesgeschäft,Automatisierung vermeiden im Produktionsalltag im normalen Werkstattbetrieb,"nach Änderungen prüfen, ob bestehende Funktionen weiter funktionieren",D,Regressionstests schützen vorhandene Qualität.,"Bildungsplan Informatiker/in EFZ BiVo 2021, ICT-Berufsbildung Schweiz/SBFI",https://www.ict-berufsbildung.ch/services/download-center
informatiker,Informatiker/in EFZ,it_l15,HKB a-h,L15,"Qualität, Testing und Abnahme in ICT-Lösungen",hard,single_choice,Welche Aussage zum Thema Regressionstest ist fachlich korrekt?,"nach Änderungen prüfen, ob bestehende Funktionen weiter funktionieren",nur neue Funktion testen unter typischen Arbeitsbedingungen,alte Fehler ignorieren nach gängiger Praxis bei vergleichbaren Aufgaben,Automatisierung vermeiden im Rahmen der Routine im konkreten Auftrag,A,Regressionstests schützen vorhandene Qualität.,"Bildungsplan Informatiker/in EFZ BiVo 2021, ICT-Berufsbildung Schweiz/SBFI",https://www.ict-berufsbildung.ch/services/download-center
informatiker,Informatiker/in EFZ,it_l15,HKB a-h,L15,"Qualität, Testing und Abnahme in ICT-Lösungen",easy,single_choice,Welche Aussage beschreibt das Thema Abnahme im Beruf Informatiker/in EFZ am besten?,ohne Kriterien abnehmen bei sachgemässem Ablauf im üblichen Berufsalltag,Lösung anhand vereinbarter Kriterien prüfen und formell bestätigen lassen,Mängel nicht erfassen im Produktionsalltag bei sachgemässer Ausführung,Abnahme nur mündlich machen im normalen Werkstattbetrieb,B,Abnahme verbindet Projektabschluss und Kundenakzeptanz.,"Bildungsplan Informatiker/in EFZ BiVo 2021, ICT-Berufsbildung Schweiz/SBFI",https://www.ict-berufsbildung.ch/services/download-center
informatiker,Informatiker/in EFZ,it_l15,HKB a-h,L15,"Qualität, Testing und Abnahme in ICT-Lösungen",medium,single_choice,Worauf muss man beim Thema Abnahme in der Praxis besonders achten?,ohne Kriterien abnehmen bei vergleichbaren Aufgaben im Produktionsalltag,Mängel nicht erfassen im Rahmen der Routine im laufenden Tagesgeschäft,Lösung anhand vereinbarter Kriterien prüfen und formell bestätigen lassen,Abnahme nur mündlich machen im konkreten Auftrag im Werkstattumfeld,C,Abnahme verbindet Projektabschluss und Kundenakzeptanz.,"Bildungsplan Informatiker/in EFZ BiVo 2021, ICT-Berufsbildung Schweiz/SBFI",https://www.ict-berufsbildung.ch/services/download-center
informatiker,Informatiker/in EFZ,it_l15,HKB a-h,L15,"Qualität, Testing und Abnahme in ICT-Lösungen",hard,single_choice,Welche Aussage zum Thema Abnahme ist fachlich korrekt?,ohne Kriterien abnehmen bei sachgemässer Ausführung unter typischen Arbeitsbedingungen,Mängel nicht erfassen im normalen Werkstattbetrieb nach gängiger Praxis,Abnahme nur mündlich machen im üblichen Berufsalltag,Lösung anhand vereinbarter Kriterien prüfen und formell bestätigen lassen,D,Abnahme verbindet Projektabschluss und Kundenakzeptanz.,"Bildungsplan Informatiker/in EFZ BiVo 2021, ICT-Berufsbildung Schweiz/SBFI",https://www.ict-berufsbildung.ch/services/download-center
informatiker,Informatiker/in EFZ,it_l15,HKB a-h,L15,"Qualität, Testing und Abnahme in ICT-Lösungen",easy,single_choice,Welche Aussage beschreibt das Thema Qualitätskriterium im Beruf Informatiker/in EFZ am besten?,"Messbare Eigenschaften wie Sicherheit, Leistung oder Bedienbarkeit definieren",Qualität nur als Bauchgefühl sehen im laufenden Tagesgeschäft,Kriterien nicht priorisieren im konkreten Auftrag im Produktionsalltag,nicht messbare Ziele genügen lassen im Werkstattumfeld,A,Qualität muss bewertbar sein.,"Bildungsplan Informatiker/in EFZ BiVo 2021, ICT-Berufsbildung Schweiz/SBFI",https://www.ict-berufsbildung.ch/services/download-center
informatiker,Informatiker/in EFZ,it_l15,HKB a-h,L15,"Qualität, Testing und Abnahme in ICT-Lösungen",medium,single_choice,Worauf muss man beim Thema Qualitätskriterium in der Praxis besonders achten?,Qualität nur als Bauchgefühl sehen nach gängiger Praxis,"Messbare Eigenschaften wie Sicherheit, Leistung oder Bedienbarkeit definieren",Kriterien nicht priorisieren im üblichen Berufsalltag im Rahmen der Routine,nicht messbare Ziele genügen lassen unter typischen Arbeitsbedingungen,B,Qualität muss bewertbar sein.,"Bildungsplan Informatiker/in EFZ BiVo 2021, ICT-Berufsbildung Schweiz/SBFI",https://www.ict-berufsbildung.ch/services/download-center
informatiker,Informatiker/in EFZ,it_l15,HKB a-h,L15,"Qualität, Testing und Abnahme in ICT-Lösungen",hard,single_choice,Welche Aussage zum Thema Qualitätskriterium ist fachlich korrekt?,Qualität nur als Bauchgefühl sehen im Produktionsalltag,Kriterien nicht priorisieren im Werkstattumfeld im normalen Werkstattbetrieb,"Messbare Eigenschaften wie Sicherheit, Leistung oder Bedienbarkeit definieren",nicht messbare Ziele genügen lassen bei sachgemässem Ablauf,C,Qualität muss bewertbar sein.,"Bildungsplan Informatiker/in EFZ BiVo 2021, ICT-Berufsbildung Schweiz/SBFI",https://www.ict-berufsbildung.ch/services/download-center
informatiker,Informatiker/in EFZ,it_l15,HKB a-h,L15,"Qualität, Testing und Abnahme in ICT-Lösungen",easy,single_choice,Welche Aussage beschreibt das Thema Fehlerklassifikation im Beruf Informatiker/in EFZ am besten?,alle Fehler gleich behandeln im Rahmen der Routine,kritische Fehler verschieben bei vergleichbaren Aufgaben,Ursache nicht analysieren unter typischen Arbeitsbedingungen,"Fehler nach Schwere, Ursache und Auswirkung einordnen",D,Klassifikation hilft bei Priorisierung.,"Bildungsplan Informatiker/in EFZ BiVo 2021, ICT-Berufsbildung Schweiz/SBFI",https://www.ict-berufsbildung.ch/services/download-center
informatiker,Informatiker/in EFZ,it_l15,HKB a-h,L15,"Qualität, Testing und Abnahme in ICT-Lösungen",medium,single_choice,Worauf muss man beim Thema Fehlerklassifikation in der Praxis besonders achten?,"Fehler nach Schwere, Ursache und Auswirkung einordnen",alle Fehler gleich behandeln im normalen Werkstattbetrieb,kritische Fehler verschieben bei sachgemässer Ausführung,Ursache nicht analysieren bei sachgemässem Ablauf,A,Klassifikation hilft bei Priorisierung.,"Bildungsplan Informatiker/in EFZ BiVo 2021, ICT-Berufsbildung Schweiz/SBFI",https://www.ict-berufsbildung.ch/services/download-center
informatiker,Informatiker/in EFZ,it_l15,HKB a-h,L15,"Qualität, Testing und Abnahme in ICT-Lösungen",hard,single_choice,Welche Aussage zum Thema Fehlerklassifikation ist fachlich korrekt?,alle Fehler gleich behandeln im konkreten Auftrag,"Fehler nach Schwere, Ursache und Auswirkung einordnen",kritische Fehler verschieben im laufenden Tagesgeschäft,Ursache nicht analysieren bei vergleichbaren Aufgaben,B,Klassifikation hilft bei Priorisierung.,"Bildungsplan Informatiker/in EFZ BiVo 2021, ICT-Berufsbildung Schweiz/SBFI",https://www.ict-berufsbildung.ch/services/download-center
informatiker,Informatiker/in EFZ,it_l15,HKB a-h,L15,"Qualität, Testing und Abnahme in ICT-Lösungen",easy,single_choice,Welche Aussage beschreibt das Thema Dokumentierte Korrektur im Beruf Informatiker/in EFZ am besten?,Fix ohne Ticket einbauen bei sachgemässer Ausführung,keinen Nachtest durchführen im üblichen Berufsalltag,Fehlerbehebung nachvollziehbar beschreiben und erneut prüfen,Änderung nicht versionieren nach gängiger Praxis,C,Korrekturen brauchen Rückverfolgbarkeit.,"Bildungsplan Informatiker/in EFZ BiVo 2021, ICT-Berufsbildung Schweiz/SBFI",https://www.ict-berufsbildung.ch/services/download-center
informatiker,Informatiker/in EFZ,it_l15,HKB a-h,L15,"Qualität, Testing und Abnahme in ICT-Lösungen",medium,single_choice,Worauf muss man beim Thema Dokumentierte Korrektur in der Praxis besonders achten?,Fix ohne Ticket einbauen im laufenden Tagesgeschäft,keinen Nachtest durchführen im Werkstattumfeld,Änderung nicht versionieren im Produktionsalltag,Fehlerbehebung nachvollziehbar beschreiben und erneut prüfen,D,Korrekturen brauchen Rückverfolgbarkeit.,"Bildungsplan Informatiker/in EFZ BiVo 2021, ICT-Berufsbildung Schweiz/SBFI",https://www.ict-berufsbildung.ch/services/download-center
informatiker,Informatiker/in EFZ,it_l15,HKB a-h,L15,"Qualität, Testing und Abnahme in ICT-Lösungen",hard,single_choice,Welche Aussage zum Thema Dokumentierte Korrektur ist fachlich korrekt?,Fehlerbehebung nachvollziehbar beschreiben und erneut prüfen,Fix ohne Ticket einbauen nach gängiger Praxis,keinen Nachtest durchführen unter typischen Arbeitsbedingungen,Änderung nicht versionieren im Rahmen der Routine,A,Korrekturen brauchen Rückverfolgbarkeit.,"Bildungsplan Informatiker/in EFZ BiVo 2021, ICT-Berufsbildung Schweiz/SBFI",https://www.ict-berufsbildung.ch/services/download-center
informatiker,Informatiker/in EFZ,it_l15,HKB a-h,L15,"Qualität, Testing und Abnahme in ICT-Lösungen",easy,single_choice,Welche Aussage beschreibt das Thema Benutzerakzeptanztest im Beruf Informatiker/in EFZ am besten?,nur Entwickler testen lassen bei sachgemässem Ablauf,"prüfen, ob die Lösung den Arbeitsprozess tatsächlich unterstützt",Nutzende zu spät einbeziehen im normalen Werkstattbetrieb,Arbeitsrealität ignorieren im Produktionsalltag,B,Akzeptanz hängt vom praktischen Nutzen ab.,"Bildungsplan Informatiker/in EFZ BiVo 2021, ICT-Berufsbildung Schweiz/SBFI",https://www.ict-berufsbildung.ch/services/download-center
informatiker,Informatiker/in EFZ,it_l15,HKB a-h,L15,"Qualität, Testing und Abnahme in ICT-Lösungen",medium,single_choice,Worauf muss man beim Thema Benutzerakzeptanztest in der Praxis besonders achten?,nur Entwickler testen lassen bei vergleichbaren Aufgaben,Nutzende zu spät einbeziehen im konkreten Auftrag,"prüfen, ob die Lösung den Arbeitsprozess tatsächlich unterstützt",Arbeitsrealität ignorieren im Rahmen der Routine im laufenden Tagesgeschäft,C,Akzeptanz hängt vom praktischen Nutzen ab.,"Bildungsplan Informatiker/in EFZ BiVo 2021, ICT-Berufsbildung Schweiz/SBFI",https://www.ict-berufsbildung.ch/services/download-center
informatiker,Informatiker/in EFZ,it_l15,HKB a-h,L15,"Qualität, Testing und Abnahme in ICT-Lösungen",hard,single_choice,Welche Aussage zum Thema Benutzerakzeptanztest ist fachlich korrekt?,nur Entwickler testen lassen bei sachgemässer Ausführung,Nutzende zu spät einbeziehen im üblichen Berufsalltag,Arbeitsrealität ignorieren im normalen Werkstattbetrieb,"prüfen, ob die Lösung den Arbeitsprozess tatsächlich unterstützt",D,Akzeptanz hängt vom praktischen Nutzen ab.,"Bildungsplan Informatiker/in EFZ BiVo 2021, ICT-Berufsbildung Schweiz/SBFI",https://www.ict-berufsbildung.ch/services/download-center
informatiker,Informatiker/in EFZ,it_l15,HKB a-h,L15,"Qualität, Testing und Abnahme in ICT-Lösungen",easy,single_choice,Welche Aussage beschreibt das Thema Qualitätsrisiko im Beruf Informatiker/in EFZ am besten?,"Risiken für Betrieb, Sicherheit oder Nutzer früh erkennen",Warnzeichen ignorieren im konkreten Auftrag,Risiken nicht kommunizieren im Werkstattumfeld,keine Massnahmen planen im laufenden Tagesgeschäft,A,Qualitätsrisiken können Projekterfolg gefährden.,"Bildungsplan Informatiker/in EFZ BiVo 2021, ICT-Berufsbildung Schweiz/SBFI",https://www.ict-berufsbildung.ch/services/download-center
informatiker,Informatiker/in EFZ,it_l15,HKB a-h,L15,"Qualität, Testing und Abnahme in ICT-Lösungen",medium,single_choice,Worauf muss man beim Thema Qualitätsrisiko in der Praxis besonders achten?,Warnzeichen ignorieren im üblichen Berufsalltag,"Risiken für Betrieb, Sicherheit oder Nutzer früh erkennen",Risiken nicht kommunizieren unter typischen Arbeitsbedingungen,keine Massnahmen planen nach gängiger Praxis,B,Qualitätsrisiken können Projekterfolg gefährden.,"Bildungsplan Informatiker/in EFZ BiVo 2021, ICT-Berufsbildung Schweiz/SBFI",https://www.ict-berufsbildung.ch/services/download-center
informatiker,Informatiker/in EFZ,it_l15,HKB a-h,L15,"Qualität, Testing und Abnahme in ICT-Lösungen",hard,single_choice,Welche Aussage zum Thema Qualitätsrisiko ist fachlich korrekt?,Warnzeichen ignorieren im Werkstattumfeld im normalen Werkstattbetrieb,Risiken nicht kommunizieren bei sachgemässem Ablauf,"Risiken für Betrieb, Sicherheit oder Nutzer früh erkennen",keine Massnahmen planen im Produktionsalltag,C,Qualitätsrisiken können Projekterfolg gefährden.,"Bildungsplan Informatiker/in EFZ BiVo 2021, ICT-Berufsbildung Schweiz/SBFI",https://www.ict-berufsbildung.ch/services/download-center
informatiker,Informatiker/in EFZ,it_l15,HKB a-h,L15,"Qualität, Testing und Abnahme in ICT-Lösungen",easy,single_choice,Welche Aussage beschreibt das Thema Kontinuierliche Verbesserung im Beruf Informatiker/in EFZ am besten?,gleiche Fehler wiederholen im Rahmen der Routine,Feedback nicht auswerten unter typischen Arbeitsbedingungen,Massnahmen nicht verfolgen bei vergleichbaren Aufgaben,Ergebnisse aus Tests und Betrieb für Verbesserungen nutzen,D,ICT-Lösungen entwickeln sich laufend weiter.,"Bildungsplan Informatiker/in EFZ BiVo 2021, ICT-Berufsbildung Schweiz/SBFI",https://www.ict-berufsbildung.ch/services/download-center
informatiker,Informatiker/in EFZ,it_l15,HKB a-h,L15,"Qualität, Testing und Abnahme in ICT-Lösungen",medium,single_choice,Worauf muss man beim Thema Kontinuierliche Verbesserung in der Praxis besonders achten?,Ergebnisse aus Tests und Betrieb für Verbesserungen nutzen,gleiche Fehler wiederholen im normalen Werkstattbetrieb,Feedback nicht auswerten bei sachgemässem Ablauf,Massnahmen nicht verfolgen bei sachgemässer Ausführung,A,ICT-Lösungen entwickeln sich laufend weiter.,"Bildungsplan Informatiker/in EFZ BiVo 2021, ICT-Berufsbildung Schweiz/SBFI",https://www.ict-berufsbildung.ch/services/download-center
informatiker,Informatiker/in EFZ,it_l15,HKB a-h,L15,"Qualität, Testing und Abnahme in ICT-Lösungen",hard,single_choice,Welche Aussage zum Thema Kontinuierliche Verbesserung ist fachlich korrekt?,gleiche Fehler wiederholen im konkreten Auftrag,Ergebnisse aus Tests und Betrieb für Verbesserungen nutzen,Feedback nicht auswerten bei vergleichbaren Aufgaben,Massnahmen nicht verfolgen im laufenden Tagesgeschäft,B,ICT-Lösungen entwickeln sich laufend weiter.,"Bildungsplan Informatiker/in EFZ BiVo 2021, ICT-Berufsbildung Schweiz/SBFI",https://www.ict-berufsbildung.ch/services/download-center
informatiker,Informatiker/in EFZ,it_l16,HKB a-h,L16,"Betrieb, Berufspraxis und professionelle ICT-Haltung",easy,single_choice,Welche Aussage beschreibt das Thema Berufsrolle im Beruf Informatiker/in EFZ am besten?,Risiken verschweigen bei sachgemässer Ausführung unter typischen Arbeitsbedingungen,Aufgaben ohne Rückmeldung liegen lassen nach gängiger Praxis,"im eigenen Kompetenzbereich zuverlässig, lernbereit und verantwortungsvoll handeln",Kompetenzgrenzen ignorieren im üblichen Berufsalltag im Rahmen der Routine,C,Professionelles Handeln ist in allen ICT-Bereichen wichtig.,"Bildungsplan Informatiker/in EFZ BiVo 2021, ICT-Berufsbildung Schweiz/SBFI",https://www.ict-berufsbildung.ch/services/download-center
informatiker,Informatiker/in EFZ,it_l16,HKB a-h,L16,"Betrieb, Berufspraxis und professionelle ICT-Haltung",medium,single_choice,Worauf muss man beim Thema Berufsrolle in der Praxis besonders achten?,Risiken verschweigen im laufenden Tagesgeschäft im normalen Werkstattbetrieb,Aufgaben ohne Rückmeldung liegen lassen im Produktionsalltag,Kompetenzgrenzen ignorieren im Werkstattumfeld bei sachgemässem Ablauf,"im eigenen Kompetenzbereich zuverlässig, lernbereit und verantwortungsvoll handeln",D,Professionelles Handeln ist in allen ICT-Bereichen wichtig.,"Bildungsplan Informatiker/in EFZ BiVo 2021, ICT-Berufsbildung Schweiz/SBFI",https://www.ict-berufsbildung.ch/services/download-center
informatiker,Informatiker/in EFZ,it_l16,HKB a-h,L16,"Betrieb, Berufspraxis und professionelle ICT-Haltung",hard,single_choice,Welche Aussage zum Thema Berufsrolle ist fachlich korrekt?,"im eigenen Kompetenzbereich zuverlässig, lernbereit und verantwortungsvoll handeln",Risiken verschweigen nach gängiger Praxis bei vergleichbaren Aufgaben,Aufgaben ohne Rückmeldung liegen lassen im Rahmen der Routine im konkreten Auftrag,Kompetenzgrenzen ignorieren unter typischen Arbeitsbedingungen,A,Professionelles Handeln ist in allen ICT-Bereichen wichtig.,"Bildungsplan Informatiker/in EFZ BiVo 2021, ICT-Berufsbildung Schweiz/SBFI",https://www.ict-berufsbildung.ch/services/download-center
informatiker,Informatiker/in EFZ,it_l16,HKB a-h,L16,"Betrieb, Berufspraxis und professionelle ICT-Haltung",easy,single_choice,Welche Aussage beschreibt das Thema Teamarbeit im Beruf Informatiker/in EFZ am besten?,Wissen zurückhalten im Produktionsalltag bei sachgemässer Ausführung,"Aufgaben abstimmen, Wissen teilen und konstruktiv zusammenarbeiten",Konflikte im Ticket austragen im normalen Werkstattbetrieb,Absprachen nicht einhalten bei sachgemässem Ablauf,B,ICT-Arbeit ist meist Teamarbeit.,"Bildungsplan Informatiker/in EFZ BiVo 2021, ICT-Berufsbildung Schweiz/SBFI",https://www.ict-berufsbildung.ch/services/download-center
informatiker,Informatiker/in EFZ,it_l16,HKB a-h,L16,"Betrieb, Berufspraxis und professionelle ICT-Haltung",medium,single_choice,Worauf muss man beim Thema Teamarbeit in der Praxis besonders achten?,Wissen zurückhalten im Rahmen der Routine im laufenden Tagesgeschäft,Konflikte im Ticket austragen im konkreten Auftrag,"Aufgaben abstimmen, Wissen teilen und konstruktiv zusammenarbeiten",Absprachen nicht einhalten bei vergleichbaren Aufgaben,C,ICT-Arbeit ist meist Teamarbeit.,"Bildungsplan Informatiker/in EFZ BiVo 2021, ICT-Berufsbildung Schweiz/SBFI",https://www.ict-berufsbildung.ch/services/download-center
informatiker,Informatiker/in EFZ,it_l16,HKB a-h,L16,"Betrieb, Berufspraxis und professionelle ICT-Haltung",hard,single_choice,Welche Aussage zum Thema Teamarbeit ist fachlich korrekt?,Wissen zurückhalten im normalen Werkstattbetrieb nach gängiger Praxis,Konflikte im Ticket austragen im üblichen Berufsalltag,Absprachen nicht einhalten bei sachgemässer Ausführung,"Aufgaben abstimmen, Wissen teilen und konstruktiv zusammenarbeiten",D,ICT-Arbeit ist meist Teamarbeit.,"Bildungsplan Informatiker/in EFZ BiVo 2021, ICT-Berufsbildung Schweiz/SBFI",https://www.ict-berufsbildung.ch/services/download-center
informatiker,Informatiker/in EFZ,it_l16,HKB a-h,L16,"Betrieb, Berufspraxis und professionelle ICT-Haltung",easy,single_choice,Welche Aussage beschreibt das Thema Selbstorganisation im Beruf Informatiker/in EFZ am besten?,"Aufgaben, Termine und Lernbedarf realistisch steuern",alles gleichzeitig beginnen im Werkstattumfeld,Deadlines ignorieren im konkreten Auftrag,keine Prioritäten setzen im laufenden Tagesgeschäft,A,Selbstorganisation unterstützt Qualität und Verlässlichkeit.,"Bildungsplan Informatiker/in EFZ BiVo 2021, ICT-Berufsbildung Schweiz/SBFI",https://www.ict-berufsbildung.ch/services/download-center
informatiker,Informatiker/in EFZ,it_l16,HKB a-h,L16,"Betrieb, Berufspraxis und professionelle ICT-Haltung",medium,single_choice,Worauf muss man beim Thema Selbstorganisation in der Praxis besonders achten?,alles gleichzeitig beginnen unter typischen Arbeitsbedingungen,"Aufgaben, Termine und Lernbedarf realistisch steuern",Deadlines ignorieren im üblichen Berufsalltag,keine Prioritäten setzen nach gängiger Praxis,B,Selbstorganisation unterstützt Qualität und Verlässlichkeit.,"Bildungsplan Informatiker/in EFZ BiVo 2021, ICT-Berufsbildung Schweiz/SBFI",https://www.ict-berufsbildung.ch/services/download-center
informatiker,Informatiker/in EFZ,it_l16,HKB a-h,L16,"Betrieb, Berufspraxis und professionelle ICT-Haltung",hard,single_choice,Welche Aussage zum Thema Selbstorganisation ist fachlich korrekt?,alles gleichzeitig beginnen bei sachgemässem Ablauf,Deadlines ignorieren im Werkstattumfeld,"Aufgaben, Termine und Lernbedarf realistisch steuern",keine Prioritäten setzen im Produktionsalltag,C,Selbstorganisation unterstützt Qualität und Verlässlichkeit.,"Bildungsplan Informatiker/in EFZ BiVo 2021, ICT-Berufsbildung Schweiz/SBFI",https://www.ict-berufsbildung.ch/services/download-center
informatiker,Informatiker/in EFZ,it_l16,HKB a-h,L16,"Betrieb, Berufspraxis und professionelle ICT-Haltung",easy,single_choice,Welche Aussage beschreibt das Thema Berufsethik im Beruf Informatiker/in EFZ am besten?,Missbrauchsmöglichkeiten ignorieren bei vergleichbaren Aufgaben,Benutzende täuschen unter typischen Arbeitsbedingungen,Schäden verharmlosen im Rahmen der Routine im konkreten Auftrag,"Technik verantwortungsvoll, fair und mit Blick auf Auswirkungen einsetzen",D,ICT-Systeme beeinflussen Menschen und Organisationen.,"Bildungsplan Informatiker/in EFZ BiVo 2021, ICT-Berufsbildung Schweiz/SBFI",https://www.ict-berufsbildung.ch/services/download-center
informatiker,Informatiker/in EFZ,it_l16,HKB a-h,L16,"Betrieb, Berufspraxis und professionelle ICT-Haltung",medium,single_choice,Worauf muss man beim Thema Berufsethik in der Praxis besonders achten?,"Technik verantwortungsvoll, fair und mit Blick auf Auswirkungen einsetzen",Missbrauchsmöglichkeiten ignorieren bei sachgemässer Ausführung,Benutzende täuschen bei sachgemässem Ablauf im üblichen Berufsalltag,Schäden verharmlosen im normalen Werkstattbetrieb nach gängiger Praxis,A,ICT-Systeme beeinflussen Menschen und Organisationen.,"Bildungsplan Informatiker/in EFZ BiVo 2021, ICT-Berufsbildung Schweiz/SBFI",https://www.ict-berufsbildung.ch/services/download-center
informatiker,Informatiker/in EFZ,it_l16,HKB a-h,L16,"Betrieb, Berufspraxis und professionelle ICT-Haltung",hard,single_choice,Welche Aussage zum Thema Berufsethik ist fachlich korrekt?,Missbrauchsmöglichkeiten ignorieren im laufenden Tagesgeschäft,"Technik verantwortungsvoll, fair und mit Blick auf Auswirkungen einsetzen",Benutzende täuschen bei vergleichbaren Aufgaben im Produktionsalltag,Schäden verharmlosen im konkreten Auftrag im Werkstattumfeld,B,ICT-Systeme beeinflussen Menschen und Organisationen.,"Bildungsplan Informatiker/in EFZ BiVo 2021, ICT-Berufsbildung Schweiz/SBFI",https://www.ict-berufsbildung.ch/services/download-center
informatiker,Informatiker/in EFZ,it_l16,HKB a-h,L16,"Betrieb, Berufspraxis und professionelle ICT-Haltung",easy,single_choice,Welche Aussage beschreibt das Thema Nachhaltigkeit in ICT im Beruf Informatiker/in EFZ am besten?,Geräte unnötig ersetzen bei sachgemässer Ausführung bei vergleichbaren Aufgaben,Stromverbrauch ignorieren im üblichen Berufsalltag im Rahmen der Routine,"Ressourcen, Energieverbrauch und Lebenszyklus von ICT-Mitteln berücksichtigen",Entsorgung nicht beachten nach gängiger Praxis unter typischen Arbeitsbedingungen,C,"Nachhaltigkeit betrifft Beschaffung, Betrieb und Entsorgung.","Bildungsplan Informatiker/in EFZ BiVo 2021, ICT-Berufsbildung Schweiz/SBFI",https://www.ict-berufsbildung.ch/services/download-center
informatiker,Informatiker/in EFZ,it_l16,HKB a-h,L16,"Betrieb, Berufspraxis und professionelle ICT-Haltung",medium,single_choice,Worauf muss man beim Thema Nachhaltigkeit in ICT in der Praxis besonders achten?,Geräte unnötig ersetzen im laufenden Tagesgeschäft bei sachgemässer Ausführung,Stromverbrauch ignorieren im Werkstattumfeld bei sachgemässem Ablauf,Entsorgung nicht beachten im Produktionsalltag im normalen Werkstattbetrieb,"Ressourcen, Energieverbrauch und Lebenszyklus von ICT-Mitteln berücksichtigen",D,"Nachhaltigkeit betrifft Beschaffung, Betrieb und Entsorgung.","Bildungsplan Informatiker/in EFZ BiVo 2021, ICT-Berufsbildung Schweiz/SBFI",https://www.ict-berufsbildung.ch/services/download-center
informatiker,Informatiker/in EFZ,it_l16,HKB a-h,L16,"Betrieb, Berufspraxis und professionelle ICT-Haltung",hard,single_choice,Welche Aussage zum Thema Nachhaltigkeit in ICT ist fachlich korrekt?,"Ressourcen, Energieverbrauch und Lebenszyklus von ICT-Mitteln berücksichtigen",Geräte unnötig ersetzen nach gängiger Praxis bei vergleichbaren Aufgaben,Stromverbrauch ignorieren unter typischen Arbeitsbedingungen,Entsorgung nicht beachten im Rahmen der Routine im konkreten Auftrag,A,"Nachhaltigkeit betrifft Beschaffung, Betrieb und Entsorgung.","Bildungsplan Informatiker/in EFZ BiVo 2021, ICT-Berufsbildung Schweiz/SBFI",https://www.ict-berufsbildung.ch/services/download-center
informatiker,Informatiker/in EFZ,it_l16,HKB a-h,L16,"Betrieb, Berufspraxis und professionelle ICT-Haltung",easy,single_choice,Welche Aussage beschreibt das Thema Betriebsstabilität im Beruf Informatiker/in EFZ am besten?,direkt während Spitzenzeiten ändern im normalen Werkstattbetrieb,"Änderungen so planen, dass Ausfälle und Risiken gering bleiben",Abhängigkeiten nicht prüfen bei sachgemässem Ablauf,keinen Rückfallplan haben im Produktionsalltag,B,Stabiler Betrieb ist ein zentrales Qualitätsziel.,"Bildungsplan Informatiker/in EFZ BiVo 2021, ICT-Berufsbildung Schweiz/SBFI",https://www.ict-berufsbildung.ch/services/download-center
informatiker,Informatiker/in EFZ,it_l16,HKB a-h,L16,"Betrieb, Berufspraxis und professionelle ICT-Haltung",medium,single_choice,Worauf muss man beim Thema Betriebsstabilität in der Praxis besonders achten?,direkt während Spitzenzeiten ändern im konkreten Auftrag,Abhängigkeiten nicht prüfen bei vergleichbaren Aufgaben,"Änderungen so planen, dass Ausfälle und Risiken gering bleiben",keinen Rückfallplan haben im Rahmen der Routine,C,Stabiler Betrieb ist ein zentrales Qualitätsziel.,"Bildungsplan Informatiker/in EFZ BiVo 2021, ICT-Berufsbildung Schweiz/SBFI",https://www.ict-berufsbildung.ch/services/download-center
informatiker,Informatiker/in EFZ,it_l16,HKB a-h,L16,"Betrieb, Berufspraxis und professionelle ICT-Haltung",hard,single_choice,Welche Aussage zum Thema Betriebsstabilität ist fachlich korrekt?,direkt während Spitzenzeiten ändern im üblichen Berufsalltag,Abhängigkeiten nicht prüfen bei sachgemässer Ausführung,keinen Rückfallplan haben im normalen Werkstattbetrieb,"Änderungen so planen, dass Ausfälle und Risiken gering bleiben",D,Stabiler Betrieb ist ein zentrales Qualitätsziel.,"Bildungsplan Informatiker/in EFZ BiVo 2021, ICT-Berufsbildung Schweiz/SBFI",https://www.ict-berufsbildung.ch/services/download-center
informatiker,Informatiker/in EFZ,it_l16,HKB a-h,L16,"Betrieb, Berufspraxis und professionelle ICT-Haltung",easy,single_choice,Welche Aussage beschreibt das Thema Vertraulichkeit im Beruf Informatiker/in EFZ am besten?,interne und kundenspezifische Informationen schützen,Screenshots öffentlich teilen im laufenden Tagesgeschäft,Kundendaten in Testumgebungen kopieren,Geheimnisse im Chat senden im konkreten Auftrag,A,Vertraulichkeit schützt Kunden und Betrieb.,"Bildungsplan Informatiker/in EFZ BiVo 2021, ICT-Berufsbildung Schweiz/SBFI",https://www.ict-berufsbildung.ch/services/download-center
informatiker,Informatiker/in EFZ,it_l16,HKB a-h,L16,"Betrieb, Berufspraxis und professionelle ICT-Haltung",medium,single_choice,Worauf muss man beim Thema Vertraulichkeit in der Praxis besonders achten?,Screenshots öffentlich teilen nach gängiger Praxis,interne und kundenspezifische Informationen schützen,Kundendaten in Testumgebungen kopieren,Geheimnisse im Chat senden im üblichen Berufsalltag,B,Vertraulichkeit schützt Kunden und Betrieb.,"Bildungsplan Informatiker/in EFZ BiVo 2021, ICT-Berufsbildung Schweiz/SBFI",https://www.ict-berufsbildung.ch/services/download-center
informatiker,Informatiker/in EFZ,it_l16,HKB a-h,L16,"Betrieb, Berufspraxis und professionelle ICT-Haltung",hard,single_choice,Welche Aussage zum Thema Vertraulichkeit ist fachlich korrekt?,Screenshots öffentlich teilen im Produktionsalltag,Kundendaten in Testumgebungen kopieren,interne und kundenspezifische Informationen schützen,Geheimnisse im Chat senden im Werkstattumfeld,C,Vertraulichkeit schützt Kunden und Betrieb.,"Bildungsplan Informatiker/in EFZ BiVo 2021, ICT-Berufsbildung Schweiz/SBFI",https://www.ict-berufsbildung.ch/services/download-center
informatiker,Informatiker/in EFZ,it_l16,HKB a-h,L16,"Betrieb, Berufspraxis und professionelle ICT-Haltung",easy,single_choice,Welche Aussage beschreibt das Thema Lernfähigkeit im Beruf Informatiker/in EFZ am besten?,Trends blind übernehmen unter typischen Arbeitsbedingungen,Weiterbildung vermeiden im Rahmen der Routine,Erfahrungen nicht reflektieren bei vergleichbaren Aufgaben,"neue Technologien prüfen, lernen und kritisch einordnen",D,ICT verändert sich schnell.,"Bildungsplan Informatiker/in EFZ BiVo 2021, ICT-Berufsbildung Schweiz/SBFI",https://www.ict-berufsbildung.ch/services/download-center
informatiker,Informatiker/in EFZ,it_l16,HKB a-h,L16,"Betrieb, Berufspraxis und professionelle ICT-Haltung",medium,single_choice,Worauf muss man beim Thema Lernfähigkeit in der Praxis besonders achten?,"neue Technologien prüfen, lernen und kritisch einordnen",Trends blind übernehmen bei sachgemässem Ablauf,Weiterbildung vermeiden im normalen Werkstattbetrieb,Erfahrungen nicht reflektieren bei sachgemässer Ausführung,A,ICT verändert sich schnell.,"Bildungsplan Informatiker/in EFZ BiVo 2021, ICT-Berufsbildung Schweiz/SBFI",https://www.ict-berufsbildung.ch/services/download-center
informatiker,Informatiker/in EFZ,it_l16,HKB a-h,L16,"Betrieb, Berufspraxis und professionelle ICT-Haltung",hard,single_choice,Welche Aussage zum Thema Lernfähigkeit ist fachlich korrekt?,Trends blind übernehmen bei vergleichbaren Aufgaben,"neue Technologien prüfen, lernen und kritisch einordnen",Weiterbildung vermeiden im konkreten Auftrag,Erfahrungen nicht reflektieren im laufenden Tagesgeschäft,B,ICT verändert sich schnell.,"Bildungsplan Informatiker/in EFZ BiVo 2021, ICT-Berufsbildung Schweiz/SBFI",https://www.ict-berufsbildung.ch/services/download-center
informatiker,Informatiker/in EFZ,it_l16,HKB a-h,L16,"Betrieb, Berufspraxis und professionelle ICT-Haltung",easy,single_choice,Welche Aussage beschreibt das Thema Feedbackkultur im Beruf Informatiker/in EFZ am besten?,Feedback als Angriff sehen bei sachgemässer Ausführung,Probleme persönlich machen im üblichen Berufsalltag unter typischen Arbeitsbedingungen,"Rückmeldungen sachlich geben, annehmen und in Verbesserungen übersetzen",keine konkreten Beispiele nennen nach gängiger Praxis,C,Feedback verbessert Zusammenarbeit und Qualität.,"Bildungsplan Informatiker/in EFZ BiVo 2021, ICT-Berufsbildung Schweiz/SBFI",https://www.ict-berufsbildung.ch/services/download-center
informatiker,Informatiker/in EFZ,it_l16,HKB a-h,L16,"Betrieb, Berufspraxis und professionelle ICT-Haltung",medium,single_choice,Worauf muss man beim Thema Feedbackkultur in der Praxis besonders achten?,Feedback als Angriff sehen im laufenden Tagesgeschäft,Probleme persönlich machen im Werkstattumfeld bei sachgemässem Ablauf,keine konkreten Beispiele nennen im Produktionsalltag,"Rückmeldungen sachlich geben, annehmen und in Verbesserungen übersetzen",D,Feedback verbessert Zusammenarbeit und Qualität.,"Bildungsplan Informatiker/in EFZ BiVo 2021, ICT-Berufsbildung Schweiz/SBFI",https://www.ict-berufsbildung.ch/services/download-center
informatiker,Informatiker/in EFZ,it_l16,HKB a-h,L16,"Betrieb, Berufspraxis und professionelle ICT-Haltung",hard,single_choice,Welche Aussage zum Thema Feedbackkultur ist fachlich korrekt?,"Rückmeldungen sachlich geben, annehmen und in Verbesserungen übersetzen",Feedback als Angriff sehen nach gängiger Praxis bei vergleichbaren Aufgaben,Probleme persönlich machen unter typischen Arbeitsbedingungen,keine konkreten Beispiele nennen im Rahmen der Routine,A,Feedback verbessert Zusammenarbeit und Qualität.,"Bildungsplan Informatiker/in EFZ BiVo 2021, ICT-Berufsbildung Schweiz/SBFI",https://www.ict-berufsbildung.ch/services/download-center
informatiker,Informatiker/in EFZ,it_l16,HKB a-h,L16,"Betrieb, Berufspraxis und professionelle ICT-Haltung",easy,single_choice,Welche Aussage beschreibt das Thema Betriebsdokumentation im Beruf Informatiker/in EFZ am besten?,Wissen nur mündlich behalten bei sachgemässem Ablauf,"Wissen so festhalten, dass Stellvertretung und Betrieb möglich sind",Änderungen nicht dokumentieren im normalen Werkstattbetrieb,Notfallkontakte verstecken im Produktionsalltag bei sachgemässer Ausführung,B,Dokumentation macht ICT-Betrieb belastbar.,"Bildungsplan Informatiker/in EFZ BiVo 2021, ICT-Berufsbildung Schweiz/SBFI",https://www.ict-berufsbildung.ch/services/download-center
informatiker,Informatiker/in EFZ,it_l16,HKB a-h,L16,"Betrieb, Berufspraxis und professionelle ICT-Haltung",medium,single_choice,Worauf muss man beim Thema Betriebsdokumentation in der Praxis besonders achten?,Wissen nur mündlich behalten bei vergleichbaren Aufgaben,Änderungen nicht dokumentieren im konkreten Auftrag,"Wissen so festhalten, dass Stellvertretung und Betrieb möglich sind",Notfallkontakte verstecken im Rahmen der Routine im laufenden Tagesgeschäft,C,Dokumentation macht ICT-Betrieb belastbar.,"Bildungsplan Informatiker/in EFZ BiVo 2021, ICT-Berufsbildung Schweiz/SBFI",https://www.ict-berufsbildung.ch/services/download-center
informatiker,Informatiker/in EFZ,it_l16,HKB a-h,L16,"Betrieb, Berufspraxis und professionelle ICT-Haltung",hard,single_choice,Welche Aussage zum Thema Betriebsdokumentation ist fachlich korrekt?,Wissen nur mündlich behalten bei sachgemässer Ausführung,Änderungen nicht dokumentieren im üblichen Berufsalltag,Notfallkontakte verstecken im normalen Werkstattbetrieb,"Wissen so festhalten, dass Stellvertretung und Betrieb möglich sind",D,Dokumentation macht ICT-Betrieb belastbar.,"Bildungsplan Informatiker/in EFZ BiVo 2021, ICT-Berufsbildung Schweiz/SBFI",https://www.ict-berufsbildung.ch/services/download-center
