course_key,course_name,module_key,hk,sub_hk,topic,difficulty,question_type,question,option_a,option_b,option_c,option_d,correct_option,explanation,source,source_url
kv,Kauffrau/Kaufmann EFZ,kv_l01,HKB A,L01,"Rolle, Betrieb und professionelle Entwicklung",easy,single_choice,Welche Aussage beschreibt das Thema eigene Rolle im Betrieb im Beruf Kauffrau/Kaufmann EFZ am besten?,"Aufgaben, Verantwortung und Erwartungen aktiv klären",nur private Interessen verfolgen im laufenden Tagesgeschäft,betriebliche Regeln ignorieren im konkreten Auftrag,Aufgaben ohne Rückfrage liegen lassen,A,Kaufleute entwickeln ihre professionelle Rolle bewusst und betriebsgerecht.,"Bildungsplan Kauffrau/Kaufmann EFZ, BiVo 2023, SKKAB/SBFI",https://www.bzww.ch/public/upload/assets/120804/Bildungsplan_EFZ_August2021_final.pdf
kv,Kauffrau/Kaufmann EFZ,kv_l01,HKB A,L01,"Rolle, Betrieb und professionelle Entwicklung",medium,single_choice,Worauf muss man beim Thema eigene Rolle im Betrieb in der Praxis besonders achten?,nur private Interessen verfolgen nach gängiger Praxis,"Aufgaben, Verantwortung und Erwartungen aktiv klären",betriebliche Regeln ignorieren im üblichen Berufsalltag,Aufgaben ohne Rückfrage liegen lassen,B,Kaufleute entwickeln ihre professionelle Rolle bewusst und betriebsgerecht.,"Bildungsplan Kauffrau/Kaufmann EFZ, BiVo 2023, SKKAB/SBFI",https://www.bzww.ch/public/upload/assets/120804/Bildungsplan_EFZ_August2021_final.pdf
kv,Kauffrau/Kaufmann EFZ,kv_l01,HKB A,L01,"Rolle, Betrieb und professionelle Entwicklung",hard,single_choice,Welche Aussage zum Thema eigene Rolle im Betrieb ist fachlich korrekt?,nur private Interessen verfolgen im Produktionsalltag,betriebliche Regeln ignorieren im Werkstattumfeld,"Aufgaben, Verantwortung und Erwartungen aktiv klären",Aufgaben ohne Rückfrage liegen lassen,C,Kaufleute entwickeln ihre professionelle Rolle bewusst und betriebsgerecht.,"Bildungsplan Kauffrau/Kaufmann EFZ, BiVo 2023, SKKAB/SBFI",https://www.bzww.ch/public/upload/assets/120804/Bildungsplan_EFZ_August2021_final.pdf
kv,Kauffrau/Kaufmann EFZ,kv_l01,HKB A,L01,"Rolle, Betrieb und professionelle Entwicklung",easy,single_choice,Welche Aussage beschreibt das Thema Leitbild im Beruf Kauffrau/Kaufmann EFZ am besten?,nur als Dekoration behandeln unter typischen Arbeitsbedingungen,für Kundenkontakte ignorieren im Rahmen der Routine,durch persönliche Vorlieben ersetzen bei vergleichbaren Aufgaben,Werte und Grundsätze des Betriebs im Alltag berücksichtigen,D,"Das Leitbild prägt Auftreten, Kommunikation und Entscheidungen.","Bildungsplan Kauffrau/Kaufmann EFZ, BiVo 2023, SKKAB/SBFI",https://www.bzww.ch/public/upload/assets/120804/Bildungsplan_EFZ_August2021_final.pdf
kv,Kauffrau/Kaufmann EFZ,kv_l01,HKB A,L01,"Rolle, Betrieb und professionelle Entwicklung",medium,single_choice,Worauf muss man beim Thema Leitbild in der Praxis besonders achten?,Werte und Grundsätze des Betriebs im Alltag berücksichtigen,nur als Dekoration behandeln bei sachgemässem Ablauf,für Kundenkontakte ignorieren im normalen Werkstattbetrieb,durch persönliche Vorlieben ersetzen bei sachgemässer Ausführung,A,"Das Leitbild prägt Auftreten, Kommunikation und Entscheidungen.","Bildungsplan Kauffrau/Kaufmann EFZ, BiVo 2023, SKKAB/SBFI",https://www.bzww.ch/public/upload/assets/120804/Bildungsplan_EFZ_August2021_final.pdf
kv,Kauffrau/Kaufmann EFZ,kv_l01,HKB A,L01,"Rolle, Betrieb und professionelle Entwicklung",hard,single_choice,Welche Aussage zum Thema Leitbild ist fachlich korrekt?,nur als Dekoration behandeln bei vergleichbaren Aufgaben,Werte und Grundsätze des Betriebs im Alltag berücksichtigen,für Kundenkontakte ignorieren im konkreten Auftrag,durch persönliche Vorlieben ersetzen im laufenden Tagesgeschäft,B,"Das Leitbild prägt Auftreten, Kommunikation und Entscheidungen.","Bildungsplan Kauffrau/Kaufmann EFZ, BiVo 2023, SKKAB/SBFI",https://www.bzww.ch/public/upload/assets/120804/Bildungsplan_EFZ_August2021_final.pdf
kv,Kauffrau/Kaufmann EFZ,kv_l01,HKB A,L01,"Rolle, Betrieb und professionelle Entwicklung",easy,single_choice,Welche Aussage beschreibt das Thema Praxisauftrag im Beruf Kauffrau/Kaufmann EFZ am besten?,nur Theorie abschreiben bei sachgemässer Ausführung,ohne Bezug zum Arbeitsalltag arbeiten nach gängiger Praxis,betriebliche Aufgaben selbstständig ausführen und reflektieren,Resultate nie auswerten im üblichen Berufsalltag,C,Praxisaufträge verbinden Lernen mit realen kaufmännischen Tätigkeiten.,"Bildungsplan Kauffrau/Kaufmann EFZ, BiVo 2023, SKKAB/SBFI",https://www.bzww.ch/public/upload/assets/120804/Bildungsplan_EFZ_August2021_final.pdf
kv,Kauffrau/Kaufmann EFZ,kv_l01,HKB A,L01,"Rolle, Betrieb und professionelle Entwicklung",medium,single_choice,Worauf muss man beim Thema Praxisauftrag in der Praxis besonders achten?,nur Theorie abschreiben im laufenden Tagesgeschäft,ohne Bezug zum Arbeitsalltag arbeiten im Produktionsalltag,Resultate nie auswerten im Werkstattumfeld bei sachgemässem Ablauf,betriebliche Aufgaben selbstständig ausführen und reflektieren,D,Praxisaufträge verbinden Lernen mit realen kaufmännischen Tätigkeiten.,"Bildungsplan Kauffrau/Kaufmann EFZ, BiVo 2023, SKKAB/SBFI",https://www.bzww.ch/public/upload/assets/120804/Bildungsplan_EFZ_August2021_final.pdf
kv,Kauffrau/Kaufmann EFZ,kv_l01,HKB A,L01,"Rolle, Betrieb und professionelle Entwicklung",hard,single_choice,Welche Aussage zum Thema Praxisauftrag ist fachlich korrekt?,betriebliche Aufgaben selbstständig ausführen und reflektieren,nur Theorie abschreiben nach gängiger Praxis,ohne Bezug zum Arbeitsalltag arbeiten im Rahmen der Routine,Resultate nie auswerten unter typischen Arbeitsbedingungen,A,Praxisaufträge verbinden Lernen mit realen kaufmännischen Tätigkeiten.,"Bildungsplan Kauffrau/Kaufmann EFZ, BiVo 2023, SKKAB/SBFI",https://www.bzww.ch/public/upload/assets/120804/Bildungsplan_EFZ_August2021_final.pdf
kv,Kauffrau/Kaufmann EFZ,kv_l01,HKB A,L01,"Rolle, Betrieb und professionelle Entwicklung",easy,single_choice,Welche Aussage beschreibt das Thema Kompetenzentwicklung im Beruf Kauffrau/Kaufmann EFZ am besten?,Feedback vermeiden im Produktionsalltag,Stärken und Entwicklungsfelder regelmässig überprüfen,Lernziele nie anpassen bei sachgemässem Ablauf,Fehler anderen zuschieben im normalen Werkstattbetrieb,B,Reflexion unterstützt lebenslanges Lernen.,"Bildungsplan Kauffrau/Kaufmann EFZ, BiVo 2023, SKKAB/SBFI",https://www.bzww.ch/public/upload/assets/120804/Bildungsplan_EFZ_August2021_final.pdf
kv,Kauffrau/Kaufmann EFZ,kv_l01,HKB A,L01,"Rolle, Betrieb und professionelle Entwicklung",medium,single_choice,Worauf muss man beim Thema Kompetenzentwicklung in der Praxis besonders achten?,Feedback vermeiden im Rahmen der Routine,Lernziele nie anpassen bei vergleichbaren Aufgaben,Stärken und Entwicklungsfelder regelmässig überprüfen,Fehler anderen zuschieben im konkreten Auftrag,C,Reflexion unterstützt lebenslanges Lernen.,"Bildungsplan Kauffrau/Kaufmann EFZ, BiVo 2023, SKKAB/SBFI",https://www.bzww.ch/public/upload/assets/120804/Bildungsplan_EFZ_August2021_final.pdf
kv,Kauffrau/Kaufmann EFZ,kv_l01,HKB A,L01,"Rolle, Betrieb und professionelle Entwicklung",hard,single_choice,Welche Aussage zum Thema Kompetenzentwicklung ist fachlich korrekt?,Feedback vermeiden im normalen Werkstattbetrieb,Lernziele nie anpassen bei sachgemässer Ausführung,Fehler anderen zuschieben im üblichen Berufsalltag,Stärken und Entwicklungsfelder regelmässig überprüfen,D,Reflexion unterstützt lebenslanges Lernen.,"Bildungsplan Kauffrau/Kaufmann EFZ, BiVo 2023, SKKAB/SBFI",https://www.bzww.ch/public/upload/assets/120804/Bildungsplan_EFZ_August2021_final.pdf
kv,Kauffrau/Kaufmann EFZ,kv_l01,HKB A,L01,"Rolle, Betrieb und professionelle Entwicklung",easy,single_choice,Welche Aussage beschreibt das Thema Bildungsbericht im Beruf Kauffrau/Kaufmann EFZ am besten?,Lernfortschritt und Leistungen strukturiert beurteilen,nur Ferien planen im konkreten Auftrag,Kundenpreise festlegen im laufenden Tagesgeschäft,E-Mails automatisch löschen im Werkstattumfeld,A,Der Bildungsbericht dient der Standortbestimmung in der Ausbildung.,"Bildungsplan Kauffrau/Kaufmann EFZ, BiVo 2023, SKKAB/SBFI",https://www.bzww.ch/public/upload/assets/120804/Bildungsplan_EFZ_August2021_final.pdf
kv,Kauffrau/Kaufmann EFZ,kv_l01,HKB A,L01,"Rolle, Betrieb und professionelle Entwicklung",medium,single_choice,Worauf muss man beim Thema Bildungsbericht in der Praxis besonders achten?,nur Ferien planen im üblichen Berufsalltag,Lernfortschritt und Leistungen strukturiert beurteilen,Kundenpreise festlegen nach gängiger Praxis,E-Mails automatisch löschen unter typischen Arbeitsbedingungen,B,Der Bildungsbericht dient der Standortbestimmung in der Ausbildung.,"Bildungsplan Kauffrau/Kaufmann EFZ, BiVo 2023, SKKAB/SBFI",https://www.bzww.ch/public/upload/assets/120804/Bildungsplan_EFZ_August2021_final.pdf
kv,Kauffrau/Kaufmann EFZ,kv_l01,HKB A,L01,"Rolle, Betrieb und professionelle Entwicklung",hard,single_choice,Welche Aussage zum Thema Bildungsbericht ist fachlich korrekt?,nur Ferien planen im Werkstattumfeld im normalen Werkstattbetrieb,Kundenpreise festlegen im Produktionsalltag,Lernfortschritt und Leistungen strukturiert beurteilen,E-Mails automatisch löschen bei sachgemässem Ablauf,C,Der Bildungsbericht dient der Standortbestimmung in der Ausbildung.,"Bildungsplan Kauffrau/Kaufmann EFZ, BiVo 2023, SKKAB/SBFI",https://www.bzww.ch/public/upload/assets/120804/Bildungsplan_EFZ_August2021_final.pdf
kv,Kauffrau/Kaufmann EFZ,kv_l01,HKB A,L01,"Rolle, Betrieb und professionelle Entwicklung",easy,single_choice,Welche Aussage beschreibt das Thema Verantwortung im Beruf Kauffrau/Kaufmann EFZ am besten?,Termine beliebig verschieben bei vergleichbaren Aufgaben,Informationen zurückhalten im Rahmen der Routine,Fehler verstecken unter typischen Arbeitsbedingungen,"Aufgaben zuverlässig, termingerecht und nachvollziehbar erledigen",D,Zuverlässigkeit ist eine zentrale kaufmännische Kompetenz.,"Bildungsplan Kauffrau/Kaufmann EFZ, BiVo 2023, SKKAB/SBFI",https://www.bzww.ch/public/upload/assets/120804/Bildungsplan_EFZ_August2021_final.pdf
kv,Kauffrau/Kaufmann EFZ,kv_l01,HKB A,L01,"Rolle, Betrieb und professionelle Entwicklung",medium,single_choice,Worauf muss man beim Thema Verantwortung in der Praxis besonders achten?,"Aufgaben zuverlässig, termingerecht und nachvollziehbar erledigen",Termine beliebig verschieben bei sachgemässer Ausführung,Informationen zurückhalten im normalen Werkstattbetrieb,Fehler verstecken bei sachgemässem Ablauf im üblichen Berufsalltag,A,Zuverlässigkeit ist eine zentrale kaufmännische Kompetenz.,"Bildungsplan Kauffrau/Kaufmann EFZ, BiVo 2023, SKKAB/SBFI",https://www.bzww.ch/public/upload/assets/120804/Bildungsplan_EFZ_August2021_final.pdf
kv,Kauffrau/Kaufmann EFZ,kv_l01,HKB A,L01,"Rolle, Betrieb und professionelle Entwicklung",hard,single_choice,Welche Aussage zum Thema Verantwortung ist fachlich korrekt?,Termine beliebig verschieben im laufenden Tagesgeschäft,"Aufgaben zuverlässig, termingerecht und nachvollziehbar erledigen",Informationen zurückhalten im konkreten Auftrag,Fehler verstecken bei vergleichbaren Aufgaben im Werkstattumfeld,B,Zuverlässigkeit ist eine zentrale kaufmännische Kompetenz.,"Bildungsplan Kauffrau/Kaufmann EFZ, BiVo 2023, SKKAB/SBFI",https://www.bzww.ch/public/upload/assets/120804/Bildungsplan_EFZ_August2021_final.pdf
kv,Kauffrau/Kaufmann EFZ,kv_l01,HKB A,L01,"Rolle, Betrieb und professionelle Entwicklung",easy,single_choice,Welche Aussage beschreibt das Thema Betriebsorganisation im Beruf Kauffrau/Kaufmann EFZ am besten?,nur die eigene Tastatur kennen im üblichen Berufsalltag,Organigramme immer ignorieren bei sachgemässer Ausführung,"Abteilungen, Zuständigkeiten und Schnittstellen kennen",Kunden an falsche Stellen senden nach gängiger Praxis,C,Organisationwissen erleichtert Zusammenarbeit und Kundenservice.,"Bildungsplan Kauffrau/Kaufmann EFZ, BiVo 2023, SKKAB/SBFI",https://www.bzww.ch/public/upload/assets/120804/Bildungsplan_EFZ_August2021_final.pdf
kv,Kauffrau/Kaufmann EFZ,kv_l01,HKB A,L01,"Rolle, Betrieb und professionelle Entwicklung",medium,single_choice,Worauf muss man beim Thema Betriebsorganisation in der Praxis besonders achten?,nur die eigene Tastatur kennen im Werkstattumfeld,Organigramme immer ignorieren im laufenden Tagesgeschäft,Kunden an falsche Stellen senden im Produktionsalltag,"Abteilungen, Zuständigkeiten und Schnittstellen kennen",D,Organisationwissen erleichtert Zusammenarbeit und Kundenservice.,"Bildungsplan Kauffrau/Kaufmann EFZ, BiVo 2023, SKKAB/SBFI",https://www.bzww.ch/public/upload/assets/120804/Bildungsplan_EFZ_August2021_final.pdf
kv,Kauffrau/Kaufmann EFZ,kv_l01,HKB A,L01,"Rolle, Betrieb und professionelle Entwicklung",hard,single_choice,Welche Aussage zum Thema Betriebsorganisation ist fachlich korrekt?,"Abteilungen, Zuständigkeiten und Schnittstellen kennen",nur die eigene Tastatur kennen unter typischen Arbeitsbedingungen,Organigramme immer ignorieren nach gängiger Praxis,Kunden an falsche Stellen senden im Rahmen der Routine,A,Organisationwissen erleichtert Zusammenarbeit und Kundenservice.,"Bildungsplan Kauffrau/Kaufmann EFZ, BiVo 2023, SKKAB/SBFI",https://www.bzww.ch/public/upload/assets/120804/Bildungsplan_EFZ_August2021_final.pdf
kv,Kauffrau/Kaufmann EFZ,kv_l01,HKB A,L01,"Rolle, Betrieb und professionelle Entwicklung",easy,single_choice,Welche Aussage beschreibt das Thema professionelles Auftreten im Beruf Kauffrau/Kaufmann EFZ am besten?,Privatstreit im Kundenkontakt austragen im normalen Werkstattbetrieb,"situationsgerecht, höflich und betriebskonform auftreten",Dresscode bewusst missachten im Produktionsalltag,Gesprächspartner unterbrechen bei sachgemässem Ablauf,B,Auftreten beeinflusst Vertrauen und Wirkung.,"Bildungsplan Kauffrau/Kaufmann EFZ, BiVo 2023, SKKAB/SBFI",https://www.bzww.ch/public/upload/assets/120804/Bildungsplan_EFZ_August2021_final.pdf
kv,Kauffrau/Kaufmann EFZ,kv_l01,HKB A,L01,"Rolle, Betrieb und professionelle Entwicklung",medium,single_choice,Worauf muss man beim Thema professionelles Auftreten in der Praxis besonders achten?,Privatstreit im Kundenkontakt austragen im konkreten Auftrag,Dresscode bewusst missachten im Rahmen der Routine,"situationsgerecht, höflich und betriebskonform auftreten",Gesprächspartner unterbrechen bei vergleichbaren Aufgaben,C,Auftreten beeinflusst Vertrauen und Wirkung.,"Bildungsplan Kauffrau/Kaufmann EFZ, BiVo 2023, SKKAB/SBFI",https://www.bzww.ch/public/upload/assets/120804/Bildungsplan_EFZ_August2021_final.pdf
kv,Kauffrau/Kaufmann EFZ,kv_l01,HKB A,L01,"Rolle, Betrieb und professionelle Entwicklung",hard,single_choice,Welche Aussage zum Thema professionelles Auftreten ist fachlich korrekt?,Privatstreit im Kundenkontakt austragen im üblichen Berufsalltag,Dresscode bewusst missachten im normalen Werkstattbetrieb,Gesprächspartner unterbrechen bei sachgemässer Ausführung,"situationsgerecht, höflich und betriebskonform auftreten",D,Auftreten beeinflusst Vertrauen und Wirkung.,"Bildungsplan Kauffrau/Kaufmann EFZ, BiVo 2023, SKKAB/SBFI",https://www.bzww.ch/public/upload/assets/120804/Bildungsplan_EFZ_August2021_final.pdf
kv,Kauffrau/Kaufmann EFZ,kv_l01,HKB A,L01,"Rolle, Betrieb und professionelle Entwicklung",easy,single_choice,Welche Aussage beschreibt das Thema Lernziele im Beruf Kauffrau/Kaufmann EFZ am besten?,"konkrete, überprüfbare und realistische Ziele formulieren",Ziele unmessbar halten im konkreten Auftrag,nur sehr allgemeine Wünsche notieren im Werkstattumfeld,Ziele nach der Prüfung erfinden im laufenden Tagesgeschäft,A,Klare Lernziele steuern die Entwicklung.,"Bildungsplan Kauffrau/Kaufmann EFZ, BiVo 2023, SKKAB/SBFI",https://www.bzww.ch/public/upload/assets/120804/Bildungsplan_EFZ_August2021_final.pdf
kv,Kauffrau/Kaufmann EFZ,kv_l01,HKB A,L01,"Rolle, Betrieb und professionelle Entwicklung",medium,single_choice,Worauf muss man beim Thema Lernziele in der Praxis besonders achten?,Ziele unmessbar halten im üblichen Berufsalltag,"konkrete, überprüfbare und realistische Ziele formulieren",nur sehr allgemeine Wünsche notieren unter typischen Arbeitsbedingungen,Ziele nach der Prüfung erfinden nach gängiger Praxis,B,Klare Lernziele steuern die Entwicklung.,"Bildungsplan Kauffrau/Kaufmann EFZ, BiVo 2023, SKKAB/SBFI",https://www.bzww.ch/public/upload/assets/120804/Bildungsplan_EFZ_August2021_final.pdf
kv,Kauffrau/Kaufmann EFZ,kv_l01,HKB A,L01,"Rolle, Betrieb und professionelle Entwicklung",hard,single_choice,Welche Aussage zum Thema Lernziele ist fachlich korrekt?,Ziele unmessbar halten im Werkstattumfeld,nur sehr allgemeine Wünsche notieren bei sachgemässem Ablauf,"konkrete, überprüfbare und realistische Ziele formulieren",Ziele nach der Prüfung erfinden im Produktionsalltag,C,Klare Lernziele steuern die Entwicklung.,"Bildungsplan Kauffrau/Kaufmann EFZ, BiVo 2023, SKKAB/SBFI",https://www.bzww.ch/public/upload/assets/120804/Bildungsplan_EFZ_August2021_final.pdf
kv,Kauffrau/Kaufmann EFZ,kv_l01,HKB A,L01,"Rolle, Betrieb und professionelle Entwicklung",easy,single_choice,Welche Aussage beschreibt das Thema Selbstreflexion im Beruf Kauffrau/Kaufmann EFZ am besten?,nur Erfolge erwähnen bei vergleichbaren Aufgaben,Kritik abwehren unter typischen Arbeitsbedingungen,Ursachen nie suchen im Rahmen der Routine im konkreten Auftrag,eigenes Verhalten sachlich analysieren und Verbesserungen ableiten,D,Selbstreflexion macht Erfahrungen für zukünftige Situationen nutzbar.,"Bildungsplan Kauffrau/Kaufmann EFZ, BiVo 2023, SKKAB/SBFI",https://www.bzww.ch/public/upload/assets/120804/Bildungsplan_EFZ_August2021_final.pdf
kv,Kauffrau/Kaufmann EFZ,kv_l01,HKB A,L01,"Rolle, Betrieb und professionelle Entwicklung",medium,single_choice,Worauf muss man beim Thema Selbstreflexion in der Praxis besonders achten?,eigenes Verhalten sachlich analysieren und Verbesserungen ableiten,nur Erfolge erwähnen bei sachgemässer Ausführung,Kritik abwehren bei sachgemässem Ablauf im üblichen Berufsalltag,Ursachen nie suchen im normalen Werkstattbetrieb,A,Selbstreflexion macht Erfahrungen für zukünftige Situationen nutzbar.,"Bildungsplan Kauffrau/Kaufmann EFZ, BiVo 2023, SKKAB/SBFI",https://www.bzww.ch/public/upload/assets/120804/Bildungsplan_EFZ_August2021_final.pdf
kv,Kauffrau/Kaufmann EFZ,kv_l01,HKB A,L01,"Rolle, Betrieb und professionelle Entwicklung",hard,single_choice,Welche Aussage zum Thema Selbstreflexion ist fachlich korrekt?,nur Erfolge erwähnen im laufenden Tagesgeschäft,eigenes Verhalten sachlich analysieren und Verbesserungen ableiten,Kritik abwehren bei vergleichbaren Aufgaben im Produktionsalltag,Ursachen nie suchen im konkreten Auftrag im Werkstattumfeld,B,Selbstreflexion macht Erfahrungen für zukünftige Situationen nutzbar.,"Bildungsplan Kauffrau/Kaufmann EFZ, BiVo 2023, SKKAB/SBFI",https://www.bzww.ch/public/upload/assets/120804/Bildungsplan_EFZ_August2021_final.pdf
kv,Kauffrau/Kaufmann EFZ,kv_l02,HKB A,L02,Agiles Arbeiten und Teamarbeit,easy,single_choice,Welche Aussage beschreibt das Thema agile Arbeitsform im Beruf Kauffrau/Kaufmann EFZ am besten?,starr ohne Anpassungen arbeiten nach gängiger Praxis,Rückmeldungen vermeiden im üblichen Berufsalltag,"flexibel, iterativ und kundenorientiert zusammenarbeiten",Teamrollen ignorieren bei sachgemässer Ausführung,C,Agile Formen reagieren auf Veränderungen und fördern Zusammenarbeit.,"Bildungsplan Kauffrau/Kaufmann EFZ, BiVo 2023, SKKAB/SBFI",https://www.bzww.ch/public/upload/assets/120804/Bildungsplan_EFZ_August2021_final.pdf
kv,Kauffrau/Kaufmann EFZ,kv_l02,HKB A,L02,Agiles Arbeiten und Teamarbeit,medium,single_choice,Worauf muss man beim Thema agile Arbeitsform in der Praxis besonders achten?,starr ohne Anpassungen arbeiten im Produktionsalltag,Rückmeldungen vermeiden im Werkstattumfeld,Teamrollen ignorieren im laufenden Tagesgeschäft,"flexibel, iterativ und kundenorientiert zusammenarbeiten",D,Agile Formen reagieren auf Veränderungen und fördern Zusammenarbeit.,"Bildungsplan Kauffrau/Kaufmann EFZ, BiVo 2023, SKKAB/SBFI",https://www.bzww.ch/public/upload/assets/120804/Bildungsplan_EFZ_August2021_final.pdf
kv,Kauffrau/Kaufmann EFZ,kv_l02,HKB A,L02,Agiles Arbeiten und Teamarbeit,hard,single_choice,Welche Aussage zum Thema agile Arbeitsform ist fachlich korrekt?,"flexibel, iterativ und kundenorientiert zusammenarbeiten",starr ohne Anpassungen arbeiten im Rahmen der Routine,Rückmeldungen vermeiden unter typischen Arbeitsbedingungen,Teamrollen ignorieren nach gängiger Praxis,A,Agile Formen reagieren auf Veränderungen und fördern Zusammenarbeit.,"Bildungsplan Kauffrau/Kaufmann EFZ, BiVo 2023, SKKAB/SBFI",https://www.bzww.ch/public/upload/assets/120804/Bildungsplan_EFZ_August2021_final.pdf
kv,Kauffrau/Kaufmann EFZ,kv_l02,HKB A,L02,Agiles Arbeiten und Teamarbeit,easy,single_choice,Welche Aussage beschreibt das Thema Teamrolle im Beruf Kauffrau/Kaufmann EFZ am besten?,jede Aufgabe allein erledigen bei sachgemässem Ablauf,eigene Beiträge und Zuständigkeiten im Team klären,Verantwortung nie teilen im Produktionsalltag,Rollen beliebig wechseln ohne Absprache,B,Klare Rollen verbessern Effizienz und Verbindlichkeit.,"Bildungsplan Kauffrau/Kaufmann EFZ, BiVo 2023, SKKAB/SBFI",https://www.bzww.ch/public/upload/assets/120804/Bildungsplan_EFZ_August2021_final.pdf
kv,Kauffrau/Kaufmann EFZ,kv_l02,HKB A,L02,Agiles Arbeiten und Teamarbeit,medium,single_choice,Worauf muss man beim Thema Teamrolle in der Praxis besonders achten?,jede Aufgabe allein erledigen bei vergleichbaren Aufgaben,Verantwortung nie teilen im Rahmen der Routine,eigene Beiträge und Zuständigkeiten im Team klären,Rollen beliebig wechseln ohne Absprache,C,Klare Rollen verbessern Effizienz und Verbindlichkeit.,"Bildungsplan Kauffrau/Kaufmann EFZ, BiVo 2023, SKKAB/SBFI",https://www.bzww.ch/public/upload/assets/120804/Bildungsplan_EFZ_August2021_final.pdf
kv,Kauffrau/Kaufmann EFZ,kv_l02,HKB A,L02,Agiles Arbeiten und Teamarbeit,hard,single_choice,Welche Aussage zum Thema Teamrolle ist fachlich korrekt?,jede Aufgabe allein erledigen bei sachgemässer Ausführung,Verantwortung nie teilen im normalen Werkstattbetrieb,Rollen beliebig wechseln ohne Absprache,eigene Beiträge und Zuständigkeiten im Team klären,D,Klare Rollen verbessern Effizienz und Verbindlichkeit.,"Bildungsplan Kauffrau/Kaufmann EFZ, BiVo 2023, SKKAB/SBFI",https://www.bzww.ch/public/upload/assets/120804/Bildungsplan_EFZ_August2021_final.pdf
kv,Kauffrau/Kaufmann EFZ,kv_l02,HKB A,L02,Agiles Arbeiten und Teamarbeit,easy,single_choice,Welche Aussage beschreibt das Thema Feedback im Beruf Kauffrau/Kaufmann EFZ am besten?,"konkret, respektvoll und lösungsorientiert geben und annehmen",persönlich verletzen im konkreten Auftrag im Produktionsalltag,nur allgemein kritisieren im Werkstattumfeld,Rückmeldungen ignorieren im laufenden Tagesgeschäft,A,Feedback unterstützt Lern- und Teamprozesse.,"Bildungsplan Kauffrau/Kaufmann EFZ, BiVo 2023, SKKAB/SBFI",https://www.bzww.ch/public/upload/assets/120804/Bildungsplan_EFZ_August2021_final.pdf
kv,Kauffrau/Kaufmann EFZ,kv_l02,HKB A,L02,Agiles Arbeiten und Teamarbeit,medium,single_choice,Worauf muss man beim Thema Feedback in der Praxis besonders achten?,persönlich verletzen im üblichen Berufsalltag,"konkret, respektvoll und lösungsorientiert geben und annehmen",nur allgemein kritisieren unter typischen Arbeitsbedingungen,Rückmeldungen ignorieren nach gängiger Praxis,B,Feedback unterstützt Lern- und Teamprozesse.,"Bildungsplan Kauffrau/Kaufmann EFZ, BiVo 2023, SKKAB/SBFI",https://www.bzww.ch/public/upload/assets/120804/Bildungsplan_EFZ_August2021_final.pdf
kv,Kauffrau/Kaufmann EFZ,kv_l02,HKB A,L02,Agiles Arbeiten und Teamarbeit,hard,single_choice,Welche Aussage zum Thema Feedback ist fachlich korrekt?,persönlich verletzen im Werkstattumfeld im normalen Werkstattbetrieb,nur allgemein kritisieren bei sachgemässem Ablauf,"konkret, respektvoll und lösungsorientiert geben und annehmen",Rückmeldungen ignorieren im Produktionsalltag,C,Feedback unterstützt Lern- und Teamprozesse.,"Bildungsplan Kauffrau/Kaufmann EFZ, BiVo 2023, SKKAB/SBFI",https://www.bzww.ch/public/upload/assets/120804/Bildungsplan_EFZ_August2021_final.pdf
kv,Kauffrau/Kaufmann EFZ,kv_l02,HKB A,L02,Agiles Arbeiten und Teamarbeit,easy,single_choice,Welche Aussage beschreibt das Thema Veränderung im Beruf Kauffrau/Kaufmann EFZ am besten?,Veränderungen grundsätzlich blockieren bei vergleichbaren Aufgaben,Informationen nicht weitergeben im Rahmen der Routine,nur alte Abläufe zulassen unter typischen Arbeitsbedingungen,Unsicherheit erkennen und konstruktiv mit neuen Anforderungen umgehen,D,Kaufleute arbeiten in dynamischen Organisationen.,"Bildungsplan Kauffrau/Kaufmann EFZ, BiVo 2023, SKKAB/SBFI",https://www.bzww.ch/public/upload/assets/120804/Bildungsplan_EFZ_August2021_final.pdf
kv,Kauffrau/Kaufmann EFZ,kv_l02,HKB A,L02,Agiles Arbeiten und Teamarbeit,medium,single_choice,Worauf muss man beim Thema Veränderung in der Praxis besonders achten?,Unsicherheit erkennen und konstruktiv mit neuen Anforderungen umgehen,Veränderungen grundsätzlich blockieren bei sachgemässer Ausführung,Informationen nicht weitergeben im normalen Werkstattbetrieb,nur alte Abläufe zulassen bei sachgemässem Ablauf,A,Kaufleute arbeiten in dynamischen Organisationen.,"Bildungsplan Kauffrau/Kaufmann EFZ, BiVo 2023, SKKAB/SBFI",https://www.bzww.ch/public/upload/assets/120804/Bildungsplan_EFZ_August2021_final.pdf
kv,Kauffrau/Kaufmann EFZ,kv_l02,HKB A,L02,Agiles Arbeiten und Teamarbeit,hard,single_choice,Welche Aussage zum Thema Veränderung ist fachlich korrekt?,Veränderungen grundsätzlich blockieren im laufenden Tagesgeschäft,Unsicherheit erkennen und konstruktiv mit neuen Anforderungen umgehen,Informationen nicht weitergeben im konkreten Auftrag,nur alte Abläufe zulassen bei vergleichbaren Aufgaben,B,Kaufleute arbeiten in dynamischen Organisationen.,"Bildungsplan Kauffrau/Kaufmann EFZ, BiVo 2023, SKKAB/SBFI",https://www.bzww.ch/public/upload/assets/120804/Bildungsplan_EFZ_August2021_final.pdf
kv,Kauffrau/Kaufmann EFZ,kv_l02,HKB A,L02,Agiles Arbeiten und Teamarbeit,easy,single_choice,Welche Aussage beschreibt das Thema Retrospektive im Beruf Kauffrau/Kaufmann EFZ am besten?,Schuldige suchen bei sachgemässer Ausführung,Erfahrungen nicht dokumentieren nach gängiger Praxis,Zusammenarbeit und Ergebnisse rückblickend verbessern,nur Erfolge feiern im üblichen Berufsalltag,C,"Retrospektiven helfen Teams, Prozesse gezielt anzupassen.","Bildungsplan Kauffrau/Kaufmann EFZ, BiVo 2023, SKKAB/SBFI",https://www.bzww.ch/public/upload/assets/120804/Bildungsplan_EFZ_August2021_final.pdf
kv,Kauffrau/Kaufmann EFZ,kv_l02,HKB A,L02,Agiles Arbeiten und Teamarbeit,medium,single_choice,Worauf muss man beim Thema Retrospektive in der Praxis besonders achten?,Schuldige suchen im laufenden Tagesgeschäft,Erfahrungen nicht dokumentieren im Produktionsalltag,nur Erfolge feiern im Werkstattumfeld bei sachgemässem Ablauf,Zusammenarbeit und Ergebnisse rückblickend verbessern,D,"Retrospektiven helfen Teams, Prozesse gezielt anzupassen.","Bildungsplan Kauffrau/Kaufmann EFZ, BiVo 2023, SKKAB/SBFI",https://www.bzww.ch/public/upload/assets/120804/Bildungsplan_EFZ_August2021_final.pdf
kv,Kauffrau/Kaufmann EFZ,kv_l02,HKB A,L02,Agiles Arbeiten und Teamarbeit,hard,single_choice,Welche Aussage zum Thema Retrospektive ist fachlich korrekt?,Zusammenarbeit und Ergebnisse rückblickend verbessern,Schuldige suchen nach gängiger Praxis bei vergleichbaren Aufgaben,Erfahrungen nicht dokumentieren im Rahmen der Routine,nur Erfolge feiern unter typischen Arbeitsbedingungen,A,"Retrospektiven helfen Teams, Prozesse gezielt anzupassen.","Bildungsplan Kauffrau/Kaufmann EFZ, BiVo 2023, SKKAB/SBFI",https://www.bzww.ch/public/upload/assets/120804/Bildungsplan_EFZ_August2021_final.pdf
kv,Kauffrau/Kaufmann EFZ,kv_l02,HKB A,L02,Agiles Arbeiten und Teamarbeit,easy,single_choice,Welche Aussage beschreibt das Thema Kooperation im Beruf Kauffrau/Kaufmann EFZ am besten?,Wissen bewusst zurückhalten bei sachgemässem Ablauf,Informationen teilen und gemeinsam tragfähige Lösungen erarbeiten,Absprachen ignorieren im Produktionsalltag bei sachgemässer Ausführung,nur Einzelinteressen verfolgen im normalen Werkstattbetrieb,B,Vernetzte Arbeit erfordert kooperatives Verhalten.,"Bildungsplan Kauffrau/Kaufmann EFZ, BiVo 2023, SKKAB/SBFI",https://www.bzww.ch/public/upload/assets/120804/Bildungsplan_EFZ_August2021_final.pdf
kv,Kauffrau/Kaufmann EFZ,kv_l02,HKB A,L02,Agiles Arbeiten und Teamarbeit,medium,single_choice,Worauf muss man beim Thema Kooperation in der Praxis besonders achten?,Wissen bewusst zurückhalten bei vergleichbaren Aufgaben,Absprachen ignorieren im Rahmen der Routine im laufenden Tagesgeschäft,Informationen teilen und gemeinsam tragfähige Lösungen erarbeiten,nur Einzelinteressen verfolgen im konkreten Auftrag,C,Vernetzte Arbeit erfordert kooperatives Verhalten.,"Bildungsplan Kauffrau/Kaufmann EFZ, BiVo 2023, SKKAB/SBFI",https://www.bzww.ch/public/upload/assets/120804/Bildungsplan_EFZ_August2021_final.pdf
kv,Kauffrau/Kaufmann EFZ,kv_l02,HKB A,L02,Agiles Arbeiten und Teamarbeit,hard,single_choice,Welche Aussage zum Thema Kooperation ist fachlich korrekt?,Wissen bewusst zurückhalten bei sachgemässer Ausführung,Absprachen ignorieren im normalen Werkstattbetrieb,nur Einzelinteressen verfolgen im üblichen Berufsalltag,Informationen teilen und gemeinsam tragfähige Lösungen erarbeiten,D,Vernetzte Arbeit erfordert kooperatives Verhalten.,"Bildungsplan Kauffrau/Kaufmann EFZ, BiVo 2023, SKKAB/SBFI",https://www.bzww.ch/public/upload/assets/120804/Bildungsplan_EFZ_August2021_final.pdf
kv,Kauffrau/Kaufmann EFZ,kv_l02,HKB A,L02,Agiles Arbeiten und Teamarbeit,easy,single_choice,Welche Aussage beschreibt das Thema Konflikt im Team im Beruf Kauffrau/Kaufmann EFZ am besten?,"Sachverhalt klären, Bedürfnisse anhören und Lösungen suchen",Konflikt eskalieren lassen im Werkstattumfeld,nur per Gerücht reagieren im laufenden Tagesgeschäft,Gegenpartei abwerten im konkreten Auftrag im Produktionsalltag,A,Sachliche Konfliktbearbeitung erhält Arbeitsfähigkeit.,"Bildungsplan Kauffrau/Kaufmann EFZ, BiVo 2023, SKKAB/SBFI",https://www.bzww.ch/public/upload/assets/120804/Bildungsplan_EFZ_August2021_final.pdf
kv,Kauffrau/Kaufmann EFZ,kv_l02,HKB A,L02,Agiles Arbeiten und Teamarbeit,medium,single_choice,Worauf muss man beim Thema Konflikt im Team in der Praxis besonders achten?,Konflikt eskalieren lassen unter typischen Arbeitsbedingungen,"Sachverhalt klären, Bedürfnisse anhören und Lösungen suchen",nur per Gerücht reagieren nach gängiger Praxis,Gegenpartei abwerten im üblichen Berufsalltag,B,Sachliche Konfliktbearbeitung erhält Arbeitsfähigkeit.,"Bildungsplan Kauffrau/Kaufmann EFZ, BiVo 2023, SKKAB/SBFI",https://www.bzww.ch/public/upload/assets/120804/Bildungsplan_EFZ_August2021_final.pdf
kv,Kauffrau/Kaufmann EFZ,kv_l02,HKB A,L02,Agiles Arbeiten und Teamarbeit,hard,single_choice,Welche Aussage zum Thema Konflikt im Team ist fachlich korrekt?,Konflikt eskalieren lassen bei sachgemässem Ablauf,nur per Gerücht reagieren im Produktionsalltag,"Sachverhalt klären, Bedürfnisse anhören und Lösungen suchen",Gegenpartei abwerten im Werkstattumfeld im normalen Werkstattbetrieb,C,Sachliche Konfliktbearbeitung erhält Arbeitsfähigkeit.,"Bildungsplan Kauffrau/Kaufmann EFZ, BiVo 2023, SKKAB/SBFI",https://www.bzww.ch/public/upload/assets/120804/Bildungsplan_EFZ_August2021_final.pdf
kv,Kauffrau/Kaufmann EFZ,kv_l02,HKB A,L02,Agiles Arbeiten und Teamarbeit,easy,single_choice,Welche Aussage beschreibt das Thema Priorisierung im Team im Beruf Kauffrau/Kaufmann EFZ am besten?,alles gleichzeitig beginnen unter typischen Arbeitsbedingungen,wichtige Fristen ignorieren im Rahmen der Routine,Prioritäten nie kommunizieren bei vergleichbaren Aufgaben,"Aufgaben nach Dringlichkeit, Wichtigkeit und Ressourcen ordnen",D,Priorisierung verhindert Überlastung und Verzögerungen.,"Bildungsplan Kauffrau/Kaufmann EFZ, BiVo 2023, SKKAB/SBFI",https://www.bzww.ch/public/upload/assets/120804/Bildungsplan_EFZ_August2021_final.pdf
kv,Kauffrau/Kaufmann EFZ,kv_l02,HKB A,L02,Agiles Arbeiten und Teamarbeit,medium,single_choice,Worauf muss man beim Thema Priorisierung im Team in der Praxis besonders achten?,"Aufgaben nach Dringlichkeit, Wichtigkeit und Ressourcen ordnen",alles gleichzeitig beginnen bei sachgemässem Ablauf,wichtige Fristen ignorieren im normalen Werkstattbetrieb,Prioritäten nie kommunizieren bei sachgemässer Ausführung,A,Priorisierung verhindert Überlastung und Verzögerungen.,"Bildungsplan Kauffrau/Kaufmann EFZ, BiVo 2023, SKKAB/SBFI",https://www.bzww.ch/public/upload/assets/120804/Bildungsplan_EFZ_August2021_final.pdf
kv,Kauffrau/Kaufmann EFZ,kv_l02,HKB A,L02,Agiles Arbeiten und Teamarbeit,hard,single_choice,Welche Aussage zum Thema Priorisierung im Team ist fachlich korrekt?,alles gleichzeitig beginnen bei vergleichbaren Aufgaben,"Aufgaben nach Dringlichkeit, Wichtigkeit und Ressourcen ordnen",wichtige Fristen ignorieren im konkreten Auftrag,Prioritäten nie kommunizieren im laufenden Tagesgeschäft,B,Priorisierung verhindert Überlastung und Verzögerungen.,"Bildungsplan Kauffrau/Kaufmann EFZ, BiVo 2023, SKKAB/SBFI",https://www.bzww.ch/public/upload/assets/120804/Bildungsplan_EFZ_August2021_final.pdf
kv,Kauffrau/Kaufmann EFZ,kv_l02,HKB A,L02,Agiles Arbeiten und Teamarbeit,easy,single_choice,Welche Aussage beschreibt das Thema digitale Zusammenarbeit im Beruf Kauffrau/Kaufmann EFZ am besten?,Passwörter teilen bei sachgemässer Ausführung,Dokumente lokal verstecken im üblichen Berufsalltag,gemeinsame Tools strukturiert und datenschutzkonform nutzen,Versionen unkontrolliert überschreiben nach gängiger Praxis,C,Digitale Tools unterstützen verteilte Teams.,"Bildungsplan Kauffrau/Kaufmann EFZ, BiVo 2023, SKKAB/SBFI",https://www.bzww.ch/public/upload/assets/120804/Bildungsplan_EFZ_August2021_final.pdf
kv,Kauffrau/Kaufmann EFZ,kv_l02,HKB A,L02,Agiles Arbeiten und Teamarbeit,medium,single_choice,Worauf muss man beim Thema digitale Zusammenarbeit in der Praxis besonders achten?,Passwörter teilen im laufenden Tagesgeschäft,Dokumente lokal verstecken im Werkstattumfeld,Versionen unkontrolliert überschreiben im Produktionsalltag,gemeinsame Tools strukturiert und datenschutzkonform nutzen,D,Digitale Tools unterstützen verteilte Teams.,"Bildungsplan Kauffrau/Kaufmann EFZ, BiVo 2023, SKKAB/SBFI",https://www.bzww.ch/public/upload/assets/120804/Bildungsplan_EFZ_August2021_final.pdf
kv,Kauffrau/Kaufmann EFZ,kv_l02,HKB A,L02,Agiles Arbeiten und Teamarbeit,hard,single_choice,Welche Aussage zum Thema digitale Zusammenarbeit ist fachlich korrekt?,gemeinsame Tools strukturiert und datenschutzkonform nutzen,Passwörter teilen nach gängiger Praxis im Rahmen der Routine,Dokumente lokal verstecken unter typischen Arbeitsbedingungen,Versionen unkontrolliert überschreiben bei vergleichbaren Aufgaben,A,Digitale Tools unterstützen verteilte Teams.,"Bildungsplan Kauffrau/Kaufmann EFZ, BiVo 2023, SKKAB/SBFI",https://www.bzww.ch/public/upload/assets/120804/Bildungsplan_EFZ_August2021_final.pdf
kv,Kauffrau/Kaufmann EFZ,kv_l02,HKB A,L02,Agiles Arbeiten und Teamarbeit,easy,single_choice,Welche Aussage beschreibt das Thema Teamkommunikation im Beruf Kauffrau/Kaufmann EFZ am besten?,unvollständige Nachrichten senden bei sachgemässem Ablauf,"klar, verbindlich und adressatengerecht kommunizieren",Rückfragen verbieten im Produktionsalltag,Abmachungen nur mündlich ohne Bedarf belassen,B,Gute Kommunikation reduziert Missverständnisse.,"Bildungsplan Kauffrau/Kaufmann EFZ, BiVo 2023, SKKAB/SBFI",https://www.bzww.ch/public/upload/assets/120804/Bildungsplan_EFZ_August2021_final.pdf
kv,Kauffrau/Kaufmann EFZ,kv_l02,HKB A,L02,Agiles Arbeiten und Teamarbeit,medium,single_choice,Worauf muss man beim Thema Teamkommunikation in der Praxis besonders achten?,unvollständige Nachrichten senden bei vergleichbaren Aufgaben,Rückfragen verbieten im Rahmen der Routine,"klar, verbindlich und adressatengerecht kommunizieren",Abmachungen nur mündlich ohne Bedarf belassen,C,Gute Kommunikation reduziert Missverständnisse.,"Bildungsplan Kauffrau/Kaufmann EFZ, BiVo 2023, SKKAB/SBFI",https://www.bzww.ch/public/upload/assets/120804/Bildungsplan_EFZ_August2021_final.pdf
kv,Kauffrau/Kaufmann EFZ,kv_l02,HKB A,L02,Agiles Arbeiten und Teamarbeit,hard,single_choice,Welche Aussage zum Thema Teamkommunikation ist fachlich korrekt?,unvollständige Nachrichten senden bei sachgemässer Ausführung,Rückfragen verbieten im normalen Werkstattbetrieb,Abmachungen nur mündlich ohne Bedarf belassen,"klar, verbindlich und adressatengerecht kommunizieren",D,Gute Kommunikation reduziert Missverständnisse.,"Bildungsplan Kauffrau/Kaufmann EFZ, BiVo 2023, SKKAB/SBFI",https://www.bzww.ch/public/upload/assets/120804/Bildungsplan_EFZ_August2021_final.pdf
kv,Kauffrau/Kaufmann EFZ,kv_l03,HKB A,L03,Arbeitsorganisation und Zeitmanagement,easy,single_choice,Welche Aussage beschreibt das Thema Tagesplanung im Beruf Kauffrau/Kaufmann EFZ am besten?,"Aufgaben, Fristen und Puffer realistisch planen",nur nach Gefühl arbeiten im konkreten Auftrag,Fristen erst nach Ablauf prüfen im Werkstattumfeld,Pausen nie berücksichtigen im laufenden Tagesgeschäft,A,Planung schafft Übersicht und reduziert Stress.,"Bildungsplan Kauffrau/Kaufmann EFZ, BiVo 2023, SKKAB/SBFI",https://www.bzww.ch/public/upload/assets/120804/Bildungsplan_EFZ_August2021_final.pdf
kv,Kauffrau/Kaufmann EFZ,kv_l03,HKB A,L03,Arbeitsorganisation und Zeitmanagement,medium,single_choice,Worauf muss man beim Thema Tagesplanung in der Praxis besonders achten?,nur nach Gefühl arbeiten im üblichen Berufsalltag,"Aufgaben, Fristen und Puffer realistisch planen",Fristen erst nach Ablauf prüfen unter typischen Arbeitsbedingungen,Pausen nie berücksichtigen nach gängiger Praxis,B,Planung schafft Übersicht und reduziert Stress.,"Bildungsplan Kauffrau/Kaufmann EFZ, BiVo 2023, SKKAB/SBFI",https://www.bzww.ch/public/upload/assets/120804/Bildungsplan_EFZ_August2021_final.pdf
kv,Kauffrau/Kaufmann EFZ,kv_l03,HKB A,L03,Arbeitsorganisation und Zeitmanagement,hard,single_choice,Welche Aussage zum Thema Tagesplanung ist fachlich korrekt?,nur nach Gefühl arbeiten im Werkstattumfeld,Fristen erst nach Ablauf prüfen bei sachgemässem Ablauf,"Aufgaben, Fristen und Puffer realistisch planen",Pausen nie berücksichtigen im Produktionsalltag,C,Planung schafft Übersicht und reduziert Stress.,"Bildungsplan Kauffrau/Kaufmann EFZ, BiVo 2023, SKKAB/SBFI",https://www.bzww.ch/public/upload/assets/120804/Bildungsplan_EFZ_August2021_final.pdf
kv,Kauffrau/Kaufmann EFZ,kv_l03,HKB A,L03,Arbeitsorganisation und Zeitmanagement,easy,single_choice,Welche Aussage beschreibt das Thema Prioritäten im Beruf Kauffrau/Kaufmann EFZ am besten?,jede Aufgabe gleich behandeln im Rahmen der Routine,nur angenehme Arbeiten zuerst machen bei vergleichbaren Aufgaben,Kundenfristen ignorieren unter typischen Arbeitsbedingungen,Wichtigkeit und Dringlichkeit voneinander unterscheiden,D,Prioritäten steuern den effizienten Ressourceneinsatz.,"Bildungsplan Kauffrau/Kaufmann EFZ, BiVo 2023, SKKAB/SBFI",https://www.bzww.ch/public/upload/assets/120804/Bildungsplan_EFZ_August2021_final.pdf
kv,Kauffrau/Kaufmann EFZ,kv_l03,HKB A,L03,Arbeitsorganisation und Zeitmanagement,medium,single_choice,Worauf muss man beim Thema Prioritäten in der Praxis besonders achten?,Wichtigkeit und Dringlichkeit voneinander unterscheiden,jede Aufgabe gleich behandeln im normalen Werkstattbetrieb,nur angenehme Arbeiten zuerst machen bei sachgemässer Ausführung,Kundenfristen ignorieren bei sachgemässem Ablauf,A,Prioritäten steuern den effizienten Ressourceneinsatz.,"Bildungsplan Kauffrau/Kaufmann EFZ, BiVo 2023, SKKAB/SBFI",https://www.bzww.ch/public/upload/assets/120804/Bildungsplan_EFZ_August2021_final.pdf
kv,Kauffrau/Kaufmann EFZ,kv_l03,HKB A,L03,Arbeitsorganisation und Zeitmanagement,hard,single_choice,Welche Aussage zum Thema Prioritäten ist fachlich korrekt?,jede Aufgabe gleich behandeln im konkreten Auftrag,Wichtigkeit und Dringlichkeit voneinander unterscheiden,nur angenehme Arbeiten zuerst machen im laufenden Tagesgeschäft,Kundenfristen ignorieren bei vergleichbaren Aufgaben,B,Prioritäten steuern den effizienten Ressourceneinsatz.,"Bildungsplan Kauffrau/Kaufmann EFZ, BiVo 2023, SKKAB/SBFI",https://www.bzww.ch/public/upload/assets/120804/Bildungsplan_EFZ_August2021_final.pdf
kv,Kauffrau/Kaufmann EFZ,kv_l03,HKB A,L03,Arbeitsorganisation und Zeitmanagement,easy,single_choice,Welche Aussage beschreibt das Thema Arbeitsplatzorganisation im Beruf Kauffrau/Kaufmann EFZ am besten?,Dateien zufällig speichern bei sachgemässer Ausführung,vertrauliche Dokumente offen liegen lassen nach gängiger Praxis,"Unterlagen, digitale Ablagen und Hilfsmittel übersichtlich führen",alte Versionen unmarkiert nutzen im üblichen Berufsalltag,C,Ordnung unterstützt Qualität und Datenschutz.,"Bildungsplan Kauffrau/Kaufmann EFZ, BiVo 2023, SKKAB/SBFI",https://www.bzww.ch/public/upload/assets/120804/Bildungsplan_EFZ_August2021_final.pdf
kv,Kauffrau/Kaufmann EFZ,kv_l03,HKB A,L03,Arbeitsorganisation und Zeitmanagement,medium,single_choice,Worauf muss man beim Thema Arbeitsplatzorganisation in der Praxis besonders achten?,Dateien zufällig speichern im laufenden Tagesgeschäft,vertrauliche Dokumente offen liegen lassen im Produktionsalltag,alte Versionen unmarkiert nutzen im Werkstattumfeld,"Unterlagen, digitale Ablagen und Hilfsmittel übersichtlich führen",D,Ordnung unterstützt Qualität und Datenschutz.,"Bildungsplan Kauffrau/Kaufmann EFZ, BiVo 2023, SKKAB/SBFI",https://www.bzww.ch/public/upload/assets/120804/Bildungsplan_EFZ_August2021_final.pdf
kv,Kauffrau/Kaufmann EFZ,kv_l03,HKB A,L03,Arbeitsorganisation und Zeitmanagement,hard,single_choice,Welche Aussage zum Thema Arbeitsplatzorganisation ist fachlich korrekt?,"Unterlagen, digitale Ablagen und Hilfsmittel übersichtlich führen",Dateien zufällig speichern nach gängiger Praxis,vertrauliche Dokumente offen liegen lassen im Rahmen der Routine,alte Versionen unmarkiert nutzen unter typischen Arbeitsbedingungen,A,Ordnung unterstützt Qualität und Datenschutz.,"Bildungsplan Kauffrau/Kaufmann EFZ, BiVo 2023, SKKAB/SBFI",https://www.bzww.ch/public/upload/assets/120804/Bildungsplan_EFZ_August2021_final.pdf
kv,Kauffrau/Kaufmann EFZ,kv_l03,HKB A,L03,Arbeitsorganisation und Zeitmanagement,easy,single_choice,Welche Aussage beschreibt das Thema Terminkoordination im Beruf Kauffrau/Kaufmann EFZ am besten?,Termine ohne Rücksprache setzen im normalen Werkstattbetrieb,"Verfügbarkeiten, Ressourcen und Abhängigkeiten prüfen",Doppelbuchungen ignorieren im Produktionsalltag,Einladungen ohne Zweck senden bei sachgemässem Ablauf,B,Koordination ist zentral für administrative Prozesse.,"Bildungsplan Kauffrau/Kaufmann EFZ, BiVo 2023, SKKAB/SBFI",https://www.bzww.ch/public/upload/assets/120804/Bildungsplan_EFZ_August2021_final.pdf
kv,Kauffrau/Kaufmann EFZ,kv_l03,HKB A,L03,Arbeitsorganisation und Zeitmanagement,medium,single_choice,Worauf muss man beim Thema Terminkoordination in der Praxis besonders achten?,Termine ohne Rücksprache setzen im konkreten Auftrag,Doppelbuchungen ignorieren im Rahmen der Routine,"Verfügbarkeiten, Ressourcen und Abhängigkeiten prüfen",Einladungen ohne Zweck senden bei vergleichbaren Aufgaben,C,Koordination ist zentral für administrative Prozesse.,"Bildungsplan Kauffrau/Kaufmann EFZ, BiVo 2023, SKKAB/SBFI",https://www.bzww.ch/public/upload/assets/120804/Bildungsplan_EFZ_August2021_final.pdf
kv,Kauffrau/Kaufmann EFZ,kv_l03,HKB A,L03,Arbeitsorganisation und Zeitmanagement,hard,single_choice,Welche Aussage zum Thema Terminkoordination ist fachlich korrekt?,Termine ohne Rücksprache setzen im üblichen Berufsalltag,Doppelbuchungen ignorieren im normalen Werkstattbetrieb,Einladungen ohne Zweck senden bei sachgemässer Ausführung,"Verfügbarkeiten, Ressourcen und Abhängigkeiten prüfen",D,Koordination ist zentral für administrative Prozesse.,"Bildungsplan Kauffrau/Kaufmann EFZ, BiVo 2023, SKKAB/SBFI",https://www.bzww.ch/public/upload/assets/120804/Bildungsplan_EFZ_August2021_final.pdf
kv,Kauffrau/Kaufmann EFZ,kv_l03,HKB A,L03,Arbeitsorganisation und Zeitmanagement,easy,single_choice,Welche Aussage beschreibt das Thema Checkliste im Beruf Kauffrau/Kaufmann EFZ am besten?,wiederkehrende Aufgaben vollständig und kontrollierbar abarbeiten,Kontrollpunkte weglassen im laufenden Tagesgeschäft,Listen nie aktualisieren im Werkstattumfeld im Produktionsalltag,nur auswendig arbeiten im konkreten Auftrag bei sachgemässem Ablauf,A,Checklisten verhindern Vergessen und erleichtern Qualitätssicherung.,"Bildungsplan Kauffrau/Kaufmann EFZ, BiVo 2023, SKKAB/SBFI",https://www.bzww.ch/public/upload/assets/120804/Bildungsplan_EFZ_August2021_final.pdf
kv,Kauffrau/Kaufmann EFZ,kv_l03,HKB A,L03,Arbeitsorganisation und Zeitmanagement,medium,single_choice,Worauf muss man beim Thema Checkliste in der Praxis besonders achten?,Kontrollpunkte weglassen nach gängiger Praxis im Rahmen der Routine,wiederkehrende Aufgaben vollständig und kontrollierbar abarbeiten,Listen nie aktualisieren unter typischen Arbeitsbedingungen,nur auswendig arbeiten im üblichen Berufsalltag,B,Checklisten verhindern Vergessen und erleichtern Qualitätssicherung.,"Bildungsplan Kauffrau/Kaufmann EFZ, BiVo 2023, SKKAB/SBFI",https://www.bzww.ch/public/upload/assets/120804/Bildungsplan_EFZ_August2021_final.pdf
kv,Kauffrau/Kaufmann EFZ,kv_l03,HKB A,L03,Arbeitsorganisation und Zeitmanagement,hard,single_choice,Welche Aussage zum Thema Checkliste ist fachlich korrekt?,Kontrollpunkte weglassen im Produktionsalltag bei sachgemässer Ausführung,Listen nie aktualisieren bei sachgemässem Ablauf,wiederkehrende Aufgaben vollständig und kontrollierbar abarbeiten,nur auswendig arbeiten im Werkstattumfeld im normalen Werkstattbetrieb,C,Checklisten verhindern Vergessen und erleichtern Qualitätssicherung.,"Bildungsplan Kauffrau/Kaufmann EFZ, BiVo 2023, SKKAB/SBFI",https://www.bzww.ch/public/upload/assets/120804/Bildungsplan_EFZ_August2021_final.pdf
kv,Kauffrau/Kaufmann EFZ,kv_l03,HKB A,L03,Arbeitsorganisation und Zeitmanagement,easy,single_choice,Welche Aussage beschreibt das Thema Ablage im Beruf Kauffrau/Kaufmann EFZ am besten?,Dateinamen beliebig wählen im Rahmen der Routine,Zugriffsrechte nie prüfen unter typischen Arbeitsbedingungen,Originale versehentlich überschreiben bei vergleichbaren Aufgaben,"Dokumente nachvollziehbar, sicher und auffindbar speichern",D,Eine saubere Ablage spart Zeit und erfüllt Compliance-Anforderungen.,"Bildungsplan Kauffrau/Kaufmann EFZ, BiVo 2023, SKKAB/SBFI",https://www.bzww.ch/public/upload/assets/120804/Bildungsplan_EFZ_August2021_final.pdf
kv,Kauffrau/Kaufmann EFZ,kv_l03,HKB A,L03,Arbeitsorganisation und Zeitmanagement,medium,single_choice,Worauf muss man beim Thema Ablage in der Praxis besonders achten?,"Dokumente nachvollziehbar, sicher und auffindbar speichern",Dateinamen beliebig wählen im normalen Werkstattbetrieb,Zugriffsrechte nie prüfen bei sachgemässem Ablauf,Originale versehentlich überschreiben bei sachgemässer Ausführung,A,Eine saubere Ablage spart Zeit und erfüllt Compliance-Anforderungen.,"Bildungsplan Kauffrau/Kaufmann EFZ, BiVo 2023, SKKAB/SBFI",https://www.bzww.ch/public/upload/assets/120804/Bildungsplan_EFZ_August2021_final.pdf
kv,Kauffrau/Kaufmann EFZ,kv_l03,HKB A,L03,Arbeitsorganisation und Zeitmanagement,hard,single_choice,Welche Aussage zum Thema Ablage ist fachlich korrekt?,Dateinamen beliebig wählen im konkreten Auftrag,"Dokumente nachvollziehbar, sicher und auffindbar speichern",Zugriffsrechte nie prüfen bei vergleichbaren Aufgaben,Originale versehentlich überschreiben im laufenden Tagesgeschäft,B,Eine saubere Ablage spart Zeit und erfüllt Compliance-Anforderungen.,"Bildungsplan Kauffrau/Kaufmann EFZ, BiVo 2023, SKKAB/SBFI",https://www.bzww.ch/public/upload/assets/120804/Bildungsplan_EFZ_August2021_final.pdf
kv,Kauffrau/Kaufmann EFZ,kv_l03,HKB A,L03,Arbeitsorganisation und Zeitmanagement,easy,single_choice,Welche Aussage beschreibt das Thema Effizienz im Beruf Kauffrau/Kaufmann EFZ am besten?,jeden Schritt unnötig doppeln nach gängiger Praxis,Routinefehler akzeptieren im üblichen Berufsalltag,Aufwand und Nutzen von Arbeitsschritten bewusst beurteilen,Verbesserungen vermeiden bei sachgemässer Ausführung,C,Effizienz bedeutet wirkungsvolle Arbeitsweise ohne Qualitätsverlust.,"Bildungsplan Kauffrau/Kaufmann EFZ, BiVo 2023, SKKAB/SBFI",https://www.bzww.ch/public/upload/assets/120804/Bildungsplan_EFZ_August2021_final.pdf
kv,Kauffrau/Kaufmann EFZ,kv_l03,HKB A,L03,Arbeitsorganisation und Zeitmanagement,medium,single_choice,Worauf muss man beim Thema Effizienz in der Praxis besonders achten?,jeden Schritt unnötig doppeln im Produktionsalltag,Routinefehler akzeptieren im Werkstattumfeld,Verbesserungen vermeiden im laufenden Tagesgeschäft,Aufwand und Nutzen von Arbeitsschritten bewusst beurteilen,D,Effizienz bedeutet wirkungsvolle Arbeitsweise ohne Qualitätsverlust.,"Bildungsplan Kauffrau/Kaufmann EFZ, BiVo 2023, SKKAB/SBFI",https://www.bzww.ch/public/upload/assets/120804/Bildungsplan_EFZ_August2021_final.pdf
kv,Kauffrau/Kaufmann EFZ,kv_l03,HKB A,L03,Arbeitsorganisation und Zeitmanagement,hard,single_choice,Welche Aussage zum Thema Effizienz ist fachlich korrekt?,Aufwand und Nutzen von Arbeitsschritten bewusst beurteilen,jeden Schritt unnötig doppeln im Rahmen der Routine,Routinefehler akzeptieren unter typischen Arbeitsbedingungen,Verbesserungen vermeiden nach gängiger Praxis,A,Effizienz bedeutet wirkungsvolle Arbeitsweise ohne Qualitätsverlust.,"Bildungsplan Kauffrau/Kaufmann EFZ, BiVo 2023, SKKAB/SBFI",https://www.bzww.ch/public/upload/assets/120804/Bildungsplan_EFZ_August2021_final.pdf
kv,Kauffrau/Kaufmann EFZ,kv_l03,HKB A,L03,Arbeitsorganisation und Zeitmanagement,easy,single_choice,Welche Aussage beschreibt das Thema Stressprävention im Beruf Kauffrau/Kaufmann EFZ am besten?,Warnsignale ignorieren im Produktionsalltag,Belastung früh erkennen und geeignete Massnahmen ergreifen,dauerhaft ohne Pause arbeiten im normalen Werkstattbetrieb,Überlastung verheimlichen bei sachgemässem Ablauf,B,Gesunde Arbeitsorganisation schützt Leistungsfähigkeit.,"Bildungsplan Kauffrau/Kaufmann EFZ, BiVo 2023, SKKAB/SBFI",https://www.bzww.ch/public/upload/assets/120804/Bildungsplan_EFZ_August2021_final.pdf
kv,Kauffrau/Kaufmann EFZ,kv_l03,HKB A,L03,Arbeitsorganisation und Zeitmanagement,medium,single_choice,Worauf muss man beim Thema Stressprävention in der Praxis besonders achten?,Warnsignale ignorieren im Rahmen der Routine,dauerhaft ohne Pause arbeiten im konkreten Auftrag,Belastung früh erkennen und geeignete Massnahmen ergreifen,Überlastung verheimlichen bei vergleichbaren Aufgaben,C,Gesunde Arbeitsorganisation schützt Leistungsfähigkeit.,"Bildungsplan Kauffrau/Kaufmann EFZ, BiVo 2023, SKKAB/SBFI",https://www.bzww.ch/public/upload/assets/120804/Bildungsplan_EFZ_August2021_final.pdf
kv,Kauffrau/Kaufmann EFZ,kv_l03,HKB A,L03,Arbeitsorganisation und Zeitmanagement,hard,single_choice,Welche Aussage zum Thema Stressprävention ist fachlich korrekt?,Warnsignale ignorieren im normalen Werkstattbetrieb,dauerhaft ohne Pause arbeiten im üblichen Berufsalltag,Überlastung verheimlichen bei sachgemässer Ausführung,Belastung früh erkennen und geeignete Massnahmen ergreifen,D,Gesunde Arbeitsorganisation schützt Leistungsfähigkeit.,"Bildungsplan Kauffrau/Kaufmann EFZ, BiVo 2023, SKKAB/SBFI",https://www.bzww.ch/public/upload/assets/120804/Bildungsplan_EFZ_August2021_final.pdf
kv,Kauffrau/Kaufmann EFZ,kv_l03,HKB A,L03,Arbeitsorganisation und Zeitmanagement,easy,single_choice,Welche Aussage beschreibt das Thema Qualitätskontrolle im Beruf Kauffrau/Kaufmann EFZ am besten?,Resultate vor Abgabe auf Vollständigkeit und Richtigkeit prüfen,Fehler Kunden finden lassen im laufenden Tagesgeschäft,Kontrolle bei Zeitdruck streichen im Werkstattumfeld,nur Rechtschreibung prüfen im konkreten Auftrag,A,Kontrollen sichern professionelle Ergebnisse.,"Bildungsplan Kauffrau/Kaufmann EFZ, BiVo 2023, SKKAB/SBFI",https://www.bzww.ch/public/upload/assets/120804/Bildungsplan_EFZ_August2021_final.pdf
kv,Kauffrau/Kaufmann EFZ,kv_l03,HKB A,L03,Arbeitsorganisation und Zeitmanagement,medium,single_choice,Worauf muss man beim Thema Qualitätskontrolle in der Praxis besonders achten?,Fehler Kunden finden lassen nach gängiger Praxis,Resultate vor Abgabe auf Vollständigkeit und Richtigkeit prüfen,Kontrolle bei Zeitdruck streichen unter typischen Arbeitsbedingungen,nur Rechtschreibung prüfen im üblichen Berufsalltag,B,Kontrollen sichern professionelle Ergebnisse.,"Bildungsplan Kauffrau/Kaufmann EFZ, BiVo 2023, SKKAB/SBFI",https://www.bzww.ch/public/upload/assets/120804/Bildungsplan_EFZ_August2021_final.pdf
kv,Kauffrau/Kaufmann EFZ,kv_l03,HKB A,L03,Arbeitsorganisation und Zeitmanagement,hard,single_choice,Welche Aussage zum Thema Qualitätskontrolle ist fachlich korrekt?,Fehler Kunden finden lassen im Produktionsalltag,Kontrolle bei Zeitdruck streichen bei sachgemässem Ablauf,Resultate vor Abgabe auf Vollständigkeit und Richtigkeit prüfen,nur Rechtschreibung prüfen im Werkstattumfeld im normalen Werkstattbetrieb,C,Kontrollen sichern professionelle Ergebnisse.,"Bildungsplan Kauffrau/Kaufmann EFZ, BiVo 2023, SKKAB/SBFI",https://www.bzww.ch/public/upload/assets/120804/Bildungsplan_EFZ_August2021_final.pdf
kv,Kauffrau/Kaufmann EFZ,kv_l03,HKB A,L03,Arbeitsorganisation und Zeitmanagement,easy,single_choice,Welche Aussage beschreibt das Thema Delegation vorbereiten im Beruf Kauffrau/Kaufmann EFZ am besten?,nur ein Stichwort nennen unter typischen Arbeitsbedingungen,Zuständigkeit offen lassen bei vergleichbaren Aufgaben,keine Rückfragen erlauben im Rahmen der Routine,"Auftrag, Ziel, Frist und Erwartungen verständlich formulieren",D,Delegation funktioniert nur mit klaren Informationen.,"Bildungsplan Kauffrau/Kaufmann EFZ, BiVo 2023, SKKAB/SBFI",https://www.bzww.ch/public/upload/assets/120804/Bildungsplan_EFZ_August2021_final.pdf
kv,Kauffrau/Kaufmann EFZ,kv_l03,HKB A,L03,Arbeitsorganisation und Zeitmanagement,medium,single_choice,Worauf muss man beim Thema Delegation vorbereiten in der Praxis besonders achten?,"Auftrag, Ziel, Frist und Erwartungen verständlich formulieren",nur ein Stichwort nennen bei sachgemässem Ablauf,Zuständigkeit offen lassen bei sachgemässer Ausführung,keine Rückfragen erlauben im normalen Werkstattbetrieb,A,Delegation funktioniert nur mit klaren Informationen.,"Bildungsplan Kauffrau/Kaufmann EFZ, BiVo 2023, SKKAB/SBFI",https://www.bzww.ch/public/upload/assets/120804/Bildungsplan_EFZ_August2021_final.pdf
kv,Kauffrau/Kaufmann EFZ,kv_l03,HKB A,L03,Arbeitsorganisation und Zeitmanagement,hard,single_choice,Welche Aussage zum Thema Delegation vorbereiten ist fachlich korrekt?,nur ein Stichwort nennen bei vergleichbaren Aufgaben,"Auftrag, Ziel, Frist und Erwartungen verständlich formulieren",Zuständigkeit offen lassen im laufenden Tagesgeschäft,keine Rückfragen erlauben im konkreten Auftrag,B,Delegation funktioniert nur mit klaren Informationen.,"Bildungsplan Kauffrau/Kaufmann EFZ, BiVo 2023, SKKAB/SBFI",https://www.bzww.ch/public/upload/assets/120804/Bildungsplan_EFZ_August2021_final.pdf
kv,Kauffrau/Kaufmann EFZ,kv_l04,HKB A,L04,Projektmanagement und Problemlösen,easy,single_choice,Welche Aussage beschreibt das Thema Projektziel im Beruf Kauffrau/Kaufmann EFZ am besten?,Ziel offen lassen bei sachgemässer Ausführung,nur Aktivitäten aufzählen nach gängiger Praxis,"Ergebnis, Nutzen, Termin und Rahmenbedingungen klar beschreiben",Erfolg nie messen im üblichen Berufsalltag unter typischen Arbeitsbedingungen,C,Klare Ziele richten Projektarbeit aus.,"Bildungsplan Kauffrau/Kaufmann EFZ, BiVo 2023, SKKAB/SBFI",https://www.bzww.ch/public/upload/assets/120804/Bildungsplan_EFZ_August2021_final.pdf
kv,Kauffrau/Kaufmann EFZ,kv_l04,HKB A,L04,Projektmanagement und Problemlösen,medium,single_choice,Worauf muss man beim Thema Projektziel in der Praxis besonders achten?,Ziel offen lassen im laufenden Tagesgeschäft im normalen Werkstattbetrieb,nur Aktivitäten aufzählen im Produktionsalltag,Erfolg nie messen im Werkstattumfeld bei sachgemässem Ablauf,"Ergebnis, Nutzen, Termin und Rahmenbedingungen klar beschreiben",D,Klare Ziele richten Projektarbeit aus.,"Bildungsplan Kauffrau/Kaufmann EFZ, BiVo 2023, SKKAB/SBFI",https://www.bzww.ch/public/upload/assets/120804/Bildungsplan_EFZ_August2021_final.pdf
kv,Kauffrau/Kaufmann EFZ,kv_l04,HKB A,L04,Projektmanagement und Problemlösen,hard,single_choice,Welche Aussage zum Thema Projektziel ist fachlich korrekt?,"Ergebnis, Nutzen, Termin und Rahmenbedingungen klar beschreiben",Ziel offen lassen nach gängiger Praxis bei vergleichbaren Aufgaben,nur Aktivitäten aufzählen im Rahmen der Routine,Erfolg nie messen unter typischen Arbeitsbedingungen,A,Klare Ziele richten Projektarbeit aus.,"Bildungsplan Kauffrau/Kaufmann EFZ, BiVo 2023, SKKAB/SBFI",https://www.bzww.ch/public/upload/assets/120804/Bildungsplan_EFZ_August2021_final.pdf
kv,Kauffrau/Kaufmann EFZ,kv_l04,HKB A,L04,Projektmanagement und Problemlösen,easy,single_choice,Welche Aussage beschreibt das Thema Meilenstein im Beruf Kauffrau/Kaufmann EFZ am besten?,nur Endtermin kennen im Produktionsalltag bei sachgemässer Ausführung,wichtige Zwischenergebnisse und Entscheidungspunkte festlegen,alle Aufgaben ohne Reihenfolge planen im normalen Werkstattbetrieb,Kontrollen vermeiden bei sachgemässem Ablauf,B,Meilensteine machen Fortschritt sichtbar.,"Bildungsplan Kauffrau/Kaufmann EFZ, BiVo 2023, SKKAB/SBFI",https://www.bzww.ch/public/upload/assets/120804/Bildungsplan_EFZ_August2021_final.pdf
kv,Kauffrau/Kaufmann EFZ,kv_l04,HKB A,L04,Projektmanagement und Problemlösen,medium,single_choice,Worauf muss man beim Thema Meilenstein in der Praxis besonders achten?,nur Endtermin kennen im Rahmen der Routine im laufenden Tagesgeschäft,alle Aufgaben ohne Reihenfolge planen im konkreten Auftrag,wichtige Zwischenergebnisse und Entscheidungspunkte festlegen,Kontrollen vermeiden bei vergleichbaren Aufgaben,C,Meilensteine machen Fortschritt sichtbar.,"Bildungsplan Kauffrau/Kaufmann EFZ, BiVo 2023, SKKAB/SBFI",https://www.bzww.ch/public/upload/assets/120804/Bildungsplan_EFZ_August2021_final.pdf
kv,Kauffrau/Kaufmann EFZ,kv_l04,HKB A,L04,Projektmanagement und Problemlösen,hard,single_choice,Welche Aussage zum Thema Meilenstein ist fachlich korrekt?,nur Endtermin kennen im normalen Werkstattbetrieb,alle Aufgaben ohne Reihenfolge planen im üblichen Berufsalltag,Kontrollen vermeiden bei sachgemässer Ausführung,wichtige Zwischenergebnisse und Entscheidungspunkte festlegen,D,Meilensteine machen Fortschritt sichtbar.,"Bildungsplan Kauffrau/Kaufmann EFZ, BiVo 2023, SKKAB/SBFI",https://www.bzww.ch/public/upload/assets/120804/Bildungsplan_EFZ_August2021_final.pdf
kv,Kauffrau/Kaufmann EFZ,kv_l04,HKB A,L04,Projektmanagement und Problemlösen,easy,single_choice,Welche Aussage beschreibt das Thema Stakeholder im Beruf Kauffrau/Kaufmann EFZ am besten?,betroffene Personen erkennen und passend einbeziehen,Anspruchsgruppen ignorieren im laufenden Tagesgeschäft,nur eigene Sicht beachten im konkreten Auftrag,Informationen zufällig verteilen im Werkstattumfeld,A,Stakeholder beeinflussen Anforderungen und Akzeptanz.,"Bildungsplan Kauffrau/Kaufmann EFZ, BiVo 2023, SKKAB/SBFI",https://www.bzww.ch/public/upload/assets/120804/Bildungsplan_EFZ_August2021_final.pdf
kv,Kauffrau/Kaufmann EFZ,kv_l04,HKB A,L04,Projektmanagement und Problemlösen,medium,single_choice,Worauf muss man beim Thema Stakeholder in der Praxis besonders achten?,Anspruchsgruppen ignorieren nach gängiger Praxis,betroffene Personen erkennen und passend einbeziehen,nur eigene Sicht beachten im üblichen Berufsalltag,Informationen zufällig verteilen unter typischen Arbeitsbedingungen,B,Stakeholder beeinflussen Anforderungen und Akzeptanz.,"Bildungsplan Kauffrau/Kaufmann EFZ, BiVo 2023, SKKAB/SBFI",https://www.bzww.ch/public/upload/assets/120804/Bildungsplan_EFZ_August2021_final.pdf
kv,Kauffrau/Kaufmann EFZ,kv_l04,HKB A,L04,Projektmanagement und Problemlösen,hard,single_choice,Welche Aussage zum Thema Stakeholder ist fachlich korrekt?,Anspruchsgruppen ignorieren im Produktionsalltag,nur eigene Sicht beachten im Werkstattumfeld,betroffene Personen erkennen und passend einbeziehen,Informationen zufällig verteilen bei sachgemässem Ablauf,C,Stakeholder beeinflussen Anforderungen und Akzeptanz.,"Bildungsplan Kauffrau/Kaufmann EFZ, BiVo 2023, SKKAB/SBFI",https://www.bzww.ch/public/upload/assets/120804/Bildungsplan_EFZ_August2021_final.pdf
kv,Kauffrau/Kaufmann EFZ,kv_l04,HKB A,L04,Projektmanagement und Problemlösen,easy,single_choice,Welche Aussage beschreibt das Thema Risikoanalyse im Beruf Kauffrau/Kaufmann EFZ am besten?,Risiken erst nach Schaden betrachten bei vergleichbaren Aufgaben,alle Risiken verschweigen im Rahmen der Routine,ohne Puffer planen unter typischen Arbeitsbedingungen,mögliche Probleme früh erkennen und Gegenmassnahmen planen,D,Risikobewusstsein erhöht Projektsicherheit.,"Bildungsplan Kauffrau/Kaufmann EFZ, BiVo 2023, SKKAB/SBFI",https://www.bzww.ch/public/upload/assets/120804/Bildungsplan_EFZ_August2021_final.pdf
kv,Kauffrau/Kaufmann EFZ,kv_l04,HKB A,L04,Projektmanagement und Problemlösen,medium,single_choice,Worauf muss man beim Thema Risikoanalyse in der Praxis besonders achten?,mögliche Probleme früh erkennen und Gegenmassnahmen planen,Risiken erst nach Schaden betrachten bei sachgemässer Ausführung,alle Risiken verschweigen im normalen Werkstattbetrieb,ohne Puffer planen bei sachgemässem Ablauf,A,Risikobewusstsein erhöht Projektsicherheit.,"Bildungsplan Kauffrau/Kaufmann EFZ, BiVo 2023, SKKAB/SBFI",https://www.bzww.ch/public/upload/assets/120804/Bildungsplan_EFZ_August2021_final.pdf
kv,Kauffrau/Kaufmann EFZ,kv_l04,HKB A,L04,Projektmanagement und Problemlösen,hard,single_choice,Welche Aussage zum Thema Risikoanalyse ist fachlich korrekt?,Risiken erst nach Schaden betrachten im laufenden Tagesgeschäft,mögliche Probleme früh erkennen und Gegenmassnahmen planen,alle Risiken verschweigen im konkreten Auftrag,ohne Puffer planen bei vergleichbaren Aufgaben,B,Risikobewusstsein erhöht Projektsicherheit.,"Bildungsplan Kauffrau/Kaufmann EFZ, BiVo 2023, SKKAB/SBFI",https://www.bzww.ch/public/upload/assets/120804/Bildungsplan_EFZ_August2021_final.pdf
kv,Kauffrau/Kaufmann EFZ,kv_l04,HKB A,L04,Projektmanagement und Problemlösen,easy,single_choice,Welche Aussage beschreibt das Thema Projektkommunikation im Beruf Kauffrau/Kaufmann EFZ am besten?,Entscheide nur im Kopf behalten nach gängiger Praxis,Statusberichte vermeiden bei sachgemässer Ausführung,"Status, Entscheide und offene Punkte transparent dokumentieren",Informationen verspätet senden im üblichen Berufsalltag,C,Kommunikation hält Beteiligte handlungsfähig.,"Bildungsplan Kauffrau/Kaufmann EFZ, BiVo 2023, SKKAB/SBFI",https://www.bzww.ch/public/upload/assets/120804/Bildungsplan_EFZ_August2021_final.pdf
kv,Kauffrau/Kaufmann EFZ,kv_l04,HKB A,L04,Projektmanagement und Problemlösen,medium,single_choice,Worauf muss man beim Thema Projektkommunikation in der Praxis besonders achten?,Entscheide nur im Kopf behalten im Produktionsalltag,Statusberichte vermeiden im laufenden Tagesgeschäft,Informationen verspätet senden im Werkstattumfeld,"Status, Entscheide und offene Punkte transparent dokumentieren",D,Kommunikation hält Beteiligte handlungsfähig.,"Bildungsplan Kauffrau/Kaufmann EFZ, BiVo 2023, SKKAB/SBFI",https://www.bzww.ch/public/upload/assets/120804/Bildungsplan_EFZ_August2021_final.pdf
kv,Kauffrau/Kaufmann EFZ,kv_l04,HKB A,L04,Projektmanagement und Problemlösen,hard,single_choice,Welche Aussage zum Thema Projektkommunikation ist fachlich korrekt?,"Status, Entscheide und offene Punkte transparent dokumentieren",Entscheide nur im Kopf behalten im Rahmen der Routine,Statusberichte vermeiden nach gängiger Praxis,Informationen verspätet senden unter typischen Arbeitsbedingungen,A,Kommunikation hält Beteiligte handlungsfähig.,"Bildungsplan Kauffrau/Kaufmann EFZ, BiVo 2023, SKKAB/SBFI",https://www.bzww.ch/public/upload/assets/120804/Bildungsplan_EFZ_August2021_final.pdf
kv,Kauffrau/Kaufmann EFZ,kv_l04,HKB A,L04,Projektmanagement und Problemlösen,easy,single_choice,Welche Aussage beschreibt das Thema Ursachenanalyse im Beruf Kauffrau/Kaufmann EFZ am besten?,nur Schuldige suchen bei sachgemässem Ablauf,Problemursachen statt nur Symptome untersuchen,erste Vermutung sofort umsetzen im normalen Werkstattbetrieb,Daten ignorieren im Produktionsalltag,B,Nachhaltige Lösungen setzen an Ursachen an.,"Bildungsplan Kauffrau/Kaufmann EFZ, BiVo 2023, SKKAB/SBFI",https://www.bzww.ch/public/upload/assets/120804/Bildungsplan_EFZ_August2021_final.pdf
kv,Kauffrau/Kaufmann EFZ,kv_l04,HKB A,L04,Projektmanagement und Problemlösen,medium,single_choice,Worauf muss man beim Thema Ursachenanalyse in der Praxis besonders achten?,nur Schuldige suchen bei vergleichbaren Aufgaben,erste Vermutung sofort umsetzen im konkreten Auftrag,Problemursachen statt nur Symptome untersuchen,Daten ignorieren im Rahmen der Routine,C,Nachhaltige Lösungen setzen an Ursachen an.,"Bildungsplan Kauffrau/Kaufmann EFZ, BiVo 2023, SKKAB/SBFI",https://www.bzww.ch/public/upload/assets/120804/Bildungsplan_EFZ_August2021_final.pdf
kv,Kauffrau/Kaufmann EFZ,kv_l04,HKB A,L04,Projektmanagement und Problemlösen,hard,single_choice,Welche Aussage zum Thema Ursachenanalyse ist fachlich korrekt?,nur Schuldige suchen bei sachgemässer Ausführung,erste Vermutung sofort umsetzen im üblichen Berufsalltag,Daten ignorieren im normalen Werkstattbetrieb,Problemursachen statt nur Symptome untersuchen,D,Nachhaltige Lösungen setzen an Ursachen an.,"Bildungsplan Kauffrau/Kaufmann EFZ, BiVo 2023, SKKAB/SBFI",https://www.bzww.ch/public/upload/assets/120804/Bildungsplan_EFZ_August2021_final.pdf
kv,Kauffrau/Kaufmann EFZ,kv_l04,HKB A,L04,Projektmanagement und Problemlösen,easy,single_choice,Welche Aussage beschreibt das Thema Kreativitätstechnik im Beruf Kauffrau/Kaufmann EFZ am besten?,mehrere Lösungsansätze systematisch entwickeln,nur die erste Idee zulassen im laufenden Tagesgeschäft,Kritik vor Ideensammlung erzwingen,Alternativen verbieten im konkreten Auftrag,A,Kreativitätstechniken erweitern Lösungsräume.,"Bildungsplan Kauffrau/Kaufmann EFZ, BiVo 2023, SKKAB/SBFI",https://www.bzww.ch/public/upload/assets/120804/Bildungsplan_EFZ_August2021_final.pdf
kv,Kauffrau/Kaufmann EFZ,kv_l04,HKB A,L04,Projektmanagement und Problemlösen,medium,single_choice,Worauf muss man beim Thema Kreativitätstechnik in der Praxis besonders achten?,nur die erste Idee zulassen nach gängiger Praxis,mehrere Lösungsansätze systematisch entwickeln,Kritik vor Ideensammlung erzwingen,Alternativen verbieten im üblichen Berufsalltag,B,Kreativitätstechniken erweitern Lösungsräume.,"Bildungsplan Kauffrau/Kaufmann EFZ, BiVo 2023, SKKAB/SBFI",https://www.bzww.ch/public/upload/assets/120804/Bildungsplan_EFZ_August2021_final.pdf
kv,Kauffrau/Kaufmann EFZ,kv_l04,HKB A,L04,Projektmanagement und Problemlösen,hard,single_choice,Welche Aussage zum Thema Kreativitätstechnik ist fachlich korrekt?,nur die erste Idee zulassen im Produktionsalltag,Kritik vor Ideensammlung erzwingen,mehrere Lösungsansätze systematisch entwickeln,Alternativen verbieten im Werkstattumfeld,C,Kreativitätstechniken erweitern Lösungsräume.,"Bildungsplan Kauffrau/Kaufmann EFZ, BiVo 2023, SKKAB/SBFI",https://www.bzww.ch/public/upload/assets/120804/Bildungsplan_EFZ_August2021_final.pdf
kv,Kauffrau/Kaufmann EFZ,kv_l04,HKB A,L04,Projektmanagement und Problemlösen,easy,single_choice,Welche Aussage beschreibt das Thema Entscheidungskriterien im Beruf Kauffrau/Kaufmann EFZ am besten?,nach Sympathie entscheiden unter typischen Arbeitsbedingungen,Kosten und Nutzen ignorieren im Rahmen der Routine,Kriterien nachträglich ändern bei vergleichbaren Aufgaben,Lösungen anhand nachvollziehbarer Kriterien vergleichen,D,Kriterien machen Entscheidungen transparent.,"Bildungsplan Kauffrau/Kaufmann EFZ, BiVo 2023, SKKAB/SBFI",https://www.bzww.ch/public/upload/assets/120804/Bildungsplan_EFZ_August2021_final.pdf
kv,Kauffrau/Kaufmann EFZ,kv_l04,HKB A,L04,Projektmanagement und Problemlösen,medium,single_choice,Worauf muss man beim Thema Entscheidungskriterien in der Praxis besonders achten?,Lösungen anhand nachvollziehbarer Kriterien vergleichen,nach Sympathie entscheiden bei sachgemässem Ablauf,Kosten und Nutzen ignorieren im normalen Werkstattbetrieb,Kriterien nachträglich ändern bei sachgemässer Ausführung,A,Kriterien machen Entscheidungen transparent.,"Bildungsplan Kauffrau/Kaufmann EFZ, BiVo 2023, SKKAB/SBFI",https://www.bzww.ch/public/upload/assets/120804/Bildungsplan_EFZ_August2021_final.pdf
kv,Kauffrau/Kaufmann EFZ,kv_l04,HKB A,L04,Projektmanagement und Problemlösen,hard,single_choice,Welche Aussage zum Thema Entscheidungskriterien ist fachlich korrekt?,nach Sympathie entscheiden bei vergleichbaren Aufgaben,Lösungen anhand nachvollziehbarer Kriterien vergleichen,Kosten und Nutzen ignorieren im konkreten Auftrag,Kriterien nachträglich ändern im laufenden Tagesgeschäft,B,Kriterien machen Entscheidungen transparent.,"Bildungsplan Kauffrau/Kaufmann EFZ, BiVo 2023, SKKAB/SBFI",https://www.bzww.ch/public/upload/assets/120804/Bildungsplan_EFZ_August2021_final.pdf
kv,Kauffrau/Kaufmann EFZ,kv_l04,HKB A,L04,Projektmanagement und Problemlösen,easy,single_choice,Welche Aussage beschreibt das Thema Projektabschluss im Beruf Kauffrau/Kaufmann EFZ am besten?,Projekt kommentarlos beenden im üblichen Berufsalltag,Learnings nicht dokumentieren nach gängiger Praxis,"Ergebnis prüfen, Erfahrungen sichern und offene Punkte übergeben",Unterlagen löschen bei sachgemässer Ausführung unter typischen Arbeitsbedingungen,C,Abschluss sichert Qualität und Wissen.,"Bildungsplan Kauffrau/Kaufmann EFZ, BiVo 2023, SKKAB/SBFI",https://www.bzww.ch/public/upload/assets/120804/Bildungsplan_EFZ_August2021_final.pdf
kv,Kauffrau/Kaufmann EFZ,kv_l04,HKB A,L04,Projektmanagement und Problemlösen,medium,single_choice,Worauf muss man beim Thema Projektabschluss in der Praxis besonders achten?,Projekt kommentarlos beenden im Werkstattumfeld,Learnings nicht dokumentieren im Produktionsalltag,Unterlagen löschen im laufenden Tagesgeschäft bei sachgemässem Ablauf,"Ergebnis prüfen, Erfahrungen sichern und offene Punkte übergeben",D,Abschluss sichert Qualität und Wissen.,"Bildungsplan Kauffrau/Kaufmann EFZ, BiVo 2023, SKKAB/SBFI",https://www.bzww.ch/public/upload/assets/120804/Bildungsplan_EFZ_August2021_final.pdf
kv,Kauffrau/Kaufmann EFZ,kv_l04,HKB A,L04,Projektmanagement und Problemlösen,hard,single_choice,Welche Aussage zum Thema Projektabschluss ist fachlich korrekt?,"Ergebnis prüfen, Erfahrungen sichern und offene Punkte übergeben",Projekt kommentarlos beenden unter typischen Arbeitsbedingungen,Learnings nicht dokumentieren im Rahmen der Routine,Unterlagen löschen nach gängiger Praxis bei vergleichbaren Aufgaben,A,Abschluss sichert Qualität und Wissen.,"Bildungsplan Kauffrau/Kaufmann EFZ, BiVo 2023, SKKAB/SBFI",https://www.bzww.ch/public/upload/assets/120804/Bildungsplan_EFZ_August2021_final.pdf
kv,Kauffrau/Kaufmann EFZ,kv_l04,HKB A,L04,Projektmanagement und Problemlösen,easy,single_choice,Welche Aussage beschreibt das Thema Teilprojekt im Beruf Kauffrau/Kaufmann EFZ am besten?,ohne Schnittstellen arbeiten im normalen Werkstattbetrieb,abgegrenzte Aufgabenpakete eigenständig koordinieren,Abhängigkeiten ignorieren im Produktionsalltag,keine Fortschritte melden bei sachgemässem Ablauf,B,Teilprojekte brauchen Koordination mit dem Gesamtprojekt.,"Bildungsplan Kauffrau/Kaufmann EFZ, BiVo 2023, SKKAB/SBFI",https://www.bzww.ch/public/upload/assets/120804/Bildungsplan_EFZ_August2021_final.pdf
kv,Kauffrau/Kaufmann EFZ,kv_l04,HKB A,L04,Projektmanagement und Problemlösen,medium,single_choice,Worauf muss man beim Thema Teilprojekt in der Praxis besonders achten?,ohne Schnittstellen arbeiten im konkreten Auftrag,Abhängigkeiten ignorieren im Rahmen der Routine,abgegrenzte Aufgabenpakete eigenständig koordinieren,keine Fortschritte melden bei vergleichbaren Aufgaben,C,Teilprojekte brauchen Koordination mit dem Gesamtprojekt.,"Bildungsplan Kauffrau/Kaufmann EFZ, BiVo 2023, SKKAB/SBFI",https://www.bzww.ch/public/upload/assets/120804/Bildungsplan_EFZ_August2021_final.pdf
kv,Kauffrau/Kaufmann EFZ,kv_l04,HKB A,L04,Projektmanagement und Problemlösen,hard,single_choice,Welche Aussage zum Thema Teilprojekt ist fachlich korrekt?,ohne Schnittstellen arbeiten im üblichen Berufsalltag,Abhängigkeiten ignorieren im normalen Werkstattbetrieb,keine Fortschritte melden bei sachgemässer Ausführung,abgegrenzte Aufgabenpakete eigenständig koordinieren,D,Teilprojekte brauchen Koordination mit dem Gesamtprojekt.,"Bildungsplan Kauffrau/Kaufmann EFZ, BiVo 2023, SKKAB/SBFI",https://www.bzww.ch/public/upload/assets/120804/Bildungsplan_EFZ_August2021_final.pdf
kv,Kauffrau/Kaufmann EFZ,kv_l05,HKB B,L05,Kommunikation und Korrespondenz,easy,single_choice,Welche Aussage beschreibt das Thema adressatengerechte Kommunikation im Beruf Kauffrau/Kaufmann EFZ am besten?,"Inhalt, Ton und Kanal auf Empfänger und Ziel abstimmen",alle gleich anschreiben im laufenden Tagesgeschäft,Fachjargon immer voraussetzen im Werkstattumfeld,Zielgruppe ignorieren im konkreten Auftrag,A,Wirksame Kommunikation orientiert sich am Gegenüber.,"Bildungsplan Kauffrau/Kaufmann EFZ, BiVo 2023, SKKAB/SBFI",https://www.bzww.ch/public/upload/assets/120804/Bildungsplan_EFZ_August2021_final.pdf
kv,Kauffrau/Kaufmann EFZ,kv_l05,HKB B,L05,Kommunikation und Korrespondenz,medium,single_choice,Worauf muss man beim Thema adressatengerechte Kommunikation in der Praxis besonders achten?,alle gleich anschreiben nach gängiger Praxis,"Inhalt, Ton und Kanal auf Empfänger und Ziel abstimmen",Fachjargon immer voraussetzen unter typischen Arbeitsbedingungen,Zielgruppe ignorieren im üblichen Berufsalltag,B,Wirksame Kommunikation orientiert sich am Gegenüber.,"Bildungsplan Kauffrau/Kaufmann EFZ, BiVo 2023, SKKAB/SBFI",https://www.bzww.ch/public/upload/assets/120804/Bildungsplan_EFZ_August2021_final.pdf
kv,Kauffrau/Kaufmann EFZ,kv_l05,HKB B,L05,Kommunikation und Korrespondenz,hard,single_choice,Welche Aussage zum Thema adressatengerechte Kommunikation ist fachlich korrekt?,alle gleich anschreiben im Produktionsalltag,Fachjargon immer voraussetzen bei sachgemässem Ablauf,"Inhalt, Ton und Kanal auf Empfänger und Ziel abstimmen",Zielgruppe ignorieren im Werkstattumfeld,C,Wirksame Kommunikation orientiert sich am Gegenüber.,"Bildungsplan Kauffrau/Kaufmann EFZ, BiVo 2023, SKKAB/SBFI",https://www.bzww.ch/public/upload/assets/120804/Bildungsplan_EFZ_August2021_final.pdf
kv,Kauffrau/Kaufmann EFZ,kv_l05,HKB B,L05,Kommunikation und Korrespondenz,easy,single_choice,Welche Aussage beschreibt das Thema Geschäfts-E-Mail im Beruf Kauffrau/Kaufmann EFZ am besten?,ohne Betreff senden unter typischen Arbeitsbedingungen,private Abkürzungen nutzen im Rahmen der Routine im konkreten Auftrag,wichtige Anhänge vergessen bei vergleichbaren Aufgaben,"Betreff, Anrede, Struktur, Sprache und Signatur professionell gestalten",D,E-Mails sind verbindliche Geschäftskommunikation.,"Bildungsplan Kauffrau/Kaufmann EFZ, BiVo 2023, SKKAB/SBFI",https://www.bzww.ch/public/upload/assets/120804/Bildungsplan_EFZ_August2021_final.pdf
kv,Kauffrau/Kaufmann EFZ,kv_l05,HKB B,L05,Kommunikation und Korrespondenz,medium,single_choice,Worauf muss man beim Thema Geschäfts-E-Mail in der Praxis besonders achten?,"Betreff, Anrede, Struktur, Sprache und Signatur professionell gestalten",ohne Betreff senden bei sachgemässem Ablauf im üblichen Berufsalltag,private Abkürzungen nutzen im normalen Werkstattbetrieb,wichtige Anhänge vergessen bei sachgemässer Ausführung,A,E-Mails sind verbindliche Geschäftskommunikation.,"Bildungsplan Kauffrau/Kaufmann EFZ, BiVo 2023, SKKAB/SBFI",https://www.bzww.ch/public/upload/assets/120804/Bildungsplan_EFZ_August2021_final.pdf
kv,Kauffrau/Kaufmann EFZ,kv_l05,HKB B,L05,Kommunikation und Korrespondenz,hard,single_choice,Welche Aussage zum Thema Geschäfts-E-Mail ist fachlich korrekt?,ohne Betreff senden bei vergleichbaren Aufgaben im Werkstattumfeld,"Betreff, Anrede, Struktur, Sprache und Signatur professionell gestalten",private Abkürzungen nutzen im konkreten Auftrag im Produktionsalltag,wichtige Anhänge vergessen im laufenden Tagesgeschäft,B,E-Mails sind verbindliche Geschäftskommunikation.,"Bildungsplan Kauffrau/Kaufmann EFZ, BiVo 2023, SKKAB/SBFI",https://www.bzww.ch/public/upload/assets/120804/Bildungsplan_EFZ_August2021_final.pdf
kv,Kauffrau/Kaufmann EFZ,kv_l05,HKB B,L05,Kommunikation und Korrespondenz,easy,single_choice,Welche Aussage beschreibt das Thema Telefonnotiz im Beruf Kauffrau/Kaufmann EFZ am besten?,nur Vornamen notieren bei sachgemässer Ausführung,Rückrufnummer weglassen im üblichen Berufsalltag,"Anliegen, Name, Kontakt, Termin und nächste Schritte festhalten",Notiz nicht weiterleiten nach gängiger Praxis unter typischen Arbeitsbedingungen,C,Vollständige Notizen sichern Informationsfluss.,"Bildungsplan Kauffrau/Kaufmann EFZ, BiVo 2023, SKKAB/SBFI",https://www.bzww.ch/public/upload/assets/120804/Bildungsplan_EFZ_August2021_final.pdf
kv,Kauffrau/Kaufmann EFZ,kv_l05,HKB B,L05,Kommunikation und Korrespondenz,medium,single_choice,Worauf muss man beim Thema Telefonnotiz in der Praxis besonders achten?,nur Vornamen notieren im laufenden Tagesgeschäft,Rückrufnummer weglassen im Werkstattumfeld bei sachgemässem Ablauf,Notiz nicht weiterleiten im Produktionsalltag,"Anliegen, Name, Kontakt, Termin und nächste Schritte festhalten",D,Vollständige Notizen sichern Informationsfluss.,"Bildungsplan Kauffrau/Kaufmann EFZ, BiVo 2023, SKKAB/SBFI",https://www.bzww.ch/public/upload/assets/120804/Bildungsplan_EFZ_August2021_final.pdf
kv,Kauffrau/Kaufmann EFZ,kv_l05,HKB B,L05,Kommunikation und Korrespondenz,hard,single_choice,Welche Aussage zum Thema Telefonnotiz ist fachlich korrekt?,"Anliegen, Name, Kontakt, Termin und nächste Schritte festhalten",nur Vornamen notieren nach gängiger Praxis bei vergleichbaren Aufgaben,Rückrufnummer weglassen unter typischen Arbeitsbedingungen,Notiz nicht weiterleiten im Rahmen der Routine,A,Vollständige Notizen sichern Informationsfluss.,"Bildungsplan Kauffrau/Kaufmann EFZ, BiVo 2023, SKKAB/SBFI",https://www.bzww.ch/public/upload/assets/120804/Bildungsplan_EFZ_August2021_final.pdf
kv,Kauffrau/Kaufmann EFZ,kv_l05,HKB B,L05,Kommunikation und Korrespondenz,easy,single_choice,Welche Aussage beschreibt das Thema Protokoll im Beruf Kauffrau/Kaufmann EFZ am besten?,jede Diskussion wortwörtlich ohne Zweck erfassen,"Entscheide, Aufgaben, Verantwortliche und Termine dokumentieren",Pendenzen weglassen im Produktionsalltag im normalen Werkstattbetrieb,Protokoll nie verteilen bei sachgemässem Ablauf,B,Protokolle machen Vereinbarungen nachvollziehbar.,"Bildungsplan Kauffrau/Kaufmann EFZ, BiVo 2023, SKKAB/SBFI",https://www.bzww.ch/public/upload/assets/120804/Bildungsplan_EFZ_August2021_final.pdf
kv,Kauffrau/Kaufmann EFZ,kv_l05,HKB B,L05,Kommunikation und Korrespondenz,medium,single_choice,Worauf muss man beim Thema Protokoll in der Praxis besonders achten?,jede Diskussion wortwörtlich ohne Zweck erfassen,Pendenzen weglassen im Rahmen der Routine im konkreten Auftrag,"Entscheide, Aufgaben, Verantwortliche und Termine dokumentieren",Protokoll nie verteilen bei vergleichbaren Aufgaben,C,Protokolle machen Vereinbarungen nachvollziehbar.,"Bildungsplan Kauffrau/Kaufmann EFZ, BiVo 2023, SKKAB/SBFI",https://www.bzww.ch/public/upload/assets/120804/Bildungsplan_EFZ_August2021_final.pdf
kv,Kauffrau/Kaufmann EFZ,kv_l05,HKB B,L05,Kommunikation und Korrespondenz,hard,single_choice,Welche Aussage zum Thema Protokoll ist fachlich korrekt?,jede Diskussion wortwörtlich ohne Zweck erfassen im üblichen Berufsalltag,Pendenzen weglassen im normalen Werkstattbetrieb,Protokoll nie verteilen bei sachgemässer Ausführung,"Entscheide, Aufgaben, Verantwortliche und Termine dokumentieren",D,Protokolle machen Vereinbarungen nachvollziehbar.,"Bildungsplan Kauffrau/Kaufmann EFZ, BiVo 2023, SKKAB/SBFI",https://www.bzww.ch/public/upload/assets/120804/Bildungsplan_EFZ_August2021_final.pdf
kv,Kauffrau/Kaufmann EFZ,kv_l05,HKB B,L05,Kommunikation und Korrespondenz,easy,single_choice,Welche Aussage beschreibt das Thema aktive Zuhören im Beruf Kauffrau/Kaufmann EFZ am besten?,"Nachfragen, Zusammenfassen und Verständnis signalisieren",unterbrechen im konkreten Auftrag im Produktionsalltag,nur auf eigene Antwort warten im Werkstattumfeld,Kernaussage ignorieren im laufenden Tagesgeschäft,A,Aktives Zuhören verbessert Gesprächsqualität.,"Bildungsplan Kauffrau/Kaufmann EFZ, BiVo 2023, SKKAB/SBFI",https://www.bzww.ch/public/upload/assets/120804/Bildungsplan_EFZ_August2021_final.pdf
kv,Kauffrau/Kaufmann EFZ,kv_l05,HKB B,L05,Kommunikation und Korrespondenz,medium,single_choice,Worauf muss man beim Thema aktive Zuhören in der Praxis besonders achten?,unterbrechen im üblichen Berufsalltag im Rahmen der Routine,"Nachfragen, Zusammenfassen und Verständnis signalisieren",nur auf eigene Antwort warten unter typischen Arbeitsbedingungen,Kernaussage ignorieren nach gängiger Praxis,B,Aktives Zuhören verbessert Gesprächsqualität.,"Bildungsplan Kauffrau/Kaufmann EFZ, BiVo 2023, SKKAB/SBFI",https://www.bzww.ch/public/upload/assets/120804/Bildungsplan_EFZ_August2021_final.pdf
kv,Kauffrau/Kaufmann EFZ,kv_l05,HKB B,L05,Kommunikation und Korrespondenz,hard,single_choice,Welche Aussage zum Thema aktive Zuhören ist fachlich korrekt?,unterbrechen im Werkstattumfeld im normalen Werkstattbetrieb,nur auf eigene Antwort warten bei sachgemässem Ablauf,"Nachfragen, Zusammenfassen und Verständnis signalisieren",Kernaussage ignorieren im Produktionsalltag,C,Aktives Zuhören verbessert Gesprächsqualität.,"Bildungsplan Kauffrau/Kaufmann EFZ, BiVo 2023, SKKAB/SBFI",https://www.bzww.ch/public/upload/assets/120804/Bildungsplan_EFZ_August2021_final.pdf
kv,Kauffrau/Kaufmann EFZ,kv_l05,HKB B,L05,Kommunikation und Korrespondenz,easy,single_choice,Welche Aussage beschreibt das Thema Konfliktkommunikation im Beruf Kauffrau/Kaufmann EFZ am besten?,persönlich angreifen im Rahmen der Routine,laut werden unter typischen Arbeitsbedingungen,Informationen manipulieren bei vergleichbaren Aufgaben,sachlich bleiben und Interessen statt Vorwürfe klären,D,Sachlichkeit unterstützt Konfliktlösung.,"Bildungsplan Kauffrau/Kaufmann EFZ, BiVo 2023, SKKAB/SBFI",https://www.bzww.ch/public/upload/assets/120804/Bildungsplan_EFZ_August2021_final.pdf
kv,Kauffrau/Kaufmann EFZ,kv_l05,HKB B,L05,Kommunikation und Korrespondenz,medium,single_choice,Worauf muss man beim Thema Konfliktkommunikation in der Praxis besonders achten?,sachlich bleiben und Interessen statt Vorwürfe klären,persönlich angreifen im normalen Werkstattbetrieb,laut werden bei sachgemässem Ablauf im üblichen Berufsalltag,Informationen manipulieren bei sachgemässer Ausführung,A,Sachlichkeit unterstützt Konfliktlösung.,"Bildungsplan Kauffrau/Kaufmann EFZ, BiVo 2023, SKKAB/SBFI",https://www.bzww.ch/public/upload/assets/120804/Bildungsplan_EFZ_August2021_final.pdf
kv,Kauffrau/Kaufmann EFZ,kv_l05,HKB B,L05,Kommunikation und Korrespondenz,hard,single_choice,Welche Aussage zum Thema Konfliktkommunikation ist fachlich korrekt?,persönlich angreifen im konkreten Auftrag,sachlich bleiben und Interessen statt Vorwürfe klären,laut werden bei vergleichbaren Aufgaben,Informationen manipulieren im laufenden Tagesgeschäft,B,Sachlichkeit unterstützt Konfliktlösung.,"Bildungsplan Kauffrau/Kaufmann EFZ, BiVo 2023, SKKAB/SBFI",https://www.bzww.ch/public/upload/assets/120804/Bildungsplan_EFZ_August2021_final.pdf
kv,Kauffrau/Kaufmann EFZ,kv_l05,HKB B,L05,Kommunikation und Korrespondenz,easy,single_choice,Welche Aussage beschreibt das Thema Nonverbale Signale im Beruf Kauffrau/Kaufmann EFZ am besten?,Körpersprache ignorieren im üblichen Berufsalltag,nur Text auswerten bei sachgemässer Ausführung,"Mimik, Gestik und Haltung bewusst wahrnehmen",Blickkontakt immer vermeiden nach gängiger Praxis,C,Nonverbales beeinflusst die Wirkung stark.,"Bildungsplan Kauffrau/Kaufmann EFZ, BiVo 2023, SKKAB/SBFI",https://www.bzww.ch/public/upload/assets/120804/Bildungsplan_EFZ_August2021_final.pdf
kv,Kauffrau/Kaufmann EFZ,kv_l05,HKB B,L05,Kommunikation und Korrespondenz,medium,single_choice,Worauf muss man beim Thema Nonverbale Signale in der Praxis besonders achten?,Körpersprache ignorieren im Werkstattumfeld,nur Text auswerten im laufenden Tagesgeschäft,Blickkontakt immer vermeiden im Produktionsalltag,"Mimik, Gestik und Haltung bewusst wahrnehmen",D,Nonverbales beeinflusst die Wirkung stark.,"Bildungsplan Kauffrau/Kaufmann EFZ, BiVo 2023, SKKAB/SBFI",https://www.bzww.ch/public/upload/assets/120804/Bildungsplan_EFZ_August2021_final.pdf
kv,Kauffrau/Kaufmann EFZ,kv_l05,HKB B,L05,Kommunikation und Korrespondenz,hard,single_choice,Welche Aussage zum Thema Nonverbale Signale ist fachlich korrekt?,"Mimik, Gestik und Haltung bewusst wahrnehmen",Körpersprache ignorieren unter typischen Arbeitsbedingungen,nur Text auswerten nach gängiger Praxis,Blickkontakt immer vermeiden im Rahmen der Routine,A,Nonverbales beeinflusst die Wirkung stark.,"Bildungsplan Kauffrau/Kaufmann EFZ, BiVo 2023, SKKAB/SBFI",https://www.bzww.ch/public/upload/assets/120804/Bildungsplan_EFZ_August2021_final.pdf
kv,Kauffrau/Kaufmann EFZ,kv_l05,HKB B,L05,Kommunikation und Korrespondenz,easy,single_choice,Welche Aussage beschreibt das Thema Sprachregister im Beruf Kauffrau/Kaufmann EFZ am besten?,Kunden immer duzen im Produktionsalltag,formell oder informell je nach Situation passend wählen,Amtsstil in jedem Chat nutzen bei sachgemässem Ablauf,Umgangston im Angebot verwenden im normalen Werkstattbetrieb,B,Das passende Register zeigt Professionalität.,"Bildungsplan Kauffrau/Kaufmann EFZ, BiVo 2023, SKKAB/SBFI",https://www.bzww.ch/public/upload/assets/120804/Bildungsplan_EFZ_August2021_final.pdf
kv,Kauffrau/Kaufmann EFZ,kv_l05,HKB B,L05,Kommunikation und Korrespondenz,medium,single_choice,Worauf muss man beim Thema Sprachregister in der Praxis besonders achten?,Kunden immer duzen im Rahmen der Routine,Amtsstil in jedem Chat nutzen bei vergleichbaren Aufgaben,formell oder informell je nach Situation passend wählen,Umgangston im Angebot verwenden im konkreten Auftrag,C,Das passende Register zeigt Professionalität.,"Bildungsplan Kauffrau/Kaufmann EFZ, BiVo 2023, SKKAB/SBFI",https://www.bzww.ch/public/upload/assets/120804/Bildungsplan_EFZ_August2021_final.pdf
kv,Kauffrau/Kaufmann EFZ,kv_l05,HKB B,L05,Kommunikation und Korrespondenz,hard,single_choice,Welche Aussage zum Thema Sprachregister ist fachlich korrekt?,Kunden immer duzen im normalen Werkstattbetrieb,Amtsstil in jedem Chat nutzen bei sachgemässer Ausführung,Umgangston im Angebot verwenden im üblichen Berufsalltag,formell oder informell je nach Situation passend wählen,D,Das passende Register zeigt Professionalität.,"Bildungsplan Kauffrau/Kaufmann EFZ, BiVo 2023, SKKAB/SBFI",https://www.bzww.ch/public/upload/assets/120804/Bildungsplan_EFZ_August2021_final.pdf
kv,Kauffrau/Kaufmann EFZ,kv_l05,HKB B,L05,Kommunikation und Korrespondenz,easy,single_choice,Welche Aussage beschreibt das Thema Informationsweitergabe im Beruf Kauffrau/Kaufmann EFZ am besten?,relevante Informationen vollständig und zeitnah an richtige Stellen geben,Informationen horten im konkreten Auftrag im Produktionsalltag,Empfänger falsch wählen im laufenden Tagesgeschäft im normalen Werkstattbetrieb,Details ohne Kontext senden im Werkstattumfeld bei sachgemässem Ablauf,A,Vernetzte Arbeit benötigt zuverlässigen Informationsfluss.,"Bildungsplan Kauffrau/Kaufmann EFZ, BiVo 2023, SKKAB/SBFI",https://www.bzww.ch/public/upload/assets/120804/Bildungsplan_EFZ_August2021_final.pdf
kv,Kauffrau/Kaufmann EFZ,kv_l05,HKB B,L05,Kommunikation und Korrespondenz,medium,single_choice,Worauf muss man beim Thema Informationsweitergabe in der Praxis besonders achten?,Informationen horten im üblichen Berufsalltag bei vergleichbaren Aufgaben,relevante Informationen vollständig und zeitnah an richtige Stellen geben,Empfänger falsch wählen nach gängiger Praxis im Rahmen der Routine,Details ohne Kontext senden unter typischen Arbeitsbedingungen,B,Vernetzte Arbeit benötigt zuverlässigen Informationsfluss.,"Bildungsplan Kauffrau/Kaufmann EFZ, BiVo 2023, SKKAB/SBFI",https://www.bzww.ch/public/upload/assets/120804/Bildungsplan_EFZ_August2021_final.pdf
kv,Kauffrau/Kaufmann EFZ,kv_l05,HKB B,L05,Kommunikation und Korrespondenz,hard,single_choice,Welche Aussage zum Thema Informationsweitergabe ist fachlich korrekt?,Informationen horten im Werkstattumfeld im normalen Werkstattbetrieb,Empfänger falsch wählen im Produktionsalltag bei sachgemässer Ausführung,relevante Informationen vollständig und zeitnah an richtige Stellen geben,Details ohne Kontext senden bei sachgemässem Ablauf im üblichen Berufsalltag,C,Vernetzte Arbeit benötigt zuverlässigen Informationsfluss.,"Bildungsplan Kauffrau/Kaufmann EFZ, BiVo 2023, SKKAB/SBFI",https://www.bzww.ch/public/upload/assets/120804/Bildungsplan_EFZ_August2021_final.pdf
kv,Kauffrau/Kaufmann EFZ,kv_l05,HKB B,L05,Kommunikation und Korrespondenz,easy,single_choice,Welche Aussage beschreibt das Thema Korrekturlesen im Beruf Kauffrau/Kaufmann EFZ am besten?,nur nach Versand prüfen unter typischen Arbeitsbedingungen,Zahlen nie kontrollieren im Rahmen der Routine,Anhänge ungeöffnet weiterleiten bei vergleichbaren Aufgaben,"Texte vor Versand auf Inhalt, Sprache und Anlagen prüfen",D,Korrekturen verhindern peinliche und teure Fehler.,"Bildungsplan Kauffrau/Kaufmann EFZ, BiVo 2023, SKKAB/SBFI",https://www.bzww.ch/public/upload/assets/120804/Bildungsplan_EFZ_August2021_final.pdf
kv,Kauffrau/Kaufmann EFZ,kv_l05,HKB B,L05,Kommunikation und Korrespondenz,medium,single_choice,Worauf muss man beim Thema Korrekturlesen in der Praxis besonders achten?,"Texte vor Versand auf Inhalt, Sprache und Anlagen prüfen",nur nach Versand prüfen bei sachgemässem Ablauf,Zahlen nie kontrollieren im normalen Werkstattbetrieb,Anhänge ungeöffnet weiterleiten bei sachgemässer Ausführung,A,Korrekturen verhindern peinliche und teure Fehler.,"Bildungsplan Kauffrau/Kaufmann EFZ, BiVo 2023, SKKAB/SBFI",https://www.bzww.ch/public/upload/assets/120804/Bildungsplan_EFZ_August2021_final.pdf
kv,Kauffrau/Kaufmann EFZ,kv_l05,HKB B,L05,Kommunikation und Korrespondenz,hard,single_choice,Welche Aussage zum Thema Korrekturlesen ist fachlich korrekt?,nur nach Versand prüfen bei vergleichbaren Aufgaben,"Texte vor Versand auf Inhalt, Sprache und Anlagen prüfen",Zahlen nie kontrollieren im konkreten Auftrag,Anhänge ungeöffnet weiterleiten im laufenden Tagesgeschäft,B,Korrekturen verhindern peinliche und teure Fehler.,"Bildungsplan Kauffrau/Kaufmann EFZ, BiVo 2023, SKKAB/SBFI",https://www.bzww.ch/public/upload/assets/120804/Bildungsplan_EFZ_August2021_final.pdf
kv,Kauffrau/Kaufmann EFZ,kv_l06,HKB B,L06,Fremdsprachen und interkulturelle Situationen,easy,single_choice,Welche Aussage beschreibt das Thema geschäftliche Fremdsprache im Beruf Kauffrau/Kaufmann EFZ am besten?,automatische Übersetzung ungeprüft senden nach gängiger Praxis,Fachsprache falsch raten bei sachgemässer Ausführung,einfache berufliche Situationen korrekt und höflich bewältigen,Kulturunterschiede ignorieren im üblichen Berufsalltag,C,KV-Lernende kommunizieren auch in Fremdsprachen im Berufsalltag.,"Bildungsplan Kauffrau/Kaufmann EFZ, BiVo 2023, SKKAB/SBFI",https://www.bzww.ch/public/upload/assets/120804/Bildungsplan_EFZ_August2021_final.pdf
kv,Kauffrau/Kaufmann EFZ,kv_l06,HKB B,L06,Fremdsprachen und interkulturelle Situationen,medium,single_choice,Worauf muss man beim Thema geschäftliche Fremdsprache in der Praxis besonders achten?,automatische Übersetzung ungeprüft senden im Produktionsalltag,Fachsprache falsch raten im laufenden Tagesgeschäft,Kulturunterschiede ignorieren im Werkstattumfeld,einfache berufliche Situationen korrekt und höflich bewältigen,D,KV-Lernende kommunizieren auch in Fremdsprachen im Berufsalltag.,"Bildungsplan Kauffrau/Kaufmann EFZ, BiVo 2023, SKKAB/SBFI",https://www.bzww.ch/public/upload/assets/120804/Bildungsplan_EFZ_August2021_final.pdf
kv,Kauffrau/Kaufmann EFZ,kv_l06,HKB B,L06,Fremdsprachen und interkulturelle Situationen,hard,single_choice,Welche Aussage zum Thema geschäftliche Fremdsprache ist fachlich korrekt?,einfache berufliche Situationen korrekt und höflich bewältigen,automatische Übersetzung ungeprüft senden im Rahmen der Routine,Fachsprache falsch raten nach gängiger Praxis,Kulturunterschiede ignorieren unter typischen Arbeitsbedingungen,A,KV-Lernende kommunizieren auch in Fremdsprachen im Berufsalltag.,"Bildungsplan Kauffrau/Kaufmann EFZ, BiVo 2023, SKKAB/SBFI",https://www.bzww.ch/public/upload/assets/120804/Bildungsplan_EFZ_August2021_final.pdf
kv,Kauffrau/Kaufmann EFZ,kv_l06,HKB B,L06,Fremdsprachen und interkulturelle Situationen,easy,single_choice,Welche Aussage beschreibt das Thema Standardformulierung im Beruf Kauffrau/Kaufmann EFZ am besten?,unübersetzte interne Abkürzungen nutzen im normalen Werkstattbetrieb,wiederkehrende Anliegen sprachlich sicher und passend formulieren,Höflichkeitsform weglassen bei sachgemässem Ablauf,Betreff leer lassen im Produktionsalltag bei sachgemässer Ausführung,B,Standards helfen bei Qualität und Effizienz.,"Bildungsplan Kauffrau/Kaufmann EFZ, BiVo 2023, SKKAB/SBFI",https://www.bzww.ch/public/upload/assets/120804/Bildungsplan_EFZ_August2021_final.pdf
kv,Kauffrau/Kaufmann EFZ,kv_l06,HKB B,L06,Fremdsprachen und interkulturelle Situationen,medium,single_choice,Worauf muss man beim Thema Standardformulierung in der Praxis besonders achten?,unübersetzte interne Abkürzungen nutzen im konkreten Auftrag,Höflichkeitsform weglassen bei vergleichbaren Aufgaben,wiederkehrende Anliegen sprachlich sicher und passend formulieren,Betreff leer lassen im Rahmen der Routine im laufenden Tagesgeschäft,C,Standards helfen bei Qualität und Effizienz.,"Bildungsplan Kauffrau/Kaufmann EFZ, BiVo 2023, SKKAB/SBFI",https://www.bzww.ch/public/upload/assets/120804/Bildungsplan_EFZ_August2021_final.pdf
kv,Kauffrau/Kaufmann EFZ,kv_l06,HKB B,L06,Fremdsprachen und interkulturelle Situationen,hard,single_choice,Welche Aussage zum Thema Standardformulierung ist fachlich korrekt?,unübersetzte interne Abkürzungen nutzen im üblichen Berufsalltag,Höflichkeitsform weglassen bei sachgemässer Ausführung,Betreff leer lassen im normalen Werkstattbetrieb,wiederkehrende Anliegen sprachlich sicher und passend formulieren,D,Standards helfen bei Qualität und Effizienz.,"Bildungsplan Kauffrau/Kaufmann EFZ, BiVo 2023, SKKAB/SBFI",https://www.bzww.ch/public/upload/assets/120804/Bildungsplan_EFZ_August2021_final.pdf
kv,Kauffrau/Kaufmann EFZ,kv_l06,HKB B,L06,Fremdsprachen und interkulturelle Situationen,easy,single_choice,Welche Aussage beschreibt das Thema interkulturelle Kommunikation im Beruf Kauffrau/Kaufmann EFZ am besten?,"unterschiedliche Erwartungen, Höflichkeitsformen und Kontexte beachten",eigene Normen absolut setzen im Werkstattumfeld bei sachgemässem Ablauf,Missverständnisse belächeln im laufenden Tagesgeschäft,keine Rückfragen stellen im konkreten Auftrag im Produktionsalltag,A,Interkulturelle Sensibilität reduziert Missverständnisse.,"Bildungsplan Kauffrau/Kaufmann EFZ, BiVo 2023, SKKAB/SBFI",https://www.bzww.ch/public/upload/assets/120804/Bildungsplan_EFZ_August2021_final.pdf
kv,Kauffrau/Kaufmann EFZ,kv_l06,HKB B,L06,Fremdsprachen und interkulturelle Situationen,medium,single_choice,Worauf muss man beim Thema interkulturelle Kommunikation in der Praxis besonders achten?,eigene Normen absolut setzen unter typischen Arbeitsbedingungen,"unterschiedliche Erwartungen, Höflichkeitsformen und Kontexte beachten",Missverständnisse belächeln nach gängiger Praxis im Rahmen der Routine,keine Rückfragen stellen im üblichen Berufsalltag,B,Interkulturelle Sensibilität reduziert Missverständnisse.,"Bildungsplan Kauffrau/Kaufmann EFZ, BiVo 2023, SKKAB/SBFI",https://www.bzww.ch/public/upload/assets/120804/Bildungsplan_EFZ_August2021_final.pdf
kv,Kauffrau/Kaufmann EFZ,kv_l06,HKB B,L06,Fremdsprachen und interkulturelle Situationen,hard,single_choice,Welche Aussage zum Thema interkulturelle Kommunikation ist fachlich korrekt?,eigene Normen absolut setzen bei sachgemässem Ablauf,Missverständnisse belächeln im Produktionsalltag bei sachgemässer Ausführung,"unterschiedliche Erwartungen, Höflichkeitsformen und Kontexte beachten",keine Rückfragen stellen im Werkstattumfeld im normalen Werkstattbetrieb,C,Interkulturelle Sensibilität reduziert Missverständnisse.,"Bildungsplan Kauffrau/Kaufmann EFZ, BiVo 2023, SKKAB/SBFI",https://www.bzww.ch/public/upload/assets/120804/Bildungsplan_EFZ_August2021_final.pdf
kv,Kauffrau/Kaufmann EFZ,kv_l06,HKB B,L06,Fremdsprachen und interkulturelle Situationen,easy,single_choice,Welche Aussage beschreibt das Thema Fremdsprachen-E-Mail im Beruf Kauffrau/Kaufmann EFZ am besten?,lange verschachtelte Sätze erzwingen bei vergleichbaren Aufgaben,Zahlen unkontrolliert übersetzen im Rahmen der Routine,Anhänge nicht erwähnen unter typischen Arbeitsbedingungen,"klare Struktur, einfache Sätze und höflicher Abschluss verwenden",D,Klarheit ist in Fremdsprachen besonders wichtig.,"Bildungsplan Kauffrau/Kaufmann EFZ, BiVo 2023, SKKAB/SBFI",https://www.bzww.ch/public/upload/assets/120804/Bildungsplan_EFZ_August2021_final.pdf
kv,Kauffrau/Kaufmann EFZ,kv_l06,HKB B,L06,Fremdsprachen und interkulturelle Situationen,medium,single_choice,Worauf muss man beim Thema Fremdsprachen-E-Mail in der Praxis besonders achten?,"klare Struktur, einfache Sätze und höflicher Abschluss verwenden",lange verschachtelte Sätze erzwingen bei sachgemässer Ausführung,Zahlen unkontrolliert übersetzen im normalen Werkstattbetrieb,Anhänge nicht erwähnen bei sachgemässem Ablauf,A,Klarheit ist in Fremdsprachen besonders wichtig.,"Bildungsplan Kauffrau/Kaufmann EFZ, BiVo 2023, SKKAB/SBFI",https://www.bzww.ch/public/upload/assets/120804/Bildungsplan_EFZ_August2021_final.pdf
kv,Kauffrau/Kaufmann EFZ,kv_l06,HKB B,L06,Fremdsprachen und interkulturelle Situationen,hard,single_choice,Welche Aussage zum Thema Fremdsprachen-E-Mail ist fachlich korrekt?,lange verschachtelte Sätze erzwingen im laufenden Tagesgeschäft,"klare Struktur, einfache Sätze und höflicher Abschluss verwenden",Zahlen unkontrolliert übersetzen im konkreten Auftrag,Anhänge nicht erwähnen bei vergleichbaren Aufgaben,B,Klarheit ist in Fremdsprachen besonders wichtig.,"Bildungsplan Kauffrau/Kaufmann EFZ, BiVo 2023, SKKAB/SBFI",https://www.bzww.ch/public/upload/assets/120804/Bildungsplan_EFZ_August2021_final.pdf
kv,Kauffrau/Kaufmann EFZ,kv_l06,HKB B,L06,Fremdsprachen und interkulturelle Situationen,easy,single_choice,Welche Aussage beschreibt das Thema Telefonat in Fremdsprache im Beruf Kauffrau/Kaufmann EFZ am besten?,bei Unsicherheit raten im üblichen Berufsalltag,Namen nicht buchstabieren nach gängiger Praxis,"Anliegen klären, langsam sprechen und wichtige Punkte bestätigen",Notizen vermeiden bei sachgemässer Ausführung unter typischen Arbeitsbedingungen,C,Absicherung verhindert Fehlübermittlungen.,"Bildungsplan Kauffrau/Kaufmann EFZ, BiVo 2023, SKKAB/SBFI",https://www.bzww.ch/public/upload/assets/120804/Bildungsplan_EFZ_August2021_final.pdf
kv,Kauffrau/Kaufmann EFZ,kv_l06,HKB B,L06,Fremdsprachen und interkulturelle Situationen,medium,single_choice,Worauf muss man beim Thema Telefonat in Fremdsprache in der Praxis besonders achten?,bei Unsicherheit raten im Werkstattumfeld bei sachgemässem Ablauf,Namen nicht buchstabieren im Produktionsalltag,Notizen vermeiden im laufenden Tagesgeschäft im normalen Werkstattbetrieb,"Anliegen klären, langsam sprechen und wichtige Punkte bestätigen",D,Absicherung verhindert Fehlübermittlungen.,"Bildungsplan Kauffrau/Kaufmann EFZ, BiVo 2023, SKKAB/SBFI",https://www.bzww.ch/public/upload/assets/120804/Bildungsplan_EFZ_August2021_final.pdf
kv,Kauffrau/Kaufmann EFZ,kv_l06,HKB B,L06,Fremdsprachen und interkulturelle Situationen,hard,single_choice,Welche Aussage zum Thema Telefonat in Fremdsprache ist fachlich korrekt?,"Anliegen klären, langsam sprechen und wichtige Punkte bestätigen",bei Unsicherheit raten unter typischen Arbeitsbedingungen,Namen nicht buchstabieren im Rahmen der Routine,Notizen vermeiden nach gängiger Praxis bei vergleichbaren Aufgaben,A,Absicherung verhindert Fehlübermittlungen.,"Bildungsplan Kauffrau/Kaufmann EFZ, BiVo 2023, SKKAB/SBFI",https://www.bzww.ch/public/upload/assets/120804/Bildungsplan_EFZ_August2021_final.pdf
kv,Kauffrau/Kaufmann EFZ,kv_l06,HKB B,L06,Fremdsprachen und interkulturelle Situationen,easy,single_choice,Welche Aussage beschreibt das Thema Terminvereinbarung im Beruf Kauffrau/Kaufmann EFZ am besten?,Monatsnamen missverständlich lassen im normalen Werkstattbetrieb,"Datum, Uhrzeit, Zeitzone und Teilnehmende eindeutig festhalten",Kalendereintrag nicht senden bei sachgemässem Ablauf,Ort offen lassen im Produktionsalltag bei sachgemässer Ausführung,B,Termine müssen sprach- und kulturübergreifend eindeutig sein.,"Bildungsplan Kauffrau/Kaufmann EFZ, BiVo 2023, SKKAB/SBFI",https://www.bzww.ch/public/upload/assets/120804/Bildungsplan_EFZ_August2021_final.pdf
kv,Kauffrau/Kaufmann EFZ,kv_l06,HKB B,L06,Fremdsprachen und interkulturelle Situationen,medium,single_choice,Worauf muss man beim Thema Terminvereinbarung in der Praxis besonders achten?,Monatsnamen missverständlich lassen im konkreten Auftrag,Kalendereintrag nicht senden bei vergleichbaren Aufgaben,"Datum, Uhrzeit, Zeitzone und Teilnehmende eindeutig festhalten",Ort offen lassen im Rahmen der Routine im laufenden Tagesgeschäft,C,Termine müssen sprach- und kulturübergreifend eindeutig sein.,"Bildungsplan Kauffrau/Kaufmann EFZ, BiVo 2023, SKKAB/SBFI",https://www.bzww.ch/public/upload/assets/120804/Bildungsplan_EFZ_August2021_final.pdf
kv,Kauffrau/Kaufmann EFZ,kv_l06,HKB B,L06,Fremdsprachen und interkulturelle Situationen,hard,single_choice,Welche Aussage zum Thema Terminvereinbarung ist fachlich korrekt?,Monatsnamen missverständlich lassen im üblichen Berufsalltag,Kalendereintrag nicht senden bei sachgemässer Ausführung,Ort offen lassen im normalen Werkstattbetrieb,"Datum, Uhrzeit, Zeitzone und Teilnehmende eindeutig festhalten",D,Termine müssen sprach- und kulturübergreifend eindeutig sein.,"Bildungsplan Kauffrau/Kaufmann EFZ, BiVo 2023, SKKAB/SBFI",https://www.bzww.ch/public/upload/assets/120804/Bildungsplan_EFZ_August2021_final.pdf
kv,Kauffrau/Kaufmann EFZ,kv_l06,HKB B,L06,Fremdsprachen und interkulturelle Situationen,easy,single_choice,Welche Aussage beschreibt das Thema Übersetzung im Beruf Kauffrau/Kaufmann EFZ am besten?,"Fachsprache, Sinn und Datenschutz vor Weitergabe prüfen",vertrauliche Daten in offene Tools kopieren,Wort-für-Wort immer übernehmen im laufenden Tagesgeschäft,Kontext löschen im konkreten Auftrag im Werkstattumfeld,A,Übersetzungen brauchen fachliche Kontrolle.,"Bildungsplan Kauffrau/Kaufmann EFZ, BiVo 2023, SKKAB/SBFI",https://www.bzww.ch/public/upload/assets/120804/Bildungsplan_EFZ_August2021_final.pdf
kv,Kauffrau/Kaufmann EFZ,kv_l06,HKB B,L06,Fremdsprachen und interkulturelle Situationen,medium,single_choice,Worauf muss man beim Thema Übersetzung in der Praxis besonders achten?,vertrauliche Daten in offene Tools kopieren,"Fachsprache, Sinn und Datenschutz vor Weitergabe prüfen",Wort-für-Wort immer übernehmen nach gängiger Praxis,Kontext löschen im üblichen Berufsalltag,B,Übersetzungen brauchen fachliche Kontrolle.,"Bildungsplan Kauffrau/Kaufmann EFZ, BiVo 2023, SKKAB/SBFI",https://www.bzww.ch/public/upload/assets/120804/Bildungsplan_EFZ_August2021_final.pdf
kv,Kauffrau/Kaufmann EFZ,kv_l06,HKB B,L06,Fremdsprachen und interkulturelle Situationen,hard,single_choice,Welche Aussage zum Thema Übersetzung ist fachlich korrekt?,vertrauliche Daten in offene Tools kopieren,Wort-für-Wort immer übernehmen im Produktionsalltag,"Fachsprache, Sinn und Datenschutz vor Weitergabe prüfen",Kontext löschen im Werkstattumfeld bei sachgemässem Ablauf,C,Übersetzungen brauchen fachliche Kontrolle.,"Bildungsplan Kauffrau/Kaufmann EFZ, BiVo 2023, SKKAB/SBFI",https://www.bzww.ch/public/upload/assets/120804/Bildungsplan_EFZ_August2021_final.pdf
kv,Kauffrau/Kaufmann EFZ,kv_l06,HKB B,L06,Fremdsprachen und interkulturelle Situationen,easy,single_choice,Welche Aussage beschreibt das Thema Kundenanfrage fremdsprachig im Beruf Kauffrau/Kaufmann EFZ am besten?,unverstandene Anfrage ignorieren bei vergleichbaren Aufgaben,falsche Zusage machen im Rahmen der Routine,automatisch ablehnen unter typischen Arbeitsbedingungen,Anliegen verstehen und bei Bedarf höflich nachfragen,D,Rückfragen sind professioneller als falsche Annahmen.,"Bildungsplan Kauffrau/Kaufmann EFZ, BiVo 2023, SKKAB/SBFI",https://www.bzww.ch/public/upload/assets/120804/Bildungsplan_EFZ_August2021_final.pdf
kv,Kauffrau/Kaufmann EFZ,kv_l06,HKB B,L06,Fremdsprachen und interkulturelle Situationen,medium,single_choice,Worauf muss man beim Thema Kundenanfrage fremdsprachig in der Praxis besonders achten?,Anliegen verstehen und bei Bedarf höflich nachfragen,unverstandene Anfrage ignorieren bei sachgemässer Ausführung,falsche Zusage machen im normalen Werkstattbetrieb,automatisch ablehnen bei sachgemässem Ablauf,A,Rückfragen sind professioneller als falsche Annahmen.,"Bildungsplan Kauffrau/Kaufmann EFZ, BiVo 2023, SKKAB/SBFI",https://www.bzww.ch/public/upload/assets/120804/Bildungsplan_EFZ_August2021_final.pdf
kv,Kauffrau/Kaufmann EFZ,kv_l06,HKB B,L06,Fremdsprachen und interkulturelle Situationen,hard,single_choice,Welche Aussage zum Thema Kundenanfrage fremdsprachig ist fachlich korrekt?,unverstandene Anfrage ignorieren im laufenden Tagesgeschäft,Anliegen verstehen und bei Bedarf höflich nachfragen,falsche Zusage machen im konkreten Auftrag,automatisch ablehnen bei vergleichbaren Aufgaben,B,Rückfragen sind professioneller als falsche Annahmen.,"Bildungsplan Kauffrau/Kaufmann EFZ, BiVo 2023, SKKAB/SBFI",https://www.bzww.ch/public/upload/assets/120804/Bildungsplan_EFZ_August2021_final.pdf
kv,Kauffrau/Kaufmann EFZ,kv_l06,HKB B,L06,Fremdsprachen und interkulturelle Situationen,easy,single_choice,Welche Aussage beschreibt das Thema Präsentation in Fremdsprache im Beruf Kauffrau/Kaufmann EFZ am besten?,Folien überladen bei sachgemässer Ausführung,Fachbegriffe nicht erklären nach gängiger Praxis,"Kernaussagen einfach, visuell und strukturiert vermitteln",Zeitlimit ignorieren im üblichen Berufsalltag,C,Struktur unterstützt Verständlichkeit.,"Bildungsplan Kauffrau/Kaufmann EFZ, BiVo 2023, SKKAB/SBFI",https://www.bzww.ch/public/upload/assets/120804/Bildungsplan_EFZ_August2021_final.pdf
kv,Kauffrau/Kaufmann EFZ,kv_l06,HKB B,L06,Fremdsprachen und interkulturelle Situationen,medium,single_choice,Worauf muss man beim Thema Präsentation in Fremdsprache in der Praxis besonders achten?,Folien überladen im laufenden Tagesgeschäft,Fachbegriffe nicht erklären im Produktionsalltag,Zeitlimit ignorieren im Werkstattumfeld bei sachgemässem Ablauf,"Kernaussagen einfach, visuell und strukturiert vermitteln",D,Struktur unterstützt Verständlichkeit.,"Bildungsplan Kauffrau/Kaufmann EFZ, BiVo 2023, SKKAB/SBFI",https://www.bzww.ch/public/upload/assets/120804/Bildungsplan_EFZ_August2021_final.pdf
kv,Kauffrau/Kaufmann EFZ,kv_l06,HKB B,L06,Fremdsprachen und interkulturelle Situationen,hard,single_choice,Welche Aussage zum Thema Präsentation in Fremdsprache ist fachlich korrekt?,"Kernaussagen einfach, visuell und strukturiert vermitteln",Folien überladen nach gängiger Praxis bei vergleichbaren Aufgaben,Fachbegriffe nicht erklären im Rahmen der Routine,Zeitlimit ignorieren unter typischen Arbeitsbedingungen,A,Struktur unterstützt Verständlichkeit.,"Bildungsplan Kauffrau/Kaufmann EFZ, BiVo 2023, SKKAB/SBFI",https://www.bzww.ch/public/upload/assets/120804/Bildungsplan_EFZ_August2021_final.pdf
kv,Kauffrau/Kaufmann EFZ,kv_l06,HKB B,L06,Fremdsprachen und interkulturelle Situationen,easy,single_choice,Welche Aussage beschreibt das Thema Höflichkeitsform im Beruf Kauffrau/Kaufmann EFZ am besten?,alle Kontakte gleich anreden bei sachgemässem Ablauf,passende Anrede und kulturelle Gepflogenheiten berücksichtigen,Titel absichtlich weglassen im Produktionsalltag,Beschwerden salopp beantworten im normalen Werkstattbetrieb,B,Höflichkeit stärkt Geschäftsbeziehungen.,"Bildungsplan Kauffrau/Kaufmann EFZ, BiVo 2023, SKKAB/SBFI",https://www.bzww.ch/public/upload/assets/120804/Bildungsplan_EFZ_August2021_final.pdf
kv,Kauffrau/Kaufmann EFZ,kv_l06,HKB B,L06,Fremdsprachen und interkulturelle Situationen,medium,single_choice,Worauf muss man beim Thema Höflichkeitsform in der Praxis besonders achten?,alle Kontakte gleich anreden bei vergleichbaren Aufgaben,Titel absichtlich weglassen im Rahmen der Routine,passende Anrede und kulturelle Gepflogenheiten berücksichtigen,Beschwerden salopp beantworten im konkreten Auftrag,C,Höflichkeit stärkt Geschäftsbeziehungen.,"Bildungsplan Kauffrau/Kaufmann EFZ, BiVo 2023, SKKAB/SBFI",https://www.bzww.ch/public/upload/assets/120804/Bildungsplan_EFZ_August2021_final.pdf
kv,Kauffrau/Kaufmann EFZ,kv_l06,HKB B,L06,Fremdsprachen und interkulturelle Situationen,hard,single_choice,Welche Aussage zum Thema Höflichkeitsform ist fachlich korrekt?,alle Kontakte gleich anreden bei sachgemässer Ausführung,Titel absichtlich weglassen im normalen Werkstattbetrieb,Beschwerden salopp beantworten im üblichen Berufsalltag,passende Anrede und kulturelle Gepflogenheiten berücksichtigen,D,Höflichkeit stärkt Geschäftsbeziehungen.,"Bildungsplan Kauffrau/Kaufmann EFZ, BiVo 2023, SKKAB/SBFI",https://www.bzww.ch/public/upload/assets/120804/Bildungsplan_EFZ_August2021_final.pdf
kv,Kauffrau/Kaufmann EFZ,kv_l07,HKB C,L07,Büro-Administration und Dokumente,easy,single_choice,Welche Aussage beschreibt das Thema Posteingang im Beruf Kauffrau/Kaufmann EFZ am besten?,"Eingänge triagieren, erfassen und zuständigen Personen weiterleiten",Post ungeöffnet lagern im laufenden Tagesgeschäft,Fristen ignorieren im konkreten Auftrag im Produktionsalltag,vertrauliche Briefe offen herumreichen im Werkstattumfeld,A,Postprozesse sichern Informationsfluss und Fristen.,"Bildungsplan Kauffrau/Kaufmann EFZ, BiVo 2023, SKKAB/SBFI",https://www.bzww.ch/public/upload/assets/120804/Bildungsplan_EFZ_August2021_final.pdf
kv,Kauffrau/Kaufmann EFZ,kv_l07,HKB C,L07,Büro-Administration und Dokumente,medium,single_choice,Worauf muss man beim Thema Posteingang in der Praxis besonders achten?,Post ungeöffnet lagern nach gängiger Praxis im Rahmen der Routine,"Eingänge triagieren, erfassen und zuständigen Personen weiterleiten",Fristen ignorieren im üblichen Berufsalltag bei vergleichbaren Aufgaben,vertrauliche Briefe offen herumreichen unter typischen Arbeitsbedingungen,B,Postprozesse sichern Informationsfluss und Fristen.,"Bildungsplan Kauffrau/Kaufmann EFZ, BiVo 2023, SKKAB/SBFI",https://www.bzww.ch/public/upload/assets/120804/Bildungsplan_EFZ_August2021_final.pdf
kv,Kauffrau/Kaufmann EFZ,kv_l07,HKB C,L07,Büro-Administration und Dokumente,hard,single_choice,Welche Aussage zum Thema Posteingang ist fachlich korrekt?,Post ungeöffnet lagern im Produktionsalltag bei sachgemässer Ausführung,Fristen ignorieren im Werkstattumfeld bei sachgemässem Ablauf,"Eingänge triagieren, erfassen und zuständigen Personen weiterleiten",vertrauliche Briefe offen herumreichen im normalen Werkstattbetrieb,C,Postprozesse sichern Informationsfluss und Fristen.,"Bildungsplan Kauffrau/Kaufmann EFZ, BiVo 2023, SKKAB/SBFI",https://www.bzww.ch/public/upload/assets/120804/Bildungsplan_EFZ_August2021_final.pdf
kv,Kauffrau/Kaufmann EFZ,kv_l07,HKB C,L07,Büro-Administration und Dokumente,easy,single_choice,Welche Aussage beschreibt das Thema Archivierung im Beruf Kauffrau/Kaufmann EFZ am besten?,alles sofort löschen unter typischen Arbeitsbedingungen,private Cloud nutzen im Rahmen der Routine im konkreten Auftrag,Fristen nicht beachten bei vergleichbaren Aufgaben,Dokumente gemäss Aufbewahrungsfristen und Zugriffsrechten ablegen,D,"Archivierung verbindet Organisation, Recht und Datenschutz.","Bildungsplan Kauffrau/Kaufmann EFZ, BiVo 2023, SKKAB/SBFI",https://www.bzww.ch/public/upload/assets/120804/Bildungsplan_EFZ_August2021_final.pdf
kv,Kauffrau/Kaufmann EFZ,kv_l07,HKB C,L07,Büro-Administration und Dokumente,medium,single_choice,Worauf muss man beim Thema Archivierung in der Praxis besonders achten?,Dokumente gemäss Aufbewahrungsfristen und Zugriffsrechten ablegen,alles sofort löschen bei sachgemässem Ablauf im üblichen Berufsalltag,private Cloud nutzen im normalen Werkstattbetrieb,Fristen nicht beachten bei sachgemässer Ausführung,A,"Archivierung verbindet Organisation, Recht und Datenschutz.","Bildungsplan Kauffrau/Kaufmann EFZ, BiVo 2023, SKKAB/SBFI",https://www.bzww.ch/public/upload/assets/120804/Bildungsplan_EFZ_August2021_final.pdf
kv,Kauffrau/Kaufmann EFZ,kv_l07,HKB C,L07,Büro-Administration und Dokumente,hard,single_choice,Welche Aussage zum Thema Archivierung ist fachlich korrekt?,alles sofort löschen bei vergleichbaren Aufgaben,Dokumente gemäss Aufbewahrungsfristen und Zugriffsrechten ablegen,private Cloud nutzen im konkreten Auftrag im Werkstattumfeld,Fristen nicht beachten im laufenden Tagesgeschäft,B,"Archivierung verbindet Organisation, Recht und Datenschutz.","Bildungsplan Kauffrau/Kaufmann EFZ, BiVo 2023, SKKAB/SBFI",https://www.bzww.ch/public/upload/assets/120804/Bildungsplan_EFZ_August2021_final.pdf
kv,Kauffrau/Kaufmann EFZ,kv_l07,HKB C,L07,Büro-Administration und Dokumente,easy,single_choice,Welche Aussage beschreibt das Thema Vorlage im Beruf Kauffrau/Kaufmann EFZ am besten?,jede Datei neu formatieren nach gängiger Praxis,alte Logos verwenden bei sachgemässer Ausführung,einheitliche Dokumente effizient und korrekt erstellen,Pflichtangaben entfernen im üblichen Berufsalltag,C,Vorlagen sichern Corporate Design und Qualität.,"Bildungsplan Kauffrau/Kaufmann EFZ, BiVo 2023, SKKAB/SBFI",https://www.bzww.ch/public/upload/assets/120804/Bildungsplan_EFZ_August2021_final.pdf
kv,Kauffrau/Kaufmann EFZ,kv_l07,HKB C,L07,Büro-Administration und Dokumente,medium,single_choice,Worauf muss man beim Thema Vorlage in der Praxis besonders achten?,jede Datei neu formatieren im Produktionsalltag,alte Logos verwenden im laufenden Tagesgeschäft,Pflichtangaben entfernen im Werkstattumfeld,einheitliche Dokumente effizient und korrekt erstellen,D,Vorlagen sichern Corporate Design und Qualität.,"Bildungsplan Kauffrau/Kaufmann EFZ, BiVo 2023, SKKAB/SBFI",https://www.bzww.ch/public/upload/assets/120804/Bildungsplan_EFZ_August2021_final.pdf
kv,Kauffrau/Kaufmann EFZ,kv_l07,HKB C,L07,Büro-Administration und Dokumente,hard,single_choice,Welche Aussage zum Thema Vorlage ist fachlich korrekt?,einheitliche Dokumente effizient und korrekt erstellen,jede Datei neu formatieren im Rahmen der Routine,alte Logos verwenden nach gängiger Praxis,Pflichtangaben entfernen unter typischen Arbeitsbedingungen,A,Vorlagen sichern Corporate Design und Qualität.,"Bildungsplan Kauffrau/Kaufmann EFZ, BiVo 2023, SKKAB/SBFI",https://www.bzww.ch/public/upload/assets/120804/Bildungsplan_EFZ_August2021_final.pdf
kv,Kauffrau/Kaufmann EFZ,kv_l07,HKB C,L07,Büro-Administration und Dokumente,easy,single_choice,Welche Aussage beschreibt das Thema Datenqualität im Beruf Kauffrau/Kaufmann EFZ am besten?,Dubletten ignorieren im Produktionsalltag bei sachgemässer Ausführung,"Daten vollständig, aktuell, korrekt und widerspruchsfrei führen",Pflichtfelder leer lassen bei sachgemässem Ablauf,Änderungen nicht dokumentieren im normalen Werkstattbetrieb,B,Gute Daten sind Basis kaufmännischer Prozesse.,"Bildungsplan Kauffrau/Kaufmann EFZ, BiVo 2023, SKKAB/SBFI",https://www.bzww.ch/public/upload/assets/120804/Bildungsplan_EFZ_August2021_final.pdf
kv,Kauffrau/Kaufmann EFZ,kv_l07,HKB C,L07,Büro-Administration und Dokumente,medium,single_choice,Worauf muss man beim Thema Datenqualität in der Praxis besonders achten?,Dubletten ignorieren im Rahmen der Routine im laufenden Tagesgeschäft,Pflichtfelder leer lassen bei vergleichbaren Aufgaben,"Daten vollständig, aktuell, korrekt und widerspruchsfrei führen",Änderungen nicht dokumentieren im konkreten Auftrag,C,Gute Daten sind Basis kaufmännischer Prozesse.,"Bildungsplan Kauffrau/Kaufmann EFZ, BiVo 2023, SKKAB/SBFI",https://www.bzww.ch/public/upload/assets/120804/Bildungsplan_EFZ_August2021_final.pdf
kv,Kauffrau/Kaufmann EFZ,kv_l07,HKB C,L07,Büro-Administration und Dokumente,hard,single_choice,Welche Aussage zum Thema Datenqualität ist fachlich korrekt?,Dubletten ignorieren im normalen Werkstattbetrieb,Pflichtfelder leer lassen bei sachgemässer Ausführung,Änderungen nicht dokumentieren im üblichen Berufsalltag,"Daten vollständig, aktuell, korrekt und widerspruchsfrei führen",D,Gute Daten sind Basis kaufmännischer Prozesse.,"Bildungsplan Kauffrau/Kaufmann EFZ, BiVo 2023, SKKAB/SBFI",https://www.bzww.ch/public/upload/assets/120804/Bildungsplan_EFZ_August2021_final.pdf
kv,Kauffrau/Kaufmann EFZ,kv_l07,HKB C,L07,Büro-Administration und Dokumente,easy,single_choice,Welche Aussage beschreibt das Thema Büromaterial im Beruf Kauffrau/Kaufmann EFZ am besten?,"Bedarf planen, Bestand prüfen und wirtschaftlich bestellen",immer grosse Mengen ohne Bedarf kaufen im Werkstattumfeld,Lieferfristen ignorieren im konkreten Auftrag,Bestände nie kontrollieren im laufenden Tagesgeschäft,A,Materialbewirtschaftung soll verfügbar und wirtschaftlich sein.,"Bildungsplan Kauffrau/Kaufmann EFZ, BiVo 2023, SKKAB/SBFI",https://www.bzww.ch/public/upload/assets/120804/Bildungsplan_EFZ_August2021_final.pdf
kv,Kauffrau/Kaufmann EFZ,kv_l07,HKB C,L07,Büro-Administration und Dokumente,medium,single_choice,Worauf muss man beim Thema Büromaterial in der Praxis besonders achten?,immer grosse Mengen ohne Bedarf kaufen unter typischen Arbeitsbedingungen,"Bedarf planen, Bestand prüfen und wirtschaftlich bestellen",Lieferfristen ignorieren im üblichen Berufsalltag,Bestände nie kontrollieren nach gängiger Praxis,B,Materialbewirtschaftung soll verfügbar und wirtschaftlich sein.,"Bildungsplan Kauffrau/Kaufmann EFZ, BiVo 2023, SKKAB/SBFI",https://www.bzww.ch/public/upload/assets/120804/Bildungsplan_EFZ_August2021_final.pdf
kv,Kauffrau/Kaufmann EFZ,kv_l07,HKB C,L07,Büro-Administration und Dokumente,hard,single_choice,Welche Aussage zum Thema Büromaterial ist fachlich korrekt?,immer grosse Mengen ohne Bedarf kaufen bei sachgemässem Ablauf,Lieferfristen ignorieren im Werkstattumfeld,"Bedarf planen, Bestand prüfen und wirtschaftlich bestellen",Bestände nie kontrollieren im Produktionsalltag,C,Materialbewirtschaftung soll verfügbar und wirtschaftlich sein.,"Bildungsplan Kauffrau/Kaufmann EFZ, BiVo 2023, SKKAB/SBFI",https://www.bzww.ch/public/upload/assets/120804/Bildungsplan_EFZ_August2021_final.pdf
kv,Kauffrau/Kaufmann EFZ,kv_l07,HKB C,L07,Büro-Administration und Dokumente,easy,single_choice,Welche Aussage beschreibt das Thema Fristenkontrolle im Beruf Kauffrau/Kaufmann EFZ am besten?,Fristen nur im Kopf behalten bei vergleichbaren Aufgaben,Erinnerungen deaktivieren unter typischen Arbeitsbedingungen,Verantwortung unklar lassen im Rahmen der Routine,Termine überwachen und rechtzeitig Massnahmen auslösen,D,Fristen sind in Administration und Recht zentral.,"Bildungsplan Kauffrau/Kaufmann EFZ, BiVo 2023, SKKAB/SBFI",https://www.bzww.ch/public/upload/assets/120804/Bildungsplan_EFZ_August2021_final.pdf
kv,Kauffrau/Kaufmann EFZ,kv_l07,HKB C,L07,Büro-Administration und Dokumente,medium,single_choice,Worauf muss man beim Thema Fristenkontrolle in der Praxis besonders achten?,Termine überwachen und rechtzeitig Massnahmen auslösen,Fristen nur im Kopf behalten bei sachgemässer Ausführung,Erinnerungen deaktivieren bei sachgemässem Ablauf,Verantwortung unklar lassen im normalen Werkstattbetrieb,A,Fristen sind in Administration und Recht zentral.,"Bildungsplan Kauffrau/Kaufmann EFZ, BiVo 2023, SKKAB/SBFI",https://www.bzww.ch/public/upload/assets/120804/Bildungsplan_EFZ_August2021_final.pdf
kv,Kauffrau/Kaufmann EFZ,kv_l07,HKB C,L07,Büro-Administration und Dokumente,hard,single_choice,Welche Aussage zum Thema Fristenkontrolle ist fachlich korrekt?,Fristen nur im Kopf behalten im laufenden Tagesgeschäft,Termine überwachen und rechtzeitig Massnahmen auslösen,Erinnerungen deaktivieren bei vergleichbaren Aufgaben,Verantwortung unklar lassen im konkreten Auftrag,B,Fristen sind in Administration und Recht zentral.,"Bildungsplan Kauffrau/Kaufmann EFZ, BiVo 2023, SKKAB/SBFI",https://www.bzww.ch/public/upload/assets/120804/Bildungsplan_EFZ_August2021_final.pdf
kv,Kauffrau/Kaufmann EFZ,kv_l07,HKB C,L07,Büro-Administration und Dokumente,easy,single_choice,Welche Aussage beschreibt das Thema Formular im Beruf Kauffrau/Kaufmann EFZ am besten?,unleserlich ausfüllen nach gängiger Praxis,Belege weglassen bei sachgemässer Ausführung,Pflichtfelder korrekt ausfüllen und Belege beilegen,Versionen mischen im üblichen Berufsalltag,C,Formulare standardisieren Informationen.,"Bildungsplan Kauffrau/Kaufmann EFZ, BiVo 2023, SKKAB/SBFI",https://www.bzww.ch/public/upload/assets/120804/Bildungsplan_EFZ_August2021_final.pdf
kv,Kauffrau/Kaufmann EFZ,kv_l07,HKB C,L07,Büro-Administration und Dokumente,medium,single_choice,Worauf muss man beim Thema Formular in der Praxis besonders achten?,unleserlich ausfüllen im Produktionsalltag,Belege weglassen im laufenden Tagesgeschäft,Versionen mischen im Werkstattumfeld bei sachgemässem Ablauf,Pflichtfelder korrekt ausfüllen und Belege beilegen,D,Formulare standardisieren Informationen.,"Bildungsplan Kauffrau/Kaufmann EFZ, BiVo 2023, SKKAB/SBFI",https://www.bzww.ch/public/upload/assets/120804/Bildungsplan_EFZ_August2021_final.pdf
kv,Kauffrau/Kaufmann EFZ,kv_l07,HKB C,L07,Büro-Administration und Dokumente,hard,single_choice,Welche Aussage zum Thema Formular ist fachlich korrekt?,Pflichtfelder korrekt ausfüllen und Belege beilegen,unleserlich ausfüllen im Rahmen der Routine,Belege weglassen nach gängiger Praxis,Versionen mischen unter typischen Arbeitsbedingungen,A,Formulare standardisieren Informationen.,"Bildungsplan Kauffrau/Kaufmann EFZ, BiVo 2023, SKKAB/SBFI",https://www.bzww.ch/public/upload/assets/120804/Bildungsplan_EFZ_August2021_final.pdf
kv,Kauffrau/Kaufmann EFZ,kv_l07,HKB C,L07,Büro-Administration und Dokumente,easy,single_choice,Welche Aussage beschreibt das Thema Geschäftsdokument im Beruf Kauffrau/Kaufmann EFZ am besten?,Dokument ohne Kontext senden bei sachgemässem Ablauf,"Zweck, Empfänger, Inhalt und formale Vorgaben beachten",falsche Empfänger wählen im Produktionsalltag,Dateien unbenannt verschicken im normalen Werkstattbetrieb,B,Dokumente müssen nachvollziehbar und professionell sein.,"Bildungsplan Kauffrau/Kaufmann EFZ, BiVo 2023, SKKAB/SBFI",https://www.bzww.ch/public/upload/assets/120804/Bildungsplan_EFZ_August2021_final.pdf
kv,Kauffrau/Kaufmann EFZ,kv_l07,HKB C,L07,Büro-Administration und Dokumente,medium,single_choice,Worauf muss man beim Thema Geschäftsdokument in der Praxis besonders achten?,Dokument ohne Kontext senden bei vergleichbaren Aufgaben,falsche Empfänger wählen im Rahmen der Routine,"Zweck, Empfänger, Inhalt und formale Vorgaben beachten",Dateien unbenannt verschicken im konkreten Auftrag,C,Dokumente müssen nachvollziehbar und professionell sein.,"Bildungsplan Kauffrau/Kaufmann EFZ, BiVo 2023, SKKAB/SBFI",https://www.bzww.ch/public/upload/assets/120804/Bildungsplan_EFZ_August2021_final.pdf
kv,Kauffrau/Kaufmann EFZ,kv_l07,HKB C,L07,Büro-Administration und Dokumente,hard,single_choice,Welche Aussage zum Thema Geschäftsdokument ist fachlich korrekt?,Dokument ohne Kontext senden bei sachgemässer Ausführung,falsche Empfänger wählen im normalen Werkstattbetrieb,Dateien unbenannt verschicken im üblichen Berufsalltag,"Zweck, Empfänger, Inhalt und formale Vorgaben beachten",D,Dokumente müssen nachvollziehbar und professionell sein.,"Bildungsplan Kauffrau/Kaufmann EFZ, BiVo 2023, SKKAB/SBFI",https://www.bzww.ch/public/upload/assets/120804/Bildungsplan_EFZ_August2021_final.pdf
kv,Kauffrau/Kaufmann EFZ,kv_l07,HKB C,L07,Büro-Administration und Dokumente,easy,single_choice,Welche Aussage beschreibt das Thema Schnittstelle im Beruf Kauffrau/Kaufmann EFZ am besten?,Übergaben zwischen Abteilungen klar regeln,Aufgaben einfach weiterwerfen im Werkstattumfeld,Rückfragen verhindern im laufenden Tagesgeschäft,Status nie melden im konkreten Auftrag,A,Schnittstellenqualität beeinflusst Prozessqualität.,"Bildungsplan Kauffrau/Kaufmann EFZ, BiVo 2023, SKKAB/SBFI",https://www.bzww.ch/public/upload/assets/120804/Bildungsplan_EFZ_August2021_final.pdf
kv,Kauffrau/Kaufmann EFZ,kv_l07,HKB C,L07,Büro-Administration und Dokumente,medium,single_choice,Worauf muss man beim Thema Schnittstelle in der Praxis besonders achten?,Aufgaben einfach weiterwerfen unter typischen Arbeitsbedingungen,Übergaben zwischen Abteilungen klar regeln,Rückfragen verhindern nach gängiger Praxis,Status nie melden im üblichen Berufsalltag,B,Schnittstellenqualität beeinflusst Prozessqualität.,"Bildungsplan Kauffrau/Kaufmann EFZ, BiVo 2023, SKKAB/SBFI",https://www.bzww.ch/public/upload/assets/120804/Bildungsplan_EFZ_August2021_final.pdf
kv,Kauffrau/Kaufmann EFZ,kv_l07,HKB C,L07,Büro-Administration und Dokumente,hard,single_choice,Welche Aussage zum Thema Schnittstelle ist fachlich korrekt?,Aufgaben einfach weiterwerfen bei sachgemässem Ablauf,Rückfragen verhindern im Produktionsalltag,Übergaben zwischen Abteilungen klar regeln,Status nie melden im Werkstattumfeld,C,Schnittstellenqualität beeinflusst Prozessqualität.,"Bildungsplan Kauffrau/Kaufmann EFZ, BiVo 2023, SKKAB/SBFI",https://www.bzww.ch/public/upload/assets/120804/Bildungsplan_EFZ_August2021_final.pdf
kv,Kauffrau/Kaufmann EFZ,kv_l07,HKB C,L07,Büro-Administration und Dokumente,easy,single_choice,Welche Aussage beschreibt das Thema Bürosoftware im Beruf Kauffrau/Kaufmann EFZ am besten?,Makros unbekannt aktivieren im Rahmen der Routine,Zellen ohne Kontrolle überschreiben bei vergleichbaren Aufgaben,Freigaben offen lassen unter typischen Arbeitsbedingungen,"Funktionen zweckmässig, effizient und sicher einsetzen",D,Digitale Bürotools gehören zum KV-Alltag.,"Bildungsplan Kauffrau/Kaufmann EFZ, BiVo 2023, SKKAB/SBFI",https://www.bzww.ch/public/upload/assets/120804/Bildungsplan_EFZ_August2021_final.pdf
kv,Kauffrau/Kaufmann EFZ,kv_l07,HKB C,L07,Büro-Administration und Dokumente,medium,single_choice,Worauf muss man beim Thema Bürosoftware in der Praxis besonders achten?,"Funktionen zweckmässig, effizient und sicher einsetzen",Makros unbekannt aktivieren im normalen Werkstattbetrieb,Zellen ohne Kontrolle überschreiben bei sachgemässer Ausführung,Freigaben offen lassen bei sachgemässem Ablauf,A,Digitale Bürotools gehören zum KV-Alltag.,"Bildungsplan Kauffrau/Kaufmann EFZ, BiVo 2023, SKKAB/SBFI",https://www.bzww.ch/public/upload/assets/120804/Bildungsplan_EFZ_August2021_final.pdf
kv,Kauffrau/Kaufmann EFZ,kv_l07,HKB C,L07,Büro-Administration und Dokumente,hard,single_choice,Welche Aussage zum Thema Bürosoftware ist fachlich korrekt?,Makros unbekannt aktivieren im konkreten Auftrag,"Funktionen zweckmässig, effizient und sicher einsetzen",Zellen ohne Kontrolle überschreiben im laufenden Tagesgeschäft,Freigaben offen lassen bei vergleichbaren Aufgaben,B,Digitale Bürotools gehören zum KV-Alltag.,"Bildungsplan Kauffrau/Kaufmann EFZ, BiVo 2023, SKKAB/SBFI",https://www.bzww.ch/public/upload/assets/120804/Bildungsplan_EFZ_August2021_final.pdf
kv,Kauffrau/Kaufmann EFZ,kv_l08,HKB C,L08,"Sitzungen, Anlässe und Koordination",easy,single_choice,Welche Aussage beschreibt das Thema Sitzungseinladung im Beruf Kauffrau/Kaufmann EFZ am besten?,ohne Agenda einladen bei sachgemässer Ausführung,falsche Teilnehmende wählen im üblichen Berufsalltag,"Ziel, Traktanden, Ort, Zeit und Unterlagen klar angeben",Unterlagen nach Sitzung senden nach gängiger Praxis,C,Gute Einladungen ermöglichen Vorbereitung.,"Bildungsplan Kauffrau/Kaufmann EFZ, BiVo 2023, SKKAB/SBFI",https://www.bzww.ch/public/upload/assets/120804/Bildungsplan_EFZ_August2021_final.pdf
kv,Kauffrau/Kaufmann EFZ,kv_l08,HKB C,L08,"Sitzungen, Anlässe und Koordination",medium,single_choice,Worauf muss man beim Thema Sitzungseinladung in der Praxis besonders achten?,ohne Agenda einladen im laufenden Tagesgeschäft,falsche Teilnehmende wählen im Werkstattumfeld,Unterlagen nach Sitzung senden im Produktionsalltag,"Ziel, Traktanden, Ort, Zeit und Unterlagen klar angeben",D,Gute Einladungen ermöglichen Vorbereitung.,"Bildungsplan Kauffrau/Kaufmann EFZ, BiVo 2023, SKKAB/SBFI",https://www.bzww.ch/public/upload/assets/120804/Bildungsplan_EFZ_August2021_final.pdf
kv,Kauffrau/Kaufmann EFZ,kv_l08,HKB C,L08,"Sitzungen, Anlässe und Koordination",hard,single_choice,Welche Aussage zum Thema Sitzungseinladung ist fachlich korrekt?,"Ziel, Traktanden, Ort, Zeit und Unterlagen klar angeben",ohne Agenda einladen nach gängiger Praxis,falsche Teilnehmende wählen unter typischen Arbeitsbedingungen,Unterlagen nach Sitzung senden im Rahmen der Routine,A,Gute Einladungen ermöglichen Vorbereitung.,"Bildungsplan Kauffrau/Kaufmann EFZ, BiVo 2023, SKKAB/SBFI",https://www.bzww.ch/public/upload/assets/120804/Bildungsplan_EFZ_August2021_final.pdf
kv,Kauffrau/Kaufmann EFZ,kv_l08,HKB C,L08,"Sitzungen, Anlässe und Koordination",easy,single_choice,Welche Aussage beschreibt das Thema Traktandenliste im Beruf Kauffrau/Kaufmann EFZ am besten?,alles unter Verschiedenes verstecken im normalen Werkstattbetrieb,Themen in sinnvoller Reihenfolge und mit Zeitrahmen festlegen,Entscheidpunkte nicht markieren bei sachgemässem Ablauf,Zeitbedarf ignorieren im Produktionsalltag bei sachgemässer Ausführung,B,Traktanden strukturieren Sitzungen.,"Bildungsplan Kauffrau/Kaufmann EFZ, BiVo 2023, SKKAB/SBFI",https://www.bzww.ch/public/upload/assets/120804/Bildungsplan_EFZ_August2021_final.pdf
kv,Kauffrau/Kaufmann EFZ,kv_l08,HKB C,L08,"Sitzungen, Anlässe und Koordination",medium,single_choice,Worauf muss man beim Thema Traktandenliste in der Praxis besonders achten?,alles unter Verschiedenes verstecken im konkreten Auftrag,Entscheidpunkte nicht markieren bei vergleichbaren Aufgaben,Themen in sinnvoller Reihenfolge und mit Zeitrahmen festlegen,Zeitbedarf ignorieren im Rahmen der Routine,C,Traktanden strukturieren Sitzungen.,"Bildungsplan Kauffrau/Kaufmann EFZ, BiVo 2023, SKKAB/SBFI",https://www.bzww.ch/public/upload/assets/120804/Bildungsplan_EFZ_August2021_final.pdf
kv,Kauffrau/Kaufmann EFZ,kv_l08,HKB C,L08,"Sitzungen, Anlässe und Koordination",hard,single_choice,Welche Aussage zum Thema Traktandenliste ist fachlich korrekt?,alles unter Verschiedenes verstecken im üblichen Berufsalltag,Entscheidpunkte nicht markieren bei sachgemässer Ausführung,Zeitbedarf ignorieren im normalen Werkstattbetrieb,Themen in sinnvoller Reihenfolge und mit Zeitrahmen festlegen,D,Traktanden strukturieren Sitzungen.,"Bildungsplan Kauffrau/Kaufmann EFZ, BiVo 2023, SKKAB/SBFI",https://www.bzww.ch/public/upload/assets/120804/Bildungsplan_EFZ_August2021_final.pdf
kv,Kauffrau/Kaufmann EFZ,kv_l08,HKB C,L08,"Sitzungen, Anlässe und Koordination",easy,single_choice,Welche Aussage beschreibt das Thema Raumreservation im Beruf Kauffrau/Kaufmann EFZ am besten?,"Teilnehmerzahl, Technik, Barrierefreiheit und Verfügbarkeit prüfen",Raum ohne Technik buchen im laufenden Tagesgeschäft,Kapazität ignorieren im konkreten Auftrag im Produktionsalltag,Reservation nicht bestätigen im Werkstattumfeld,A,Logistik beeinflusst den Erfolg von Anlässen.,"Bildungsplan Kauffrau/Kaufmann EFZ, BiVo 2023, SKKAB/SBFI",https://www.bzww.ch/public/upload/assets/120804/Bildungsplan_EFZ_August2021_final.pdf
kv,Kauffrau/Kaufmann EFZ,kv_l08,HKB C,L08,"Sitzungen, Anlässe und Koordination",medium,single_choice,Worauf muss man beim Thema Raumreservation in der Praxis besonders achten?,Raum ohne Technik buchen nach gängiger Praxis im Rahmen der Routine,"Teilnehmerzahl, Technik, Barrierefreiheit und Verfügbarkeit prüfen",Kapazität ignorieren im üblichen Berufsalltag bei vergleichbaren Aufgaben,Reservation nicht bestätigen unter typischen Arbeitsbedingungen,B,Logistik beeinflusst den Erfolg von Anlässen.,"Bildungsplan Kauffrau/Kaufmann EFZ, BiVo 2023, SKKAB/SBFI",https://www.bzww.ch/public/upload/assets/120804/Bildungsplan_EFZ_August2021_final.pdf
kv,Kauffrau/Kaufmann EFZ,kv_l08,HKB C,L08,"Sitzungen, Anlässe und Koordination",hard,single_choice,Welche Aussage zum Thema Raumreservation ist fachlich korrekt?,Raum ohne Technik buchen im Produktionsalltag bei sachgemässer Ausführung,Kapazität ignorieren im Werkstattumfeld im normalen Werkstattbetrieb,"Teilnehmerzahl, Technik, Barrierefreiheit und Verfügbarkeit prüfen",Reservation nicht bestätigen bei sachgemässem Ablauf,C,Logistik beeinflusst den Erfolg von Anlässen.,"Bildungsplan Kauffrau/Kaufmann EFZ, BiVo 2023, SKKAB/SBFI",https://www.bzww.ch/public/upload/assets/120804/Bildungsplan_EFZ_August2021_final.pdf
kv,Kauffrau/Kaufmann EFZ,kv_l08,HKB C,L08,"Sitzungen, Anlässe und Koordination",easy,single_choice,Welche Aussage beschreibt das Thema Protokollführung im Beruf Kauffrau/Kaufmann EFZ am besten?,Meinungen verfälschen im Rahmen der Routine im konkreten Auftrag,Pendenzen auslassen unter typischen Arbeitsbedingungen,Protokoll nicht freigeben bei vergleichbaren Aufgaben,"Beschlüsse, Verantwortlichkeiten und Termine präzise festhalten",D,Protokolle sichern Umsetzung.,"Bildungsplan Kauffrau/Kaufmann EFZ, BiVo 2023, SKKAB/SBFI",https://www.bzww.ch/public/upload/assets/120804/Bildungsplan_EFZ_August2021_final.pdf
kv,Kauffrau/Kaufmann EFZ,kv_l08,HKB C,L08,"Sitzungen, Anlässe und Koordination",medium,single_choice,Worauf muss man beim Thema Protokollführung in der Praxis besonders achten?,"Beschlüsse, Verantwortlichkeiten und Termine präzise festhalten",Meinungen verfälschen im normalen Werkstattbetrieb,Pendenzen auslassen bei sachgemässem Ablauf im üblichen Berufsalltag,Protokoll nicht freigeben bei sachgemässer Ausführung,A,Protokolle sichern Umsetzung.,"Bildungsplan Kauffrau/Kaufmann EFZ, BiVo 2023, SKKAB/SBFI",https://www.bzww.ch/public/upload/assets/120804/Bildungsplan_EFZ_August2021_final.pdf
kv,Kauffrau/Kaufmann EFZ,kv_l08,HKB C,L08,"Sitzungen, Anlässe und Koordination",hard,single_choice,Welche Aussage zum Thema Protokollführung ist fachlich korrekt?,Meinungen verfälschen im konkreten Auftrag im Werkstattumfeld,"Beschlüsse, Verantwortlichkeiten und Termine präzise festhalten",Pendenzen auslassen bei vergleichbaren Aufgaben,Protokoll nicht freigeben im laufenden Tagesgeschäft,B,Protokolle sichern Umsetzung.,"Bildungsplan Kauffrau/Kaufmann EFZ, BiVo 2023, SKKAB/SBFI",https://www.bzww.ch/public/upload/assets/120804/Bildungsplan_EFZ_August2021_final.pdf
kv,Kauffrau/Kaufmann EFZ,kv_l08,HKB C,L08,"Sitzungen, Anlässe und Koordination",easy,single_choice,Welche Aussage beschreibt das Thema Eventbudget im Beruf Kauffrau/Kaufmann EFZ am besten?,Belege verlieren bei sachgemässer Ausführung,Ausgaben ohne Freigabe tätigen im üblichen Berufsalltag,"Kosten planen, überwachen und Abweichungen begründen",Budget erst nach Anlass erstellen nach gängiger Praxis,C,Budgetkontrolle gehört zur Anlassorganisation.,"Bildungsplan Kauffrau/Kaufmann EFZ, BiVo 2023, SKKAB/SBFI",https://www.bzww.ch/public/upload/assets/120804/Bildungsplan_EFZ_August2021_final.pdf
kv,Kauffrau/Kaufmann EFZ,kv_l08,HKB C,L08,"Sitzungen, Anlässe und Koordination",medium,single_choice,Worauf muss man beim Thema Eventbudget in der Praxis besonders achten?,Belege verlieren im laufenden Tagesgeschäft,Ausgaben ohne Freigabe tätigen im Werkstattumfeld,Budget erst nach Anlass erstellen im Produktionsalltag,"Kosten planen, überwachen und Abweichungen begründen",D,Budgetkontrolle gehört zur Anlassorganisation.,"Bildungsplan Kauffrau/Kaufmann EFZ, BiVo 2023, SKKAB/SBFI",https://www.bzww.ch/public/upload/assets/120804/Bildungsplan_EFZ_August2021_final.pdf
kv,Kauffrau/Kaufmann EFZ,kv_l08,HKB C,L08,"Sitzungen, Anlässe und Koordination",hard,single_choice,Welche Aussage zum Thema Eventbudget ist fachlich korrekt?,"Kosten planen, überwachen und Abweichungen begründen",Belege verlieren nach gängiger Praxis,Ausgaben ohne Freigabe tätigen unter typischen Arbeitsbedingungen,Budget erst nach Anlass erstellen im Rahmen der Routine,A,Budgetkontrolle gehört zur Anlassorganisation.,"Bildungsplan Kauffrau/Kaufmann EFZ, BiVo 2023, SKKAB/SBFI",https://www.bzww.ch/public/upload/assets/120804/Bildungsplan_EFZ_August2021_final.pdf
kv,Kauffrau/Kaufmann EFZ,kv_l08,HKB C,L08,"Sitzungen, Anlässe und Koordination",easy,single_choice,Welche Aussage beschreibt das Thema Check-in im Beruf Kauffrau/Kaufmann EFZ am besten?,Gäste allein suchen lassen bei sachgemässem Ablauf,"Teilnehmende empfangen, Anwesenheit erfassen und Orientierung geben",Namenslisten offen liegen lassen im normalen Werkstattbetrieb,Anmeldung ignorieren im Produktionsalltag bei sachgemässer Ausführung,B,Empfang prägt den ersten Eindruck.,"Bildungsplan Kauffrau/Kaufmann EFZ, BiVo 2023, SKKAB/SBFI",https://www.bzww.ch/public/upload/assets/120804/Bildungsplan_EFZ_August2021_final.pdf
kv,Kauffrau/Kaufmann EFZ,kv_l08,HKB C,L08,"Sitzungen, Anlässe und Koordination",medium,single_choice,Worauf muss man beim Thema Check-in in der Praxis besonders achten?,Gäste allein suchen lassen bei vergleichbaren Aufgaben,Namenslisten offen liegen lassen im konkreten Auftrag,"Teilnehmende empfangen, Anwesenheit erfassen und Orientierung geben",Anmeldung ignorieren im Rahmen der Routine im laufenden Tagesgeschäft,C,Empfang prägt den ersten Eindruck.,"Bildungsplan Kauffrau/Kaufmann EFZ, BiVo 2023, SKKAB/SBFI",https://www.bzww.ch/public/upload/assets/120804/Bildungsplan_EFZ_August2021_final.pdf
kv,Kauffrau/Kaufmann EFZ,kv_l08,HKB C,L08,"Sitzungen, Anlässe und Koordination",hard,single_choice,Welche Aussage zum Thema Check-in ist fachlich korrekt?,Gäste allein suchen lassen bei sachgemässer Ausführung,Namenslisten offen liegen lassen im üblichen Berufsalltag,Anmeldung ignorieren im normalen Werkstattbetrieb nach gängiger Praxis,"Teilnehmende empfangen, Anwesenheit erfassen und Orientierung geben",D,Empfang prägt den ersten Eindruck.,"Bildungsplan Kauffrau/Kaufmann EFZ, BiVo 2023, SKKAB/SBFI",https://www.bzww.ch/public/upload/assets/120804/Bildungsplan_EFZ_August2021_final.pdf
kv,Kauffrau/Kaufmann EFZ,kv_l08,HKB C,L08,"Sitzungen, Anlässe und Koordination",easy,single_choice,Welche Aussage beschreibt das Thema Pendenzenliste im Beruf Kauffrau/Kaufmann EFZ am besten?,"Aufgaben, Verantwortliche, Fristen und Status nachführen",Status nie aktualisieren im konkreten Auftrag,Verantwortliche offen lassen im laufenden Tagesgeschäft,erledigte Aufgaben nicht markieren im Werkstattumfeld,A,Pendenzenlisten unterstützen Nachverfolgung.,"Bildungsplan Kauffrau/Kaufmann EFZ, BiVo 2023, SKKAB/SBFI",https://www.bzww.ch/public/upload/assets/120804/Bildungsplan_EFZ_August2021_final.pdf
kv,Kauffrau/Kaufmann EFZ,kv_l08,HKB C,L08,"Sitzungen, Anlässe und Koordination",medium,single_choice,Worauf muss man beim Thema Pendenzenliste in der Praxis besonders achten?,Status nie aktualisieren im üblichen Berufsalltag,"Aufgaben, Verantwortliche, Fristen und Status nachführen",Verantwortliche offen lassen nach gängiger Praxis,erledigte Aufgaben nicht markieren unter typischen Arbeitsbedingungen,B,Pendenzenlisten unterstützen Nachverfolgung.,"Bildungsplan Kauffrau/Kaufmann EFZ, BiVo 2023, SKKAB/SBFI",https://www.bzww.ch/public/upload/assets/120804/Bildungsplan_EFZ_August2021_final.pdf
kv,Kauffrau/Kaufmann EFZ,kv_l08,HKB C,L08,"Sitzungen, Anlässe und Koordination",hard,single_choice,Welche Aussage zum Thema Pendenzenliste ist fachlich korrekt?,Status nie aktualisieren im Werkstattumfeld,Verantwortliche offen lassen im Produktionsalltag,"Aufgaben, Verantwortliche, Fristen und Status nachführen",erledigte Aufgaben nicht markieren bei sachgemässem Ablauf,C,Pendenzenlisten unterstützen Nachverfolgung.,"Bildungsplan Kauffrau/Kaufmann EFZ, BiVo 2023, SKKAB/SBFI",https://www.bzww.ch/public/upload/assets/120804/Bildungsplan_EFZ_August2021_final.pdf
kv,Kauffrau/Kaufmann EFZ,kv_l08,HKB C,L08,"Sitzungen, Anlässe und Koordination",easy,single_choice,Welche Aussage beschreibt das Thema Nachbereitung im Beruf Kauffrau/Kaufmann EFZ am besten?,Unterlagen löschen unter typischen Arbeitsbedingungen,Rückmeldungen ignorieren bei vergleichbaren Aufgaben,Ergebnisse nicht teilen im Rahmen der Routine im konkreten Auftrag,"Feedback, Dokumentation und offene Punkte nach dem Anlass bearbeiten",D,Nachbereitung macht Anlässe wirksam.,"Bildungsplan Kauffrau/Kaufmann EFZ, BiVo 2023, SKKAB/SBFI",https://www.bzww.ch/public/upload/assets/120804/Bildungsplan_EFZ_August2021_final.pdf
kv,Kauffrau/Kaufmann EFZ,kv_l08,HKB C,L08,"Sitzungen, Anlässe und Koordination",medium,single_choice,Worauf muss man beim Thema Nachbereitung in der Praxis besonders achten?,"Feedback, Dokumentation und offene Punkte nach dem Anlass bearbeiten",Unterlagen löschen bei sachgemässem Ablauf im üblichen Berufsalltag,Rückmeldungen ignorieren bei sachgemässer Ausführung,Ergebnisse nicht teilen im normalen Werkstattbetrieb,A,Nachbereitung macht Anlässe wirksam.,"Bildungsplan Kauffrau/Kaufmann EFZ, BiVo 2023, SKKAB/SBFI",https://www.bzww.ch/public/upload/assets/120804/Bildungsplan_EFZ_August2021_final.pdf
kv,Kauffrau/Kaufmann EFZ,kv_l08,HKB C,L08,"Sitzungen, Anlässe und Koordination",hard,single_choice,Welche Aussage zum Thema Nachbereitung ist fachlich korrekt?,Unterlagen löschen bei vergleichbaren Aufgaben im Produktionsalltag,"Feedback, Dokumentation und offene Punkte nach dem Anlass bearbeiten",Rückmeldungen ignorieren im laufenden Tagesgeschäft,Ergebnisse nicht teilen im konkreten Auftrag im Werkstattumfeld,B,Nachbereitung macht Anlässe wirksam.,"Bildungsplan Kauffrau/Kaufmann EFZ, BiVo 2023, SKKAB/SBFI",https://www.bzww.ch/public/upload/assets/120804/Bildungsplan_EFZ_August2021_final.pdf
kv,Kauffrau/Kaufmann EFZ,kv_l08,HKB C,L08,"Sitzungen, Anlässe und Koordination",easy,single_choice,Welche Aussage beschreibt das Thema Ressourcenplanung im Beruf Kauffrau/Kaufmann EFZ am besten?,Ressourcen zufällig wählen nach gängiger Praxis,Engpässe ignorieren im üblichen Berufsalltag unter typischen Arbeitsbedingungen,"Personal, Material, Zeit und Budget realistisch koordinieren",Puffer streichen bei sachgemässer Ausführung,C,Koordination verhindert Engpässe.,"Bildungsplan Kauffrau/Kaufmann EFZ, BiVo 2023, SKKAB/SBFI",https://www.bzww.ch/public/upload/assets/120804/Bildungsplan_EFZ_August2021_final.pdf
kv,Kauffrau/Kaufmann EFZ,kv_l08,HKB C,L08,"Sitzungen, Anlässe und Koordination",medium,single_choice,Worauf muss man beim Thema Ressourcenplanung in der Praxis besonders achten?,Ressourcen zufällig wählen im Produktionsalltag,Engpässe ignorieren im Werkstattumfeld bei sachgemässem Ablauf,Puffer streichen im laufenden Tagesgeschäft,"Personal, Material, Zeit und Budget realistisch koordinieren",D,Koordination verhindert Engpässe.,"Bildungsplan Kauffrau/Kaufmann EFZ, BiVo 2023, SKKAB/SBFI",https://www.bzww.ch/public/upload/assets/120804/Bildungsplan_EFZ_August2021_final.pdf
kv,Kauffrau/Kaufmann EFZ,kv_l08,HKB C,L08,"Sitzungen, Anlässe und Koordination",hard,single_choice,Welche Aussage zum Thema Ressourcenplanung ist fachlich korrekt?,"Personal, Material, Zeit und Budget realistisch koordinieren",Ressourcen zufällig wählen im Rahmen der Routine,Engpässe ignorieren unter typischen Arbeitsbedingungen,Puffer streichen nach gängiger Praxis bei vergleichbaren Aufgaben,A,Koordination verhindert Engpässe.,"Bildungsplan Kauffrau/Kaufmann EFZ, BiVo 2023, SKKAB/SBFI",https://www.bzww.ch/public/upload/assets/120804/Bildungsplan_EFZ_August2021_final.pdf
kv,Kauffrau/Kaufmann EFZ,kv_l08,HKB C,L08,"Sitzungen, Anlässe und Koordination",easy,single_choice,Welche Aussage beschreibt das Thema Sitzungsleitung unterstützen im Beruf Kauffrau/Kaufmann EFZ am besten?,Diskussionen absichtlich verlängern im normalen Werkstattbetrieb,"Moderation, Zeitkontrolle und Entscheidfindung organisatorisch begleiten",Entscheide unklar lassen im Produktionsalltag bei sachgemässer Ausführung,Teilnehmende nicht informieren bei sachgemässem Ablauf,B,KV-Aufgaben unterstützen effiziente Sitzungen.,"Bildungsplan Kauffrau/Kaufmann EFZ, BiVo 2023, SKKAB/SBFI",https://www.bzww.ch/public/upload/assets/120804/Bildungsplan_EFZ_August2021_final.pdf
kv,Kauffrau/Kaufmann EFZ,kv_l08,HKB C,L08,"Sitzungen, Anlässe und Koordination",medium,single_choice,Worauf muss man beim Thema Sitzungsleitung unterstützen in der Praxis besonders achten?,Diskussionen absichtlich verlängern im konkreten Auftrag,Entscheide unklar lassen im Rahmen der Routine im laufenden Tagesgeschäft,"Moderation, Zeitkontrolle und Entscheidfindung organisatorisch begleiten",Teilnehmende nicht informieren bei vergleichbaren Aufgaben,C,KV-Aufgaben unterstützen effiziente Sitzungen.,"Bildungsplan Kauffrau/Kaufmann EFZ, BiVo 2023, SKKAB/SBFI",https://www.bzww.ch/public/upload/assets/120804/Bildungsplan_EFZ_August2021_final.pdf
kv,Kauffrau/Kaufmann EFZ,kv_l08,HKB C,L08,"Sitzungen, Anlässe und Koordination",hard,single_choice,Welche Aussage zum Thema Sitzungsleitung unterstützen ist fachlich korrekt?,Diskussionen absichtlich verlängern im üblichen Berufsalltag,Entscheide unklar lassen im normalen Werkstattbetrieb nach gängiger Praxis,Teilnehmende nicht informieren bei sachgemässer Ausführung,"Moderation, Zeitkontrolle und Entscheidfindung organisatorisch begleiten",D,KV-Aufgaben unterstützen effiziente Sitzungen.,"Bildungsplan Kauffrau/Kaufmann EFZ, BiVo 2023, SKKAB/SBFI",https://www.bzww.ch/public/upload/assets/120804/Bildungsplan_EFZ_August2021_final.pdf
kv,Kauffrau/Kaufmann EFZ,kv_l09,HKB C,L09,Finanzwesen und Zahlungsverkehr,easy,single_choice,Welche Aussage beschreibt das Thema Beleg im Beruf Kauffrau/Kaufmann EFZ am besten?,Geschäftsfälle nachvollziehbar und prüfbar dokumentieren,Belege wegwerfen im laufenden Tagesgeschäft,Beträge ohne Nachweis buchen im Werkstattumfeld,Datum weglassen im konkreten Auftrag im Produktionsalltag,A,Keine Buchung ohne Beleg ist ein Grundprinzip.,"Bildungsplan Kauffrau/Kaufmann EFZ, BiVo 2023, SKKAB/SBFI",https://www.bzww.ch/public/upload/assets/120804/Bildungsplan_EFZ_August2021_final.pdf
kv,Kauffrau/Kaufmann EFZ,kv_l09,HKB C,L09,Finanzwesen und Zahlungsverkehr,medium,single_choice,Worauf muss man beim Thema Beleg in der Praxis besonders achten?,Belege wegwerfen nach gängiger Praxis im Rahmen der Routine,Geschäftsfälle nachvollziehbar und prüfbar dokumentieren,Beträge ohne Nachweis buchen unter typischen Arbeitsbedingungen,Datum weglassen im üblichen Berufsalltag,B,Keine Buchung ohne Beleg ist ein Grundprinzip.,"Bildungsplan Kauffrau/Kaufmann EFZ, BiVo 2023, SKKAB/SBFI",https://www.bzww.ch/public/upload/assets/120804/Bildungsplan_EFZ_August2021_final.pdf
kv,Kauffrau/Kaufmann EFZ,kv_l09,HKB C,L09,Finanzwesen und Zahlungsverkehr,hard,single_choice,Welche Aussage zum Thema Beleg ist fachlich korrekt?,Belege wegwerfen im Produktionsalltag bei sachgemässer Ausführung,Beträge ohne Nachweis buchen bei sachgemässem Ablauf,Geschäftsfälle nachvollziehbar und prüfbar dokumentieren,Datum weglassen im Werkstattumfeld im normalen Werkstattbetrieb,C,Keine Buchung ohne Beleg ist ein Grundprinzip.,"Bildungsplan Kauffrau/Kaufmann EFZ, BiVo 2023, SKKAB/SBFI",https://www.bzww.ch/public/upload/assets/120804/Bildungsplan_EFZ_August2021_final.pdf
kv,Kauffrau/Kaufmann EFZ,kv_l09,HKB C,L09,Finanzwesen und Zahlungsverkehr,easy,single_choice,Welche Aussage beschreibt das Thema Rechnung im Beruf Kauffrau/Kaufmann EFZ am besten?,Zahlungsfrist vergessen bei vergleichbaren Aufgaben,falsche Adresse nutzen unter typischen Arbeitsbedingungen,Leistung unklar lassen im Rahmen der Routine im konkreten Auftrag,"Leistung, Betrag, MWST, Zahlungsfrist und Empfänger korrekt ausweisen",D,Rechnungen lösen Zahlungs- und Buchungsprozesse aus.,"Bildungsplan Kauffrau/Kaufmann EFZ, BiVo 2023, SKKAB/SBFI",https://www.bzww.ch/public/upload/assets/120804/Bildungsplan_EFZ_August2021_final.pdf
kv,Kauffrau/Kaufmann EFZ,kv_l09,HKB C,L09,Finanzwesen und Zahlungsverkehr,medium,single_choice,Worauf muss man beim Thema Rechnung in der Praxis besonders achten?,"Leistung, Betrag, MWST, Zahlungsfrist und Empfänger korrekt ausweisen",Zahlungsfrist vergessen bei sachgemässer Ausführung,falsche Adresse nutzen bei sachgemässem Ablauf im üblichen Berufsalltag,Leistung unklar lassen im normalen Werkstattbetrieb,A,Rechnungen lösen Zahlungs- und Buchungsprozesse aus.,"Bildungsplan Kauffrau/Kaufmann EFZ, BiVo 2023, SKKAB/SBFI",https://www.bzww.ch/public/upload/assets/120804/Bildungsplan_EFZ_August2021_final.pdf
kv,Kauffrau/Kaufmann EFZ,kv_l09,HKB C,L09,Finanzwesen und Zahlungsverkehr,hard,single_choice,Welche Aussage zum Thema Rechnung ist fachlich korrekt?,Zahlungsfrist vergessen im laufenden Tagesgeschäft im Produktionsalltag,"Leistung, Betrag, MWST, Zahlungsfrist und Empfänger korrekt ausweisen",falsche Adresse nutzen bei vergleichbaren Aufgaben,Leistung unklar lassen im konkreten Auftrag im Werkstattumfeld,B,Rechnungen lösen Zahlungs- und Buchungsprozesse aus.,"Bildungsplan Kauffrau/Kaufmann EFZ, BiVo 2023, SKKAB/SBFI",https://www.bzww.ch/public/upload/assets/120804/Bildungsplan_EFZ_August2021_final.pdf
kv,Kauffrau/Kaufmann EFZ,kv_l09,HKB C,L09,Finanzwesen und Zahlungsverkehr,easy,single_choice,Welche Aussage beschreibt das Thema MWST im Beruf Kauffrau/Kaufmann EFZ am besten?,Steuersatz raten bei sachgemässer Ausführung,MWST immer weglassen im üblichen Berufsalltag,Mehrwertsteuer korrekt berechnen und ausweisen,Brutto und Netto verwechseln nach gängiger Praxis,C,MWST ist ein zentraler Bestandteil vieler Geschäftsfälle.,"Bildungsplan Kauffrau/Kaufmann EFZ, BiVo 2023, SKKAB/SBFI",https://www.bzww.ch/public/upload/assets/120804/Bildungsplan_EFZ_August2021_final.pdf
kv,Kauffrau/Kaufmann EFZ,kv_l09,HKB C,L09,Finanzwesen und Zahlungsverkehr,medium,single_choice,Worauf muss man beim Thema MWST in der Praxis besonders achten?,Steuersatz raten im laufenden Tagesgeschäft,MWST immer weglassen im Werkstattumfeld,Brutto und Netto verwechseln im Produktionsalltag,Mehrwertsteuer korrekt berechnen und ausweisen,D,MWST ist ein zentraler Bestandteil vieler Geschäftsfälle.,"Bildungsplan Kauffrau/Kaufmann EFZ, BiVo 2023, SKKAB/SBFI",https://www.bzww.ch/public/upload/assets/120804/Bildungsplan_EFZ_August2021_final.pdf
kv,Kauffrau/Kaufmann EFZ,kv_l09,HKB C,L09,Finanzwesen und Zahlungsverkehr,hard,single_choice,Welche Aussage zum Thema MWST ist fachlich korrekt?,Mehrwertsteuer korrekt berechnen und ausweisen,Steuersatz raten nach gängiger Praxis,MWST immer weglassen unter typischen Arbeitsbedingungen,Brutto und Netto verwechseln im Rahmen der Routine,A,MWST ist ein zentraler Bestandteil vieler Geschäftsfälle.,"Bildungsplan Kauffrau/Kaufmann EFZ, BiVo 2023, SKKAB/SBFI",https://www.bzww.ch/public/upload/assets/120804/Bildungsplan_EFZ_August2021_final.pdf
kv,Kauffrau/Kaufmann EFZ,kv_l09,HKB C,L09,Finanzwesen und Zahlungsverkehr,easy,single_choice,Welche Aussage beschreibt das Thema Zahlungsfrist im Beruf Kauffrau/Kaufmann EFZ am besten?,Fristen ignorieren im Produktionsalltag,Fälligkeit überwachen und rechtzeitig reagieren,Mahnungen zufällig senden bei sachgemässem Ablauf,Skonto nach Frist gewähren im normalen Werkstattbetrieb,B,Fristen beeinflussen Liquidität und Kundenbeziehung.,"Bildungsplan Kauffrau/Kaufmann EFZ, BiVo 2023, SKKAB/SBFI",https://www.bzww.ch/public/upload/assets/120804/Bildungsplan_EFZ_August2021_final.pdf
kv,Kauffrau/Kaufmann EFZ,kv_l09,HKB C,L09,Finanzwesen und Zahlungsverkehr,medium,single_choice,Worauf muss man beim Thema Zahlungsfrist in der Praxis besonders achten?,Fristen ignorieren im Rahmen der Routine,Mahnungen zufällig senden bei vergleichbaren Aufgaben,Fälligkeit überwachen und rechtzeitig reagieren,Skonto nach Frist gewähren im konkreten Auftrag,C,Fristen beeinflussen Liquidität und Kundenbeziehung.,"Bildungsplan Kauffrau/Kaufmann EFZ, BiVo 2023, SKKAB/SBFI",https://www.bzww.ch/public/upload/assets/120804/Bildungsplan_EFZ_August2021_final.pdf
kv,Kauffrau/Kaufmann EFZ,kv_l09,HKB C,L09,Finanzwesen und Zahlungsverkehr,hard,single_choice,Welche Aussage zum Thema Zahlungsfrist ist fachlich korrekt?,Fristen ignorieren im normalen Werkstattbetrieb,Mahnungen zufällig senden bei sachgemässer Ausführung,Skonto nach Frist gewähren im üblichen Berufsalltag,Fälligkeit überwachen und rechtzeitig reagieren,D,Fristen beeinflussen Liquidität und Kundenbeziehung.,"Bildungsplan Kauffrau/Kaufmann EFZ, BiVo 2023, SKKAB/SBFI",https://www.bzww.ch/public/upload/assets/120804/Bildungsplan_EFZ_August2021_final.pdf
kv,Kauffrau/Kaufmann EFZ,kv_l09,HKB C,L09,Finanzwesen und Zahlungsverkehr,easy,single_choice,Welche Aussage beschreibt das Thema Skonto im Beruf Kauffrau/Kaufmann EFZ am besten?,Preisabzug bei Zahlung innerhalb einer bestimmten Frist berechnen,immer zusätzlich zur Mahngebühr addieren im Werkstattumfeld,nach Belieben gewähren im konkreten Auftrag im Produktionsalltag,mit Rabatt immer gleichsetzen im laufenden Tagesgeschäft,A,Skonto belohnt schnelle Zahlung.,"Bildungsplan Kauffrau/Kaufmann EFZ, BiVo 2023, SKKAB/SBFI",https://www.bzww.ch/public/upload/assets/120804/Bildungsplan_EFZ_August2021_final.pdf
kv,Kauffrau/Kaufmann EFZ,kv_l09,HKB C,L09,Finanzwesen und Zahlungsverkehr,medium,single_choice,Worauf muss man beim Thema Skonto in der Praxis besonders achten?,immer zusätzlich zur Mahngebühr addieren unter typischen Arbeitsbedingungen,Preisabzug bei Zahlung innerhalb einer bestimmten Frist berechnen,nach Belieben gewähren im üblichen Berufsalltag,mit Rabatt immer gleichsetzen nach gängiger Praxis,B,Skonto belohnt schnelle Zahlung.,"Bildungsplan Kauffrau/Kaufmann EFZ, BiVo 2023, SKKAB/SBFI",https://www.bzww.ch/public/upload/assets/120804/Bildungsplan_EFZ_August2021_final.pdf
kv,Kauffrau/Kaufmann EFZ,kv_l09,HKB C,L09,Finanzwesen und Zahlungsverkehr,hard,single_choice,Welche Aussage zum Thema Skonto ist fachlich korrekt?,immer zusätzlich zur Mahngebühr addieren bei sachgemässem Ablauf,nach Belieben gewähren im Werkstattumfeld im normalen Werkstattbetrieb,Preisabzug bei Zahlung innerhalb einer bestimmten Frist berechnen,mit Rabatt immer gleichsetzen im Produktionsalltag,C,Skonto belohnt schnelle Zahlung.,"Bildungsplan Kauffrau/Kaufmann EFZ, BiVo 2023, SKKAB/SBFI",https://www.bzww.ch/public/upload/assets/120804/Bildungsplan_EFZ_August2021_final.pdf
kv,Kauffrau/Kaufmann EFZ,kv_l09,HKB C,L09,Finanzwesen und Zahlungsverkehr,easy,single_choice,Welche Aussage beschreibt das Thema Rabatt im Beruf Kauffrau/Kaufmann EFZ am besten?,erst nach MWST immer willkürlich abziehen bei vergleichbaren Aufgaben,mit Verzugszins gleichsetzen im Rahmen der Routine,ohne Grundlage versprechen unter typischen Arbeitsbedingungen,Preisnachlass vor Berechnung des Endbetrags berücksichtigen,D,Rabatte müssen korrekt kalkuliert werden.,"Bildungsplan Kauffrau/Kaufmann EFZ, BiVo 2023, SKKAB/SBFI",https://www.bzww.ch/public/upload/assets/120804/Bildungsplan_EFZ_August2021_final.pdf
kv,Kauffrau/Kaufmann EFZ,kv_l09,HKB C,L09,Finanzwesen und Zahlungsverkehr,medium,single_choice,Worauf muss man beim Thema Rabatt in der Praxis besonders achten?,Preisnachlass vor Berechnung des Endbetrags berücksichtigen,erst nach MWST immer willkürlich abziehen bei sachgemässer Ausführung,mit Verzugszins gleichsetzen im normalen Werkstattbetrieb,ohne Grundlage versprechen bei sachgemässem Ablauf,A,Rabatte müssen korrekt kalkuliert werden.,"Bildungsplan Kauffrau/Kaufmann EFZ, BiVo 2023, SKKAB/SBFI",https://www.bzww.ch/public/upload/assets/120804/Bildungsplan_EFZ_August2021_final.pdf
kv,Kauffrau/Kaufmann EFZ,kv_l09,HKB C,L09,Finanzwesen und Zahlungsverkehr,hard,single_choice,Welche Aussage zum Thema Rabatt ist fachlich korrekt?,erst nach MWST immer willkürlich abziehen im laufenden Tagesgeschäft,Preisnachlass vor Berechnung des Endbetrags berücksichtigen,mit Verzugszins gleichsetzen im konkreten Auftrag,ohne Grundlage versprechen bei vergleichbaren Aufgaben,B,Rabatte müssen korrekt kalkuliert werden.,"Bildungsplan Kauffrau/Kaufmann EFZ, BiVo 2023, SKKAB/SBFI",https://www.bzww.ch/public/upload/assets/120804/Bildungsplan_EFZ_August2021_final.pdf
kv,Kauffrau/Kaufmann EFZ,kv_l09,HKB C,L09,Finanzwesen und Zahlungsverkehr,easy,single_choice,Welche Aussage beschreibt das Thema Zahlungsabgleich im Beruf Kauffrau/Kaufmann EFZ am besten?,Zahlungen nicht zuordnen im üblichen Berufsalltag,Dubletten ignorieren bei sachgemässer Ausführung,Einzahlungen mit offenen Posten vergleichen und verbuchen,Differenzen nicht klären nach gängiger Praxis,C,Abgleich sichert korrekte Debitorenführung.,"Bildungsplan Kauffrau/Kaufmann EFZ, BiVo 2023, SKKAB/SBFI",https://www.bzww.ch/public/upload/assets/120804/Bildungsplan_EFZ_August2021_final.pdf
kv,Kauffrau/Kaufmann EFZ,kv_l09,HKB C,L09,Finanzwesen und Zahlungsverkehr,medium,single_choice,Worauf muss man beim Thema Zahlungsabgleich in der Praxis besonders achten?,Zahlungen nicht zuordnen im Werkstattumfeld bei sachgemässem Ablauf,Dubletten ignorieren im laufenden Tagesgeschäft,Differenzen nicht klären im Produktionsalltag,Einzahlungen mit offenen Posten vergleichen und verbuchen,D,Abgleich sichert korrekte Debitorenführung.,"Bildungsplan Kauffrau/Kaufmann EFZ, BiVo 2023, SKKAB/SBFI",https://www.bzww.ch/public/upload/assets/120804/Bildungsplan_EFZ_August2021_final.pdf
kv,Kauffrau/Kaufmann EFZ,kv_l09,HKB C,L09,Finanzwesen und Zahlungsverkehr,hard,single_choice,Welche Aussage zum Thema Zahlungsabgleich ist fachlich korrekt?,Einzahlungen mit offenen Posten vergleichen und verbuchen,Zahlungen nicht zuordnen unter typischen Arbeitsbedingungen,Dubletten ignorieren nach gängiger Praxis,Differenzen nicht klären im Rahmen der Routine,A,Abgleich sichert korrekte Debitorenführung.,"Bildungsplan Kauffrau/Kaufmann EFZ, BiVo 2023, SKKAB/SBFI",https://www.bzww.ch/public/upload/assets/120804/Bildungsplan_EFZ_August2021_final.pdf
kv,Kauffrau/Kaufmann EFZ,kv_l09,HKB C,L09,Finanzwesen und Zahlungsverkehr,easy,single_choice,Welche Aussage beschreibt das Thema Kreditoren im Beruf Kauffrau/Kaufmann EFZ am besten?,Rechnungen ungeprüft zahlen im normalen Werkstattbetrieb,"Lieferantenrechnungen prüfen, kontieren und fristgerecht bezahlen",Freigaben umgehen im Produktionsalltag bei sachgemässer Ausführung,Fälligkeiten ignorieren bei sachgemässem Ablauf,B,Kreditorenprozesse sichern Lieferantenbeziehungen.,"Bildungsplan Kauffrau/Kaufmann EFZ, BiVo 2023, SKKAB/SBFI",https://www.bzww.ch/public/upload/assets/120804/Bildungsplan_EFZ_August2021_final.pdf
kv,Kauffrau/Kaufmann EFZ,kv_l09,HKB C,L09,Finanzwesen und Zahlungsverkehr,medium,single_choice,Worauf muss man beim Thema Kreditoren in der Praxis besonders achten?,Rechnungen ungeprüft zahlen im konkreten Auftrag,Freigaben umgehen im Rahmen der Routine im laufenden Tagesgeschäft,"Lieferantenrechnungen prüfen, kontieren und fristgerecht bezahlen",Fälligkeiten ignorieren bei vergleichbaren Aufgaben,C,Kreditorenprozesse sichern Lieferantenbeziehungen.,"Bildungsplan Kauffrau/Kaufmann EFZ, BiVo 2023, SKKAB/SBFI",https://www.bzww.ch/public/upload/assets/120804/Bildungsplan_EFZ_August2021_final.pdf
kv,Kauffrau/Kaufmann EFZ,kv_l09,HKB C,L09,Finanzwesen und Zahlungsverkehr,hard,single_choice,Welche Aussage zum Thema Kreditoren ist fachlich korrekt?,Rechnungen ungeprüft zahlen im üblichen Berufsalltag,Freigaben umgehen im normalen Werkstattbetrieb nach gängiger Praxis,Fälligkeiten ignorieren bei sachgemässer Ausführung,"Lieferantenrechnungen prüfen, kontieren und fristgerecht bezahlen",D,Kreditorenprozesse sichern Lieferantenbeziehungen.,"Bildungsplan Kauffrau/Kaufmann EFZ, BiVo 2023, SKKAB/SBFI",https://www.bzww.ch/public/upload/assets/120804/Bildungsplan_EFZ_August2021_final.pdf
kv,Kauffrau/Kaufmann EFZ,kv_l09,HKB C,L09,Finanzwesen und Zahlungsverkehr,easy,single_choice,Welche Aussage beschreibt das Thema Debitoren im Beruf Kauffrau/Kaufmann EFZ am besten?,"Kundenforderungen erfassen, überwachen und mahnen",offene Forderungen vergessen im Werkstattumfeld,Kundendaten ungenau führen im konkreten Auftrag,Mahnstufen zufällig wählen im laufenden Tagesgeschäft,A,Debitorenmanagement schützt Liquidität.,"Bildungsplan Kauffrau/Kaufmann EFZ, BiVo 2023, SKKAB/SBFI",https://www.bzww.ch/public/upload/assets/120804/Bildungsplan_EFZ_August2021_final.pdf
kv,Kauffrau/Kaufmann EFZ,kv_l09,HKB C,L09,Finanzwesen und Zahlungsverkehr,medium,single_choice,Worauf muss man beim Thema Debitoren in der Praxis besonders achten?,offene Forderungen vergessen unter typischen Arbeitsbedingungen,"Kundenforderungen erfassen, überwachen und mahnen",Kundendaten ungenau führen im üblichen Berufsalltag,Mahnstufen zufällig wählen nach gängiger Praxis,B,Debitorenmanagement schützt Liquidität.,"Bildungsplan Kauffrau/Kaufmann EFZ, BiVo 2023, SKKAB/SBFI",https://www.bzww.ch/public/upload/assets/120804/Bildungsplan_EFZ_August2021_final.pdf
kv,Kauffrau/Kaufmann EFZ,kv_l09,HKB C,L09,Finanzwesen und Zahlungsverkehr,hard,single_choice,Welche Aussage zum Thema Debitoren ist fachlich korrekt?,offene Forderungen vergessen bei sachgemässem Ablauf,Kundendaten ungenau führen im Werkstattumfeld,"Kundenforderungen erfassen, überwachen und mahnen",Mahnstufen zufällig wählen im Produktionsalltag,C,Debitorenmanagement schützt Liquidität.,"Bildungsplan Kauffrau/Kaufmann EFZ, BiVo 2023, SKKAB/SBFI",https://www.bzww.ch/public/upload/assets/120804/Bildungsplan_EFZ_August2021_final.pdf
kv,Kauffrau/Kaufmann EFZ,kv_l09,HKB C,L09,Finanzwesen und Zahlungsverkehr,easy,single_choice,Welche Aussage beschreibt das Thema Liquidität im Beruf Kauffrau/Kaufmann EFZ am besten?,nur Gewinn betrachten unter typischen Arbeitsbedingungen,Fälligkeiten ignorieren bei vergleichbaren Aufgaben,Kontostand nie prüfen im Rahmen der Routine,Zahlungsfähigkeit des Unternehmens im Blick behalten,D,"Liquidität entscheidet, ob Zahlungen geleistet werden können.","Bildungsplan Kauffrau/Kaufmann EFZ, BiVo 2023, SKKAB/SBFI",https://www.bzww.ch/public/upload/assets/120804/Bildungsplan_EFZ_August2021_final.pdf
kv,Kauffrau/Kaufmann EFZ,kv_l09,HKB C,L09,Finanzwesen und Zahlungsverkehr,medium,single_choice,Worauf muss man beim Thema Liquidität in der Praxis besonders achten?,Zahlungsfähigkeit des Unternehmens im Blick behalten,nur Gewinn betrachten bei sachgemässem Ablauf,Fälligkeiten ignorieren bei sachgemässer Ausführung,Kontostand nie prüfen im normalen Werkstattbetrieb,A,"Liquidität entscheidet, ob Zahlungen geleistet werden können.","Bildungsplan Kauffrau/Kaufmann EFZ, BiVo 2023, SKKAB/SBFI",https://www.bzww.ch/public/upload/assets/120804/Bildungsplan_EFZ_August2021_final.pdf
kv,Kauffrau/Kaufmann EFZ,kv_l09,HKB C,L09,Finanzwesen und Zahlungsverkehr,hard,single_choice,Welche Aussage zum Thema Liquidität ist fachlich korrekt?,nur Gewinn betrachten bei vergleichbaren Aufgaben,Zahlungsfähigkeit des Unternehmens im Blick behalten,Fälligkeiten ignorieren im laufenden Tagesgeschäft,Kontostand nie prüfen im konkreten Auftrag,B,"Liquidität entscheidet, ob Zahlungen geleistet werden können.","Bildungsplan Kauffrau/Kaufmann EFZ, BiVo 2023, SKKAB/SBFI",https://www.bzww.ch/public/upload/assets/120804/Bildungsplan_EFZ_August2021_final.pdf
kv,Kauffrau/Kaufmann EFZ,kv_l10,HKB C,L10,Personalwesen und rechtliche Grundlagen,easy,single_choice,Welche Aussage beschreibt das Thema Personaldossier im Beruf Kauffrau/Kaufmann EFZ am besten?,Dossier öffentlich zugänglich machen nach gängiger Praxis,private Notizen ungeprüft ablegen im üblichen Berufsalltag,personalbezogene Unterlagen geordnet und vertraulich aufbewahren,Zugriffsrechte ignorieren bei sachgemässer Ausführung,C,Personaldaten sind besonders sensibel.,"Bildungsplan Kauffrau/Kaufmann EFZ, BiVo 2023, SKKAB/SBFI",https://www.bzww.ch/public/upload/assets/120804/Bildungsplan_EFZ_August2021_final.pdf
kv,Kauffrau/Kaufmann EFZ,kv_l10,HKB C,L10,Personalwesen und rechtliche Grundlagen,medium,single_choice,Worauf muss man beim Thema Personaldossier in der Praxis besonders achten?,Dossier öffentlich zugänglich machen im Produktionsalltag,private Notizen ungeprüft ablegen im Werkstattumfeld,Zugriffsrechte ignorieren im laufenden Tagesgeschäft,personalbezogene Unterlagen geordnet und vertraulich aufbewahren,D,Personaldaten sind besonders sensibel.,"Bildungsplan Kauffrau/Kaufmann EFZ, BiVo 2023, SKKAB/SBFI",https://www.bzww.ch/public/upload/assets/120804/Bildungsplan_EFZ_August2021_final.pdf
kv,Kauffrau/Kaufmann EFZ,kv_l10,HKB C,L10,Personalwesen und rechtliche Grundlagen,hard,single_choice,Welche Aussage zum Thema Personaldossier ist fachlich korrekt?,personalbezogene Unterlagen geordnet und vertraulich aufbewahren,Dossier öffentlich zugänglich machen im Rahmen der Routine,private Notizen ungeprüft ablegen unter typischen Arbeitsbedingungen,Zugriffsrechte ignorieren nach gängiger Praxis,A,Personaldaten sind besonders sensibel.,"Bildungsplan Kauffrau/Kaufmann EFZ, BiVo 2023, SKKAB/SBFI",https://www.bzww.ch/public/upload/assets/120804/Bildungsplan_EFZ_August2021_final.pdf
kv,Kauffrau/Kaufmann EFZ,kv_l10,HKB C,L10,Personalwesen und rechtliche Grundlagen,easy,single_choice,Welche Aussage beschreibt das Thema Arbeitsvertrag im Beruf Kauffrau/Kaufmann EFZ am besten?,nur mündliche Gerüchte sammeln im normalen Werkstattbetrieb,"Aufgaben, Lohn, Arbeitszeit und rechtliche Grundlagen regeln",Pflichten offen lassen im Produktionsalltag,Kündigungsfrist ignorieren bei sachgemässem Ablauf,B,Der Arbeitsvertrag bildet die Basis des Arbeitsverhältnisses.,"Bildungsplan Kauffrau/Kaufmann EFZ, BiVo 2023, SKKAB/SBFI",https://www.bzww.ch/public/upload/assets/120804/Bildungsplan_EFZ_August2021_final.pdf
kv,Kauffrau/Kaufmann EFZ,kv_l10,HKB C,L10,Personalwesen und rechtliche Grundlagen,medium,single_choice,Worauf muss man beim Thema Arbeitsvertrag in der Praxis besonders achten?,nur mündliche Gerüchte sammeln im konkreten Auftrag,Pflichten offen lassen im Rahmen der Routine,"Aufgaben, Lohn, Arbeitszeit und rechtliche Grundlagen regeln",Kündigungsfrist ignorieren bei vergleichbaren Aufgaben,C,Der Arbeitsvertrag bildet die Basis des Arbeitsverhältnisses.,"Bildungsplan Kauffrau/Kaufmann EFZ, BiVo 2023, SKKAB/SBFI",https://www.bzww.ch/public/upload/assets/120804/Bildungsplan_EFZ_August2021_final.pdf
kv,Kauffrau/Kaufmann EFZ,kv_l10,HKB C,L10,Personalwesen und rechtliche Grundlagen,hard,single_choice,Welche Aussage zum Thema Arbeitsvertrag ist fachlich korrekt?,nur mündliche Gerüchte sammeln im üblichen Berufsalltag,Pflichten offen lassen im normalen Werkstattbetrieb,Kündigungsfrist ignorieren bei sachgemässer Ausführung,"Aufgaben, Lohn, Arbeitszeit und rechtliche Grundlagen regeln",D,Der Arbeitsvertrag bildet die Basis des Arbeitsverhältnisses.,"Bildungsplan Kauffrau/Kaufmann EFZ, BiVo 2023, SKKAB/SBFI",https://www.bzww.ch/public/upload/assets/120804/Bildungsplan_EFZ_August2021_final.pdf
kv,Kauffrau/Kaufmann EFZ,kv_l10,HKB C,L10,Personalwesen und rechtliche Grundlagen,easy,single_choice,Welche Aussage beschreibt das Thema Eintrittsprozess im Beruf Kauffrau/Kaufmann EFZ am besten?,"Unterlagen, Zugänge, Arbeitsplatz und Einführung koordinieren",Login nach Wochen erstellen im Werkstattumfeld,Einführung weglassen im konkreten Auftrag im Produktionsalltag,Pflichtdokumente vergessen im laufenden Tagesgeschäft,A,Ein sauberer Eintritt erleichtert produktiven Start.,"Bildungsplan Kauffrau/Kaufmann EFZ, BiVo 2023, SKKAB/SBFI",https://www.bzww.ch/public/upload/assets/120804/Bildungsplan_EFZ_August2021_final.pdf
kv,Kauffrau/Kaufmann EFZ,kv_l10,HKB C,L10,Personalwesen und rechtliche Grundlagen,medium,single_choice,Worauf muss man beim Thema Eintrittsprozess in der Praxis besonders achten?,Login nach Wochen erstellen unter typischen Arbeitsbedingungen,"Unterlagen, Zugänge, Arbeitsplatz und Einführung koordinieren",Einführung weglassen im üblichen Berufsalltag,Pflichtdokumente vergessen nach gängiger Praxis,B,Ein sauberer Eintritt erleichtert produktiven Start.,"Bildungsplan Kauffrau/Kaufmann EFZ, BiVo 2023, SKKAB/SBFI",https://www.bzww.ch/public/upload/assets/120804/Bildungsplan_EFZ_August2021_final.pdf
kv,Kauffrau/Kaufmann EFZ,kv_l10,HKB C,L10,Personalwesen und rechtliche Grundlagen,hard,single_choice,Welche Aussage zum Thema Eintrittsprozess ist fachlich korrekt?,Login nach Wochen erstellen bei sachgemässem Ablauf,Einführung weglassen im Werkstattumfeld im normalen Werkstattbetrieb,"Unterlagen, Zugänge, Arbeitsplatz und Einführung koordinieren",Pflichtdokumente vergessen im Produktionsalltag,C,Ein sauberer Eintritt erleichtert produktiven Start.,"Bildungsplan Kauffrau/Kaufmann EFZ, BiVo 2023, SKKAB/SBFI",https://www.bzww.ch/public/upload/assets/120804/Bildungsplan_EFZ_August2021_final.pdf
kv,Kauffrau/Kaufmann EFZ,kv_l10,HKB C,L10,Personalwesen und rechtliche Grundlagen,easy,single_choice,Welche Aussage beschreibt das Thema Austrittsprozess im Beruf Kauffrau/Kaufmann EFZ am besten?,Zugänge offen lassen im Rahmen der Routine im konkreten Auftrag,Material nicht zurückfordern bei vergleichbaren Aufgaben,Fristen ignorieren unter typischen Arbeitsbedingungen,"Rückgaben, Zeugnis, Zugriffe und Abschlussadministration klären",D,Austritte müssen administrativ und rechtlich sauber erfolgen.,"Bildungsplan Kauffrau/Kaufmann EFZ, BiVo 2023, SKKAB/SBFI",https://www.bzww.ch/public/upload/assets/120804/Bildungsplan_EFZ_August2021_final.pdf
kv,Kauffrau/Kaufmann EFZ,kv_l10,HKB C,L10,Personalwesen und rechtliche Grundlagen,medium,single_choice,Worauf muss man beim Thema Austrittsprozess in der Praxis besonders achten?,"Rückgaben, Zeugnis, Zugriffe und Abschlussadministration klären",Zugänge offen lassen im normalen Werkstattbetrieb,Material nicht zurückfordern bei sachgemässer Ausführung,Fristen ignorieren bei sachgemässem Ablauf im üblichen Berufsalltag,A,Austritte müssen administrativ und rechtlich sauber erfolgen.,"Bildungsplan Kauffrau/Kaufmann EFZ, BiVo 2023, SKKAB/SBFI",https://www.bzww.ch/public/upload/assets/120804/Bildungsplan_EFZ_August2021_final.pdf
kv,Kauffrau/Kaufmann EFZ,kv_l10,HKB C,L10,Personalwesen und rechtliche Grundlagen,hard,single_choice,Welche Aussage zum Thema Austrittsprozess ist fachlich korrekt?,Zugänge offen lassen im konkreten Auftrag im Werkstattumfeld,"Rückgaben, Zeugnis, Zugriffe und Abschlussadministration klären",Material nicht zurückfordern im laufenden Tagesgeschäft,Fristen ignorieren bei vergleichbaren Aufgaben,B,Austritte müssen administrativ und rechtlich sauber erfolgen.,"Bildungsplan Kauffrau/Kaufmann EFZ, BiVo 2023, SKKAB/SBFI",https://www.bzww.ch/public/upload/assets/120804/Bildungsplan_EFZ_August2021_final.pdf
kv,Kauffrau/Kaufmann EFZ,kv_l10,HKB C,L10,Personalwesen und rechtliche Grundlagen,easy,single_choice,Welche Aussage beschreibt das Thema Arbeitszeugnis im Beruf Kauffrau/Kaufmann EFZ am besten?,bewusst doppeldeutig schreiben nach gängiger Praxis,falsche Leistungen bestätigen bei sachgemässer Ausführung,"wahr, wohlwollend, vollständig und klar formulieren",wichtige Funktionen weglassen im üblichen Berufsalltag,C,Zeugnisse haben rechtliche und berufliche Bedeutung.,"Bildungsplan Kauffrau/Kaufmann EFZ, BiVo 2023, SKKAB/SBFI",https://www.bzww.ch/public/upload/assets/120804/Bildungsplan_EFZ_August2021_final.pdf
kv,Kauffrau/Kaufmann EFZ,kv_l10,HKB C,L10,Personalwesen und rechtliche Grundlagen,medium,single_choice,Worauf muss man beim Thema Arbeitszeugnis in der Praxis besonders achten?,bewusst doppeldeutig schreiben im Produktionsalltag,falsche Leistungen bestätigen im laufenden Tagesgeschäft,wichtige Funktionen weglassen im Werkstattumfeld,"wahr, wohlwollend, vollständig und klar formulieren",D,Zeugnisse haben rechtliche und berufliche Bedeutung.,"Bildungsplan Kauffrau/Kaufmann EFZ, BiVo 2023, SKKAB/SBFI",https://www.bzww.ch/public/upload/assets/120804/Bildungsplan_EFZ_August2021_final.pdf
kv,Kauffrau/Kaufmann EFZ,kv_l10,HKB C,L10,Personalwesen und rechtliche Grundlagen,hard,single_choice,Welche Aussage zum Thema Arbeitszeugnis ist fachlich korrekt?,"wahr, wohlwollend, vollständig und klar formulieren",bewusst doppeldeutig schreiben im Rahmen der Routine,falsche Leistungen bestätigen nach gängiger Praxis,wichtige Funktionen weglassen unter typischen Arbeitsbedingungen,A,Zeugnisse haben rechtliche und berufliche Bedeutung.,"Bildungsplan Kauffrau/Kaufmann EFZ, BiVo 2023, SKKAB/SBFI",https://www.bzww.ch/public/upload/assets/120804/Bildungsplan_EFZ_August2021_final.pdf
kv,Kauffrau/Kaufmann EFZ,kv_l10,HKB C,L10,Personalwesen und rechtliche Grundlagen,easy,single_choice,Welche Aussage beschreibt das Thema Datenschutz im HR im Beruf Kauffrau/Kaufmann EFZ am besten?,Lohndaten offen versenden bei sachgemässem Ablauf,Personendaten nur zweckgebunden und berechtigt bearbeiten,Bewerbungen öffentlich teilen im normalen Werkstattbetrieb,Zugriffe nie begrenzen im Produktionsalltag,B,HR-Daten verlangen hohe Vertraulichkeit.,"Bildungsplan Kauffrau/Kaufmann EFZ, BiVo 2023, SKKAB/SBFI",https://www.bzww.ch/public/upload/assets/120804/Bildungsplan_EFZ_August2021_final.pdf
kv,Kauffrau/Kaufmann EFZ,kv_l10,HKB C,L10,Personalwesen und rechtliche Grundlagen,medium,single_choice,Worauf muss man beim Thema Datenschutz im HR in der Praxis besonders achten?,Lohndaten offen versenden bei vergleichbaren Aufgaben,Bewerbungen öffentlich teilen im konkreten Auftrag,Personendaten nur zweckgebunden und berechtigt bearbeiten,Zugriffe nie begrenzen im Rahmen der Routine,C,HR-Daten verlangen hohe Vertraulichkeit.,"Bildungsplan Kauffrau/Kaufmann EFZ, BiVo 2023, SKKAB/SBFI",https://www.bzww.ch/public/upload/assets/120804/Bildungsplan_EFZ_August2021_final.pdf
kv,Kauffrau/Kaufmann EFZ,kv_l10,HKB C,L10,Personalwesen und rechtliche Grundlagen,hard,single_choice,Welche Aussage zum Thema Datenschutz im HR ist fachlich korrekt?,Lohndaten offen versenden bei sachgemässer Ausführung,Bewerbungen öffentlich teilen im üblichen Berufsalltag,Zugriffe nie begrenzen im normalen Werkstattbetrieb,Personendaten nur zweckgebunden und berechtigt bearbeiten,D,HR-Daten verlangen hohe Vertraulichkeit.,"Bildungsplan Kauffrau/Kaufmann EFZ, BiVo 2023, SKKAB/SBFI",https://www.bzww.ch/public/upload/assets/120804/Bildungsplan_EFZ_August2021_final.pdf
kv,Kauffrau/Kaufmann EFZ,kv_l10,HKB C,L10,Personalwesen und rechtliche Grundlagen,easy,single_choice,Welche Aussage beschreibt das Thema Absenzmeldung im Beruf Kauffrau/Kaufmann EFZ am besten?,Abwesenheiten korrekt erfassen und zuständige Stellen informieren,Absenzen nicht dokumentieren im laufenden Tagesgeschäft,Arztzeugnisse offen herumliegen lassen im Werkstattumfeld,Vertretung nie klären im konkreten Auftrag im Produktionsalltag,A,Absenzprozesse sichern Planung und Rechtssicherheit.,"Bildungsplan Kauffrau/Kaufmann EFZ, BiVo 2023, SKKAB/SBFI",https://www.bzww.ch/public/upload/assets/120804/Bildungsplan_EFZ_August2021_final.pdf
kv,Kauffrau/Kaufmann EFZ,kv_l10,HKB C,L10,Personalwesen und rechtliche Grundlagen,medium,single_choice,Worauf muss man beim Thema Absenzmeldung in der Praxis besonders achten?,Absenzen nicht dokumentieren nach gängiger Praxis,Abwesenheiten korrekt erfassen und zuständige Stellen informieren,Arztzeugnisse offen herumliegen lassen unter typischen Arbeitsbedingungen,Vertretung nie klären im üblichen Berufsalltag,B,Absenzprozesse sichern Planung und Rechtssicherheit.,"Bildungsplan Kauffrau/Kaufmann EFZ, BiVo 2023, SKKAB/SBFI",https://www.bzww.ch/public/upload/assets/120804/Bildungsplan_EFZ_August2021_final.pdf
kv,Kauffrau/Kaufmann EFZ,kv_l10,HKB C,L10,Personalwesen und rechtliche Grundlagen,hard,single_choice,Welche Aussage zum Thema Absenzmeldung ist fachlich korrekt?,Absenzen nicht dokumentieren im Produktionsalltag,Arztzeugnisse offen herumliegen lassen bei sachgemässem Ablauf,Abwesenheiten korrekt erfassen und zuständige Stellen informieren,Vertretung nie klären im Werkstattumfeld im normalen Werkstattbetrieb,C,Absenzprozesse sichern Planung und Rechtssicherheit.,"Bildungsplan Kauffrau/Kaufmann EFZ, BiVo 2023, SKKAB/SBFI",https://www.bzww.ch/public/upload/assets/120804/Bildungsplan_EFZ_August2021_final.pdf
kv,Kauffrau/Kaufmann EFZ,kv_l10,HKB C,L10,Personalwesen und rechtliche Grundlagen,easy,single_choice,Welche Aussage beschreibt das Thema Lohnabrechnung im Beruf Kauffrau/Kaufmann EFZ am besten?,Abzüge raten unter typischen Arbeitsbedingungen,Sozialversicherungen ignorieren im Rahmen der Routine,Lohn vertraulichkeitslos versenden bei vergleichbaren Aufgaben,"Bruttolohn, Abzüge und Nettolohn nachvollziehbar darstellen",D,Lohnabrechnungen müssen korrekt und vertraulich sein.,"Bildungsplan Kauffrau/Kaufmann EFZ, BiVo 2023, SKKAB/SBFI",https://www.bzww.ch/public/upload/assets/120804/Bildungsplan_EFZ_August2021_final.pdf
kv,Kauffrau/Kaufmann EFZ,kv_l10,HKB C,L10,Personalwesen und rechtliche Grundlagen,medium,single_choice,Worauf muss man beim Thema Lohnabrechnung in der Praxis besonders achten?,"Bruttolohn, Abzüge und Nettolohn nachvollziehbar darstellen",Abzüge raten bei sachgemässem Ablauf im üblichen Berufsalltag,Sozialversicherungen ignorieren im normalen Werkstattbetrieb,Lohn vertraulichkeitslos versenden bei sachgemässer Ausführung,A,Lohnabrechnungen müssen korrekt und vertraulich sein.,"Bildungsplan Kauffrau/Kaufmann EFZ, BiVo 2023, SKKAB/SBFI",https://www.bzww.ch/public/upload/assets/120804/Bildungsplan_EFZ_August2021_final.pdf
kv,Kauffrau/Kaufmann EFZ,kv_l10,HKB C,L10,Personalwesen und rechtliche Grundlagen,hard,single_choice,Welche Aussage zum Thema Lohnabrechnung ist fachlich korrekt?,Abzüge raten bei vergleichbaren Aufgaben im Werkstattumfeld,"Bruttolohn, Abzüge und Nettolohn nachvollziehbar darstellen",Sozialversicherungen ignorieren im konkreten Auftrag,Lohn vertraulichkeitslos versenden im laufenden Tagesgeschäft,B,Lohnabrechnungen müssen korrekt und vertraulich sein.,"Bildungsplan Kauffrau/Kaufmann EFZ, BiVo 2023, SKKAB/SBFI",https://www.bzww.ch/public/upload/assets/120804/Bildungsplan_EFZ_August2021_final.pdf
kv,Kauffrau/Kaufmann EFZ,kv_l10,HKB C,L10,Personalwesen und rechtliche Grundlagen,easy,single_choice,Welche Aussage beschreibt das Thema Kündigungsfrist im Beruf Kauffrau/Kaufmann EFZ am besten?,Fristen frei erfinden bei sachgemässer Ausführung,Eingangsdatum ignorieren im üblichen Berufsalltag,vertragliche und gesetzliche Fristen beachten,Kündigung nie dokumentieren nach gängiger Praxis,C,Fristen schützen beide Vertragsparteien.,"Bildungsplan Kauffrau/Kaufmann EFZ, BiVo 2023, SKKAB/SBFI",https://www.bzww.ch/public/upload/assets/120804/Bildungsplan_EFZ_August2021_final.pdf
kv,Kauffrau/Kaufmann EFZ,kv_l10,HKB C,L10,Personalwesen und rechtliche Grundlagen,medium,single_choice,Worauf muss man beim Thema Kündigungsfrist in der Praxis besonders achten?,Fristen frei erfinden im laufenden Tagesgeschäft,Eingangsdatum ignorieren im Werkstattumfeld,Kündigung nie dokumentieren im Produktionsalltag,vertragliche und gesetzliche Fristen beachten,D,Fristen schützen beide Vertragsparteien.,"Bildungsplan Kauffrau/Kaufmann EFZ, BiVo 2023, SKKAB/SBFI",https://www.bzww.ch/public/upload/assets/120804/Bildungsplan_EFZ_August2021_final.pdf
kv,Kauffrau/Kaufmann EFZ,kv_l10,HKB C,L10,Personalwesen und rechtliche Grundlagen,hard,single_choice,Welche Aussage zum Thema Kündigungsfrist ist fachlich korrekt?,vertragliche und gesetzliche Fristen beachten,Fristen frei erfinden nach gängiger Praxis,Eingangsdatum ignorieren unter typischen Arbeitsbedingungen,Kündigung nie dokumentieren im Rahmen der Routine,A,Fristen schützen beide Vertragsparteien.,"Bildungsplan Kauffrau/Kaufmann EFZ, BiVo 2023, SKKAB/SBFI",https://www.bzww.ch/public/upload/assets/120804/Bildungsplan_EFZ_August2021_final.pdf
kv,Kauffrau/Kaufmann EFZ,kv_l10,HKB C,L10,Personalwesen und rechtliche Grundlagen,easy,single_choice,Welche Aussage beschreibt das Thema Gleichbehandlung im Beruf Kauffrau/Kaufmann EFZ am besten?,Bewerbende nach irrelevanten Merkmalen bewerten,"Personalprozesse fair, sachlich und diskriminierungsfrei gestalten",Regeln unterschiedlich anwenden bei sachgemässem Ablauf,Beschwerden ignorieren im Produktionsalltag im normalen Werkstattbetrieb,B,Fairness und Recht gehören zusammen.,"Bildungsplan Kauffrau/Kaufmann EFZ, BiVo 2023, SKKAB/SBFI",https://www.bzww.ch/public/upload/assets/120804/Bildungsplan_EFZ_August2021_final.pdf
kv,Kauffrau/Kaufmann EFZ,kv_l10,HKB C,L10,Personalwesen und rechtliche Grundlagen,medium,single_choice,Worauf muss man beim Thema Gleichbehandlung in der Praxis besonders achten?,Bewerbende nach irrelevanten Merkmalen bewerten,Regeln unterschiedlich anwenden bei vergleichbaren Aufgaben,"Personalprozesse fair, sachlich und diskriminierungsfrei gestalten",Beschwerden ignorieren im Rahmen der Routine im konkreten Auftrag,C,Fairness und Recht gehören zusammen.,"Bildungsplan Kauffrau/Kaufmann EFZ, BiVo 2023, SKKAB/SBFI",https://www.bzww.ch/public/upload/assets/120804/Bildungsplan_EFZ_August2021_final.pdf
kv,Kauffrau/Kaufmann EFZ,kv_l10,HKB C,L10,Personalwesen und rechtliche Grundlagen,hard,single_choice,Welche Aussage zum Thema Gleichbehandlung ist fachlich korrekt?,Bewerbende nach irrelevanten Merkmalen bewerten im üblichen Berufsalltag,Regeln unterschiedlich anwenden bei sachgemässer Ausführung,Beschwerden ignorieren im normalen Werkstattbetrieb,"Personalprozesse fair, sachlich und diskriminierungsfrei gestalten",D,Fairness und Recht gehören zusammen.,"Bildungsplan Kauffrau/Kaufmann EFZ, BiVo 2023, SKKAB/SBFI",https://www.bzww.ch/public/upload/assets/120804/Bildungsplan_EFZ_August2021_final.pdf
kv,Kauffrau/Kaufmann EFZ,kv_l11,HKB D,L11,"Kundenkontakt, Beratung und Reklamationen",easy,single_choice,Welche Aussage beschreibt das Thema Bedürfnisanalyse im Beruf Kauffrau/Kaufmann EFZ am besten?,Kundenanliegen mit offenen Fragen gezielt klären,sofort Standardlösung verkaufen im Werkstattumfeld,Kunden unterbrechen im konkreten Auftrag,Bedarf nie zusammenfassen im laufenden Tagesgeschäft,A,Beratung beginnt mit Verstehen.,"Bildungsplan Kauffrau/Kaufmann EFZ, BiVo 2023, SKKAB/SBFI",https://www.bzww.ch/public/upload/assets/120804/Bildungsplan_EFZ_August2021_final.pdf
kv,Kauffrau/Kaufmann EFZ,kv_l11,HKB D,L11,"Kundenkontakt, Beratung und Reklamationen",medium,single_choice,Worauf muss man beim Thema Bedürfnisanalyse in der Praxis besonders achten?,sofort Standardlösung verkaufen unter typischen Arbeitsbedingungen,Kundenanliegen mit offenen Fragen gezielt klären,Kunden unterbrechen im üblichen Berufsalltag,Bedarf nie zusammenfassen nach gängiger Praxis,B,Beratung beginnt mit Verstehen.,"Bildungsplan Kauffrau/Kaufmann EFZ, BiVo 2023, SKKAB/SBFI",https://www.bzww.ch/public/upload/assets/120804/Bildungsplan_EFZ_August2021_final.pdf
kv,Kauffrau/Kaufmann EFZ,kv_l11,HKB D,L11,"Kundenkontakt, Beratung und Reklamationen",hard,single_choice,Welche Aussage zum Thema Bedürfnisanalyse ist fachlich korrekt?,sofort Standardlösung verkaufen bei sachgemässem Ablauf,Kunden unterbrechen im Werkstattumfeld,Kundenanliegen mit offenen Fragen gezielt klären,Bedarf nie zusammenfassen im Produktionsalltag,C,Beratung beginnt mit Verstehen.,"Bildungsplan Kauffrau/Kaufmann EFZ, BiVo 2023, SKKAB/SBFI",https://www.bzww.ch/public/upload/assets/120804/Bildungsplan_EFZ_August2021_final.pdf
kv,Kauffrau/Kaufmann EFZ,kv_l11,HKB D,L11,"Kundenkontakt, Beratung und Reklamationen",easy,single_choice,Welche Aussage beschreibt das Thema Kundennutzen im Beruf Kauffrau/Kaufmann EFZ am besten?,nur interne Fachbegriffe nennen bei vergleichbaren Aufgaben,Nutzen verschweigen unter typischen Arbeitsbedingungen,Bedürfnisse ignorieren im Rahmen der Routine,Eigenschaften in konkrete Vorteile für den Kunden übersetzen,D,Kundennutzen macht Angebote überzeugend.,"Bildungsplan Kauffrau/Kaufmann EFZ, BiVo 2023, SKKAB/SBFI",https://www.bzww.ch/public/upload/assets/120804/Bildungsplan_EFZ_August2021_final.pdf
kv,Kauffrau/Kaufmann EFZ,kv_l11,HKB D,L11,"Kundenkontakt, Beratung und Reklamationen",medium,single_choice,Worauf muss man beim Thema Kundennutzen in der Praxis besonders achten?,Eigenschaften in konkrete Vorteile für den Kunden übersetzen,nur interne Fachbegriffe nennen bei sachgemässer Ausführung,Nutzen verschweigen bei sachgemässem Ablauf,Bedürfnisse ignorieren im normalen Werkstattbetrieb,A,Kundennutzen macht Angebote überzeugend.,"Bildungsplan Kauffrau/Kaufmann EFZ, BiVo 2023, SKKAB/SBFI",https://www.bzww.ch/public/upload/assets/120804/Bildungsplan_EFZ_August2021_final.pdf
kv,Kauffrau/Kaufmann EFZ,kv_l11,HKB D,L11,"Kundenkontakt, Beratung und Reklamationen",hard,single_choice,Welche Aussage zum Thema Kundennutzen ist fachlich korrekt?,nur interne Fachbegriffe nennen im laufenden Tagesgeschäft,Eigenschaften in konkrete Vorteile für den Kunden übersetzen,Nutzen verschweigen bei vergleichbaren Aufgaben,Bedürfnisse ignorieren im konkreten Auftrag,B,Kundennutzen macht Angebote überzeugend.,"Bildungsplan Kauffrau/Kaufmann EFZ, BiVo 2023, SKKAB/SBFI",https://www.bzww.ch/public/upload/assets/120804/Bildungsplan_EFZ_August2021_final.pdf
kv,Kauffrau/Kaufmann EFZ,kv_l11,HKB D,L11,"Kundenkontakt, Beratung und Reklamationen",easy,single_choice,Welche Aussage beschreibt das Thema Beratungsgespräch im Beruf Kauffrau/Kaufmann EFZ am besten?,ohne Vorbereitung starten nach gängiger Praxis,Gegenargumente abwerten im üblichen Berufsalltag,"strukturiert, respektvoll und lösungsorientiert führen",Abschluss offen lassen bei sachgemässer Ausführung,C,Professionelle Beratung stärkt Kundenbeziehungen.,"Bildungsplan Kauffrau/Kaufmann EFZ, BiVo 2023, SKKAB/SBFI",https://www.bzww.ch/public/upload/assets/120804/Bildungsplan_EFZ_August2021_final.pdf
kv,Kauffrau/Kaufmann EFZ,kv_l11,HKB D,L11,"Kundenkontakt, Beratung und Reklamationen",medium,single_choice,Worauf muss man beim Thema Beratungsgespräch in der Praxis besonders achten?,ohne Vorbereitung starten im Produktionsalltag,Gegenargumente abwerten im Werkstattumfeld,Abschluss offen lassen im laufenden Tagesgeschäft,"strukturiert, respektvoll und lösungsorientiert führen",D,Professionelle Beratung stärkt Kundenbeziehungen.,"Bildungsplan Kauffrau/Kaufmann EFZ, BiVo 2023, SKKAB/SBFI",https://www.bzww.ch/public/upload/assets/120804/Bildungsplan_EFZ_August2021_final.pdf
kv,Kauffrau/Kaufmann EFZ,kv_l11,HKB D,L11,"Kundenkontakt, Beratung und Reklamationen",hard,single_choice,Welche Aussage zum Thema Beratungsgespräch ist fachlich korrekt?,"strukturiert, respektvoll und lösungsorientiert führen",ohne Vorbereitung starten im Rahmen der Routine,Gegenargumente abwerten unter typischen Arbeitsbedingungen,Abschluss offen lassen nach gängiger Praxis,A,Professionelle Beratung stärkt Kundenbeziehungen.,"Bildungsplan Kauffrau/Kaufmann EFZ, BiVo 2023, SKKAB/SBFI",https://www.bzww.ch/public/upload/assets/120804/Bildungsplan_EFZ_August2021_final.pdf
kv,Kauffrau/Kaufmann EFZ,kv_l11,HKB D,L11,"Kundenkontakt, Beratung und Reklamationen",easy,single_choice,Welche Aussage beschreibt das Thema Reklamation im Beruf Kauffrau/Kaufmann EFZ am besten?,Kunden beschuldigen im Produktionsalltag bei sachgemässer Ausführung,"ruhig zuhören, Sachverhalt klären und Lösungsmöglichkeiten prüfen",Beschwerde ignorieren bei sachgemässem Ablauf im üblichen Berufsalltag,keine Dokumentation erstellen im normalen Werkstattbetrieb,B,Reklamationen sind Chancen zur Kundenbindung.,"Bildungsplan Kauffrau/Kaufmann EFZ, BiVo 2023, SKKAB/SBFI",https://www.bzww.ch/public/upload/assets/120804/Bildungsplan_EFZ_August2021_final.pdf
kv,Kauffrau/Kaufmann EFZ,kv_l11,HKB D,L11,"Kundenkontakt, Beratung und Reklamationen",medium,single_choice,Worauf muss man beim Thema Reklamation in der Praxis besonders achten?,Kunden beschuldigen im Rahmen der Routine im laufenden Tagesgeschäft,Beschwerde ignorieren bei vergleichbaren Aufgaben,"ruhig zuhören, Sachverhalt klären und Lösungsmöglichkeiten prüfen",keine Dokumentation erstellen im konkreten Auftrag,C,Reklamationen sind Chancen zur Kundenbindung.,"Bildungsplan Kauffrau/Kaufmann EFZ, BiVo 2023, SKKAB/SBFI",https://www.bzww.ch/public/upload/assets/120804/Bildungsplan_EFZ_August2021_final.pdf
kv,Kauffrau/Kaufmann EFZ,kv_l11,HKB D,L11,"Kundenkontakt, Beratung und Reklamationen",hard,single_choice,Welche Aussage zum Thema Reklamation ist fachlich korrekt?,Kunden beschuldigen im normalen Werkstattbetrieb nach gängiger Praxis,Beschwerde ignorieren bei sachgemässer Ausführung,keine Dokumentation erstellen im üblichen Berufsalltag,"ruhig zuhören, Sachverhalt klären und Lösungsmöglichkeiten prüfen",D,Reklamationen sind Chancen zur Kundenbindung.,"Bildungsplan Kauffrau/Kaufmann EFZ, BiVo 2023, SKKAB/SBFI",https://www.bzww.ch/public/upload/assets/120804/Bildungsplan_EFZ_August2021_final.pdf
kv,Kauffrau/Kaufmann EFZ,kv_l11,HKB D,L11,"Kundenkontakt, Beratung und Reklamationen",easy,single_choice,Welche Aussage beschreibt das Thema Kulanz im Beruf Kauffrau/Kaufmann EFZ am besten?,freiwillige Leistung im Rahmen betrieblicher Vorgaben anbieten,rechtliche Pflicht vortäuschen im Werkstattumfeld,immer unbegrenzt gewähren im laufenden Tagesgeschäft,ohne Kompetenz zusagen im konkreten Auftrag im Produktionsalltag,A,Kulanz braucht klare Regeln und Kommunikation.,"Bildungsplan Kauffrau/Kaufmann EFZ, BiVo 2023, SKKAB/SBFI",https://www.bzww.ch/public/upload/assets/120804/Bildungsplan_EFZ_August2021_final.pdf
kv,Kauffrau/Kaufmann EFZ,kv_l11,HKB D,L11,"Kundenkontakt, Beratung und Reklamationen",medium,single_choice,Worauf muss man beim Thema Kulanz in der Praxis besonders achten?,rechtliche Pflicht vortäuschen unter typischen Arbeitsbedingungen,freiwillige Leistung im Rahmen betrieblicher Vorgaben anbieten,immer unbegrenzt gewähren nach gängiger Praxis,ohne Kompetenz zusagen im üblichen Berufsalltag,B,Kulanz braucht klare Regeln und Kommunikation.,"Bildungsplan Kauffrau/Kaufmann EFZ, BiVo 2023, SKKAB/SBFI",https://www.bzww.ch/public/upload/assets/120804/Bildungsplan_EFZ_August2021_final.pdf
kv,Kauffrau/Kaufmann EFZ,kv_l11,HKB D,L11,"Kundenkontakt, Beratung und Reklamationen",hard,single_choice,Welche Aussage zum Thema Kulanz ist fachlich korrekt?,rechtliche Pflicht vortäuschen bei sachgemässem Ablauf,immer unbegrenzt gewähren im Produktionsalltag,freiwillige Leistung im Rahmen betrieblicher Vorgaben anbieten,ohne Kompetenz zusagen im Werkstattumfeld im normalen Werkstattbetrieb,C,Kulanz braucht klare Regeln und Kommunikation.,"Bildungsplan Kauffrau/Kaufmann EFZ, BiVo 2023, SKKAB/SBFI",https://www.bzww.ch/public/upload/assets/120804/Bildungsplan_EFZ_August2021_final.pdf
kv,Kauffrau/Kaufmann EFZ,kv_l11,HKB D,L11,"Kundenkontakt, Beratung und Reklamationen",easy,single_choice,Welche Aussage beschreibt das Thema CRM im Beruf Kauffrau/Kaufmann EFZ am besten?,private Kommentare eintragen bei vergleichbaren Aufgaben,Daten ohne Zweck sammeln unter typischen Arbeitsbedingungen,Zugriffsrechte ignorieren im Rahmen der Routine,Kundeninformationen strukturiert und datenschutzkonform pflegen,D,CRM unterstützt Beziehungspflege und Vertrieb.,"Bildungsplan Kauffrau/Kaufmann EFZ, BiVo 2023, SKKAB/SBFI",https://www.bzww.ch/public/upload/assets/120804/Bildungsplan_EFZ_August2021_final.pdf
kv,Kauffrau/Kaufmann EFZ,kv_l11,HKB D,L11,"Kundenkontakt, Beratung und Reklamationen",medium,single_choice,Worauf muss man beim Thema CRM in der Praxis besonders achten?,Kundeninformationen strukturiert und datenschutzkonform pflegen,private Kommentare eintragen bei sachgemässer Ausführung,Daten ohne Zweck sammeln bei sachgemässem Ablauf,Zugriffsrechte ignorieren im normalen Werkstattbetrieb,A,CRM unterstützt Beziehungspflege und Vertrieb.,"Bildungsplan Kauffrau/Kaufmann EFZ, BiVo 2023, SKKAB/SBFI",https://www.bzww.ch/public/upload/assets/120804/Bildungsplan_EFZ_August2021_final.pdf
kv,Kauffrau/Kaufmann EFZ,kv_l11,HKB D,L11,"Kundenkontakt, Beratung und Reklamationen",hard,single_choice,Welche Aussage zum Thema CRM ist fachlich korrekt?,private Kommentare eintragen im laufenden Tagesgeschäft,Kundeninformationen strukturiert und datenschutzkonform pflegen,Daten ohne Zweck sammeln bei vergleichbaren Aufgaben,Zugriffsrechte ignorieren im konkreten Auftrag,B,CRM unterstützt Beziehungspflege und Vertrieb.,"Bildungsplan Kauffrau/Kaufmann EFZ, BiVo 2023, SKKAB/SBFI",https://www.bzww.ch/public/upload/assets/120804/Bildungsplan_EFZ_August2021_final.pdf
kv,Kauffrau/Kaufmann EFZ,kv_l11,HKB D,L11,"Kundenkontakt, Beratung und Reklamationen",easy,single_choice,Welche Aussage beschreibt das Thema Angebot im Beruf Kauffrau/Kaufmann EFZ am besten?,Bedingungen offen lassen nach gängiger Praxis unter typischen Arbeitsbedingungen,falsche Preise senden im üblichen Berufsalltag im Rahmen der Routine,"Leistung, Preis, Gültigkeit und Bedingungen verständlich festhalten",Fristen nicht nennen bei sachgemässer Ausführung,C,Angebote müssen klar und verbindlich genug sein.,"Bildungsplan Kauffrau/Kaufmann EFZ, BiVo 2023, SKKAB/SBFI",https://www.bzww.ch/public/upload/assets/120804/Bildungsplan_EFZ_August2021_final.pdf
kv,Kauffrau/Kaufmann EFZ,kv_l11,HKB D,L11,"Kundenkontakt, Beratung und Reklamationen",medium,single_choice,Worauf muss man beim Thema Angebot in der Praxis besonders achten?,Bedingungen offen lassen im Produktionsalltag im normalen Werkstattbetrieb,falsche Preise senden im Werkstattumfeld bei sachgemässem Ablauf,Fristen nicht nennen im laufenden Tagesgeschäft,"Leistung, Preis, Gültigkeit und Bedingungen verständlich festhalten",D,Angebote müssen klar und verbindlich genug sein.,"Bildungsplan Kauffrau/Kaufmann EFZ, BiVo 2023, SKKAB/SBFI",https://www.bzww.ch/public/upload/assets/120804/Bildungsplan_EFZ_August2021_final.pdf
kv,Kauffrau/Kaufmann EFZ,kv_l11,HKB D,L11,"Kundenkontakt, Beratung und Reklamationen",hard,single_choice,Welche Aussage zum Thema Angebot ist fachlich korrekt?,"Leistung, Preis, Gültigkeit und Bedingungen verständlich festhalten",Bedingungen offen lassen im Rahmen der Routine im konkreten Auftrag,falsche Preise senden unter typischen Arbeitsbedingungen,Fristen nicht nennen nach gängiger Praxis bei vergleichbaren Aufgaben,A,Angebote müssen klar und verbindlich genug sein.,"Bildungsplan Kauffrau/Kaufmann EFZ, BiVo 2023, SKKAB/SBFI",https://www.bzww.ch/public/upload/assets/120804/Bildungsplan_EFZ_August2021_final.pdf
kv,Kauffrau/Kaufmann EFZ,kv_l11,HKB D,L11,"Kundenkontakt, Beratung und Reklamationen",easy,single_choice,Welche Aussage beschreibt das Thema Verkaufsabschluss im Beruf Kauffrau/Kaufmann EFZ am besten?,Zusage unnotiert lassen im Produktionsalltag,Entscheidung bestätigen und nächste Schritte festlegen,Liefertermin verschweigen bei sachgemässem Ablauf,Zahlungsbedingungen ignorieren im normalen Werkstattbetrieb,B,Abschlüsse brauchen saubere Nachbearbeitung.,"Bildungsplan Kauffrau/Kaufmann EFZ, BiVo 2023, SKKAB/SBFI",https://www.bzww.ch/public/upload/assets/120804/Bildungsplan_EFZ_August2021_final.pdf
kv,Kauffrau/Kaufmann EFZ,kv_l11,HKB D,L11,"Kundenkontakt, Beratung und Reklamationen",medium,single_choice,Worauf muss man beim Thema Verkaufsabschluss in der Praxis besonders achten?,Zusage unnotiert lassen im Rahmen der Routine,Liefertermin verschweigen bei vergleichbaren Aufgaben,Entscheidung bestätigen und nächste Schritte festlegen,Zahlungsbedingungen ignorieren im konkreten Auftrag,C,Abschlüsse brauchen saubere Nachbearbeitung.,"Bildungsplan Kauffrau/Kaufmann EFZ, BiVo 2023, SKKAB/SBFI",https://www.bzww.ch/public/upload/assets/120804/Bildungsplan_EFZ_August2021_final.pdf
kv,Kauffrau/Kaufmann EFZ,kv_l11,HKB D,L11,"Kundenkontakt, Beratung und Reklamationen",hard,single_choice,Welche Aussage zum Thema Verkaufsabschluss ist fachlich korrekt?,Zusage unnotiert lassen im normalen Werkstattbetrieb,Liefertermin verschweigen bei sachgemässer Ausführung,Zahlungsbedingungen ignorieren im üblichen Berufsalltag,Entscheidung bestätigen und nächste Schritte festlegen,D,Abschlüsse brauchen saubere Nachbearbeitung.,"Bildungsplan Kauffrau/Kaufmann EFZ, BiVo 2023, SKKAB/SBFI",https://www.bzww.ch/public/upload/assets/120804/Bildungsplan_EFZ_August2021_final.pdf
kv,Kauffrau/Kaufmann EFZ,kv_l11,HKB D,L11,"Kundenkontakt, Beratung und Reklamationen",easy,single_choice,Welche Aussage beschreibt das Thema Kundenbindung im Beruf Kauffrau/Kaufmann EFZ am besten?,"Beziehung durch Zuverlässigkeit, Nutzen und passende Kommunikation pflegen",nur einmal Kontakt haben im laufenden Tagesgeschäft im normalen Werkstattbetrieb,Versprechen nicht einhalten im Werkstattumfeld bei sachgemässem Ablauf,Feedback ignorieren im konkreten Auftrag im Produktionsalltag,A,Langfristige Beziehungen entstehen durch wiederholte positive Erfahrungen.,"Bildungsplan Kauffrau/Kaufmann EFZ, BiVo 2023, SKKAB/SBFI",https://www.bzww.ch/public/upload/assets/120804/Bildungsplan_EFZ_August2021_final.pdf
kv,Kauffrau/Kaufmann EFZ,kv_l11,HKB D,L11,"Kundenkontakt, Beratung und Reklamationen",medium,single_choice,Worauf muss man beim Thema Kundenbindung in der Praxis besonders achten?,nur einmal Kontakt haben nach gängiger Praxis bei vergleichbaren Aufgaben,"Beziehung durch Zuverlässigkeit, Nutzen und passende Kommunikation pflegen",Versprechen nicht einhalten unter typischen Arbeitsbedingungen,Feedback ignorieren im üblichen Berufsalltag im Rahmen der Routine,B,Langfristige Beziehungen entstehen durch wiederholte positive Erfahrungen.,"Bildungsplan Kauffrau/Kaufmann EFZ, BiVo 2023, SKKAB/SBFI",https://www.bzww.ch/public/upload/assets/120804/Bildungsplan_EFZ_August2021_final.pdf
kv,Kauffrau/Kaufmann EFZ,kv_l11,HKB D,L11,"Kundenkontakt, Beratung und Reklamationen",hard,single_choice,Welche Aussage zum Thema Kundenbindung ist fachlich korrekt?,nur einmal Kontakt haben im Produktionsalltag bei sachgemässer Ausführung,Versprechen nicht einhalten bei sachgemässem Ablauf im üblichen Berufsalltag,"Beziehung durch Zuverlässigkeit, Nutzen und passende Kommunikation pflegen",Feedback ignorieren im Werkstattumfeld im normalen Werkstattbetrieb,C,Langfristige Beziehungen entstehen durch wiederholte positive Erfahrungen.,"Bildungsplan Kauffrau/Kaufmann EFZ, BiVo 2023, SKKAB/SBFI",https://www.bzww.ch/public/upload/assets/120804/Bildungsplan_EFZ_August2021_final.pdf
kv,Kauffrau/Kaufmann EFZ,kv_l11,HKB D,L11,"Kundenkontakt, Beratung und Reklamationen",easy,single_choice,Welche Aussage beschreibt das Thema Beschwerdedokumentation im Beruf Kauffrau/Kaufmann EFZ am besten?,nur mündlich weitergeben im Rahmen der Routine,Fehler verheimlichen unter typischen Arbeitsbedingungen,Daten ohne Schutz speichern bei vergleichbaren Aufgaben,"Ursache, Massnahme und Ergebnis nachvollziehbar erfassen",D,Dokumentation ermöglicht Lernen und Nachverfolgung.,"Bildungsplan Kauffrau/Kaufmann EFZ, BiVo 2023, SKKAB/SBFI",https://www.bzww.ch/public/upload/assets/120804/Bildungsplan_EFZ_August2021_final.pdf
kv,Kauffrau/Kaufmann EFZ,kv_l11,HKB D,L11,"Kundenkontakt, Beratung und Reklamationen",medium,single_choice,Worauf muss man beim Thema Beschwerdedokumentation in der Praxis besonders achten?,"Ursache, Massnahme und Ergebnis nachvollziehbar erfassen",nur mündlich weitergeben im normalen Werkstattbetrieb,Fehler verheimlichen bei sachgemässem Ablauf,Daten ohne Schutz speichern bei sachgemässer Ausführung,A,Dokumentation ermöglicht Lernen und Nachverfolgung.,"Bildungsplan Kauffrau/Kaufmann EFZ, BiVo 2023, SKKAB/SBFI",https://www.bzww.ch/public/upload/assets/120804/Bildungsplan_EFZ_August2021_final.pdf
kv,Kauffrau/Kaufmann EFZ,kv_l11,HKB D,L11,"Kundenkontakt, Beratung und Reklamationen",hard,single_choice,Welche Aussage zum Thema Beschwerdedokumentation ist fachlich korrekt?,nur mündlich weitergeben im konkreten Auftrag,"Ursache, Massnahme und Ergebnis nachvollziehbar erfassen",Fehler verheimlichen bei vergleichbaren Aufgaben,Daten ohne Schutz speichern im laufenden Tagesgeschäft,B,Dokumentation ermöglicht Lernen und Nachverfolgung.,"Bildungsplan Kauffrau/Kaufmann EFZ, BiVo 2023, SKKAB/SBFI",https://www.bzww.ch/public/upload/assets/120804/Bildungsplan_EFZ_August2021_final.pdf
kv,Kauffrau/Kaufmann EFZ,kv_l12,HKB D,L12,"Einkauf, Lieferanten und Logistik",easy,single_choice,Welche Aussage beschreibt das Thema Beschaffungsbedarf im Beruf Kauffrau/Kaufmann EFZ am besten?,Bedarf raten bei sachgemässer Ausführung unter typischen Arbeitsbedingungen,Lagerbestand ignorieren im üblichen Berufsalltag,"Menge, Qualität, Termin und Budget vor Bestellung klären",Qualität nicht definieren nach gängiger Praxis,C,Bedarfsklärung verhindert Fehlbeschaffung.,"Bildungsplan Kauffrau/Kaufmann EFZ, BiVo 2023, SKKAB/SBFI",https://www.bzww.ch/public/upload/assets/120804/Bildungsplan_EFZ_August2021_final.pdf
kv,Kauffrau/Kaufmann EFZ,kv_l12,HKB D,L12,"Einkauf, Lieferanten und Logistik",medium,single_choice,Worauf muss man beim Thema Beschaffungsbedarf in der Praxis besonders achten?,Bedarf raten im laufenden Tagesgeschäft bei sachgemässem Ablauf,Lagerbestand ignorieren im Werkstattumfeld,Qualität nicht definieren im Produktionsalltag,"Menge, Qualität, Termin und Budget vor Bestellung klären",D,Bedarfsklärung verhindert Fehlbeschaffung.,"Bildungsplan Kauffrau/Kaufmann EFZ, BiVo 2023, SKKAB/SBFI",https://www.bzww.ch/public/upload/assets/120804/Bildungsplan_EFZ_August2021_final.pdf
kv,Kauffrau/Kaufmann EFZ,kv_l12,HKB D,L12,"Einkauf, Lieferanten und Logistik",hard,single_choice,Welche Aussage zum Thema Beschaffungsbedarf ist fachlich korrekt?,"Menge, Qualität, Termin und Budget vor Bestellung klären",Bedarf raten nach gängiger Praxis bei vergleichbaren Aufgaben,Lagerbestand ignorieren unter typischen Arbeitsbedingungen,Qualität nicht definieren im Rahmen der Routine,A,Bedarfsklärung verhindert Fehlbeschaffung.,"Bildungsplan Kauffrau/Kaufmann EFZ, BiVo 2023, SKKAB/SBFI",https://www.bzww.ch/public/upload/assets/120804/Bildungsplan_EFZ_August2021_final.pdf
kv,Kauffrau/Kaufmann EFZ,kv_l12,HKB D,L12,"Einkauf, Lieferanten und Logistik",easy,single_choice,Welche Aussage beschreibt das Thema Lieferantenvergleich im Beruf Kauffrau/Kaufmann EFZ am besten?,nur den tiefsten Preis beachten im normalen Werkstattbetrieb,"Preis, Qualität, Lieferfrist, Service und Nachhaltigkeit vergleichen",Lieferfähigkeit ignorieren bei sachgemässem Ablauf,Konditionen nicht prüfen im Produktionsalltag bei sachgemässer Ausführung,B,Beschaffung braucht mehrere Kriterien.,"Bildungsplan Kauffrau/Kaufmann EFZ, BiVo 2023, SKKAB/SBFI",https://www.bzww.ch/public/upload/assets/120804/Bildungsplan_EFZ_August2021_final.pdf
kv,Kauffrau/Kaufmann EFZ,kv_l12,HKB D,L12,"Einkauf, Lieferanten und Logistik",medium,single_choice,Worauf muss man beim Thema Lieferantenvergleich in der Praxis besonders achten?,nur den tiefsten Preis beachten im konkreten Auftrag,Lieferfähigkeit ignorieren bei vergleichbaren Aufgaben,"Preis, Qualität, Lieferfrist, Service und Nachhaltigkeit vergleichen",Konditionen nicht prüfen im Rahmen der Routine im laufenden Tagesgeschäft,C,Beschaffung braucht mehrere Kriterien.,"Bildungsplan Kauffrau/Kaufmann EFZ, BiVo 2023, SKKAB/SBFI",https://www.bzww.ch/public/upload/assets/120804/Bildungsplan_EFZ_August2021_final.pdf
kv,Kauffrau/Kaufmann EFZ,kv_l12,HKB D,L12,"Einkauf, Lieferanten und Logistik",hard,single_choice,Welche Aussage zum Thema Lieferantenvergleich ist fachlich korrekt?,nur den tiefsten Preis beachten im üblichen Berufsalltag,Lieferfähigkeit ignorieren bei sachgemässer Ausführung,Konditionen nicht prüfen im normalen Werkstattbetrieb nach gängiger Praxis,"Preis, Qualität, Lieferfrist, Service und Nachhaltigkeit vergleichen",D,Beschaffung braucht mehrere Kriterien.,"Bildungsplan Kauffrau/Kaufmann EFZ, BiVo 2023, SKKAB/SBFI",https://www.bzww.ch/public/upload/assets/120804/Bildungsplan_EFZ_August2021_final.pdf
kv,Kauffrau/Kaufmann EFZ,kv_l12,HKB D,L12,"Einkauf, Lieferanten und Logistik",easy,single_choice,Welche Aussage beschreibt das Thema Bestellung im Beruf Kauffrau/Kaufmann EFZ am besten?,"Artikel, Menge, Preis, Liefertermin und Bedingungen eindeutig erfassen",falsche Artikelnummer nutzen im laufenden Tagesgeschäft,Menge offen lassen im konkreten Auftrag im Produktionsalltag,Bestellung ohne Freigabe senden im Werkstattumfeld bei sachgemässem Ablauf,A,Klare Bestellungen verhindern Missverständnisse.,"Bildungsplan Kauffrau/Kaufmann EFZ, BiVo 2023, SKKAB/SBFI",https://www.bzww.ch/public/upload/assets/120804/Bildungsplan_EFZ_August2021_final.pdf
kv,Kauffrau/Kaufmann EFZ,kv_l12,HKB D,L12,"Einkauf, Lieferanten und Logistik",medium,single_choice,Worauf muss man beim Thema Bestellung in der Praxis besonders achten?,falsche Artikelnummer nutzen nach gängiger Praxis,"Artikel, Menge, Preis, Liefertermin und Bedingungen eindeutig erfassen",Menge offen lassen im üblichen Berufsalltag im Rahmen der Routine,Bestellung ohne Freigabe senden unter typischen Arbeitsbedingungen,B,Klare Bestellungen verhindern Missverständnisse.,"Bildungsplan Kauffrau/Kaufmann EFZ, BiVo 2023, SKKAB/SBFI",https://www.bzww.ch/public/upload/assets/120804/Bildungsplan_EFZ_August2021_final.pdf
kv,Kauffrau/Kaufmann EFZ,kv_l12,HKB D,L12,"Einkauf, Lieferanten und Logistik",hard,single_choice,Welche Aussage zum Thema Bestellung ist fachlich korrekt?,falsche Artikelnummer nutzen im Produktionsalltag,Menge offen lassen im Werkstattumfeld im normalen Werkstattbetrieb,"Artikel, Menge, Preis, Liefertermin und Bedingungen eindeutig erfassen",Bestellung ohne Freigabe senden bei sachgemässem Ablauf,C,Klare Bestellungen verhindern Missverständnisse.,"Bildungsplan Kauffrau/Kaufmann EFZ, BiVo 2023, SKKAB/SBFI",https://www.bzww.ch/public/upload/assets/120804/Bildungsplan_EFZ_August2021_final.pdf
kv,Kauffrau/Kaufmann EFZ,kv_l12,HKB D,L12,"Einkauf, Lieferanten und Logistik",easy,single_choice,Welche Aussage beschreibt das Thema Auftragsbestätigung im Beruf Kauffrau/Kaufmann EFZ am besten?,Abweichungen ignorieren im Rahmen der Routine,Termin nicht prüfen unter typischen Arbeitsbedingungen,Preisänderungen übersehen bei vergleichbaren Aufgaben,Bestelldaten mit Lieferantenbestätigung vergleichen,D,Abgleich sichert korrekte Lieferung.,"Bildungsplan Kauffrau/Kaufmann EFZ, BiVo 2023, SKKAB/SBFI",https://www.bzww.ch/public/upload/assets/120804/Bildungsplan_EFZ_August2021_final.pdf
kv,Kauffrau/Kaufmann EFZ,kv_l12,HKB D,L12,"Einkauf, Lieferanten und Logistik",medium,single_choice,Worauf muss man beim Thema Auftragsbestätigung in der Praxis besonders achten?,Bestelldaten mit Lieferantenbestätigung vergleichen,Abweichungen ignorieren im normalen Werkstattbetrieb,Termin nicht prüfen bei sachgemässem Ablauf,Preisänderungen übersehen bei sachgemässer Ausführung,A,Abgleich sichert korrekte Lieferung.,"Bildungsplan Kauffrau/Kaufmann EFZ, BiVo 2023, SKKAB/SBFI",https://www.bzww.ch/public/upload/assets/120804/Bildungsplan_EFZ_August2021_final.pdf
kv,Kauffrau/Kaufmann EFZ,kv_l12,HKB D,L12,"Einkauf, Lieferanten und Logistik",hard,single_choice,Welche Aussage zum Thema Auftragsbestätigung ist fachlich korrekt?,Abweichungen ignorieren im konkreten Auftrag,Bestelldaten mit Lieferantenbestätigung vergleichen,Termin nicht prüfen bei vergleichbaren Aufgaben,Preisänderungen übersehen im laufenden Tagesgeschäft,B,Abgleich sichert korrekte Lieferung.,"Bildungsplan Kauffrau/Kaufmann EFZ, BiVo 2023, SKKAB/SBFI",https://www.bzww.ch/public/upload/assets/120804/Bildungsplan_EFZ_August2021_final.pdf
kv,Kauffrau/Kaufmann EFZ,kv_l12,HKB D,L12,"Einkauf, Lieferanten und Logistik",easy,single_choice,Welche Aussage beschreibt das Thema Wareneingang im Beruf Kauffrau/Kaufmann EFZ am besten?,Ware ungeprüft einlagern nach gängiger Praxis,Mängel nicht melden bei sachgemässer Ausführung,"Menge, Qualität und Lieferschein prüfen",Lieferschein wegwerfen im üblichen Berufsalltag,C,Wareneingangsprüfung ist Teil der Prozesskontrolle.,"Bildungsplan Kauffrau/Kaufmann EFZ, BiVo 2023, SKKAB/SBFI",https://www.bzww.ch/public/upload/assets/120804/Bildungsplan_EFZ_August2021_final.pdf
kv,Kauffrau/Kaufmann EFZ,kv_l12,HKB D,L12,"Einkauf, Lieferanten und Logistik",medium,single_choice,Worauf muss man beim Thema Wareneingang in der Praxis besonders achten?,Ware ungeprüft einlagern im Produktionsalltag,Mängel nicht melden im laufenden Tagesgeschäft,Lieferschein wegwerfen im Werkstattumfeld,"Menge, Qualität und Lieferschein prüfen",D,Wareneingangsprüfung ist Teil der Prozesskontrolle.,"Bildungsplan Kauffrau/Kaufmann EFZ, BiVo 2023, SKKAB/SBFI",https://www.bzww.ch/public/upload/assets/120804/Bildungsplan_EFZ_August2021_final.pdf
kv,Kauffrau/Kaufmann EFZ,kv_l12,HKB D,L12,"Einkauf, Lieferanten und Logistik",hard,single_choice,Welche Aussage zum Thema Wareneingang ist fachlich korrekt?,"Menge, Qualität und Lieferschein prüfen",Ware ungeprüft einlagern im Rahmen der Routine,Mängel nicht melden nach gängiger Praxis,Lieferschein wegwerfen unter typischen Arbeitsbedingungen,A,Wareneingangsprüfung ist Teil der Prozesskontrolle.,"Bildungsplan Kauffrau/Kaufmann EFZ, BiVo 2023, SKKAB/SBFI",https://www.bzww.ch/public/upload/assets/120804/Bildungsplan_EFZ_August2021_final.pdf
kv,Kauffrau/Kaufmann EFZ,kv_l12,HKB D,L12,"Einkauf, Lieferanten und Logistik",easy,single_choice,Welche Aussage beschreibt das Thema Lieferverzug im Beruf Kauffrau/Kaufmann EFZ am besten?,Verzug verschweigen im Produktionsalltag,Auswirkung klären und frühzeitig kommunizieren,Kundenfristen ignorieren bei sachgemässem Ablauf,keine Alternative prüfen im normalen Werkstattbetrieb,B,Aktive Kommunikation reduziert Folgeschäden.,"Bildungsplan Kauffrau/Kaufmann EFZ, BiVo 2023, SKKAB/SBFI",https://www.bzww.ch/public/upload/assets/120804/Bildungsplan_EFZ_August2021_final.pdf
kv,Kauffrau/Kaufmann EFZ,kv_l12,HKB D,L12,"Einkauf, Lieferanten und Logistik",medium,single_choice,Worauf muss man beim Thema Lieferverzug in der Praxis besonders achten?,Verzug verschweigen im Rahmen der Routine,Kundenfristen ignorieren bei vergleichbaren Aufgaben,Auswirkung klären und frühzeitig kommunizieren,keine Alternative prüfen im konkreten Auftrag,C,Aktive Kommunikation reduziert Folgeschäden.,"Bildungsplan Kauffrau/Kaufmann EFZ, BiVo 2023, SKKAB/SBFI",https://www.bzww.ch/public/upload/assets/120804/Bildungsplan_EFZ_August2021_final.pdf
kv,Kauffrau/Kaufmann EFZ,kv_l12,HKB D,L12,"Einkauf, Lieferanten und Logistik",hard,single_choice,Welche Aussage zum Thema Lieferverzug ist fachlich korrekt?,Verzug verschweigen im normalen Werkstattbetrieb,Kundenfristen ignorieren bei sachgemässer Ausführung,keine Alternative prüfen im üblichen Berufsalltag,Auswirkung klären und frühzeitig kommunizieren,D,Aktive Kommunikation reduziert Folgeschäden.,"Bildungsplan Kauffrau/Kaufmann EFZ, BiVo 2023, SKKAB/SBFI",https://www.bzww.ch/public/upload/assets/120804/Bildungsplan_EFZ_August2021_final.pdf
kv,Kauffrau/Kaufmann EFZ,kv_l12,HKB D,L12,"Einkauf, Lieferanten und Logistik",easy,single_choice,Welche Aussage beschreibt das Thema Lagerbestand im Beruf Kauffrau/Kaufmann EFZ am besten?,Bestände aktuell halten und Fehl- oder Überbestände vermeiden,Bestände nie zählen im laufenden Tagesgeschäft,Dubletten anlegen im konkreten Auftrag im Produktionsalltag,Mindestbestand ignorieren im Werkstattumfeld,A,Bestandsführung beeinflusst Kosten und Lieferfähigkeit.,"Bildungsplan Kauffrau/Kaufmann EFZ, BiVo 2023, SKKAB/SBFI",https://www.bzww.ch/public/upload/assets/120804/Bildungsplan_EFZ_August2021_final.pdf
kv,Kauffrau/Kaufmann EFZ,kv_l12,HKB D,L12,"Einkauf, Lieferanten und Logistik",medium,single_choice,Worauf muss man beim Thema Lagerbestand in der Praxis besonders achten?,Bestände nie zählen nach gängiger Praxis im Rahmen der Routine,Bestände aktuell halten und Fehl- oder Überbestände vermeiden,Dubletten anlegen im üblichen Berufsalltag bei vergleichbaren Aufgaben,Mindestbestand ignorieren unter typischen Arbeitsbedingungen,B,Bestandsführung beeinflusst Kosten und Lieferfähigkeit.,"Bildungsplan Kauffrau/Kaufmann EFZ, BiVo 2023, SKKAB/SBFI",https://www.bzww.ch/public/upload/assets/120804/Bildungsplan_EFZ_August2021_final.pdf
kv,Kauffrau/Kaufmann EFZ,kv_l12,HKB D,L12,"Einkauf, Lieferanten und Logistik",hard,single_choice,Welche Aussage zum Thema Lagerbestand ist fachlich korrekt?,Bestände nie zählen im Produktionsalltag bei sachgemässer Ausführung,Dubletten anlegen im Werkstattumfeld im normalen Werkstattbetrieb,Bestände aktuell halten und Fehl- oder Überbestände vermeiden,Mindestbestand ignorieren bei sachgemässem Ablauf,C,Bestandsführung beeinflusst Kosten und Lieferfähigkeit.,"Bildungsplan Kauffrau/Kaufmann EFZ, BiVo 2023, SKKAB/SBFI",https://www.bzww.ch/public/upload/assets/120804/Bildungsplan_EFZ_August2021_final.pdf
kv,Kauffrau/Kaufmann EFZ,kv_l12,HKB D,L12,"Einkauf, Lieferanten und Logistik",easy,single_choice,Welche Aussage beschreibt das Thema Nachhaltige Beschaffung im Beruf Kauffrau/Kaufmann EFZ am besten?,nur kurzfristigen Preis bewerten bei vergleichbaren Aufgaben,Herkunft ignorieren im Rahmen der Routine im konkreten Auftrag,Labels nie prüfen unter typischen Arbeitsbedingungen,ökologische und soziale Kriterien in die Auswahl einbeziehen,D,Nachhaltigkeit gehört zu modernen kaufmännischen Entscheidungen.,"Bildungsplan Kauffrau/Kaufmann EFZ, BiVo 2023, SKKAB/SBFI",https://www.bzww.ch/public/upload/assets/120804/Bildungsplan_EFZ_August2021_final.pdf
kv,Kauffrau/Kaufmann EFZ,kv_l12,HKB D,L12,"Einkauf, Lieferanten und Logistik",medium,single_choice,Worauf muss man beim Thema Nachhaltige Beschaffung in der Praxis besonders achten?,ökologische und soziale Kriterien in die Auswahl einbeziehen,nur kurzfristigen Preis bewerten bei sachgemässer Ausführung,Herkunft ignorieren im normalen Werkstattbetrieb,Labels nie prüfen bei sachgemässem Ablauf im üblichen Berufsalltag,A,Nachhaltigkeit gehört zu modernen kaufmännischen Entscheidungen.,"Bildungsplan Kauffrau/Kaufmann EFZ, BiVo 2023, SKKAB/SBFI",https://www.bzww.ch/public/upload/assets/120804/Bildungsplan_EFZ_August2021_final.pdf
kv,Kauffrau/Kaufmann EFZ,kv_l12,HKB D,L12,"Einkauf, Lieferanten und Logistik",hard,single_choice,Welche Aussage zum Thema Nachhaltige Beschaffung ist fachlich korrekt?,nur kurzfristigen Preis bewerten im laufenden Tagesgeschäft,ökologische und soziale Kriterien in die Auswahl einbeziehen,Herkunft ignorieren im konkreten Auftrag im Werkstattumfeld,Labels nie prüfen bei vergleichbaren Aufgaben,B,Nachhaltigkeit gehört zu modernen kaufmännischen Entscheidungen.,"Bildungsplan Kauffrau/Kaufmann EFZ, BiVo 2023, SKKAB/SBFI",https://www.bzww.ch/public/upload/assets/120804/Bildungsplan_EFZ_August2021_final.pdf
kv,Kauffrau/Kaufmann EFZ,kv_l12,HKB D,L12,"Einkauf, Lieferanten und Logistik",easy,single_choice,Welche Aussage beschreibt das Thema Lieferantenbeziehung im Beruf Kauffrau/Kaufmann EFZ am besten?,Konflikte eskalieren bei sachgemässer Ausführung,Vereinbarungen nicht einhalten im üblichen Berufsalltag,"verlässlich, fair und lösungsorientiert kommunizieren",Informationen verspätet liefern nach gängiger Praxis,C,Gute Beziehungen unterstützen Qualität und Versorgung.,"Bildungsplan Kauffrau/Kaufmann EFZ, BiVo 2023, SKKAB/SBFI",https://www.bzww.ch/public/upload/assets/120804/Bildungsplan_EFZ_August2021_final.pdf
kv,Kauffrau/Kaufmann EFZ,kv_l12,HKB D,L12,"Einkauf, Lieferanten und Logistik",medium,single_choice,Worauf muss man beim Thema Lieferantenbeziehung in der Praxis besonders achten?,Konflikte eskalieren im laufenden Tagesgeschäft,Vereinbarungen nicht einhalten im Werkstattumfeld,Informationen verspätet liefern im Produktionsalltag,"verlässlich, fair und lösungsorientiert kommunizieren",D,Gute Beziehungen unterstützen Qualität und Versorgung.,"Bildungsplan Kauffrau/Kaufmann EFZ, BiVo 2023, SKKAB/SBFI",https://www.bzww.ch/public/upload/assets/120804/Bildungsplan_EFZ_August2021_final.pdf
kv,Kauffrau/Kaufmann EFZ,kv_l12,HKB D,L12,"Einkauf, Lieferanten und Logistik",hard,single_choice,Welche Aussage zum Thema Lieferantenbeziehung ist fachlich korrekt?,"verlässlich, fair und lösungsorientiert kommunizieren",Konflikte eskalieren nach gängiger Praxis,Vereinbarungen nicht einhalten unter typischen Arbeitsbedingungen,Informationen verspätet liefern im Rahmen der Routine,A,Gute Beziehungen unterstützen Qualität und Versorgung.,"Bildungsplan Kauffrau/Kaufmann EFZ, BiVo 2023, SKKAB/SBFI",https://www.bzww.ch/public/upload/assets/120804/Bildungsplan_EFZ_August2021_final.pdf
kv,Kauffrau/Kaufmann EFZ,kv_l12,HKB D,L12,"Einkauf, Lieferanten und Logistik",easy,single_choice,Welche Aussage beschreibt das Thema Retourenprozess im Beruf Kauffrau/Kaufmann EFZ am besten?,Ware kommentarlos zurückschicken im normalen Werkstattbetrieb,"Rücksendungen gemäss Vorgaben anmelden, dokumentieren und verfolgen",Fristen verpassen im Produktionsalltag bei sachgemässer Ausführung,Gutschrift nicht kontrollieren bei sachgemässem Ablauf,B,Retouren brauchen klare Prozesse.,"Bildungsplan Kauffrau/Kaufmann EFZ, BiVo 2023, SKKAB/SBFI",https://www.bzww.ch/public/upload/assets/120804/Bildungsplan_EFZ_August2021_final.pdf
kv,Kauffrau/Kaufmann EFZ,kv_l12,HKB D,L12,"Einkauf, Lieferanten und Logistik",medium,single_choice,Worauf muss man beim Thema Retourenprozess in der Praxis besonders achten?,Ware kommentarlos zurückschicken im konkreten Auftrag,Fristen verpassen im Rahmen der Routine im laufenden Tagesgeschäft,"Rücksendungen gemäss Vorgaben anmelden, dokumentieren und verfolgen",Gutschrift nicht kontrollieren bei vergleichbaren Aufgaben,C,Retouren brauchen klare Prozesse.,"Bildungsplan Kauffrau/Kaufmann EFZ, BiVo 2023, SKKAB/SBFI",https://www.bzww.ch/public/upload/assets/120804/Bildungsplan_EFZ_August2021_final.pdf
kv,Kauffrau/Kaufmann EFZ,kv_l12,HKB D,L12,"Einkauf, Lieferanten und Logistik",hard,single_choice,Welche Aussage zum Thema Retourenprozess ist fachlich korrekt?,Ware kommentarlos zurückschicken im üblichen Berufsalltag,Fristen verpassen im normalen Werkstattbetrieb nach gängiger Praxis,Gutschrift nicht kontrollieren bei sachgemässer Ausführung,"Rücksendungen gemäss Vorgaben anmelden, dokumentieren und verfolgen",D,Retouren brauchen klare Prozesse.,"Bildungsplan Kauffrau/Kaufmann EFZ, BiVo 2023, SKKAB/SBFI",https://www.bzww.ch/public/upload/assets/120804/Bildungsplan_EFZ_August2021_final.pdf
kv,Kauffrau/Kaufmann EFZ,kv_l13,HKB E,L13,Digitale Tools und Zusammenarbeit,easy,single_choice,Welche Aussage beschreibt das Thema Cloud-Dokument im Beruf Kauffrau/Kaufmann EFZ am besten?,"gemeinsam, versioniert und mit passenden Rechten bearbeiten",alle Rechte öffentlich setzen im laufenden Tagesgeschäft,offline Kopien vermischen im konkreten Auftrag,Änderungen nicht nachvollziehen im Werkstattumfeld,A,Cloud-Arbeit erleichtert Kollaboration bei korrekter Berechtigung.,"Bildungsplan Kauffrau/Kaufmann EFZ, BiVo 2023, SKKAB/SBFI",https://www.bzww.ch/public/upload/assets/120804/Bildungsplan_EFZ_August2021_final.pdf
kv,Kauffrau/Kaufmann EFZ,kv_l13,HKB E,L13,Digitale Tools und Zusammenarbeit,medium,single_choice,Worauf muss man beim Thema Cloud-Dokument in der Praxis besonders achten?,alle Rechte öffentlich setzen nach gängiger Praxis,"gemeinsam, versioniert und mit passenden Rechten bearbeiten",offline Kopien vermischen im üblichen Berufsalltag,Änderungen nicht nachvollziehen unter typischen Arbeitsbedingungen,B,Cloud-Arbeit erleichtert Kollaboration bei korrekter Berechtigung.,"Bildungsplan Kauffrau/Kaufmann EFZ, BiVo 2023, SKKAB/SBFI",https://www.bzww.ch/public/upload/assets/120804/Bildungsplan_EFZ_August2021_final.pdf
kv,Kauffrau/Kaufmann EFZ,kv_l13,HKB E,L13,Digitale Tools und Zusammenarbeit,hard,single_choice,Welche Aussage zum Thema Cloud-Dokument ist fachlich korrekt?,alle Rechte öffentlich setzen im Produktionsalltag,offline Kopien vermischen im Werkstattumfeld,"gemeinsam, versioniert und mit passenden Rechten bearbeiten",Änderungen nicht nachvollziehen bei sachgemässem Ablauf,C,Cloud-Arbeit erleichtert Kollaboration bei korrekter Berechtigung.,"Bildungsplan Kauffrau/Kaufmann EFZ, BiVo 2023, SKKAB/SBFI",https://www.bzww.ch/public/upload/assets/120804/Bildungsplan_EFZ_August2021_final.pdf
kv,Kauffrau/Kaufmann EFZ,kv_l13,HKB E,L13,Digitale Tools und Zusammenarbeit,easy,single_choice,Welche Aussage beschreibt das Thema Versionierung im Beruf Kauffrau/Kaufmann EFZ am besten?,Dateien ständig überschreiben bei vergleichbaren Aufgaben,Namen wie final_final nutzen im Rahmen der Routine,Änderungshistorie löschen unter typischen Arbeitsbedingungen,Änderungen nachvollziehbar sichern und alte Stände erkennbar halten,D,Versionierung verhindert Informationsverlust.,"Bildungsplan Kauffrau/Kaufmann EFZ, BiVo 2023, SKKAB/SBFI",https://www.bzww.ch/public/upload/assets/120804/Bildungsplan_EFZ_August2021_final.pdf
kv,Kauffrau/Kaufmann EFZ,kv_l13,HKB E,L13,Digitale Tools und Zusammenarbeit,medium,single_choice,Worauf muss man beim Thema Versionierung in der Praxis besonders achten?,Änderungen nachvollziehbar sichern und alte Stände erkennbar halten,Dateien ständig überschreiben bei sachgemässer Ausführung,Namen wie final_final nutzen im normalen Werkstattbetrieb,Änderungshistorie löschen bei sachgemässem Ablauf,A,Versionierung verhindert Informationsverlust.,"Bildungsplan Kauffrau/Kaufmann EFZ, BiVo 2023, SKKAB/SBFI",https://www.bzww.ch/public/upload/assets/120804/Bildungsplan_EFZ_August2021_final.pdf
kv,Kauffrau/Kaufmann EFZ,kv_l13,HKB E,L13,Digitale Tools und Zusammenarbeit,hard,single_choice,Welche Aussage zum Thema Versionierung ist fachlich korrekt?,Dateien ständig überschreiben im laufenden Tagesgeschäft,Änderungen nachvollziehbar sichern und alte Stände erkennbar halten,Namen wie final_final nutzen im konkreten Auftrag im Werkstattumfeld,Änderungshistorie löschen bei vergleichbaren Aufgaben,B,Versionierung verhindert Informationsverlust.,"Bildungsplan Kauffrau/Kaufmann EFZ, BiVo 2023, SKKAB/SBFI",https://www.bzww.ch/public/upload/assets/120804/Bildungsplan_EFZ_August2021_final.pdf
kv,Kauffrau/Kaufmann EFZ,kv_l13,HKB E,L13,Digitale Tools und Zusammenarbeit,easy,single_choice,Welche Aussage beschreibt das Thema Videokonferenz im Beruf Kauffrau/Kaufmann EFZ am besten?,vertrauliche Inhalte öffentlich zeigen,Mikrofon dauerhaft offen lassen im üblichen Berufsalltag,"Technik, Agenda, Netiquette und Datenschutz beachten",ohne Ziel einladen bei sachgemässer Ausführung,C,Digitale Meetings brauchen Vorbereitung.,"Bildungsplan Kauffrau/Kaufmann EFZ, BiVo 2023, SKKAB/SBFI",https://www.bzww.ch/public/upload/assets/120804/Bildungsplan_EFZ_August2021_final.pdf
kv,Kauffrau/Kaufmann EFZ,kv_l13,HKB E,L13,Digitale Tools und Zusammenarbeit,medium,single_choice,Worauf muss man beim Thema Videokonferenz in der Praxis besonders achten?,vertrauliche Inhalte öffentlich zeigen,Mikrofon dauerhaft offen lassen im Werkstattumfeld,ohne Ziel einladen im laufenden Tagesgeschäft,"Technik, Agenda, Netiquette und Datenschutz beachten",D,Digitale Meetings brauchen Vorbereitung.,"Bildungsplan Kauffrau/Kaufmann EFZ, BiVo 2023, SKKAB/SBFI",https://www.bzww.ch/public/upload/assets/120804/Bildungsplan_EFZ_August2021_final.pdf
kv,Kauffrau/Kaufmann EFZ,kv_l13,HKB E,L13,Digitale Tools und Zusammenarbeit,hard,single_choice,Welche Aussage zum Thema Videokonferenz ist fachlich korrekt?,"Technik, Agenda, Netiquette und Datenschutz beachten",vertrauliche Inhalte öffentlich zeigen,Mikrofon dauerhaft offen lassen unter typischen Arbeitsbedingungen,ohne Ziel einladen nach gängiger Praxis,A,Digitale Meetings brauchen Vorbereitung.,"Bildungsplan Kauffrau/Kaufmann EFZ, BiVo 2023, SKKAB/SBFI",https://www.bzww.ch/public/upload/assets/120804/Bildungsplan_EFZ_August2021_final.pdf
kv,Kauffrau/Kaufmann EFZ,kv_l13,HKB E,L13,Digitale Tools und Zusammenarbeit,easy,single_choice,Welche Aussage beschreibt das Thema Chattool im Beruf Kauffrau/Kaufmann EFZ am besten?,verbindliche Entscheide nie dokumentieren,"kurze, klare und kanalpassende Informationen austauschen",vertrauliche Daten in offene Kanäle posten,alle mit unnötigen Nachrichten stören im Produktionsalltag,B,"Chattools sind schnell, aber nicht für alles geeignet.","Bildungsplan Kauffrau/Kaufmann EFZ, BiVo 2023, SKKAB/SBFI",https://www.bzww.ch/public/upload/assets/120804/Bildungsplan_EFZ_August2021_final.pdf
kv,Kauffrau/Kaufmann EFZ,kv_l13,HKB E,L13,Digitale Tools und Zusammenarbeit,medium,single_choice,Worauf muss man beim Thema Chattool in der Praxis besonders achten?,verbindliche Entscheide nie dokumentieren,vertrauliche Daten in offene Kanäle posten,"kurze, klare und kanalpassende Informationen austauschen",alle mit unnötigen Nachrichten stören im Rahmen der Routine,C,"Chattools sind schnell, aber nicht für alles geeignet.","Bildungsplan Kauffrau/Kaufmann EFZ, BiVo 2023, SKKAB/SBFI",https://www.bzww.ch/public/upload/assets/120804/Bildungsplan_EFZ_August2021_final.pdf
kv,Kauffrau/Kaufmann EFZ,kv_l13,HKB E,L13,Digitale Tools und Zusammenarbeit,hard,single_choice,Welche Aussage zum Thema Chattool ist fachlich korrekt?,verbindliche Entscheide nie dokumentieren,vertrauliche Daten in offene Kanäle posten,alle mit unnötigen Nachrichten stören im normalen Werkstattbetrieb,"kurze, klare und kanalpassende Informationen austauschen",D,"Chattools sind schnell, aber nicht für alles geeignet.","Bildungsplan Kauffrau/Kaufmann EFZ, BiVo 2023, SKKAB/SBFI",https://www.bzww.ch/public/upload/assets/120804/Bildungsplan_EFZ_August2021_final.pdf
kv,Kauffrau/Kaufmann EFZ,kv_l13,HKB E,L13,Digitale Tools und Zusammenarbeit,easy,single_choice,Welche Aussage beschreibt das Thema Suchstrategie im Beruf Kauffrau/Kaufmann EFZ am besten?,"Suchbegriffe, Filter und Quellenqualität gezielt nutzen",erste Treffer ungeprüft übernehmen im Werkstattumfeld,Quelle nie bewerten im konkreten Auftrag,Suchanfrage unklar lassen im laufenden Tagesgeschäft,A,Informationskompetenz ist Teil digitaler Arbeitswelt.,"Bildungsplan Kauffrau/Kaufmann EFZ, BiVo 2023, SKKAB/SBFI",https://www.bzww.ch/public/upload/assets/120804/Bildungsplan_EFZ_August2021_final.pdf
kv,Kauffrau/Kaufmann EFZ,kv_l13,HKB E,L13,Digitale Tools und Zusammenarbeit,medium,single_choice,Worauf muss man beim Thema Suchstrategie in der Praxis besonders achten?,erste Treffer ungeprüft übernehmen unter typischen Arbeitsbedingungen,"Suchbegriffe, Filter und Quellenqualität gezielt nutzen",Quelle nie bewerten im üblichen Berufsalltag,Suchanfrage unklar lassen nach gängiger Praxis,B,Informationskompetenz ist Teil digitaler Arbeitswelt.,"Bildungsplan Kauffrau/Kaufmann EFZ, BiVo 2023, SKKAB/SBFI",https://www.bzww.ch/public/upload/assets/120804/Bildungsplan_EFZ_August2021_final.pdf
kv,Kauffrau/Kaufmann EFZ,kv_l13,HKB E,L13,Digitale Tools und Zusammenarbeit,hard,single_choice,Welche Aussage zum Thema Suchstrategie ist fachlich korrekt?,erste Treffer ungeprüft übernehmen bei sachgemässem Ablauf,Quelle nie bewerten im Werkstattumfeld im normalen Werkstattbetrieb,"Suchbegriffe, Filter und Quellenqualität gezielt nutzen",Suchanfrage unklar lassen im Produktionsalltag,C,Informationskompetenz ist Teil digitaler Arbeitswelt.,"Bildungsplan Kauffrau/Kaufmann EFZ, BiVo 2023, SKKAB/SBFI",https://www.bzww.ch/public/upload/assets/120804/Bildungsplan_EFZ_August2021_final.pdf
kv,Kauffrau/Kaufmann EFZ,kv_l13,HKB E,L13,Digitale Tools und Zusammenarbeit,easy,single_choice,Welche Aussage beschreibt das Thema KI-Tool im Beruf Kauffrau/Kaufmann EFZ am besten?,vertrauliche Kundendaten eingeben bei vergleichbaren Aufgaben,Antworten ungeprüft übernehmen im Rahmen der Routine im konkreten Auftrag,Quellen ignorieren unter typischen Arbeitsbedingungen,Ergebnisse kritisch prüfen und Datenschutz sowie Urheberrecht beachten,D,"KI kann unterstützen, braucht aber Kontrolle.","Bildungsplan Kauffrau/Kaufmann EFZ, BiVo 2023, SKKAB/SBFI",https://www.bzww.ch/public/upload/assets/120804/Bildungsplan_EFZ_August2021_final.pdf
kv,Kauffrau/Kaufmann EFZ,kv_l13,HKB E,L13,Digitale Tools und Zusammenarbeit,medium,single_choice,Worauf muss man beim Thema KI-Tool in der Praxis besonders achten?,Ergebnisse kritisch prüfen und Datenschutz sowie Urheberrecht beachten,vertrauliche Kundendaten eingeben bei sachgemässer Ausführung,Antworten ungeprüft übernehmen im normalen Werkstattbetrieb,Quellen ignorieren bei sachgemässem Ablauf im üblichen Berufsalltag,A,"KI kann unterstützen, braucht aber Kontrolle.","Bildungsplan Kauffrau/Kaufmann EFZ, BiVo 2023, SKKAB/SBFI",https://www.bzww.ch/public/upload/assets/120804/Bildungsplan_EFZ_August2021_final.pdf
kv,Kauffrau/Kaufmann EFZ,kv_l13,HKB E,L13,Digitale Tools und Zusammenarbeit,hard,single_choice,Welche Aussage zum Thema KI-Tool ist fachlich korrekt?,vertrauliche Kundendaten eingeben im laufenden Tagesgeschäft,Ergebnisse kritisch prüfen und Datenschutz sowie Urheberrecht beachten,Antworten ungeprüft übernehmen im konkreten Auftrag,Quellen ignorieren bei vergleichbaren Aufgaben im Werkstattumfeld,B,"KI kann unterstützen, braucht aber Kontrolle.","Bildungsplan Kauffrau/Kaufmann EFZ, BiVo 2023, SKKAB/SBFI",https://www.bzww.ch/public/upload/assets/120804/Bildungsplan_EFZ_August2021_final.pdf
kv,Kauffrau/Kaufmann EFZ,kv_l13,HKB E,L13,Digitale Tools und Zusammenarbeit,easy,single_choice,Welche Aussage beschreibt das Thema Tabellenkalkulation im Beruf Kauffrau/Kaufmann EFZ am besten?,Formeln blind kopieren im üblichen Berufsalltag unter typischen Arbeitsbedingungen,Einheiten ignorieren bei sachgemässer Ausführung,"Daten strukturieren, Formeln prüfen und Ergebnisse plausibilisieren",Zellen zufällig überschreiben nach gängiger Praxis,C,Tabellen sind zentrale kaufmännische Arbeitsmittel.,"Bildungsplan Kauffrau/Kaufmann EFZ, BiVo 2023, SKKAB/SBFI",https://www.bzww.ch/public/upload/assets/120804/Bildungsplan_EFZ_August2021_final.pdf
kv,Kauffrau/Kaufmann EFZ,kv_l13,HKB E,L13,Digitale Tools und Zusammenarbeit,medium,single_choice,Worauf muss man beim Thema Tabellenkalkulation in der Praxis besonders achten?,Formeln blind kopieren im Werkstattumfeld bei sachgemässem Ablauf,Einheiten ignorieren im laufenden Tagesgeschäft,Zellen zufällig überschreiben im Produktionsalltag,"Daten strukturieren, Formeln prüfen und Ergebnisse plausibilisieren",D,Tabellen sind zentrale kaufmännische Arbeitsmittel.,"Bildungsplan Kauffrau/Kaufmann EFZ, BiVo 2023, SKKAB/SBFI",https://www.bzww.ch/public/upload/assets/120804/Bildungsplan_EFZ_August2021_final.pdf
kv,Kauffrau/Kaufmann EFZ,kv_l13,HKB E,L13,Digitale Tools und Zusammenarbeit,hard,single_choice,Welche Aussage zum Thema Tabellenkalkulation ist fachlich korrekt?,"Daten strukturieren, Formeln prüfen und Ergebnisse plausibilisieren",Formeln blind kopieren unter typischen Arbeitsbedingungen,Einheiten ignorieren nach gängiger Praxis bei vergleichbaren Aufgaben,Zellen zufällig überschreiben im Rahmen der Routine,A,Tabellen sind zentrale kaufmännische Arbeitsmittel.,"Bildungsplan Kauffrau/Kaufmann EFZ, BiVo 2023, SKKAB/SBFI",https://www.bzww.ch/public/upload/assets/120804/Bildungsplan_EFZ_August2021_final.pdf
kv,Kauffrau/Kaufmann EFZ,kv_l13,HKB E,L13,Digitale Tools und Zusammenarbeit,easy,single_choice,Welche Aussage beschreibt das Thema Präsentationssoftware im Beruf Kauffrau/Kaufmann EFZ am besten?,Folien überladen im Produktionsalltag bei sachgemässer Ausführung,"Inhalte zielgerichtet, visuell klar und adressatengerecht darstellen",Kernaussage verstecken bei sachgemässem Ablauf im üblichen Berufsalltag,Zahlen ohne Kontext zeigen im normalen Werkstattbetrieb,B,Präsentationen sollen Entscheidungen unterstützen.,"Bildungsplan Kauffrau/Kaufmann EFZ, BiVo 2023, SKKAB/SBFI",https://www.bzww.ch/public/upload/assets/120804/Bildungsplan_EFZ_August2021_final.pdf
kv,Kauffrau/Kaufmann EFZ,kv_l13,HKB E,L13,Digitale Tools und Zusammenarbeit,medium,single_choice,Worauf muss man beim Thema Präsentationssoftware in der Praxis besonders achten?,Folien überladen im Rahmen der Routine im laufenden Tagesgeschäft,Kernaussage verstecken bei vergleichbaren Aufgaben,"Inhalte zielgerichtet, visuell klar und adressatengerecht darstellen",Zahlen ohne Kontext zeigen im konkreten Auftrag im Werkstattumfeld,C,Präsentationen sollen Entscheidungen unterstützen.,"Bildungsplan Kauffrau/Kaufmann EFZ, BiVo 2023, SKKAB/SBFI",https://www.bzww.ch/public/upload/assets/120804/Bildungsplan_EFZ_August2021_final.pdf
kv,Kauffrau/Kaufmann EFZ,kv_l13,HKB E,L13,Digitale Tools und Zusammenarbeit,hard,single_choice,Welche Aussage zum Thema Präsentationssoftware ist fachlich korrekt?,Folien überladen im normalen Werkstattbetrieb nach gängiger Praxis,Kernaussage verstecken bei sachgemässer Ausführung,Zahlen ohne Kontext zeigen im üblichen Berufsalltag,"Inhalte zielgerichtet, visuell klar und adressatengerecht darstellen",D,Präsentationen sollen Entscheidungen unterstützen.,"Bildungsplan Kauffrau/Kaufmann EFZ, BiVo 2023, SKKAB/SBFI",https://www.bzww.ch/public/upload/assets/120804/Bildungsplan_EFZ_August2021_final.pdf
kv,Kauffrau/Kaufmann EFZ,kv_l13,HKB E,L13,Digitale Tools und Zusammenarbeit,easy,single_choice,Welche Aussage beschreibt das Thema Workflow-Tool im Beruf Kauffrau/Kaufmann EFZ am besten?,"Aufgaben, Zuständigkeiten und Status transparent verfolgen",Status nie aktualisieren im laufenden Tagesgeschäft,Verantwortliche offen lassen im Werkstattumfeld,Fristen löschen im konkreten Auftrag im Produktionsalltag,A,Workflow-Tools schaffen Überblick.,"Bildungsplan Kauffrau/Kaufmann EFZ, BiVo 2023, SKKAB/SBFI",https://www.bzww.ch/public/upload/assets/120804/Bildungsplan_EFZ_August2021_final.pdf
kv,Kauffrau/Kaufmann EFZ,kv_l13,HKB E,L13,Digitale Tools und Zusammenarbeit,medium,single_choice,Worauf muss man beim Thema Workflow-Tool in der Praxis besonders achten?,Status nie aktualisieren nach gängiger Praxis,"Aufgaben, Zuständigkeiten und Status transparent verfolgen",Verantwortliche offen lassen unter typischen Arbeitsbedingungen,Fristen löschen im üblichen Berufsalltag im Rahmen der Routine,B,Workflow-Tools schaffen Überblick.,"Bildungsplan Kauffrau/Kaufmann EFZ, BiVo 2023, SKKAB/SBFI",https://www.bzww.ch/public/upload/assets/120804/Bildungsplan_EFZ_August2021_final.pdf
kv,Kauffrau/Kaufmann EFZ,kv_l13,HKB E,L13,Digitale Tools und Zusammenarbeit,hard,single_choice,Welche Aussage zum Thema Workflow-Tool ist fachlich korrekt?,Status nie aktualisieren im Produktionsalltag,Verantwortliche offen lassen bei sachgemässem Ablauf,"Aufgaben, Zuständigkeiten und Status transparent verfolgen",Fristen löschen im Werkstattumfeld im normalen Werkstattbetrieb,C,Workflow-Tools schaffen Überblick.,"Bildungsplan Kauffrau/Kaufmann EFZ, BiVo 2023, SKKAB/SBFI",https://www.bzww.ch/public/upload/assets/120804/Bildungsplan_EFZ_August2021_final.pdf
kv,Kauffrau/Kaufmann EFZ,kv_l13,HKB E,L13,Digitale Tools und Zusammenarbeit,easy,single_choice,Welche Aussage beschreibt das Thema digitale Barrierefreiheit im Beruf Kauffrau/Kaufmann EFZ am besten?,Bilder ohne Alternativtext nutzen bei vergleichbaren Aufgaben,Kontraste ignorieren unter typischen Arbeitsbedingungen,Dokumentstruktur entfernen im Rahmen der Routine,Inhalte möglichst verständlich und zugänglich gestalten,D,Zugängliche Kommunikation erreicht mehr Menschen.,"Bildungsplan Kauffrau/Kaufmann EFZ, BiVo 2023, SKKAB/SBFI",https://www.bzww.ch/public/upload/assets/120804/Bildungsplan_EFZ_August2021_final.pdf
kv,Kauffrau/Kaufmann EFZ,kv_l13,HKB E,L13,Digitale Tools und Zusammenarbeit,medium,single_choice,Worauf muss man beim Thema digitale Barrierefreiheit in der Praxis besonders achten?,Inhalte möglichst verständlich und zugänglich gestalten,Bilder ohne Alternativtext nutzen bei sachgemässer Ausführung,Kontraste ignorieren bei sachgemässem Ablauf,Dokumentstruktur entfernen im normalen Werkstattbetrieb,A,Zugängliche Kommunikation erreicht mehr Menschen.,"Bildungsplan Kauffrau/Kaufmann EFZ, BiVo 2023, SKKAB/SBFI",https://www.bzww.ch/public/upload/assets/120804/Bildungsplan_EFZ_August2021_final.pdf
kv,Kauffrau/Kaufmann EFZ,kv_l13,HKB E,L13,Digitale Tools und Zusammenarbeit,hard,single_choice,Welche Aussage zum Thema digitale Barrierefreiheit ist fachlich korrekt?,Bilder ohne Alternativtext nutzen im laufenden Tagesgeschäft,Inhalte möglichst verständlich und zugänglich gestalten,Kontraste ignorieren bei vergleichbaren Aufgaben,Dokumentstruktur entfernen im konkreten Auftrag,B,Zugängliche Kommunikation erreicht mehr Menschen.,"Bildungsplan Kauffrau/Kaufmann EFZ, BiVo 2023, SKKAB/SBFI",https://www.bzww.ch/public/upload/assets/120804/Bildungsplan_EFZ_August2021_final.pdf
kv,Kauffrau/Kaufmann EFZ,kv_l14,HKB E,L14,"Daten, Datenschutz und Informationssicherheit",easy,single_choice,Welche Aussage beschreibt das Thema Personendaten im Beruf Kauffrau/Kaufmann EFZ am besten?,beliebig weitergeben im üblichen Berufsalltag unter typischen Arbeitsbedingungen,ohne Zweck sammeln bei sachgemässer Ausführung,Informationen über bestimmte oder bestimmbare Personen schützen,in offenen Listen speichern nach gängiger Praxis,C,Personendaten unterliegen Datenschutzanforderungen.,"Bildungsplan Kauffrau/Kaufmann EFZ, BiVo 2023, SKKAB/SBFI",https://www.bzww.ch/public/upload/assets/120804/Bildungsplan_EFZ_August2021_final.pdf
kv,Kauffrau/Kaufmann EFZ,kv_l14,HKB E,L14,"Daten, Datenschutz und Informationssicherheit",medium,single_choice,Worauf muss man beim Thema Personendaten in der Praxis besonders achten?,beliebig weitergeben im Werkstattumfeld bei sachgemässem Ablauf,ohne Zweck sammeln im laufenden Tagesgeschäft,in offenen Listen speichern im Produktionsalltag,Informationen über bestimmte oder bestimmbare Personen schützen,D,Personendaten unterliegen Datenschutzanforderungen.,"Bildungsplan Kauffrau/Kaufmann EFZ, BiVo 2023, SKKAB/SBFI",https://www.bzww.ch/public/upload/assets/120804/Bildungsplan_EFZ_August2021_final.pdf
kv,Kauffrau/Kaufmann EFZ,kv_l14,HKB E,L14,"Daten, Datenschutz und Informationssicherheit",hard,single_choice,Welche Aussage zum Thema Personendaten ist fachlich korrekt?,Informationen über bestimmte oder bestimmbare Personen schützen,beliebig weitergeben unter typischen Arbeitsbedingungen,ohne Zweck sammeln nach gängiger Praxis bei vergleichbaren Aufgaben,in offenen Listen speichern im Rahmen der Routine,A,Personendaten unterliegen Datenschutzanforderungen.,"Bildungsplan Kauffrau/Kaufmann EFZ, BiVo 2023, SKKAB/SBFI",https://www.bzww.ch/public/upload/assets/120804/Bildungsplan_EFZ_August2021_final.pdf
kv,Kauffrau/Kaufmann EFZ,kv_l14,HKB E,L14,"Daten, Datenschutz und Informationssicherheit",easy,single_choice,Welche Aussage beschreibt das Thema Datensparsamkeit im Beruf Kauffrau/Kaufmann EFZ am besten?,möglichst alles sammeln im Produktionsalltag,nur notwendige Daten für einen klaren Zweck bearbeiten,alte Daten unbegrenzt behalten im normalen Werkstattbetrieb,Zweck nachträglich erfinden bei sachgemässem Ablauf,B,Datensparsamkeit reduziert Risiken.,"Bildungsplan Kauffrau/Kaufmann EFZ, BiVo 2023, SKKAB/SBFI",https://www.bzww.ch/public/upload/assets/120804/Bildungsplan_EFZ_August2021_final.pdf
kv,Kauffrau/Kaufmann EFZ,kv_l14,HKB E,L14,"Daten, Datenschutz und Informationssicherheit",medium,single_choice,Worauf muss man beim Thema Datensparsamkeit in der Praxis besonders achten?,möglichst alles sammeln im Rahmen der Routine,alte Daten unbegrenzt behalten im konkreten Auftrag,nur notwendige Daten für einen klaren Zweck bearbeiten,Zweck nachträglich erfinden bei vergleichbaren Aufgaben,C,Datensparsamkeit reduziert Risiken.,"Bildungsplan Kauffrau/Kaufmann EFZ, BiVo 2023, SKKAB/SBFI",https://www.bzww.ch/public/upload/assets/120804/Bildungsplan_EFZ_August2021_final.pdf
kv,Kauffrau/Kaufmann EFZ,kv_l14,HKB E,L14,"Daten, Datenschutz und Informationssicherheit",hard,single_choice,Welche Aussage zum Thema Datensparsamkeit ist fachlich korrekt?,möglichst alles sammeln im normalen Werkstattbetrieb,alte Daten unbegrenzt behalten im üblichen Berufsalltag,Zweck nachträglich erfinden bei sachgemässer Ausführung,nur notwendige Daten für einen klaren Zweck bearbeiten,D,Datensparsamkeit reduziert Risiken.,"Bildungsplan Kauffrau/Kaufmann EFZ, BiVo 2023, SKKAB/SBFI",https://www.bzww.ch/public/upload/assets/120804/Bildungsplan_EFZ_August2021_final.pdf
kv,Kauffrau/Kaufmann EFZ,kv_l14,HKB E,L14,"Daten, Datenschutz und Informationssicherheit",easy,single_choice,Welche Aussage beschreibt das Thema Zugriffsrecht im Beruf Kauffrau/Kaufmann EFZ am besten?,nur berechtigte Personen erhalten nötigen Zugriff,alle Ordner öffentlich machen im Werkstattumfeld,Passwörter teilen im konkreten Auftrag,Austritte nicht sperren im laufenden Tagesgeschäft,A,Rechte müssen dem Need-to-know-Prinzip folgen.,"Bildungsplan Kauffrau/Kaufmann EFZ, BiVo 2023, SKKAB/SBFI",https://www.bzww.ch/public/upload/assets/120804/Bildungsplan_EFZ_August2021_final.pdf
kv,Kauffrau/Kaufmann EFZ,kv_l14,HKB E,L14,"Daten, Datenschutz und Informationssicherheit",medium,single_choice,Worauf muss man beim Thema Zugriffsrecht in der Praxis besonders achten?,alle Ordner öffentlich machen unter typischen Arbeitsbedingungen,nur berechtigte Personen erhalten nötigen Zugriff,Passwörter teilen im üblichen Berufsalltag,Austritte nicht sperren nach gängiger Praxis,B,Rechte müssen dem Need-to-know-Prinzip folgen.,"Bildungsplan Kauffrau/Kaufmann EFZ, BiVo 2023, SKKAB/SBFI",https://www.bzww.ch/public/upload/assets/120804/Bildungsplan_EFZ_August2021_final.pdf
kv,Kauffrau/Kaufmann EFZ,kv_l14,HKB E,L14,"Daten, Datenschutz und Informationssicherheit",hard,single_choice,Welche Aussage zum Thema Zugriffsrecht ist fachlich korrekt?,alle Ordner öffentlich machen bei sachgemässem Ablauf,Passwörter teilen im Werkstattumfeld,nur berechtigte Personen erhalten nötigen Zugriff,Austritte nicht sperren im Produktionsalltag,C,Rechte müssen dem Need-to-know-Prinzip folgen.,"Bildungsplan Kauffrau/Kaufmann EFZ, BiVo 2023, SKKAB/SBFI",https://www.bzww.ch/public/upload/assets/120804/Bildungsplan_EFZ_August2021_final.pdf
kv,Kauffrau/Kaufmann EFZ,kv_l14,HKB E,L14,"Daten, Datenschutz und Informationssicherheit",easy,single_choice,Welche Aussage beschreibt das Thema Passwort im Beruf Kauffrau/Kaufmann EFZ am besten?,gleiches Passwort überall nutzen bei vergleichbaren Aufgaben,Passwort auf Notizzettel kleben im Rahmen der Routine,Passwort per Chat senden unter typischen Arbeitsbedingungen,"lang, einzigartig und sicher verwaltet verwenden",D,Passwörter schützen Konten und Daten.,"Bildungsplan Kauffrau/Kaufmann EFZ, BiVo 2023, SKKAB/SBFI",https://www.bzww.ch/public/upload/assets/120804/Bildungsplan_EFZ_August2021_final.pdf
kv,Kauffrau/Kaufmann EFZ,kv_l14,HKB E,L14,"Daten, Datenschutz und Informationssicherheit",medium,single_choice,Worauf muss man beim Thema Passwort in der Praxis besonders achten?,"lang, einzigartig und sicher verwaltet verwenden",gleiches Passwort überall nutzen bei sachgemässer Ausführung,Passwort auf Notizzettel kleben im normalen Werkstattbetrieb,Passwort per Chat senden bei sachgemässem Ablauf,A,Passwörter schützen Konten und Daten.,"Bildungsplan Kauffrau/Kaufmann EFZ, BiVo 2023, SKKAB/SBFI",https://www.bzww.ch/public/upload/assets/120804/Bildungsplan_EFZ_August2021_final.pdf
kv,Kauffrau/Kaufmann EFZ,kv_l14,HKB E,L14,"Daten, Datenschutz und Informationssicherheit",hard,single_choice,Welche Aussage zum Thema Passwort ist fachlich korrekt?,gleiches Passwort überall nutzen im laufenden Tagesgeschäft,"lang, einzigartig und sicher verwaltet verwenden",Passwort auf Notizzettel kleben im konkreten Auftrag,Passwort per Chat senden bei vergleichbaren Aufgaben,B,Passwörter schützen Konten und Daten.,"Bildungsplan Kauffrau/Kaufmann EFZ, BiVo 2023, SKKAB/SBFI",https://www.bzww.ch/public/upload/assets/120804/Bildungsplan_EFZ_August2021_final.pdf
kv,Kauffrau/Kaufmann EFZ,kv_l14,HKB E,L14,"Daten, Datenschutz und Informationssicherheit",easy,single_choice,Welche Aussage beschreibt das Thema Phishing im Beruf Kauffrau/Kaufmann EFZ am besten?,Link sofort anklicken im üblichen Berufsalltag,Login-Daten eingeben bei sachgemässer Ausführung,"verdächtige Links, Absender und Aufforderungen kritisch prüfen",Warnsignale ignorieren nach gängiger Praxis unter typischen Arbeitsbedingungen,C,Phishing ist ein häufiges Einfallstor.,"Bildungsplan Kauffrau/Kaufmann EFZ, BiVo 2023, SKKAB/SBFI",https://www.bzww.ch/public/upload/assets/120804/Bildungsplan_EFZ_August2021_final.pdf
kv,Kauffrau/Kaufmann EFZ,kv_l14,HKB E,L14,"Daten, Datenschutz und Informationssicherheit",medium,single_choice,Worauf muss man beim Thema Phishing in der Praxis besonders achten?,Link sofort anklicken im Werkstattumfeld bei sachgemässem Ablauf,Login-Daten eingeben im laufenden Tagesgeschäft,Warnsignale ignorieren im Produktionsalltag im normalen Werkstattbetrieb,"verdächtige Links, Absender und Aufforderungen kritisch prüfen",D,Phishing ist ein häufiges Einfallstor.,"Bildungsplan Kauffrau/Kaufmann EFZ, BiVo 2023, SKKAB/SBFI",https://www.bzww.ch/public/upload/assets/120804/Bildungsplan_EFZ_August2021_final.pdf
kv,Kauffrau/Kaufmann EFZ,kv_l14,HKB E,L14,"Daten, Datenschutz und Informationssicherheit",hard,single_choice,Welche Aussage zum Thema Phishing ist fachlich korrekt?,"verdächtige Links, Absender und Aufforderungen kritisch prüfen",Link sofort anklicken unter typischen Arbeitsbedingungen,Login-Daten eingeben nach gängiger Praxis bei vergleichbaren Aufgaben,Warnsignale ignorieren im Rahmen der Routine,A,Phishing ist ein häufiges Einfallstor.,"Bildungsplan Kauffrau/Kaufmann EFZ, BiVo 2023, SKKAB/SBFI",https://www.bzww.ch/public/upload/assets/120804/Bildungsplan_EFZ_August2021_final.pdf
kv,Kauffrau/Kaufmann EFZ,kv_l14,HKB E,L14,"Daten, Datenschutz und Informationssicherheit",easy,single_choice,Welche Aussage beschreibt das Thema Datensicherung im Beruf Kauffrau/Kaufmann EFZ am besten?,Backups nie testen im Produktionsalltag bei sachgemässer Ausführung,wichtige Daten regelmässig und wiederherstellbar sichern,nur lokal speichern bei sachgemässem Ablauf,Sicherung nach Datenverlust starten im normalen Werkstattbetrieb,B,Backups schützen vor Verlust und Ransomware.,"Bildungsplan Kauffrau/Kaufmann EFZ, BiVo 2023, SKKAB/SBFI",https://www.bzww.ch/public/upload/assets/120804/Bildungsplan_EFZ_August2021_final.pdf
kv,Kauffrau/Kaufmann EFZ,kv_l14,HKB E,L14,"Daten, Datenschutz und Informationssicherheit",medium,single_choice,Worauf muss man beim Thema Datensicherung in der Praxis besonders achten?,Backups nie testen im Rahmen der Routine,nur lokal speichern bei vergleichbaren Aufgaben,wichtige Daten regelmässig und wiederherstellbar sichern,Sicherung nach Datenverlust starten im konkreten Auftrag,C,Backups schützen vor Verlust und Ransomware.,"Bildungsplan Kauffrau/Kaufmann EFZ, BiVo 2023, SKKAB/SBFI",https://www.bzww.ch/public/upload/assets/120804/Bildungsplan_EFZ_August2021_final.pdf
kv,Kauffrau/Kaufmann EFZ,kv_l14,HKB E,L14,"Daten, Datenschutz und Informationssicherheit",hard,single_choice,Welche Aussage zum Thema Datensicherung ist fachlich korrekt?,Backups nie testen im normalen Werkstattbetrieb,nur lokal speichern bei sachgemässer Ausführung,Sicherung nach Datenverlust starten im üblichen Berufsalltag,wichtige Daten regelmässig und wiederherstellbar sichern,D,Backups schützen vor Verlust und Ransomware.,"Bildungsplan Kauffrau/Kaufmann EFZ, BiVo 2023, SKKAB/SBFI",https://www.bzww.ch/public/upload/assets/120804/Bildungsplan_EFZ_August2021_final.pdf
kv,Kauffrau/Kaufmann EFZ,kv_l14,HKB E,L14,"Daten, Datenschutz und Informationssicherheit",easy,single_choice,Welche Aussage beschreibt das Thema Vertraulichkeit im Beruf Kauffrau/Kaufmann EFZ am besten?,sensible Informationen nur an berechtigte Empfänger weitergeben,Kundendaten im Zug besprechen im laufenden Tagesgeschäft,Anhänge an falsche Adressen senden im Werkstattumfeld,Bildschirm offen lassen im konkreten Auftrag im Produktionsalltag,A,Vertraulichkeit ist zentral für Vertrauen.,"Bildungsplan Kauffrau/Kaufmann EFZ, BiVo 2023, SKKAB/SBFI",https://www.bzww.ch/public/upload/assets/120804/Bildungsplan_EFZ_August2021_final.pdf
kv,Kauffrau/Kaufmann EFZ,kv_l14,HKB E,L14,"Daten, Datenschutz und Informationssicherheit",medium,single_choice,Worauf muss man beim Thema Vertraulichkeit in der Praxis besonders achten?,Kundendaten im Zug besprechen nach gängiger Praxis,sensible Informationen nur an berechtigte Empfänger weitergeben,Anhänge an falsche Adressen senden unter typischen Arbeitsbedingungen,Bildschirm offen lassen im üblichen Berufsalltag,B,Vertraulichkeit ist zentral für Vertrauen.,"Bildungsplan Kauffrau/Kaufmann EFZ, BiVo 2023, SKKAB/SBFI",https://www.bzww.ch/public/upload/assets/120804/Bildungsplan_EFZ_August2021_final.pdf
kv,Kauffrau/Kaufmann EFZ,kv_l14,HKB E,L14,"Daten, Datenschutz und Informationssicherheit",hard,single_choice,Welche Aussage zum Thema Vertraulichkeit ist fachlich korrekt?,Kundendaten im Zug besprechen im Produktionsalltag,Anhänge an falsche Adressen senden bei sachgemässem Ablauf,sensible Informationen nur an berechtigte Empfänger weitergeben,Bildschirm offen lassen im Werkstattumfeld im normalen Werkstattbetrieb,C,Vertraulichkeit ist zentral für Vertrauen.,"Bildungsplan Kauffrau/Kaufmann EFZ, BiVo 2023, SKKAB/SBFI",https://www.bzww.ch/public/upload/assets/120804/Bildungsplan_EFZ_August2021_final.pdf
kv,Kauffrau/Kaufmann EFZ,kv_l14,HKB E,L14,"Daten, Datenschutz und Informationssicherheit",easy,single_choice,Welche Aussage beschreibt das Thema Datenanalyse im Beruf Kauffrau/Kaufmann EFZ am besten?,Ausreisser ignorieren im Rahmen der Routine im konkreten Auftrag,Korrelation als Ursache behaupten bei vergleichbaren Aufgaben,Quelle nicht prüfen unter typischen Arbeitsbedingungen,"Daten bereinigen, auswerten und Ergebnisse sachlich interpretieren",D,Analyse braucht Datenqualität und Kontext.,"Bildungsplan Kauffrau/Kaufmann EFZ, BiVo 2023, SKKAB/SBFI",https://www.bzww.ch/public/upload/assets/120804/Bildungsplan_EFZ_August2021_final.pdf
kv,Kauffrau/Kaufmann EFZ,kv_l14,HKB E,L14,"Daten, Datenschutz und Informationssicherheit",medium,single_choice,Worauf muss man beim Thema Datenanalyse in der Praxis besonders achten?,"Daten bereinigen, auswerten und Ergebnisse sachlich interpretieren",Ausreisser ignorieren im normalen Werkstattbetrieb,Korrelation als Ursache behaupten bei sachgemässer Ausführung,Quelle nicht prüfen bei sachgemässem Ablauf im üblichen Berufsalltag,A,Analyse braucht Datenqualität und Kontext.,"Bildungsplan Kauffrau/Kaufmann EFZ, BiVo 2023, SKKAB/SBFI",https://www.bzww.ch/public/upload/assets/120804/Bildungsplan_EFZ_August2021_final.pdf
kv,Kauffrau/Kaufmann EFZ,kv_l14,HKB E,L14,"Daten, Datenschutz und Informationssicherheit",hard,single_choice,Welche Aussage zum Thema Datenanalyse ist fachlich korrekt?,Ausreisser ignorieren im konkreten Auftrag im Werkstattumfeld,"Daten bereinigen, auswerten und Ergebnisse sachlich interpretieren",Korrelation als Ursache behaupten im laufenden Tagesgeschäft,Quelle nicht prüfen bei vergleichbaren Aufgaben,B,Analyse braucht Datenqualität und Kontext.,"Bildungsplan Kauffrau/Kaufmann EFZ, BiVo 2023, SKKAB/SBFI",https://www.bzww.ch/public/upload/assets/120804/Bildungsplan_EFZ_August2021_final.pdf
kv,Kauffrau/Kaufmann EFZ,kv_l14,HKB E,L14,"Daten, Datenschutz und Informationssicherheit",easy,single_choice,Welche Aussage beschreibt das Thema Urheberrecht im Beruf Kauffrau/Kaufmann EFZ am besten?,Bilder ungeprüft kopieren nach gängiger Praxis,Quellen entfernen bei sachgemässer Ausführung,fremde Inhalte nur mit passenden Rechten verwenden,Lizenzen ignorieren im üblichen Berufsalltag,C,Digitale Inhalte sind rechtlich geschützt.,"Bildungsplan Kauffrau/Kaufmann EFZ, BiVo 2023, SKKAB/SBFI",https://www.bzww.ch/public/upload/assets/120804/Bildungsplan_EFZ_August2021_final.pdf
kv,Kauffrau/Kaufmann EFZ,kv_l14,HKB E,L14,"Daten, Datenschutz und Informationssicherheit",medium,single_choice,Worauf muss man beim Thema Urheberrecht in der Praxis besonders achten?,Bilder ungeprüft kopieren im Produktionsalltag,Quellen entfernen im laufenden Tagesgeschäft,Lizenzen ignorieren im Werkstattumfeld,fremde Inhalte nur mit passenden Rechten verwenden,D,Digitale Inhalte sind rechtlich geschützt.,"Bildungsplan Kauffrau/Kaufmann EFZ, BiVo 2023, SKKAB/SBFI",https://www.bzww.ch/public/upload/assets/120804/Bildungsplan_EFZ_August2021_final.pdf
kv,Kauffrau/Kaufmann EFZ,kv_l14,HKB E,L14,"Daten, Datenschutz und Informationssicherheit",hard,single_choice,Welche Aussage zum Thema Urheberrecht ist fachlich korrekt?,fremde Inhalte nur mit passenden Rechten verwenden,Bilder ungeprüft kopieren im Rahmen der Routine,Quellen entfernen nach gängiger Praxis,Lizenzen ignorieren unter typischen Arbeitsbedingungen,A,Digitale Inhalte sind rechtlich geschützt.,"Bildungsplan Kauffrau/Kaufmann EFZ, BiVo 2023, SKKAB/SBFI",https://www.bzww.ch/public/upload/assets/120804/Bildungsplan_EFZ_August2021_final.pdf
kv,Kauffrau/Kaufmann EFZ,kv_l14,HKB E,L14,"Daten, Datenschutz und Informationssicherheit",easy,single_choice,Welche Aussage beschreibt das Thema Incident-Meldung im Beruf Kauffrau/Kaufmann EFZ am besten?,Vorfall verheimlichen im Produktionsalltag,Sicherheitsvorfälle rasch melden und Vorgaben befolgen,selbst Beweise löschen bei sachgemässem Ablauf,weiterarbeiten als wäre nichts im normalen Werkstattbetrieb,B,Schnelle Meldung begrenzt Schäden.,"Bildungsplan Kauffrau/Kaufmann EFZ, BiVo 2023, SKKAB/SBFI",https://www.bzww.ch/public/upload/assets/120804/Bildungsplan_EFZ_August2021_final.pdf
kv,Kauffrau/Kaufmann EFZ,kv_l14,HKB E,L14,"Daten, Datenschutz und Informationssicherheit",medium,single_choice,Worauf muss man beim Thema Incident-Meldung in der Praxis besonders achten?,Vorfall verheimlichen im Rahmen der Routine,selbst Beweise löschen bei vergleichbaren Aufgaben,Sicherheitsvorfälle rasch melden und Vorgaben befolgen,weiterarbeiten als wäre nichts im konkreten Auftrag,C,Schnelle Meldung begrenzt Schäden.,"Bildungsplan Kauffrau/Kaufmann EFZ, BiVo 2023, SKKAB/SBFI",https://www.bzww.ch/public/upload/assets/120804/Bildungsplan_EFZ_August2021_final.pdf
kv,Kauffrau/Kaufmann EFZ,kv_l14,HKB E,L14,"Daten, Datenschutz und Informationssicherheit",hard,single_choice,Welche Aussage zum Thema Incident-Meldung ist fachlich korrekt?,Vorfall verheimlichen im normalen Werkstattbetrieb,selbst Beweise löschen bei sachgemässer Ausführung,weiterarbeiten als wäre nichts im üblichen Berufsalltag,Sicherheitsvorfälle rasch melden und Vorgaben befolgen,D,Schnelle Meldung begrenzt Schäden.,"Bildungsplan Kauffrau/Kaufmann EFZ, BiVo 2023, SKKAB/SBFI",https://www.bzww.ch/public/upload/assets/120804/Bildungsplan_EFZ_August2021_final.pdf
kv,Kauffrau/Kaufmann EFZ,kv_l15,HKB B/C/D,L15,"Wirtschaft, Recht und Compliance",easy,single_choice,Welche Aussage beschreibt das Thema Kaufvertrag im Beruf Kauffrau/Kaufmann EFZ am besten?,"Angebot, Annahme, Leistung und Gegenleistung rechtlich einordnen",nur mündliche Werbung zählen im laufenden Tagesgeschäft,Pflichten ignorieren im konkreten Auftrag im Produktionsalltag,Vertrag immer formlos ausschliessen im Werkstattumfeld,A,Kaufverträge prägen viele kaufmännische Prozesse.,"Bildungsplan Kauffrau/Kaufmann EFZ, BiVo 2023, SKKAB/SBFI",https://www.bzww.ch/public/upload/assets/120804/Bildungsplan_EFZ_August2021_final.pdf
kv,Kauffrau/Kaufmann EFZ,kv_l15,HKB B/C/D,L15,"Wirtschaft, Recht und Compliance",medium,single_choice,Worauf muss man beim Thema Kaufvertrag in der Praxis besonders achten?,nur mündliche Werbung zählen nach gängiger Praxis,"Angebot, Annahme, Leistung und Gegenleistung rechtlich einordnen",Pflichten ignorieren im üblichen Berufsalltag,Vertrag immer formlos ausschliessen unter typischen Arbeitsbedingungen,B,Kaufverträge prägen viele kaufmännische Prozesse.,"Bildungsplan Kauffrau/Kaufmann EFZ, BiVo 2023, SKKAB/SBFI",https://www.bzww.ch/public/upload/assets/120804/Bildungsplan_EFZ_August2021_final.pdf
kv,Kauffrau/Kaufmann EFZ,kv_l15,HKB B/C/D,L15,"Wirtschaft, Recht und Compliance",hard,single_choice,Welche Aussage zum Thema Kaufvertrag ist fachlich korrekt?,nur mündliche Werbung zählen im Produktionsalltag,Pflichten ignorieren im Werkstattumfeld im normalen Werkstattbetrieb,"Angebot, Annahme, Leistung und Gegenleistung rechtlich einordnen",Vertrag immer formlos ausschliessen bei sachgemässem Ablauf,C,Kaufverträge prägen viele kaufmännische Prozesse.,"Bildungsplan Kauffrau/Kaufmann EFZ, BiVo 2023, SKKAB/SBFI",https://www.bzww.ch/public/upload/assets/120804/Bildungsplan_EFZ_August2021_final.pdf
kv,Kauffrau/Kaufmann EFZ,kv_l15,HKB B/C/D,L15,"Wirtschaft, Recht und Compliance",easy,single_choice,Welche Aussage beschreibt das Thema Vertragsstörung im Beruf Kauffrau/Kaufmann EFZ am besten?,Fristen nie setzen unter typischen Arbeitsbedingungen,Mängel still akzeptieren bei vergleichbaren Aufgaben im laufenden Tagesgeschäft,Rechte frei erfinden im Rahmen der Routine im konkreten Auftrag,"Lieferverzug, mangelhafte Lieferung oder Zahlungsverzug korrekt behandeln",D,Vertragsstörungen haben rechtliche Folgen.,"Bildungsplan Kauffrau/Kaufmann EFZ, BiVo 2023, SKKAB/SBFI",https://www.bzww.ch/public/upload/assets/120804/Bildungsplan_EFZ_August2021_final.pdf
kv,Kauffrau/Kaufmann EFZ,kv_l15,HKB B/C/D,L15,"Wirtschaft, Recht und Compliance",medium,single_choice,Worauf muss man beim Thema Vertragsstörung in der Praxis besonders achten?,"Lieferverzug, mangelhafte Lieferung oder Zahlungsverzug korrekt behandeln",Fristen nie setzen bei sachgemässem Ablauf im üblichen Berufsalltag,Mängel still akzeptieren bei sachgemässer Ausführung,Rechte frei erfinden im normalen Werkstattbetrieb nach gängiger Praxis,A,Vertragsstörungen haben rechtliche Folgen.,"Bildungsplan Kauffrau/Kaufmann EFZ, BiVo 2023, SKKAB/SBFI",https://www.bzww.ch/public/upload/assets/120804/Bildungsplan_EFZ_August2021_final.pdf
kv,Kauffrau/Kaufmann EFZ,kv_l15,HKB B/C/D,L15,"Wirtschaft, Recht und Compliance",hard,single_choice,Welche Aussage zum Thema Vertragsstörung ist fachlich korrekt?,Fristen nie setzen bei vergleichbaren Aufgaben im Produktionsalltag,"Lieferverzug, mangelhafte Lieferung oder Zahlungsverzug korrekt behandeln",Mängel still akzeptieren im laufenden Tagesgeschäft bei sachgemässem Ablauf,Rechte frei erfinden im konkreten Auftrag im Werkstattumfeld,B,Vertragsstörungen haben rechtliche Folgen.,"Bildungsplan Kauffrau/Kaufmann EFZ, BiVo 2023, SKKAB/SBFI",https://www.bzww.ch/public/upload/assets/120804/Bildungsplan_EFZ_August2021_final.pdf
kv,Kauffrau/Kaufmann EFZ,kv_l15,HKB B/C/D,L15,"Wirtschaft, Recht und Compliance",easy,single_choice,Welche Aussage beschreibt das Thema Compliance im Beruf Kauffrau/Kaufmann EFZ am besten?,Regeln nur bei Kontrollen beachten nach gängiger Praxis,Interessenkonflikte verbergen im üblichen Berufsalltag,"Gesetze, interne Regeln und ethische Standards einhalten",Geschenke immer annehmen bei sachgemässer Ausführung,C,Compliance schützt Unternehmen und Mitarbeitende.,"Bildungsplan Kauffrau/Kaufmann EFZ, BiVo 2023, SKKAB/SBFI",https://www.bzww.ch/public/upload/assets/120804/Bildungsplan_EFZ_August2021_final.pdf
kv,Kauffrau/Kaufmann EFZ,kv_l15,HKB B/C/D,L15,"Wirtschaft, Recht und Compliance",medium,single_choice,Worauf muss man beim Thema Compliance in der Praxis besonders achten?,Regeln nur bei Kontrollen beachten im Produktionsalltag,Interessenkonflikte verbergen im Werkstattumfeld,Geschenke immer annehmen im laufenden Tagesgeschäft,"Gesetze, interne Regeln und ethische Standards einhalten",D,Compliance schützt Unternehmen und Mitarbeitende.,"Bildungsplan Kauffrau/Kaufmann EFZ, BiVo 2023, SKKAB/SBFI",https://www.bzww.ch/public/upload/assets/120804/Bildungsplan_EFZ_August2021_final.pdf
kv,Kauffrau/Kaufmann EFZ,kv_l15,HKB B/C/D,L15,"Wirtschaft, Recht und Compliance",hard,single_choice,Welche Aussage zum Thema Compliance ist fachlich korrekt?,"Gesetze, interne Regeln und ethische Standards einhalten",Regeln nur bei Kontrollen beachten im Rahmen der Routine,Interessenkonflikte verbergen unter typischen Arbeitsbedingungen,Geschenke immer annehmen nach gängiger Praxis,A,Compliance schützt Unternehmen und Mitarbeitende.,"Bildungsplan Kauffrau/Kaufmann EFZ, BiVo 2023, SKKAB/SBFI",https://www.bzww.ch/public/upload/assets/120804/Bildungsplan_EFZ_August2021_final.pdf
kv,Kauffrau/Kaufmann EFZ,kv_l15,HKB B/C/D,L15,"Wirtschaft, Recht und Compliance",easy,single_choice,Welche Aussage beschreibt das Thema Interessenkonflikt im Beruf Kauffrau/Kaufmann EFZ am besten?,Konflikt verschweigen im Produktionsalltag,private und geschäftliche Interessen transparent trennen,Entscheid selbst begünstigen im normalen Werkstattbetrieb,Vorteile heimlich annehmen bei sachgemässem Ablauf,B,Transparenz verhindert Vertrauensverlust.,"Bildungsplan Kauffrau/Kaufmann EFZ, BiVo 2023, SKKAB/SBFI",https://www.bzww.ch/public/upload/assets/120804/Bildungsplan_EFZ_August2021_final.pdf
kv,Kauffrau/Kaufmann EFZ,kv_l15,HKB B/C/D,L15,"Wirtschaft, Recht und Compliance",medium,single_choice,Worauf muss man beim Thema Interessenkonflikt in der Praxis besonders achten?,Konflikt verschweigen im Rahmen der Routine,Entscheid selbst begünstigen im konkreten Auftrag,private und geschäftliche Interessen transparent trennen,Vorteile heimlich annehmen bei vergleichbaren Aufgaben,C,Transparenz verhindert Vertrauensverlust.,"Bildungsplan Kauffrau/Kaufmann EFZ, BiVo 2023, SKKAB/SBFI",https://www.bzww.ch/public/upload/assets/120804/Bildungsplan_EFZ_August2021_final.pdf
kv,Kauffrau/Kaufmann EFZ,kv_l15,HKB B/C/D,L15,"Wirtschaft, Recht und Compliance",hard,single_choice,Welche Aussage zum Thema Interessenkonflikt ist fachlich korrekt?,Konflikt verschweigen im normalen Werkstattbetrieb,Entscheid selbst begünstigen im üblichen Berufsalltag,Vorteile heimlich annehmen bei sachgemässer Ausführung,private und geschäftliche Interessen transparent trennen,D,Transparenz verhindert Vertrauensverlust.,"Bildungsplan Kauffrau/Kaufmann EFZ, BiVo 2023, SKKAB/SBFI",https://www.bzww.ch/public/upload/assets/120804/Bildungsplan_EFZ_August2021_final.pdf
kv,Kauffrau/Kaufmann EFZ,kv_l15,HKB B/C/D,L15,"Wirtschaft, Recht und Compliance",easy,single_choice,Welche Aussage beschreibt das Thema Schweigepflicht im Beruf Kauffrau/Kaufmann EFZ am besten?,vertrauliche Informationen nicht unberechtigt offenlegen,Kundendaten privat erzählen im konkreten Auftrag,Unterlagen offen liegen lassen im Werkstattumfeld,E-Mails beliebig weiterleiten im laufenden Tagesgeschäft,A,Schweigepflicht ist besonders in sensiblen Bereichen wichtig.,"Bildungsplan Kauffrau/Kaufmann EFZ, BiVo 2023, SKKAB/SBFI",https://www.bzww.ch/public/upload/assets/120804/Bildungsplan_EFZ_August2021_final.pdf
kv,Kauffrau/Kaufmann EFZ,kv_l15,HKB B/C/D,L15,"Wirtschaft, Recht und Compliance",medium,single_choice,Worauf muss man beim Thema Schweigepflicht in der Praxis besonders achten?,Kundendaten privat erzählen im üblichen Berufsalltag,vertrauliche Informationen nicht unberechtigt offenlegen,Unterlagen offen liegen lassen unter typischen Arbeitsbedingungen,E-Mails beliebig weiterleiten nach gängiger Praxis,B,Schweigepflicht ist besonders in sensiblen Bereichen wichtig.,"Bildungsplan Kauffrau/Kaufmann EFZ, BiVo 2023, SKKAB/SBFI",https://www.bzww.ch/public/upload/assets/120804/Bildungsplan_EFZ_August2021_final.pdf
kv,Kauffrau/Kaufmann EFZ,kv_l15,HKB B/C/D,L15,"Wirtschaft, Recht und Compliance",hard,single_choice,Welche Aussage zum Thema Schweigepflicht ist fachlich korrekt?,Kundendaten privat erzählen im Werkstattumfeld,Unterlagen offen liegen lassen bei sachgemässem Ablauf,vertrauliche Informationen nicht unberechtigt offenlegen,E-Mails beliebig weiterleiten im Produktionsalltag,C,Schweigepflicht ist besonders in sensiblen Bereichen wichtig.,"Bildungsplan Kauffrau/Kaufmann EFZ, BiVo 2023, SKKAB/SBFI",https://www.bzww.ch/public/upload/assets/120804/Bildungsplan_EFZ_August2021_final.pdf
kv,Kauffrau/Kaufmann EFZ,kv_l15,HKB B/C/D,L15,"Wirtschaft, Recht und Compliance",easy,single_choice,Welche Aussage beschreibt das Thema Markt und Wettbewerb im Beruf Kauffrau/Kaufmann EFZ am besten?,Mitbewerber ignorieren unter typischen Arbeitsbedingungen,Preise ohne Marktbezug setzen bei vergleichbaren Aufgaben,Kundenbedürfnisse ausblenden im Rahmen der Routine,"Angebot, Nachfrage und Konkurrenz im Umfeld beobachten",D,Marktverständnis unterstützt Entscheidungen.,"Bildungsplan Kauffrau/Kaufmann EFZ, BiVo 2023, SKKAB/SBFI",https://www.bzww.ch/public/upload/assets/120804/Bildungsplan_EFZ_August2021_final.pdf
kv,Kauffrau/Kaufmann EFZ,kv_l15,HKB B/C/D,L15,"Wirtschaft, Recht und Compliance",medium,single_choice,Worauf muss man beim Thema Markt und Wettbewerb in der Praxis besonders achten?,"Angebot, Nachfrage und Konkurrenz im Umfeld beobachten",Mitbewerber ignorieren bei sachgemässem Ablauf,Preise ohne Marktbezug setzen bei sachgemässer Ausführung,Kundenbedürfnisse ausblenden im normalen Werkstattbetrieb,A,Marktverständnis unterstützt Entscheidungen.,"Bildungsplan Kauffrau/Kaufmann EFZ, BiVo 2023, SKKAB/SBFI",https://www.bzww.ch/public/upload/assets/120804/Bildungsplan_EFZ_August2021_final.pdf
kv,Kauffrau/Kaufmann EFZ,kv_l15,HKB B/C/D,L15,"Wirtschaft, Recht und Compliance",hard,single_choice,Welche Aussage zum Thema Markt und Wettbewerb ist fachlich korrekt?,Mitbewerber ignorieren bei vergleichbaren Aufgaben,"Angebot, Nachfrage und Konkurrenz im Umfeld beobachten",Preise ohne Marktbezug setzen im laufenden Tagesgeschäft,Kundenbedürfnisse ausblenden im konkreten Auftrag,B,Marktverständnis unterstützt Entscheidungen.,"Bildungsplan Kauffrau/Kaufmann EFZ, BiVo 2023, SKKAB/SBFI",https://www.bzww.ch/public/upload/assets/120804/Bildungsplan_EFZ_August2021_final.pdf
kv,Kauffrau/Kaufmann EFZ,kv_l15,HKB B/C/D,L15,"Wirtschaft, Recht und Compliance",easy,single_choice,Welche Aussage beschreibt das Thema Unternehmensform im Beruf Kauffrau/Kaufmann EFZ am besten?,alle Firmen gleich behandeln im üblichen Berufsalltag,Haftung ignorieren bei sachgemässer Ausführung unter typischen Arbeitsbedingungen,rechtliche und organisatorische Unterschiede von Unternehmen kennen,Einzelfirma mit AG verwechseln nach gängiger Praxis,C,Rechtsformen beeinflussen Haftung und Organisation.,"Bildungsplan Kauffrau/Kaufmann EFZ, BiVo 2023, SKKAB/SBFI",https://www.bzww.ch/public/upload/assets/120804/Bildungsplan_EFZ_August2021_final.pdf
kv,Kauffrau/Kaufmann EFZ,kv_l15,HKB B/C/D,L15,"Wirtschaft, Recht und Compliance",medium,single_choice,Worauf muss man beim Thema Unternehmensform in der Praxis besonders achten?,alle Firmen gleich behandeln im Werkstattumfeld,Haftung ignorieren im laufenden Tagesgeschäft bei sachgemässem Ablauf,Einzelfirma mit AG verwechseln im Produktionsalltag,rechtliche und organisatorische Unterschiede von Unternehmen kennen,D,Rechtsformen beeinflussen Haftung und Organisation.,"Bildungsplan Kauffrau/Kaufmann EFZ, BiVo 2023, SKKAB/SBFI",https://www.bzww.ch/public/upload/assets/120804/Bildungsplan_EFZ_August2021_final.pdf
kv,Kauffrau/Kaufmann EFZ,kv_l15,HKB B/C/D,L15,"Wirtschaft, Recht und Compliance",hard,single_choice,Welche Aussage zum Thema Unternehmensform ist fachlich korrekt?,rechtliche und organisatorische Unterschiede von Unternehmen kennen,alle Firmen gleich behandeln unter typischen Arbeitsbedingungen,Haftung ignorieren nach gängiger Praxis bei vergleichbaren Aufgaben,Einzelfirma mit AG verwechseln im Rahmen der Routine,A,Rechtsformen beeinflussen Haftung und Organisation.,"Bildungsplan Kauffrau/Kaufmann EFZ, BiVo 2023, SKKAB/SBFI",https://www.bzww.ch/public/upload/assets/120804/Bildungsplan_EFZ_August2021_final.pdf
kv,Kauffrau/Kaufmann EFZ,kv_l15,HKB B/C/D,L15,"Wirtschaft, Recht und Compliance",easy,single_choice,Welche Aussage beschreibt das Thema Nachhaltigkeit im Beruf Kauffrau/Kaufmann EFZ am besten?,nur kurzfristigen Gewinn betrachten im normalen Werkstattbetrieb,"ökonomische, ökologische und soziale Aspekte abwägen",Umweltwirkungen ignorieren bei sachgemässem Ablauf,soziale Folgen ausblenden im Produktionsalltag,B,Nachhaltigkeit ist Teil moderner Unternehmensführung.,"Bildungsplan Kauffrau/Kaufmann EFZ, BiVo 2023, SKKAB/SBFI",https://www.bzww.ch/public/upload/assets/120804/Bildungsplan_EFZ_August2021_final.pdf
kv,Kauffrau/Kaufmann EFZ,kv_l15,HKB B/C/D,L15,"Wirtschaft, Recht und Compliance",medium,single_choice,Worauf muss man beim Thema Nachhaltigkeit in der Praxis besonders achten?,nur kurzfristigen Gewinn betrachten im konkreten Auftrag,Umweltwirkungen ignorieren bei vergleichbaren Aufgaben,"ökonomische, ökologische und soziale Aspekte abwägen",soziale Folgen ausblenden im Rahmen der Routine,C,Nachhaltigkeit ist Teil moderner Unternehmensführung.,"Bildungsplan Kauffrau/Kaufmann EFZ, BiVo 2023, SKKAB/SBFI",https://www.bzww.ch/public/upload/assets/120804/Bildungsplan_EFZ_August2021_final.pdf
kv,Kauffrau/Kaufmann EFZ,kv_l15,HKB B/C/D,L15,"Wirtschaft, Recht und Compliance",hard,single_choice,Welche Aussage zum Thema Nachhaltigkeit ist fachlich korrekt?,nur kurzfristigen Gewinn betrachten im üblichen Berufsalltag,Umweltwirkungen ignorieren bei sachgemässer Ausführung,soziale Folgen ausblenden im normalen Werkstattbetrieb,"ökonomische, ökologische und soziale Aspekte abwägen",D,Nachhaltigkeit ist Teil moderner Unternehmensführung.,"Bildungsplan Kauffrau/Kaufmann EFZ, BiVo 2023, SKKAB/SBFI",https://www.bzww.ch/public/upload/assets/120804/Bildungsplan_EFZ_August2021_final.pdf
kv,Kauffrau/Kaufmann EFZ,kv_l15,HKB B/C/D,L15,"Wirtschaft, Recht und Compliance",easy,single_choice,Welche Aussage beschreibt das Thema Rechtsquelle im Beruf Kauffrau/Kaufmann EFZ am besten?,"relevante Gesetze, Verträge und interne Vorgaben unterscheiden",Social Media als Gesetz nutzen im laufenden Tagesgeschäft,alte Vorlagen ungeprüft anwenden im Werkstattumfeld,Quellen nicht dokumentieren im konkreten Auftrag,A,Rechtsfragen benötigen verlässliche Grundlagen.,"Bildungsplan Kauffrau/Kaufmann EFZ, BiVo 2023, SKKAB/SBFI",https://www.bzww.ch/public/upload/assets/120804/Bildungsplan_EFZ_August2021_final.pdf
kv,Kauffrau/Kaufmann EFZ,kv_l15,HKB B/C/D,L15,"Wirtschaft, Recht und Compliance",medium,single_choice,Worauf muss man beim Thema Rechtsquelle in der Praxis besonders achten?,Social Media als Gesetz nutzen nach gängiger Praxis,"relevante Gesetze, Verträge und interne Vorgaben unterscheiden",alte Vorlagen ungeprüft anwenden unter typischen Arbeitsbedingungen,Quellen nicht dokumentieren im üblichen Berufsalltag,B,Rechtsfragen benötigen verlässliche Grundlagen.,"Bildungsplan Kauffrau/Kaufmann EFZ, BiVo 2023, SKKAB/SBFI",https://www.bzww.ch/public/upload/assets/120804/Bildungsplan_EFZ_August2021_final.pdf
kv,Kauffrau/Kaufmann EFZ,kv_l15,HKB B/C/D,L15,"Wirtschaft, Recht und Compliance",hard,single_choice,Welche Aussage zum Thema Rechtsquelle ist fachlich korrekt?,Social Media als Gesetz nutzen im Produktionsalltag,alte Vorlagen ungeprüft anwenden bei sachgemässem Ablauf,"relevante Gesetze, Verträge und interne Vorgaben unterscheiden",Quellen nicht dokumentieren im Werkstattumfeld,C,Rechtsfragen benötigen verlässliche Grundlagen.,"Bildungsplan Kauffrau/Kaufmann EFZ, BiVo 2023, SKKAB/SBFI",https://www.bzww.ch/public/upload/assets/120804/Bildungsplan_EFZ_August2021_final.pdf
kv,Kauffrau/Kaufmann EFZ,kv_l15,HKB B/C/D,L15,"Wirtschaft, Recht und Compliance",easy,single_choice,Welche Aussage beschreibt das Thema Ethik im Geschäftsalltag im Beruf Kauffrau/Kaufmann EFZ am besten?,Kunden täuschen unter typischen Arbeitsbedingungen,Fehler verschweigen bei vergleichbaren Aufgaben,Druck missbrauchen im Rahmen der Routine,"fair, transparent und verantwortungsvoll handeln",D,Ethik stärkt Vertrauen und Reputation.,"Bildungsplan Kauffrau/Kaufmann EFZ, BiVo 2023, SKKAB/SBFI",https://www.bzww.ch/public/upload/assets/120804/Bildungsplan_EFZ_August2021_final.pdf
kv,Kauffrau/Kaufmann EFZ,kv_l15,HKB B/C/D,L15,"Wirtschaft, Recht und Compliance",medium,single_choice,Worauf muss man beim Thema Ethik im Geschäftsalltag in der Praxis besonders achten?,"fair, transparent und verantwortungsvoll handeln",Kunden täuschen bei sachgemässem Ablauf,Fehler verschweigen bei sachgemässer Ausführung,Druck missbrauchen im normalen Werkstattbetrieb,A,Ethik stärkt Vertrauen und Reputation.,"Bildungsplan Kauffrau/Kaufmann EFZ, BiVo 2023, SKKAB/SBFI",https://www.bzww.ch/public/upload/assets/120804/Bildungsplan_EFZ_August2021_final.pdf
kv,Kauffrau/Kaufmann EFZ,kv_l15,HKB B/C/D,L15,"Wirtschaft, Recht und Compliance",hard,single_choice,Welche Aussage zum Thema Ethik im Geschäftsalltag ist fachlich korrekt?,Kunden täuschen bei vergleichbaren Aufgaben,"fair, transparent und verantwortungsvoll handeln",Fehler verschweigen im laufenden Tagesgeschäft,Druck missbrauchen im konkreten Auftrag,B,Ethik stärkt Vertrauen und Reputation.,"Bildungsplan Kauffrau/Kaufmann EFZ, BiVo 2023, SKKAB/SBFI",https://www.bzww.ch/public/upload/assets/120804/Bildungsplan_EFZ_August2021_final.pdf
kv,Kauffrau/Kaufmann EFZ,kv_l16,HKB A-E,L16,QV-Repetition und vernetztes Handeln,easy,single_choice,Welche Aussage beschreibt das Thema vernetztes Denken im Beruf Kauffrau/Kaufmann EFZ am besten?,Themen isoliert betrachten nach gängiger Praxis bei vergleichbaren Aufgaben,Folgen ignorieren bei sachgemässer Ausführung unter typischen Arbeitsbedingungen,"Zusammenhänge zwischen Kunden, Prozessen, Recht und Technik erkennen",nur auswendig lernen im üblichen Berufsalltag im Rahmen der Routine,C,QV-Situationen prüfen oft mehrere Kompetenzen gleichzeitig.,"Bildungsplan Kauffrau/Kaufmann EFZ, BiVo 2023, SKKAB/SBFI",https://www.bzww.ch/public/upload/assets/120804/Bildungsplan_EFZ_August2021_final.pdf
kv,Kauffrau/Kaufmann EFZ,kv_l16,HKB A-E,L16,QV-Repetition und vernetztes Handeln,medium,single_choice,Worauf muss man beim Thema vernetztes Denken in der Praxis besonders achten?,Themen isoliert betrachten im Produktionsalltag bei sachgemässer Ausführung,Folgen ignorieren im laufenden Tagesgeschäft im normalen Werkstattbetrieb,nur auswendig lernen im Werkstattumfeld bei sachgemässem Ablauf,"Zusammenhänge zwischen Kunden, Prozessen, Recht und Technik erkennen",D,QV-Situationen prüfen oft mehrere Kompetenzen gleichzeitig.,"Bildungsplan Kauffrau/Kaufmann EFZ, BiVo 2023, SKKAB/SBFI",https://www.bzww.ch/public/upload/assets/120804/Bildungsplan_EFZ_August2021_final.pdf
kv,Kauffrau/Kaufmann EFZ,kv_l16,HKB A-E,L16,QV-Repetition und vernetztes Handeln,hard,single_choice,Welche Aussage zum Thema vernetztes Denken ist fachlich korrekt?,"Zusammenhänge zwischen Kunden, Prozessen, Recht und Technik erkennen",Themen isoliert betrachten im Rahmen der Routine,Folgen ignorieren nach gängiger Praxis bei vergleichbaren Aufgaben,nur auswendig lernen unter typischen Arbeitsbedingungen,A,QV-Situationen prüfen oft mehrere Kompetenzen gleichzeitig.,"Bildungsplan Kauffrau/Kaufmann EFZ, BiVo 2023, SKKAB/SBFI",https://www.bzww.ch/public/upload/assets/120804/Bildungsplan_EFZ_August2021_final.pdf
kv,Kauffrau/Kaufmann EFZ,kv_l16,HKB A-E,L16,QV-Repetition und vernetztes Handeln,easy,single_choice,Welche Aussage beschreibt das Thema Handlungssituation im Beruf Kauffrau/Kaufmann EFZ am besten?,nur Definitionen aufsagen bei sachgemässem Ablauf,berufliche Aufgaben realitätsnah analysieren und lösen,Kontext ignorieren im Produktionsalltag,keine Entscheidung begründen im normalen Werkstattbetrieb,B,Handlungskompetenz zeigt sich in konkreten Situationen.,"Bildungsplan Kauffrau/Kaufmann EFZ, BiVo 2023, SKKAB/SBFI",https://www.bzww.ch/public/upload/assets/120804/Bildungsplan_EFZ_August2021_final.pdf
kv,Kauffrau/Kaufmann EFZ,kv_l16,HKB A-E,L16,QV-Repetition und vernetztes Handeln,medium,single_choice,Worauf muss man beim Thema Handlungssituation in der Praxis besonders achten?,nur Definitionen aufsagen bei vergleichbaren Aufgaben,Kontext ignorieren im Rahmen der Routine,berufliche Aufgaben realitätsnah analysieren und lösen,keine Entscheidung begründen im konkreten Auftrag,C,Handlungskompetenz zeigt sich in konkreten Situationen.,"Bildungsplan Kauffrau/Kaufmann EFZ, BiVo 2023, SKKAB/SBFI",https://www.bzww.ch/public/upload/assets/120804/Bildungsplan_EFZ_August2021_final.pdf
kv,Kauffrau/Kaufmann EFZ,kv_l16,HKB A-E,L16,QV-Repetition und vernetztes Handeln,hard,single_choice,Welche Aussage zum Thema Handlungssituation ist fachlich korrekt?,nur Definitionen aufsagen bei sachgemässer Ausführung,Kontext ignorieren im normalen Werkstattbetrieb,keine Entscheidung begründen im üblichen Berufsalltag,berufliche Aufgaben realitätsnah analysieren und lösen,D,Handlungskompetenz zeigt sich in konkreten Situationen.,"Bildungsplan Kauffrau/Kaufmann EFZ, BiVo 2023, SKKAB/SBFI",https://www.bzww.ch/public/upload/assets/120804/Bildungsplan_EFZ_August2021_final.pdf
kv,Kauffrau/Kaufmann EFZ,kv_l16,HKB A-E,L16,QV-Repetition und vernetztes Handeln,easy,single_choice,Welche Aussage beschreibt das Thema Fallbearbeitung im Beruf Kauffrau/Kaufmann EFZ am besten?,"Informationen strukturieren, Lösung entwickeln und begründen",sofort raten im konkreten Auftrag im Produktionsalltag,Auftrag nicht lesen im laufenden Tagesgeschäft,Begründung weglassen im Werkstattumfeld bei sachgemässem Ablauf,A,Systematisches Vorgehen verbessert Prüfungsleistung.,"Bildungsplan Kauffrau/Kaufmann EFZ, BiVo 2023, SKKAB/SBFI",https://www.bzww.ch/public/upload/assets/120804/Bildungsplan_EFZ_August2021_final.pdf
kv,Kauffrau/Kaufmann EFZ,kv_l16,HKB A-E,L16,QV-Repetition und vernetztes Handeln,medium,single_choice,Worauf muss man beim Thema Fallbearbeitung in der Praxis besonders achten?,sofort raten im üblichen Berufsalltag im Rahmen der Routine,"Informationen strukturieren, Lösung entwickeln und begründen",Auftrag nicht lesen nach gängiger Praxis bei vergleichbaren Aufgaben,Begründung weglassen unter typischen Arbeitsbedingungen,B,Systematisches Vorgehen verbessert Prüfungsleistung.,"Bildungsplan Kauffrau/Kaufmann EFZ, BiVo 2023, SKKAB/SBFI",https://www.bzww.ch/public/upload/assets/120804/Bildungsplan_EFZ_August2021_final.pdf
kv,Kauffrau/Kaufmann EFZ,kv_l16,HKB A-E,L16,QV-Repetition und vernetztes Handeln,hard,single_choice,Welche Aussage zum Thema Fallbearbeitung ist fachlich korrekt?,sofort raten im Werkstattumfeld im normalen Werkstattbetrieb,Auftrag nicht lesen im Produktionsalltag bei sachgemässer Ausführung,"Informationen strukturieren, Lösung entwickeln und begründen",Begründung weglassen bei sachgemässem Ablauf,C,Systematisches Vorgehen verbessert Prüfungsleistung.,"Bildungsplan Kauffrau/Kaufmann EFZ, BiVo 2023, SKKAB/SBFI",https://www.bzww.ch/public/upload/assets/120804/Bildungsplan_EFZ_August2021_final.pdf
kv,Kauffrau/Kaufmann EFZ,kv_l16,HKB A-E,L16,QV-Repetition und vernetztes Handeln,easy,single_choice,Welche Aussage beschreibt das Thema Reflexion im Beruf Kauffrau/Kaufmann EFZ am besten?,Fehler ignorieren unter typischen Arbeitsbedingungen,nur Glück bewerten im Rahmen der Routine,keine Alternativen prüfen bei vergleichbaren Aufgaben,Ergebnis und Vorgehen prüfen und Verbesserungen ableiten,D,Reflexion ist Teil professionellen Handelns.,"Bildungsplan Kauffrau/Kaufmann EFZ, BiVo 2023, SKKAB/SBFI",https://www.bzww.ch/public/upload/assets/120804/Bildungsplan_EFZ_August2021_final.pdf
kv,Kauffrau/Kaufmann EFZ,kv_l16,HKB A-E,L16,QV-Repetition und vernetztes Handeln,medium,single_choice,Worauf muss man beim Thema Reflexion in der Praxis besonders achten?,Ergebnis und Vorgehen prüfen und Verbesserungen ableiten,Fehler ignorieren bei sachgemässem Ablauf,nur Glück bewerten im normalen Werkstattbetrieb,keine Alternativen prüfen bei sachgemässer Ausführung,A,Reflexion ist Teil professionellen Handelns.,"Bildungsplan Kauffrau/Kaufmann EFZ, BiVo 2023, SKKAB/SBFI",https://www.bzww.ch/public/upload/assets/120804/Bildungsplan_EFZ_August2021_final.pdf
kv,Kauffrau/Kaufmann EFZ,kv_l16,HKB A-E,L16,QV-Repetition und vernetztes Handeln,hard,single_choice,Welche Aussage zum Thema Reflexion ist fachlich korrekt?,Fehler ignorieren bei vergleichbaren Aufgaben,Ergebnis und Vorgehen prüfen und Verbesserungen ableiten,nur Glück bewerten im konkreten Auftrag im Werkstattumfeld,keine Alternativen prüfen im laufenden Tagesgeschäft,B,Reflexion ist Teil professionellen Handelns.,"Bildungsplan Kauffrau/Kaufmann EFZ, BiVo 2023, SKKAB/SBFI",https://www.bzww.ch/public/upload/assets/120804/Bildungsplan_EFZ_August2021_final.pdf
kv,Kauffrau/Kaufmann EFZ,kv_l16,HKB A-E,L16,QV-Repetition und vernetztes Handeln,easy,single_choice,Welche Aussage beschreibt das Thema Präsentation im Beruf Kauffrau/Kaufmann EFZ am besten?,ohne Struktur sprechen nach gängiger Praxis unter typischen Arbeitsbedingungen,Zahlen nicht erklären im üblichen Berufsalltag,"Ergebnisse klar, adressatengerecht und überzeugend darstellen",Fragen abblocken bei sachgemässer Ausführung,C,Präsentieren ist in Schule und Betrieb wichtig.,"Bildungsplan Kauffrau/Kaufmann EFZ, BiVo 2023, SKKAB/SBFI",https://www.bzww.ch/public/upload/assets/120804/Bildungsplan_EFZ_August2021_final.pdf
kv,Kauffrau/Kaufmann EFZ,kv_l16,HKB A-E,L16,QV-Repetition und vernetztes Handeln,medium,single_choice,Worauf muss man beim Thema Präsentation in der Praxis besonders achten?,ohne Struktur sprechen im Produktionsalltag,Zahlen nicht erklären im Werkstattumfeld bei sachgemässem Ablauf,Fragen abblocken im laufenden Tagesgeschäft,"Ergebnisse klar, adressatengerecht und überzeugend darstellen",D,Präsentieren ist in Schule und Betrieb wichtig.,"Bildungsplan Kauffrau/Kaufmann EFZ, BiVo 2023, SKKAB/SBFI",https://www.bzww.ch/public/upload/assets/120804/Bildungsplan_EFZ_August2021_final.pdf
kv,Kauffrau/Kaufmann EFZ,kv_l16,HKB A-E,L16,QV-Repetition und vernetztes Handeln,hard,single_choice,Welche Aussage zum Thema Präsentation ist fachlich korrekt?,"Ergebnisse klar, adressatengerecht und überzeugend darstellen",ohne Struktur sprechen im Rahmen der Routine,Zahlen nicht erklären unter typischen Arbeitsbedingungen,Fragen abblocken nach gängiger Praxis bei vergleichbaren Aufgaben,A,Präsentieren ist in Schule und Betrieb wichtig.,"Bildungsplan Kauffrau/Kaufmann EFZ, BiVo 2023, SKKAB/SBFI",https://www.bzww.ch/public/upload/assets/120804/Bildungsplan_EFZ_August2021_final.pdf
kv,Kauffrau/Kaufmann EFZ,kv_l16,HKB A-E,L16,QV-Repetition und vernetztes Handeln,easy,single_choice,Welche Aussage beschreibt das Thema Dokumentationsqualität im Beruf Kauffrau/Kaufmann EFZ am besten?,fehlende Belege übersehen bei sachgemässem Ablauf,"Unterlagen vollständig, korrekt und nachvollziehbar erstellen",Formatierung chaotisch lassen im normalen Werkstattbetrieb,Quellen nicht nennen im Produktionsalltag bei sachgemässer Ausführung,B,Dokumente zeigen Professionalität.,"Bildungsplan Kauffrau/Kaufmann EFZ, BiVo 2023, SKKAB/SBFI",https://www.bzww.ch/public/upload/assets/120804/Bildungsplan_EFZ_August2021_final.pdf
kv,Kauffrau/Kaufmann EFZ,kv_l16,HKB A-E,L16,QV-Repetition und vernetztes Handeln,medium,single_choice,Worauf muss man beim Thema Dokumentationsqualität in der Praxis besonders achten?,fehlende Belege übersehen bei vergleichbaren Aufgaben,Formatierung chaotisch lassen im konkreten Auftrag,"Unterlagen vollständig, korrekt und nachvollziehbar erstellen",Quellen nicht nennen im Rahmen der Routine im laufenden Tagesgeschäft,C,Dokumente zeigen Professionalität.,"Bildungsplan Kauffrau/Kaufmann EFZ, BiVo 2023, SKKAB/SBFI",https://www.bzww.ch/public/upload/assets/120804/Bildungsplan_EFZ_August2021_final.pdf
kv,Kauffrau/Kaufmann EFZ,kv_l16,HKB A-E,L16,QV-Repetition und vernetztes Handeln,hard,single_choice,Welche Aussage zum Thema Dokumentationsqualität ist fachlich korrekt?,fehlende Belege übersehen bei sachgemässer Ausführung,Formatierung chaotisch lassen im üblichen Berufsalltag,Quellen nicht nennen im normalen Werkstattbetrieb,"Unterlagen vollständig, korrekt und nachvollziehbar erstellen",D,Dokumente zeigen Professionalität.,"Bildungsplan Kauffrau/Kaufmann EFZ, BiVo 2023, SKKAB/SBFI",https://www.bzww.ch/public/upload/assets/120804/Bildungsplan_EFZ_August2021_final.pdf
kv,Kauffrau/Kaufmann EFZ,kv_l16,HKB A-E,L16,QV-Repetition und vernetztes Handeln,easy,single_choice,Welche Aussage beschreibt das Thema Zeitmanagement im QV im Beruf Kauffrau/Kaufmann EFZ am besten?,Aufgabenzeit einteilen und Schwerpunkte setzen,bei einer Aufgabe hängen bleiben im Werkstattumfeld,Zeit nie kontrollieren im konkreten Auftrag,leichte Punkte auslassen im laufenden Tagesgeschäft,A,Gute Zeiteinteilung erhöht Abschlussqualität.,"Bildungsplan Kauffrau/Kaufmann EFZ, BiVo 2023, SKKAB/SBFI",https://www.bzww.ch/public/upload/assets/120804/Bildungsplan_EFZ_August2021_final.pdf
kv,Kauffrau/Kaufmann EFZ,kv_l16,HKB A-E,L16,QV-Repetition und vernetztes Handeln,medium,single_choice,Worauf muss man beim Thema Zeitmanagement im QV in der Praxis besonders achten?,bei einer Aufgabe hängen bleiben unter typischen Arbeitsbedingungen,Aufgabenzeit einteilen und Schwerpunkte setzen,Zeit nie kontrollieren im üblichen Berufsalltag,leichte Punkte auslassen nach gängiger Praxis,B,Gute Zeiteinteilung erhöht Abschlussqualität.,"Bildungsplan Kauffrau/Kaufmann EFZ, BiVo 2023, SKKAB/SBFI",https://www.bzww.ch/public/upload/assets/120804/Bildungsplan_EFZ_August2021_final.pdf
kv,Kauffrau/Kaufmann EFZ,kv_l16,HKB A-E,L16,QV-Repetition und vernetztes Handeln,hard,single_choice,Welche Aussage zum Thema Zeitmanagement im QV ist fachlich korrekt?,bei einer Aufgabe hängen bleiben bei sachgemässem Ablauf,Zeit nie kontrollieren im Werkstattumfeld,Aufgabenzeit einteilen und Schwerpunkte setzen,leichte Punkte auslassen im Produktionsalltag,C,Gute Zeiteinteilung erhöht Abschlussqualität.,"Bildungsplan Kauffrau/Kaufmann EFZ, BiVo 2023, SKKAB/SBFI",https://www.bzww.ch/public/upload/assets/120804/Bildungsplan_EFZ_August2021_final.pdf
kv,Kauffrau/Kaufmann EFZ,kv_l16,HKB A-E,L16,QV-Repetition und vernetztes Handeln,easy,single_choice,Welche Aussage beschreibt das Thema Plausibilitätskontrolle im Beruf Kauffrau/Kaufmann EFZ am besten?,jede Zahl ungeprüft übernehmen bei vergleichbaren Aufgaben,Einheiten ignorieren unter typischen Arbeitsbedingungen,Widersprüche stehen lassen im Rahmen der Routine,"Ergebnisse auf Sinn, Zahlenlogik und Vorgaben prüfen",D,Kontrolle findet typische Fehler.,"Bildungsplan Kauffrau/Kaufmann EFZ, BiVo 2023, SKKAB/SBFI",https://www.bzww.ch/public/upload/assets/120804/Bildungsplan_EFZ_August2021_final.pdf
kv,Kauffrau/Kaufmann EFZ,kv_l16,HKB A-E,L16,QV-Repetition und vernetztes Handeln,medium,single_choice,Worauf muss man beim Thema Plausibilitätskontrolle in der Praxis besonders achten?,"Ergebnisse auf Sinn, Zahlenlogik und Vorgaben prüfen",jede Zahl ungeprüft übernehmen bei sachgemässer Ausführung,Einheiten ignorieren bei sachgemässem Ablauf,Widersprüche stehen lassen im normalen Werkstattbetrieb,A,Kontrolle findet typische Fehler.,"Bildungsplan Kauffrau/Kaufmann EFZ, BiVo 2023, SKKAB/SBFI",https://www.bzww.ch/public/upload/assets/120804/Bildungsplan_EFZ_August2021_final.pdf
kv,Kauffrau/Kaufmann EFZ,kv_l16,HKB A-E,L16,QV-Repetition und vernetztes Handeln,hard,single_choice,Welche Aussage zum Thema Plausibilitätskontrolle ist fachlich korrekt?,jede Zahl ungeprüft übernehmen im laufenden Tagesgeschäft,"Ergebnisse auf Sinn, Zahlenlogik und Vorgaben prüfen",Einheiten ignorieren bei vergleichbaren Aufgaben,Widersprüche stehen lassen im konkreten Auftrag,B,Kontrolle findet typische Fehler.,"Bildungsplan Kauffrau/Kaufmann EFZ, BiVo 2023, SKKAB/SBFI",https://www.bzww.ch/public/upload/assets/120804/Bildungsplan_EFZ_August2021_final.pdf
kv,Kauffrau/Kaufmann EFZ,kv_l16,HKB A-E,L16,QV-Repetition und vernetztes Handeln,easy,single_choice,Welche Aussage beschreibt das Thema Transfer im Beruf Kauffrau/Kaufmann EFZ am besten?,nur identische Beispiele lösen nach gängiger Praxis,Kontext nicht anpassen bei sachgemässer Ausführung,Gelerntes auf neue berufliche Situationen anwenden,Regeln blind übertragen im üblichen Berufsalltag,C,Transfer ist Kern der handlungskompetenzorientierten Ausbildung.,"Bildungsplan Kauffrau/Kaufmann EFZ, BiVo 2023, SKKAB/SBFI",https://www.bzww.ch/public/upload/assets/120804/Bildungsplan_EFZ_August2021_final.pdf
kv,Kauffrau/Kaufmann EFZ,kv_l16,HKB A-E,L16,QV-Repetition und vernetztes Handeln,medium,single_choice,Worauf muss man beim Thema Transfer in der Praxis besonders achten?,nur identische Beispiele lösen im Produktionsalltag,Kontext nicht anpassen im laufenden Tagesgeschäft,Regeln blind übertragen im Werkstattumfeld,Gelerntes auf neue berufliche Situationen anwenden,D,Transfer ist Kern der handlungskompetenzorientierten Ausbildung.,"Bildungsplan Kauffrau/Kaufmann EFZ, BiVo 2023, SKKAB/SBFI",https://www.bzww.ch/public/upload/assets/120804/Bildungsplan_EFZ_August2021_final.pdf
kv,Kauffrau/Kaufmann EFZ,kv_l16,HKB A-E,L16,QV-Repetition und vernetztes Handeln,hard,single_choice,Welche Aussage zum Thema Transfer ist fachlich korrekt?,Gelerntes auf neue berufliche Situationen anwenden,nur identische Beispiele lösen im Rahmen der Routine,Kontext nicht anpassen nach gängiger Praxis,Regeln blind übertragen unter typischen Arbeitsbedingungen,A,Transfer ist Kern der handlungskompetenzorientierten Ausbildung.,"Bildungsplan Kauffrau/Kaufmann EFZ, BiVo 2023, SKKAB/SBFI",https://www.bzww.ch/public/upload/assets/120804/Bildungsplan_EFZ_August2021_final.pdf
kv,Kauffrau/Kaufmann EFZ,kv_l16,HKB A-E,L16,QV-Repetition und vernetztes Handeln,easy,single_choice,Welche Aussage beschreibt das Thema professionelle Haltung im Beruf Kauffrau/Kaufmann EFZ am besten?,Verantwortung ablehnen bei sachgemässem Ablauf im üblichen Berufsalltag,"zuverlässig, lernbereit, respektvoll und lösungsorientiert handeln",Kritik abwerten im Produktionsalltag bei sachgemässer Ausführung,unzuverlässig kommunizieren im normalen Werkstattbetrieb,B,"Haltung verbindet Fach-, Methoden-, Sozial- und Selbstkompetenz.","Bildungsplan Kauffrau/Kaufmann EFZ, BiVo 2023, SKKAB/SBFI",https://www.bzww.ch/public/upload/assets/120804/Bildungsplan_EFZ_August2021_final.pdf
kv,Kauffrau/Kaufmann EFZ,kv_l16,HKB A-E,L16,QV-Repetition und vernetztes Handeln,medium,single_choice,Worauf muss man beim Thema professionelle Haltung in der Praxis besonders achten?,Verantwortung ablehnen bei vergleichbaren Aufgaben,Kritik abwerten im Rahmen der Routine im laufenden Tagesgeschäft,"zuverlässig, lernbereit, respektvoll und lösungsorientiert handeln",unzuverlässig kommunizieren im konkreten Auftrag,C,"Haltung verbindet Fach-, Methoden-, Sozial- und Selbstkompetenz.","Bildungsplan Kauffrau/Kaufmann EFZ, BiVo 2023, SKKAB/SBFI",https://www.bzww.ch/public/upload/assets/120804/Bildungsplan_EFZ_August2021_final.pdf
kv,Kauffrau/Kaufmann EFZ,kv_l16,HKB A-E,L16,QV-Repetition und vernetztes Handeln,hard,single_choice,Welche Aussage zum Thema professionelle Haltung ist fachlich korrekt?,Verantwortung ablehnen bei sachgemässer Ausführung,Kritik abwerten im normalen Werkstattbetrieb nach gängiger Praxis,unzuverlässig kommunizieren im üblichen Berufsalltag,"zuverlässig, lernbereit, respektvoll und lösungsorientiert handeln",D,"Haltung verbindet Fach-, Methoden-, Sozial- und Selbstkompetenz.","Bildungsplan Kauffrau/Kaufmann EFZ, BiVo 2023, SKKAB/SBFI",https://www.bzww.ch/public/upload/assets/120804/Bildungsplan_EFZ_August2021_final.pdf
