course_key,course_name,module_key,hk,sub_hk,topic,difficulty,question_type,question,option_a,option_b,option_c,option_d,correct_option,explanation,source,source_url
schreiner,Schreiner/in EFZ,sch_l01,HKB1,L01,"1. Semester VP: Arbeitswelt, Sicherheit, Dokumentation und Projektion",easy,single_choice,Welche Aussage beschreibt persönliche Schutzausrüstung im Schreinerberuf am besten?,"sie schützt vor Augen-, Gehör-, Atem- und Fussverletzungen",sie ersetzt jede Maschinenschulung im konkreten Auftrag,sie macht Ordnung am Arbeitsplatz unnötig im laufenden Tagesgeschäft,sie dient nur dem einheitlichen Auftreten,A,"PSA reduziert konkrete Gesundheits- und Unfallrisiken, ersetzt aber keine weiteren Sicherheitsmassnahmen.","Bildungsplan Schreiner/in EFZ, VSSM/SBFI; Schullehrplan Schreiner/in EFZ, BWZ Lyss",https://www.vssm.ch/sites/default/files/vssm/berufsbildung/schreiner_efz/bildungsplan_efz.pdf
schreiner,Schreiner/in EFZ,sch_l01,HKB1,L01,"1. Semester VP: Arbeitswelt, Sicherheit, Dokumentation und Projektion",medium,single_choice,Worauf muss man beim Thema persönliche Schutzausrüstung in der Praxis besonders achten?,sie ersetzt jede Maschinenschulung im üblichen Berufsalltag,"sie schützt vor Augen-, Gehör-, Atem- und Fussverletzungen",sie macht Ordnung am Arbeitsplatz unnötig,sie dient nur dem einheitlichen Auftreten,B,"PSA reduziert konkrete Gesundheits- und Unfallrisiken, ersetzt aber keine weiteren Sicherheitsmassnahmen.","Bildungsplan Schreiner/in EFZ, VSSM/SBFI; Schullehrplan Schreiner/in EFZ, BWZ Lyss",https://www.vssm.ch/sites/default/files/vssm/berufsbildung/schreiner_efz/bildungsplan_efz.pdf
schreiner,Schreiner/in EFZ,sch_l01,HKB1,L01,"1. Semester VP: Arbeitswelt, Sicherheit, Dokumentation und Projektion",hard,single_choice,Welche Aussage zum Thema persönliche Schutzausrüstung passt fachlich am besten?,sie ersetzt jede Maschinenschulung im Werkstattumfeld,sie macht Ordnung am Arbeitsplatz unnötig im Produktionsalltag,"sie schützt vor Augen-, Gehör-, Atem- und Fussverletzungen",sie dient nur dem einheitlichen Auftreten,C,"PSA reduziert konkrete Gesundheits- und Unfallrisiken, ersetzt aber keine weiteren Sicherheitsmassnahmen.","Bildungsplan Schreiner/in EFZ, VSSM/SBFI; Schullehrplan Schreiner/in EFZ, BWZ Lyss",https://www.vssm.ch/sites/default/files/vssm/berufsbildung/schreiner_efz/bildungsplan_efz.pdf
schreiner,Schreiner/in EFZ,sch_l01,HKB1,L01,"1. Semester VP: Arbeitswelt, Sicherheit, Dokumentation und Projektion",easy,single_choice,Welche Aussage beschreibt korrektes Heben von Platten im Schreinerberuf am besten?,Last mit rundem Rücken ruckartig anheben,Platten allein über Kopfhöhe tragen unter typischen Arbeitsbedingungen,Hebegriffe wegen Zeitdruck weglassen,Last nah am Körper führen und Hilfsmittel einsetzen,D,"Ergonomisches Heben und Hilfsmittel schützen Rücken, Hände und Material.","Bildungsplan Schreiner/in EFZ, VSSM/SBFI; Schullehrplan Schreiner/in EFZ, BWZ Lyss",https://www.vssm.ch/sites/default/files/vssm/berufsbildung/schreiner_efz/bildungsplan_efz.pdf
schreiner,Schreiner/in EFZ,sch_l01,HKB1,L01,"1. Semester VP: Arbeitswelt, Sicherheit, Dokumentation und Projektion",medium,single_choice,Worauf muss man beim Thema korrektes Heben von Platten in der Praxis besonders achten?,Last nah am Körper führen und Hilfsmittel einsetzen,Last mit rundem Rücken ruckartig anheben,Platten allein über Kopfhöhe tragen bei sachgemässem Ablauf,Hebegriffe wegen Zeitdruck weglassen,A,"Ergonomisches Heben und Hilfsmittel schützen Rücken, Hände und Material.","Bildungsplan Schreiner/in EFZ, VSSM/SBFI; Schullehrplan Schreiner/in EFZ, BWZ Lyss",https://www.vssm.ch/sites/default/files/vssm/berufsbildung/schreiner_efz/bildungsplan_efz.pdf
schreiner,Schreiner/in EFZ,sch_l01,HKB1,L01,"1. Semester VP: Arbeitswelt, Sicherheit, Dokumentation und Projektion",hard,single_choice,Welche Aussage zum Thema korrektes Heben von Platten passt fachlich am besten?,Last mit rundem Rücken ruckartig anheben,Last nah am Körper führen und Hilfsmittel einsetzen,Platten allein über Kopfhöhe tragen bei vergleichbaren Aufgaben,Hebegriffe wegen Zeitdruck weglassen,B,"Ergonomisches Heben und Hilfsmittel schützen Rücken, Hände und Material.","Bildungsplan Schreiner/in EFZ, VSSM/SBFI; Schullehrplan Schreiner/in EFZ, BWZ Lyss",https://www.vssm.ch/sites/default/files/vssm/berufsbildung/schreiner_efz/bildungsplan_efz.pdf
schreiner,Schreiner/in EFZ,sch_l01,HKB1,L01,"1. Semester VP: Arbeitswelt, Sicherheit, Dokumentation und Projektion",easy,single_choice,Welche Aussage beschreibt Lerndokumentation im Schreinerberuf am besten?,nur fertige Noten sammeln bei sachgemässer Ausführung unter typischen Arbeitsbedingungen,private Termine dokumentieren im üblichen Berufsalltag,"Arbeitsschritte, Erkenntnisse und Nachweise nachvollziehbar festhalten",Werkzeuglisten ohne Bezug ablegen nach gängiger Praxis,C,Die Lerndokumentation zeigt Lernfortschritt und unterstützt Reflexion und Prüfungsvorbereitung.,"Bildungsplan Schreiner/in EFZ, VSSM/SBFI; Schullehrplan Schreiner/in EFZ, BWZ Lyss",https://www.vssm.ch/sites/default/files/vssm/berufsbildung/schreiner_efz/bildungsplan_efz.pdf
schreiner,Schreiner/in EFZ,sch_l01,HKB1,L01,"1. Semester VP: Arbeitswelt, Sicherheit, Dokumentation und Projektion",medium,single_choice,Worauf muss man beim Thema Lerndokumentation in der Praxis besonders achten?,nur fertige Noten sammeln im laufenden Tagesgeschäft,private Termine dokumentieren im Werkstattumfeld bei sachgemässem Ablauf,Werkzeuglisten ohne Bezug ablegen im Produktionsalltag,"Arbeitsschritte, Erkenntnisse und Nachweise nachvollziehbar festhalten",D,Die Lerndokumentation zeigt Lernfortschritt und unterstützt Reflexion und Prüfungsvorbereitung.,"Bildungsplan Schreiner/in EFZ, VSSM/SBFI; Schullehrplan Schreiner/in EFZ, BWZ Lyss",https://www.vssm.ch/sites/default/files/vssm/berufsbildung/schreiner_efz/bildungsplan_efz.pdf
schreiner,Schreiner/in EFZ,sch_l01,HKB1,L01,"1. Semester VP: Arbeitswelt, Sicherheit, Dokumentation und Projektion",hard,single_choice,Welche Aussage zum Thema Lerndokumentation passt fachlich am besten?,"Arbeitsschritte, Erkenntnisse und Nachweise nachvollziehbar festhalten",nur fertige Noten sammeln nach gängiger Praxis bei vergleichbaren Aufgaben,private Termine dokumentieren unter typischen Arbeitsbedingungen,Werkzeuglisten ohne Bezug ablegen im Rahmen der Routine,A,Die Lerndokumentation zeigt Lernfortschritt und unterstützt Reflexion und Prüfungsvorbereitung.,"Bildungsplan Schreiner/in EFZ, VSSM/SBFI; Schullehrplan Schreiner/in EFZ, BWZ Lyss",https://www.vssm.ch/sites/default/files/vssm/berufsbildung/schreiner_efz/bildungsplan_efz.pdf
schreiner,Schreiner/in EFZ,sch_l01,HKB1,L01,"1. Semester VP: Arbeitswelt, Sicherheit, Dokumentation und Projektion",easy,single_choice,Welche Aussage beschreibt Regierapport im Schreinerberuf am besten?,einen Montageplan ersetzen im Produktionsalltag bei sachgemässer Ausführung,"Zeit, Material und ausgeführte Arbeiten für eine Abrechnung erfassen",nur die Kundenzufriedenheit bewerten bei sachgemässem Ablauf,ausschliesslich Maschinenfehler melden im normalen Werkstattbetrieb,B,Regierapporte dienen als nachvollziehbare Grundlage für Aufwand und Verrechnung.,"Bildungsplan Schreiner/in EFZ, VSSM/SBFI; Schullehrplan Schreiner/in EFZ, BWZ Lyss",https://www.vssm.ch/sites/default/files/vssm/berufsbildung/schreiner_efz/bildungsplan_efz.pdf
schreiner,Schreiner/in EFZ,sch_l01,HKB1,L01,"1. Semester VP: Arbeitswelt, Sicherheit, Dokumentation und Projektion",medium,single_choice,Worauf muss man beim Thema Regierapport in der Praxis besonders achten?,einen Montageplan ersetzen im Rahmen der Routine,nur die Kundenzufriedenheit bewerten bei vergleichbaren Aufgaben,"Zeit, Material und ausgeführte Arbeiten für eine Abrechnung erfassen",ausschliesslich Maschinenfehler melden im konkreten Auftrag,C,Regierapporte dienen als nachvollziehbare Grundlage für Aufwand und Verrechnung.,"Bildungsplan Schreiner/in EFZ, VSSM/SBFI; Schullehrplan Schreiner/in EFZ, BWZ Lyss",https://www.vssm.ch/sites/default/files/vssm/berufsbildung/schreiner_efz/bildungsplan_efz.pdf
schreiner,Schreiner/in EFZ,sch_l01,HKB1,L01,"1. Semester VP: Arbeitswelt, Sicherheit, Dokumentation und Projektion",hard,single_choice,Welche Aussage zum Thema Regierapport passt fachlich am besten?,einen Montageplan ersetzen im normalen Werkstattbetrieb,nur die Kundenzufriedenheit bewerten bei sachgemässer Ausführung,ausschliesslich Maschinenfehler melden im üblichen Berufsalltag,"Zeit, Material und ausgeführte Arbeiten für eine Abrechnung erfassen",D,Regierapporte dienen als nachvollziehbare Grundlage für Aufwand und Verrechnung.,"Bildungsplan Schreiner/in EFZ, VSSM/SBFI; Schullehrplan Schreiner/in EFZ, BWZ Lyss",https://www.vssm.ch/sites/default/files/vssm/berufsbildung/schreiner_efz/bildungsplan_efz.pdf
schreiner,Schreiner/in EFZ,sch_l01,HKB1,L01,"1. Semester VP: Arbeitswelt, Sicherheit, Dokumentation und Projektion",easy,single_choice,Welche Aussage beschreibt Planarten im Schreinerberuf am besten?,"Skizze, Projektplan, Werkzeichnung und Detailplan unterscheiden",alle Pläne gleich bemassen im konkreten Auftrag,Fotos als einzige Planung verwenden im laufenden Tagesgeschäft,Massangaben erst nach Produktion ergänzen im Werkstattumfeld,A,Verschiedene Planarten haben unterschiedliche Genauigkeit und Funktionen.,"Bildungsplan Schreiner/in EFZ, VSSM/SBFI; Schullehrplan Schreiner/in EFZ, BWZ Lyss",https://www.vssm.ch/sites/default/files/vssm/berufsbildung/schreiner_efz/bildungsplan_efz.pdf
schreiner,Schreiner/in EFZ,sch_l01,HKB1,L01,"1. Semester VP: Arbeitswelt, Sicherheit, Dokumentation und Projektion",medium,single_choice,Worauf muss man beim Thema Planarten in der Praxis besonders achten?,alle Pläne gleich bemassen im üblichen Berufsalltag,"Skizze, Projektplan, Werkzeichnung und Detailplan unterscheiden",Fotos als einzige Planung verwenden nach gängiger Praxis,Massangaben erst nach Produktion ergänzen unter typischen Arbeitsbedingungen,B,Verschiedene Planarten haben unterschiedliche Genauigkeit und Funktionen.,"Bildungsplan Schreiner/in EFZ, VSSM/SBFI; Schullehrplan Schreiner/in EFZ, BWZ Lyss",https://www.vssm.ch/sites/default/files/vssm/berufsbildung/schreiner_efz/bildungsplan_efz.pdf
schreiner,Schreiner/in EFZ,sch_l01,HKB1,L01,"1. Semester VP: Arbeitswelt, Sicherheit, Dokumentation und Projektion",hard,single_choice,Welche Aussage zum Thema Planarten passt fachlich am besten?,alle Pläne gleich bemassen im Werkstattumfeld,Fotos als einzige Planung verwenden im Produktionsalltag,"Skizze, Projektplan, Werkzeichnung und Detailplan unterscheiden",Massangaben erst nach Produktion ergänzen bei sachgemässem Ablauf,C,Verschiedene Planarten haben unterschiedliche Genauigkeit und Funktionen.,"Bildungsplan Schreiner/in EFZ, VSSM/SBFI; Schullehrplan Schreiner/in EFZ, BWZ Lyss",https://www.vssm.ch/sites/default/files/vssm/berufsbildung/schreiner_efz/bildungsplan_efz.pdf
schreiner,Schreiner/in EFZ,sch_l01,HKB1,L01,"1. Semester VP: Arbeitswelt, Sicherheit, Dokumentation und Projektion",easy,single_choice,Welche Aussage beschreibt Linienarten nach Norm im Schreinerberuf am besten?,alle Linien gleich dick zeichnen im Rahmen der Routine,Schraffuren als Masse verwenden unter typischen Arbeitsbedingungen,Text statt Linienarten einsetzen bei vergleichbaren Aufgaben,"sichtbare Kanten, verdeckte Kanten und Mittellinien klar unterscheiden",D,Normgerechte Linien verbessern Lesbarkeit und vermeiden Missverständnisse.,"Bildungsplan Schreiner/in EFZ, VSSM/SBFI; Schullehrplan Schreiner/in EFZ, BWZ Lyss",https://www.vssm.ch/sites/default/files/vssm/berufsbildung/schreiner_efz/bildungsplan_efz.pdf
schreiner,Schreiner/in EFZ,sch_l01,HKB1,L01,"1. Semester VP: Arbeitswelt, Sicherheit, Dokumentation und Projektion",medium,single_choice,Worauf muss man beim Thema Linienarten nach Norm in der Praxis besonders achten?,"sichtbare Kanten, verdeckte Kanten und Mittellinien klar unterscheiden",alle Linien gleich dick zeichnen im normalen Werkstattbetrieb,Schraffuren als Masse verwenden bei sachgemässem Ablauf,Text statt Linienarten einsetzen bei sachgemässer Ausführung,A,Normgerechte Linien verbessern Lesbarkeit und vermeiden Missverständnisse.,"Bildungsplan Schreiner/in EFZ, VSSM/SBFI; Schullehrplan Schreiner/in EFZ, BWZ Lyss",https://www.vssm.ch/sites/default/files/vssm/berufsbildung/schreiner_efz/bildungsplan_efz.pdf
schreiner,Schreiner/in EFZ,sch_l01,HKB1,L01,"1. Semester VP: Arbeitswelt, Sicherheit, Dokumentation und Projektion",hard,single_choice,Welche Aussage zum Thema Linienarten nach Norm passt fachlich am besten?,alle Linien gleich dick zeichnen im konkreten Auftrag,"sichtbare Kanten, verdeckte Kanten und Mittellinien klar unterscheiden",Schraffuren als Masse verwenden bei vergleichbaren Aufgaben,Text statt Linienarten einsetzen im laufenden Tagesgeschäft,B,Normgerechte Linien verbessern Lesbarkeit und vermeiden Missverständnisse.,"Bildungsplan Schreiner/in EFZ, VSSM/SBFI; Schullehrplan Schreiner/in EFZ, BWZ Lyss",https://www.vssm.ch/sites/default/files/vssm/berufsbildung/schreiner_efz/bildungsplan_efz.pdf
schreiner,Schreiner/in EFZ,sch_l01,HKB1,L01,"1. Semester VP: Arbeitswelt, Sicherheit, Dokumentation und Projektion",easy,single_choice,Welche Aussage beschreibt Normalprojektion im Schreinerberuf am besten?,einen Fluchtpunkt frei wählen bei sachgemässer Ausführung,alle Kanten perspektivisch verkürzen nach gängiger Praxis,"Draufsicht, Ansicht und Seitenansicht rechtwinklig darstellen",nur die schönste Ansicht zeichnen im üblichen Berufsalltag,C,Normalprojektionen zeigen Werkteile massstäblich und ohne perspektivische Verzerrung.,"Bildungsplan Schreiner/in EFZ, VSSM/SBFI; Schullehrplan Schreiner/in EFZ, BWZ Lyss",https://www.vssm.ch/sites/default/files/vssm/berufsbildung/schreiner_efz/bildungsplan_efz.pdf
schreiner,Schreiner/in EFZ,sch_l01,HKB1,L01,"1. Semester VP: Arbeitswelt, Sicherheit, Dokumentation und Projektion",medium,single_choice,Worauf muss man beim Thema Normalprojektion in der Praxis besonders achten?,einen Fluchtpunkt frei wählen im laufenden Tagesgeschäft,alle Kanten perspektivisch verkürzen im Produktionsalltag,nur die schönste Ansicht zeichnen im Werkstattumfeld,"Draufsicht, Ansicht und Seitenansicht rechtwinklig darstellen",D,Normalprojektionen zeigen Werkteile massstäblich und ohne perspektivische Verzerrung.,"Bildungsplan Schreiner/in EFZ, VSSM/SBFI; Schullehrplan Schreiner/in EFZ, BWZ Lyss",https://www.vssm.ch/sites/default/files/vssm/berufsbildung/schreiner_efz/bildungsplan_efz.pdf
schreiner,Schreiner/in EFZ,sch_l01,HKB1,L01,"1. Semester VP: Arbeitswelt, Sicherheit, Dokumentation und Projektion",hard,single_choice,Welche Aussage zum Thema Normalprojektion passt fachlich am besten?,"Draufsicht, Ansicht und Seitenansicht rechtwinklig darstellen",einen Fluchtpunkt frei wählen nach gängiger Praxis,alle Kanten perspektivisch verkürzen im Rahmen der Routine,nur die schönste Ansicht zeichnen unter typischen Arbeitsbedingungen,A,Normalprojektionen zeigen Werkteile massstäblich und ohne perspektivische Verzerrung.,"Bildungsplan Schreiner/in EFZ, VSSM/SBFI; Schullehrplan Schreiner/in EFZ, BWZ Lyss",https://www.vssm.ch/sites/default/files/vssm/berufsbildung/schreiner_efz/bildungsplan_efz.pdf
schreiner,Schreiner/in EFZ,sch_l01,HKB1,L01,"1. Semester VP: Arbeitswelt, Sicherheit, Dokumentation und Projektion",easy,single_choice,Welche Aussage beschreibt Parallelprojektion im Schreinerberuf am besten?,alle Tiefen im Fluchtpunkt bündeln im normalen Werkstattbetrieb,räumliche Körper mit parallelen Achsen verständlich darstellen,nur verdeckte Linien zeichnen bei sachgemässem Ablauf,Massketten ohne Bezug setzen im Produktionsalltag,B,"Parallelprojektionen helfen, Körper räumlich zu verstehen und konstruktiv zu skizzieren.","Bildungsplan Schreiner/in EFZ, VSSM/SBFI; Schullehrplan Schreiner/in EFZ, BWZ Lyss",https://www.vssm.ch/sites/default/files/vssm/berufsbildung/schreiner_efz/bildungsplan_efz.pdf
schreiner,Schreiner/in EFZ,sch_l01,HKB1,L01,"1. Semester VP: Arbeitswelt, Sicherheit, Dokumentation und Projektion",medium,single_choice,Worauf muss man beim Thema Parallelprojektion in der Praxis besonders achten?,alle Tiefen im Fluchtpunkt bündeln im konkreten Auftrag,nur verdeckte Linien zeichnen bei vergleichbaren Aufgaben,räumliche Körper mit parallelen Achsen verständlich darstellen,Massketten ohne Bezug setzen im Rahmen der Routine,C,"Parallelprojektionen helfen, Körper räumlich zu verstehen und konstruktiv zu skizzieren.","Bildungsplan Schreiner/in EFZ, VSSM/SBFI; Schullehrplan Schreiner/in EFZ, BWZ Lyss",https://www.vssm.ch/sites/default/files/vssm/berufsbildung/schreiner_efz/bildungsplan_efz.pdf
schreiner,Schreiner/in EFZ,sch_l01,HKB1,L01,"1. Semester VP: Arbeitswelt, Sicherheit, Dokumentation und Projektion",hard,single_choice,Welche Aussage zum Thema Parallelprojektion passt fachlich am besten?,alle Tiefen im Fluchtpunkt bündeln im üblichen Berufsalltag,nur verdeckte Linien zeichnen bei sachgemässer Ausführung,Massketten ohne Bezug setzen im normalen Werkstattbetrieb,räumliche Körper mit parallelen Achsen verständlich darstellen,D,"Parallelprojektionen helfen, Körper räumlich zu verstehen und konstruktiv zu skizzieren.","Bildungsplan Schreiner/in EFZ, VSSM/SBFI; Schullehrplan Schreiner/in EFZ, BWZ Lyss",https://www.vssm.ch/sites/default/files/vssm/berufsbildung/schreiner_efz/bildungsplan_efz.pdf
schreiner,Schreiner/in EFZ,sch_l01,HKB1,L01,"1. Semester VP: Arbeitswelt, Sicherheit, Dokumentation und Projektion",easy,single_choice,Welche Aussage beschreibt SI-Einheiten im Schreinerberuf am besten?,"Längen, Flächen und Volumen korrekt umrechnen",Millimeter und Meter beliebig mischen,Flächen wie Längen umrechnen im konkreten Auftrag,Einheiten in Rechnungen weglassen,A,Saubere Einheiten verhindern Rechen- und Zuschnittfehler.,"Bildungsplan Schreiner/in EFZ, VSSM/SBFI; Schullehrplan Schreiner/in EFZ, BWZ Lyss",https://www.vssm.ch/sites/default/files/vssm/berufsbildung/schreiner_efz/bildungsplan_efz.pdf
schreiner,Schreiner/in EFZ,sch_l01,HKB1,L01,"1. Semester VP: Arbeitswelt, Sicherheit, Dokumentation und Projektion",medium,single_choice,Worauf muss man beim Thema SI-Einheiten in der Praxis besonders achten?,Millimeter und Meter beliebig mischen,"Längen, Flächen und Volumen korrekt umrechnen",Flächen wie Längen umrechnen im üblichen Berufsalltag,Einheiten in Rechnungen weglassen,B,Saubere Einheiten verhindern Rechen- und Zuschnittfehler.,"Bildungsplan Schreiner/in EFZ, VSSM/SBFI; Schullehrplan Schreiner/in EFZ, BWZ Lyss",https://www.vssm.ch/sites/default/files/vssm/berufsbildung/schreiner_efz/bildungsplan_efz.pdf
schreiner,Schreiner/in EFZ,sch_l01,HKB1,L01,"1. Semester VP: Arbeitswelt, Sicherheit, Dokumentation und Projektion",hard,single_choice,Welche Aussage zum Thema SI-Einheiten passt fachlich am besten?,Millimeter und Meter beliebig mischen,Flächen wie Längen umrechnen im Werkstattumfeld,"Längen, Flächen und Volumen korrekt umrechnen",Einheiten in Rechnungen weglassen,C,Saubere Einheiten verhindern Rechen- und Zuschnittfehler.,"Bildungsplan Schreiner/in EFZ, VSSM/SBFI; Schullehrplan Schreiner/in EFZ, BWZ Lyss",https://www.vssm.ch/sites/default/files/vssm/berufsbildung/schreiner_efz/bildungsplan_efz.pdf
schreiner,Schreiner/in EFZ,sch_l01,HKB1,L01,"1. Semester VP: Arbeitswelt, Sicherheit, Dokumentation und Projektion",easy,single_choice,Welche Aussage beschreibt IPERKA im Schreinerberuf am besten?,"improvisieren, pressen, ersetzen, reparieren im Rahmen der Routine","ignorieren, probieren, eilen, korrigieren unter typischen Arbeitsbedingungen","inventarisieren, polieren, einräumen, kalkulieren bei vergleichbaren Aufgaben","informieren, planen, entscheiden, realisieren, kontrollieren und auswerten",D,IPERKA strukturiert berufliche Aufgaben vom Auftrag bis zur Auswertung.,"Bildungsplan Schreiner/in EFZ, VSSM/SBFI; Schullehrplan Schreiner/in EFZ, BWZ Lyss",https://www.vssm.ch/sites/default/files/vssm/berufsbildung/schreiner_efz/bildungsplan_efz.pdf
schreiner,Schreiner/in EFZ,sch_l01,HKB1,L01,"1. Semester VP: Arbeitswelt, Sicherheit, Dokumentation und Projektion",medium,single_choice,Worauf muss man beim Thema IPERKA in der Praxis besonders achten?,"informieren, planen, entscheiden, realisieren, kontrollieren und auswerten","improvisieren, pressen, ersetzen, reparieren im normalen Werkstattbetrieb","ignorieren, probieren, eilen, korrigieren bei sachgemässem Ablauf","inventarisieren, polieren, einräumen, kalkulieren bei sachgemässer Ausführung",A,IPERKA strukturiert berufliche Aufgaben vom Auftrag bis zur Auswertung.,"Bildungsplan Schreiner/in EFZ, VSSM/SBFI; Schullehrplan Schreiner/in EFZ, BWZ Lyss",https://www.vssm.ch/sites/default/files/vssm/berufsbildung/schreiner_efz/bildungsplan_efz.pdf
schreiner,Schreiner/in EFZ,sch_l01,HKB1,L01,"1. Semester VP: Arbeitswelt, Sicherheit, Dokumentation und Projektion",hard,single_choice,Welche Aussage zum Thema IPERKA passt fachlich am besten?,"improvisieren, pressen, ersetzen, reparieren im konkreten Auftrag","informieren, planen, entscheiden, realisieren, kontrollieren und auswerten","ignorieren, probieren, eilen, korrigieren bei vergleichbaren Aufgaben","inventarisieren, polieren, einräumen, kalkulieren im laufenden Tagesgeschäft",B,IPERKA strukturiert berufliche Aufgaben vom Auftrag bis zur Auswertung.,"Bildungsplan Schreiner/in EFZ, VSSM/SBFI; Schullehrplan Schreiner/in EFZ, BWZ Lyss",https://www.vssm.ch/sites/default/files/vssm/berufsbildung/schreiner_efz/bildungsplan_efz.pdf
schreiner,Schreiner/in EFZ,sch_l02,HKB2,L02,"1. Semester HM: Betrieb, Sicherheit und Massivholzgrundlagen",easy,single_choice,Welche Aussage beschreibt Druckluft im Schreinerberuf am besten?,sie darf zum Reinigen von Kleidung verwendet werden,sie ersetzt Absaugung und Staubschutz im üblichen Berufsalltag,"sie wird mit geeignetem Druck, Kupplungen und Schutzregeln eingesetzt",sie ist bei jedem Druck ungefährlich bei sachgemässer Ausführung,C,"Druckluft kann Augen, Gehör und Haut gefährden und muss kontrolliert verwendet werden.","Bildungsplan Schreiner/in EFZ, VSSM/SBFI; Schullehrplan Schreiner/in EFZ, BWZ Lyss",https://www.vssm.ch/sites/default/files/vssm/berufsbildung/schreiner_efz/bildungsplan_efz.pdf
schreiner,Schreiner/in EFZ,sch_l02,HKB2,L02,"1. Semester HM: Betrieb, Sicherheit und Massivholzgrundlagen",medium,single_choice,Worauf muss man beim Thema Druckluft in der Praxis besonders achten?,sie darf zum Reinigen von Kleidung verwendet werden,sie ersetzt Absaugung und Staubschutz im Werkstattumfeld,sie ist bei jedem Druck ungefährlich im laufenden Tagesgeschäft,"sie wird mit geeignetem Druck, Kupplungen und Schutzregeln eingesetzt",D,"Druckluft kann Augen, Gehör und Haut gefährden und muss kontrolliert verwendet werden.","Bildungsplan Schreiner/in EFZ, VSSM/SBFI; Schullehrplan Schreiner/in EFZ, BWZ Lyss",https://www.vssm.ch/sites/default/files/vssm/berufsbildung/schreiner_efz/bildungsplan_efz.pdf
schreiner,Schreiner/in EFZ,sch_l02,HKB2,L02,"1. Semester HM: Betrieb, Sicherheit und Massivholzgrundlagen",hard,single_choice,Welche Aussage zum Thema Druckluft passt fachlich am besten?,"sie wird mit geeignetem Druck, Kupplungen und Schutzregeln eingesetzt",sie darf zum Reinigen von Kleidung verwendet werden,sie ersetzt Absaugung und Staubschutz unter typischen Arbeitsbedingungen,sie ist bei jedem Druck ungefährlich nach gängiger Praxis,A,"Druckluft kann Augen, Gehör und Haut gefährden und muss kontrolliert verwendet werden.","Bildungsplan Schreiner/in EFZ, VSSM/SBFI; Schullehrplan Schreiner/in EFZ, BWZ Lyss",https://www.vssm.ch/sites/default/files/vssm/berufsbildung/schreiner_efz/bildungsplan_efz.pdf
schreiner,Schreiner/in EFZ,sch_l02,HKB2,L02,"1. Semester HM: Betrieb, Sicherheit und Massivholzgrundlagen",easy,single_choice,Welche Aussage beschreibt FI-Schutzschalter im Schreinerberuf am besten?,er erhöht die Drehzahl der Maschine bei sachgemässem Ablauf,er unterbricht bei Fehlerstrom schnell den Stromkreis,er ersetzt die Erdung jedes Geräts im Produktionsalltag,er verhindert jeden Kurzschluss mechanisch,B,FI-Schalter schützen Personen bei gefährlichen Fehlerströmen.,"Bildungsplan Schreiner/in EFZ, VSSM/SBFI; Schullehrplan Schreiner/in EFZ, BWZ Lyss",https://www.vssm.ch/sites/default/files/vssm/berufsbildung/schreiner_efz/bildungsplan_efz.pdf
schreiner,Schreiner/in EFZ,sch_l02,HKB2,L02,"1. Semester HM: Betrieb, Sicherheit und Massivholzgrundlagen",medium,single_choice,Worauf muss man beim Thema FI-Schutzschalter in der Praxis besonders achten?,er erhöht die Drehzahl der Maschine bei vergleichbaren Aufgaben,er ersetzt die Erdung jedes Geräts im Rahmen der Routine,er unterbricht bei Fehlerstrom schnell den Stromkreis,er verhindert jeden Kurzschluss mechanisch,C,FI-Schalter schützen Personen bei gefährlichen Fehlerströmen.,"Bildungsplan Schreiner/in EFZ, VSSM/SBFI; Schullehrplan Schreiner/in EFZ, BWZ Lyss",https://www.vssm.ch/sites/default/files/vssm/berufsbildung/schreiner_efz/bildungsplan_efz.pdf
schreiner,Schreiner/in EFZ,sch_l02,HKB2,L02,"1. Semester HM: Betrieb, Sicherheit und Massivholzgrundlagen",hard,single_choice,Welche Aussage zum Thema FI-Schutzschalter passt fachlich am besten?,er erhöht die Drehzahl der Maschine bei sachgemässer Ausführung,er ersetzt die Erdung jedes Geräts im normalen Werkstattbetrieb,er verhindert jeden Kurzschluss mechanisch,er unterbricht bei Fehlerstrom schnell den Stromkreis,D,FI-Schalter schützen Personen bei gefährlichen Fehlerströmen.,"Bildungsplan Schreiner/in EFZ, VSSM/SBFI; Schullehrplan Schreiner/in EFZ, BWZ Lyss",https://www.vssm.ch/sites/default/files/vssm/berufsbildung/schreiner_efz/bildungsplan_efz.pdf
schreiner,Schreiner/in EFZ,sch_l02,HKB2,L02,"1. Semester HM: Betrieb, Sicherheit und Massivholzgrundlagen",easy,single_choice,Welche Aussage beschreibt Gefahrensymbole im Schreinerberuf am besten?,sie weisen auf chemische und physikalische Risiken hin,sie zeigen nur den Verkaufspreis im konkreten Auftrag,sie ersetzen das Sicherheitsdatenblatt,sie gelten nur für Lacke im Freien im laufenden Tagesgeschäft,A,Piktogramme helfen beim sicheren Umgang mit gefährlichen Stoffen.,"Bildungsplan Schreiner/in EFZ, VSSM/SBFI; Schullehrplan Schreiner/in EFZ, BWZ Lyss",https://www.vssm.ch/sites/default/files/vssm/berufsbildung/schreiner_efz/bildungsplan_efz.pdf
schreiner,Schreiner/in EFZ,sch_l02,HKB2,L02,"1. Semester HM: Betrieb, Sicherheit und Massivholzgrundlagen",medium,single_choice,Worauf muss man beim Thema Gefahrensymbole in der Praxis besonders achten?,sie zeigen nur den Verkaufspreis im üblichen Berufsalltag,sie weisen auf chemische und physikalische Risiken hin,sie ersetzen das Sicherheitsdatenblatt,sie gelten nur für Lacke im Freien nach gängiger Praxis,B,Piktogramme helfen beim sicheren Umgang mit gefährlichen Stoffen.,"Bildungsplan Schreiner/in EFZ, VSSM/SBFI; Schullehrplan Schreiner/in EFZ, BWZ Lyss",https://www.vssm.ch/sites/default/files/vssm/berufsbildung/schreiner_efz/bildungsplan_efz.pdf
schreiner,Schreiner/in EFZ,sch_l02,HKB2,L02,"1. Semester HM: Betrieb, Sicherheit und Massivholzgrundlagen",hard,single_choice,Welche Aussage zum Thema Gefahrensymbole passt fachlich am besten?,sie zeigen nur den Verkaufspreis im Werkstattumfeld,sie ersetzen das Sicherheitsdatenblatt,sie weisen auf chemische und physikalische Risiken hin,sie gelten nur für Lacke im Freien im Produktionsalltag,C,Piktogramme helfen beim sicheren Umgang mit gefährlichen Stoffen.,"Bildungsplan Schreiner/in EFZ, VSSM/SBFI; Schullehrplan Schreiner/in EFZ, BWZ Lyss",https://www.vssm.ch/sites/default/files/vssm/berufsbildung/schreiner_efz/bildungsplan_efz.pdf
schreiner,Schreiner/in EFZ,sch_l02,HKB2,L02,"1. Semester HM: Betrieb, Sicherheit und Massivholzgrundlagen",easy,single_choice,Welche Aussage beschreibt ökologische Entsorgung im Schreinerberuf am besten?,alle Stoffe dürfen in den Holzcontainer unter typischen Arbeitsbedingungen,Lackreste können verdünnt ausgegossen werden,Sonderabfälle werden mit Spänen gemischt,Abfälle werden sortiert und nach Vorschriften abgegeben,D,"Sortierte Entsorgung schützt Umwelt, Gesundheit und Betrieb.","Bildungsplan Schreiner/in EFZ, VSSM/SBFI; Schullehrplan Schreiner/in EFZ, BWZ Lyss",https://www.vssm.ch/sites/default/files/vssm/berufsbildung/schreiner_efz/bildungsplan_efz.pdf
schreiner,Schreiner/in EFZ,sch_l02,HKB2,L02,"1. Semester HM: Betrieb, Sicherheit und Massivholzgrundlagen",medium,single_choice,Worauf muss man beim Thema ökologische Entsorgung in der Praxis besonders achten?,Abfälle werden sortiert und nach Vorschriften abgegeben,alle Stoffe dürfen in den Holzcontainer bei sachgemässem Ablauf,Lackreste können verdünnt ausgegossen werden,Sonderabfälle werden mit Spänen gemischt,A,"Sortierte Entsorgung schützt Umwelt, Gesundheit und Betrieb.","Bildungsplan Schreiner/in EFZ, VSSM/SBFI; Schullehrplan Schreiner/in EFZ, BWZ Lyss",https://www.vssm.ch/sites/default/files/vssm/berufsbildung/schreiner_efz/bildungsplan_efz.pdf
schreiner,Schreiner/in EFZ,sch_l02,HKB2,L02,"1. Semester HM: Betrieb, Sicherheit und Massivholzgrundlagen",hard,single_choice,Welche Aussage zum Thema ökologische Entsorgung passt fachlich am besten?,alle Stoffe dürfen in den Holzcontainer bei vergleichbaren Aufgaben,Abfälle werden sortiert und nach Vorschriften abgegeben,Lackreste können verdünnt ausgegossen werden,Sonderabfälle werden mit Spänen gemischt,B,"Sortierte Entsorgung schützt Umwelt, Gesundheit und Betrieb.","Bildungsplan Schreiner/in EFZ, VSSM/SBFI; Schullehrplan Schreiner/in EFZ, BWZ Lyss",https://www.vssm.ch/sites/default/files/vssm/berufsbildung/schreiner_efz/bildungsplan_efz.pdf
schreiner,Schreiner/in EFZ,sch_l02,HKB2,L02,"1. Semester HM: Betrieb, Sicherheit und Massivholzgrundlagen",easy,single_choice,Welche Aussage beschreibt FSC-Label im Schreinerberuf am besten?,es garantiert automatisch astfreies Holz nach gängiger Praxis,es beschreibt die Härte einer Holzart bei sachgemässer Ausführung,es kennzeichnet Holz aus verantwortungsvoller Waldwirtschaft,es steht für eine bestimmte Holzfeuchte im üblichen Berufsalltag,C,"Labels unterstützen nachhaltige Materialwahl, ersetzen aber keine Qualitätsprüfung.","Bildungsplan Schreiner/in EFZ, VSSM/SBFI; Schullehrplan Schreiner/in EFZ, BWZ Lyss",https://www.vssm.ch/sites/default/files/vssm/berufsbildung/schreiner_efz/bildungsplan_efz.pdf
schreiner,Schreiner/in EFZ,sch_l02,HKB2,L02,"1. Semester HM: Betrieb, Sicherheit und Massivholzgrundlagen",medium,single_choice,Worauf muss man beim Thema FSC-Label in der Praxis besonders achten?,es garantiert automatisch astfreies Holz im Produktionsalltag,es beschreibt die Härte einer Holzart im laufenden Tagesgeschäft,es steht für eine bestimmte Holzfeuchte im Werkstattumfeld,es kennzeichnet Holz aus verantwortungsvoller Waldwirtschaft,D,"Labels unterstützen nachhaltige Materialwahl, ersetzen aber keine Qualitätsprüfung.","Bildungsplan Schreiner/in EFZ, VSSM/SBFI; Schullehrplan Schreiner/in EFZ, BWZ Lyss",https://www.vssm.ch/sites/default/files/vssm/berufsbildung/schreiner_efz/bildungsplan_efz.pdf
schreiner,Schreiner/in EFZ,sch_l02,HKB2,L02,"1. Semester HM: Betrieb, Sicherheit und Massivholzgrundlagen",hard,single_choice,Welche Aussage zum Thema FSC-Label passt fachlich am besten?,es kennzeichnet Holz aus verantwortungsvoller Waldwirtschaft,es garantiert automatisch astfreies Holz im Rahmen der Routine,es beschreibt die Härte einer Holzart nach gängiger Praxis,es steht für eine bestimmte Holzfeuchte unter typischen Arbeitsbedingungen,A,"Labels unterstützen nachhaltige Materialwahl, ersetzen aber keine Qualitätsprüfung.","Bildungsplan Schreiner/in EFZ, VSSM/SBFI; Schullehrplan Schreiner/in EFZ, BWZ Lyss",https://www.vssm.ch/sites/default/files/vssm/berufsbildung/schreiner_efz/bildungsplan_efz.pdf
schreiner,Schreiner/in EFZ,sch_l02,HKB2,L02,"1. Semester HM: Betrieb, Sicherheit und Massivholzgrundlagen",easy,single_choice,Welche Aussage beschreibt Zellaufbau Nadelholz im Schreinerberuf am besten?,Gefässe bilden den Hauptanteil im Produktionsalltag,Tracheiden übernehmen Festigkeit und Wasserleitung,Kunststofffasern bestimmen die Farbe,Harzkanäle ersetzen alle Jahresringe,B,"Nadelholz besitzt überwiegend Tracheiden, die mehrere Funktionen erfüllen.","Bildungsplan Schreiner/in EFZ, VSSM/SBFI; Schullehrplan Schreiner/in EFZ, BWZ Lyss",https://www.vssm.ch/sites/default/files/vssm/berufsbildung/schreiner_efz/bildungsplan_efz.pdf
schreiner,Schreiner/in EFZ,sch_l02,HKB2,L02,"1. Semester HM: Betrieb, Sicherheit und Massivholzgrundlagen",medium,single_choice,Worauf muss man beim Thema Zellaufbau Nadelholz in der Praxis besonders achten?,Gefässe bilden den Hauptanteil im Rahmen der Routine,Kunststofffasern bestimmen die Farbe,Tracheiden übernehmen Festigkeit und Wasserleitung,Harzkanäle ersetzen alle Jahresringe,C,"Nadelholz besitzt überwiegend Tracheiden, die mehrere Funktionen erfüllen.","Bildungsplan Schreiner/in EFZ, VSSM/SBFI; Schullehrplan Schreiner/in EFZ, BWZ Lyss",https://www.vssm.ch/sites/default/files/vssm/berufsbildung/schreiner_efz/bildungsplan_efz.pdf
schreiner,Schreiner/in EFZ,sch_l02,HKB2,L02,"1. Semester HM: Betrieb, Sicherheit und Massivholzgrundlagen",hard,single_choice,Welche Aussage zum Thema Zellaufbau Nadelholz passt fachlich am besten?,Gefässe bilden den Hauptanteil im normalen Werkstattbetrieb,Kunststofffasern bestimmen die Farbe,Harzkanäle ersetzen alle Jahresringe,Tracheiden übernehmen Festigkeit und Wasserleitung,D,"Nadelholz besitzt überwiegend Tracheiden, die mehrere Funktionen erfüllen.","Bildungsplan Schreiner/in EFZ, VSSM/SBFI; Schullehrplan Schreiner/in EFZ, BWZ Lyss",https://www.vssm.ch/sites/default/files/vssm/berufsbildung/schreiner_efz/bildungsplan_efz.pdf
schreiner,Schreiner/in EFZ,sch_l02,HKB2,L02,"1. Semester HM: Betrieb, Sicherheit und Massivholzgrundlagen",easy,single_choice,Welche Aussage beschreibt Zellaufbau Laubholz im Schreinerberuf am besten?,Gefässe und Fasern prägen Leitung und Festigkeit,nur Tracheiden bestimmen das Holzbild,Metalladern führen das Wasser im konkreten Auftrag,alle Zellen bleiben nach dem Fällen lebendig,A,Laubhölzer haben eine andere Zellstruktur als Nadelhölzer.,"Bildungsplan Schreiner/in EFZ, VSSM/SBFI; Schullehrplan Schreiner/in EFZ, BWZ Lyss",https://www.vssm.ch/sites/default/files/vssm/berufsbildung/schreiner_efz/bildungsplan_efz.pdf
schreiner,Schreiner/in EFZ,sch_l02,HKB2,L02,"1. Semester HM: Betrieb, Sicherheit und Massivholzgrundlagen",medium,single_choice,Worauf muss man beim Thema Zellaufbau Laubholz in der Praxis besonders achten?,nur Tracheiden bestimmen das Holzbild,Gefässe und Fasern prägen Leitung und Festigkeit,Metalladern führen das Wasser im üblichen Berufsalltag,alle Zellen bleiben nach dem Fällen lebendig,B,Laubhölzer haben eine andere Zellstruktur als Nadelhölzer.,"Bildungsplan Schreiner/in EFZ, VSSM/SBFI; Schullehrplan Schreiner/in EFZ, BWZ Lyss",https://www.vssm.ch/sites/default/files/vssm/berufsbildung/schreiner_efz/bildungsplan_efz.pdf
schreiner,Schreiner/in EFZ,sch_l02,HKB2,L02,"1. Semester HM: Betrieb, Sicherheit und Massivholzgrundlagen",hard,single_choice,Welche Aussage zum Thema Zellaufbau Laubholz passt fachlich am besten?,nur Tracheiden bestimmen das Holzbild,Metalladern führen das Wasser im Werkstattumfeld,Gefässe und Fasern prägen Leitung und Festigkeit,alle Zellen bleiben nach dem Fällen lebendig,C,Laubhölzer haben eine andere Zellstruktur als Nadelhölzer.,"Bildungsplan Schreiner/in EFZ, VSSM/SBFI; Schullehrplan Schreiner/in EFZ, BWZ Lyss",https://www.vssm.ch/sites/default/files/vssm/berufsbildung/schreiner_efz/bildungsplan_efz.pdf
schreiner,Schreiner/in EFZ,sch_l02,HKB2,L02,"1. Semester HM: Betrieb, Sicherheit und Massivholzgrundlagen",easy,single_choice,Welche Aussage beschreibt Schwinden und Quellen im Schreinerberuf am besten?,Holz bleibt ab Fällung massstabil im Rahmen der Routine,nur Metallbeschläge quellen unter typischen Arbeitsbedingungen,Lack verhindert jede Bewegung vollständig,Holz verändert Masse bei wechselnder Feuchtigkeit,D,Holz ist hygroskopisch und reagiert auf Luftfeuchte.,"Bildungsplan Schreiner/in EFZ, VSSM/SBFI; Schullehrplan Schreiner/in EFZ, BWZ Lyss",https://www.vssm.ch/sites/default/files/vssm/berufsbildung/schreiner_efz/bildungsplan_efz.pdf
schreiner,Schreiner/in EFZ,sch_l02,HKB2,L02,"1. Semester HM: Betrieb, Sicherheit und Massivholzgrundlagen",medium,single_choice,Worauf muss man beim Thema Schwinden und Quellen in der Praxis besonders achten?,Holz verändert Masse bei wechselnder Feuchtigkeit,Holz bleibt ab Fällung massstabil im normalen Werkstattbetrieb,nur Metallbeschläge quellen bei sachgemässem Ablauf,Lack verhindert jede Bewegung vollständig,A,Holz ist hygroskopisch und reagiert auf Luftfeuchte.,"Bildungsplan Schreiner/in EFZ, VSSM/SBFI; Schullehrplan Schreiner/in EFZ, BWZ Lyss",https://www.vssm.ch/sites/default/files/vssm/berufsbildung/schreiner_efz/bildungsplan_efz.pdf
schreiner,Schreiner/in EFZ,sch_l02,HKB2,L02,"1. Semester HM: Betrieb, Sicherheit und Massivholzgrundlagen",hard,single_choice,Welche Aussage zum Thema Schwinden und Quellen passt fachlich am besten?,Holz bleibt ab Fällung massstabil im konkreten Auftrag,Holz verändert Masse bei wechselnder Feuchtigkeit,nur Metallbeschläge quellen bei vergleichbaren Aufgaben,Lack verhindert jede Bewegung vollständig,B,Holz ist hygroskopisch und reagiert auf Luftfeuchte.,"Bildungsplan Schreiner/in EFZ, VSSM/SBFI; Schullehrplan Schreiner/in EFZ, BWZ Lyss",https://www.vssm.ch/sites/default/files/vssm/berufsbildung/schreiner_efz/bildungsplan_efz.pdf
schreiner,Schreiner/in EFZ,sch_l02,HKB2,L02,"1. Semester HM: Betrieb, Sicherheit und Massivholzgrundlagen",easy,single_choice,Welche Aussage beschreibt Jahrringstellung im Schreinerberuf am besten?,sie bestimmt nur den Geruch bei sachgemässer Ausführung,sie ist für Zuschnitt bedeutungslos nach gängiger Praxis,sie beeinflusst Schüsselung und Verformung eines Brettes,sie ersetzt die Holzfeuchtemessung im üblichen Berufsalltag,C,Tangentiale und radiale Schwundmasse unterscheiden sich deutlich.,"Bildungsplan Schreiner/in EFZ, VSSM/SBFI; Schullehrplan Schreiner/in EFZ, BWZ Lyss",https://www.vssm.ch/sites/default/files/vssm/berufsbildung/schreiner_efz/bildungsplan_efz.pdf
schreiner,Schreiner/in EFZ,sch_l02,HKB2,L02,"1. Semester HM: Betrieb, Sicherheit und Massivholzgrundlagen",medium,single_choice,Worauf muss man beim Thema Jahrringstellung in der Praxis besonders achten?,sie bestimmt nur den Geruch im laufenden Tagesgeschäft,sie ist für Zuschnitt bedeutungslos im Produktionsalltag,sie ersetzt die Holzfeuchtemessung im Werkstattumfeld,sie beeinflusst Schüsselung und Verformung eines Brettes,D,Tangentiale und radiale Schwundmasse unterscheiden sich deutlich.,"Bildungsplan Schreiner/in EFZ, VSSM/SBFI; Schullehrplan Schreiner/in EFZ, BWZ Lyss",https://www.vssm.ch/sites/default/files/vssm/berufsbildung/schreiner_efz/bildungsplan_efz.pdf
schreiner,Schreiner/in EFZ,sch_l02,HKB2,L02,"1. Semester HM: Betrieb, Sicherheit und Massivholzgrundlagen",hard,single_choice,Welche Aussage zum Thema Jahrringstellung passt fachlich am besten?,sie beeinflusst Schüsselung und Verformung eines Brettes,sie bestimmt nur den Geruch nach gängiger Praxis,sie ist für Zuschnitt bedeutungslos im Rahmen der Routine,sie ersetzt die Holzfeuchtemessung unter typischen Arbeitsbedingungen,A,Tangentiale und radiale Schwundmasse unterscheiden sich deutlich.,"Bildungsplan Schreiner/in EFZ, VSSM/SBFI; Schullehrplan Schreiner/in EFZ, BWZ Lyss",https://www.vssm.ch/sites/default/files/vssm/berufsbildung/schreiner_efz/bildungsplan_efz.pdf
schreiner,Schreiner/in EFZ,sch_l02,HKB2,L02,"1. Semester HM: Betrieb, Sicherheit und Massivholzgrundlagen",easy,single_choice,Welche Aussage beschreibt Betriebsportrait im Schreinerberuf am besten?,private Daten aller Mitarbeitenden sammeln im normalen Werkstattbetrieb,"Produkte, Organisation und Stärken des Lehrbetriebs beschreiben",nur Maschinenpreise auflisten im Produktionsalltag,ausschliesslich Lieferanten bewerten bei sachgemässem Ablauf,B,Ein Betriebsportrait zeigt Verständnis für den eigenen Ausbildungsbetrieb.,"Bildungsplan Schreiner/in EFZ, VSSM/SBFI; Schullehrplan Schreiner/in EFZ, BWZ Lyss",https://www.vssm.ch/sites/default/files/vssm/berufsbildung/schreiner_efz/bildungsplan_efz.pdf
schreiner,Schreiner/in EFZ,sch_l02,HKB2,L02,"1. Semester HM: Betrieb, Sicherheit und Massivholzgrundlagen",medium,single_choice,Worauf muss man beim Thema Betriebsportrait in der Praxis besonders achten?,private Daten aller Mitarbeitenden sammeln im konkreten Auftrag,nur Maschinenpreise auflisten im Rahmen der Routine,"Produkte, Organisation und Stärken des Lehrbetriebs beschreiben",ausschliesslich Lieferanten bewerten bei vergleichbaren Aufgaben,C,Ein Betriebsportrait zeigt Verständnis für den eigenen Ausbildungsbetrieb.,"Bildungsplan Schreiner/in EFZ, VSSM/SBFI; Schullehrplan Schreiner/in EFZ, BWZ Lyss",https://www.vssm.ch/sites/default/files/vssm/berufsbildung/schreiner_efz/bildungsplan_efz.pdf
schreiner,Schreiner/in EFZ,sch_l02,HKB2,L02,"1. Semester HM: Betrieb, Sicherheit und Massivholzgrundlagen",hard,single_choice,Welche Aussage zum Thema Betriebsportrait passt fachlich am besten?,private Daten aller Mitarbeitenden sammeln im üblichen Berufsalltag,nur Maschinenpreise auflisten im normalen Werkstattbetrieb,ausschliesslich Lieferanten bewerten bei sachgemässer Ausführung,"Produkte, Organisation und Stärken des Lehrbetriebs beschreiben",D,Ein Betriebsportrait zeigt Verständnis für den eigenen Ausbildungsbetrieb.,"Bildungsplan Schreiner/in EFZ, VSSM/SBFI; Schullehrplan Schreiner/in EFZ, BWZ Lyss",https://www.vssm.ch/sites/default/files/vssm/berufsbildung/schreiner_efz/bildungsplan_efz.pdf
schreiner,Schreiner/in EFZ,sch_l03,HKB1,L03,"2. Semester VP: Verbindungen, Werkzeichnung und Planimetrie",easy,single_choice,Welche Aussage beschreibt Längsverbindung im Schreinerberuf am besten?,sie verbindet Werkstücke in Faserrichtung zu längeren Teilen,sie verklebt ausschliesslich Flächen quer zur Faser,sie dient nur zur Oberflächenbehandlung im laufenden Tagesgeschäft,sie ersetzt jede mechanische Sicherung im konkreten Auftrag,A,Längsverbindungen wie Schiftung oder Keilzinken verlängern Holzbauteile fachgerecht.,"Bildungsplan Schreiner/in EFZ, VSSM/SBFI; Schullehrplan Schreiner/in EFZ, BWZ Lyss",https://www.vssm.ch/sites/default/files/vssm/berufsbildung/schreiner_efz/bildungsplan_efz.pdf
schreiner,Schreiner/in EFZ,sch_l03,HKB1,L03,"2. Semester VP: Verbindungen, Werkzeichnung und Planimetrie",medium,single_choice,Worauf muss man beim Thema Längsverbindung in der Praxis besonders achten?,sie verklebt ausschliesslich Flächen quer zur Faser,sie verbindet Werkstücke in Faserrichtung zu längeren Teilen,sie dient nur zur Oberflächenbehandlung nach gängiger Praxis,sie ersetzt jede mechanische Sicherung im üblichen Berufsalltag,B,Längsverbindungen wie Schiftung oder Keilzinken verlängern Holzbauteile fachgerecht.,"Bildungsplan Schreiner/in EFZ, VSSM/SBFI; Schullehrplan Schreiner/in EFZ, BWZ Lyss",https://www.vssm.ch/sites/default/files/vssm/berufsbildung/schreiner_efz/bildungsplan_efz.pdf
schreiner,Schreiner/in EFZ,sch_l03,HKB1,L03,"2. Semester VP: Verbindungen, Werkzeichnung und Planimetrie",hard,single_choice,Welche Aussage zum Thema Längsverbindung passt fachlich am besten?,sie verklebt ausschliesslich Flächen quer zur Faser,sie dient nur zur Oberflächenbehandlung im Produktionsalltag,sie verbindet Werkstücke in Faserrichtung zu längeren Teilen,sie ersetzt jede mechanische Sicherung im Werkstattumfeld,C,Längsverbindungen wie Schiftung oder Keilzinken verlängern Holzbauteile fachgerecht.,"Bildungsplan Schreiner/in EFZ, VSSM/SBFI; Schullehrplan Schreiner/in EFZ, BWZ Lyss",https://www.vssm.ch/sites/default/files/vssm/berufsbildung/schreiner_efz/bildungsplan_efz.pdf
schreiner,Schreiner/in EFZ,sch_l03,HKB1,L03,"2. Semester VP: Verbindungen, Werkzeichnung und Planimetrie",easy,single_choice,Welche Aussage beschreibt Breitenverbindung im Schreinerberuf am besten?,sie verkürzt Leisten an der Stirnseite unter typischen Arbeitsbedingungen,sie ist nur für Metallprofile geeignet im Rahmen der Routine,sie wird ohne Beachtung der Jahrringe ausgeführt,sie fügt Bretter seitlich zu breiteren Flächen zusammen,D,Breitenverbindungen sind zentral für Platten und Massivholzflächen.,"Bildungsplan Schreiner/in EFZ, VSSM/SBFI; Schullehrplan Schreiner/in EFZ, BWZ Lyss",https://www.vssm.ch/sites/default/files/vssm/berufsbildung/schreiner_efz/bildungsplan_efz.pdf
schreiner,Schreiner/in EFZ,sch_l03,HKB1,L03,"2. Semester VP: Verbindungen, Werkzeichnung und Planimetrie",medium,single_choice,Worauf muss man beim Thema Breitenverbindung in der Praxis besonders achten?,sie fügt Bretter seitlich zu breiteren Flächen zusammen,sie verkürzt Leisten an der Stirnseite bei sachgemässem Ablauf,sie ist nur für Metallprofile geeignet im normalen Werkstattbetrieb,sie wird ohne Beachtung der Jahrringe ausgeführt,A,Breitenverbindungen sind zentral für Platten und Massivholzflächen.,"Bildungsplan Schreiner/in EFZ, VSSM/SBFI; Schullehrplan Schreiner/in EFZ, BWZ Lyss",https://www.vssm.ch/sites/default/files/vssm/berufsbildung/schreiner_efz/bildungsplan_efz.pdf
schreiner,Schreiner/in EFZ,sch_l03,HKB1,L03,"2. Semester VP: Verbindungen, Werkzeichnung und Planimetrie",hard,single_choice,Welche Aussage zum Thema Breitenverbindung passt fachlich am besten?,sie verkürzt Leisten an der Stirnseite bei vergleichbaren Aufgaben,sie fügt Bretter seitlich zu breiteren Flächen zusammen,sie ist nur für Metallprofile geeignet im konkreten Auftrag,sie wird ohne Beachtung der Jahrringe ausgeführt,B,Breitenverbindungen sind zentral für Platten und Massivholzflächen.,"Bildungsplan Schreiner/in EFZ, VSSM/SBFI; Schullehrplan Schreiner/in EFZ, BWZ Lyss",https://www.vssm.ch/sites/default/files/vssm/berufsbildung/schreiner_efz/bildungsplan_efz.pdf
schreiner,Schreiner/in EFZ,sch_l03,HKB1,L03,"2. Semester VP: Verbindungen, Werkzeichnung und Planimetrie",easy,single_choice,Welche Aussage beschreibt Flächeneckverbindung im Schreinerberuf am besten?,sie dient zur Holzfeuchtemessung bei sachgemässer Ausführung,sie wird nur im Rundholz angewendet,sie verbindet zwei Platten oder Flächen im Winkel,sie ersetzt den Massstab im Plan im üblichen Berufsalltag,C,"Dübel, Lamello oder Gehrungen werden häufig für Korpusse eingesetzt.","Bildungsplan Schreiner/in EFZ, VSSM/SBFI; Schullehrplan Schreiner/in EFZ, BWZ Lyss",https://www.vssm.ch/sites/default/files/vssm/berufsbildung/schreiner_efz/bildungsplan_efz.pdf
schreiner,Schreiner/in EFZ,sch_l03,HKB1,L03,"2. Semester VP: Verbindungen, Werkzeichnung und Planimetrie",medium,single_choice,Worauf muss man beim Thema Flächeneckverbindung in der Praxis besonders achten?,sie dient zur Holzfeuchtemessung im laufenden Tagesgeschäft,sie wird nur im Rundholz angewendet,sie ersetzt den Massstab im Plan im Werkstattumfeld,sie verbindet zwei Platten oder Flächen im Winkel,D,"Dübel, Lamello oder Gehrungen werden häufig für Korpusse eingesetzt.","Bildungsplan Schreiner/in EFZ, VSSM/SBFI; Schullehrplan Schreiner/in EFZ, BWZ Lyss",https://www.vssm.ch/sites/default/files/vssm/berufsbildung/schreiner_efz/bildungsplan_efz.pdf
schreiner,Schreiner/in EFZ,sch_l03,HKB1,L03,"2. Semester VP: Verbindungen, Werkzeichnung und Planimetrie",hard,single_choice,Welche Aussage zum Thema Flächeneckverbindung passt fachlich am besten?,sie verbindet zwei Platten oder Flächen im Winkel,sie dient zur Holzfeuchtemessung nach gängiger Praxis,sie wird nur im Rundholz angewendet,sie ersetzt den Massstab im Plan unter typischen Arbeitsbedingungen,A,"Dübel, Lamello oder Gehrungen werden häufig für Korpusse eingesetzt.","Bildungsplan Schreiner/in EFZ, VSSM/SBFI; Schullehrplan Schreiner/in EFZ, BWZ Lyss",https://www.vssm.ch/sites/default/files/vssm/berufsbildung/schreiner_efz/bildungsplan_efz.pdf
schreiner,Schreiner/in EFZ,sch_l03,HKB1,L03,"2. Semester VP: Verbindungen, Werkzeichnung und Planimetrie",easy,single_choice,Welche Aussage beschreibt Rahmenverbindung im Schreinerberuf am besten?,sie erzeugt nur dekorative Schraffuren,sie verbindet Rahmenfriese stabil und formschlüssig,sie wird ohne Passung gestemmt im Produktionsalltag,sie ist nur für Kunststofffolien gedacht,B,Schlitz und Zapfen oder Überplattung sichern Rahmenkonstruktionen.,"Bildungsplan Schreiner/in EFZ, VSSM/SBFI; Schullehrplan Schreiner/in EFZ, BWZ Lyss",https://www.vssm.ch/sites/default/files/vssm/berufsbildung/schreiner_efz/bildungsplan_efz.pdf
schreiner,Schreiner/in EFZ,sch_l03,HKB1,L03,"2. Semester VP: Verbindungen, Werkzeichnung und Planimetrie",medium,single_choice,Worauf muss man beim Thema Rahmenverbindung in der Praxis besonders achten?,sie erzeugt nur dekorative Schraffuren,sie wird ohne Passung gestemmt im Rahmen der Routine,sie verbindet Rahmenfriese stabil und formschlüssig,sie ist nur für Kunststofffolien gedacht,C,Schlitz und Zapfen oder Überplattung sichern Rahmenkonstruktionen.,"Bildungsplan Schreiner/in EFZ, VSSM/SBFI; Schullehrplan Schreiner/in EFZ, BWZ Lyss",https://www.vssm.ch/sites/default/files/vssm/berufsbildung/schreiner_efz/bildungsplan_efz.pdf
schreiner,Schreiner/in EFZ,sch_l03,HKB1,L03,"2. Semester VP: Verbindungen, Werkzeichnung und Planimetrie",hard,single_choice,Welche Aussage zum Thema Rahmenverbindung passt fachlich am besten?,sie erzeugt nur dekorative Schraffuren,sie wird ohne Passung gestemmt im normalen Werkstattbetrieb,sie ist nur für Kunststofffolien gedacht,sie verbindet Rahmenfriese stabil und formschlüssig,D,Schlitz und Zapfen oder Überplattung sichern Rahmenkonstruktionen.,"Bildungsplan Schreiner/in EFZ, VSSM/SBFI; Schullehrplan Schreiner/in EFZ, BWZ Lyss",https://www.vssm.ch/sites/default/files/vssm/berufsbildung/schreiner_efz/bildungsplan_efz.pdf
schreiner,Schreiner/in EFZ,sch_l03,HKB1,L03,"2. Semester VP: Verbindungen, Werkzeichnung und Planimetrie",easy,single_choice,Welche Aussage beschreibt Werkzeichnung im Schreinerberuf am besten?,"sie zeigt Konstruktion, Masse, Materialien und wichtige Details",sie enthält nur eine freie Idee im laufenden Tagesgeschäft,sie ersetzt jede Materialliste im konkreten Auftrag,sie wird erst nach der Montage erstellt im Werkstattumfeld,A,Werkzeichnungen dienen als verbindliche Grundlage für Herstellung und Montage.,"Bildungsplan Schreiner/in EFZ, VSSM/SBFI; Schullehrplan Schreiner/in EFZ, BWZ Lyss",https://www.vssm.ch/sites/default/files/vssm/berufsbildung/schreiner_efz/bildungsplan_efz.pdf
schreiner,Schreiner/in EFZ,sch_l03,HKB1,L03,"2. Semester VP: Verbindungen, Werkzeichnung und Planimetrie",medium,single_choice,Worauf muss man beim Thema Werkzeichnung in der Praxis besonders achten?,sie enthält nur eine freie Idee nach gängiger Praxis,"sie zeigt Konstruktion, Masse, Materialien und wichtige Details",sie ersetzt jede Materialliste im üblichen Berufsalltag,sie wird erst nach der Montage erstellt unter typischen Arbeitsbedingungen,B,Werkzeichnungen dienen als verbindliche Grundlage für Herstellung und Montage.,"Bildungsplan Schreiner/in EFZ, VSSM/SBFI; Schullehrplan Schreiner/in EFZ, BWZ Lyss",https://www.vssm.ch/sites/default/files/vssm/berufsbildung/schreiner_efz/bildungsplan_efz.pdf
schreiner,Schreiner/in EFZ,sch_l03,HKB1,L03,"2. Semester VP: Verbindungen, Werkzeichnung und Planimetrie",hard,single_choice,Welche Aussage zum Thema Werkzeichnung passt fachlich am besten?,sie enthält nur eine freie Idee im Produktionsalltag,sie ersetzt jede Materialliste im Werkstattumfeld,"sie zeigt Konstruktion, Masse, Materialien und wichtige Details",sie wird erst nach der Montage erstellt bei sachgemässem Ablauf,C,Werkzeichnungen dienen als verbindliche Grundlage für Herstellung und Montage.,"Bildungsplan Schreiner/in EFZ, VSSM/SBFI; Schullehrplan Schreiner/in EFZ, BWZ Lyss",https://www.vssm.ch/sites/default/files/vssm/berufsbildung/schreiner_efz/bildungsplan_efz.pdf
schreiner,Schreiner/in EFZ,sch_l03,HKB1,L03,"2. Semester VP: Verbindungen, Werkzeichnung und Planimetrie",easy,single_choice,Welche Aussage beschreibt Beschlägeliste im Schreinerberuf am besten?,sie beschreibt nur Holzarten unter typischen Arbeitsbedingungen,sie berechnet ausschliesslich Lohnkosten bei vergleichbaren Aufgaben,sie ersetzt den Sicherheitsnachweis im Rahmen der Routine,sie führt benötigte Beschläge mit Menge und Bezeichnung auf,D,"Beschlägelisten unterstützen Einkauf, AVOR und Montage.","Bildungsplan Schreiner/in EFZ, VSSM/SBFI; Schullehrplan Schreiner/in EFZ, BWZ Lyss",https://www.vssm.ch/sites/default/files/vssm/berufsbildung/schreiner_efz/bildungsplan_efz.pdf
schreiner,Schreiner/in EFZ,sch_l03,HKB1,L03,"2. Semester VP: Verbindungen, Werkzeichnung und Planimetrie",medium,single_choice,Worauf muss man beim Thema Beschlägeliste in der Praxis besonders achten?,sie führt benötigte Beschläge mit Menge und Bezeichnung auf,sie beschreibt nur Holzarten bei sachgemässem Ablauf,sie berechnet ausschliesslich Lohnkosten bei sachgemässer Ausführung,sie ersetzt den Sicherheitsnachweis im normalen Werkstattbetrieb,A,"Beschlägelisten unterstützen Einkauf, AVOR und Montage.","Bildungsplan Schreiner/in EFZ, VSSM/SBFI; Schullehrplan Schreiner/in EFZ, BWZ Lyss",https://www.vssm.ch/sites/default/files/vssm/berufsbildung/schreiner_efz/bildungsplan_efz.pdf
schreiner,Schreiner/in EFZ,sch_l03,HKB1,L03,"2. Semester VP: Verbindungen, Werkzeichnung und Planimetrie",hard,single_choice,Welche Aussage zum Thema Beschlägeliste passt fachlich am besten?,sie beschreibt nur Holzarten bei vergleichbaren Aufgaben,sie führt benötigte Beschläge mit Menge und Bezeichnung auf,sie berechnet ausschliesslich Lohnkosten im laufenden Tagesgeschäft,sie ersetzt den Sicherheitsnachweis im konkreten Auftrag,B,"Beschlägelisten unterstützen Einkauf, AVOR und Montage.","Bildungsplan Schreiner/in EFZ, VSSM/SBFI; Schullehrplan Schreiner/in EFZ, BWZ Lyss",https://www.vssm.ch/sites/default/files/vssm/berufsbildung/schreiner_efz/bildungsplan_efz.pdf
schreiner,Schreiner/in EFZ,sch_l03,HKB1,L03,"2. Semester VP: Verbindungen, Werkzeichnung und Planimetrie",easy,single_choice,Welche Aussage beschreibt Glasliste im Schreinerberuf am besten?,sie listet nur Schleifpapierkörnungen,sie ist nur für Massivholz nötig bei sachgemässer Ausführung,"sie hält Glastyp, Masse, Aufbau und Menge fest",sie ersetzt die Fensterabdichtung,C,Genaue Glaslisten verhindern Bestell- und Montagefehler.,"Bildungsplan Schreiner/in EFZ, VSSM/SBFI; Schullehrplan Schreiner/in EFZ, BWZ Lyss",https://www.vssm.ch/sites/default/files/vssm/berufsbildung/schreiner_efz/bildungsplan_efz.pdf
schreiner,Schreiner/in EFZ,sch_l03,HKB1,L03,"2. Semester VP: Verbindungen, Werkzeichnung und Planimetrie",medium,single_choice,Worauf muss man beim Thema Glasliste in der Praxis besonders achten?,sie listet nur Schleifpapierkörnungen,sie ist nur für Massivholz nötig im laufenden Tagesgeschäft,sie ersetzt die Fensterabdichtung,"sie hält Glastyp, Masse, Aufbau und Menge fest",D,Genaue Glaslisten verhindern Bestell- und Montagefehler.,"Bildungsplan Schreiner/in EFZ, VSSM/SBFI; Schullehrplan Schreiner/in EFZ, BWZ Lyss",https://www.vssm.ch/sites/default/files/vssm/berufsbildung/schreiner_efz/bildungsplan_efz.pdf
schreiner,Schreiner/in EFZ,sch_l03,HKB1,L03,"2. Semester VP: Verbindungen, Werkzeichnung und Planimetrie",hard,single_choice,Welche Aussage zum Thema Glasliste passt fachlich am besten?,"sie hält Glastyp, Masse, Aufbau und Menge fest",sie listet nur Schleifpapierkörnungen,sie ist nur für Massivholz nötig nach gängiger Praxis,sie ersetzt die Fensterabdichtung,A,Genaue Glaslisten verhindern Bestell- und Montagefehler.,"Bildungsplan Schreiner/in EFZ, VSSM/SBFI; Schullehrplan Schreiner/in EFZ, BWZ Lyss",https://www.vssm.ch/sites/default/files/vssm/berufsbildung/schreiner_efz/bildungsplan_efz.pdf
schreiner,Schreiner/in EFZ,sch_l03,HKB1,L03,"2. Semester VP: Verbindungen, Werkzeichnung und Planimetrie",easy,single_choice,Welche Aussage beschreibt Pythagoras im Schreinerberuf am besten?,er bestimmt die Holzfeuchte direkt bei sachgemässem Ablauf,er berechnet fehlende Seiten im rechtwinkligen Dreieck,er ersetzt die Massaufnahme im Produktionsalltag,er gilt für jedes beliebige Viereck im normalen Werkstattbetrieb,B,Der Satz des Pythagoras ist für Diagonalen und rechtwinklige Konstruktionen wichtig.,"Bildungsplan Schreiner/in EFZ, VSSM/SBFI; Schullehrplan Schreiner/in EFZ, BWZ Lyss",https://www.vssm.ch/sites/default/files/vssm/berufsbildung/schreiner_efz/bildungsplan_efz.pdf
schreiner,Schreiner/in EFZ,sch_l03,HKB1,L03,"2. Semester VP: Verbindungen, Werkzeichnung und Planimetrie",medium,single_choice,Worauf muss man beim Thema Pythagoras in der Praxis besonders achten?,er bestimmt die Holzfeuchte direkt bei vergleichbaren Aufgaben,er ersetzt die Massaufnahme im Rahmen der Routine,er berechnet fehlende Seiten im rechtwinkligen Dreieck,er gilt für jedes beliebige Viereck im konkreten Auftrag,C,Der Satz des Pythagoras ist für Diagonalen und rechtwinklige Konstruktionen wichtig.,"Bildungsplan Schreiner/in EFZ, VSSM/SBFI; Schullehrplan Schreiner/in EFZ, BWZ Lyss",https://www.vssm.ch/sites/default/files/vssm/berufsbildung/schreiner_efz/bildungsplan_efz.pdf
schreiner,Schreiner/in EFZ,sch_l03,HKB1,L03,"2. Semester VP: Verbindungen, Werkzeichnung und Planimetrie",hard,single_choice,Welche Aussage zum Thema Pythagoras passt fachlich am besten?,er bestimmt die Holzfeuchte direkt bei sachgemässer Ausführung,er ersetzt die Massaufnahme im normalen Werkstattbetrieb,er gilt für jedes beliebige Viereck im üblichen Berufsalltag,er berechnet fehlende Seiten im rechtwinkligen Dreieck,D,Der Satz des Pythagoras ist für Diagonalen und rechtwinklige Konstruktionen wichtig.,"Bildungsplan Schreiner/in EFZ, VSSM/SBFI; Schullehrplan Schreiner/in EFZ, BWZ Lyss",https://www.vssm.ch/sites/default/files/vssm/berufsbildung/schreiner_efz/bildungsplan_efz.pdf
schreiner,Schreiner/in EFZ,sch_l03,HKB1,L03,"2. Semester VP: Verbindungen, Werkzeichnung und Planimetrie",easy,single_choice,Welche Aussage beschreibt Trigonometrie im Schreinerberuf am besten?,sie berechnet Winkel oder Strecken in rechtwinkligen Dreiecken,sie bewertet die Oberflächenqualität im laufenden Tagesgeschäft,sie sortiert Holz nach Farbe im konkreten Auftrag,sie legt nur den Werkstoffpreis fest im Werkstattumfeld,A,"Sinus, Cosinus und Tangens unterstützen präzise Konstruktionsberechnungen.","Bildungsplan Schreiner/in EFZ, VSSM/SBFI; Schullehrplan Schreiner/in EFZ, BWZ Lyss",https://www.vssm.ch/sites/default/files/vssm/berufsbildung/schreiner_efz/bildungsplan_efz.pdf
schreiner,Schreiner/in EFZ,sch_l03,HKB1,L03,"2. Semester VP: Verbindungen, Werkzeichnung und Planimetrie",medium,single_choice,Worauf muss man beim Thema Trigonometrie in der Praxis besonders achten?,sie bewertet die Oberflächenqualität nach gängiger Praxis,sie berechnet Winkel oder Strecken in rechtwinkligen Dreiecken,sie sortiert Holz nach Farbe im üblichen Berufsalltag,sie legt nur den Werkstoffpreis fest unter typischen Arbeitsbedingungen,B,"Sinus, Cosinus und Tangens unterstützen präzise Konstruktionsberechnungen.","Bildungsplan Schreiner/in EFZ, VSSM/SBFI; Schullehrplan Schreiner/in EFZ, BWZ Lyss",https://www.vssm.ch/sites/default/files/vssm/berufsbildung/schreiner_efz/bildungsplan_efz.pdf
schreiner,Schreiner/in EFZ,sch_l03,HKB1,L03,"2. Semester VP: Verbindungen, Werkzeichnung und Planimetrie",hard,single_choice,Welche Aussage zum Thema Trigonometrie passt fachlich am besten?,sie bewertet die Oberflächenqualität im Produktionsalltag,sie sortiert Holz nach Farbe im Werkstattumfeld,sie berechnet Winkel oder Strecken in rechtwinkligen Dreiecken,sie legt nur den Werkstoffpreis fest bei sachgemässem Ablauf,C,"Sinus, Cosinus und Tangens unterstützen präzise Konstruktionsberechnungen.","Bildungsplan Schreiner/in EFZ, VSSM/SBFI; Schullehrplan Schreiner/in EFZ, BWZ Lyss",https://www.vssm.ch/sites/default/files/vssm/berufsbildung/schreiner_efz/bildungsplan_efz.pdf
schreiner,Schreiner/in EFZ,sch_l03,HKB1,L03,"2. Semester VP: Verbindungen, Werkzeichnung und Planimetrie",easy,single_choice,Welche Aussage beschreibt Massaufbau im Schreinerberuf am besten?,er ersetzt die Ansicht im Plan im Rahmen der Routine,er wird ohne Bezugskanten erstellt bei vergleichbaren Aufgaben,er dient nur der Dekoration unter typischen Arbeitsbedingungen,"er ordnet Haupt-, Teil- und Detailmasse übersichtlich",D,Ein logischer Massaufbau macht Werkzeichnungen nachvollziehbar.,"Bildungsplan Schreiner/in EFZ, VSSM/SBFI; Schullehrplan Schreiner/in EFZ, BWZ Lyss",https://www.vssm.ch/sites/default/files/vssm/berufsbildung/schreiner_efz/bildungsplan_efz.pdf
schreiner,Schreiner/in EFZ,sch_l03,HKB1,L03,"2. Semester VP: Verbindungen, Werkzeichnung und Planimetrie",medium,single_choice,Worauf muss man beim Thema Massaufbau in der Praxis besonders achten?,"er ordnet Haupt-, Teil- und Detailmasse übersichtlich",er ersetzt die Ansicht im Plan im normalen Werkstattbetrieb,er wird ohne Bezugskanten erstellt bei sachgemässer Ausführung,er dient nur der Dekoration bei sachgemässem Ablauf,A,Ein logischer Massaufbau macht Werkzeichnungen nachvollziehbar.,"Bildungsplan Schreiner/in EFZ, VSSM/SBFI; Schullehrplan Schreiner/in EFZ, BWZ Lyss",https://www.vssm.ch/sites/default/files/vssm/berufsbildung/schreiner_efz/bildungsplan_efz.pdf
schreiner,Schreiner/in EFZ,sch_l03,HKB1,L03,"2. Semester VP: Verbindungen, Werkzeichnung und Planimetrie",hard,single_choice,Welche Aussage zum Thema Massaufbau passt fachlich am besten?,er ersetzt die Ansicht im Plan im konkreten Auftrag,"er ordnet Haupt-, Teil- und Detailmasse übersichtlich",er wird ohne Bezugskanten erstellt im laufenden Tagesgeschäft,er dient nur der Dekoration bei vergleichbaren Aufgaben,B,Ein logischer Massaufbau macht Werkzeichnungen nachvollziehbar.,"Bildungsplan Schreiner/in EFZ, VSSM/SBFI; Schullehrplan Schreiner/in EFZ, BWZ Lyss",https://www.vssm.ch/sites/default/files/vssm/berufsbildung/schreiner_efz/bildungsplan_efz.pdf
schreiner,Schreiner/in EFZ,sch_l04,HKB2,L04,"2. Semester HM: Holztechnologie, Trocknung und Holzschutz",easy,single_choice,Welche Aussage beschreibt Holzarten bestimmen im Schreinerberuf am besten?,nur den Geruch als Kriterium nutzen im üblichen Berufsalltag,alle Nadelhölzer gleich behandeln bei sachgemässer Ausführung,"Aussehen, Eigenschaften und Verwendung gemeinsam beurteilen",Farbe unabhängig vom Licht bestimmen nach gängiger Praxis,C,Holzarten werden über mehrere Merkmale und ihre technische Eignung beurteilt.,"Bildungsplan Schreiner/in EFZ, VSSM/SBFI; Schullehrplan Schreiner/in EFZ, BWZ Lyss",https://www.vssm.ch/sites/default/files/vssm/berufsbildung/schreiner_efz/bildungsplan_efz.pdf
schreiner,Schreiner/in EFZ,sch_l04,HKB2,L04,"2. Semester HM: Holztechnologie, Trocknung und Holzschutz",medium,single_choice,Worauf muss man beim Thema Holzarten bestimmen in der Praxis besonders achten?,nur den Geruch als Kriterium nutzen im Werkstattumfeld,alle Nadelhölzer gleich behandeln im laufenden Tagesgeschäft,Farbe unabhängig vom Licht bestimmen im Produktionsalltag,"Aussehen, Eigenschaften und Verwendung gemeinsam beurteilen",D,Holzarten werden über mehrere Merkmale und ihre technische Eignung beurteilt.,"Bildungsplan Schreiner/in EFZ, VSSM/SBFI; Schullehrplan Schreiner/in EFZ, BWZ Lyss",https://www.vssm.ch/sites/default/files/vssm/berufsbildung/schreiner_efz/bildungsplan_efz.pdf
schreiner,Schreiner/in EFZ,sch_l04,HKB2,L04,"2. Semester HM: Holztechnologie, Trocknung und Holzschutz",hard,single_choice,Welche Aussage zum Thema Holzarten bestimmen passt fachlich am besten?,"Aussehen, Eigenschaften und Verwendung gemeinsam beurteilen",nur den Geruch als Kriterium nutzen unter typischen Arbeitsbedingungen,alle Nadelhölzer gleich behandeln nach gängiger Praxis,Farbe unabhängig vom Licht bestimmen im Rahmen der Routine,A,Holzarten werden über mehrere Merkmale und ihre technische Eignung beurteilt.,"Bildungsplan Schreiner/in EFZ, VSSM/SBFI; Schullehrplan Schreiner/in EFZ, BWZ Lyss",https://www.vssm.ch/sites/default/files/vssm/berufsbildung/schreiner_efz/bildungsplan_efz.pdf
schreiner,Schreiner/in EFZ,sch_l04,HKB2,L04,"2. Semester HM: Holztechnologie, Trocknung und Holzschutz",easy,single_choice,Welche Aussage beschreibt technische Holzeigenschaften im Schreinerberuf am besten?,nur den Handelsnamen beachten im Produktionsalltag,"Festigkeit, Härte, Rohdichte und Bearbeitbarkeit berücksichtigen",jede Holzart gleich verleimen bei sachgemässem Ablauf,Feuchtegehalt grundsätzlich ignorieren im normalen Werkstattbetrieb,B,"Eigenschaften beeinflussen Konstruktion, Verarbeitung und Gebrauchstauglichkeit.","Bildungsplan Schreiner/in EFZ, VSSM/SBFI; Schullehrplan Schreiner/in EFZ, BWZ Lyss",https://www.vssm.ch/sites/default/files/vssm/berufsbildung/schreiner_efz/bildungsplan_efz.pdf
schreiner,Schreiner/in EFZ,sch_l04,HKB2,L04,"2. Semester HM: Holztechnologie, Trocknung und Holzschutz",medium,single_choice,Worauf muss man beim Thema technische Holzeigenschaften in der Praxis besonders achten?,nur den Handelsnamen beachten im Rahmen der Routine,jede Holzart gleich verleimen bei vergleichbaren Aufgaben,"Festigkeit, Härte, Rohdichte und Bearbeitbarkeit berücksichtigen",Feuchtegehalt grundsätzlich ignorieren im konkreten Auftrag,C,"Eigenschaften beeinflussen Konstruktion, Verarbeitung und Gebrauchstauglichkeit.","Bildungsplan Schreiner/in EFZ, VSSM/SBFI; Schullehrplan Schreiner/in EFZ, BWZ Lyss",https://www.vssm.ch/sites/default/files/vssm/berufsbildung/schreiner_efz/bildungsplan_efz.pdf
schreiner,Schreiner/in EFZ,sch_l04,HKB2,L04,"2. Semester HM: Holztechnologie, Trocknung und Holzschutz",hard,single_choice,Welche Aussage zum Thema technische Holzeigenschaften passt fachlich am besten?,nur den Handelsnamen beachten im normalen Werkstattbetrieb,jede Holzart gleich verleimen bei sachgemässer Ausführung,Feuchtegehalt grundsätzlich ignorieren im üblichen Berufsalltag,"Festigkeit, Härte, Rohdichte und Bearbeitbarkeit berücksichtigen",D,"Eigenschaften beeinflussen Konstruktion, Verarbeitung und Gebrauchstauglichkeit.","Bildungsplan Schreiner/in EFZ, VSSM/SBFI; Schullehrplan Schreiner/in EFZ, BWZ Lyss",https://www.vssm.ch/sites/default/files/vssm/berufsbildung/schreiner_efz/bildungsplan_efz.pdf
schreiner,Schreiner/in EFZ,sch_l04,HKB2,L04,"2. Semester HM: Holztechnologie, Trocknung und Holzschutz",easy,single_choice,Welche Aussage beschreibt Feuchtegleichgewicht im Schreinerberuf am besten?,Holzfeuchte passt sich dem Umgebungsklima an,Holz wird nach dem Hobeln wasserfrei,Luftfeuchte hat keinen Einfluss im konkreten Auftrag,nur Lacke nehmen Feuchtigkeit auf,A,Das Gleichgewicht zwischen Holz und Raumklima beeinflusst Masshaltigkeit.,"Bildungsplan Schreiner/in EFZ, VSSM/SBFI; Schullehrplan Schreiner/in EFZ, BWZ Lyss",https://www.vssm.ch/sites/default/files/vssm/berufsbildung/schreiner_efz/bildungsplan_efz.pdf
schreiner,Schreiner/in EFZ,sch_l04,HKB2,L04,"2. Semester HM: Holztechnologie, Trocknung und Holzschutz",medium,single_choice,Worauf muss man beim Thema Feuchtegleichgewicht in der Praxis besonders achten?,Holz wird nach dem Hobeln wasserfrei,Holzfeuchte passt sich dem Umgebungsklima an,Luftfeuchte hat keinen Einfluss im üblichen Berufsalltag,nur Lacke nehmen Feuchtigkeit auf,B,Das Gleichgewicht zwischen Holz und Raumklima beeinflusst Masshaltigkeit.,"Bildungsplan Schreiner/in EFZ, VSSM/SBFI; Schullehrplan Schreiner/in EFZ, BWZ Lyss",https://www.vssm.ch/sites/default/files/vssm/berufsbildung/schreiner_efz/bildungsplan_efz.pdf
schreiner,Schreiner/in EFZ,sch_l04,HKB2,L04,"2. Semester HM: Holztechnologie, Trocknung und Holzschutz",hard,single_choice,Welche Aussage zum Thema Feuchtegleichgewicht passt fachlich am besten?,Holz wird nach dem Hobeln wasserfrei,Luftfeuchte hat keinen Einfluss im Werkstattumfeld,Holzfeuchte passt sich dem Umgebungsklima an,nur Lacke nehmen Feuchtigkeit auf,C,Das Gleichgewicht zwischen Holz und Raumklima beeinflusst Masshaltigkeit.,"Bildungsplan Schreiner/in EFZ, VSSM/SBFI; Schullehrplan Schreiner/in EFZ, BWZ Lyss",https://www.vssm.ch/sites/default/files/vssm/berufsbildung/schreiner_efz/bildungsplan_efz.pdf
schreiner,Schreiner/in EFZ,sch_l04,HKB2,L04,"2. Semester HM: Holztechnologie, Trocknung und Holzschutz",easy,single_choice,Welche Aussage beschreibt natürliche Trocknung im Schreinerberuf am besten?,Holz wird nass verpackt gelagert unter typischen Arbeitsbedingungen,Stapel ohne Zwischenleisten erstellt im Rahmen der Routine,Trocknung erfolgt im geschlossenen Sack,Holz wird luftig gestapelt und langsam vorgetrocknet,D,Luftige Stapelung reduziert Trocknungsfehler und Schimmelrisiken.,"Bildungsplan Schreiner/in EFZ, VSSM/SBFI; Schullehrplan Schreiner/in EFZ, BWZ Lyss",https://www.vssm.ch/sites/default/files/vssm/berufsbildung/schreiner_efz/bildungsplan_efz.pdf
schreiner,Schreiner/in EFZ,sch_l04,HKB2,L04,"2. Semester HM: Holztechnologie, Trocknung und Holzschutz",medium,single_choice,Worauf muss man beim Thema natürliche Trocknung in der Praxis besonders achten?,Holz wird luftig gestapelt und langsam vorgetrocknet,Holz wird nass verpackt gelagert bei sachgemässem Ablauf,Stapel ohne Zwischenleisten erstellt im normalen Werkstattbetrieb,Trocknung erfolgt im geschlossenen Sack,A,Luftige Stapelung reduziert Trocknungsfehler und Schimmelrisiken.,"Bildungsplan Schreiner/in EFZ, VSSM/SBFI; Schullehrplan Schreiner/in EFZ, BWZ Lyss",https://www.vssm.ch/sites/default/files/vssm/berufsbildung/schreiner_efz/bildungsplan_efz.pdf
schreiner,Schreiner/in EFZ,sch_l04,HKB2,L04,"2. Semester HM: Holztechnologie, Trocknung und Holzschutz",hard,single_choice,Welche Aussage zum Thema natürliche Trocknung passt fachlich am besten?,Holz wird nass verpackt gelagert bei vergleichbaren Aufgaben,Holz wird luftig gestapelt und langsam vorgetrocknet,Stapel ohne Zwischenleisten erstellt im konkreten Auftrag,Trocknung erfolgt im geschlossenen Sack,B,Luftige Stapelung reduziert Trocknungsfehler und Schimmelrisiken.,"Bildungsplan Schreiner/in EFZ, VSSM/SBFI; Schullehrplan Schreiner/in EFZ, BWZ Lyss",https://www.vssm.ch/sites/default/files/vssm/berufsbildung/schreiner_efz/bildungsplan_efz.pdf
schreiner,Schreiner/in EFZ,sch_l04,HKB2,L04,"2. Semester HM: Holztechnologie, Trocknung und Holzschutz",easy,single_choice,Welche Aussage beschreibt technische Trocknung im Schreinerberuf am besten?,Holz wird zufällig in die Sonne gelegt im üblichen Berufsalltag,die Holzfeuchte wird nicht gemessen bei sachgemässer Ausführung,"Klima, Temperatur und Luftbewegung werden gezielt gesteuert",alle Holzarten erhalten dasselbe Programm nach gängiger Praxis,C,Trockenkammern erlauben kontrollierte Holzfeuchte für die Verarbeitung.,"Bildungsplan Schreiner/in EFZ, VSSM/SBFI; Schullehrplan Schreiner/in EFZ, BWZ Lyss",https://www.vssm.ch/sites/default/files/vssm/berufsbildung/schreiner_efz/bildungsplan_efz.pdf
schreiner,Schreiner/in EFZ,sch_l04,HKB2,L04,"2. Semester HM: Holztechnologie, Trocknung und Holzschutz",medium,single_choice,Worauf muss man beim Thema technische Trocknung in der Praxis besonders achten?,Holz wird zufällig in die Sonne gelegt im Werkstattumfeld,die Holzfeuchte wird nicht gemessen im laufenden Tagesgeschäft,alle Holzarten erhalten dasselbe Programm im Produktionsalltag,"Klima, Temperatur und Luftbewegung werden gezielt gesteuert",D,Trockenkammern erlauben kontrollierte Holzfeuchte für die Verarbeitung.,"Bildungsplan Schreiner/in EFZ, VSSM/SBFI; Schullehrplan Schreiner/in EFZ, BWZ Lyss",https://www.vssm.ch/sites/default/files/vssm/berufsbildung/schreiner_efz/bildungsplan_efz.pdf
schreiner,Schreiner/in EFZ,sch_l04,HKB2,L04,"2. Semester HM: Holztechnologie, Trocknung und Holzschutz",hard,single_choice,Welche Aussage zum Thema technische Trocknung passt fachlich am besten?,"Klima, Temperatur und Luftbewegung werden gezielt gesteuert",Holz wird zufällig in die Sonne gelegt unter typischen Arbeitsbedingungen,die Holzfeuchte wird nicht gemessen nach gängiger Praxis,alle Holzarten erhalten dasselbe Programm im Rahmen der Routine,A,Trockenkammern erlauben kontrollierte Holzfeuchte für die Verarbeitung.,"Bildungsplan Schreiner/in EFZ, VSSM/SBFI; Schullehrplan Schreiner/in EFZ, BWZ Lyss",https://www.vssm.ch/sites/default/files/vssm/berufsbildung/schreiner_efz/bildungsplan_efz.pdf
schreiner,Schreiner/in EFZ,sch_l04,HKB2,L04,"2. Semester HM: Holztechnologie, Trocknung und Holzschutz",easy,single_choice,Welche Aussage beschreibt Trocknungsfehler im Schreinerberuf am besten?,Kantenlisten automatisch ergänzen im normalen Werkstattbetrieb,"Risse, Verformungen oder Verfärbungen durch falsche Trocknung erkennen",Werkzeuge stumpf machen im Produktionsalltag bei sachgemässer Ausführung,Dübel unsichtbar machen bei sachgemässem Ablauf im üblichen Berufsalltag,B,Zu schnelle oder ungeeignete Trocknung schädigt Holzqualität.,"Bildungsplan Schreiner/in EFZ, VSSM/SBFI; Schullehrplan Schreiner/in EFZ, BWZ Lyss",https://www.vssm.ch/sites/default/files/vssm/berufsbildung/schreiner_efz/bildungsplan_efz.pdf
schreiner,Schreiner/in EFZ,sch_l04,HKB2,L04,"2. Semester HM: Holztechnologie, Trocknung und Holzschutz",medium,single_choice,Worauf muss man beim Thema Trocknungsfehler in der Praxis besonders achten?,Kantenlisten automatisch ergänzen im konkreten Auftrag,Werkzeuge stumpf machen im Rahmen der Routine im laufenden Tagesgeschäft,"Risse, Verformungen oder Verfärbungen durch falsche Trocknung erkennen",Dübel unsichtbar machen bei vergleichbaren Aufgaben,C,Zu schnelle oder ungeeignete Trocknung schädigt Holzqualität.,"Bildungsplan Schreiner/in EFZ, VSSM/SBFI; Schullehrplan Schreiner/in EFZ, BWZ Lyss",https://www.vssm.ch/sites/default/files/vssm/berufsbildung/schreiner_efz/bildungsplan_efz.pdf
schreiner,Schreiner/in EFZ,sch_l04,HKB2,L04,"2. Semester HM: Holztechnologie, Trocknung und Holzschutz",hard,single_choice,Welche Aussage zum Thema Trocknungsfehler passt fachlich am besten?,Kantenlisten automatisch ergänzen im üblichen Berufsalltag,Werkzeuge stumpf machen im normalen Werkstattbetrieb,Dübel unsichtbar machen bei sachgemässer Ausführung nach gängiger Praxis,"Risse, Verformungen oder Verfärbungen durch falsche Trocknung erkennen",D,Zu schnelle oder ungeeignete Trocknung schädigt Holzqualität.,"Bildungsplan Schreiner/in EFZ, VSSM/SBFI; Schullehrplan Schreiner/in EFZ, BWZ Lyss",https://www.vssm.ch/sites/default/files/vssm/berufsbildung/schreiner_efz/bildungsplan_efz.pdf
schreiner,Schreiner/in EFZ,sch_l04,HKB2,L04,"2. Semester HM: Holztechnologie, Trocknung und Holzschutz",easy,single_choice,Welche Aussage beschreibt konstruktiver Holzschutz im Schreinerberuf am besten?,Konstruktion verhindert dauerhafte Feuchtebelastung,Schäden werden nur überstrichen im laufenden Tagesgeschäft,Holz bleibt ständig im Wasser im konkreten Auftrag,Endholz wird absichtlich ungeschützt gelassen,A,Konstruktiver Schutz ist oft nachhaltiger als rein chemischer Schutz.,"Bildungsplan Schreiner/in EFZ, VSSM/SBFI; Schullehrplan Schreiner/in EFZ, BWZ Lyss",https://www.vssm.ch/sites/default/files/vssm/berufsbildung/schreiner_efz/bildungsplan_efz.pdf
schreiner,Schreiner/in EFZ,sch_l04,HKB2,L04,"2. Semester HM: Holztechnologie, Trocknung und Holzschutz",medium,single_choice,Worauf muss man beim Thema konstruktiver Holzschutz in der Praxis besonders achten?,Schäden werden nur überstrichen nach gängiger Praxis,Konstruktion verhindert dauerhafte Feuchtebelastung,Holz bleibt ständig im Wasser im üblichen Berufsalltag,Endholz wird absichtlich ungeschützt gelassen,B,Konstruktiver Schutz ist oft nachhaltiger als rein chemischer Schutz.,"Bildungsplan Schreiner/in EFZ, VSSM/SBFI; Schullehrplan Schreiner/in EFZ, BWZ Lyss",https://www.vssm.ch/sites/default/files/vssm/berufsbildung/schreiner_efz/bildungsplan_efz.pdf
schreiner,Schreiner/in EFZ,sch_l04,HKB2,L04,"2. Semester HM: Holztechnologie, Trocknung und Holzschutz",hard,single_choice,Welche Aussage zum Thema konstruktiver Holzschutz passt fachlich am besten?,Schäden werden nur überstrichen im Produktionsalltag,Holz bleibt ständig im Wasser im Werkstattumfeld,Konstruktion verhindert dauerhafte Feuchtebelastung,Endholz wird absichtlich ungeschützt gelassen,C,Konstruktiver Schutz ist oft nachhaltiger als rein chemischer Schutz.,"Bildungsplan Schreiner/in EFZ, VSSM/SBFI; Schullehrplan Schreiner/in EFZ, BWZ Lyss",https://www.vssm.ch/sites/default/files/vssm/berufsbildung/schreiner_efz/bildungsplan_efz.pdf
schreiner,Schreiner/in EFZ,sch_l04,HKB2,L04,"2. Semester HM: Holztechnologie, Trocknung und Holzschutz",easy,single_choice,Welche Aussage beschreibt tierische Holzschädlinge im Schreinerberuf am besten?,Jahrringe zählen und Preis festlegen,Lackglanzgrad messen unter typischen Arbeitsbedingungen,Kantenradius bestimmen im Rahmen der Routine,"Frassgänge, Bohrmehl und Ausfluglöcher beurteilen",D,Schädlinge wie Hausbock oder Anobie hinterlassen typische Spuren.,"Bildungsplan Schreiner/in EFZ, VSSM/SBFI; Schullehrplan Schreiner/in EFZ, BWZ Lyss",https://www.vssm.ch/sites/default/files/vssm/berufsbildung/schreiner_efz/bildungsplan_efz.pdf
schreiner,Schreiner/in EFZ,sch_l04,HKB2,L04,"2. Semester HM: Holztechnologie, Trocknung und Holzschutz",medium,single_choice,Worauf muss man beim Thema tierische Holzschädlinge in der Praxis besonders achten?,"Frassgänge, Bohrmehl und Ausfluglöcher beurteilen",Jahrringe zählen und Preis festlegen,Lackglanzgrad messen bei sachgemässem Ablauf,Kantenradius bestimmen im normalen Werkstattbetrieb,A,Schädlinge wie Hausbock oder Anobie hinterlassen typische Spuren.,"Bildungsplan Schreiner/in EFZ, VSSM/SBFI; Schullehrplan Schreiner/in EFZ, BWZ Lyss",https://www.vssm.ch/sites/default/files/vssm/berufsbildung/schreiner_efz/bildungsplan_efz.pdf
schreiner,Schreiner/in EFZ,sch_l04,HKB2,L04,"2. Semester HM: Holztechnologie, Trocknung und Holzschutz",hard,single_choice,Welche Aussage zum Thema tierische Holzschädlinge passt fachlich am besten?,Jahrringe zählen und Preis festlegen,"Frassgänge, Bohrmehl und Ausfluglöcher beurteilen",Lackglanzgrad messen bei vergleichbaren Aufgaben,Kantenradius bestimmen im konkreten Auftrag,B,Schädlinge wie Hausbock oder Anobie hinterlassen typische Spuren.,"Bildungsplan Schreiner/in EFZ, VSSM/SBFI; Schullehrplan Schreiner/in EFZ, BWZ Lyss",https://www.vssm.ch/sites/default/files/vssm/berufsbildung/schreiner_efz/bildungsplan_efz.pdf
schreiner,Schreiner/in EFZ,sch_l04,HKB2,L04,"2. Semester HM: Holztechnologie, Trocknung und Holzschutz",easy,single_choice,Welche Aussage beschreibt pflanzliche Holzschädlinge im Schreinerberuf am besten?,sie wachsen nur in Metall bei sachgemässer Ausführung,sie entstehen ohne Feuchte im üblichen Berufsalltag,Pilze benötigen passende Feuchte und Nährstoffbedingungen,sie ersetzen Holzschutzmittel nach gängiger Praxis,C,Pilzbefall ist eng mit Feuchtebedingungen verbunden.,"Bildungsplan Schreiner/in EFZ, VSSM/SBFI; Schullehrplan Schreiner/in EFZ, BWZ Lyss",https://www.vssm.ch/sites/default/files/vssm/berufsbildung/schreiner_efz/bildungsplan_efz.pdf
schreiner,Schreiner/in EFZ,sch_l04,HKB2,L04,"2. Semester HM: Holztechnologie, Trocknung und Holzschutz",medium,single_choice,Worauf muss man beim Thema pflanzliche Holzschädlinge in der Praxis besonders achten?,sie wachsen nur in Metall im laufenden Tagesgeschäft,sie entstehen ohne Feuchte im Werkstattumfeld,sie ersetzen Holzschutzmittel im Produktionsalltag,Pilze benötigen passende Feuchte und Nährstoffbedingungen,D,Pilzbefall ist eng mit Feuchtebedingungen verbunden.,"Bildungsplan Schreiner/in EFZ, VSSM/SBFI; Schullehrplan Schreiner/in EFZ, BWZ Lyss",https://www.vssm.ch/sites/default/files/vssm/berufsbildung/schreiner_efz/bildungsplan_efz.pdf
schreiner,Schreiner/in EFZ,sch_l04,HKB2,L04,"2. Semester HM: Holztechnologie, Trocknung und Holzschutz",hard,single_choice,Welche Aussage zum Thema pflanzliche Holzschädlinge passt fachlich am besten?,Pilze benötigen passende Feuchte und Nährstoffbedingungen,sie wachsen nur in Metall nach gängiger Praxis,sie entstehen ohne Feuchte unter typischen Arbeitsbedingungen,sie ersetzen Holzschutzmittel im Rahmen der Routine,A,Pilzbefall ist eng mit Feuchtebedingungen verbunden.,"Bildungsplan Schreiner/in EFZ, VSSM/SBFI; Schullehrplan Schreiner/in EFZ, BWZ Lyss",https://www.vssm.ch/sites/default/files/vssm/berufsbildung/schreiner_efz/bildungsplan_efz.pdf
schreiner,Schreiner/in EFZ,sch_l04,HKB2,L04,"2. Semester HM: Holztechnologie, Trocknung und Holzschutz",easy,single_choice,Welche Aussage beschreibt Wuchsfehler im Schreinerberuf am besten?,alle Fehler immer ausbrechen im Produktionsalltag bei sachgemässer Ausführung,"Äste, Drehwuchs oder Harzgallen bei Zuschnitt und Verwendung einplanen",Wuchsfehler nie dokumentieren bei sachgemässem Ablauf,Drehwuchs als Massstab nutzen im normalen Werkstattbetrieb,B,"Wuchsmerkmale beeinflussen Optik, Festigkeit und Bearbeitung.","Bildungsplan Schreiner/in EFZ, VSSM/SBFI; Schullehrplan Schreiner/in EFZ, BWZ Lyss",https://www.vssm.ch/sites/default/files/vssm/berufsbildung/schreiner_efz/bildungsplan_efz.pdf
schreiner,Schreiner/in EFZ,sch_l04,HKB2,L04,"2. Semester HM: Holztechnologie, Trocknung und Holzschutz",medium,single_choice,Worauf muss man beim Thema Wuchsfehler in der Praxis besonders achten?,alle Fehler immer ausbrechen im Rahmen der Routine im laufenden Tagesgeschäft,Wuchsfehler nie dokumentieren bei vergleichbaren Aufgaben,"Äste, Drehwuchs oder Harzgallen bei Zuschnitt und Verwendung einplanen",Drehwuchs als Massstab nutzen im konkreten Auftrag,C,"Wuchsmerkmale beeinflussen Optik, Festigkeit und Bearbeitung.","Bildungsplan Schreiner/in EFZ, VSSM/SBFI; Schullehrplan Schreiner/in EFZ, BWZ Lyss",https://www.vssm.ch/sites/default/files/vssm/berufsbildung/schreiner_efz/bildungsplan_efz.pdf
schreiner,Schreiner/in EFZ,sch_l04,HKB2,L04,"2. Semester HM: Holztechnologie, Trocknung und Holzschutz",hard,single_choice,Welche Aussage zum Thema Wuchsfehler passt fachlich am besten?,alle Fehler immer ausbrechen im normalen Werkstattbetrieb,Wuchsfehler nie dokumentieren bei sachgemässer Ausführung,Drehwuchs als Massstab nutzen im üblichen Berufsalltag,"Äste, Drehwuchs oder Harzgallen bei Zuschnitt und Verwendung einplanen",D,"Wuchsmerkmale beeinflussen Optik, Festigkeit und Bearbeitung.","Bildungsplan Schreiner/in EFZ, VSSM/SBFI; Schullehrplan Schreiner/in EFZ, BWZ Lyss",https://www.vssm.ch/sites/default/files/vssm/berufsbildung/schreiner_efz/bildungsplan_efz.pdf
schreiner,Schreiner/in EFZ,sch_l05,HKB1,L05,"3. Semester VP: AVOR, Beschläge und Möbelplanung",easy,single_choice,Welche Aussage beschreibt Werkstoffliste im Schreinerberuf am besten?,"sie erfasst Teile, Masse, Material und Mengen für die Fertigung",sie ersetzt die Werkzeichnung vollständig im Werkstattumfeld,sie enthält nur Kundennamen im konkreten Auftrag,sie wird ohne Fertigmasse erstellt im laufenden Tagesgeschäft,A,Werkstofflisten sind zentrale AVOR-Unterlagen.,"Bildungsplan Schreiner/in EFZ, VSSM/SBFI; Schullehrplan Schreiner/in EFZ, BWZ Lyss",https://www.vssm.ch/sites/default/files/vssm/berufsbildung/schreiner_efz/bildungsplan_efz.pdf
schreiner,Schreiner/in EFZ,sch_l05,HKB1,L05,"3. Semester VP: AVOR, Beschläge und Möbelplanung",medium,single_choice,Worauf muss man beim Thema Werkstoffliste in der Praxis besonders achten?,sie ersetzt die Werkzeichnung vollständig unter typischen Arbeitsbedingungen,"sie erfasst Teile, Masse, Material und Mengen für die Fertigung",sie enthält nur Kundennamen im üblichen Berufsalltag,sie wird ohne Fertigmasse erstellt nach gängiger Praxis,B,Werkstofflisten sind zentrale AVOR-Unterlagen.,"Bildungsplan Schreiner/in EFZ, VSSM/SBFI; Schullehrplan Schreiner/in EFZ, BWZ Lyss",https://www.vssm.ch/sites/default/files/vssm/berufsbildung/schreiner_efz/bildungsplan_efz.pdf
schreiner,Schreiner/in EFZ,sch_l05,HKB1,L05,"3. Semester VP: AVOR, Beschläge und Möbelplanung",hard,single_choice,Welche Aussage zum Thema Werkstoffliste passt fachlich am besten?,sie ersetzt die Werkzeichnung vollständig bei sachgemässem Ablauf,sie enthält nur Kundennamen im Werkstattumfeld,"sie erfasst Teile, Masse, Material und Mengen für die Fertigung",sie wird ohne Fertigmasse erstellt im Produktionsalltag,C,Werkstofflisten sind zentrale AVOR-Unterlagen.,"Bildungsplan Schreiner/in EFZ, VSSM/SBFI; Schullehrplan Schreiner/in EFZ, BWZ Lyss",https://www.vssm.ch/sites/default/files/vssm/berufsbildung/schreiner_efz/bildungsplan_efz.pdf
schreiner,Schreiner/in EFZ,sch_l05,HKB1,L05,"3. Semester VP: AVOR, Beschläge und Möbelplanung",easy,single_choice,Welche Aussage beschreibt Fertigmass im Schreinerberuf am besten?,es ist immer grösser als das Zuschnittmass,es wird ohne Kanten betrachtet unter typischen Arbeitsbedingungen,es ist nur für Rundholz relevant im Rahmen der Routine,es beschreibt das endgültige Mass des fertigen Werkteils,D,Vom Fertigmass werden Bearbeitungszugaben und Kanten abgeleitet.,"Bildungsplan Schreiner/in EFZ, VSSM/SBFI; Schullehrplan Schreiner/in EFZ, BWZ Lyss",https://www.vssm.ch/sites/default/files/vssm/berufsbildung/schreiner_efz/bildungsplan_efz.pdf
schreiner,Schreiner/in EFZ,sch_l05,HKB1,L05,"3. Semester VP: AVOR, Beschläge und Möbelplanung",medium,single_choice,Worauf muss man beim Thema Fertigmass in der Praxis besonders achten?,es beschreibt das endgültige Mass des fertigen Werkteils,es ist immer grösser als das Zuschnittmass,es wird ohne Kanten betrachtet bei sachgemässem Ablauf,es ist nur für Rundholz relevant im normalen Werkstattbetrieb,A,Vom Fertigmass werden Bearbeitungszugaben und Kanten abgeleitet.,"Bildungsplan Schreiner/in EFZ, VSSM/SBFI; Schullehrplan Schreiner/in EFZ, BWZ Lyss",https://www.vssm.ch/sites/default/files/vssm/berufsbildung/schreiner_efz/bildungsplan_efz.pdf
schreiner,Schreiner/in EFZ,sch_l05,HKB1,L05,"3. Semester VP: AVOR, Beschläge und Möbelplanung",hard,single_choice,Welche Aussage zum Thema Fertigmass passt fachlich am besten?,es ist immer grösser als das Zuschnittmass,es beschreibt das endgültige Mass des fertigen Werkteils,es wird ohne Kanten betrachtet bei vergleichbaren Aufgaben,es ist nur für Rundholz relevant im konkreten Auftrag,B,Vom Fertigmass werden Bearbeitungszugaben und Kanten abgeleitet.,"Bildungsplan Schreiner/in EFZ, VSSM/SBFI; Schullehrplan Schreiner/in EFZ, BWZ Lyss",https://www.vssm.ch/sites/default/files/vssm/berufsbildung/schreiner_efz/bildungsplan_efz.pdf
schreiner,Schreiner/in EFZ,sch_l05,HKB1,L05,"3. Semester VP: AVOR, Beschläge und Möbelplanung",easy,single_choice,Welche Aussage beschreibt Zuschnittmass im Schreinerberuf am besten?,es entspricht immer dem Rechnungsbetrag nach gängiger Praxis,es wird erst nach der Montage gemessen im üblichen Berufsalltag,es berücksichtigt Bearbeitungszugaben vor der Fertigbearbeitung,es ignoriert alle Kantenbearbeitungen bei sachgemässer Ausführung,C,"Zuschnittmasse müssen für Sägen, Hobeln und Kanten stimmen.","Bildungsplan Schreiner/in EFZ, VSSM/SBFI; Schullehrplan Schreiner/in EFZ, BWZ Lyss",https://www.vssm.ch/sites/default/files/vssm/berufsbildung/schreiner_efz/bildungsplan_efz.pdf
schreiner,Schreiner/in EFZ,sch_l05,HKB1,L05,"3. Semester VP: AVOR, Beschläge und Möbelplanung",medium,single_choice,Worauf muss man beim Thema Zuschnittmass in der Praxis besonders achten?,es entspricht immer dem Rechnungsbetrag im Produktionsalltag,es wird erst nach der Montage gemessen im Werkstattumfeld,es ignoriert alle Kantenbearbeitungen im laufenden Tagesgeschäft,es berücksichtigt Bearbeitungszugaben vor der Fertigbearbeitung,D,"Zuschnittmasse müssen für Sägen, Hobeln und Kanten stimmen.","Bildungsplan Schreiner/in EFZ, VSSM/SBFI; Schullehrplan Schreiner/in EFZ, BWZ Lyss",https://www.vssm.ch/sites/default/files/vssm/berufsbildung/schreiner_efz/bildungsplan_efz.pdf
schreiner,Schreiner/in EFZ,sch_l05,HKB1,L05,"3. Semester VP: AVOR, Beschläge und Möbelplanung",hard,single_choice,Welche Aussage zum Thema Zuschnittmass passt fachlich am besten?,es berücksichtigt Bearbeitungszugaben vor der Fertigbearbeitung,es entspricht immer dem Rechnungsbetrag im Rahmen der Routine,es wird erst nach der Montage gemessen unter typischen Arbeitsbedingungen,es ignoriert alle Kantenbearbeitungen nach gängiger Praxis,A,"Zuschnittmasse müssen für Sägen, Hobeln und Kanten stimmen.","Bildungsplan Schreiner/in EFZ, VSSM/SBFI; Schullehrplan Schreiner/in EFZ, BWZ Lyss",https://www.vssm.ch/sites/default/files/vssm/berufsbildung/schreiner_efz/bildungsplan_efz.pdf
schreiner,Schreiner/in EFZ,sch_l05,HKB1,L05,"3. Semester VP: AVOR, Beschläge und Möbelplanung",easy,single_choice,Welche Aussage beschreibt Topfband im Schreinerberuf am besten?,es ist ein Oberflächenöl im Produktionsalltag,es ist ein verdeckter Drehbeschlag für Möbeltüren,es verbindet nur Massivholzbretter im normalen Werkstattbetrieb,es misst die Holzfeuchte bei sachgemässem Ablauf,B,Topfbänder ermöglichen justierbare und verdeckte Möbeltüranschläge.,"Bildungsplan Schreiner/in EFZ, VSSM/SBFI; Schullehrplan Schreiner/in EFZ, BWZ Lyss",https://www.vssm.ch/sites/default/files/vssm/berufsbildung/schreiner_efz/bildungsplan_efz.pdf
schreiner,Schreiner/in EFZ,sch_l05,HKB1,L05,"3. Semester VP: AVOR, Beschläge und Möbelplanung",medium,single_choice,Worauf muss man beim Thema Topfband in der Praxis besonders achten?,es ist ein Oberflächenöl im Rahmen der Routine,es verbindet nur Massivholzbretter im konkreten Auftrag,es ist ein verdeckter Drehbeschlag für Möbeltüren,es misst die Holzfeuchte bei vergleichbaren Aufgaben,C,Topfbänder ermöglichen justierbare und verdeckte Möbeltüranschläge.,"Bildungsplan Schreiner/in EFZ, VSSM/SBFI; Schullehrplan Schreiner/in EFZ, BWZ Lyss",https://www.vssm.ch/sites/default/files/vssm/berufsbildung/schreiner_efz/bildungsplan_efz.pdf
schreiner,Schreiner/in EFZ,sch_l05,HKB1,L05,"3. Semester VP: AVOR, Beschläge und Möbelplanung",hard,single_choice,Welche Aussage zum Thema Topfband passt fachlich am besten?,es ist ein Oberflächenöl im normalen Werkstattbetrieb,es verbindet nur Massivholzbretter im üblichen Berufsalltag,es misst die Holzfeuchte bei sachgemässer Ausführung,es ist ein verdeckter Drehbeschlag für Möbeltüren,D,Topfbänder ermöglichen justierbare und verdeckte Möbeltüranschläge.,"Bildungsplan Schreiner/in EFZ, VSSM/SBFI; Schullehrplan Schreiner/in EFZ, BWZ Lyss",https://www.vssm.ch/sites/default/files/vssm/berufsbildung/schreiner_efz/bildungsplan_efz.pdf
schreiner,Schreiner/in EFZ,sch_l05,HKB1,L05,"3. Semester VP: AVOR, Beschläge und Möbelplanung",easy,single_choice,Welche Aussage beschreibt System 32 im Schreinerberuf am besten?,es nutzt ein 32-mm-Lochraster für Beschläge und Möbelbau,es ist eine Lacknorm im konkreten Auftrag,es beschreibt nur Schraubenköpfe im laufenden Tagesgeschäft,es ersetzt jede Korpusverbindung im Werkstattumfeld,A,"Das Raster erleichtert Bohrungen, Fachböden und Beschlagmontage.","Bildungsplan Schreiner/in EFZ, VSSM/SBFI; Schullehrplan Schreiner/in EFZ, BWZ Lyss",https://www.vssm.ch/sites/default/files/vssm/berufsbildung/schreiner_efz/bildungsplan_efz.pdf
schreiner,Schreiner/in EFZ,sch_l05,HKB1,L05,"3. Semester VP: AVOR, Beschläge und Möbelplanung",medium,single_choice,Worauf muss man beim Thema System 32 in der Praxis besonders achten?,es ist eine Lacknorm im üblichen Berufsalltag,es nutzt ein 32-mm-Lochraster für Beschläge und Möbelbau,es beschreibt nur Schraubenköpfe nach gängiger Praxis,es ersetzt jede Korpusverbindung unter typischen Arbeitsbedingungen,B,"Das Raster erleichtert Bohrungen, Fachböden und Beschlagmontage.","Bildungsplan Schreiner/in EFZ, VSSM/SBFI; Schullehrplan Schreiner/in EFZ, BWZ Lyss",https://www.vssm.ch/sites/default/files/vssm/berufsbildung/schreiner_efz/bildungsplan_efz.pdf
schreiner,Schreiner/in EFZ,sch_l05,HKB1,L05,"3. Semester VP: AVOR, Beschläge und Möbelplanung",hard,single_choice,Welche Aussage zum Thema System 32 passt fachlich am besten?,es ist eine Lacknorm im Werkstattumfeld im normalen Werkstattbetrieb,es beschreibt nur Schraubenköpfe im Produktionsalltag,es nutzt ein 32-mm-Lochraster für Beschläge und Möbelbau,es ersetzt jede Korpusverbindung bei sachgemässem Ablauf,C,"Das Raster erleichtert Bohrungen, Fachböden und Beschlagmontage.","Bildungsplan Schreiner/in EFZ, VSSM/SBFI; Schullehrplan Schreiner/in EFZ, BWZ Lyss",https://www.vssm.ch/sites/default/files/vssm/berufsbildung/schreiner_efz/bildungsplan_efz.pdf
schreiner,Schreiner/in EFZ,sch_l05,HKB1,L05,"3. Semester VP: AVOR, Beschläge und Möbelplanung",easy,single_choice,Welche Aussage beschreibt Klappenbeschlag im Schreinerberuf am besten?,er dient nur zur Glasbestellung bei vergleichbaren Aufgaben,er ersetzt den Sockel unter typischen Arbeitsbedingungen,er bestimmt die Holzart im Rahmen der Routine,er führt oder hält Möbelfronten beim Öffnen nach oben oder unten,D,Klappenbeschläge sichern Bedienung und Bewegung von Klappen.,"Bildungsplan Schreiner/in EFZ, VSSM/SBFI; Schullehrplan Schreiner/in EFZ, BWZ Lyss",https://www.vssm.ch/sites/default/files/vssm/berufsbildung/schreiner_efz/bildungsplan_efz.pdf
schreiner,Schreiner/in EFZ,sch_l05,HKB1,L05,"3. Semester VP: AVOR, Beschläge und Möbelplanung",medium,single_choice,Worauf muss man beim Thema Klappenbeschlag in der Praxis besonders achten?,er führt oder hält Möbelfronten beim Öffnen nach oben oder unten,er dient nur zur Glasbestellung bei sachgemässer Ausführung,er ersetzt den Sockel bei sachgemässem Ablauf,er bestimmt die Holzart im normalen Werkstattbetrieb,A,Klappenbeschläge sichern Bedienung und Bewegung von Klappen.,"Bildungsplan Schreiner/in EFZ, VSSM/SBFI; Schullehrplan Schreiner/in EFZ, BWZ Lyss",https://www.vssm.ch/sites/default/files/vssm/berufsbildung/schreiner_efz/bildungsplan_efz.pdf
schreiner,Schreiner/in EFZ,sch_l05,HKB1,L05,"3. Semester VP: AVOR, Beschläge und Möbelplanung",hard,single_choice,Welche Aussage zum Thema Klappenbeschlag passt fachlich am besten?,er dient nur zur Glasbestellung im laufenden Tagesgeschäft,er führt oder hält Möbelfronten beim Öffnen nach oben oder unten,er ersetzt den Sockel bei vergleichbaren Aufgaben,er bestimmt die Holzart im konkreten Auftrag im Werkstattumfeld,B,Klappenbeschläge sichern Bedienung und Bewegung von Klappen.,"Bildungsplan Schreiner/in EFZ, VSSM/SBFI; Schullehrplan Schreiner/in EFZ, BWZ Lyss",https://www.vssm.ch/sites/default/files/vssm/berufsbildung/schreiner_efz/bildungsplan_efz.pdf
schreiner,Schreiner/in EFZ,sch_l05,HKB1,L05,"3. Semester VP: AVOR, Beschläge und Möbelplanung",easy,single_choice,Welche Aussage beschreibt Wandanschluss im Schreinerberuf am besten?,er ist nur eine Farbangabe bei sachgemässer Ausführung,er wird ohne Untergrundprüfung geplant nach gängiger Praxis,"er gleicht Bauteil, Wand und Montagefuge konstruktiv aus",er ersetzt die Befestigung im üblichen Berufsalltag,C,"Ein sauberer Wandanschluss verbessert Optik, Funktion und Montage.","Bildungsplan Schreiner/in EFZ, VSSM/SBFI; Schullehrplan Schreiner/in EFZ, BWZ Lyss",https://www.vssm.ch/sites/default/files/vssm/berufsbildung/schreiner_efz/bildungsplan_efz.pdf
schreiner,Schreiner/in EFZ,sch_l05,HKB1,L05,"3. Semester VP: AVOR, Beschläge und Möbelplanung",medium,single_choice,Worauf muss man beim Thema Wandanschluss in der Praxis besonders achten?,er ist nur eine Farbangabe im laufenden Tagesgeschäft,er wird ohne Untergrundprüfung geplant im Produktionsalltag,er ersetzt die Befestigung im Werkstattumfeld,"er gleicht Bauteil, Wand und Montagefuge konstruktiv aus",D,"Ein sauberer Wandanschluss verbessert Optik, Funktion und Montage.","Bildungsplan Schreiner/in EFZ, VSSM/SBFI; Schullehrplan Schreiner/in EFZ, BWZ Lyss",https://www.vssm.ch/sites/default/files/vssm/berufsbildung/schreiner_efz/bildungsplan_efz.pdf
schreiner,Schreiner/in EFZ,sch_l05,HKB1,L05,"3. Semester VP: AVOR, Beschläge und Möbelplanung",hard,single_choice,Welche Aussage zum Thema Wandanschluss passt fachlich am besten?,"er gleicht Bauteil, Wand und Montagefuge konstruktiv aus",er ist nur eine Farbangabe nach gängiger Praxis,er wird ohne Untergrundprüfung geplant im Rahmen der Routine,er ersetzt die Befestigung unter typischen Arbeitsbedingungen,A,"Ein sauberer Wandanschluss verbessert Optik, Funktion und Montage.","Bildungsplan Schreiner/in EFZ, VSSM/SBFI; Schullehrplan Schreiner/in EFZ, BWZ Lyss",https://www.vssm.ch/sites/default/files/vssm/berufsbildung/schreiner_efz/bildungsplan_efz.pdf
schreiner,Schreiner/in EFZ,sch_l05,HKB1,L05,"3. Semester VP: AVOR, Beschläge und Möbelplanung",easy,single_choice,Welche Aussage beschreibt Sockelbefestigung im Schreinerberuf am besten?,sie wird immer nur geklebt im Produktionsalltag,"sie muss Untergrund, Last und Montagezugang berücksichtigen",sie benötigt nie Ausrichtung bei sachgemässem Ablauf,sie ist unabhängig vom Boden im normalen Werkstattbetrieb,B,Sockel tragen Möbel und müssen dauerhaft befestigt werden.,"Bildungsplan Schreiner/in EFZ, VSSM/SBFI; Schullehrplan Schreiner/in EFZ, BWZ Lyss",https://www.vssm.ch/sites/default/files/vssm/berufsbildung/schreiner_efz/bildungsplan_efz.pdf
schreiner,Schreiner/in EFZ,sch_l05,HKB1,L05,"3. Semester VP: AVOR, Beschläge und Möbelplanung",medium,single_choice,Worauf muss man beim Thema Sockelbefestigung in der Praxis besonders achten?,sie wird immer nur geklebt im Rahmen der Routine,sie benötigt nie Ausrichtung bei vergleichbaren Aufgaben,"sie muss Untergrund, Last und Montagezugang berücksichtigen",sie ist unabhängig vom Boden im konkreten Auftrag,C,Sockel tragen Möbel und müssen dauerhaft befestigt werden.,"Bildungsplan Schreiner/in EFZ, VSSM/SBFI; Schullehrplan Schreiner/in EFZ, BWZ Lyss",https://www.vssm.ch/sites/default/files/vssm/berufsbildung/schreiner_efz/bildungsplan_efz.pdf
schreiner,Schreiner/in EFZ,sch_l05,HKB1,L05,"3. Semester VP: AVOR, Beschläge und Möbelplanung",hard,single_choice,Welche Aussage zum Thema Sockelbefestigung passt fachlich am besten?,sie wird immer nur geklebt im normalen Werkstattbetrieb,sie benötigt nie Ausrichtung bei sachgemässer Ausführung,sie ist unabhängig vom Boden im üblichen Berufsalltag,"sie muss Untergrund, Last und Montagezugang berücksichtigen",D,Sockel tragen Möbel und müssen dauerhaft befestigt werden.,"Bildungsplan Schreiner/in EFZ, VSSM/SBFI; Schullehrplan Schreiner/in EFZ, BWZ Lyss",https://www.vssm.ch/sites/default/files/vssm/berufsbildung/schreiner_efz/bildungsplan_efz.pdf
schreiner,Schreiner/in EFZ,sch_l05,HKB1,L05,"3. Semester VP: AVOR, Beschläge und Möbelplanung",easy,single_choice,Welche Aussage beschreibt Einbaumöbel im Schreinerberuf am besten?,"Massaufnahme, Wandanschluss und Toleranzen sind besonders wichtig",Normmasse allein genügen immer im laufenden Tagesgeschäft,Montagefugen dürfen fehlen im konkreten Auftrag im Produktionsalltag,der Raumwinkel ist bedeutungslos im Werkstattumfeld,A,Einbaumöbel müssen an reale Räume angepasst werden.,"Bildungsplan Schreiner/in EFZ, VSSM/SBFI; Schullehrplan Schreiner/in EFZ, BWZ Lyss",https://www.vssm.ch/sites/default/files/vssm/berufsbildung/schreiner_efz/bildungsplan_efz.pdf
schreiner,Schreiner/in EFZ,sch_l05,HKB1,L05,"3. Semester VP: AVOR, Beschläge und Möbelplanung",medium,single_choice,Worauf muss man beim Thema Einbaumöbel in der Praxis besonders achten?,Normmasse allein genügen immer nach gängiger Praxis,"Massaufnahme, Wandanschluss und Toleranzen sind besonders wichtig",Montagefugen dürfen fehlen im üblichen Berufsalltag,der Raumwinkel ist bedeutungslos unter typischen Arbeitsbedingungen,B,Einbaumöbel müssen an reale Räume angepasst werden.,"Bildungsplan Schreiner/in EFZ, VSSM/SBFI; Schullehrplan Schreiner/in EFZ, BWZ Lyss",https://www.vssm.ch/sites/default/files/vssm/berufsbildung/schreiner_efz/bildungsplan_efz.pdf
schreiner,Schreiner/in EFZ,sch_l05,HKB1,L05,"3. Semester VP: AVOR, Beschläge und Möbelplanung",hard,single_choice,Welche Aussage zum Thema Einbaumöbel passt fachlich am besten?,Normmasse allein genügen immer im Produktionsalltag,Montagefugen dürfen fehlen im Werkstattumfeld im normalen Werkstattbetrieb,"Massaufnahme, Wandanschluss und Toleranzen sind besonders wichtig",der Raumwinkel ist bedeutungslos bei sachgemässem Ablauf,C,Einbaumöbel müssen an reale Räume angepasst werden.,"Bildungsplan Schreiner/in EFZ, VSSM/SBFI; Schullehrplan Schreiner/in EFZ, BWZ Lyss",https://www.vssm.ch/sites/default/files/vssm/berufsbildung/schreiner_efz/bildungsplan_efz.pdf
schreiner,Schreiner/in EFZ,sch_l05,HKB1,L05,"3. Semester VP: AVOR, Beschläge und Möbelplanung",easy,single_choice,Welche Aussage beschreibt Möbelskizze im Schreinerberuf am besten?,sie ersetzt alle Masse unter typischen Arbeitsbedingungen,sie wird ohne Funktion gezeichnet bei vergleichbaren Aufgaben,sie dient nur der Dekoration im Rahmen der Routine im konkreten Auftrag,"sie klärt Aufbau, Proportionen und wichtige Beschläge vor der Zeichnung",D,"Skizzen helfen, Lösungen schnell zu prüfen und zu kommunizieren.","Bildungsplan Schreiner/in EFZ, VSSM/SBFI; Schullehrplan Schreiner/in EFZ, BWZ Lyss",https://www.vssm.ch/sites/default/files/vssm/berufsbildung/schreiner_efz/bildungsplan_efz.pdf
schreiner,Schreiner/in EFZ,sch_l05,HKB1,L05,"3. Semester VP: AVOR, Beschläge und Möbelplanung",medium,single_choice,Worauf muss man beim Thema Möbelskizze in der Praxis besonders achten?,"sie klärt Aufbau, Proportionen und wichtige Beschläge vor der Zeichnung",sie ersetzt alle Masse bei sachgemässem Ablauf im üblichen Berufsalltag,sie wird ohne Funktion gezeichnet bei sachgemässer Ausführung,sie dient nur der Dekoration im normalen Werkstattbetrieb,A,"Skizzen helfen, Lösungen schnell zu prüfen und zu kommunizieren.","Bildungsplan Schreiner/in EFZ, VSSM/SBFI; Schullehrplan Schreiner/in EFZ, BWZ Lyss",https://www.vssm.ch/sites/default/files/vssm/berufsbildung/schreiner_efz/bildungsplan_efz.pdf
schreiner,Schreiner/in EFZ,sch_l05,HKB1,L05,"3. Semester VP: AVOR, Beschläge und Möbelplanung",hard,single_choice,Welche Aussage zum Thema Möbelskizze passt fachlich am besten?,sie ersetzt alle Masse bei vergleichbaren Aufgaben,"sie klärt Aufbau, Proportionen und wichtige Beschläge vor der Zeichnung",sie wird ohne Funktion gezeichnet im laufenden Tagesgeschäft,sie dient nur der Dekoration im konkreten Auftrag im Werkstattumfeld,B,"Skizzen helfen, Lösungen schnell zu prüfen und zu kommunizieren.","Bildungsplan Schreiner/in EFZ, VSSM/SBFI; Schullehrplan Schreiner/in EFZ, BWZ Lyss",https://www.vssm.ch/sites/default/files/vssm/berufsbildung/schreiner_efz/bildungsplan_efz.pdf
schreiner,Schreiner/in EFZ,sch_l06,HKB2,L06,"3. Semester HM: Maschinen, Zerspanung, Kraftquellen und Furniere",easy,single_choice,Welche Aussage beschreibt stationäre Maschinen im Schreinerberuf am besten?,Schutzeinrichtungen werden für Tempo entfernt,jede Maschine wird ohne Einweisung genutzt im üblichen Berufsalltag,"Sägen, Hobeln, Fräsen und Bohren werden nach Vorschrift bedient",Absaugung ist nur optional bei sachgemässer Ausführung,C,Stationäre Maschinen verlangen klare Sicherheitsregeln und Einweisung.,"Bildungsplan Schreiner/in EFZ, VSSM/SBFI; Schullehrplan Schreiner/in EFZ, BWZ Lyss",https://www.vssm.ch/sites/default/files/vssm/berufsbildung/schreiner_efz/bildungsplan_efz.pdf
schreiner,Schreiner/in EFZ,sch_l06,HKB2,L06,"3. Semester HM: Maschinen, Zerspanung, Kraftquellen und Furniere",medium,single_choice,Worauf muss man beim Thema stationäre Maschinen in der Praxis besonders achten?,Schutzeinrichtungen werden für Tempo entfernt,jede Maschine wird ohne Einweisung genutzt im Werkstattumfeld,Absaugung ist nur optional im laufenden Tagesgeschäft,"Sägen, Hobeln, Fräsen und Bohren werden nach Vorschrift bedient",D,Stationäre Maschinen verlangen klare Sicherheitsregeln und Einweisung.,"Bildungsplan Schreiner/in EFZ, VSSM/SBFI; Schullehrplan Schreiner/in EFZ, BWZ Lyss",https://www.vssm.ch/sites/default/files/vssm/berufsbildung/schreiner_efz/bildungsplan_efz.pdf
schreiner,Schreiner/in EFZ,sch_l06,HKB2,L06,"3. Semester HM: Maschinen, Zerspanung, Kraftquellen und Furniere",hard,single_choice,Welche Aussage zum Thema stationäre Maschinen passt fachlich am besten?,"Sägen, Hobeln, Fräsen und Bohren werden nach Vorschrift bedient",Schutzeinrichtungen werden für Tempo entfernt,jede Maschine wird ohne Einweisung genutzt unter typischen Arbeitsbedingungen,Absaugung ist nur optional nach gängiger Praxis,A,Stationäre Maschinen verlangen klare Sicherheitsregeln und Einweisung.,"Bildungsplan Schreiner/in EFZ, VSSM/SBFI; Schullehrplan Schreiner/in EFZ, BWZ Lyss",https://www.vssm.ch/sites/default/files/vssm/berufsbildung/schreiner_efz/bildungsplan_efz.pdf
schreiner,Schreiner/in EFZ,sch_l06,HKB2,L06,"3. Semester HM: Maschinen, Zerspanung, Kraftquellen und Furniere",easy,single_choice,Welche Aussage beschreibt Schutzeinrichtung im Schreinerberuf am besten?,sie dient nur zur Dekoration im Produktionsalltag,sie verhindert Kontakt mit Gefahrstellen und reduziert Späneflug,sie erhöht absichtlich das Risiko bei sachgemässem Ablauf,sie ersetzt Gehörschutz vollständig im normalen Werkstattbetrieb,B,Schutzeinrichtungen sind Teil des sicheren Maschinenbetriebs.,"Bildungsplan Schreiner/in EFZ, VSSM/SBFI; Schullehrplan Schreiner/in EFZ, BWZ Lyss",https://www.vssm.ch/sites/default/files/vssm/berufsbildung/schreiner_efz/bildungsplan_efz.pdf
schreiner,Schreiner/in EFZ,sch_l06,HKB2,L06,"3. Semester HM: Maschinen, Zerspanung, Kraftquellen und Furniere",medium,single_choice,Worauf muss man beim Thema Schutzeinrichtung in der Praxis besonders achten?,sie dient nur zur Dekoration im Rahmen der Routine,sie erhöht absichtlich das Risiko bei vergleichbaren Aufgaben,sie verhindert Kontakt mit Gefahrstellen und reduziert Späneflug,sie ersetzt Gehörschutz vollständig im konkreten Auftrag,C,Schutzeinrichtungen sind Teil des sicheren Maschinenbetriebs.,"Bildungsplan Schreiner/in EFZ, VSSM/SBFI; Schullehrplan Schreiner/in EFZ, BWZ Lyss",https://www.vssm.ch/sites/default/files/vssm/berufsbildung/schreiner_efz/bildungsplan_efz.pdf
schreiner,Schreiner/in EFZ,sch_l06,HKB2,L06,"3. Semester HM: Maschinen, Zerspanung, Kraftquellen und Furniere",hard,single_choice,Welche Aussage zum Thema Schutzeinrichtung passt fachlich am besten?,sie dient nur zur Dekoration im normalen Werkstattbetrieb,sie erhöht absichtlich das Risiko bei sachgemässer Ausführung,sie ersetzt Gehörschutz vollständig im üblichen Berufsalltag,sie verhindert Kontakt mit Gefahrstellen und reduziert Späneflug,D,Schutzeinrichtungen sind Teil des sicheren Maschinenbetriebs.,"Bildungsplan Schreiner/in EFZ, VSSM/SBFI; Schullehrplan Schreiner/in EFZ, BWZ Lyss",https://www.vssm.ch/sites/default/files/vssm/berufsbildung/schreiner_efz/bildungsplan_efz.pdf
schreiner,Schreiner/in EFZ,sch_l06,HKB2,L06,"3. Semester HM: Maschinen, Zerspanung, Kraftquellen und Furniere",easy,single_choice,Welche Aussage beschreibt Schnittgeschwindigkeit im Schreinerberuf am besten?,sie beschreibt den Weg der Schneide pro Zeit,sie ist identisch mit Werkstückdicke,sie ersetzt den Vorschub im konkreten Auftrag,sie beschreibt nur Stromverbrauch,A,"Schnittgeschwindigkeit beeinflusst Qualität, Werkzeugstandzeit und Sicherheit.","Bildungsplan Schreiner/in EFZ, VSSM/SBFI; Schullehrplan Schreiner/in EFZ, BWZ Lyss",https://www.vssm.ch/sites/default/files/vssm/berufsbildung/schreiner_efz/bildungsplan_efz.pdf
schreiner,Schreiner/in EFZ,sch_l06,HKB2,L06,"3. Semester HM: Maschinen, Zerspanung, Kraftquellen und Furniere",medium,single_choice,Worauf muss man beim Thema Schnittgeschwindigkeit in der Praxis besonders achten?,sie ist identisch mit Werkstückdicke,sie beschreibt den Weg der Schneide pro Zeit,sie ersetzt den Vorschub im üblichen Berufsalltag,sie beschreibt nur Stromverbrauch,B,"Schnittgeschwindigkeit beeinflusst Qualität, Werkzeugstandzeit und Sicherheit.","Bildungsplan Schreiner/in EFZ, VSSM/SBFI; Schullehrplan Schreiner/in EFZ, BWZ Lyss",https://www.vssm.ch/sites/default/files/vssm/berufsbildung/schreiner_efz/bildungsplan_efz.pdf
schreiner,Schreiner/in EFZ,sch_l06,HKB2,L06,"3. Semester HM: Maschinen, Zerspanung, Kraftquellen und Furniere",hard,single_choice,Welche Aussage zum Thema Schnittgeschwindigkeit passt fachlich am besten?,sie ist identisch mit Werkstückdicke,sie ersetzt den Vorschub im Werkstattumfeld,sie beschreibt den Weg der Schneide pro Zeit,sie beschreibt nur Stromverbrauch,C,"Schnittgeschwindigkeit beeinflusst Qualität, Werkzeugstandzeit und Sicherheit.","Bildungsplan Schreiner/in EFZ, VSSM/SBFI; Schullehrplan Schreiner/in EFZ, BWZ Lyss",https://www.vssm.ch/sites/default/files/vssm/berufsbildung/schreiner_efz/bildungsplan_efz.pdf
schreiner,Schreiner/in EFZ,sch_l06,HKB2,L06,"3. Semester HM: Maschinen, Zerspanung, Kraftquellen und Furniere",easy,single_choice,Welche Aussage beschreibt Vorschubgeschwindigkeit im Schreinerberuf am besten?,sie ist der Lackauftrag pro Fläche bei vergleichbaren Aufgaben,sie misst nur Motorleistung im Rahmen der Routine,sie ersetzt die Drehzahl unter typischen Arbeitsbedingungen,"sie beschreibt, wie schnell das Werkstück zur Schneide bewegt wird",D,Vorschub und Drehzahl müssen zum Werkzeug und Material passen.,"Bildungsplan Schreiner/in EFZ, VSSM/SBFI; Schullehrplan Schreiner/in EFZ, BWZ Lyss",https://www.vssm.ch/sites/default/files/vssm/berufsbildung/schreiner_efz/bildungsplan_efz.pdf
schreiner,Schreiner/in EFZ,sch_l06,HKB2,L06,"3. Semester HM: Maschinen, Zerspanung, Kraftquellen und Furniere",medium,single_choice,Worauf muss man beim Thema Vorschubgeschwindigkeit in der Praxis besonders achten?,"sie beschreibt, wie schnell das Werkstück zur Schneide bewegt wird",sie ist der Lackauftrag pro Fläche bei sachgemässer Ausführung,sie misst nur Motorleistung im normalen Werkstattbetrieb,sie ersetzt die Drehzahl bei sachgemässem Ablauf,A,Vorschub und Drehzahl müssen zum Werkzeug und Material passen.,"Bildungsplan Schreiner/in EFZ, VSSM/SBFI; Schullehrplan Schreiner/in EFZ, BWZ Lyss",https://www.vssm.ch/sites/default/files/vssm/berufsbildung/schreiner_efz/bildungsplan_efz.pdf
schreiner,Schreiner/in EFZ,sch_l06,HKB2,L06,"3. Semester HM: Maschinen, Zerspanung, Kraftquellen und Furniere",hard,single_choice,Welche Aussage zum Thema Vorschubgeschwindigkeit passt fachlich am besten?,sie ist der Lackauftrag pro Fläche im laufenden Tagesgeschäft,"sie beschreibt, wie schnell das Werkstück zur Schneide bewegt wird",sie misst nur Motorleistung im konkreten Auftrag,sie ersetzt die Drehzahl bei vergleichbaren Aufgaben,B,Vorschub und Drehzahl müssen zum Werkzeug und Material passen.,"Bildungsplan Schreiner/in EFZ, VSSM/SBFI; Schullehrplan Schreiner/in EFZ, BWZ Lyss",https://www.vssm.ch/sites/default/files/vssm/berufsbildung/schreiner_efz/bildungsplan_efz.pdf
schreiner,Schreiner/in EFZ,sch_l06,HKB2,L06,"3. Semester HM: Maschinen, Zerspanung, Kraftquellen und Furniere",easy,single_choice,Welche Aussage beschreibt Hartmetallwerkzeug im Schreinerberuf am besten?,es ist grundsätzlich weich im üblichen Berufsalltag,es wird ohne Schärfe verwendet nach gängiger Praxis,es eignet sich für viele Holzwerkstoffe und längere Standzeiten,es ersetzt jede Absaugung bei sachgemässer Ausführung,C,"Schneidstoffe werden nach Material, Standzeit und Bearbeitungsqualität gewählt.","Bildungsplan Schreiner/in EFZ, VSSM/SBFI; Schullehrplan Schreiner/in EFZ, BWZ Lyss",https://www.vssm.ch/sites/default/files/vssm/berufsbildung/schreiner_efz/bildungsplan_efz.pdf
schreiner,Schreiner/in EFZ,sch_l06,HKB2,L06,"3. Semester HM: Maschinen, Zerspanung, Kraftquellen und Furniere",medium,single_choice,Worauf muss man beim Thema Hartmetallwerkzeug in der Praxis besonders achten?,es ist grundsätzlich weich im Werkstattumfeld bei sachgemässem Ablauf,es wird ohne Schärfe verwendet im Produktionsalltag,es ersetzt jede Absaugung im laufenden Tagesgeschäft,es eignet sich für viele Holzwerkstoffe und längere Standzeiten,D,"Schneidstoffe werden nach Material, Standzeit und Bearbeitungsqualität gewählt.","Bildungsplan Schreiner/in EFZ, VSSM/SBFI; Schullehrplan Schreiner/in EFZ, BWZ Lyss",https://www.vssm.ch/sites/default/files/vssm/berufsbildung/schreiner_efz/bildungsplan_efz.pdf
schreiner,Schreiner/in EFZ,sch_l06,HKB2,L06,"3. Semester HM: Maschinen, Zerspanung, Kraftquellen und Furniere",hard,single_choice,Welche Aussage zum Thema Hartmetallwerkzeug passt fachlich am besten?,es eignet sich für viele Holzwerkstoffe und längere Standzeiten,es ist grundsätzlich weich unter typischen Arbeitsbedingungen,es wird ohne Schärfe verwendet im Rahmen der Routine,es ersetzt jede Absaugung nach gängiger Praxis,A,"Schneidstoffe werden nach Material, Standzeit und Bearbeitungsqualität gewählt.","Bildungsplan Schreiner/in EFZ, VSSM/SBFI; Schullehrplan Schreiner/in EFZ, BWZ Lyss",https://www.vssm.ch/sites/default/files/vssm/berufsbildung/schreiner_efz/bildungsplan_efz.pdf
schreiner,Schreiner/in EFZ,sch_l06,HKB2,L06,"3. Semester HM: Maschinen, Zerspanung, Kraftquellen und Furniere",easy,single_choice,Welche Aussage beschreibt MAN-Werkzeug im Schreinerberuf am besten?,es ist nur für CNC-Roboter gedacht bei sachgemässem Ablauf,es ist für Handvorschubmaschinen sicherheitsgerecht ausgelegt,es darf ohne Drehzahlgrenze laufen im normalen Werkstattbetrieb,es bedeutet Material ohne Norm im Produktionsalltag,B,MAN-Kennzeichnung ist wichtig für den sicheren Werkzeuggebrauch.,"Bildungsplan Schreiner/in EFZ, VSSM/SBFI; Schullehrplan Schreiner/in EFZ, BWZ Lyss",https://www.vssm.ch/sites/default/files/vssm/berufsbildung/schreiner_efz/bildungsplan_efz.pdf
schreiner,Schreiner/in EFZ,sch_l06,HKB2,L06,"3. Semester HM: Maschinen, Zerspanung, Kraftquellen und Furniere",medium,single_choice,Worauf muss man beim Thema MAN-Werkzeug in der Praxis besonders achten?,es ist nur für CNC-Roboter gedacht bei vergleichbaren Aufgaben,es darf ohne Drehzahlgrenze laufen im konkreten Auftrag,es ist für Handvorschubmaschinen sicherheitsgerecht ausgelegt,es bedeutet Material ohne Norm im Rahmen der Routine,C,MAN-Kennzeichnung ist wichtig für den sicheren Werkzeuggebrauch.,"Bildungsplan Schreiner/in EFZ, VSSM/SBFI; Schullehrplan Schreiner/in EFZ, BWZ Lyss",https://www.vssm.ch/sites/default/files/vssm/berufsbildung/schreiner_efz/bildungsplan_efz.pdf
schreiner,Schreiner/in EFZ,sch_l06,HKB2,L06,"3. Semester HM: Maschinen, Zerspanung, Kraftquellen und Furniere",hard,single_choice,Welche Aussage zum Thema MAN-Werkzeug passt fachlich am besten?,es ist nur für CNC-Roboter gedacht bei sachgemässer Ausführung,es darf ohne Drehzahlgrenze laufen im üblichen Berufsalltag,es bedeutet Material ohne Norm im normalen Werkstattbetrieb,es ist für Handvorschubmaschinen sicherheitsgerecht ausgelegt,D,MAN-Kennzeichnung ist wichtig für den sicheren Werkzeuggebrauch.,"Bildungsplan Schreiner/in EFZ, VSSM/SBFI; Schullehrplan Schreiner/in EFZ, BWZ Lyss",https://www.vssm.ch/sites/default/files/vssm/berufsbildung/schreiner_efz/bildungsplan_efz.pdf
schreiner,Schreiner/in EFZ,sch_l06,HKB2,L06,"3. Semester HM: Maschinen, Zerspanung, Kraftquellen und Furniere",easy,single_choice,Welche Aussage beschreibt Keilriemenantrieb im Schreinerberuf am besten?,er überträgt Kraft zwischen Motor und Welle über Riemen,er ist ein Klebstoffsystem im Werkstattumfeld,er misst die Holzfeuchte im laufenden Tagesgeschäft,er ersetzt alle Lager im konkreten Auftrag,A,"Indirekte Antriebe nutzen Riemen, Scheiben und passende Spannung.","Bildungsplan Schreiner/in EFZ, VSSM/SBFI; Schullehrplan Schreiner/in EFZ, BWZ Lyss",https://www.vssm.ch/sites/default/files/vssm/berufsbildung/schreiner_efz/bildungsplan_efz.pdf
schreiner,Schreiner/in EFZ,sch_l06,HKB2,L06,"3. Semester HM: Maschinen, Zerspanung, Kraftquellen und Furniere",medium,single_choice,Worauf muss man beim Thema Keilriemenantrieb in der Praxis besonders achten?,er ist ein Klebstoffsystem unter typischen Arbeitsbedingungen,er überträgt Kraft zwischen Motor und Welle über Riemen,er misst die Holzfeuchte nach gängiger Praxis,er ersetzt alle Lager im üblichen Berufsalltag,B,"Indirekte Antriebe nutzen Riemen, Scheiben und passende Spannung.","Bildungsplan Schreiner/in EFZ, VSSM/SBFI; Schullehrplan Schreiner/in EFZ, BWZ Lyss",https://www.vssm.ch/sites/default/files/vssm/berufsbildung/schreiner_efz/bildungsplan_efz.pdf
schreiner,Schreiner/in EFZ,sch_l06,HKB2,L06,"3. Semester HM: Maschinen, Zerspanung, Kraftquellen und Furniere",hard,single_choice,Welche Aussage zum Thema Keilriemenantrieb passt fachlich am besten?,er ist ein Klebstoffsystem bei sachgemässem Ablauf,er misst die Holzfeuchte im Produktionsalltag,er überträgt Kraft zwischen Motor und Welle über Riemen,er ersetzt alle Lager im Werkstattumfeld,C,"Indirekte Antriebe nutzen Riemen, Scheiben und passende Spannung.","Bildungsplan Schreiner/in EFZ, VSSM/SBFI; Schullehrplan Schreiner/in EFZ, BWZ Lyss",https://www.vssm.ch/sites/default/files/vssm/berufsbildung/schreiner_efz/bildungsplan_efz.pdf
schreiner,Schreiner/in EFZ,sch_l06,HKB2,L06,"3. Semester HM: Maschinen, Zerspanung, Kraftquellen und Furniere",easy,single_choice,Welche Aussage beschreibt Pneumatik im Schreinerberuf am besten?,Wasser ersetzt Druckluft unter typischen Arbeitsbedingungen,nur Magnetfelder erzeugen Bewegung im Rahmen der Routine,Pneumatik dient ausschliesslich zum Lackieren,"Druckluft bewegt Zylinder, Spannungen oder Werkzeuge",D,"Pneumatik wird für Spannen, Steuern und Hilfsbewegungen eingesetzt.","Bildungsplan Schreiner/in EFZ, VSSM/SBFI; Schullehrplan Schreiner/in EFZ, BWZ Lyss",https://www.vssm.ch/sites/default/files/vssm/berufsbildung/schreiner_efz/bildungsplan_efz.pdf
schreiner,Schreiner/in EFZ,sch_l06,HKB2,L06,"3. Semester HM: Maschinen, Zerspanung, Kraftquellen und Furniere",medium,single_choice,Worauf muss man beim Thema Pneumatik in der Praxis besonders achten?,"Druckluft bewegt Zylinder, Spannungen oder Werkzeuge",Wasser ersetzt Druckluft bei sachgemässem Ablauf,nur Magnetfelder erzeugen Bewegung im normalen Werkstattbetrieb,Pneumatik dient ausschliesslich zum Lackieren,A,"Pneumatik wird für Spannen, Steuern und Hilfsbewegungen eingesetzt.","Bildungsplan Schreiner/in EFZ, VSSM/SBFI; Schullehrplan Schreiner/in EFZ, BWZ Lyss",https://www.vssm.ch/sites/default/files/vssm/berufsbildung/schreiner_efz/bildungsplan_efz.pdf
schreiner,Schreiner/in EFZ,sch_l06,HKB2,L06,"3. Semester HM: Maschinen, Zerspanung, Kraftquellen und Furniere",hard,single_choice,Welche Aussage zum Thema Pneumatik passt fachlich am besten?,Wasser ersetzt Druckluft bei vergleichbaren Aufgaben,"Druckluft bewegt Zylinder, Spannungen oder Werkzeuge",nur Magnetfelder erzeugen Bewegung im konkreten Auftrag,Pneumatik dient ausschliesslich zum Lackieren,B,"Pneumatik wird für Spannen, Steuern und Hilfsbewegungen eingesetzt.","Bildungsplan Schreiner/in EFZ, VSSM/SBFI; Schullehrplan Schreiner/in EFZ, BWZ Lyss",https://www.vssm.ch/sites/default/files/vssm/berufsbildung/schreiner_efz/bildungsplan_efz.pdf
schreiner,Schreiner/in EFZ,sch_l06,HKB2,L06,"3. Semester HM: Maschinen, Zerspanung, Kraftquellen und Furniere",easy,single_choice,Welche Aussage beschreibt Furnierherstellung im Schreinerberuf am besten?,Furnier wird immer gegossen bei sachgemässer Ausführung,Furnier entsteht nur aus MDF im üblichen Berufsalltag,"Sägen, Messern und Schälen ergeben unterschiedliche Furnierbilder",Furnier wird aus Metall gewalzt nach gängiger Praxis,C,"Herstellverfahren prägen Optik, Dicke und Verwendung von Furnieren.","Bildungsplan Schreiner/in EFZ, VSSM/SBFI; Schullehrplan Schreiner/in EFZ, BWZ Lyss",https://www.vssm.ch/sites/default/files/vssm/berufsbildung/schreiner_efz/bildungsplan_efz.pdf
schreiner,Schreiner/in EFZ,sch_l06,HKB2,L06,"3. Semester HM: Maschinen, Zerspanung, Kraftquellen und Furniere",medium,single_choice,Worauf muss man beim Thema Furnierherstellung in der Praxis besonders achten?,Furnier wird immer gegossen im laufenden Tagesgeschäft,Furnier entsteht nur aus MDF im Werkstattumfeld bei sachgemässem Ablauf,Furnier wird aus Metall gewalzt im Produktionsalltag,"Sägen, Messern und Schälen ergeben unterschiedliche Furnierbilder",D,"Herstellverfahren prägen Optik, Dicke und Verwendung von Furnieren.","Bildungsplan Schreiner/in EFZ, VSSM/SBFI; Schullehrplan Schreiner/in EFZ, BWZ Lyss",https://www.vssm.ch/sites/default/files/vssm/berufsbildung/schreiner_efz/bildungsplan_efz.pdf
schreiner,Schreiner/in EFZ,sch_l06,HKB2,L06,"3. Semester HM: Maschinen, Zerspanung, Kraftquellen und Furniere",hard,single_choice,Welche Aussage zum Thema Furnierherstellung passt fachlich am besten?,"Sägen, Messern und Schälen ergeben unterschiedliche Furnierbilder",Furnier wird immer gegossen nach gängiger Praxis,Furnier entsteht nur aus MDF unter typischen Arbeitsbedingungen,Furnier wird aus Metall gewalzt im Rahmen der Routine,A,"Herstellverfahren prägen Optik, Dicke und Verwendung von Furnieren.","Bildungsplan Schreiner/in EFZ, VSSM/SBFI; Schullehrplan Schreiner/in EFZ, BWZ Lyss",https://www.vssm.ch/sites/default/files/vssm/berufsbildung/schreiner_efz/bildungsplan_efz.pdf
schreiner,Schreiner/in EFZ,sch_l06,HKB2,L06,"3. Semester HM: Maschinen, Zerspanung, Kraftquellen und Furniere",easy,single_choice,Welche Aussage beschreibt Furnierlagerung im Schreinerberuf am besten?,Furnier wird nass gestapelt im Produktionsalltag,"sie braucht geeignetes Klima, Schutz vor Bruch und Verschmutzung",direkte Sonne verbessert jede Qualität im normalen Werkstattbetrieb,Furnier muss offen im Staub liegen bei sachgemässem Ablauf,B,"Furniere sind dünn, empfindlich und feuchteabhängig.","Bildungsplan Schreiner/in EFZ, VSSM/SBFI; Schullehrplan Schreiner/in EFZ, BWZ Lyss",https://www.vssm.ch/sites/default/files/vssm/berufsbildung/schreiner_efz/bildungsplan_efz.pdf
schreiner,Schreiner/in EFZ,sch_l06,HKB2,L06,"3. Semester HM: Maschinen, Zerspanung, Kraftquellen und Furniere",medium,single_choice,Worauf muss man beim Thema Furnierlagerung in der Praxis besonders achten?,Furnier wird nass gestapelt im Rahmen der Routine,direkte Sonne verbessert jede Qualität im konkreten Auftrag,"sie braucht geeignetes Klima, Schutz vor Bruch und Verschmutzung",Furnier muss offen im Staub liegen bei vergleichbaren Aufgaben,C,"Furniere sind dünn, empfindlich und feuchteabhängig.","Bildungsplan Schreiner/in EFZ, VSSM/SBFI; Schullehrplan Schreiner/in EFZ, BWZ Lyss",https://www.vssm.ch/sites/default/files/vssm/berufsbildung/schreiner_efz/bildungsplan_efz.pdf
schreiner,Schreiner/in EFZ,sch_l06,HKB2,L06,"3. Semester HM: Maschinen, Zerspanung, Kraftquellen und Furniere",hard,single_choice,Welche Aussage zum Thema Furnierlagerung passt fachlich am besten?,Furnier wird nass gestapelt im normalen Werkstattbetrieb,direkte Sonne verbessert jede Qualität im üblichen Berufsalltag,Furnier muss offen im Staub liegen bei sachgemässer Ausführung,"sie braucht geeignetes Klima, Schutz vor Bruch und Verschmutzung",D,"Furniere sind dünn, empfindlich und feuchteabhängig.","Bildungsplan Schreiner/in EFZ, VSSM/SBFI; Schullehrplan Schreiner/in EFZ, BWZ Lyss",https://www.vssm.ch/sites/default/files/vssm/berufsbildung/schreiner_efz/bildungsplan_efz.pdf
schreiner,Schreiner/in EFZ,sch_l07,HKB1,L07,4. Semester VP: CAD-Grundlagen und Stereometrie,easy,single_choice,Welche Aussage beschreibt CAD-Ebenen im Schreinerberuf am besten?,sie ordnen Zeichnungsteile nach Funktion und Darstellung,sie ersetzen die Konstruktion im laufenden Tagesgeschäft,sie dienen nur zum Drucken im konkreten Auftrag,sie machen Bemassungen überflüssig im Werkstattumfeld,A,Ebenen und Klassen schaffen Übersicht in digitalen Werkzeichnungen.,"Bildungsplan Schreiner/in EFZ, VSSM/SBFI; Schullehrplan Schreiner/in EFZ, BWZ Lyss",https://www.vssm.ch/sites/default/files/vssm/berufsbildung/schreiner_efz/bildungsplan_efz.pdf
schreiner,Schreiner/in EFZ,sch_l07,HKB1,L07,4. Semester VP: CAD-Grundlagen und Stereometrie,medium,single_choice,Worauf muss man beim Thema CAD-Ebenen in der Praxis besonders achten?,sie ersetzen die Konstruktion nach gängiger Praxis,sie ordnen Zeichnungsteile nach Funktion und Darstellung,sie dienen nur zum Drucken im üblichen Berufsalltag,sie machen Bemassungen überflüssig unter typischen Arbeitsbedingungen,B,Ebenen und Klassen schaffen Übersicht in digitalen Werkzeichnungen.,"Bildungsplan Schreiner/in EFZ, VSSM/SBFI; Schullehrplan Schreiner/in EFZ, BWZ Lyss",https://www.vssm.ch/sites/default/files/vssm/berufsbildung/schreiner_efz/bildungsplan_efz.pdf
schreiner,Schreiner/in EFZ,sch_l07,HKB1,L07,4. Semester VP: CAD-Grundlagen und Stereometrie,hard,single_choice,Welche Aussage zum Thema CAD-Ebenen passt fachlich am besten?,sie ersetzen die Konstruktion im Produktionsalltag,sie dienen nur zum Drucken im Werkstattumfeld,sie ordnen Zeichnungsteile nach Funktion und Darstellung,sie machen Bemassungen überflüssig bei sachgemässem Ablauf,C,Ebenen und Klassen schaffen Übersicht in digitalen Werkzeichnungen.,"Bildungsplan Schreiner/in EFZ, VSSM/SBFI; Schullehrplan Schreiner/in EFZ, BWZ Lyss",https://www.vssm.ch/sites/default/files/vssm/berufsbildung/schreiner_efz/bildungsplan_efz.pdf
schreiner,Schreiner/in EFZ,sch_l07,HKB1,L07,4. Semester VP: CAD-Grundlagen und Stereometrie,easy,single_choice,Welche Aussage beschreibt Massstab im CAD im Schreinerberuf am besten?,er verändert automatisch die Realität bei vergleichbaren Aufgaben,er ersetzt die Masseingabe im Rahmen der Routine,er dient nur zur Farbwahl unter typischen Arbeitsbedingungen,"er legt fest, wie Zeichnungsinhalte dargestellt und geplottet werden",D,Massstäbe müssen mit Planausgabe und Bemassung zusammenpassen.,"Bildungsplan Schreiner/in EFZ, VSSM/SBFI; Schullehrplan Schreiner/in EFZ, BWZ Lyss",https://www.vssm.ch/sites/default/files/vssm/berufsbildung/schreiner_efz/bildungsplan_efz.pdf
schreiner,Schreiner/in EFZ,sch_l07,HKB1,L07,4. Semester VP: CAD-Grundlagen und Stereometrie,medium,single_choice,Worauf muss man beim Thema Massstab im CAD in der Praxis besonders achten?,"er legt fest, wie Zeichnungsinhalte dargestellt und geplottet werden",er verändert automatisch die Realität bei sachgemässer Ausführung,er ersetzt die Masseingabe im normalen Werkstattbetrieb,er dient nur zur Farbwahl bei sachgemässem Ablauf,A,Massstäbe müssen mit Planausgabe und Bemassung zusammenpassen.,"Bildungsplan Schreiner/in EFZ, VSSM/SBFI; Schullehrplan Schreiner/in EFZ, BWZ Lyss",https://www.vssm.ch/sites/default/files/vssm/berufsbildung/schreiner_efz/bildungsplan_efz.pdf
schreiner,Schreiner/in EFZ,sch_l07,HKB1,L07,4. Semester VP: CAD-Grundlagen und Stereometrie,hard,single_choice,Welche Aussage zum Thema Massstab im CAD passt fachlich am besten?,er verändert automatisch die Realität im laufenden Tagesgeschäft,"er legt fest, wie Zeichnungsinhalte dargestellt und geplottet werden",er ersetzt die Masseingabe im konkreten Auftrag im Werkstattumfeld,er dient nur zur Farbwahl bei vergleichbaren Aufgaben,B,Massstäbe müssen mit Planausgabe und Bemassung zusammenpassen.,"Bildungsplan Schreiner/in EFZ, VSSM/SBFI; Schullehrplan Schreiner/in EFZ, BWZ Lyss",https://www.vssm.ch/sites/default/files/vssm/berufsbildung/schreiner_efz/bildungsplan_efz.pdf
schreiner,Schreiner/in EFZ,sch_l07,HKB1,L07,4. Semester VP: CAD-Grundlagen und Stereometrie,easy,single_choice,Welche Aussage beschreibt Polylinie im Schreinerberuf am besten?,sie misst die Holzfeuchte nach gängiger Praxis unter typischen Arbeitsbedingungen,sie ist ein Beschlag bei sachgemässer Ausführung,sie verbindet mehrere Liniensegmente zu einem bearbeitbaren Objekt,sie ersetzt alle Kreise im üblichen Berufsalltag,C,"Polylinien erleichtern Konturen, Flächen und Bearbeitungen.","Bildungsplan Schreiner/in EFZ, VSSM/SBFI; Schullehrplan Schreiner/in EFZ, BWZ Lyss",https://www.vssm.ch/sites/default/files/vssm/berufsbildung/schreiner_efz/bildungsplan_efz.pdf
schreiner,Schreiner/in EFZ,sch_l07,HKB1,L07,4. Semester VP: CAD-Grundlagen und Stereometrie,medium,single_choice,Worauf muss man beim Thema Polylinie in der Praxis besonders achten?,sie misst die Holzfeuchte im Produktionsalltag im normalen Werkstattbetrieb,sie ist ein Beschlag im laufenden Tagesgeschäft,sie ersetzt alle Kreise im Werkstattumfeld bei sachgemässem Ablauf,sie verbindet mehrere Liniensegmente zu einem bearbeitbaren Objekt,D,"Polylinien erleichtern Konturen, Flächen und Bearbeitungen.","Bildungsplan Schreiner/in EFZ, VSSM/SBFI; Schullehrplan Schreiner/in EFZ, BWZ Lyss",https://www.vssm.ch/sites/default/files/vssm/berufsbildung/schreiner_efz/bildungsplan_efz.pdf
schreiner,Schreiner/in EFZ,sch_l07,HKB1,L07,4. Semester VP: CAD-Grundlagen und Stereometrie,hard,single_choice,Welche Aussage zum Thema Polylinie passt fachlich am besten?,sie verbindet mehrere Liniensegmente zu einem bearbeitbaren Objekt,sie misst die Holzfeuchte im Rahmen der Routine,sie ist ein Beschlag nach gängiger Praxis bei vergleichbaren Aufgaben,sie ersetzt alle Kreise unter typischen Arbeitsbedingungen,A,"Polylinien erleichtern Konturen, Flächen und Bearbeitungen.","Bildungsplan Schreiner/in EFZ, VSSM/SBFI; Schullehrplan Schreiner/in EFZ, BWZ Lyss",https://www.vssm.ch/sites/default/files/vssm/berufsbildung/schreiner_efz/bildungsplan_efz.pdf
schreiner,Schreiner/in EFZ,sch_l07,HKB1,L07,4. Semester VP: CAD-Grundlagen und Stereometrie,easy,single_choice,Welche Aussage beschreibt Spiegeln im CAD im Schreinerberuf am besten?,Material wird automatisch bestellt bei sachgemässem Ablauf,symmetrische Geometrie wird präzise über eine Achse kopiert,Linien werden unsichtbar gelöscht im Produktionsalltag,alle Masse werden zufällig verändert im normalen Werkstattbetrieb,B,Spiegelbefehle sparen Zeit und erhalten Symmetrie.,"Bildungsplan Schreiner/in EFZ, VSSM/SBFI; Schullehrplan Schreiner/in EFZ, BWZ Lyss",https://www.vssm.ch/sites/default/files/vssm/berufsbildung/schreiner_efz/bildungsplan_efz.pdf
schreiner,Schreiner/in EFZ,sch_l07,HKB1,L07,4. Semester VP: CAD-Grundlagen und Stereometrie,medium,single_choice,Worauf muss man beim Thema Spiegeln im CAD in der Praxis besonders achten?,Material wird automatisch bestellt bei vergleichbaren Aufgaben,Linien werden unsichtbar gelöscht im Rahmen der Routine,symmetrische Geometrie wird präzise über eine Achse kopiert,alle Masse werden zufällig verändert im konkreten Auftrag,C,Spiegelbefehle sparen Zeit und erhalten Symmetrie.,"Bildungsplan Schreiner/in EFZ, VSSM/SBFI; Schullehrplan Schreiner/in EFZ, BWZ Lyss",https://www.vssm.ch/sites/default/files/vssm/berufsbildung/schreiner_efz/bildungsplan_efz.pdf
schreiner,Schreiner/in EFZ,sch_l07,HKB1,L07,4. Semester VP: CAD-Grundlagen und Stereometrie,hard,single_choice,Welche Aussage zum Thema Spiegeln im CAD passt fachlich am besten?,Material wird automatisch bestellt bei sachgemässer Ausführung,Linien werden unsichtbar gelöscht im normalen Werkstattbetrieb,alle Masse werden zufällig verändert im üblichen Berufsalltag,symmetrische Geometrie wird präzise über eine Achse kopiert,D,Spiegelbefehle sparen Zeit und erhalten Symmetrie.,"Bildungsplan Schreiner/in EFZ, VSSM/SBFI; Schullehrplan Schreiner/in EFZ, BWZ Lyss",https://www.vssm.ch/sites/default/files/vssm/berufsbildung/schreiner_efz/bildungsplan_efz.pdf
schreiner,Schreiner/in EFZ,sch_l07,HKB1,L07,4. Semester VP: CAD-Grundlagen und Stereometrie,easy,single_choice,Welche Aussage beschreibt Bemassungsbefehl im Schreinerberuf am besten?,er erstellt normgerechte Massketten und Einzelmasse,er ersetzt die Zeichnungskontrolle im konkreten Auftrag,er wählt den Werkstoff automatisch im laufenden Tagesgeschäft,er berechnet immer den Verkaufspreis,A,"Bemassungen müssen lesbar, eindeutig und normgerecht sein.","Bildungsplan Schreiner/in EFZ, VSSM/SBFI; Schullehrplan Schreiner/in EFZ, BWZ Lyss",https://www.vssm.ch/sites/default/files/vssm/berufsbildung/schreiner_efz/bildungsplan_efz.pdf
schreiner,Schreiner/in EFZ,sch_l07,HKB1,L07,4. Semester VP: CAD-Grundlagen und Stereometrie,medium,single_choice,Worauf muss man beim Thema Bemassungsbefehl in der Praxis besonders achten?,er ersetzt die Zeichnungskontrolle im üblichen Berufsalltag,er erstellt normgerechte Massketten und Einzelmasse,er wählt den Werkstoff automatisch nach gängiger Praxis,er berechnet immer den Verkaufspreis,B,"Bemassungen müssen lesbar, eindeutig und normgerecht sein.","Bildungsplan Schreiner/in EFZ, VSSM/SBFI; Schullehrplan Schreiner/in EFZ, BWZ Lyss",https://www.vssm.ch/sites/default/files/vssm/berufsbildung/schreiner_efz/bildungsplan_efz.pdf
schreiner,Schreiner/in EFZ,sch_l07,HKB1,L07,4. Semester VP: CAD-Grundlagen und Stereometrie,hard,single_choice,Welche Aussage zum Thema Bemassungsbefehl passt fachlich am besten?,er ersetzt die Zeichnungskontrolle im Werkstattumfeld,er wählt den Werkstoff automatisch im Produktionsalltag,er erstellt normgerechte Massketten und Einzelmasse,er berechnet immer den Verkaufspreis,C,"Bemassungen müssen lesbar, eindeutig und normgerecht sein.","Bildungsplan Schreiner/in EFZ, VSSM/SBFI; Schullehrplan Schreiner/in EFZ, BWZ Lyss",https://www.vssm.ch/sites/default/files/vssm/berufsbildung/schreiner_efz/bildungsplan_efz.pdf
schreiner,Schreiner/in EFZ,sch_l07,HKB1,L07,4. Semester VP: CAD-Grundlagen und Stereometrie,easy,single_choice,Welche Aussage beschreibt Plankopf im Schreinerberuf am besten?,er zeigt nur die Holzart unter typischen Arbeitsbedingungen,er ist ein Ersatz für Ansichten bei vergleichbaren Aufgaben,er dient als Schleifplan im Rahmen der Routine im konkreten Auftrag,"er enthält wichtige Angaben wie Projekt, Massstab, Datum und Zeichner",D,Der Plankopf macht eine Zeichnung identifizierbar und versionierbar.,"Bildungsplan Schreiner/in EFZ, VSSM/SBFI; Schullehrplan Schreiner/in EFZ, BWZ Lyss",https://www.vssm.ch/sites/default/files/vssm/berufsbildung/schreiner_efz/bildungsplan_efz.pdf
schreiner,Schreiner/in EFZ,sch_l07,HKB1,L07,4. Semester VP: CAD-Grundlagen und Stereometrie,medium,single_choice,Worauf muss man beim Thema Plankopf in der Praxis besonders achten?,"er enthält wichtige Angaben wie Projekt, Massstab, Datum und Zeichner",er zeigt nur die Holzart bei sachgemässem Ablauf im üblichen Berufsalltag,er ist ein Ersatz für Ansichten bei sachgemässer Ausführung,er dient als Schleifplan im normalen Werkstattbetrieb,A,Der Plankopf macht eine Zeichnung identifizierbar und versionierbar.,"Bildungsplan Schreiner/in EFZ, VSSM/SBFI; Schullehrplan Schreiner/in EFZ, BWZ Lyss",https://www.vssm.ch/sites/default/files/vssm/berufsbildung/schreiner_efz/bildungsplan_efz.pdf
schreiner,Schreiner/in EFZ,sch_l07,HKB1,L07,4. Semester VP: CAD-Grundlagen und Stereometrie,hard,single_choice,Welche Aussage zum Thema Plankopf passt fachlich am besten?,er zeigt nur die Holzart bei vergleichbaren Aufgaben,"er enthält wichtige Angaben wie Projekt, Massstab, Datum und Zeichner",er ist ein Ersatz für Ansichten im laufenden Tagesgeschäft,er dient als Schleifplan im konkreten Auftrag im Werkstattumfeld,B,Der Plankopf macht eine Zeichnung identifizierbar und versionierbar.,"Bildungsplan Schreiner/in EFZ, VSSM/SBFI; Schullehrplan Schreiner/in EFZ, BWZ Lyss",https://www.vssm.ch/sites/default/files/vssm/berufsbildung/schreiner_efz/bildungsplan_efz.pdf
schreiner,Schreiner/in EFZ,sch_l07,HKB1,L07,4. Semester VP: CAD-Grundlagen und Stereometrie,easy,single_choice,Welche Aussage beschreibt DXF/DWG im Schreinerberuf am besten?,sie sind Klebstoffklassen bei sachgemässer Ausführung,sie beschreiben Lackglanz im üblichen Berufsalltag,Dateiformate dienen dem Austausch digitaler Zeichnungsdaten,sie sind Holzfeuchtegrade nach gängiger Praxis,C,"Austauschformate sind wichtig für CAD, CNC und Zusammenarbeit.","Bildungsplan Schreiner/in EFZ, VSSM/SBFI; Schullehrplan Schreiner/in EFZ, BWZ Lyss",https://www.vssm.ch/sites/default/files/vssm/berufsbildung/schreiner_efz/bildungsplan_efz.pdf
schreiner,Schreiner/in EFZ,sch_l07,HKB1,L07,4. Semester VP: CAD-Grundlagen und Stereometrie,medium,single_choice,Worauf muss man beim Thema DXF/DWG in der Praxis besonders achten?,sie sind Klebstoffklassen im laufenden Tagesgeschäft,sie beschreiben Lackglanz im Werkstattumfeld,sie sind Holzfeuchtegrade im Produktionsalltag,Dateiformate dienen dem Austausch digitaler Zeichnungsdaten,D,"Austauschformate sind wichtig für CAD, CNC und Zusammenarbeit.","Bildungsplan Schreiner/in EFZ, VSSM/SBFI; Schullehrplan Schreiner/in EFZ, BWZ Lyss",https://www.vssm.ch/sites/default/files/vssm/berufsbildung/schreiner_efz/bildungsplan_efz.pdf
schreiner,Schreiner/in EFZ,sch_l07,HKB1,L07,4. Semester VP: CAD-Grundlagen und Stereometrie,hard,single_choice,Welche Aussage zum Thema DXF/DWG passt fachlich am besten?,Dateiformate dienen dem Austausch digitaler Zeichnungsdaten,sie sind Klebstoffklassen nach gängiger Praxis,sie beschreiben Lackglanz unter typischen Arbeitsbedingungen,sie sind Holzfeuchtegrade im Rahmen der Routine,A,"Austauschformate sind wichtig für CAD, CNC und Zusammenarbeit.","Bildungsplan Schreiner/in EFZ, VSSM/SBFI; Schullehrplan Schreiner/in EFZ, BWZ Lyss",https://www.vssm.ch/sites/default/files/vssm/berufsbildung/schreiner_efz/bildungsplan_efz.pdf
schreiner,Schreiner/in EFZ,sch_l07,HKB1,L07,4. Semester VP: CAD-Grundlagen und Stereometrie,easy,single_choice,Welche Aussage beschreibt Stereometrie im Schreinerberuf am besten?,sie bewertet Kundenwünsche bei sachgemässem Ablauf,sie berechnet Körpervolumen und Oberflächen,sie ersetzt Oberflächenbehandlung,sie misst Lärmpegel im Produktionsalltag,B,"Raumberechnungen sind für Material, Gewicht und Kosten relevant.","Bildungsplan Schreiner/in EFZ, VSSM/SBFI; Schullehrplan Schreiner/in EFZ, BWZ Lyss",https://www.vssm.ch/sites/default/files/vssm/berufsbildung/schreiner_efz/bildungsplan_efz.pdf
schreiner,Schreiner/in EFZ,sch_l07,HKB1,L07,4. Semester VP: CAD-Grundlagen und Stereometrie,medium,single_choice,Worauf muss man beim Thema Stereometrie in der Praxis besonders achten?,sie bewertet Kundenwünsche bei vergleichbaren Aufgaben,sie ersetzt Oberflächenbehandlung,sie berechnet Körpervolumen und Oberflächen,sie misst Lärmpegel im Rahmen der Routine,C,"Raumberechnungen sind für Material, Gewicht und Kosten relevant.","Bildungsplan Schreiner/in EFZ, VSSM/SBFI; Schullehrplan Schreiner/in EFZ, BWZ Lyss",https://www.vssm.ch/sites/default/files/vssm/berufsbildung/schreiner_efz/bildungsplan_efz.pdf
schreiner,Schreiner/in EFZ,sch_l07,HKB1,L07,4. Semester VP: CAD-Grundlagen und Stereometrie,hard,single_choice,Welche Aussage zum Thema Stereometrie passt fachlich am besten?,sie bewertet Kundenwünsche bei sachgemässer Ausführung,sie ersetzt Oberflächenbehandlung,sie misst Lärmpegel im normalen Werkstattbetrieb,sie berechnet Körpervolumen und Oberflächen,D,"Raumberechnungen sind für Material, Gewicht und Kosten relevant.","Bildungsplan Schreiner/in EFZ, VSSM/SBFI; Schullehrplan Schreiner/in EFZ, BWZ Lyss",https://www.vssm.ch/sites/default/files/vssm/berufsbildung/schreiner_efz/bildungsplan_efz.pdf
schreiner,Schreiner/in EFZ,sch_l07,HKB1,L07,4. Semester VP: CAD-Grundlagen und Stereometrie,easy,single_choice,Welche Aussage beschreibt Brettvolumen im Schreinerberuf am besten?,"es ergibt sich aus Länge, Breite und Dicke eines Brettes",es wird nur über die Farbe bestimmt im Werkstattumfeld,es ist gleich der Oberfläche im konkreten Auftrag,es hängt nie von Einheiten ab im laufenden Tagesgeschäft,A,Volumenberechnungen erfordern korrekte Einheiten.,"Bildungsplan Schreiner/in EFZ, VSSM/SBFI; Schullehrplan Schreiner/in EFZ, BWZ Lyss",https://www.vssm.ch/sites/default/files/vssm/berufsbildung/schreiner_efz/bildungsplan_efz.pdf
schreiner,Schreiner/in EFZ,sch_l07,HKB1,L07,4. Semester VP: CAD-Grundlagen und Stereometrie,medium,single_choice,Worauf muss man beim Thema Brettvolumen in der Praxis besonders achten?,es wird nur über die Farbe bestimmt unter typischen Arbeitsbedingungen,"es ergibt sich aus Länge, Breite und Dicke eines Brettes",es ist gleich der Oberfläche im üblichen Berufsalltag,es hängt nie von Einheiten ab nach gängiger Praxis,B,Volumenberechnungen erfordern korrekte Einheiten.,"Bildungsplan Schreiner/in EFZ, VSSM/SBFI; Schullehrplan Schreiner/in EFZ, BWZ Lyss",https://www.vssm.ch/sites/default/files/vssm/berufsbildung/schreiner_efz/bildungsplan_efz.pdf
schreiner,Schreiner/in EFZ,sch_l07,HKB1,L07,4. Semester VP: CAD-Grundlagen und Stereometrie,hard,single_choice,Welche Aussage zum Thema Brettvolumen passt fachlich am besten?,es wird nur über die Farbe bestimmt bei sachgemässem Ablauf,es ist gleich der Oberfläche im Werkstattumfeld,"es ergibt sich aus Länge, Breite und Dicke eines Brettes",es hängt nie von Einheiten ab im Produktionsalltag,C,Volumenberechnungen erfordern korrekte Einheiten.,"Bildungsplan Schreiner/in EFZ, VSSM/SBFI; Schullehrplan Schreiner/in EFZ, BWZ Lyss",https://www.vssm.ch/sites/default/files/vssm/berufsbildung/schreiner_efz/bildungsplan_efz.pdf
schreiner,Schreiner/in EFZ,sch_l07,HKB1,L07,4. Semester VP: CAD-Grundlagen und Stereometrie,easy,single_choice,Welche Aussage beschreibt Abwicklung im Schreinerberuf am besten?,sie ist nur eine Stückliste unter typischen Arbeitsbedingungen,sie beschreibt Kundenverhalten im Rahmen der Routine,sie ersetzt den Zuschnittplan immer bei vergleichbaren Aufgaben,sie zeigt die flach ausgebreitete Oberfläche eines Körpers,D,Abwicklungen helfen bei Mantelflächen und Zuschnitten.,"Bildungsplan Schreiner/in EFZ, VSSM/SBFI; Schullehrplan Schreiner/in EFZ, BWZ Lyss",https://www.vssm.ch/sites/default/files/vssm/berufsbildung/schreiner_efz/bildungsplan_efz.pdf
schreiner,Schreiner/in EFZ,sch_l07,HKB1,L07,4. Semester VP: CAD-Grundlagen und Stereometrie,medium,single_choice,Worauf muss man beim Thema Abwicklung in der Praxis besonders achten?,sie zeigt die flach ausgebreitete Oberfläche eines Körpers,sie ist nur eine Stückliste bei sachgemässem Ablauf,sie beschreibt Kundenverhalten im normalen Werkstattbetrieb,sie ersetzt den Zuschnittplan immer bei sachgemässer Ausführung,A,Abwicklungen helfen bei Mantelflächen und Zuschnitten.,"Bildungsplan Schreiner/in EFZ, VSSM/SBFI; Schullehrplan Schreiner/in EFZ, BWZ Lyss",https://www.vssm.ch/sites/default/files/vssm/berufsbildung/schreiner_efz/bildungsplan_efz.pdf
schreiner,Schreiner/in EFZ,sch_l07,HKB1,L07,4. Semester VP: CAD-Grundlagen und Stereometrie,hard,single_choice,Welche Aussage zum Thema Abwicklung passt fachlich am besten?,sie ist nur eine Stückliste bei vergleichbaren Aufgaben,sie zeigt die flach ausgebreitete Oberfläche eines Körpers,sie beschreibt Kundenverhalten im konkreten Auftrag,sie ersetzt den Zuschnittplan immer im laufenden Tagesgeschäft,B,Abwicklungen helfen bei Mantelflächen und Zuschnitten.,"Bildungsplan Schreiner/in EFZ, VSSM/SBFI; Schullehrplan Schreiner/in EFZ, BWZ Lyss",https://www.vssm.ch/sites/default/files/vssm/berufsbildung/schreiner_efz/bildungsplan_efz.pdf
schreiner,Schreiner/in EFZ,sch_l08,HKB2,L08,"4. Semester HM: Kunststoffe, Klebstoffe und Holzwerkstoffe",easy,single_choice,Welche Aussage beschreibt Plastomere im Schreinerberuf am besten?,sie verkohlen immer sofort im üblichen Berufsalltag,sie sind ausschliesslich Naturholz nach gängiger Praxis,sie werden bei Wärme formbar und können erneut erweichen,sie härten nie aus bei sachgemässer Ausführung,C,Thermoplastische Kunststoffe lassen sich durch Wärme verformen.,"Bildungsplan Schreiner/in EFZ, VSSM/SBFI; Schullehrplan Schreiner/in EFZ, BWZ Lyss",https://www.vssm.ch/sites/default/files/vssm/berufsbildung/schreiner_efz/bildungsplan_efz.pdf
schreiner,Schreiner/in EFZ,sch_l08,HKB2,L08,"4. Semester HM: Kunststoffe, Klebstoffe und Holzwerkstoffe",medium,single_choice,Worauf muss man beim Thema Plastomere in der Praxis besonders achten?,sie verkohlen immer sofort im Werkstattumfeld,sie sind ausschliesslich Naturholz im Produktionsalltag,sie härten nie aus im laufenden Tagesgeschäft,sie werden bei Wärme formbar und können erneut erweichen,D,Thermoplastische Kunststoffe lassen sich durch Wärme verformen.,"Bildungsplan Schreiner/in EFZ, VSSM/SBFI; Schullehrplan Schreiner/in EFZ, BWZ Lyss",https://www.vssm.ch/sites/default/files/vssm/berufsbildung/schreiner_efz/bildungsplan_efz.pdf
schreiner,Schreiner/in EFZ,sch_l08,HKB2,L08,"4. Semester HM: Kunststoffe, Klebstoffe und Holzwerkstoffe",hard,single_choice,Welche Aussage zum Thema Plastomere passt fachlich am besten?,sie werden bei Wärme formbar und können erneut erweichen,sie verkohlen immer sofort unter typischen Arbeitsbedingungen,sie sind ausschliesslich Naturholz im Rahmen der Routine,sie härten nie aus nach gängiger Praxis bei vergleichbaren Aufgaben,A,Thermoplastische Kunststoffe lassen sich durch Wärme verformen.,"Bildungsplan Schreiner/in EFZ, VSSM/SBFI; Schullehrplan Schreiner/in EFZ, BWZ Lyss",https://www.vssm.ch/sites/default/files/vssm/berufsbildung/schreiner_efz/bildungsplan_efz.pdf
schreiner,Schreiner/in EFZ,sch_l08,HKB2,L08,"4. Semester HM: Kunststoffe, Klebstoffe und Holzwerkstoffe",easy,single_choice,Welche Aussage beschreibt Duromere im Schreinerberuf am besten?,sie schmelzen beliebig oft im Produktionsalltag,sie sind nach dem Aushärten dauerhaft vernetzt und hart,sie bleiben immer elastisch bei sachgemässem Ablauf,sie bestehen nur aus Zellulose im normalen Werkstattbetrieb,B,"Duromere sind formstabil, aber meist nicht erneut verformbar.","Bildungsplan Schreiner/in EFZ, VSSM/SBFI; Schullehrplan Schreiner/in EFZ, BWZ Lyss",https://www.vssm.ch/sites/default/files/vssm/berufsbildung/schreiner_efz/bildungsplan_efz.pdf
schreiner,Schreiner/in EFZ,sch_l08,HKB2,L08,"4. Semester HM: Kunststoffe, Klebstoffe und Holzwerkstoffe",medium,single_choice,Worauf muss man beim Thema Duromere in der Praxis besonders achten?,sie schmelzen beliebig oft im Rahmen der Routine,sie bleiben immer elastisch bei vergleichbaren Aufgaben,sie sind nach dem Aushärten dauerhaft vernetzt und hart,sie bestehen nur aus Zellulose im konkreten Auftrag,C,"Duromere sind formstabil, aber meist nicht erneut verformbar.","Bildungsplan Schreiner/in EFZ, VSSM/SBFI; Schullehrplan Schreiner/in EFZ, BWZ Lyss",https://www.vssm.ch/sites/default/files/vssm/berufsbildung/schreiner_efz/bildungsplan_efz.pdf
schreiner,Schreiner/in EFZ,sch_l08,HKB2,L08,"4. Semester HM: Kunststoffe, Klebstoffe und Holzwerkstoffe",hard,single_choice,Welche Aussage zum Thema Duromere passt fachlich am besten?,sie schmelzen beliebig oft im normalen Werkstattbetrieb,sie bleiben immer elastisch bei sachgemässer Ausführung,sie bestehen nur aus Zellulose im üblichen Berufsalltag,sie sind nach dem Aushärten dauerhaft vernetzt und hart,D,"Duromere sind formstabil, aber meist nicht erneut verformbar.","Bildungsplan Schreiner/in EFZ, VSSM/SBFI; Schullehrplan Schreiner/in EFZ, BWZ Lyss",https://www.vssm.ch/sites/default/files/vssm/berufsbildung/schreiner_efz/bildungsplan_efz.pdf
schreiner,Schreiner/in EFZ,sch_l08,HKB2,L08,"4. Semester HM: Kunststoffe, Klebstoffe und Holzwerkstoffe",easy,single_choice,Welche Aussage beschreibt Elastomere im Schreinerberuf am besten?,sie sind elastisch und kehren nach Verformung zurück,sie sind spröde wie Glas im konkreten Auftrag,sie lösen sich immer in Wasser im Werkstattumfeld,sie sind nur Spanplatten im laufenden Tagesgeschäft,A,Elastomere werden etwa für Dichtungen eingesetzt.,"Bildungsplan Schreiner/in EFZ, VSSM/SBFI; Schullehrplan Schreiner/in EFZ, BWZ Lyss",https://www.vssm.ch/sites/default/files/vssm/berufsbildung/schreiner_efz/bildungsplan_efz.pdf
schreiner,Schreiner/in EFZ,sch_l08,HKB2,L08,"4. Semester HM: Kunststoffe, Klebstoffe und Holzwerkstoffe",medium,single_choice,Worauf muss man beim Thema Elastomere in der Praxis besonders achten?,sie sind spröde wie Glas im üblichen Berufsalltag,sie sind elastisch und kehren nach Verformung zurück,sie lösen sich immer in Wasser unter typischen Arbeitsbedingungen,sie sind nur Spanplatten nach gängiger Praxis,B,Elastomere werden etwa für Dichtungen eingesetzt.,"Bildungsplan Schreiner/in EFZ, VSSM/SBFI; Schullehrplan Schreiner/in EFZ, BWZ Lyss",https://www.vssm.ch/sites/default/files/vssm/berufsbildung/schreiner_efz/bildungsplan_efz.pdf
schreiner,Schreiner/in EFZ,sch_l08,HKB2,L08,"4. Semester HM: Kunststoffe, Klebstoffe und Holzwerkstoffe",hard,single_choice,Welche Aussage zum Thema Elastomere passt fachlich am besten?,sie sind spröde wie Glas im Werkstattumfeld,sie lösen sich immer in Wasser bei sachgemässem Ablauf,sie sind elastisch und kehren nach Verformung zurück,sie sind nur Spanplatten im Produktionsalltag,C,Elastomere werden etwa für Dichtungen eingesetzt.,"Bildungsplan Schreiner/in EFZ, VSSM/SBFI; Schullehrplan Schreiner/in EFZ, BWZ Lyss",https://www.vssm.ch/sites/default/files/vssm/berufsbildung/schreiner_efz/bildungsplan_efz.pdf
schreiner,Schreiner/in EFZ,sch_l08,HKB2,L08,"4. Semester HM: Kunststoffe, Klebstoffe und Holzwerkstoffe",easy,single_choice,Welche Aussage beschreibt pH-Wert im Schreinerberuf am besten?,er misst die Brettlänge bei vergleichbaren Aufgaben,er ersetzt die Dichte unter typischen Arbeitsbedingungen,er zeigt den Glanzgrad im Rahmen der Routine,"er beschreibt, ob ein Stoff sauer, neutral oder alkalisch ist",D,pH-Werte sind im Umgang mit Chemie und Reinigung relevant.,"Bildungsplan Schreiner/in EFZ, VSSM/SBFI; Schullehrplan Schreiner/in EFZ, BWZ Lyss",https://www.vssm.ch/sites/default/files/vssm/berufsbildung/schreiner_efz/bildungsplan_efz.pdf
schreiner,Schreiner/in EFZ,sch_l08,HKB2,L08,"4. Semester HM: Kunststoffe, Klebstoffe und Holzwerkstoffe",medium,single_choice,Worauf muss man beim Thema pH-Wert in der Praxis besonders achten?,"er beschreibt, ob ein Stoff sauer, neutral oder alkalisch ist",er misst die Brettlänge bei sachgemässer Ausführung,er ersetzt die Dichte bei sachgemässem Ablauf,er zeigt den Glanzgrad im normalen Werkstattbetrieb,A,pH-Werte sind im Umgang mit Chemie und Reinigung relevant.,"Bildungsplan Schreiner/in EFZ, VSSM/SBFI; Schullehrplan Schreiner/in EFZ, BWZ Lyss",https://www.vssm.ch/sites/default/files/vssm/berufsbildung/schreiner_efz/bildungsplan_efz.pdf
schreiner,Schreiner/in EFZ,sch_l08,HKB2,L08,"4. Semester HM: Kunststoffe, Klebstoffe und Holzwerkstoffe",hard,single_choice,Welche Aussage zum Thema pH-Wert passt fachlich am besten?,er misst die Brettlänge im laufenden Tagesgeschäft,"er beschreibt, ob ein Stoff sauer, neutral oder alkalisch ist",er ersetzt die Dichte bei vergleichbaren Aufgaben,er zeigt den Glanzgrad im konkreten Auftrag im Werkstattumfeld,B,pH-Werte sind im Umgang mit Chemie und Reinigung relevant.,"Bildungsplan Schreiner/in EFZ, VSSM/SBFI; Schullehrplan Schreiner/in EFZ, BWZ Lyss",https://www.vssm.ch/sites/default/files/vssm/berufsbildung/schreiner_efz/bildungsplan_efz.pdf
schreiner,Schreiner/in EFZ,sch_l08,HKB2,L08,"4. Semester HM: Kunststoffe, Klebstoffe und Holzwerkstoffe",easy,single_choice,Welche Aussage beschreibt Adhäsion im Schreinerberuf am besten?,sie ist die Festigkeit im Klebstoff selbst nach gängiger Praxis,sie ist nur eine Schraubenlänge im üblichen Berufsalltag,sie beschreibt die Haftung zwischen Klebstoff und Werkstoffoberfläche,sie misst die Luftfeuchte bei sachgemässer Ausführung,C,"Gute Adhäsion benötigt passende, saubere Oberflächen.","Bildungsplan Schreiner/in EFZ, VSSM/SBFI; Schullehrplan Schreiner/in EFZ, BWZ Lyss",https://www.vssm.ch/sites/default/files/vssm/berufsbildung/schreiner_efz/bildungsplan_efz.pdf
schreiner,Schreiner/in EFZ,sch_l08,HKB2,L08,"4. Semester HM: Kunststoffe, Klebstoffe und Holzwerkstoffe",medium,single_choice,Worauf muss man beim Thema Adhäsion in der Praxis besonders achten?,sie ist die Festigkeit im Klebstoff selbst im Produktionsalltag,sie ist nur eine Schraubenlänge im Werkstattumfeld bei sachgemässem Ablauf,sie misst die Luftfeuchte im laufenden Tagesgeschäft,sie beschreibt die Haftung zwischen Klebstoff und Werkstoffoberfläche,D,"Gute Adhäsion benötigt passende, saubere Oberflächen.","Bildungsplan Schreiner/in EFZ, VSSM/SBFI; Schullehrplan Schreiner/in EFZ, BWZ Lyss",https://www.vssm.ch/sites/default/files/vssm/berufsbildung/schreiner_efz/bildungsplan_efz.pdf
schreiner,Schreiner/in EFZ,sch_l08,HKB2,L08,"4. Semester HM: Kunststoffe, Klebstoffe und Holzwerkstoffe",hard,single_choice,Welche Aussage zum Thema Adhäsion passt fachlich am besten?,sie beschreibt die Haftung zwischen Klebstoff und Werkstoffoberfläche,sie ist die Festigkeit im Klebstoff selbst im Rahmen der Routine,sie ist nur eine Schraubenlänge unter typischen Arbeitsbedingungen,sie misst die Luftfeuchte nach gängiger Praxis bei vergleichbaren Aufgaben,A,"Gute Adhäsion benötigt passende, saubere Oberflächen.","Bildungsplan Schreiner/in EFZ, VSSM/SBFI; Schullehrplan Schreiner/in EFZ, BWZ Lyss",https://www.vssm.ch/sites/default/files/vssm/berufsbildung/schreiner_efz/bildungsplan_efz.pdf
schreiner,Schreiner/in EFZ,sch_l08,HKB2,L08,"4. Semester HM: Kunststoffe, Klebstoffe und Holzwerkstoffe",easy,single_choice,Welche Aussage beschreibt Kohäsion im Schreinerberuf am besten?,sie ist nur die Holzfarbe bei sachgemässem Ablauf,sie beschreibt den inneren Zusammenhalt des Klebstoffs,sie ersetzt Pressdruck im Produktionsalltag,sie ist eine CAD-Funktion im normalen Werkstattbetrieb,B,Neben Adhäsion entscheidet Kohäsion über die Klebefestigkeit.,"Bildungsplan Schreiner/in EFZ, VSSM/SBFI; Schullehrplan Schreiner/in EFZ, BWZ Lyss",https://www.vssm.ch/sites/default/files/vssm/berufsbildung/schreiner_efz/bildungsplan_efz.pdf
schreiner,Schreiner/in EFZ,sch_l08,HKB2,L08,"4. Semester HM: Kunststoffe, Klebstoffe und Holzwerkstoffe",medium,single_choice,Worauf muss man beim Thema Kohäsion in der Praxis besonders achten?,sie ist nur die Holzfarbe bei vergleichbaren Aufgaben,sie ersetzt Pressdruck im Rahmen der Routine,sie beschreibt den inneren Zusammenhalt des Klebstoffs,sie ist eine CAD-Funktion im konkreten Auftrag,C,Neben Adhäsion entscheidet Kohäsion über die Klebefestigkeit.,"Bildungsplan Schreiner/in EFZ, VSSM/SBFI; Schullehrplan Schreiner/in EFZ, BWZ Lyss",https://www.vssm.ch/sites/default/files/vssm/berufsbildung/schreiner_efz/bildungsplan_efz.pdf
schreiner,Schreiner/in EFZ,sch_l08,HKB2,L08,"4. Semester HM: Kunststoffe, Klebstoffe und Holzwerkstoffe",hard,single_choice,Welche Aussage zum Thema Kohäsion passt fachlich am besten?,sie ist nur die Holzfarbe bei sachgemässer Ausführung,sie ersetzt Pressdruck im normalen Werkstattbetrieb,sie ist eine CAD-Funktion im üblichen Berufsalltag,sie beschreibt den inneren Zusammenhalt des Klebstoffs,D,Neben Adhäsion entscheidet Kohäsion über die Klebefestigkeit.,"Bildungsplan Schreiner/in EFZ, VSSM/SBFI; Schullehrplan Schreiner/in EFZ, BWZ Lyss",https://www.vssm.ch/sites/default/files/vssm/berufsbildung/schreiner_efz/bildungsplan_efz.pdf
schreiner,Schreiner/in EFZ,sch_l08,HKB2,L08,"4. Semester HM: Kunststoffe, Klebstoffe und Holzwerkstoffe",easy,single_choice,Welche Aussage beschreibt offene Zeit im Schreinerberuf am besten?,"sie ist die Zeitspanne, in der Klebstoff noch gefügt werden kann",sie ist die gesamte Lieferfrist im laufenden Tagesgeschäft,sie beschreibt die Standzeit der Säge im Werkstattumfeld,sie bedeutet Trocknung im Ofen im konkreten Auftrag,A,Nach Ablauf der offenen Zeit sinkt die Qualität der Klebung.,"Bildungsplan Schreiner/in EFZ, VSSM/SBFI; Schullehrplan Schreiner/in EFZ, BWZ Lyss",https://www.vssm.ch/sites/default/files/vssm/berufsbildung/schreiner_efz/bildungsplan_efz.pdf
schreiner,Schreiner/in EFZ,sch_l08,HKB2,L08,"4. Semester HM: Kunststoffe, Klebstoffe und Holzwerkstoffe",medium,single_choice,Worauf muss man beim Thema offene Zeit in der Praxis besonders achten?,sie ist die gesamte Lieferfrist nach gängiger Praxis,"sie ist die Zeitspanne, in der Klebstoff noch gefügt werden kann",sie beschreibt die Standzeit der Säge unter typischen Arbeitsbedingungen,sie bedeutet Trocknung im Ofen im üblichen Berufsalltag,B,Nach Ablauf der offenen Zeit sinkt die Qualität der Klebung.,"Bildungsplan Schreiner/in EFZ, VSSM/SBFI; Schullehrplan Schreiner/in EFZ, BWZ Lyss",https://www.vssm.ch/sites/default/files/vssm/berufsbildung/schreiner_efz/bildungsplan_efz.pdf
schreiner,Schreiner/in EFZ,sch_l08,HKB2,L08,"4. Semester HM: Kunststoffe, Klebstoffe und Holzwerkstoffe",hard,single_choice,Welche Aussage zum Thema offene Zeit passt fachlich am besten?,sie ist die gesamte Lieferfrist im Produktionsalltag,sie beschreibt die Standzeit der Säge bei sachgemässem Ablauf,"sie ist die Zeitspanne, in der Klebstoff noch gefügt werden kann",sie bedeutet Trocknung im Ofen im Werkstattumfeld,C,Nach Ablauf der offenen Zeit sinkt die Qualität der Klebung.,"Bildungsplan Schreiner/in EFZ, VSSM/SBFI; Schullehrplan Schreiner/in EFZ, BWZ Lyss",https://www.vssm.ch/sites/default/files/vssm/berufsbildung/schreiner_efz/bildungsplan_efz.pdf
schreiner,Schreiner/in EFZ,sch_l08,HKB2,L08,"4. Semester HM: Kunststoffe, Klebstoffe und Holzwerkstoffe",easy,single_choice,Welche Aussage beschreibt Presszeit im Schreinerberuf am besten?,sie ersetzt die Klebstoffmenge bei vergleichbaren Aufgaben,sie gilt nur beim Lackieren im Rahmen der Routine,sie ist immer null Minuten unter typischen Arbeitsbedingungen,sie hält Werkteile bis zur ausreichenden Anfangsfestigkeit zusammen,D,Pressdruck und Presszeit müssen zum Klebstoff passen.,"Bildungsplan Schreiner/in EFZ, VSSM/SBFI; Schullehrplan Schreiner/in EFZ, BWZ Lyss",https://www.vssm.ch/sites/default/files/vssm/berufsbildung/schreiner_efz/bildungsplan_efz.pdf
schreiner,Schreiner/in EFZ,sch_l08,HKB2,L08,"4. Semester HM: Kunststoffe, Klebstoffe und Holzwerkstoffe",medium,single_choice,Worauf muss man beim Thema Presszeit in der Praxis besonders achten?,sie hält Werkteile bis zur ausreichenden Anfangsfestigkeit zusammen,sie ersetzt die Klebstoffmenge bei sachgemässer Ausführung,sie gilt nur beim Lackieren im normalen Werkstattbetrieb,sie ist immer null Minuten bei sachgemässem Ablauf,A,Pressdruck und Presszeit müssen zum Klebstoff passen.,"Bildungsplan Schreiner/in EFZ, VSSM/SBFI; Schullehrplan Schreiner/in EFZ, BWZ Lyss",https://www.vssm.ch/sites/default/files/vssm/berufsbildung/schreiner_efz/bildungsplan_efz.pdf
schreiner,Schreiner/in EFZ,sch_l08,HKB2,L08,"4. Semester HM: Kunststoffe, Klebstoffe und Holzwerkstoffe",hard,single_choice,Welche Aussage zum Thema Presszeit passt fachlich am besten?,sie ersetzt die Klebstoffmenge im laufenden Tagesgeschäft,sie hält Werkteile bis zur ausreichenden Anfangsfestigkeit zusammen,sie gilt nur beim Lackieren im konkreten Auftrag im Werkstattumfeld,sie ist immer null Minuten bei vergleichbaren Aufgaben,B,Pressdruck und Presszeit müssen zum Klebstoff passen.,"Bildungsplan Schreiner/in EFZ, VSSM/SBFI; Schullehrplan Schreiner/in EFZ, BWZ Lyss",https://www.vssm.ch/sites/default/files/vssm/berufsbildung/schreiner_efz/bildungsplan_efz.pdf
schreiner,Schreiner/in EFZ,sch_l08,HKB2,L08,"4. Semester HM: Kunststoffe, Klebstoffe und Holzwerkstoffe",easy,single_choice,Welche Aussage beschreibt MDF im Schreinerberuf am besten?,es besteht aus Massivholzlamellen nach gängiger Praxis,es ist ein reines Metallblech bei sachgemässer Ausführung,es ist ein Holzfaserwerkstoff mit homogener Struktur,es wird als Glasart hergestellt im üblichen Berufsalltag,C,"MDF lässt sich gut fräsen, hat aber eigene Kanten- und Feuchteanforderungen.","Bildungsplan Schreiner/in EFZ, VSSM/SBFI; Schullehrplan Schreiner/in EFZ, BWZ Lyss",https://www.vssm.ch/sites/default/files/vssm/berufsbildung/schreiner_efz/bildungsplan_efz.pdf
schreiner,Schreiner/in EFZ,sch_l08,HKB2,L08,"4. Semester HM: Kunststoffe, Klebstoffe und Holzwerkstoffe",medium,single_choice,Worauf muss man beim Thema MDF in der Praxis besonders achten?,es besteht aus Massivholzlamellen im Produktionsalltag,es ist ein reines Metallblech im laufenden Tagesgeschäft,es wird als Glasart hergestellt im Werkstattumfeld,es ist ein Holzfaserwerkstoff mit homogener Struktur,D,"MDF lässt sich gut fräsen, hat aber eigene Kanten- und Feuchteanforderungen.","Bildungsplan Schreiner/in EFZ, VSSM/SBFI; Schullehrplan Schreiner/in EFZ, BWZ Lyss",https://www.vssm.ch/sites/default/files/vssm/berufsbildung/schreiner_efz/bildungsplan_efz.pdf
schreiner,Schreiner/in EFZ,sch_l08,HKB2,L08,"4. Semester HM: Kunststoffe, Klebstoffe und Holzwerkstoffe",hard,single_choice,Welche Aussage zum Thema MDF passt fachlich am besten?,es ist ein Holzfaserwerkstoff mit homogener Struktur,es besteht aus Massivholzlamellen im Rahmen der Routine,es ist ein reines Metallblech nach gängiger Praxis,es wird als Glasart hergestellt unter typischen Arbeitsbedingungen,A,"MDF lässt sich gut fräsen, hat aber eigene Kanten- und Feuchteanforderungen.","Bildungsplan Schreiner/in EFZ, VSSM/SBFI; Schullehrplan Schreiner/in EFZ, BWZ Lyss",https://www.vssm.ch/sites/default/files/vssm/berufsbildung/schreiner_efz/bildungsplan_efz.pdf
schreiner,Schreiner/in EFZ,sch_l08,HKB2,L08,"4. Semester HM: Kunststoffe, Klebstoffe und Holzwerkstoffe",easy,single_choice,Welche Aussage beschreibt Spanplatte im Schreinerberuf am besten?,sie besteht nur aus Furnierlagen im normalen Werkstattbetrieb,sie besteht aus verleimten Holzspänen in Schichten,sie ist immer wetterfest im Produktionsalltag,sie wird wie Massivholz wachsen bei sachgemässem Ablauf,B,Spanplatten sind verbreitete Holzwerkstoffe mit spezifischen Eigenschaften.,"Bildungsplan Schreiner/in EFZ, VSSM/SBFI; Schullehrplan Schreiner/in EFZ, BWZ Lyss",https://www.vssm.ch/sites/default/files/vssm/berufsbildung/schreiner_efz/bildungsplan_efz.pdf
schreiner,Schreiner/in EFZ,sch_l08,HKB2,L08,"4. Semester HM: Kunststoffe, Klebstoffe und Holzwerkstoffe",medium,single_choice,Worauf muss man beim Thema Spanplatte in der Praxis besonders achten?,sie besteht nur aus Furnierlagen im konkreten Auftrag,sie ist immer wetterfest im Rahmen der Routine,sie besteht aus verleimten Holzspänen in Schichten,sie wird wie Massivholz wachsen bei vergleichbaren Aufgaben,C,Spanplatten sind verbreitete Holzwerkstoffe mit spezifischen Eigenschaften.,"Bildungsplan Schreiner/in EFZ, VSSM/SBFI; Schullehrplan Schreiner/in EFZ, BWZ Lyss",https://www.vssm.ch/sites/default/files/vssm/berufsbildung/schreiner_efz/bildungsplan_efz.pdf
schreiner,Schreiner/in EFZ,sch_l08,HKB2,L08,"4. Semester HM: Kunststoffe, Klebstoffe und Holzwerkstoffe",hard,single_choice,Welche Aussage zum Thema Spanplatte passt fachlich am besten?,sie besteht nur aus Furnierlagen im üblichen Berufsalltag,sie ist immer wetterfest im normalen Werkstattbetrieb,sie wird wie Massivholz wachsen bei sachgemässer Ausführung,sie besteht aus verleimten Holzspänen in Schichten,D,Spanplatten sind verbreitete Holzwerkstoffe mit spezifischen Eigenschaften.,"Bildungsplan Schreiner/in EFZ, VSSM/SBFI; Schullehrplan Schreiner/in EFZ, BWZ Lyss",https://www.vssm.ch/sites/default/files/vssm/berufsbildung/schreiner_efz/bildungsplan_efz.pdf
schreiner,Schreiner/in EFZ,sch_l09,HKB1,L09,"5. Semester VP: Innenausbau, Gestaltung und Bau-Physik",easy,single_choice,Welche Aussage beschreibt Metalle im Innenausbau im Schreinerberuf am besten?,"Material, Oberfläche, Korrosionsschutz und Beschlagfunktion beachten",Metalle nie mit Holz kombinieren im konkreten Auftrag,Oberflächen grundsätzlich ignorieren im Werkstattumfeld,Beschläge ohne Lastangabe wählen im laufenden Tagesgeschäft,A,"Metalle kommen bei Beschlägen, Profilen und Gestaltungsteilen häufig vor.","Bildungsplan Schreiner/in EFZ, VSSM/SBFI; Schullehrplan Schreiner/in EFZ, BWZ Lyss",https://www.vssm.ch/sites/default/files/vssm/berufsbildung/schreiner_efz/bildungsplan_efz.pdf
schreiner,Schreiner/in EFZ,sch_l09,HKB1,L09,"5. Semester VP: Innenausbau, Gestaltung und Bau-Physik",medium,single_choice,Worauf muss man beim Thema Metalle im Innenausbau in der Praxis besonders achten?,Metalle nie mit Holz kombinieren im üblichen Berufsalltag,"Material, Oberfläche, Korrosionsschutz und Beschlagfunktion beachten",Oberflächen grundsätzlich ignorieren unter typischen Arbeitsbedingungen,Beschläge ohne Lastangabe wählen nach gängiger Praxis,B,"Metalle kommen bei Beschlägen, Profilen und Gestaltungsteilen häufig vor.","Bildungsplan Schreiner/in EFZ, VSSM/SBFI; Schullehrplan Schreiner/in EFZ, BWZ Lyss",https://www.vssm.ch/sites/default/files/vssm/berufsbildung/schreiner_efz/bildungsplan_efz.pdf
schreiner,Schreiner/in EFZ,sch_l09,HKB1,L09,"5. Semester VP: Innenausbau, Gestaltung und Bau-Physik",hard,single_choice,Welche Aussage zum Thema Metalle im Innenausbau passt fachlich am besten?,Metalle nie mit Holz kombinieren im Werkstattumfeld,Oberflächen grundsätzlich ignorieren bei sachgemässem Ablauf,"Material, Oberfläche, Korrosionsschutz und Beschlagfunktion beachten",Beschläge ohne Lastangabe wählen im Produktionsalltag,C,"Metalle kommen bei Beschlägen, Profilen und Gestaltungsteilen häufig vor.","Bildungsplan Schreiner/in EFZ, VSSM/SBFI; Schullehrplan Schreiner/in EFZ, BWZ Lyss",https://www.vssm.ch/sites/default/files/vssm/berufsbildung/schreiner_efz/bildungsplan_efz.pdf
schreiner,Schreiner/in EFZ,sch_l09,HKB1,L09,"5. Semester VP: Innenausbau, Gestaltung und Bau-Physik",easy,single_choice,Welche Aussage beschreibt galvanische Oberfläche im Schreinerberuf am besten?,sie ist eine Holzverbindung im Rahmen der Routine,sie ist eine Glasart unter typischen Arbeitsbedingungen,sie bedeutet unbehandeltes Rohholz,sie entsteht durch elektrochemische Beschichtung,D,Galvanische Schichten verändern Schutz und Optik von Metallteilen.,"Bildungsplan Schreiner/in EFZ, VSSM/SBFI; Schullehrplan Schreiner/in EFZ, BWZ Lyss",https://www.vssm.ch/sites/default/files/vssm/berufsbildung/schreiner_efz/bildungsplan_efz.pdf
schreiner,Schreiner/in EFZ,sch_l09,HKB1,L09,"5. Semester VP: Innenausbau, Gestaltung und Bau-Physik",medium,single_choice,Worauf muss man beim Thema galvanische Oberfläche in der Praxis besonders achten?,sie entsteht durch elektrochemische Beschichtung,sie ist eine Holzverbindung im normalen Werkstattbetrieb,sie ist eine Glasart bei sachgemässem Ablauf,sie bedeutet unbehandeltes Rohholz,A,Galvanische Schichten verändern Schutz und Optik von Metallteilen.,"Bildungsplan Schreiner/in EFZ, VSSM/SBFI; Schullehrplan Schreiner/in EFZ, BWZ Lyss",https://www.vssm.ch/sites/default/files/vssm/berufsbildung/schreiner_efz/bildungsplan_efz.pdf
schreiner,Schreiner/in EFZ,sch_l09,HKB1,L09,"5. Semester VP: Innenausbau, Gestaltung und Bau-Physik",hard,single_choice,Welche Aussage zum Thema galvanische Oberfläche passt fachlich am besten?,sie ist eine Holzverbindung im konkreten Auftrag,sie entsteht durch elektrochemische Beschichtung,sie ist eine Glasart bei vergleichbaren Aufgaben,sie bedeutet unbehandeltes Rohholz,B,Galvanische Schichten verändern Schutz und Optik von Metallteilen.,"Bildungsplan Schreiner/in EFZ, VSSM/SBFI; Schullehrplan Schreiner/in EFZ, BWZ Lyss",https://www.vssm.ch/sites/default/files/vssm/berufsbildung/schreiner_efz/bildungsplan_efz.pdf
schreiner,Schreiner/in EFZ,sch_l09,HKB1,L09,"5. Semester VP: Innenausbau, Gestaltung und Bau-Physik",easy,single_choice,Welche Aussage beschreibt Schubladenauszug im Schreinerberuf am besten?,er ist immer gleich belastbar im üblichen Berufsalltag,er ersetzt die Korpusplanung bei sachgemässer Ausführung,"er muss Last, Auszuglänge und Einbausituation erfüllen",er wird ohne Schrauben montiert nach gängiger Praxis,C,"Auszüge werden nach Funktion, Belastung und Montageart ausgewählt.","Bildungsplan Schreiner/in EFZ, VSSM/SBFI; Schullehrplan Schreiner/in EFZ, BWZ Lyss",https://www.vssm.ch/sites/default/files/vssm/berufsbildung/schreiner_efz/bildungsplan_efz.pdf
schreiner,Schreiner/in EFZ,sch_l09,HKB1,L09,"5. Semester VP: Innenausbau, Gestaltung und Bau-Physik",medium,single_choice,Worauf muss man beim Thema Schubladenauszug in der Praxis besonders achten?,er ist immer gleich belastbar im Werkstattumfeld,er ersetzt die Korpusplanung im laufenden Tagesgeschäft,er wird ohne Schrauben montiert im Produktionsalltag,"er muss Last, Auszuglänge und Einbausituation erfüllen",D,"Auszüge werden nach Funktion, Belastung und Montageart ausgewählt.","Bildungsplan Schreiner/in EFZ, VSSM/SBFI; Schullehrplan Schreiner/in EFZ, BWZ Lyss",https://www.vssm.ch/sites/default/files/vssm/berufsbildung/schreiner_efz/bildungsplan_efz.pdf
schreiner,Schreiner/in EFZ,sch_l09,HKB1,L09,"5. Semester VP: Innenausbau, Gestaltung und Bau-Physik",hard,single_choice,Welche Aussage zum Thema Schubladenauszug passt fachlich am besten?,"er muss Last, Auszuglänge und Einbausituation erfüllen",er ist immer gleich belastbar unter typischen Arbeitsbedingungen,er ersetzt die Korpusplanung nach gängiger Praxis,er wird ohne Schrauben montiert im Rahmen der Routine,A,"Auszüge werden nach Funktion, Belastung und Montageart ausgewählt.","Bildungsplan Schreiner/in EFZ, VSSM/SBFI; Schullehrplan Schreiner/in EFZ, BWZ Lyss",https://www.vssm.ch/sites/default/files/vssm/berufsbildung/schreiner_efz/bildungsplan_efz.pdf
schreiner,Schreiner/in EFZ,sch_l09,HKB1,L09,"5. Semester VP: Innenausbau, Gestaltung und Bau-Physik",easy,single_choice,Welche Aussage beschreibt Unterflurauszug im Schreinerberuf am besten?,er läuft immer auf dem Boden bei sachgemässem Ablauf,er ist unter der Schublade montiert und oft verdeckt,er ist ein Wandanschluss im Produktionsalltag,er dient nur der Lacktrocknung im normalen Werkstattbetrieb,B,Unterflurauszüge bieten verdeckte Führung und spezielle Einbaumasse.,"Bildungsplan Schreiner/in EFZ, VSSM/SBFI; Schullehrplan Schreiner/in EFZ, BWZ Lyss",https://www.vssm.ch/sites/default/files/vssm/berufsbildung/schreiner_efz/bildungsplan_efz.pdf
schreiner,Schreiner/in EFZ,sch_l09,HKB1,L09,"5. Semester VP: Innenausbau, Gestaltung und Bau-Physik",medium,single_choice,Worauf muss man beim Thema Unterflurauszug in der Praxis besonders achten?,er läuft immer auf dem Boden bei vergleichbaren Aufgaben,er ist ein Wandanschluss im Rahmen der Routine,er ist unter der Schublade montiert und oft verdeckt,er dient nur der Lacktrocknung im konkreten Auftrag,C,Unterflurauszüge bieten verdeckte Führung und spezielle Einbaumasse.,"Bildungsplan Schreiner/in EFZ, VSSM/SBFI; Schullehrplan Schreiner/in EFZ, BWZ Lyss",https://www.vssm.ch/sites/default/files/vssm/berufsbildung/schreiner_efz/bildungsplan_efz.pdf
schreiner,Schreiner/in EFZ,sch_l09,HKB1,L09,"5. Semester VP: Innenausbau, Gestaltung und Bau-Physik",hard,single_choice,Welche Aussage zum Thema Unterflurauszug passt fachlich am besten?,er läuft immer auf dem Boden bei sachgemässer Ausführung,er ist ein Wandanschluss im normalen Werkstattbetrieb,er dient nur der Lacktrocknung im üblichen Berufsalltag,er ist unter der Schublade montiert und oft verdeckt,D,Unterflurauszüge bieten verdeckte Führung und spezielle Einbaumasse.,"Bildungsplan Schreiner/in EFZ, VSSM/SBFI; Schullehrplan Schreiner/in EFZ, BWZ Lyss",https://www.vssm.ch/sites/default/files/vssm/berufsbildung/schreiner_efz/bildungsplan_efz.pdf
schreiner,Schreiner/in EFZ,sch_l09,HKB1,L09,"5. Semester VP: Innenausbau, Gestaltung und Bau-Physik",easy,single_choice,Welche Aussage beschreibt Möbelschiebetür im Schreinerberuf am besten?,"Beschlag, Führung, Gewicht und Frontüberdeckung planen",Türblattgewicht ist unwichtig im konkreten Auftrag,Bodenführung darf immer fehlen im laufenden Tagesgeschäft,Schienen werden erst nach Montage gewählt,A,Schiebetüren benötigen passende Lauf- und Führungssysteme.,"Bildungsplan Schreiner/in EFZ, VSSM/SBFI; Schullehrplan Schreiner/in EFZ, BWZ Lyss",https://www.vssm.ch/sites/default/files/vssm/berufsbildung/schreiner_efz/bildungsplan_efz.pdf
schreiner,Schreiner/in EFZ,sch_l09,HKB1,L09,"5. Semester VP: Innenausbau, Gestaltung und Bau-Physik",medium,single_choice,Worauf muss man beim Thema Möbelschiebetür in der Praxis besonders achten?,Türblattgewicht ist unwichtig im üblichen Berufsalltag,"Beschlag, Führung, Gewicht und Frontüberdeckung planen",Bodenführung darf immer fehlen nach gängiger Praxis,Schienen werden erst nach Montage gewählt,B,Schiebetüren benötigen passende Lauf- und Führungssysteme.,"Bildungsplan Schreiner/in EFZ, VSSM/SBFI; Schullehrplan Schreiner/in EFZ, BWZ Lyss",https://www.vssm.ch/sites/default/files/vssm/berufsbildung/schreiner_efz/bildungsplan_efz.pdf
schreiner,Schreiner/in EFZ,sch_l09,HKB1,L09,"5. Semester VP: Innenausbau, Gestaltung und Bau-Physik",hard,single_choice,Welche Aussage zum Thema Möbelschiebetür passt fachlich am besten?,Türblattgewicht ist unwichtig im Werkstattumfeld,Bodenführung darf immer fehlen im Produktionsalltag,"Beschlag, Führung, Gewicht und Frontüberdeckung planen",Schienen werden erst nach Montage gewählt,C,Schiebetüren benötigen passende Lauf- und Führungssysteme.,"Bildungsplan Schreiner/in EFZ, VSSM/SBFI; Schullehrplan Schreiner/in EFZ, BWZ Lyss",https://www.vssm.ch/sites/default/files/vssm/berufsbildung/schreiner_efz/bildungsplan_efz.pdf
schreiner,Schreiner/in EFZ,sch_l09,HKB1,L09,"5. Semester VP: Innenausbau, Gestaltung und Bau-Physik",easy,single_choice,Welche Aussage beschreibt Innentür im Schreinerberuf am besten?,nur die Farbe entscheidet unter typischen Arbeitsbedingungen,Türluft ist bedeutungslos im Rahmen der Routine,Bänder werden zufällig gesetzt bei vergleichbaren Aufgaben,"Futter, Blatt, Bänder, Schloss und Dichtung abstimmen",D,Türen sind funktionale Bauteile mit konstruktiven und normativen Anforderungen.,"Bildungsplan Schreiner/in EFZ, VSSM/SBFI; Schullehrplan Schreiner/in EFZ, BWZ Lyss",https://www.vssm.ch/sites/default/files/vssm/berufsbildung/schreiner_efz/bildungsplan_efz.pdf
schreiner,Schreiner/in EFZ,sch_l09,HKB1,L09,"5. Semester VP: Innenausbau, Gestaltung und Bau-Physik",medium,single_choice,Worauf muss man beim Thema Innentür in der Praxis besonders achten?,"Futter, Blatt, Bänder, Schloss und Dichtung abstimmen",nur die Farbe entscheidet bei sachgemässem Ablauf,Türluft ist bedeutungslos im normalen Werkstattbetrieb,Bänder werden zufällig gesetzt bei sachgemässer Ausführung,A,Türen sind funktionale Bauteile mit konstruktiven und normativen Anforderungen.,"Bildungsplan Schreiner/in EFZ, VSSM/SBFI; Schullehrplan Schreiner/in EFZ, BWZ Lyss",https://www.vssm.ch/sites/default/files/vssm/berufsbildung/schreiner_efz/bildungsplan_efz.pdf
schreiner,Schreiner/in EFZ,sch_l09,HKB1,L09,"5. Semester VP: Innenausbau, Gestaltung und Bau-Physik",hard,single_choice,Welche Aussage zum Thema Innentür passt fachlich am besten?,nur die Farbe entscheidet bei vergleichbaren Aufgaben,"Futter, Blatt, Bänder, Schloss und Dichtung abstimmen",Türluft ist bedeutungslos im konkreten Auftrag,Bänder werden zufällig gesetzt im laufenden Tagesgeschäft,B,Türen sind funktionale Bauteile mit konstruktiven und normativen Anforderungen.,"Bildungsplan Schreiner/in EFZ, VSSM/SBFI; Schullehrplan Schreiner/in EFZ, BWZ Lyss",https://www.vssm.ch/sites/default/files/vssm/berufsbildung/schreiner_efz/bildungsplan_efz.pdf
schreiner,Schreiner/in EFZ,sch_l09,HKB1,L09,"5. Semester VP: Innenausbau, Gestaltung und Bau-Physik",easy,single_choice,Welche Aussage beschreibt Brandschutztür im Schreinerberuf am besten?,sie kann frei gekürzt werden bei sachgemässer Ausführung,jede Dichtung darf weggelassen werden nach gängiger Praxis,zugelassene Systeme dürfen nicht beliebig verändert werden,Beschläge sind nicht relevant im üblichen Berufsalltag,C,Brandschutzbauteile müssen als geprüfte Systeme erhalten bleiben.,"Bildungsplan Schreiner/in EFZ, VSSM/SBFI; Schullehrplan Schreiner/in EFZ, BWZ Lyss",https://www.vssm.ch/sites/default/files/vssm/berufsbildung/schreiner_efz/bildungsplan_efz.pdf
schreiner,Schreiner/in EFZ,sch_l09,HKB1,L09,"5. Semester VP: Innenausbau, Gestaltung und Bau-Physik",medium,single_choice,Worauf muss man beim Thema Brandschutztür in der Praxis besonders achten?,sie kann frei gekürzt werden im laufenden Tagesgeschäft,jede Dichtung darf weggelassen werden im Produktionsalltag,Beschläge sind nicht relevant im Werkstattumfeld,zugelassene Systeme dürfen nicht beliebig verändert werden,D,Brandschutzbauteile müssen als geprüfte Systeme erhalten bleiben.,"Bildungsplan Schreiner/in EFZ, VSSM/SBFI; Schullehrplan Schreiner/in EFZ, BWZ Lyss",https://www.vssm.ch/sites/default/files/vssm/berufsbildung/schreiner_efz/bildungsplan_efz.pdf
schreiner,Schreiner/in EFZ,sch_l09,HKB1,L09,"5. Semester VP: Innenausbau, Gestaltung und Bau-Physik",hard,single_choice,Welche Aussage zum Thema Brandschutztür passt fachlich am besten?,zugelassene Systeme dürfen nicht beliebig verändert werden,sie kann frei gekürzt werden nach gängiger Praxis,jede Dichtung darf weggelassen werden im Rahmen der Routine,Beschläge sind nicht relevant unter typischen Arbeitsbedingungen,A,Brandschutzbauteile müssen als geprüfte Systeme erhalten bleiben.,"Bildungsplan Schreiner/in EFZ, VSSM/SBFI; Schullehrplan Schreiner/in EFZ, BWZ Lyss",https://www.vssm.ch/sites/default/files/vssm/berufsbildung/schreiner_efz/bildungsplan_efz.pdf
schreiner,Schreiner/in EFZ,sch_l09,HKB1,L09,"5. Semester VP: Innenausbau, Gestaltung und Bau-Physik",easy,single_choice,Welche Aussage beschreibt NCS und RAL im Schreinerberuf am besten?,sie berechnen Holzfeuchte bei sachgemässem Ablauf,Farbsysteme helfen Farben eindeutig zu bezeichnen,sie sind Klebstoffnormen im Produktionsalltag,sie bestimmen nur Schraubenlängen im normalen Werkstattbetrieb,B,"Farbsysteme erleichtern Planung, Bestellung und Kommunikation.","Bildungsplan Schreiner/in EFZ, VSSM/SBFI; Schullehrplan Schreiner/in EFZ, BWZ Lyss",https://www.vssm.ch/sites/default/files/vssm/berufsbildung/schreiner_efz/bildungsplan_efz.pdf
schreiner,Schreiner/in EFZ,sch_l09,HKB1,L09,"5. Semester VP: Innenausbau, Gestaltung und Bau-Physik",medium,single_choice,Worauf muss man beim Thema NCS und RAL in der Praxis besonders achten?,sie berechnen Holzfeuchte bei vergleichbaren Aufgaben,sie sind Klebstoffnormen im Rahmen der Routine,Farbsysteme helfen Farben eindeutig zu bezeichnen,sie bestimmen nur Schraubenlängen im konkreten Auftrag,C,"Farbsysteme erleichtern Planung, Bestellung und Kommunikation.","Bildungsplan Schreiner/in EFZ, VSSM/SBFI; Schullehrplan Schreiner/in EFZ, BWZ Lyss",https://www.vssm.ch/sites/default/files/vssm/berufsbildung/schreiner_efz/bildungsplan_efz.pdf
schreiner,Schreiner/in EFZ,sch_l09,HKB1,L09,"5. Semester VP: Innenausbau, Gestaltung und Bau-Physik",hard,single_choice,Welche Aussage zum Thema NCS und RAL passt fachlich am besten?,sie berechnen Holzfeuchte bei sachgemässer Ausführung,sie sind Klebstoffnormen im normalen Werkstattbetrieb,sie bestimmen nur Schraubenlängen im üblichen Berufsalltag,Farbsysteme helfen Farben eindeutig zu bezeichnen,D,"Farbsysteme erleichtern Planung, Bestellung und Kommunikation.","Bildungsplan Schreiner/in EFZ, VSSM/SBFI; Schullehrplan Schreiner/in EFZ, BWZ Lyss",https://www.vssm.ch/sites/default/files/vssm/berufsbildung/schreiner_efz/bildungsplan_efz.pdf
schreiner,Schreiner/in EFZ,sch_l09,HKB1,L09,"5. Semester VP: Innenausbau, Gestaltung und Bau-Physik",easy,single_choice,Welche Aussage beschreibt Rohdichte im Schreinerberuf am besten?,sie setzt Masse eines Werkstoffs ins Verhältnis zum Volumen,sie beschreibt nur die Farbe im laufenden Tagesgeschäft,sie ist gleich der Holzfeuchte im Werkstattumfeld,sie ersetzt die Länge im konkreten Auftrag,A,"Rohdichte beeinflusst Gewicht, Festigkeit und Verarbeitung.","Bildungsplan Schreiner/in EFZ, VSSM/SBFI; Schullehrplan Schreiner/in EFZ, BWZ Lyss",https://www.vssm.ch/sites/default/files/vssm/berufsbildung/schreiner_efz/bildungsplan_efz.pdf
schreiner,Schreiner/in EFZ,sch_l09,HKB1,L09,"5. Semester VP: Innenausbau, Gestaltung und Bau-Physik",medium,single_choice,Worauf muss man beim Thema Rohdichte in der Praxis besonders achten?,sie beschreibt nur die Farbe nach gängiger Praxis,sie setzt Masse eines Werkstoffs ins Verhältnis zum Volumen,sie ist gleich der Holzfeuchte unter typischen Arbeitsbedingungen,sie ersetzt die Länge im üblichen Berufsalltag,B,"Rohdichte beeinflusst Gewicht, Festigkeit und Verarbeitung.","Bildungsplan Schreiner/in EFZ, VSSM/SBFI; Schullehrplan Schreiner/in EFZ, BWZ Lyss",https://www.vssm.ch/sites/default/files/vssm/berufsbildung/schreiner_efz/bildungsplan_efz.pdf
schreiner,Schreiner/in EFZ,sch_l09,HKB1,L09,"5. Semester VP: Innenausbau, Gestaltung und Bau-Physik",hard,single_choice,Welche Aussage zum Thema Rohdichte passt fachlich am besten?,sie beschreibt nur die Farbe im Produktionsalltag,sie ist gleich der Holzfeuchte bei sachgemässem Ablauf,sie setzt Masse eines Werkstoffs ins Verhältnis zum Volumen,sie ersetzt die Länge im Werkstattumfeld im normalen Werkstattbetrieb,C,"Rohdichte beeinflusst Gewicht, Festigkeit und Verarbeitung.","Bildungsplan Schreiner/in EFZ, VSSM/SBFI; Schullehrplan Schreiner/in EFZ, BWZ Lyss",https://www.vssm.ch/sites/default/files/vssm/berufsbildung/schreiner_efz/bildungsplan_efz.pdf
schreiner,Schreiner/in EFZ,sch_l09,HKB1,L09,"5. Semester VP: Innenausbau, Gestaltung und Bau-Physik",easy,single_choice,Welche Aussage beschreibt Taupunkt im Schreinerberuf am besten?,er ist ein CAD-Nullpunkt unter typischen Arbeitsbedingungen,er ist die Sägeblattdicke im Rahmen der Routine,er bedeutet maximale Holzfestigkeit bei vergleichbaren Aufgaben,"er beschreibt die Temperatur, bei der Luftfeuchte kondensiert",D,Taupunktbetrachtungen sind wichtig für Bauphysik und Feuchteschutz.,"Bildungsplan Schreiner/in EFZ, VSSM/SBFI; Schullehrplan Schreiner/in EFZ, BWZ Lyss",https://www.vssm.ch/sites/default/files/vssm/berufsbildung/schreiner_efz/bildungsplan_efz.pdf
schreiner,Schreiner/in EFZ,sch_l09,HKB1,L09,"5. Semester VP: Innenausbau, Gestaltung und Bau-Physik",medium,single_choice,Worauf muss man beim Thema Taupunkt in der Praxis besonders achten?,"er beschreibt die Temperatur, bei der Luftfeuchte kondensiert",er ist ein CAD-Nullpunkt bei sachgemässem Ablauf,er ist die Sägeblattdicke im normalen Werkstattbetrieb,er bedeutet maximale Holzfestigkeit bei sachgemässer Ausführung,A,Taupunktbetrachtungen sind wichtig für Bauphysik und Feuchteschutz.,"Bildungsplan Schreiner/in EFZ, VSSM/SBFI; Schullehrplan Schreiner/in EFZ, BWZ Lyss",https://www.vssm.ch/sites/default/files/vssm/berufsbildung/schreiner_efz/bildungsplan_efz.pdf
schreiner,Schreiner/in EFZ,sch_l09,HKB1,L09,"5. Semester VP: Innenausbau, Gestaltung und Bau-Physik",hard,single_choice,Welche Aussage zum Thema Taupunkt passt fachlich am besten?,er ist ein CAD-Nullpunkt bei vergleichbaren Aufgaben,"er beschreibt die Temperatur, bei der Luftfeuchte kondensiert",er ist die Sägeblattdicke im konkreten Auftrag,er bedeutet maximale Holzfestigkeit im laufenden Tagesgeschäft,B,Taupunktbetrachtungen sind wichtig für Bauphysik und Feuchteschutz.,"Bildungsplan Schreiner/in EFZ, VSSM/SBFI; Schullehrplan Schreiner/in EFZ, BWZ Lyss",https://www.vssm.ch/sites/default/files/vssm/berufsbildung/schreiner_efz/bildungsplan_efz.pdf
schreiner,Schreiner/in EFZ,sch_l10,HKB2,L10,"5. Semester HM: Brandschutz, Oberflächen und Zerspanung",easy,single_choice,Welche Aussage beschreibt baulicher Brandschutz im Schreinerberuf am besten?,er ersetzt alle organisatorischen Regeln,er besteht nur aus Feuerlöschern im üblichen Berufsalltag,Konstruktionen begrenzen Brand- und Rauchausbreitung,er gilt nur im Aussenbereich bei sachgemässer Ausführung,C,Bauliche Massnahmen sind ein Teil des gesamten Brandschutzkonzepts.,"Bildungsplan Schreiner/in EFZ, VSSM/SBFI; Schullehrplan Schreiner/in EFZ, BWZ Lyss",https://www.vssm.ch/sites/default/files/vssm/berufsbildung/schreiner_efz/bildungsplan_efz.pdf
schreiner,Schreiner/in EFZ,sch_l10,HKB2,L10,"5. Semester HM: Brandschutz, Oberflächen und Zerspanung",medium,single_choice,Worauf muss man beim Thema baulicher Brandschutz in der Praxis besonders achten?,er ersetzt alle organisatorischen Regeln,er besteht nur aus Feuerlöschern im Werkstattumfeld,er gilt nur im Aussenbereich im laufenden Tagesgeschäft,Konstruktionen begrenzen Brand- und Rauchausbreitung,D,Bauliche Massnahmen sind ein Teil des gesamten Brandschutzkonzepts.,"Bildungsplan Schreiner/in EFZ, VSSM/SBFI; Schullehrplan Schreiner/in EFZ, BWZ Lyss",https://www.vssm.ch/sites/default/files/vssm/berufsbildung/schreiner_efz/bildungsplan_efz.pdf
schreiner,Schreiner/in EFZ,sch_l10,HKB2,L10,"5. Semester HM: Brandschutz, Oberflächen und Zerspanung",hard,single_choice,Welche Aussage zum Thema baulicher Brandschutz passt fachlich am besten?,Konstruktionen begrenzen Brand- und Rauchausbreitung,er ersetzt alle organisatorischen Regeln,er besteht nur aus Feuerlöschern unter typischen Arbeitsbedingungen,er gilt nur im Aussenbereich nach gängiger Praxis,A,Bauliche Massnahmen sind ein Teil des gesamten Brandschutzkonzepts.,"Bildungsplan Schreiner/in EFZ, VSSM/SBFI; Schullehrplan Schreiner/in EFZ, BWZ Lyss",https://www.vssm.ch/sites/default/files/vssm/berufsbildung/schreiner_efz/bildungsplan_efz.pdf
schreiner,Schreiner/in EFZ,sch_l10,HKB2,L10,"5. Semester HM: Brandschutz, Oberflächen und Zerspanung",easy,single_choice,Welche Aussage beschreibt REI-Klassierung im Schreinerberuf am besten?,sie misst den Lackglanz bei sachgemässem Ablauf im üblichen Berufsalltag,"sie beschreibt Tragfähigkeit, Raumabschluss und Wärmedämmung im Brandfall",sie benennt Holzarten im Produktionsalltag bei sachgemässer Ausführung,sie ist ein Klebstoffwert im normalen Werkstattbetrieb,B,REI-Werte ordnen Bauteile nach Brandverhalten ein.,"Bildungsplan Schreiner/in EFZ, VSSM/SBFI; Schullehrplan Schreiner/in EFZ, BWZ Lyss",https://www.vssm.ch/sites/default/files/vssm/berufsbildung/schreiner_efz/bildungsplan_efz.pdf
schreiner,Schreiner/in EFZ,sch_l10,HKB2,L10,"5. Semester HM: Brandschutz, Oberflächen und Zerspanung",medium,single_choice,Worauf muss man beim Thema REI-Klassierung in der Praxis besonders achten?,sie misst den Lackglanz bei vergleichbaren Aufgaben im Produktionsalltag,sie benennt Holzarten im Rahmen der Routine im laufenden Tagesgeschäft,"sie beschreibt Tragfähigkeit, Raumabschluss und Wärmedämmung im Brandfall",sie ist ein Klebstoffwert im konkreten Auftrag im Werkstattumfeld,C,REI-Werte ordnen Bauteile nach Brandverhalten ein.,"Bildungsplan Schreiner/in EFZ, VSSM/SBFI; Schullehrplan Schreiner/in EFZ, BWZ Lyss",https://www.vssm.ch/sites/default/files/vssm/berufsbildung/schreiner_efz/bildungsplan_efz.pdf
schreiner,Schreiner/in EFZ,sch_l10,HKB2,L10,"5. Semester HM: Brandschutz, Oberflächen und Zerspanung",hard,single_choice,Welche Aussage zum Thema REI-Klassierung passt fachlich am besten?,sie misst den Lackglanz bei sachgemässer Ausführung im Rahmen der Routine,sie benennt Holzarten im normalen Werkstattbetrieb nach gängiger Praxis,sie ist ein Klebstoffwert im üblichen Berufsalltag unter typischen Arbeitsbedingungen,"sie beschreibt Tragfähigkeit, Raumabschluss und Wärmedämmung im Brandfall",D,REI-Werte ordnen Bauteile nach Brandverhalten ein.,"Bildungsplan Schreiner/in EFZ, VSSM/SBFI; Schullehrplan Schreiner/in EFZ, BWZ Lyss",https://www.vssm.ch/sites/default/files/vssm/berufsbildung/schreiner_efz/bildungsplan_efz.pdf
schreiner,Schreiner/in EFZ,sch_l10,HKB2,L10,"5. Semester HM: Brandschutz, Oberflächen und Zerspanung",easy,single_choice,Welche Aussage beschreibt Brandschutzplatte im Schreinerberuf am besten?,sie wird gemäss zugelassenem System eingesetzt,sie darf beliebig dünner geschliffen werden,sie ersetzt alle Beschläge im konkreten Auftrag,sie ist nur ein Dekorpapier im laufenden Tagesgeschäft,A,Brandschutzmaterialien müssen systemkonform verarbeitet werden.,"Bildungsplan Schreiner/in EFZ, VSSM/SBFI; Schullehrplan Schreiner/in EFZ, BWZ Lyss",https://www.vssm.ch/sites/default/files/vssm/berufsbildung/schreiner_efz/bildungsplan_efz.pdf
schreiner,Schreiner/in EFZ,sch_l10,HKB2,L10,"5. Semester HM: Brandschutz, Oberflächen und Zerspanung",medium,single_choice,Worauf muss man beim Thema Brandschutzplatte in der Praxis besonders achten?,sie darf beliebig dünner geschliffen werden,sie wird gemäss zugelassenem System eingesetzt,sie ersetzt alle Beschläge im üblichen Berufsalltag,sie ist nur ein Dekorpapier nach gängiger Praxis,B,Brandschutzmaterialien müssen systemkonform verarbeitet werden.,"Bildungsplan Schreiner/in EFZ, VSSM/SBFI; Schullehrplan Schreiner/in EFZ, BWZ Lyss",https://www.vssm.ch/sites/default/files/vssm/berufsbildung/schreiner_efz/bildungsplan_efz.pdf
schreiner,Schreiner/in EFZ,sch_l10,HKB2,L10,"5. Semester HM: Brandschutz, Oberflächen und Zerspanung",hard,single_choice,Welche Aussage zum Thema Brandschutzplatte passt fachlich am besten?,sie darf beliebig dünner geschliffen werden,sie ersetzt alle Beschläge im Werkstattumfeld,sie wird gemäss zugelassenem System eingesetzt,sie ist nur ein Dekorpapier im Produktionsalltag,C,Brandschutzmaterialien müssen systemkonform verarbeitet werden.,"Bildungsplan Schreiner/in EFZ, VSSM/SBFI; Schullehrplan Schreiner/in EFZ, BWZ Lyss",https://www.vssm.ch/sites/default/files/vssm/berufsbildung/schreiner_efz/bildungsplan_efz.pdf
schreiner,Schreiner/in EFZ,sch_l10,HKB2,L10,"5. Semester HM: Brandschutz, Oberflächen und Zerspanung",easy,single_choice,Welche Aussage beschreibt Schleifkorn im Schreinerberuf am besten?,es misst die Luftfeuchte im Rahmen der Routine,es ersetzt Beize unter typischen Arbeitsbedingungen,es ist nur ein Schraubentyp bei vergleichbaren Aufgaben,es bestimmt Abtrag und Oberflächenbild beim Schleifen,D,Körnung und Schleifaufbau beeinflussen die spätere Oberfläche.,"Bildungsplan Schreiner/in EFZ, VSSM/SBFI; Schullehrplan Schreiner/in EFZ, BWZ Lyss",https://www.vssm.ch/sites/default/files/vssm/berufsbildung/schreiner_efz/bildungsplan_efz.pdf
schreiner,Schreiner/in EFZ,sch_l10,HKB2,L10,"5. Semester HM: Brandschutz, Oberflächen und Zerspanung",medium,single_choice,Worauf muss man beim Thema Schleifkorn in der Praxis besonders achten?,es bestimmt Abtrag und Oberflächenbild beim Schleifen,es misst die Luftfeuchte im normalen Werkstattbetrieb,es ersetzt Beize bei sachgemässem Ablauf,es ist nur ein Schraubentyp bei sachgemässer Ausführung,A,Körnung und Schleifaufbau beeinflussen die spätere Oberfläche.,"Bildungsplan Schreiner/in EFZ, VSSM/SBFI; Schullehrplan Schreiner/in EFZ, BWZ Lyss",https://www.vssm.ch/sites/default/files/vssm/berufsbildung/schreiner_efz/bildungsplan_efz.pdf
schreiner,Schreiner/in EFZ,sch_l10,HKB2,L10,"5. Semester HM: Brandschutz, Oberflächen und Zerspanung",hard,single_choice,Welche Aussage zum Thema Schleifkorn passt fachlich am besten?,es misst die Luftfeuchte im konkreten Auftrag,es bestimmt Abtrag und Oberflächenbild beim Schleifen,es ersetzt Beize bei vergleichbaren Aufgaben,es ist nur ein Schraubentyp im laufenden Tagesgeschäft,B,Körnung und Schleifaufbau beeinflussen die spätere Oberfläche.,"Bildungsplan Schreiner/in EFZ, VSSM/SBFI; Schullehrplan Schreiner/in EFZ, BWZ Lyss",https://www.vssm.ch/sites/default/files/vssm/berufsbildung/schreiner_efz/bildungsplan_efz.pdf
schreiner,Schreiner/in EFZ,sch_l10,HKB2,L10,"5. Semester HM: Brandschutz, Oberflächen und Zerspanung",easy,single_choice,Welche Aussage beschreibt Schleiffehler im Schreinerberuf am besten?,sie verbessern immer den Lackauftrag nach gängiger Praxis,sie entstehen nur bei Glas bei sachgemässer Ausführung,"Wolken, Riefen oder Durchschliff können die Oberfläche stören",sie sind nach Lackieren unsichtbar im üblichen Berufsalltag,C,Oberflächenfehler werden durch Beschichtungen oft verstärkt sichtbar.,"Bildungsplan Schreiner/in EFZ, VSSM/SBFI; Schullehrplan Schreiner/in EFZ, BWZ Lyss",https://www.vssm.ch/sites/default/files/vssm/berufsbildung/schreiner_efz/bildungsplan_efz.pdf
schreiner,Schreiner/in EFZ,sch_l10,HKB2,L10,"5. Semester HM: Brandschutz, Oberflächen und Zerspanung",medium,single_choice,Worauf muss man beim Thema Schleiffehler in der Praxis besonders achten?,sie verbessern immer den Lackauftrag im Produktionsalltag,sie entstehen nur bei Glas im laufenden Tagesgeschäft,sie sind nach Lackieren unsichtbar im Werkstattumfeld,"Wolken, Riefen oder Durchschliff können die Oberfläche stören",D,Oberflächenfehler werden durch Beschichtungen oft verstärkt sichtbar.,"Bildungsplan Schreiner/in EFZ, VSSM/SBFI; Schullehrplan Schreiner/in EFZ, BWZ Lyss",https://www.vssm.ch/sites/default/files/vssm/berufsbildung/schreiner_efz/bildungsplan_efz.pdf
schreiner,Schreiner/in EFZ,sch_l10,HKB2,L10,"5. Semester HM: Brandschutz, Oberflächen und Zerspanung",hard,single_choice,Welche Aussage zum Thema Schleiffehler passt fachlich am besten?,"Wolken, Riefen oder Durchschliff können die Oberfläche stören",sie verbessern immer den Lackauftrag im Rahmen der Routine,sie entstehen nur bei Glas nach gängiger Praxis,sie sind nach Lackieren unsichtbar unter typischen Arbeitsbedingungen,A,Oberflächenfehler werden durch Beschichtungen oft verstärkt sichtbar.,"Bildungsplan Schreiner/in EFZ, VSSM/SBFI; Schullehrplan Schreiner/in EFZ, BWZ Lyss",https://www.vssm.ch/sites/default/files/vssm/berufsbildung/schreiner_efz/bildungsplan_efz.pdf
schreiner,Schreiner/in EFZ,sch_l10,HKB2,L10,"5. Semester HM: Brandschutz, Oberflächen und Zerspanung",easy,single_choice,Welche Aussage beschreibt Beizen im Schreinerberuf am besten?,sie sind immer deckende Lacke bei sachgemässem Ablauf,"sie verändern die Holzfarbe, ohne zwingend einen Schutzfilm zu bilden",sie ersetzen jede Grundierung im normalen Werkstattbetrieb,sie machen Holz wasserfrei im Produktionsalltag bei sachgemässer Ausführung,B,Beizen dienen der Farbgestaltung und benötigen oft weitere Überzüge.,"Bildungsplan Schreiner/in EFZ, VSSM/SBFI; Schullehrplan Schreiner/in EFZ, BWZ Lyss",https://www.vssm.ch/sites/default/files/vssm/berufsbildung/schreiner_efz/bildungsplan_efz.pdf
schreiner,Schreiner/in EFZ,sch_l10,HKB2,L10,"5. Semester HM: Brandschutz, Oberflächen und Zerspanung",medium,single_choice,Worauf muss man beim Thema Beizen in der Praxis besonders achten?,sie sind immer deckende Lacke bei vergleichbaren Aufgaben,sie ersetzen jede Grundierung im konkreten Auftrag,"sie verändern die Holzfarbe, ohne zwingend einen Schutzfilm zu bilden",sie machen Holz wasserfrei im Rahmen der Routine im laufenden Tagesgeschäft,C,Beizen dienen der Farbgestaltung und benötigen oft weitere Überzüge.,"Bildungsplan Schreiner/in EFZ, VSSM/SBFI; Schullehrplan Schreiner/in EFZ, BWZ Lyss",https://www.vssm.ch/sites/default/files/vssm/berufsbildung/schreiner_efz/bildungsplan_efz.pdf
schreiner,Schreiner/in EFZ,sch_l10,HKB2,L10,"5. Semester HM: Brandschutz, Oberflächen und Zerspanung",hard,single_choice,Welche Aussage zum Thema Beizen passt fachlich am besten?,sie sind immer deckende Lacke bei sachgemässer Ausführung,sie ersetzen jede Grundierung im üblichen Berufsalltag,sie machen Holz wasserfrei im normalen Werkstattbetrieb,"sie verändern die Holzfarbe, ohne zwingend einen Schutzfilm zu bilden",D,Beizen dienen der Farbgestaltung und benötigen oft weitere Überzüge.,"Bildungsplan Schreiner/in EFZ, VSSM/SBFI; Schullehrplan Schreiner/in EFZ, BWZ Lyss",https://www.vssm.ch/sites/default/files/vssm/berufsbildung/schreiner_efz/bildungsplan_efz.pdf
schreiner,Schreiner/in EFZ,sch_l10,HKB2,L10,"5. Semester HM: Brandschutz, Oberflächen und Zerspanung",easy,single_choice,Welche Aussage beschreibt Gegenlauf im Schreinerberuf am besten?,Werkstückvorschub läuft gegen die Schneidenbewegung,Werkstück bewegt sich mit der Schneide,Werkzeug steht ohne Rotation im laufenden Tagesgeschäft,Vorschub ist immer null im konkreten Auftrag,A,Gegenlauf und Gleichlauf unterscheiden Schnittverhalten und Sicherheit.,"Bildungsplan Schreiner/in EFZ, VSSM/SBFI; Schullehrplan Schreiner/in EFZ, BWZ Lyss",https://www.vssm.ch/sites/default/files/vssm/berufsbildung/schreiner_efz/bildungsplan_efz.pdf
schreiner,Schreiner/in EFZ,sch_l10,HKB2,L10,"5. Semester HM: Brandschutz, Oberflächen und Zerspanung",medium,single_choice,Worauf muss man beim Thema Gegenlauf in der Praxis besonders achten?,Werkstück bewegt sich mit der Schneide,Werkstückvorschub läuft gegen die Schneidenbewegung,Werkzeug steht ohne Rotation nach gängiger Praxis,Vorschub ist immer null im üblichen Berufsalltag,B,Gegenlauf und Gleichlauf unterscheiden Schnittverhalten und Sicherheit.,"Bildungsplan Schreiner/in EFZ, VSSM/SBFI; Schullehrplan Schreiner/in EFZ, BWZ Lyss",https://www.vssm.ch/sites/default/files/vssm/berufsbildung/schreiner_efz/bildungsplan_efz.pdf
schreiner,Schreiner/in EFZ,sch_l10,HKB2,L10,"5. Semester HM: Brandschutz, Oberflächen und Zerspanung",hard,single_choice,Welche Aussage zum Thema Gegenlauf passt fachlich am besten?,Werkstück bewegt sich mit der Schneide,Werkzeug steht ohne Rotation im Produktionsalltag,Werkstückvorschub läuft gegen die Schneidenbewegung,Vorschub ist immer null im Werkstattumfeld,C,Gegenlauf und Gleichlauf unterscheiden Schnittverhalten und Sicherheit.,"Bildungsplan Schreiner/in EFZ, VSSM/SBFI; Schullehrplan Schreiner/in EFZ, BWZ Lyss",https://www.vssm.ch/sites/default/files/vssm/berufsbildung/schreiner_efz/bildungsplan_efz.pdf
schreiner,Schreiner/in EFZ,sch_l10,HKB2,L10,"5. Semester HM: Brandschutz, Oberflächen und Zerspanung",easy,single_choice,Welche Aussage beschreibt Standweg im Schreinerberuf am besten?,er ist der Abstand zur Wand bei vergleichbaren Aufgaben,er misst nur Kabellänge im Rahmen der Routine,er ist eine Türhöhe unter typischen Arbeitsbedingungen,er beschreibt die nutzbare Schneidleistung bis zum Abstumpfen,D,"Standweg hängt von Schneidstoff, Werkstoff und Belastung ab.","Bildungsplan Schreiner/in EFZ, VSSM/SBFI; Schullehrplan Schreiner/in EFZ, BWZ Lyss",https://www.vssm.ch/sites/default/files/vssm/berufsbildung/schreiner_efz/bildungsplan_efz.pdf
schreiner,Schreiner/in EFZ,sch_l10,HKB2,L10,"5. Semester HM: Brandschutz, Oberflächen und Zerspanung",medium,single_choice,Worauf muss man beim Thema Standweg in der Praxis besonders achten?,er beschreibt die nutzbare Schneidleistung bis zum Abstumpfen,er ist der Abstand zur Wand bei sachgemässer Ausführung,er misst nur Kabellänge im normalen Werkstattbetrieb,er ist eine Türhöhe bei sachgemässem Ablauf,A,"Standweg hängt von Schneidstoff, Werkstoff und Belastung ab.","Bildungsplan Schreiner/in EFZ, VSSM/SBFI; Schullehrplan Schreiner/in EFZ, BWZ Lyss",https://www.vssm.ch/sites/default/files/vssm/berufsbildung/schreiner_efz/bildungsplan_efz.pdf
schreiner,Schreiner/in EFZ,sch_l10,HKB2,L10,"5. Semester HM: Brandschutz, Oberflächen und Zerspanung",hard,single_choice,Welche Aussage zum Thema Standweg passt fachlich am besten?,er ist der Abstand zur Wand im laufenden Tagesgeschäft,er beschreibt die nutzbare Schneidleistung bis zum Abstumpfen,er misst nur Kabellänge im konkreten Auftrag im Werkstattumfeld,er ist eine Türhöhe bei vergleichbaren Aufgaben,B,"Standweg hängt von Schneidstoff, Werkstoff und Belastung ab.","Bildungsplan Schreiner/in EFZ, VSSM/SBFI; Schullehrplan Schreiner/in EFZ, BWZ Lyss",https://www.vssm.ch/sites/default/files/vssm/berufsbildung/schreiner_efz/bildungsplan_efz.pdf
schreiner,Schreiner/in EFZ,sch_l10,HKB2,L10,"5. Semester HM: Brandschutz, Oberflächen und Zerspanung",easy,single_choice,Welche Aussage beschreibt Schneidegeometrie im Schreinerberuf am besten?,sie ist nur die Farbe des Werkzeugs nach gängiger Praxis,sie ersetzt die Drehzahl im üblichen Berufsalltag,Winkel und Zahnform beeinflussen Schnittqualität und Kräfte,sie gilt nicht bei Holz bei sachgemässer Ausführung,C,Passende Geometrie ist wichtig für saubere und sichere Bearbeitung.,"Bildungsplan Schreiner/in EFZ, VSSM/SBFI; Schullehrplan Schreiner/in EFZ, BWZ Lyss",https://www.vssm.ch/sites/default/files/vssm/berufsbildung/schreiner_efz/bildungsplan_efz.pdf
schreiner,Schreiner/in EFZ,sch_l10,HKB2,L10,"5. Semester HM: Brandschutz, Oberflächen und Zerspanung",medium,single_choice,Worauf muss man beim Thema Schneidegeometrie in der Praxis besonders achten?,sie ist nur die Farbe des Werkzeugs im Produktionsalltag,sie ersetzt die Drehzahl im Werkstattumfeld,sie gilt nicht bei Holz im laufenden Tagesgeschäft,Winkel und Zahnform beeinflussen Schnittqualität und Kräfte,D,Passende Geometrie ist wichtig für saubere und sichere Bearbeitung.,"Bildungsplan Schreiner/in EFZ, VSSM/SBFI; Schullehrplan Schreiner/in EFZ, BWZ Lyss",https://www.vssm.ch/sites/default/files/vssm/berufsbildung/schreiner_efz/bildungsplan_efz.pdf
schreiner,Schreiner/in EFZ,sch_l10,HKB2,L10,"5. Semester HM: Brandschutz, Oberflächen und Zerspanung",hard,single_choice,Welche Aussage zum Thema Schneidegeometrie passt fachlich am besten?,Winkel und Zahnform beeinflussen Schnittqualität und Kräfte,sie ist nur die Farbe des Werkzeugs im Rahmen der Routine,sie ersetzt die Drehzahl unter typischen Arbeitsbedingungen,sie gilt nicht bei Holz nach gängiger Praxis,A,Passende Geometrie ist wichtig für saubere und sichere Bearbeitung.,"Bildungsplan Schreiner/in EFZ, VSSM/SBFI; Schullehrplan Schreiner/in EFZ, BWZ Lyss",https://www.vssm.ch/sites/default/files/vssm/berufsbildung/schreiner_efz/bildungsplan_efz.pdf
schreiner,Schreiner/in EFZ,sch_l10,HKB2,L10,"5. Semester HM: Brandschutz, Oberflächen und Zerspanung",easy,single_choice,Welche Aussage beschreibt Materialmix im Schreinerberuf am besten?,alle Materialien gleich verkleben im normalen Werkstattbetrieb,"Verbindungen zwischen Holz, Metall, Glas oder Textil sorgfältig planen",Ausdehnung ignorieren im Produktionsalltag bei sachgemässer Ausführung,Gewicht und Haftung nie prüfen bei sachgemässem Ablauf,B,Unterschiedliche Materialien haben verschiedene Ausdehnungs- und Haftungseigenschaften.,"Bildungsplan Schreiner/in EFZ, VSSM/SBFI; Schullehrplan Schreiner/in EFZ, BWZ Lyss",https://www.vssm.ch/sites/default/files/vssm/berufsbildung/schreiner_efz/bildungsplan_efz.pdf
schreiner,Schreiner/in EFZ,sch_l10,HKB2,L10,"5. Semester HM: Brandschutz, Oberflächen und Zerspanung",medium,single_choice,Worauf muss man beim Thema Materialmix in der Praxis besonders achten?,alle Materialien gleich verkleben im konkreten Auftrag,Ausdehnung ignorieren im Rahmen der Routine im laufenden Tagesgeschäft,"Verbindungen zwischen Holz, Metall, Glas oder Textil sorgfältig planen",Gewicht und Haftung nie prüfen bei vergleichbaren Aufgaben,C,Unterschiedliche Materialien haben verschiedene Ausdehnungs- und Haftungseigenschaften.,"Bildungsplan Schreiner/in EFZ, VSSM/SBFI; Schullehrplan Schreiner/in EFZ, BWZ Lyss",https://www.vssm.ch/sites/default/files/vssm/berufsbildung/schreiner_efz/bildungsplan_efz.pdf
schreiner,Schreiner/in EFZ,sch_l10,HKB2,L10,"5. Semester HM: Brandschutz, Oberflächen und Zerspanung",hard,single_choice,Welche Aussage zum Thema Materialmix passt fachlich am besten?,alle Materialien gleich verkleben im üblichen Berufsalltag,Ausdehnung ignorieren im normalen Werkstattbetrieb nach gängiger Praxis,Gewicht und Haftung nie prüfen bei sachgemässer Ausführung,"Verbindungen zwischen Holz, Metall, Glas oder Textil sorgfältig planen",D,Unterschiedliche Materialien haben verschiedene Ausdehnungs- und Haftungseigenschaften.,"Bildungsplan Schreiner/in EFZ, VSSM/SBFI; Schullehrplan Schreiner/in EFZ, BWZ Lyss",https://www.vssm.ch/sites/default/files/vssm/berufsbildung/schreiner_efz/bildungsplan_efz.pdf
schreiner,Schreiner/in EFZ,sch_l11,HKB1,L11,6. Semester VP: Spezialisierte Planung und Werkstofftechnik,easy,single_choice,Welche Aussage beschreibt komplexes AVOR-Projekt im Schreinerberuf am besten?,"Zeichnung, Listen, Beschläge, Ablauf und Kontrolle zusammenführen",nur ein Foto abgeben im konkreten Auftrag im Produktionsalltag,Masse erst nach Zuschnitt bestimmen im Werkstattumfeld,Material ohne Liste bestellen im laufenden Tagesgeschäft,A,Komplexe Projekte verlangen vernetzte Planung.,"Bildungsplan Schreiner/in EFZ, VSSM/SBFI; Schullehrplan Schreiner/in EFZ, BWZ Lyss",https://www.vssm.ch/sites/default/files/vssm/berufsbildung/schreiner_efz/bildungsplan_efz.pdf
schreiner,Schreiner/in EFZ,sch_l11,HKB1,L11,6. Semester VP: Spezialisierte Planung und Werkstofftechnik,medium,single_choice,Worauf muss man beim Thema komplexes AVOR-Projekt in der Praxis besonders achten?,nur ein Foto abgeben im üblichen Berufsalltag im Rahmen der Routine,"Zeichnung, Listen, Beschläge, Ablauf und Kontrolle zusammenführen",Masse erst nach Zuschnitt bestimmen unter typischen Arbeitsbedingungen,Material ohne Liste bestellen nach gängiger Praxis,B,Komplexe Projekte verlangen vernetzte Planung.,"Bildungsplan Schreiner/in EFZ, VSSM/SBFI; Schullehrplan Schreiner/in EFZ, BWZ Lyss",https://www.vssm.ch/sites/default/files/vssm/berufsbildung/schreiner_efz/bildungsplan_efz.pdf
schreiner,Schreiner/in EFZ,sch_l11,HKB1,L11,6. Semester VP: Spezialisierte Planung und Werkstofftechnik,hard,single_choice,Welche Aussage zum Thema komplexes AVOR-Projekt passt fachlich am besten?,nur ein Foto abgeben im Werkstattumfeld im normalen Werkstattbetrieb,Masse erst nach Zuschnitt bestimmen bei sachgemässem Ablauf,"Zeichnung, Listen, Beschläge, Ablauf und Kontrolle zusammenführen",Material ohne Liste bestellen im Produktionsalltag,C,Komplexe Projekte verlangen vernetzte Planung.,"Bildungsplan Schreiner/in EFZ, VSSM/SBFI; Schullehrplan Schreiner/in EFZ, BWZ Lyss",https://www.vssm.ch/sites/default/files/vssm/berufsbildung/schreiner_efz/bildungsplan_efz.pdf
schreiner,Schreiner/in EFZ,sch_l11,HKB1,L11,6. Semester VP: Spezialisierte Planung und Werkstofftechnik,easy,single_choice,Welche Aussage beschreibt Gestaltungsgrundsätze im Schreinerberuf am besten?,Zufall ersetzt Gestaltung unter typischen Arbeitsbedingungen,Normmasse sind immer egal im Rahmen der Routine,Funktion wird erst nach Montage geprüft bei vergleichbaren Aufgaben,"Proportion, Rhythmus, Kontrast und Funktion bewusst einsetzen",D,"Gestaltung verbindet Ästhetik, Gebrauch und Konstruktion.","Bildungsplan Schreiner/in EFZ, VSSM/SBFI; Schullehrplan Schreiner/in EFZ, BWZ Lyss",https://www.vssm.ch/sites/default/files/vssm/berufsbildung/schreiner_efz/bildungsplan_efz.pdf
schreiner,Schreiner/in EFZ,sch_l11,HKB1,L11,6. Semester VP: Spezialisierte Planung und Werkstofftechnik,medium,single_choice,Worauf muss man beim Thema Gestaltungsgrundsätze in der Praxis besonders achten?,"Proportion, Rhythmus, Kontrast und Funktion bewusst einsetzen",Zufall ersetzt Gestaltung bei sachgemässem Ablauf,Normmasse sind immer egal im normalen Werkstattbetrieb,Funktion wird erst nach Montage geprüft bei sachgemässer Ausführung,A,"Gestaltung verbindet Ästhetik, Gebrauch und Konstruktion.","Bildungsplan Schreiner/in EFZ, VSSM/SBFI; Schullehrplan Schreiner/in EFZ, BWZ Lyss",https://www.vssm.ch/sites/default/files/vssm/berufsbildung/schreiner_efz/bildungsplan_efz.pdf
schreiner,Schreiner/in EFZ,sch_l11,HKB1,L11,6. Semester VP: Spezialisierte Planung und Werkstofftechnik,hard,single_choice,Welche Aussage zum Thema Gestaltungsgrundsätze passt fachlich am besten?,Zufall ersetzt Gestaltung bei vergleichbaren Aufgaben,"Proportion, Rhythmus, Kontrast und Funktion bewusst einsetzen",Normmasse sind immer egal im konkreten Auftrag,Funktion wird erst nach Montage geprüft im laufenden Tagesgeschäft,B,"Gestaltung verbindet Ästhetik, Gebrauch und Konstruktion.","Bildungsplan Schreiner/in EFZ, VSSM/SBFI; Schullehrplan Schreiner/in EFZ, BWZ Lyss",https://www.vssm.ch/sites/default/files/vssm/berufsbildung/schreiner_efz/bildungsplan_efz.pdf
schreiner,Schreiner/in EFZ,sch_l11,HKB1,L11,6. Semester VP: Spezialisierte Planung und Werkstofftechnik,easy,single_choice,Welche Aussage beschreibt Holzwassergehalt im Schreinerberuf am besten?,er ist gleich der Rohdichte im üblichen Berufsalltag,er misst nur Raumtemperatur nach gängiger Praxis,er beschreibt den Wasseranteil bezogen auf die Darrmasse,er ist ein Farbcode bei sachgemässer Ausführung,C,"Wassergehalt ist für Schwinden, Quellen und Verarbeitung wichtig.","Bildungsplan Schreiner/in EFZ, VSSM/SBFI; Schullehrplan Schreiner/in EFZ, BWZ Lyss",https://www.vssm.ch/sites/default/files/vssm/berufsbildung/schreiner_efz/bildungsplan_efz.pdf
schreiner,Schreiner/in EFZ,sch_l11,HKB1,L11,6. Semester VP: Spezialisierte Planung und Werkstofftechnik,medium,single_choice,Worauf muss man beim Thema Holzwassergehalt in der Praxis besonders achten?,er ist gleich der Rohdichte im Werkstattumfeld,er misst nur Raumtemperatur im Produktionsalltag,er ist ein Farbcode im laufenden Tagesgeschäft,er beschreibt den Wasseranteil bezogen auf die Darrmasse,D,"Wassergehalt ist für Schwinden, Quellen und Verarbeitung wichtig.","Bildungsplan Schreiner/in EFZ, VSSM/SBFI; Schullehrplan Schreiner/in EFZ, BWZ Lyss",https://www.vssm.ch/sites/default/files/vssm/berufsbildung/schreiner_efz/bildungsplan_efz.pdf
schreiner,Schreiner/in EFZ,sch_l11,HKB1,L11,6. Semester VP: Spezialisierte Planung und Werkstofftechnik,hard,single_choice,Welche Aussage zum Thema Holzwassergehalt passt fachlich am besten?,er beschreibt den Wasseranteil bezogen auf die Darrmasse,er ist gleich der Rohdichte unter typischen Arbeitsbedingungen,er misst nur Raumtemperatur im Rahmen der Routine,er ist ein Farbcode nach gängiger Praxis,A,"Wassergehalt ist für Schwinden, Quellen und Verarbeitung wichtig.","Bildungsplan Schreiner/in EFZ, VSSM/SBFI; Schullehrplan Schreiner/in EFZ, BWZ Lyss",https://www.vssm.ch/sites/default/files/vssm/berufsbildung/schreiner_efz/bildungsplan_efz.pdf
schreiner,Schreiner/in EFZ,sch_l11,HKB1,L11,6. Semester VP: Spezialisierte Planung und Werkstofftechnik,easy,single_choice,Welche Aussage beschreibt Fasersättigungspunkt im Schreinerberuf am besten?,oberhalb davon ist Holz darrtrocken im normalen Werkstattbetrieb,unterhalb davon beginnt Holz wesentlich zu schwinden,er ist die Lacktrocknung im Produktionsalltag,er beschreibt Schraubentiefe bei sachgemässem Ablauf,B,Unterhalb des Fasersättigungspunkts ändern sich Holzmassen stärker.,"Bildungsplan Schreiner/in EFZ, VSSM/SBFI; Schullehrplan Schreiner/in EFZ, BWZ Lyss",https://www.vssm.ch/sites/default/files/vssm/berufsbildung/schreiner_efz/bildungsplan_efz.pdf
schreiner,Schreiner/in EFZ,sch_l11,HKB1,L11,6. Semester VP: Spezialisierte Planung und Werkstofftechnik,medium,single_choice,Worauf muss man beim Thema Fasersättigungspunkt in der Praxis besonders achten?,oberhalb davon ist Holz darrtrocken im konkreten Auftrag,er ist die Lacktrocknung im Rahmen der Routine,unterhalb davon beginnt Holz wesentlich zu schwinden,er beschreibt Schraubentiefe bei vergleichbaren Aufgaben,C,Unterhalb des Fasersättigungspunkts ändern sich Holzmassen stärker.,"Bildungsplan Schreiner/in EFZ, VSSM/SBFI; Schullehrplan Schreiner/in EFZ, BWZ Lyss",https://www.vssm.ch/sites/default/files/vssm/berufsbildung/schreiner_efz/bildungsplan_efz.pdf
schreiner,Schreiner/in EFZ,sch_l11,HKB1,L11,6. Semester VP: Spezialisierte Planung und Werkstofftechnik,hard,single_choice,Welche Aussage zum Thema Fasersättigungspunkt passt fachlich am besten?,oberhalb davon ist Holz darrtrocken im üblichen Berufsalltag,er ist die Lacktrocknung im normalen Werkstattbetrieb,er beschreibt Schraubentiefe bei sachgemässer Ausführung,unterhalb davon beginnt Holz wesentlich zu schwinden,D,Unterhalb des Fasersättigungspunkts ändern sich Holzmassen stärker.,"Bildungsplan Schreiner/in EFZ, VSSM/SBFI; Schullehrplan Schreiner/in EFZ, BWZ Lyss",https://www.vssm.ch/sites/default/files/vssm/berufsbildung/schreiner_efz/bildungsplan_efz.pdf
schreiner,Schreiner/in EFZ,sch_l11,HKB1,L11,6. Semester VP: Spezialisierte Planung und Werkstofftechnik,easy,single_choice,Welche Aussage beschreibt differenzielles Schwundmass im Schreinerberuf am besten?,es beschreibt Massänderung je Prozent Holzfeuchteänderung,es ist der Sägezahnabstand im Werkstattumfeld,es ersetzt die Holzart im konkreten Auftrag,es misst nur Lackdicke im laufenden Tagesgeschäft,A,Schwundberechnungen helfen bei masshaltigen Konstruktionen.,"Bildungsplan Schreiner/in EFZ, VSSM/SBFI; Schullehrplan Schreiner/in EFZ, BWZ Lyss",https://www.vssm.ch/sites/default/files/vssm/berufsbildung/schreiner_efz/bildungsplan_efz.pdf
schreiner,Schreiner/in EFZ,sch_l11,HKB1,L11,6. Semester VP: Spezialisierte Planung und Werkstofftechnik,medium,single_choice,Worauf muss man beim Thema differenzielles Schwundmass in der Praxis besonders achten?,es ist der Sägezahnabstand unter typischen Arbeitsbedingungen,es beschreibt Massänderung je Prozent Holzfeuchteänderung,es ersetzt die Holzart im üblichen Berufsalltag,es misst nur Lackdicke nach gängiger Praxis,B,Schwundberechnungen helfen bei masshaltigen Konstruktionen.,"Bildungsplan Schreiner/in EFZ, VSSM/SBFI; Schullehrplan Schreiner/in EFZ, BWZ Lyss",https://www.vssm.ch/sites/default/files/vssm/berufsbildung/schreiner_efz/bildungsplan_efz.pdf
schreiner,Schreiner/in EFZ,sch_l11,HKB1,L11,6. Semester VP: Spezialisierte Planung und Werkstofftechnik,hard,single_choice,Welche Aussage zum Thema differenzielles Schwundmass passt fachlich am besten?,es ist der Sägezahnabstand bei sachgemässem Ablauf,es ersetzt die Holzart im Werkstattumfeld im normalen Werkstattbetrieb,es beschreibt Massänderung je Prozent Holzfeuchteänderung,es misst nur Lackdicke im Produktionsalltag,C,Schwundberechnungen helfen bei masshaltigen Konstruktionen.,"Bildungsplan Schreiner/in EFZ, VSSM/SBFI; Schullehrplan Schreiner/in EFZ, BWZ Lyss",https://www.vssm.ch/sites/default/files/vssm/berufsbildung/schreiner_efz/bildungsplan_efz.pdf
schreiner,Schreiner/in EFZ,sch_l11,HKB1,L11,6. Semester VP: Spezialisierte Planung und Werkstofftechnik,easy,single_choice,Welche Aussage beschreibt Riftholz im Schreinerberuf am besten?,es ist quer zur Faser verleimt im Rahmen der Routine,es ist immer Kunststoff unter typischen Arbeitsbedingungen,es ist grundsätzlich fehlerfrei bei vergleichbaren Aufgaben,stehende Jahrringe führen oft zu günstigerem Verformungsverhalten,D,Jahrringlage beeinflusst Schwindrichtung und Formstabilität.,"Bildungsplan Schreiner/in EFZ, VSSM/SBFI; Schullehrplan Schreiner/in EFZ, BWZ Lyss",https://www.vssm.ch/sites/default/files/vssm/berufsbildung/schreiner_efz/bildungsplan_efz.pdf
schreiner,Schreiner/in EFZ,sch_l11,HKB1,L11,6. Semester VP: Spezialisierte Planung und Werkstofftechnik,medium,single_choice,Worauf muss man beim Thema Riftholz in der Praxis besonders achten?,stehende Jahrringe führen oft zu günstigerem Verformungsverhalten,es ist quer zur Faser verleimt im normalen Werkstattbetrieb,es ist immer Kunststoff bei sachgemässem Ablauf,es ist grundsätzlich fehlerfrei bei sachgemässer Ausführung,A,Jahrringlage beeinflusst Schwindrichtung und Formstabilität.,"Bildungsplan Schreiner/in EFZ, VSSM/SBFI; Schullehrplan Schreiner/in EFZ, BWZ Lyss",https://www.vssm.ch/sites/default/files/vssm/berufsbildung/schreiner_efz/bildungsplan_efz.pdf
schreiner,Schreiner/in EFZ,sch_l11,HKB1,L11,6. Semester VP: Spezialisierte Planung und Werkstofftechnik,hard,single_choice,Welche Aussage zum Thema Riftholz passt fachlich am besten?,es ist quer zur Faser verleimt im konkreten Auftrag,stehende Jahrringe führen oft zu günstigerem Verformungsverhalten,es ist immer Kunststoff bei vergleichbaren Aufgaben,es ist grundsätzlich fehlerfrei im laufenden Tagesgeschäft,B,Jahrringlage beeinflusst Schwindrichtung und Formstabilität.,"Bildungsplan Schreiner/in EFZ, VSSM/SBFI; Schullehrplan Schreiner/in EFZ, BWZ Lyss",https://www.vssm.ch/sites/default/files/vssm/berufsbildung/schreiner_efz/bildungsplan_efz.pdf
schreiner,Schreiner/in EFZ,sch_l11,HKB1,L11,6. Semester VP: Spezialisierte Planung und Werkstofftechnik,easy,single_choice,Welche Aussage beschreibt Streckenteilung im Schreinerberuf am besten?,sie ist eine Holzschutzart im üblichen Berufsalltag unter typischen Arbeitsbedingungen,sie ersetzt den Massstab bei sachgemässer Ausführung,eine Strecke wird rechnerisch oder zeichnerisch gleichmässig aufgeteilt,sie bestimmt nur den Glanzgrad nach gängiger Praxis,C,"Streckenteilung ist bei Raster, Fugen und Beschlägen nützlich.","Bildungsplan Schreiner/in EFZ, VSSM/SBFI; Schullehrplan Schreiner/in EFZ, BWZ Lyss",https://www.vssm.ch/sites/default/files/vssm/berufsbildung/schreiner_efz/bildungsplan_efz.pdf
schreiner,Schreiner/in EFZ,sch_l11,HKB1,L11,6. Semester VP: Spezialisierte Planung und Werkstofftechnik,medium,single_choice,Worauf muss man beim Thema Streckenteilung in der Praxis besonders achten?,sie ist eine Holzschutzart im Werkstattumfeld bei sachgemässem Ablauf,sie ersetzt den Massstab im laufenden Tagesgeschäft,sie bestimmt nur den Glanzgrad im Produktionsalltag,eine Strecke wird rechnerisch oder zeichnerisch gleichmässig aufgeteilt,D,"Streckenteilung ist bei Raster, Fugen und Beschlägen nützlich.","Bildungsplan Schreiner/in EFZ, VSSM/SBFI; Schullehrplan Schreiner/in EFZ, BWZ Lyss",https://www.vssm.ch/sites/default/files/vssm/berufsbildung/schreiner_efz/bildungsplan_efz.pdf
schreiner,Schreiner/in EFZ,sch_l11,HKB1,L11,6. Semester VP: Spezialisierte Planung und Werkstofftechnik,hard,single_choice,Welche Aussage zum Thema Streckenteilung passt fachlich am besten?,eine Strecke wird rechnerisch oder zeichnerisch gleichmässig aufgeteilt,sie ist eine Holzschutzart unter typischen Arbeitsbedingungen,sie ersetzt den Massstab nach gängiger Praxis bei vergleichbaren Aufgaben,sie bestimmt nur den Glanzgrad im Rahmen der Routine,A,"Streckenteilung ist bei Raster, Fugen und Beschlägen nützlich.","Bildungsplan Schreiner/in EFZ, VSSM/SBFI; Schullehrplan Schreiner/in EFZ, BWZ Lyss",https://www.vssm.ch/sites/default/files/vssm/berufsbildung/schreiner_efz/bildungsplan_efz.pdf
schreiner,Schreiner/in EFZ,sch_l11,HKB1,L11,6. Semester VP: Spezialisierte Planung und Werkstofftechnik,easy,single_choice,Welche Aussage beschreibt absolute Bemassung im Schreinerberuf am besten?,jedes Mass bezieht sich auf das vorherige,Masse beziehen sich auf einen festen Bezugspunkt,Masse sind ohne Einheit im Produktionsalltag,Massketten werden zufällig verteilt,B,Absolute Masse reduzieren Fehlerfortpflanzung bei Serien- oder CNC-Arbeiten.,"Bildungsplan Schreiner/in EFZ, VSSM/SBFI; Schullehrplan Schreiner/in EFZ, BWZ Lyss",https://www.vssm.ch/sites/default/files/vssm/berufsbildung/schreiner_efz/bildungsplan_efz.pdf
schreiner,Schreiner/in EFZ,sch_l11,HKB1,L11,6. Semester VP: Spezialisierte Planung und Werkstofftechnik,medium,single_choice,Worauf muss man beim Thema absolute Bemassung in der Praxis besonders achten?,jedes Mass bezieht sich auf das vorherige,Masse sind ohne Einheit im Rahmen der Routine,Masse beziehen sich auf einen festen Bezugspunkt,Massketten werden zufällig verteilt,C,Absolute Masse reduzieren Fehlerfortpflanzung bei Serien- oder CNC-Arbeiten.,"Bildungsplan Schreiner/in EFZ, VSSM/SBFI; Schullehrplan Schreiner/in EFZ, BWZ Lyss",https://www.vssm.ch/sites/default/files/vssm/berufsbildung/schreiner_efz/bildungsplan_efz.pdf
schreiner,Schreiner/in EFZ,sch_l11,HKB1,L11,6. Semester VP: Spezialisierte Planung und Werkstofftechnik,hard,single_choice,Welche Aussage zum Thema absolute Bemassung passt fachlich am besten?,jedes Mass bezieht sich auf das vorherige,Masse sind ohne Einheit im normalen Werkstattbetrieb,Massketten werden zufällig verteilt,Masse beziehen sich auf einen festen Bezugspunkt,D,Absolute Masse reduzieren Fehlerfortpflanzung bei Serien- oder CNC-Arbeiten.,"Bildungsplan Schreiner/in EFZ, VSSM/SBFI; Schullehrplan Schreiner/in EFZ, BWZ Lyss",https://www.vssm.ch/sites/default/files/vssm/berufsbildung/schreiner_efz/bildungsplan_efz.pdf
schreiner,Schreiner/in EFZ,sch_l11,HKB1,L11,6. Semester VP: Spezialisierte Planung und Werkstofftechnik,easy,single_choice,Welche Aussage beschreibt relative Bemassung im Schreinerberuf am besten?,Masse bauen nacheinander von Punkt zu Punkt auf,alle Masse starten bei null im Werkstattumfeld,sie ist nur für Lacke im laufenden Tagesgeschäft,sie ersetzt den Plan im konkreten Auftrag,A,Relative Masse können bei Teilstrecken sinnvoll sein.,"Bildungsplan Schreiner/in EFZ, VSSM/SBFI; Schullehrplan Schreiner/in EFZ, BWZ Lyss",https://www.vssm.ch/sites/default/files/vssm/berufsbildung/schreiner_efz/bildungsplan_efz.pdf
schreiner,Schreiner/in EFZ,sch_l11,HKB1,L11,6. Semester VP: Spezialisierte Planung und Werkstofftechnik,medium,single_choice,Worauf muss man beim Thema relative Bemassung in der Praxis besonders achten?,alle Masse starten bei null unter typischen Arbeitsbedingungen,Masse bauen nacheinander von Punkt zu Punkt auf,sie ist nur für Lacke nach gängiger Praxis,sie ersetzt den Plan im üblichen Berufsalltag,B,Relative Masse können bei Teilstrecken sinnvoll sein.,"Bildungsplan Schreiner/in EFZ, VSSM/SBFI; Schullehrplan Schreiner/in EFZ, BWZ Lyss",https://www.vssm.ch/sites/default/files/vssm/berufsbildung/schreiner_efz/bildungsplan_efz.pdf
schreiner,Schreiner/in EFZ,sch_l11,HKB1,L11,6. Semester VP: Spezialisierte Planung und Werkstofftechnik,hard,single_choice,Welche Aussage zum Thema relative Bemassung passt fachlich am besten?,alle Masse starten bei null bei sachgemässem Ablauf,sie ist nur für Lacke im Produktionsalltag,Masse bauen nacheinander von Punkt zu Punkt auf,sie ersetzt den Plan im Werkstattumfeld,C,Relative Masse können bei Teilstrecken sinnvoll sein.,"Bildungsplan Schreiner/in EFZ, VSSM/SBFI; Schullehrplan Schreiner/in EFZ, BWZ Lyss",https://www.vssm.ch/sites/default/files/vssm/berufsbildung/schreiner_efz/bildungsplan_efz.pdf
schreiner,Schreiner/in EFZ,sch_l11,HKB1,L11,6. Semester VP: Spezialisierte Planung und Werkstofftechnik,easy,single_choice,Welche Aussage beschreibt Ergebnisanalyse im Schreinerberuf am besten?,jedes Resultat ungeprüft übernehmen bei vergleichbaren Aufgaben,Einheiten nachträglich raten im Rahmen der Routine,Rundungen nie kennzeichnen unter typischen Arbeitsbedingungen,berechnete Werte werden auf Plausibilität und Praxisbezug geprüft,D,Kontrolle verhindert fachliche Fehler trotz korrektem Rechenweg.,"Bildungsplan Schreiner/in EFZ, VSSM/SBFI; Schullehrplan Schreiner/in EFZ, BWZ Lyss",https://www.vssm.ch/sites/default/files/vssm/berufsbildung/schreiner_efz/bildungsplan_efz.pdf
schreiner,Schreiner/in EFZ,sch_l11,HKB1,L11,6. Semester VP: Spezialisierte Planung und Werkstofftechnik,medium,single_choice,Worauf muss man beim Thema Ergebnisanalyse in der Praxis besonders achten?,berechnete Werte werden auf Plausibilität und Praxisbezug geprüft,jedes Resultat ungeprüft übernehmen bei sachgemässer Ausführung,Einheiten nachträglich raten im normalen Werkstattbetrieb,Rundungen nie kennzeichnen bei sachgemässem Ablauf,A,Kontrolle verhindert fachliche Fehler trotz korrektem Rechenweg.,"Bildungsplan Schreiner/in EFZ, VSSM/SBFI; Schullehrplan Schreiner/in EFZ, BWZ Lyss",https://www.vssm.ch/sites/default/files/vssm/berufsbildung/schreiner_efz/bildungsplan_efz.pdf
schreiner,Schreiner/in EFZ,sch_l11,HKB1,L11,6. Semester VP: Spezialisierte Planung und Werkstofftechnik,hard,single_choice,Welche Aussage zum Thema Ergebnisanalyse passt fachlich am besten?,jedes Resultat ungeprüft übernehmen im laufenden Tagesgeschäft,berechnete Werte werden auf Plausibilität und Praxisbezug geprüft,Einheiten nachträglich raten im konkreten Auftrag,Rundungen nie kennzeichnen bei vergleichbaren Aufgaben,B,Kontrolle verhindert fachliche Fehler trotz korrektem Rechenweg.,"Bildungsplan Schreiner/in EFZ, VSSM/SBFI; Schullehrplan Schreiner/in EFZ, BWZ Lyss",https://www.vssm.ch/sites/default/files/vssm/berufsbildung/schreiner_efz/bildungsplan_efz.pdf
schreiner,Schreiner/in EFZ,sch_l12,HKB2,L12,6. Semester HM: Dichtstoffe und CNC-Fertigung,easy,single_choice,Welche Aussage beschreibt Dichtstoffwahl im Schreinerberuf am besten?,immer denselben Silikon verwenden nach gängiger Praxis,Fugenbewegung ignorieren bei sachgemässer Ausführung,"Untergrund, Bewegung, Überstreichbarkeit und Einsatzort prüfen",Primer grundsätzlich weglassen im üblichen Berufsalltag,C,Dichtstoffe müssen zur Fuge und Belastung passen.,"Bildungsplan Schreiner/in EFZ, VSSM/SBFI; Schullehrplan Schreiner/in EFZ, BWZ Lyss",https://www.vssm.ch/sites/default/files/vssm/berufsbildung/schreiner_efz/bildungsplan_efz.pdf
schreiner,Schreiner/in EFZ,sch_l12,HKB2,L12,6. Semester HM: Dichtstoffe und CNC-Fertigung,medium,single_choice,Worauf muss man beim Thema Dichtstoffwahl in der Praxis besonders achten?,immer denselben Silikon verwenden im Produktionsalltag,Fugenbewegung ignorieren im laufenden Tagesgeschäft,Primer grundsätzlich weglassen im Werkstattumfeld,"Untergrund, Bewegung, Überstreichbarkeit und Einsatzort prüfen",D,Dichtstoffe müssen zur Fuge und Belastung passen.,"Bildungsplan Schreiner/in EFZ, VSSM/SBFI; Schullehrplan Schreiner/in EFZ, BWZ Lyss",https://www.vssm.ch/sites/default/files/vssm/berufsbildung/schreiner_efz/bildungsplan_efz.pdf
schreiner,Schreiner/in EFZ,sch_l12,HKB2,L12,6. Semester HM: Dichtstoffe und CNC-Fertigung,hard,single_choice,Welche Aussage zum Thema Dichtstoffwahl passt fachlich am besten?,"Untergrund, Bewegung, Überstreichbarkeit und Einsatzort prüfen",immer denselben Silikon verwenden im Rahmen der Routine,Fugenbewegung ignorieren nach gängiger Praxis,Primer grundsätzlich weglassen unter typischen Arbeitsbedingungen,A,Dichtstoffe müssen zur Fuge und Belastung passen.,"Bildungsplan Schreiner/in EFZ, VSSM/SBFI; Schullehrplan Schreiner/in EFZ, BWZ Lyss",https://www.vssm.ch/sites/default/files/vssm/berufsbildung/schreiner_efz/bildungsplan_efz.pdf
schreiner,Schreiner/in EFZ,sch_l12,HKB2,L12,6. Semester HM: Dichtstoffe und CNC-Fertigung,easy,single_choice,Welche Aussage beschreibt Silikon im Schreinerberuf am besten?,es ist immer schleifbar wie Holz,es ist elastisch und oft nicht überstreichbar,es wird als tragender Klebstoff geplant,es härtet nur durch Schrauben im Produktionsalltag,B,"Silikone eignen sich für viele elastische Fugen, haben aber Grenzen.","Bildungsplan Schreiner/in EFZ, VSSM/SBFI; Schullehrplan Schreiner/in EFZ, BWZ Lyss",https://www.vssm.ch/sites/default/files/vssm/berufsbildung/schreiner_efz/bildungsplan_efz.pdf
schreiner,Schreiner/in EFZ,sch_l12,HKB2,L12,6. Semester HM: Dichtstoffe und CNC-Fertigung,medium,single_choice,Worauf muss man beim Thema Silikon in der Praxis besonders achten?,es ist immer schleifbar wie Holz,es wird als tragender Klebstoff geplant,es ist elastisch und oft nicht überstreichbar,es härtet nur durch Schrauben im Rahmen der Routine,C,"Silikone eignen sich für viele elastische Fugen, haben aber Grenzen.","Bildungsplan Schreiner/in EFZ, VSSM/SBFI; Schullehrplan Schreiner/in EFZ, BWZ Lyss",https://www.vssm.ch/sites/default/files/vssm/berufsbildung/schreiner_efz/bildungsplan_efz.pdf
schreiner,Schreiner/in EFZ,sch_l12,HKB2,L12,6. Semester HM: Dichtstoffe und CNC-Fertigung,hard,single_choice,Welche Aussage zum Thema Silikon passt fachlich am besten?,es ist immer schleifbar wie Holz,es wird als tragender Klebstoff geplant,es härtet nur durch Schrauben im normalen Werkstattbetrieb,es ist elastisch und oft nicht überstreichbar,D,"Silikone eignen sich für viele elastische Fugen, haben aber Grenzen.","Bildungsplan Schreiner/in EFZ, VSSM/SBFI; Schullehrplan Schreiner/in EFZ, BWZ Lyss",https://www.vssm.ch/sites/default/files/vssm/berufsbildung/schreiner_efz/bildungsplan_efz.pdf
schreiner,Schreiner/in EFZ,sch_l12,HKB2,L12,6. Semester HM: Dichtstoffe und CNC-Fertigung,easy,single_choice,Welche Aussage beschreibt Acryl im Schreinerberuf am besten?,es ist häufig überstreichbar und für geringere Bewegung geeignet,es bleibt immer maximal elastisch im Werkstattumfeld,es ersetzt Fensterbeschläge im laufenden Tagesgeschäft,es ist nie wasserbasiert im konkreten Auftrag im Produktionsalltag,A,Acryl wird oft im Innenbereich für überstreichbare Fugen eingesetzt.,"Bildungsplan Schreiner/in EFZ, VSSM/SBFI; Schullehrplan Schreiner/in EFZ, BWZ Lyss",https://www.vssm.ch/sites/default/files/vssm/berufsbildung/schreiner_efz/bildungsplan_efz.pdf
schreiner,Schreiner/in EFZ,sch_l12,HKB2,L12,6. Semester HM: Dichtstoffe und CNC-Fertigung,medium,single_choice,Worauf muss man beim Thema Acryl in der Praxis besonders achten?,es bleibt immer maximal elastisch unter typischen Arbeitsbedingungen,es ist häufig überstreichbar und für geringere Bewegung geeignet,es ersetzt Fensterbeschläge nach gängiger Praxis,es ist nie wasserbasiert im üblichen Berufsalltag,B,Acryl wird oft im Innenbereich für überstreichbare Fugen eingesetzt.,"Bildungsplan Schreiner/in EFZ, VSSM/SBFI; Schullehrplan Schreiner/in EFZ, BWZ Lyss",https://www.vssm.ch/sites/default/files/vssm/berufsbildung/schreiner_efz/bildungsplan_efz.pdf
schreiner,Schreiner/in EFZ,sch_l12,HKB2,L12,6. Semester HM: Dichtstoffe und CNC-Fertigung,hard,single_choice,Welche Aussage zum Thema Acryl passt fachlich am besten?,es bleibt immer maximal elastisch bei sachgemässem Ablauf,es ersetzt Fensterbeschläge im Produktionsalltag,es ist häufig überstreichbar und für geringere Bewegung geeignet,es ist nie wasserbasiert im Werkstattumfeld im normalen Werkstattbetrieb,C,Acryl wird oft im Innenbereich für überstreichbare Fugen eingesetzt.,"Bildungsplan Schreiner/in EFZ, VSSM/SBFI; Schullehrplan Schreiner/in EFZ, BWZ Lyss",https://www.vssm.ch/sites/default/files/vssm/berufsbildung/schreiner_efz/bildungsplan_efz.pdf
schreiner,Schreiner/in EFZ,sch_l12,HKB2,L12,6. Semester HM: Dichtstoffe und CNC-Fertigung,easy,single_choice,Welche Aussage beschreibt Hinterfüllprofil im Schreinerberuf am besten?,es ist ein Dekorprofil unter typischen Arbeitsbedingungen,es erhöht absichtlich Materialverbrauch bei vergleichbaren Aufgaben,es ersetzt die Reinigung im Rahmen der Routine,es begrenzt Fugentiefe und verhindert Dreiflankenhaftung,D,Richtige Fugengeometrie verbessert Dauerhaftigkeit.,"Bildungsplan Schreiner/in EFZ, VSSM/SBFI; Schullehrplan Schreiner/in EFZ, BWZ Lyss",https://www.vssm.ch/sites/default/files/vssm/berufsbildung/schreiner_efz/bildungsplan_efz.pdf
schreiner,Schreiner/in EFZ,sch_l12,HKB2,L12,6. Semester HM: Dichtstoffe und CNC-Fertigung,medium,single_choice,Worauf muss man beim Thema Hinterfüllprofil in der Praxis besonders achten?,es begrenzt Fugentiefe und verhindert Dreiflankenhaftung,es ist ein Dekorprofil bei sachgemässem Ablauf,es erhöht absichtlich Materialverbrauch bei sachgemässer Ausführung,es ersetzt die Reinigung im normalen Werkstattbetrieb,A,Richtige Fugengeometrie verbessert Dauerhaftigkeit.,"Bildungsplan Schreiner/in EFZ, VSSM/SBFI; Schullehrplan Schreiner/in EFZ, BWZ Lyss",https://www.vssm.ch/sites/default/files/vssm/berufsbildung/schreiner_efz/bildungsplan_efz.pdf
schreiner,Schreiner/in EFZ,sch_l12,HKB2,L12,6. Semester HM: Dichtstoffe und CNC-Fertigung,hard,single_choice,Welche Aussage zum Thema Hinterfüllprofil passt fachlich am besten?,es ist ein Dekorprofil bei vergleichbaren Aufgaben,es begrenzt Fugentiefe und verhindert Dreiflankenhaftung,es erhöht absichtlich Materialverbrauch im laufenden Tagesgeschäft,es ersetzt die Reinigung im konkreten Auftrag,B,Richtige Fugengeometrie verbessert Dauerhaftigkeit.,"Bildungsplan Schreiner/in EFZ, VSSM/SBFI; Schullehrplan Schreiner/in EFZ, BWZ Lyss",https://www.vssm.ch/sites/default/files/vssm/berufsbildung/schreiner_efz/bildungsplan_efz.pdf
schreiner,Schreiner/in EFZ,sch_l12,HKB2,L12,6. Semester HM: Dichtstoffe und CNC-Fertigung,easy,single_choice,Welche Aussage beschreibt Dreiflankenhaftung im Schreinerberuf am besten?,sie ist immer erwünscht bei sachgemässer Ausführung,sie verbessert jede Dichtung nach gängiger Praxis,sie behindert die elastische Bewegung der Fuge,sie ist nur ein CAD-Befehl im üblichen Berufsalltag,C,Dichtstoffe sollen meist nur an zwei Flanken haften.,"Bildungsplan Schreiner/in EFZ, VSSM/SBFI; Schullehrplan Schreiner/in EFZ, BWZ Lyss",https://www.vssm.ch/sites/default/files/vssm/berufsbildung/schreiner_efz/bildungsplan_efz.pdf
schreiner,Schreiner/in EFZ,sch_l12,HKB2,L12,6. Semester HM: Dichtstoffe und CNC-Fertigung,medium,single_choice,Worauf muss man beim Thema Dreiflankenhaftung in der Praxis besonders achten?,sie ist immer erwünscht im laufenden Tagesgeschäft,sie verbessert jede Dichtung im Produktionsalltag,sie ist nur ein CAD-Befehl im Werkstattumfeld,sie behindert die elastische Bewegung der Fuge,D,Dichtstoffe sollen meist nur an zwei Flanken haften.,"Bildungsplan Schreiner/in EFZ, VSSM/SBFI; Schullehrplan Schreiner/in EFZ, BWZ Lyss",https://www.vssm.ch/sites/default/files/vssm/berufsbildung/schreiner_efz/bildungsplan_efz.pdf
schreiner,Schreiner/in EFZ,sch_l12,HKB2,L12,6. Semester HM: Dichtstoffe und CNC-Fertigung,hard,single_choice,Welche Aussage zum Thema Dreiflankenhaftung passt fachlich am besten?,sie behindert die elastische Bewegung der Fuge,sie ist immer erwünscht nach gängiger Praxis,sie verbessert jede Dichtung im Rahmen der Routine,sie ist nur ein CAD-Befehl unter typischen Arbeitsbedingungen,A,Dichtstoffe sollen meist nur an zwei Flanken haften.,"Bildungsplan Schreiner/in EFZ, VSSM/SBFI; Schullehrplan Schreiner/in EFZ, BWZ Lyss",https://www.vssm.ch/sites/default/files/vssm/berufsbildung/schreiner_efz/bildungsplan_efz.pdf
schreiner,Schreiner/in EFZ,sch_l12,HKB2,L12,6. Semester HM: Dichtstoffe und CNC-Fertigung,easy,single_choice,Welche Aussage beschreibt 1K-Schaum im Schreinerberuf am besten?,er trägt schwere Bauteile allein im Produktionsalltag,er härtet mit Feuchtigkeit aus und füllt Zwischenräume,er ersetzt mechanische Befestigung bei sachgemässem Ablauf,er ist immer luftdicht ohne Prüfung im normalen Werkstattbetrieb,B,Schäume sind Hilfsstoffe und nicht automatisch tragende Befestigungen.,"Bildungsplan Schreiner/in EFZ, VSSM/SBFI; Schullehrplan Schreiner/in EFZ, BWZ Lyss",https://www.vssm.ch/sites/default/files/vssm/berufsbildung/schreiner_efz/bildungsplan_efz.pdf
schreiner,Schreiner/in EFZ,sch_l12,HKB2,L12,6. Semester HM: Dichtstoffe und CNC-Fertigung,medium,single_choice,Worauf muss man beim Thema 1K-Schaum in der Praxis besonders achten?,er trägt schwere Bauteile allein im Rahmen der Routine,er ersetzt mechanische Befestigung bei vergleichbaren Aufgaben,er härtet mit Feuchtigkeit aus und füllt Zwischenräume,er ist immer luftdicht ohne Prüfung im konkreten Auftrag,C,Schäume sind Hilfsstoffe und nicht automatisch tragende Befestigungen.,"Bildungsplan Schreiner/in EFZ, VSSM/SBFI; Schullehrplan Schreiner/in EFZ, BWZ Lyss",https://www.vssm.ch/sites/default/files/vssm/berufsbildung/schreiner_efz/bildungsplan_efz.pdf
schreiner,Schreiner/in EFZ,sch_l12,HKB2,L12,6. Semester HM: Dichtstoffe und CNC-Fertigung,hard,single_choice,Welche Aussage zum Thema 1K-Schaum passt fachlich am besten?,er trägt schwere Bauteile allein im normalen Werkstattbetrieb,er ersetzt mechanische Befestigung bei sachgemässer Ausführung,er ist immer luftdicht ohne Prüfung im üblichen Berufsalltag,er härtet mit Feuchtigkeit aus und füllt Zwischenräume,D,Schäume sind Hilfsstoffe und nicht automatisch tragende Befestigungen.,"Bildungsplan Schreiner/in EFZ, VSSM/SBFI; Schullehrplan Schreiner/in EFZ, BWZ Lyss",https://www.vssm.ch/sites/default/files/vssm/berufsbildung/schreiner_efz/bildungsplan_efz.pdf
schreiner,Schreiner/in EFZ,sch_l12,HKB2,L12,6. Semester HM: Dichtstoffe und CNC-Fertigung,easy,single_choice,Welche Aussage beschreibt CNC-Nullpunkt im Schreinerberuf am besten?,er definiert den Bezug für Koordinaten und Bearbeitung,er ist der tiefste Verkaufspreis im Werkstattumfeld,er ersetzt Werkzeugspannung im laufenden Tagesgeschäft,er ist nur eine Farbe im konkreten Auftrag,A,Falsche Nullpunkte führen zu versetzten Bearbeitungen.,"Bildungsplan Schreiner/in EFZ, VSSM/SBFI; Schullehrplan Schreiner/in EFZ, BWZ Lyss",https://www.vssm.ch/sites/default/files/vssm/berufsbildung/schreiner_efz/bildungsplan_efz.pdf
schreiner,Schreiner/in EFZ,sch_l12,HKB2,L12,6. Semester HM: Dichtstoffe und CNC-Fertigung,medium,single_choice,Worauf muss man beim Thema CNC-Nullpunkt in der Praxis besonders achten?,er ist der tiefste Verkaufspreis unter typischen Arbeitsbedingungen,er definiert den Bezug für Koordinaten und Bearbeitung,er ersetzt Werkzeugspannung nach gängiger Praxis,er ist nur eine Farbe im üblichen Berufsalltag,B,Falsche Nullpunkte führen zu versetzten Bearbeitungen.,"Bildungsplan Schreiner/in EFZ, VSSM/SBFI; Schullehrplan Schreiner/in EFZ, BWZ Lyss",https://www.vssm.ch/sites/default/files/vssm/berufsbildung/schreiner_efz/bildungsplan_efz.pdf
schreiner,Schreiner/in EFZ,sch_l12,HKB2,L12,6. Semester HM: Dichtstoffe und CNC-Fertigung,hard,single_choice,Welche Aussage zum Thema CNC-Nullpunkt passt fachlich am besten?,er ist der tiefste Verkaufspreis bei sachgemässem Ablauf,er ersetzt Werkzeugspannung im Produktionsalltag,er definiert den Bezug für Koordinaten und Bearbeitung,er ist nur eine Farbe im Werkstattumfeld,C,Falsche Nullpunkte führen zu versetzten Bearbeitungen.,"Bildungsplan Schreiner/in EFZ, VSSM/SBFI; Schullehrplan Schreiner/in EFZ, BWZ Lyss",https://www.vssm.ch/sites/default/files/vssm/berufsbildung/schreiner_efz/bildungsplan_efz.pdf
schreiner,Schreiner/in EFZ,sch_l12,HKB2,L12,6. Semester HM: Dichtstoffe und CNC-Fertigung,easy,single_choice,Welche Aussage beschreibt Vakuumspanner im Schreinerberuf am besten?,er verklebt Werkstücke dauerhaft bei vergleichbaren Aufgaben,er schneidet das Material im Rahmen der Routine,er misst Lackdicke unter typischen Arbeitsbedingungen,er hält Werkstücke über Unterdruck auf dem Maschinentisch,D,Spannsysteme müssen Werkstück und Bearbeitung sicher halten.,"Bildungsplan Schreiner/in EFZ, VSSM/SBFI; Schullehrplan Schreiner/in EFZ, BWZ Lyss",https://www.vssm.ch/sites/default/files/vssm/berufsbildung/schreiner_efz/bildungsplan_efz.pdf
schreiner,Schreiner/in EFZ,sch_l12,HKB2,L12,6. Semester HM: Dichtstoffe und CNC-Fertigung,medium,single_choice,Worauf muss man beim Thema Vakuumspanner in der Praxis besonders achten?,er hält Werkstücke über Unterdruck auf dem Maschinentisch,er verklebt Werkstücke dauerhaft bei sachgemässer Ausführung,er schneidet das Material im normalen Werkstattbetrieb,er misst Lackdicke bei sachgemässem Ablauf,A,Spannsysteme müssen Werkstück und Bearbeitung sicher halten.,"Bildungsplan Schreiner/in EFZ, VSSM/SBFI; Schullehrplan Schreiner/in EFZ, BWZ Lyss",https://www.vssm.ch/sites/default/files/vssm/berufsbildung/schreiner_efz/bildungsplan_efz.pdf
schreiner,Schreiner/in EFZ,sch_l12,HKB2,L12,6. Semester HM: Dichtstoffe und CNC-Fertigung,hard,single_choice,Welche Aussage zum Thema Vakuumspanner passt fachlich am besten?,er verklebt Werkstücke dauerhaft im laufenden Tagesgeschäft,er hält Werkstücke über Unterdruck auf dem Maschinentisch,er schneidet das Material im konkreten Auftrag,er misst Lackdicke bei vergleichbaren Aufgaben,B,Spannsysteme müssen Werkstück und Bearbeitung sicher halten.,"Bildungsplan Schreiner/in EFZ, VSSM/SBFI; Schullehrplan Schreiner/in EFZ, BWZ Lyss",https://www.vssm.ch/sites/default/files/vssm/berufsbildung/schreiner_efz/bildungsplan_efz.pdf
schreiner,Schreiner/in EFZ,sch_l12,HKB2,L12,6. Semester HM: Dichtstoffe und CNC-Fertigung,easy,single_choice,Welche Aussage beschreibt WOP-Programmierung im Schreinerberuf am besten?,sie ist eine Holzschutzmethode nach gängiger Praxis,sie ersetzt jede Kontrolle bei sachgemässer Ausführung,sie nutzt werkstattorientierte Eingaben statt reinem DIN-Code,sie ist nur für Papierpläne im üblichen Berufsalltag,C,WOP erleichtert CNC-Programmierung in der Schreinerei.,"Bildungsplan Schreiner/in EFZ, VSSM/SBFI; Schullehrplan Schreiner/in EFZ, BWZ Lyss",https://www.vssm.ch/sites/default/files/vssm/berufsbildung/schreiner_efz/bildungsplan_efz.pdf
schreiner,Schreiner/in EFZ,sch_l12,HKB2,L12,6. Semester HM: Dichtstoffe und CNC-Fertigung,medium,single_choice,Worauf muss man beim Thema WOP-Programmierung in der Praxis besonders achten?,sie ist eine Holzschutzmethode im Produktionsalltag,sie ersetzt jede Kontrolle im laufenden Tagesgeschäft,sie ist nur für Papierpläne im Werkstattumfeld,sie nutzt werkstattorientierte Eingaben statt reinem DIN-Code,D,WOP erleichtert CNC-Programmierung in der Schreinerei.,"Bildungsplan Schreiner/in EFZ, VSSM/SBFI; Schullehrplan Schreiner/in EFZ, BWZ Lyss",https://www.vssm.ch/sites/default/files/vssm/berufsbildung/schreiner_efz/bildungsplan_efz.pdf
schreiner,Schreiner/in EFZ,sch_l12,HKB2,L12,6. Semester HM: Dichtstoffe und CNC-Fertigung,hard,single_choice,Welche Aussage zum Thema WOP-Programmierung passt fachlich am besten?,sie nutzt werkstattorientierte Eingaben statt reinem DIN-Code,sie ist eine Holzschutzmethode im Rahmen der Routine,sie ersetzt jede Kontrolle nach gängiger Praxis,sie ist nur für Papierpläne unter typischen Arbeitsbedingungen,A,WOP erleichtert CNC-Programmierung in der Schreinerei.,"Bildungsplan Schreiner/in EFZ, VSSM/SBFI; Schullehrplan Schreiner/in EFZ, BWZ Lyss",https://www.vssm.ch/sites/default/files/vssm/berufsbildung/schreiner_efz/bildungsplan_efz.pdf
schreiner,Schreiner/in EFZ,sch_l12,HKB2,L12,6. Semester HM: Dichtstoffe und CNC-Fertigung,easy,single_choice,Welche Aussage beschreibt Bahnkorrektur im Schreinerberuf am besten?,sie erhöht automatisch Holzfeuchte im normalen Werkstattbetrieb,sie berücksichtigt Werkzeugradius bei Konturbearbeitungen,sie ersetzt Absaugung im Produktionsalltag,sie beschreibt den Lieferweg bei sachgemässem Ablauf,B,Werkzeugradius muss für masshaltige Konturen berücksichtigt werden.,"Bildungsplan Schreiner/in EFZ, VSSM/SBFI; Schullehrplan Schreiner/in EFZ, BWZ Lyss",https://www.vssm.ch/sites/default/files/vssm/berufsbildung/schreiner_efz/bildungsplan_efz.pdf
schreiner,Schreiner/in EFZ,sch_l12,HKB2,L12,6. Semester HM: Dichtstoffe und CNC-Fertigung,medium,single_choice,Worauf muss man beim Thema Bahnkorrektur in der Praxis besonders achten?,sie erhöht automatisch Holzfeuchte im konkreten Auftrag,sie ersetzt Absaugung im Rahmen der Routine,sie berücksichtigt Werkzeugradius bei Konturbearbeitungen,sie beschreibt den Lieferweg bei vergleichbaren Aufgaben,C,Werkzeugradius muss für masshaltige Konturen berücksichtigt werden.,"Bildungsplan Schreiner/in EFZ, VSSM/SBFI; Schullehrplan Schreiner/in EFZ, BWZ Lyss",https://www.vssm.ch/sites/default/files/vssm/berufsbildung/schreiner_efz/bildungsplan_efz.pdf
schreiner,Schreiner/in EFZ,sch_l12,HKB2,L12,6. Semester HM: Dichtstoffe und CNC-Fertigung,hard,single_choice,Welche Aussage zum Thema Bahnkorrektur passt fachlich am besten?,sie erhöht automatisch Holzfeuchte im üblichen Berufsalltag,sie ersetzt Absaugung im normalen Werkstattbetrieb,sie beschreibt den Lieferweg bei sachgemässer Ausführung,sie berücksichtigt Werkzeugradius bei Konturbearbeitungen,D,Werkzeugradius muss für masshaltige Konturen berücksichtigt werden.,"Bildungsplan Schreiner/in EFZ, VSSM/SBFI; Schullehrplan Schreiner/in EFZ, BWZ Lyss",https://www.vssm.ch/sites/default/files/vssm/berufsbildung/schreiner_efz/bildungsplan_efz.pdf
schreiner,Schreiner/in EFZ,sch_l13,HKB1,L13,"7. Semester VP: Baubeschläge, Massaufnahme und Kalkulation",easy,single_choice,Welche Aussage beschreibt Bau-Schiebetür im Schreinerberuf am besten?,"Laufschiene, Laufwagen, Bodenführung und Türgewicht abstimmen",Beschläge erst nach Einbau wählen im Werkstattumfeld,Türgewicht ignorieren im konkreten Auftrag im Produktionsalltag,Führung ohne Toleranzen setzen im laufenden Tagesgeschäft,A,Schiebetürsysteme müssen statisch und funktional passen.,"Bildungsplan Schreiner/in EFZ, VSSM/SBFI; Schullehrplan Schreiner/in EFZ, BWZ Lyss",https://www.vssm.ch/sites/default/files/vssm/berufsbildung/schreiner_efz/bildungsplan_efz.pdf
schreiner,Schreiner/in EFZ,sch_l13,HKB1,L13,"7. Semester VP: Baubeschläge, Massaufnahme und Kalkulation",medium,single_choice,Worauf muss man beim Thema Bau-Schiebetür in der Praxis besonders achten?,Beschläge erst nach Einbau wählen unter typischen Arbeitsbedingungen,"Laufschiene, Laufwagen, Bodenführung und Türgewicht abstimmen",Türgewicht ignorieren im üblichen Berufsalltag,Führung ohne Toleranzen setzen nach gängiger Praxis,B,Schiebetürsysteme müssen statisch und funktional passen.,"Bildungsplan Schreiner/in EFZ, VSSM/SBFI; Schullehrplan Schreiner/in EFZ, BWZ Lyss",https://www.vssm.ch/sites/default/files/vssm/berufsbildung/schreiner_efz/bildungsplan_efz.pdf
schreiner,Schreiner/in EFZ,sch_l13,HKB1,L13,"7. Semester VP: Baubeschläge, Massaufnahme und Kalkulation",hard,single_choice,Welche Aussage zum Thema Bau-Schiebetür passt fachlich am besten?,Beschläge erst nach Einbau wählen bei sachgemässem Ablauf,Türgewicht ignorieren im Werkstattumfeld im normalen Werkstattbetrieb,"Laufschiene, Laufwagen, Bodenführung und Türgewicht abstimmen",Führung ohne Toleranzen setzen im Produktionsalltag,C,Schiebetürsysteme müssen statisch und funktional passen.,"Bildungsplan Schreiner/in EFZ, VSSM/SBFI; Schullehrplan Schreiner/in EFZ, BWZ Lyss",https://www.vssm.ch/sites/default/files/vssm/berufsbildung/schreiner_efz/bildungsplan_efz.pdf
schreiner,Schreiner/in EFZ,sch_l13,HKB1,L13,"7. Semester VP: Baubeschläge, Massaufnahme und Kalkulation",easy,single_choice,Welche Aussage beschreibt Türblattgewicht im Schreinerberuf am besten?,es ist nur für die Farbe relevant,es ersetzt Montageanleitung im Rahmen der Routine,es wird nie berechnet unter typischen Arbeitsbedingungen,es beeinflusst Beschlagwahl und Befestigung,D,Zu schwache Beschläge gefährden Funktion und Sicherheit.,"Bildungsplan Schreiner/in EFZ, VSSM/SBFI; Schullehrplan Schreiner/in EFZ, BWZ Lyss",https://www.vssm.ch/sites/default/files/vssm/berufsbildung/schreiner_efz/bildungsplan_efz.pdf
schreiner,Schreiner/in EFZ,sch_l13,HKB1,L13,"7. Semester VP: Baubeschläge, Massaufnahme und Kalkulation",medium,single_choice,Worauf muss man beim Thema Türblattgewicht in der Praxis besonders achten?,es beeinflusst Beschlagwahl und Befestigung,es ist nur für die Farbe relevant,es ersetzt Montageanleitung im normalen Werkstattbetrieb,es wird nie berechnet bei sachgemässem Ablauf,A,Zu schwache Beschläge gefährden Funktion und Sicherheit.,"Bildungsplan Schreiner/in EFZ, VSSM/SBFI; Schullehrplan Schreiner/in EFZ, BWZ Lyss",https://www.vssm.ch/sites/default/files/vssm/berufsbildung/schreiner_efz/bildungsplan_efz.pdf
schreiner,Schreiner/in EFZ,sch_l13,HKB1,L13,"7. Semester VP: Baubeschläge, Massaufnahme und Kalkulation",hard,single_choice,Welche Aussage zum Thema Türblattgewicht passt fachlich am besten?,es ist nur für die Farbe relevant,es beeinflusst Beschlagwahl und Befestigung,es ersetzt Montageanleitung im konkreten Auftrag,es wird nie berechnet bei vergleichbaren Aufgaben,B,Zu schwache Beschläge gefährden Funktion und Sicherheit.,"Bildungsplan Schreiner/in EFZ, VSSM/SBFI; Schullehrplan Schreiner/in EFZ, BWZ Lyss",https://www.vssm.ch/sites/default/files/vssm/berufsbildung/schreiner_efz/bildungsplan_efz.pdf
schreiner,Schreiner/in EFZ,sch_l13,HKB1,L13,"7. Semester VP: Baubeschläge, Massaufnahme und Kalkulation",easy,single_choice,Welche Aussage beschreibt Fensterbeschlag im Schreinerberuf am besten?,er ist nur ein Dekorelement im üblichen Berufsalltag,er ersetzt die Abdichtung bei sachgemässer Ausführung,"er steuert Öffnung, Verriegelung und Bedienkomfort",er wird unabhängig vom Flügelgewicht gewählt,C,Fensterbeschläge müssen zu Konstruktion und Nutzung passen.,"Bildungsplan Schreiner/in EFZ, VSSM/SBFI; Schullehrplan Schreiner/in EFZ, BWZ Lyss",https://www.vssm.ch/sites/default/files/vssm/berufsbildung/schreiner_efz/bildungsplan_efz.pdf
schreiner,Schreiner/in EFZ,sch_l13,HKB1,L13,"7. Semester VP: Baubeschläge, Massaufnahme und Kalkulation",medium,single_choice,Worauf muss man beim Thema Fensterbeschlag in der Praxis besonders achten?,er ist nur ein Dekorelement im Werkstattumfeld,er ersetzt die Abdichtung im laufenden Tagesgeschäft,er wird unabhängig vom Flügelgewicht gewählt,"er steuert Öffnung, Verriegelung und Bedienkomfort",D,Fensterbeschläge müssen zu Konstruktion und Nutzung passen.,"Bildungsplan Schreiner/in EFZ, VSSM/SBFI; Schullehrplan Schreiner/in EFZ, BWZ Lyss",https://www.vssm.ch/sites/default/files/vssm/berufsbildung/schreiner_efz/bildungsplan_efz.pdf
schreiner,Schreiner/in EFZ,sch_l13,HKB1,L13,"7. Semester VP: Baubeschläge, Massaufnahme und Kalkulation",hard,single_choice,Welche Aussage zum Thema Fensterbeschlag passt fachlich am besten?,"er steuert Öffnung, Verriegelung und Bedienkomfort",er ist nur ein Dekorelement unter typischen Arbeitsbedingungen,er ersetzt die Abdichtung nach gängiger Praxis,er wird unabhängig vom Flügelgewicht gewählt,A,Fensterbeschläge müssen zu Konstruktion und Nutzung passen.,"Bildungsplan Schreiner/in EFZ, VSSM/SBFI; Schullehrplan Schreiner/in EFZ, BWZ Lyss",https://www.vssm.ch/sites/default/files/vssm/berufsbildung/schreiner_efz/bildungsplan_efz.pdf
schreiner,Schreiner/in EFZ,sch_l13,HKB1,L13,"7. Semester VP: Baubeschläge, Massaufnahme und Kalkulation",easy,single_choice,Welche Aussage beschreibt Wetterschenkel im Schreinerberuf am besten?,er speichert Wasser im Rahmen,er leitet Wasser vom Fenster weg,er ersetzt alle Dichtungen,er ist nur für Innentüren,B,Wasserführung ist zentral für dauerhafte Fensterkonstruktionen.,"Bildungsplan Schreiner/in EFZ, VSSM/SBFI; Schullehrplan Schreiner/in EFZ, BWZ Lyss",https://www.vssm.ch/sites/default/files/vssm/berufsbildung/schreiner_efz/bildungsplan_efz.pdf
schreiner,Schreiner/in EFZ,sch_l13,HKB1,L13,"7. Semester VP: Baubeschläge, Massaufnahme und Kalkulation",medium,single_choice,Worauf muss man beim Thema Wetterschenkel in der Praxis besonders achten?,er speichert Wasser im Rahmen,er ersetzt alle Dichtungen,er leitet Wasser vom Fenster weg,er ist nur für Innentüren,C,Wasserführung ist zentral für dauerhafte Fensterkonstruktionen.,"Bildungsplan Schreiner/in EFZ, VSSM/SBFI; Schullehrplan Schreiner/in EFZ, BWZ Lyss",https://www.vssm.ch/sites/default/files/vssm/berufsbildung/schreiner_efz/bildungsplan_efz.pdf
schreiner,Schreiner/in EFZ,sch_l13,HKB1,L13,"7. Semester VP: Baubeschläge, Massaufnahme und Kalkulation",hard,single_choice,Welche Aussage zum Thema Wetterschenkel passt fachlich am besten?,er speichert Wasser im Rahmen,er ersetzt alle Dichtungen,er ist nur für Innentüren,er leitet Wasser vom Fenster weg,D,Wasserführung ist zentral für dauerhafte Fensterkonstruktionen.,"Bildungsplan Schreiner/in EFZ, VSSM/SBFI; Schullehrplan Schreiner/in EFZ, BWZ Lyss",https://www.vssm.ch/sites/default/files/vssm/berufsbildung/schreiner_efz/bildungsplan_efz.pdf
schreiner,Schreiner/in EFZ,sch_l13,HKB1,L13,"7. Semester VP: Baubeschläge, Massaufnahme und Kalkulation",easy,single_choice,Welche Aussage beschreibt Massaufnahme im Schreinerberuf am besten?,"Masse, Winkel, Bezugspunkte und Besonderheiten sauber erfassen",nur ein ungefährer Wert genügt im laufenden Tagesgeschäft,Fotos ersetzen alle Masse im konkreten Auftrag,Winkel werden nie kontrolliert im Werkstattumfeld,A,Gute Massaufnahme verhindert Planungs- und Montagefehler.,"Bildungsplan Schreiner/in EFZ, VSSM/SBFI; Schullehrplan Schreiner/in EFZ, BWZ Lyss",https://www.vssm.ch/sites/default/files/vssm/berufsbildung/schreiner_efz/bildungsplan_efz.pdf
schreiner,Schreiner/in EFZ,sch_l13,HKB1,L13,"7. Semester VP: Baubeschläge, Massaufnahme und Kalkulation",medium,single_choice,Worauf muss man beim Thema Massaufnahme in der Praxis besonders achten?,nur ein ungefährer Wert genügt nach gängiger Praxis,"Masse, Winkel, Bezugspunkte und Besonderheiten sauber erfassen",Fotos ersetzen alle Masse im üblichen Berufsalltag,Winkel werden nie kontrolliert unter typischen Arbeitsbedingungen,B,Gute Massaufnahme verhindert Planungs- und Montagefehler.,"Bildungsplan Schreiner/in EFZ, VSSM/SBFI; Schullehrplan Schreiner/in EFZ, BWZ Lyss",https://www.vssm.ch/sites/default/files/vssm/berufsbildung/schreiner_efz/bildungsplan_efz.pdf
schreiner,Schreiner/in EFZ,sch_l13,HKB1,L13,"7. Semester VP: Baubeschläge, Massaufnahme und Kalkulation",hard,single_choice,Welche Aussage zum Thema Massaufnahme passt fachlich am besten?,nur ein ungefährer Wert genügt im Produktionsalltag,Fotos ersetzen alle Masse im Werkstattumfeld,"Masse, Winkel, Bezugspunkte und Besonderheiten sauber erfassen",Winkel werden nie kontrolliert bei sachgemässem Ablauf,C,Gute Massaufnahme verhindert Planungs- und Montagefehler.,"Bildungsplan Schreiner/in EFZ, VSSM/SBFI; Schullehrplan Schreiner/in EFZ, BWZ Lyss",https://www.vssm.ch/sites/default/files/vssm/berufsbildung/schreiner_efz/bildungsplan_efz.pdf
schreiner,Schreiner/in EFZ,sch_l13,HKB1,L13,"7. Semester VP: Baubeschläge, Massaufnahme und Kalkulation",easy,single_choice,Welche Aussage beschreibt Meterriss im Schreinerberuf am besten?,er zeigt den Holzpreis unter typischen Arbeitsbedingungen,er ist eine Oberflächenprobe bei vergleichbaren Aufgaben,er ersetzt den Bauplan im Rahmen der Routine,er dient als Höhenbezug auf der Baustelle,D,Höhenbezüge sind für Montage und Kotierung wesentlich.,"Bildungsplan Schreiner/in EFZ, VSSM/SBFI; Schullehrplan Schreiner/in EFZ, BWZ Lyss",https://www.vssm.ch/sites/default/files/vssm/berufsbildung/schreiner_efz/bildungsplan_efz.pdf
schreiner,Schreiner/in EFZ,sch_l13,HKB1,L13,"7. Semester VP: Baubeschläge, Massaufnahme und Kalkulation",medium,single_choice,Worauf muss man beim Thema Meterriss in der Praxis besonders achten?,er dient als Höhenbezug auf der Baustelle,er zeigt den Holzpreis bei sachgemässem Ablauf,er ist eine Oberflächenprobe bei sachgemässer Ausführung,er ersetzt den Bauplan im normalen Werkstattbetrieb,A,Höhenbezüge sind für Montage und Kotierung wesentlich.,"Bildungsplan Schreiner/in EFZ, VSSM/SBFI; Schullehrplan Schreiner/in EFZ, BWZ Lyss",https://www.vssm.ch/sites/default/files/vssm/berufsbildung/schreiner_efz/bildungsplan_efz.pdf
schreiner,Schreiner/in EFZ,sch_l13,HKB1,L13,"7. Semester VP: Baubeschläge, Massaufnahme und Kalkulation",hard,single_choice,Welche Aussage zum Thema Meterriss passt fachlich am besten?,er zeigt den Holzpreis bei vergleichbaren Aufgaben,er dient als Höhenbezug auf der Baustelle,er ist eine Oberflächenprobe im laufenden Tagesgeschäft,er ersetzt den Bauplan im konkreten Auftrag,B,Höhenbezüge sind für Montage und Kotierung wesentlich.,"Bildungsplan Schreiner/in EFZ, VSSM/SBFI; Schullehrplan Schreiner/in EFZ, BWZ Lyss",https://www.vssm.ch/sites/default/files/vssm/berufsbildung/schreiner_efz/bildungsplan_efz.pdf
schreiner,Schreiner/in EFZ,sch_l13,HKB1,L13,"7. Semester VP: Baubeschläge, Massaufnahme und Kalkulation",easy,single_choice,Welche Aussage beschreibt Winkelkontrolle im Schreinerberuf am besten?,sie bestimmt Lackmenge bei sachgemässer Ausführung,sie ersetzt die Diagonalmessung immer,"sie prüft, ob Räume oder Öffnungen rechtwinklig sind",sie ist nur im Büro nötig im üblichen Berufsalltag,C,"Abweichungen beeinflussen Zuschnitt, Fugen und Montage.","Bildungsplan Schreiner/in EFZ, VSSM/SBFI; Schullehrplan Schreiner/in EFZ, BWZ Lyss",https://www.vssm.ch/sites/default/files/vssm/berufsbildung/schreiner_efz/bildungsplan_efz.pdf
schreiner,Schreiner/in EFZ,sch_l13,HKB1,L13,"7. Semester VP: Baubeschläge, Massaufnahme und Kalkulation",medium,single_choice,Worauf muss man beim Thema Winkelkontrolle in der Praxis besonders achten?,sie bestimmt Lackmenge im laufenden Tagesgeschäft,sie ersetzt die Diagonalmessung immer,sie ist nur im Büro nötig im Werkstattumfeld,"sie prüft, ob Räume oder Öffnungen rechtwinklig sind",D,"Abweichungen beeinflussen Zuschnitt, Fugen und Montage.","Bildungsplan Schreiner/in EFZ, VSSM/SBFI; Schullehrplan Schreiner/in EFZ, BWZ Lyss",https://www.vssm.ch/sites/default/files/vssm/berufsbildung/schreiner_efz/bildungsplan_efz.pdf
schreiner,Schreiner/in EFZ,sch_l13,HKB1,L13,"7. Semester VP: Baubeschläge, Massaufnahme und Kalkulation",hard,single_choice,Welche Aussage zum Thema Winkelkontrolle passt fachlich am besten?,"sie prüft, ob Räume oder Öffnungen rechtwinklig sind",sie bestimmt Lackmenge nach gängiger Praxis,sie ersetzt die Diagonalmessung immer,sie ist nur im Büro nötig unter typischen Arbeitsbedingungen,A,"Abweichungen beeinflussen Zuschnitt, Fugen und Montage.","Bildungsplan Schreiner/in EFZ, VSSM/SBFI; Schullehrplan Schreiner/in EFZ, BWZ Lyss",https://www.vssm.ch/sites/default/files/vssm/berufsbildung/schreiner_efz/bildungsplan_efz.pdf
schreiner,Schreiner/in EFZ,sch_l13,HKB1,L13,"7. Semester VP: Baubeschläge, Massaufnahme und Kalkulation",easy,single_choice,Welche Aussage beschreibt Kostenarten im Schreinerberuf am besten?,nur Schrauben zählen im Produktionsalltag bei sachgemässer Ausführung,"Material, Lohn, Gemeinkosten, Risiko, Gewinn und MwSt berücksichtigen",Arbeitszeit nie bewerten im normalen Werkstattbetrieb,MwSt immer weglassen bei sachgemässem Ablauf im üblichen Berufsalltag,B,Kalkulation braucht vollständige Kostenbestandteile.,"Bildungsplan Schreiner/in EFZ, VSSM/SBFI; Schullehrplan Schreiner/in EFZ, BWZ Lyss",https://www.vssm.ch/sites/default/files/vssm/berufsbildung/schreiner_efz/bildungsplan_efz.pdf
schreiner,Schreiner/in EFZ,sch_l13,HKB1,L13,"7. Semester VP: Baubeschläge, Massaufnahme und Kalkulation",medium,single_choice,Worauf muss man beim Thema Kostenarten in der Praxis besonders achten?,nur Schrauben zählen im Rahmen der Routine im laufenden Tagesgeschäft,Arbeitszeit nie bewerten im konkreten Auftrag im Werkstattumfeld,"Material, Lohn, Gemeinkosten, Risiko, Gewinn und MwSt berücksichtigen",MwSt immer weglassen bei vergleichbaren Aufgaben im Produktionsalltag,C,Kalkulation braucht vollständige Kostenbestandteile.,"Bildungsplan Schreiner/in EFZ, VSSM/SBFI; Schullehrplan Schreiner/in EFZ, BWZ Lyss",https://www.vssm.ch/sites/default/files/vssm/berufsbildung/schreiner_efz/bildungsplan_efz.pdf
schreiner,Schreiner/in EFZ,sch_l13,HKB1,L13,"7. Semester VP: Baubeschläge, Massaufnahme und Kalkulation",hard,single_choice,Welche Aussage zum Thema Kostenarten passt fachlich am besten?,nur Schrauben zählen im normalen Werkstattbetrieb,Arbeitszeit nie bewerten im üblichen Berufsalltag,MwSt immer weglassen bei sachgemässer Ausführung nach gängiger Praxis,"Material, Lohn, Gemeinkosten, Risiko, Gewinn und MwSt berücksichtigen",D,Kalkulation braucht vollständige Kostenbestandteile.,"Bildungsplan Schreiner/in EFZ, VSSM/SBFI; Schullehrplan Schreiner/in EFZ, BWZ Lyss",https://www.vssm.ch/sites/default/files/vssm/berufsbildung/schreiner_efz/bildungsplan_efz.pdf
schreiner,Schreiner/in EFZ,sch_l13,HKB1,L13,"7. Semester VP: Baubeschläge, Massaufnahme und Kalkulation",easy,single_choice,Welche Aussage beschreibt Verschnitt im Schreinerberuf am besten?,er ist Materialverlust oder Zuschlag bei Zuschnitt und Bearbeitung,er ist immer null im konkreten Auftrag im Produktionsalltag,er ersetzt den Gewinn im laufenden Tagesgeschäft bei sachgemässem Ablauf,er beschreibt nur Transportzeit im Werkstattumfeld,A,Verschnitt beeinflusst Materialbedarf und Kosten.,"Bildungsplan Schreiner/in EFZ, VSSM/SBFI; Schullehrplan Schreiner/in EFZ, BWZ Lyss",https://www.vssm.ch/sites/default/files/vssm/berufsbildung/schreiner_efz/bildungsplan_efz.pdf
schreiner,Schreiner/in EFZ,sch_l13,HKB1,L13,"7. Semester VP: Baubeschläge, Massaufnahme und Kalkulation",medium,single_choice,Worauf muss man beim Thema Verschnitt in der Praxis besonders achten?,er ist immer null im üblichen Berufsalltag im Rahmen der Routine,er ist Materialverlust oder Zuschlag bei Zuschnitt und Bearbeitung,er ersetzt den Gewinn nach gängiger Praxis bei vergleichbaren Aufgaben,er beschreibt nur Transportzeit unter typischen Arbeitsbedingungen,B,Verschnitt beeinflusst Materialbedarf und Kosten.,"Bildungsplan Schreiner/in EFZ, VSSM/SBFI; Schullehrplan Schreiner/in EFZ, BWZ Lyss",https://www.vssm.ch/sites/default/files/vssm/berufsbildung/schreiner_efz/bildungsplan_efz.pdf
schreiner,Schreiner/in EFZ,sch_l13,HKB1,L13,"7. Semester VP: Baubeschläge, Massaufnahme und Kalkulation",hard,single_choice,Welche Aussage zum Thema Verschnitt passt fachlich am besten?,er ist immer null im Werkstattumfeld im normalen Werkstattbetrieb,er ersetzt den Gewinn im Produktionsalltag bei sachgemässer Ausführung,er ist Materialverlust oder Zuschlag bei Zuschnitt und Bearbeitung,er beschreibt nur Transportzeit bei sachgemässem Ablauf,C,Verschnitt beeinflusst Materialbedarf und Kosten.,"Bildungsplan Schreiner/in EFZ, VSSM/SBFI; Schullehrplan Schreiner/in EFZ, BWZ Lyss",https://www.vssm.ch/sites/default/files/vssm/berufsbildung/schreiner_efz/bildungsplan_efz.pdf
schreiner,Schreiner/in EFZ,sch_l13,HKB1,L13,"7. Semester VP: Baubeschläge, Massaufnahme und Kalkulation",easy,single_choice,Welche Aussage beschreibt Regielohn im Schreinerberuf am besten?,er ist ein Fixpreis ohne Stunden,er ist eine Holzart unter typischen Arbeitsbedingungen,er ersetzt Materialkosten im Rahmen der Routine,er verrechnet Arbeit nach effektivem Aufwand,D,"Regiearbeiten werden über Zeit, Material und Ansätze nachvollziehbar abgerechnet.","Bildungsplan Schreiner/in EFZ, VSSM/SBFI; Schullehrplan Schreiner/in EFZ, BWZ Lyss",https://www.vssm.ch/sites/default/files/vssm/berufsbildung/schreiner_efz/bildungsplan_efz.pdf
schreiner,Schreiner/in EFZ,sch_l13,HKB1,L13,"7. Semester VP: Baubeschläge, Massaufnahme und Kalkulation",medium,single_choice,Worauf muss man beim Thema Regielohn in der Praxis besonders achten?,er verrechnet Arbeit nach effektivem Aufwand,er ist ein Fixpreis ohne Stunden,er ist eine Holzart bei sachgemässem Ablauf,er ersetzt Materialkosten im normalen Werkstattbetrieb,A,"Regiearbeiten werden über Zeit, Material und Ansätze nachvollziehbar abgerechnet.","Bildungsplan Schreiner/in EFZ, VSSM/SBFI; Schullehrplan Schreiner/in EFZ, BWZ Lyss",https://www.vssm.ch/sites/default/files/vssm/berufsbildung/schreiner_efz/bildungsplan_efz.pdf
schreiner,Schreiner/in EFZ,sch_l13,HKB1,L13,"7. Semester VP: Baubeschläge, Massaufnahme und Kalkulation",hard,single_choice,Welche Aussage zum Thema Regielohn passt fachlich am besten?,er ist ein Fixpreis ohne Stunden,er verrechnet Arbeit nach effektivem Aufwand,er ist eine Holzart bei vergleichbaren Aufgaben,er ersetzt Materialkosten im konkreten Auftrag,B,"Regiearbeiten werden über Zeit, Material und Ansätze nachvollziehbar abgerechnet.","Bildungsplan Schreiner/in EFZ, VSSM/SBFI; Schullehrplan Schreiner/in EFZ, BWZ Lyss",https://www.vssm.ch/sites/default/files/vssm/berufsbildung/schreiner_efz/bildungsplan_efz.pdf
schreiner,Schreiner/in EFZ,sch_l14,HKB5,L14,"7. Semester HM: Oberflächensysteme, Glas und Bauphysik",easy,single_choice,Welche Aussage beschreibt Lacküberzug im Schreinerberuf am besten?,er misst die Holzfeuchte im üblichen Berufsalltag,er ersetzt Schleifen vollständig nach gängiger Praxis,er bildet einen Schutz- und Gestaltungsfilm auf der Oberfläche,er ist immer unsichtbar bei sachgemässer Ausführung,C,"Lacke schützen und gestalten, benötigen aber passende Vorbereitung.","Bildungsplan Schreiner/in EFZ, VSSM/SBFI; Schullehrplan Schreiner/in EFZ, BWZ Lyss",https://www.vssm.ch/sites/default/files/vssm/berufsbildung/schreiner_efz/bildungsplan_efz.pdf
schreiner,Schreiner/in EFZ,sch_l14,HKB5,L14,"7. Semester HM: Oberflächensysteme, Glas und Bauphysik",medium,single_choice,Worauf muss man beim Thema Lacküberzug in der Praxis besonders achten?,er misst die Holzfeuchte im Werkstattumfeld bei sachgemässem Ablauf,er ersetzt Schleifen vollständig im Produktionsalltag,er ist immer unsichtbar im laufenden Tagesgeschäft,er bildet einen Schutz- und Gestaltungsfilm auf der Oberfläche,D,"Lacke schützen und gestalten, benötigen aber passende Vorbereitung.","Bildungsplan Schreiner/in EFZ, VSSM/SBFI; Schullehrplan Schreiner/in EFZ, BWZ Lyss",https://www.vssm.ch/sites/default/files/vssm/berufsbildung/schreiner_efz/bildungsplan_efz.pdf
schreiner,Schreiner/in EFZ,sch_l14,HKB5,L14,"7. Semester HM: Oberflächensysteme, Glas und Bauphysik",hard,single_choice,Welche Aussage zum Thema Lacküberzug passt fachlich am besten?,er bildet einen Schutz- und Gestaltungsfilm auf der Oberfläche,er misst die Holzfeuchte unter typischen Arbeitsbedingungen,er ersetzt Schleifen vollständig im Rahmen der Routine,er ist immer unsichtbar nach gängiger Praxis,A,"Lacke schützen und gestalten, benötigen aber passende Vorbereitung.","Bildungsplan Schreiner/in EFZ, VSSM/SBFI; Schullehrplan Schreiner/in EFZ, BWZ Lyss",https://www.vssm.ch/sites/default/files/vssm/berufsbildung/schreiner_efz/bildungsplan_efz.pdf
schreiner,Schreiner/in EFZ,sch_l14,HKB5,L14,"7. Semester HM: Oberflächensysteme, Glas und Bauphysik",easy,single_choice,Welche Aussage beschreibt Öloberfläche im Schreinerberuf am besten?,sie bildet immer eine dicke Plastikschicht,sie dringt ein und betont oft die Holzstruktur,sie ist nie pflegebedürftig im Produktionsalltag,sie ersetzt Holzschutz überall bei sachgemässem Ablauf,B,Öle haben andere Schutz- und Pflegeeigenschaften als Lacke.,"Bildungsplan Schreiner/in EFZ, VSSM/SBFI; Schullehrplan Schreiner/in EFZ, BWZ Lyss",https://www.vssm.ch/sites/default/files/vssm/berufsbildung/schreiner_efz/bildungsplan_efz.pdf
schreiner,Schreiner/in EFZ,sch_l14,HKB5,L14,"7. Semester HM: Oberflächensysteme, Glas und Bauphysik",medium,single_choice,Worauf muss man beim Thema Öloberfläche in der Praxis besonders achten?,sie bildet immer eine dicke Plastikschicht,sie ist nie pflegebedürftig im Rahmen der Routine,sie dringt ein und betont oft die Holzstruktur,sie ersetzt Holzschutz überall bei vergleichbaren Aufgaben,C,Öle haben andere Schutz- und Pflegeeigenschaften als Lacke.,"Bildungsplan Schreiner/in EFZ, VSSM/SBFI; Schullehrplan Schreiner/in EFZ, BWZ Lyss",https://www.vssm.ch/sites/default/files/vssm/berufsbildung/schreiner_efz/bildungsplan_efz.pdf
schreiner,Schreiner/in EFZ,sch_l14,HKB5,L14,"7. Semester HM: Oberflächensysteme, Glas und Bauphysik",hard,single_choice,Welche Aussage zum Thema Öloberfläche passt fachlich am besten?,sie bildet immer eine dicke Plastikschicht,sie ist nie pflegebedürftig im normalen Werkstattbetrieb,sie ersetzt Holzschutz überall bei sachgemässer Ausführung,sie dringt ein und betont oft die Holzstruktur,D,Öle haben andere Schutz- und Pflegeeigenschaften als Lacke.,"Bildungsplan Schreiner/in EFZ, VSSM/SBFI; Schullehrplan Schreiner/in EFZ, BWZ Lyss",https://www.vssm.ch/sites/default/files/vssm/berufsbildung/schreiner_efz/bildungsplan_efz.pdf
schreiner,Schreiner/in EFZ,sch_l14,HKB5,L14,"7. Semester HM: Oberflächensysteme, Glas und Bauphysik",easy,single_choice,Welche Aussage beschreibt Glanzgrad im Schreinerberuf am besten?,er beschreibt die Lichtreflexion einer Oberfläche,er ist die Holzart im konkreten Auftrag,er misst die Rohdichte im laufenden Tagesgeschäft,er bestimmt nur Schraubenlängen im Werkstattumfeld,A,Glanzgrade beeinflussen Optik und Wahrnehmung von Oberflächenfehlern.,"Bildungsplan Schreiner/in EFZ, VSSM/SBFI; Schullehrplan Schreiner/in EFZ, BWZ Lyss",https://www.vssm.ch/sites/default/files/vssm/berufsbildung/schreiner_efz/bildungsplan_efz.pdf
schreiner,Schreiner/in EFZ,sch_l14,HKB5,L14,"7. Semester HM: Oberflächensysteme, Glas und Bauphysik",medium,single_choice,Worauf muss man beim Thema Glanzgrad in der Praxis besonders achten?,er ist die Holzart im üblichen Berufsalltag,er beschreibt die Lichtreflexion einer Oberfläche,er misst die Rohdichte nach gängiger Praxis,er bestimmt nur Schraubenlängen unter typischen Arbeitsbedingungen,B,Glanzgrade beeinflussen Optik und Wahrnehmung von Oberflächenfehlern.,"Bildungsplan Schreiner/in EFZ, VSSM/SBFI; Schullehrplan Schreiner/in EFZ, BWZ Lyss",https://www.vssm.ch/sites/default/files/vssm/berufsbildung/schreiner_efz/bildungsplan_efz.pdf
schreiner,Schreiner/in EFZ,sch_l14,HKB5,L14,"7. Semester HM: Oberflächensysteme, Glas und Bauphysik",hard,single_choice,Welche Aussage zum Thema Glanzgrad passt fachlich am besten?,er ist die Holzart im Werkstattumfeld,er misst die Rohdichte im Produktionsalltag,er beschreibt die Lichtreflexion einer Oberfläche,er bestimmt nur Schraubenlängen bei sachgemässem Ablauf,C,Glanzgrade beeinflussen Optik und Wahrnehmung von Oberflächenfehlern.,"Bildungsplan Schreiner/in EFZ, VSSM/SBFI; Schullehrplan Schreiner/in EFZ, BWZ Lyss",https://www.vssm.ch/sites/default/files/vssm/berufsbildung/schreiner_efz/bildungsplan_efz.pdf
schreiner,Schreiner/in EFZ,sch_l14,HKB5,L14,"7. Semester HM: Oberflächensysteme, Glas und Bauphysik",easy,single_choice,Welche Aussage beschreibt Airless-Spritzen im Schreinerberuf am besten?,es ist ein Handschleifverfahren im Rahmen der Routine,es wird nur für Glaszuschnitt genutzt bei vergleichbaren Aufgaben,es ersetzt Atemschutz immer unter typischen Arbeitsbedingungen,Material wird ohne Zerstäuberluft mit hohem Druck aufgetragen,D,"Spritzverfahren unterscheiden sich in Technik, Auftrag und Schutzmassnahmen.","Bildungsplan Schreiner/in EFZ, VSSM/SBFI; Schullehrplan Schreiner/in EFZ, BWZ Lyss",https://www.vssm.ch/sites/default/files/vssm/berufsbildung/schreiner_efz/bildungsplan_efz.pdf
schreiner,Schreiner/in EFZ,sch_l14,HKB5,L14,"7. Semester HM: Oberflächensysteme, Glas und Bauphysik",medium,single_choice,Worauf muss man beim Thema Airless-Spritzen in der Praxis besonders achten?,Material wird ohne Zerstäuberluft mit hohem Druck aufgetragen,es ist ein Handschleifverfahren im normalen Werkstattbetrieb,es wird nur für Glaszuschnitt genutzt bei sachgemässer Ausführung,es ersetzt Atemschutz immer bei sachgemässem Ablauf,A,"Spritzverfahren unterscheiden sich in Technik, Auftrag und Schutzmassnahmen.","Bildungsplan Schreiner/in EFZ, VSSM/SBFI; Schullehrplan Schreiner/in EFZ, BWZ Lyss",https://www.vssm.ch/sites/default/files/vssm/berufsbildung/schreiner_efz/bildungsplan_efz.pdf
schreiner,Schreiner/in EFZ,sch_l14,HKB5,L14,"7. Semester HM: Oberflächensysteme, Glas und Bauphysik",hard,single_choice,Welche Aussage zum Thema Airless-Spritzen passt fachlich am besten?,es ist ein Handschleifverfahren im konkreten Auftrag,Material wird ohne Zerstäuberluft mit hohem Druck aufgetragen,es wird nur für Glaszuschnitt genutzt im laufenden Tagesgeschäft,es ersetzt Atemschutz immer bei vergleichbaren Aufgaben,B,"Spritzverfahren unterscheiden sich in Technik, Auftrag und Schutzmassnahmen.","Bildungsplan Schreiner/in EFZ, VSSM/SBFI; Schullehrplan Schreiner/in EFZ, BWZ Lyss",https://www.vssm.ch/sites/default/files/vssm/berufsbildung/schreiner_efz/bildungsplan_efz.pdf
schreiner,Schreiner/in EFZ,sch_l14,HKB5,L14,"7. Semester HM: Oberflächensysteme, Glas und Bauphysik",easy,single_choice,Welche Aussage beschreibt Floatglas im Schreinerberuf am besten?,es wird aus Holzfasern gepresst nach gängiger Praxis,es ist immer Drahtglas bei sachgemässer Ausführung unter typischen Arbeitsbedingungen,es entsteht auf einem flüssigen Zinnbad mit sehr ebener Oberfläche,es wird nur gesägt wie Holz im üblichen Berufsalltag,C,Floatglas ist die Basis vieler moderner Glasprodukte.,"Bildungsplan Schreiner/in EFZ, VSSM/SBFI; Schullehrplan Schreiner/in EFZ, BWZ Lyss",https://www.vssm.ch/sites/default/files/vssm/berufsbildung/schreiner_efz/bildungsplan_efz.pdf
schreiner,Schreiner/in EFZ,sch_l14,HKB5,L14,"7. Semester HM: Oberflächensysteme, Glas und Bauphysik",medium,single_choice,Worauf muss man beim Thema Floatglas in der Praxis besonders achten?,es wird aus Holzfasern gepresst im Produktionsalltag,es ist immer Drahtglas im laufenden Tagesgeschäft,es wird nur gesägt wie Holz im Werkstattumfeld bei sachgemässem Ablauf,es entsteht auf einem flüssigen Zinnbad mit sehr ebener Oberfläche,D,Floatglas ist die Basis vieler moderner Glasprodukte.,"Bildungsplan Schreiner/in EFZ, VSSM/SBFI; Schullehrplan Schreiner/in EFZ, BWZ Lyss",https://www.vssm.ch/sites/default/files/vssm/berufsbildung/schreiner_efz/bildungsplan_efz.pdf
schreiner,Schreiner/in EFZ,sch_l14,HKB5,L14,"7. Semester HM: Oberflächensysteme, Glas und Bauphysik",hard,single_choice,Welche Aussage zum Thema Floatglas passt fachlich am besten?,es entsteht auf einem flüssigen Zinnbad mit sehr ebener Oberfläche,es wird aus Holzfasern gepresst im Rahmen der Routine,es ist immer Drahtglas nach gängiger Praxis bei vergleichbaren Aufgaben,es wird nur gesägt wie Holz unter typischen Arbeitsbedingungen,A,Floatglas ist die Basis vieler moderner Glasprodukte.,"Bildungsplan Schreiner/in EFZ, VSSM/SBFI; Schullehrplan Schreiner/in EFZ, BWZ Lyss",https://www.vssm.ch/sites/default/files/vssm/berufsbildung/schreiner_efz/bildungsplan_efz.pdf
schreiner,Schreiner/in EFZ,sch_l14,HKB5,L14,"7. Semester HM: Oberflächensysteme, Glas und Bauphysik",easy,single_choice,Welche Aussage beschreibt ESG im Schreinerberuf am besten?,es bricht immer in grosse Scherben im normalen Werkstattbetrieb,es ist thermisch vorgespanntes Einscheibensicherheitsglas,es ist ein Klebstoff im Produktionsalltag,es ist eine Holzwerkstoffplatte bei sachgemässem Ablauf,B,ESG hat besondere Bruch- und Festigkeitseigenschaften.,"Bildungsplan Schreiner/in EFZ, VSSM/SBFI; Schullehrplan Schreiner/in EFZ, BWZ Lyss",https://www.vssm.ch/sites/default/files/vssm/berufsbildung/schreiner_efz/bildungsplan_efz.pdf
schreiner,Schreiner/in EFZ,sch_l14,HKB5,L14,"7. Semester HM: Oberflächensysteme, Glas und Bauphysik",medium,single_choice,Worauf muss man beim Thema ESG in der Praxis besonders achten?,es bricht immer in grosse Scherben im konkreten Auftrag,es ist ein Klebstoff im Rahmen der Routine,es ist thermisch vorgespanntes Einscheibensicherheitsglas,es ist eine Holzwerkstoffplatte bei vergleichbaren Aufgaben,C,ESG hat besondere Bruch- und Festigkeitseigenschaften.,"Bildungsplan Schreiner/in EFZ, VSSM/SBFI; Schullehrplan Schreiner/in EFZ, BWZ Lyss",https://www.vssm.ch/sites/default/files/vssm/berufsbildung/schreiner_efz/bildungsplan_efz.pdf
schreiner,Schreiner/in EFZ,sch_l14,HKB5,L14,"7. Semester HM: Oberflächensysteme, Glas und Bauphysik",hard,single_choice,Welche Aussage zum Thema ESG passt fachlich am besten?,es bricht immer in grosse Scherben im üblichen Berufsalltag,es ist ein Klebstoff im normalen Werkstattbetrieb,es ist eine Holzwerkstoffplatte bei sachgemässer Ausführung,es ist thermisch vorgespanntes Einscheibensicherheitsglas,D,ESG hat besondere Bruch- und Festigkeitseigenschaften.,"Bildungsplan Schreiner/in EFZ, VSSM/SBFI; Schullehrplan Schreiner/in EFZ, BWZ Lyss",https://www.vssm.ch/sites/default/files/vssm/berufsbildung/schreiner_efz/bildungsplan_efz.pdf
schreiner,Schreiner/in EFZ,sch_l14,HKB5,L14,"7. Semester HM: Oberflächensysteme, Glas und Bauphysik",easy,single_choice,Welche Aussage beschreibt VSG im Schreinerberuf am besten?,es besteht aus Scheiben mit reissfester Zwischenfolie,es ist immer einschichtig im konkreten Auftrag,es hat keine Sicherheitsfunktion im Werkstattumfeld,es besteht aus MDF und Lack im laufenden Tagesgeschäft,A,VSG bindet Bruchstücke und erhöht Sicherheit.,"Bildungsplan Schreiner/in EFZ, VSSM/SBFI; Schullehrplan Schreiner/in EFZ, BWZ Lyss",https://www.vssm.ch/sites/default/files/vssm/berufsbildung/schreiner_efz/bildungsplan_efz.pdf
schreiner,Schreiner/in EFZ,sch_l14,HKB5,L14,"7. Semester HM: Oberflächensysteme, Glas und Bauphysik",medium,single_choice,Worauf muss man beim Thema VSG in der Praxis besonders achten?,es ist immer einschichtig im üblichen Berufsalltag,es besteht aus Scheiben mit reissfester Zwischenfolie,es hat keine Sicherheitsfunktion unter typischen Arbeitsbedingungen,es besteht aus MDF und Lack nach gängiger Praxis,B,VSG bindet Bruchstücke und erhöht Sicherheit.,"Bildungsplan Schreiner/in EFZ, VSSM/SBFI; Schullehrplan Schreiner/in EFZ, BWZ Lyss",https://www.vssm.ch/sites/default/files/vssm/berufsbildung/schreiner_efz/bildungsplan_efz.pdf
schreiner,Schreiner/in EFZ,sch_l14,HKB5,L14,"7. Semester HM: Oberflächensysteme, Glas und Bauphysik",hard,single_choice,Welche Aussage zum Thema VSG passt fachlich am besten?,es ist immer einschichtig im Werkstattumfeld,es hat keine Sicherheitsfunktion bei sachgemässem Ablauf,es besteht aus Scheiben mit reissfester Zwischenfolie,es besteht aus MDF und Lack im Produktionsalltag,C,VSG bindet Bruchstücke und erhöht Sicherheit.,"Bildungsplan Schreiner/in EFZ, VSSM/SBFI; Schullehrplan Schreiner/in EFZ, BWZ Lyss",https://www.vssm.ch/sites/default/files/vssm/berufsbildung/schreiner_efz/bildungsplan_efz.pdf
schreiner,Schreiner/in EFZ,sch_l14,HKB5,L14,"7. Semester HM: Oberflächensysteme, Glas und Bauphysik",easy,single_choice,Welche Aussage beschreibt U-Wert im Schreinerberuf am besten?,er misst Schallhöhe unter typischen Arbeitsbedingungen,er ist die Schraubenfestigkeit bei vergleichbaren Aufgaben,er zeigt die Lackfarbe im Rahmen der Routine,er beschreibt den Wärmedurchgang durch ein Bauteil,D,Kleinere U-Werte bedeuten in der Regel bessere Wärmedämmung.,"Bildungsplan Schreiner/in EFZ, VSSM/SBFI; Schullehrplan Schreiner/in EFZ, BWZ Lyss",https://www.vssm.ch/sites/default/files/vssm/berufsbildung/schreiner_efz/bildungsplan_efz.pdf
schreiner,Schreiner/in EFZ,sch_l14,HKB5,L14,"7. Semester HM: Oberflächensysteme, Glas und Bauphysik",medium,single_choice,Worauf muss man beim Thema U-Wert in der Praxis besonders achten?,er beschreibt den Wärmedurchgang durch ein Bauteil,er misst Schallhöhe bei sachgemässem Ablauf,er ist die Schraubenfestigkeit bei sachgemässer Ausführung,er zeigt die Lackfarbe im normalen Werkstattbetrieb,A,Kleinere U-Werte bedeuten in der Regel bessere Wärmedämmung.,"Bildungsplan Schreiner/in EFZ, VSSM/SBFI; Schullehrplan Schreiner/in EFZ, BWZ Lyss",https://www.vssm.ch/sites/default/files/vssm/berufsbildung/schreiner_efz/bildungsplan_efz.pdf
schreiner,Schreiner/in EFZ,sch_l14,HKB5,L14,"7. Semester HM: Oberflächensysteme, Glas und Bauphysik",hard,single_choice,Welche Aussage zum Thema U-Wert passt fachlich am besten?,er misst Schallhöhe bei vergleichbaren Aufgaben,er beschreibt den Wärmedurchgang durch ein Bauteil,er ist die Schraubenfestigkeit im laufenden Tagesgeschäft,er zeigt die Lackfarbe im konkreten Auftrag,B,Kleinere U-Werte bedeuten in der Regel bessere Wärmedämmung.,"Bildungsplan Schreiner/in EFZ, VSSM/SBFI; Schullehrplan Schreiner/in EFZ, BWZ Lyss",https://www.vssm.ch/sites/default/files/vssm/berufsbildung/schreiner_efz/bildungsplan_efz.pdf
schreiner,Schreiner/in EFZ,sch_l14,HKB5,L14,"7. Semester HM: Oberflächensysteme, Glas und Bauphysik",easy,single_choice,Welche Aussage beschreibt SD-Wert im Schreinerberuf am besten?,er ist eine Glasdicke bei sachgemässer Ausführung,er berechnet Türgewicht im üblichen Berufsalltag,er beschreibt den diffusionsäquivalenten Luftschichtwiderstand,er misst Oberflächenglanz nach gängiger Praxis unter typischen Arbeitsbedingungen,C,SD-Werte sind wichtig für Dampfbremse und Feuchteschutz.,"Bildungsplan Schreiner/in EFZ, VSSM/SBFI; Schullehrplan Schreiner/in EFZ, BWZ Lyss",https://www.vssm.ch/sites/default/files/vssm/berufsbildung/schreiner_efz/bildungsplan_efz.pdf
schreiner,Schreiner/in EFZ,sch_l14,HKB5,L14,"7. Semester HM: Oberflächensysteme, Glas und Bauphysik",medium,single_choice,Worauf muss man beim Thema SD-Wert in der Praxis besonders achten?,er ist eine Glasdicke im laufenden Tagesgeschäft,er berechnet Türgewicht im Werkstattumfeld bei sachgemässem Ablauf,er misst Oberflächenglanz im Produktionsalltag,er beschreibt den diffusionsäquivalenten Luftschichtwiderstand,D,SD-Werte sind wichtig für Dampfbremse und Feuchteschutz.,"Bildungsplan Schreiner/in EFZ, VSSM/SBFI; Schullehrplan Schreiner/in EFZ, BWZ Lyss",https://www.vssm.ch/sites/default/files/vssm/berufsbildung/schreiner_efz/bildungsplan_efz.pdf
schreiner,Schreiner/in EFZ,sch_l14,HKB5,L14,"7. Semester HM: Oberflächensysteme, Glas und Bauphysik",hard,single_choice,Welche Aussage zum Thema SD-Wert passt fachlich am besten?,er beschreibt den diffusionsäquivalenten Luftschichtwiderstand,er ist eine Glasdicke nach gängiger Praxis bei vergleichbaren Aufgaben,er berechnet Türgewicht unter typischen Arbeitsbedingungen,er misst Oberflächenglanz im Rahmen der Routine,A,SD-Werte sind wichtig für Dampfbremse und Feuchteschutz.,"Bildungsplan Schreiner/in EFZ, VSSM/SBFI; Schullehrplan Schreiner/in EFZ, BWZ Lyss",https://www.vssm.ch/sites/default/files/vssm/berufsbildung/schreiner_efz/bildungsplan_efz.pdf
schreiner,Schreiner/in EFZ,sch_l14,HKB5,L14,"7. Semester HM: Oberflächensysteme, Glas und Bauphysik",easy,single_choice,Welche Aussage beschreibt Körperschall im Schreinerberuf am besten?,Schall existiert nur in Luft im normalen Werkstattbetrieb,Schwingungen breiten sich über feste Bauteile aus,er ist eine Lackart im Produktionsalltag,er misst Holzfeuchte bei sachgemässem Ablauf,B,Schallübertragung hängt stark von Material und Anschlüssen ab.,"Bildungsplan Schreiner/in EFZ, VSSM/SBFI; Schullehrplan Schreiner/in EFZ, BWZ Lyss",https://www.vssm.ch/sites/default/files/vssm/berufsbildung/schreiner_efz/bildungsplan_efz.pdf
schreiner,Schreiner/in EFZ,sch_l14,HKB5,L14,"7. Semester HM: Oberflächensysteme, Glas und Bauphysik",medium,single_choice,Worauf muss man beim Thema Körperschall in der Praxis besonders achten?,Schall existiert nur in Luft im konkreten Auftrag,er ist eine Lackart im Rahmen der Routine,Schwingungen breiten sich über feste Bauteile aus,er misst Holzfeuchte bei vergleichbaren Aufgaben,C,Schallübertragung hängt stark von Material und Anschlüssen ab.,"Bildungsplan Schreiner/in EFZ, VSSM/SBFI; Schullehrplan Schreiner/in EFZ, BWZ Lyss",https://www.vssm.ch/sites/default/files/vssm/berufsbildung/schreiner_efz/bildungsplan_efz.pdf
schreiner,Schreiner/in EFZ,sch_l14,HKB5,L14,"7. Semester HM: Oberflächensysteme, Glas und Bauphysik",hard,single_choice,Welche Aussage zum Thema Körperschall passt fachlich am besten?,Schall existiert nur in Luft im üblichen Berufsalltag,er ist eine Lackart im normalen Werkstattbetrieb,er misst Holzfeuchte bei sachgemässer Ausführung,Schwingungen breiten sich über feste Bauteile aus,D,Schallübertragung hängt stark von Material und Anschlüssen ab.,"Bildungsplan Schreiner/in EFZ, VSSM/SBFI; Schullehrplan Schreiner/in EFZ, BWZ Lyss",https://www.vssm.ch/sites/default/files/vssm/berufsbildung/schreiner_efz/bildungsplan_efz.pdf
schreiner,Schreiner/in EFZ,sch_l15,HKB1,L15,"8. Semester VP: QV-Vorbereitung, Kalkulation und Kulturgeschichte",easy,single_choice,Welche Aussage beschreibt Vor- und Nachkalkulation im Schreinerberuf am besten?,geplante und tatsächliche Kosten werden verglichen,nur die Farbe wird verglichen im konkreten Auftrag,Arbeitszeit bleibt unberücksichtigt,Materialpreise werden geraten im laufenden Tagesgeschäft,A,Der Vergleich zeigt Wirtschaftlichkeit und Verbesserungsmöglichkeiten.,"Bildungsplan Schreiner/in EFZ, VSSM/SBFI; Schullehrplan Schreiner/in EFZ, BWZ Lyss",https://www.vssm.ch/sites/default/files/vssm/berufsbildung/schreiner_efz/bildungsplan_efz.pdf
schreiner,Schreiner/in EFZ,sch_l15,HKB1,L15,"8. Semester VP: QV-Vorbereitung, Kalkulation und Kulturgeschichte",medium,single_choice,Worauf muss man beim Thema Vor- und Nachkalkulation in der Praxis besonders achten?,nur die Farbe wird verglichen im üblichen Berufsalltag,geplante und tatsächliche Kosten werden verglichen,Arbeitszeit bleibt unberücksichtigt,Materialpreise werden geraten nach gängiger Praxis,B,Der Vergleich zeigt Wirtschaftlichkeit und Verbesserungsmöglichkeiten.,"Bildungsplan Schreiner/in EFZ, VSSM/SBFI; Schullehrplan Schreiner/in EFZ, BWZ Lyss",https://www.vssm.ch/sites/default/files/vssm/berufsbildung/schreiner_efz/bildungsplan_efz.pdf
schreiner,Schreiner/in EFZ,sch_l15,HKB1,L15,"8. Semester VP: QV-Vorbereitung, Kalkulation und Kulturgeschichte",hard,single_choice,Welche Aussage zum Thema Vor- und Nachkalkulation passt fachlich am besten?,nur die Farbe wird verglichen im Werkstattumfeld,Arbeitszeit bleibt unberücksichtigt,geplante und tatsächliche Kosten werden verglichen,Materialpreise werden geraten im Produktionsalltag,C,Der Vergleich zeigt Wirtschaftlichkeit und Verbesserungsmöglichkeiten.,"Bildungsplan Schreiner/in EFZ, VSSM/SBFI; Schullehrplan Schreiner/in EFZ, BWZ Lyss",https://www.vssm.ch/sites/default/files/vssm/berufsbildung/schreiner_efz/bildungsplan_efz.pdf
schreiner,Schreiner/in EFZ,sch_l15,HKB1,L15,"8. Semester VP: QV-Vorbereitung, Kalkulation und Kulturgeschichte",easy,single_choice,Welche Aussage beschreibt Produktionszeit im Schreinerberuf am besten?,nur Maschinenlaufzeit zählen im Rahmen der Routine,Transport nie einrechnen unter typischen Arbeitsbedingungen,Kontrolle als Freizeit behandeln bei vergleichbaren Aufgaben,"Rüst-, Bearbeitungs- und Nebenzeiten realistisch einplanen",D,Realistische Zeiten sind für Angebote und Planung entscheidend.,"Bildungsplan Schreiner/in EFZ, VSSM/SBFI; Schullehrplan Schreiner/in EFZ, BWZ Lyss",https://www.vssm.ch/sites/default/files/vssm/berufsbildung/schreiner_efz/bildungsplan_efz.pdf
schreiner,Schreiner/in EFZ,sch_l15,HKB1,L15,"8. Semester VP: QV-Vorbereitung, Kalkulation und Kulturgeschichte",medium,single_choice,Worauf muss man beim Thema Produktionszeit in der Praxis besonders achten?,"Rüst-, Bearbeitungs- und Nebenzeiten realistisch einplanen",nur Maschinenlaufzeit zählen im normalen Werkstattbetrieb,Transport nie einrechnen bei sachgemässem Ablauf,Kontrolle als Freizeit behandeln bei sachgemässer Ausführung,A,Realistische Zeiten sind für Angebote und Planung entscheidend.,"Bildungsplan Schreiner/in EFZ, VSSM/SBFI; Schullehrplan Schreiner/in EFZ, BWZ Lyss",https://www.vssm.ch/sites/default/files/vssm/berufsbildung/schreiner_efz/bildungsplan_efz.pdf
schreiner,Schreiner/in EFZ,sch_l15,HKB1,L15,"8. Semester VP: QV-Vorbereitung, Kalkulation und Kulturgeschichte",hard,single_choice,Welche Aussage zum Thema Produktionszeit passt fachlich am besten?,nur Maschinenlaufzeit zählen im konkreten Auftrag,"Rüst-, Bearbeitungs- und Nebenzeiten realistisch einplanen",Transport nie einrechnen bei vergleichbaren Aufgaben,Kontrolle als Freizeit behandeln im laufenden Tagesgeschäft,B,Realistische Zeiten sind für Angebote und Planung entscheidend.,"Bildungsplan Schreiner/in EFZ, VSSM/SBFI; Schullehrplan Schreiner/in EFZ, BWZ Lyss",https://www.vssm.ch/sites/default/files/vssm/berufsbildung/schreiner_efz/bildungsplan_efz.pdf
schreiner,Schreiner/in EFZ,sch_l15,HKB1,L15,"8. Semester VP: QV-Vorbereitung, Kalkulation und Kulturgeschichte",easy,single_choice,Welche Aussage beschreibt QV-Repetition im Schreinerberuf am besten?,zufällig einzelne Seiten lesen nach gängiger Praxis,Fehler nicht analysieren bei sachgemässer Ausführung,wichtige Themen strukturiert wiederholen und Lücken schliessen,nur Lieblingsfächer üben im üblichen Berufsalltag,C,Gezielte Wiederholung verbessert Prüfungssicherheit.,"Bildungsplan Schreiner/in EFZ, VSSM/SBFI; Schullehrplan Schreiner/in EFZ, BWZ Lyss",https://www.vssm.ch/sites/default/files/vssm/berufsbildung/schreiner_efz/bildungsplan_efz.pdf
schreiner,Schreiner/in EFZ,sch_l15,HKB1,L15,"8. Semester VP: QV-Vorbereitung, Kalkulation und Kulturgeschichte",medium,single_choice,Worauf muss man beim Thema QV-Repetition in der Praxis besonders achten?,zufällig einzelne Seiten lesen im Produktionsalltag,Fehler nicht analysieren im laufenden Tagesgeschäft,nur Lieblingsfächer üben im Werkstattumfeld bei sachgemässem Ablauf,wichtige Themen strukturiert wiederholen und Lücken schliessen,D,Gezielte Wiederholung verbessert Prüfungssicherheit.,"Bildungsplan Schreiner/in EFZ, VSSM/SBFI; Schullehrplan Schreiner/in EFZ, BWZ Lyss",https://www.vssm.ch/sites/default/files/vssm/berufsbildung/schreiner_efz/bildungsplan_efz.pdf
schreiner,Schreiner/in EFZ,sch_l15,HKB1,L15,"8. Semester VP: QV-Vorbereitung, Kalkulation und Kulturgeschichte",hard,single_choice,Welche Aussage zum Thema QV-Repetition passt fachlich am besten?,wichtige Themen strukturiert wiederholen und Lücken schliessen,zufällig einzelne Seiten lesen im Rahmen der Routine,Fehler nicht analysieren nach gängiger Praxis,nur Lieblingsfächer üben unter typischen Arbeitsbedingungen,A,Gezielte Wiederholung verbessert Prüfungssicherheit.,"Bildungsplan Schreiner/in EFZ, VSSM/SBFI; Schullehrplan Schreiner/in EFZ, BWZ Lyss",https://www.vssm.ch/sites/default/files/vssm/berufsbildung/schreiner_efz/bildungsplan_efz.pdf
schreiner,Schreiner/in EFZ,sch_l15,HKB1,L15,"8. Semester VP: QV-Vorbereitung, Kalkulation und Kulturgeschichte",easy,single_choice,Welche Aussage beschreibt Lösungsstrategie im Schreinerberuf am besten?,sofort raten im Produktionsalltag bei sachgemässer Ausführung,"Aufgabe lesen, Daten ordnen, Rechenweg wählen und Ergebnis prüfen",Einheiten weglassen bei sachgemässem Ablauf im üblichen Berufsalltag,Kontrolle überspringen im normalen Werkstattbetrieb,B,Strukturiertes Vorgehen reduziert Flüchtigkeitsfehler.,"Bildungsplan Schreiner/in EFZ, VSSM/SBFI; Schullehrplan Schreiner/in EFZ, BWZ Lyss",https://www.vssm.ch/sites/default/files/vssm/berufsbildung/schreiner_efz/bildungsplan_efz.pdf
schreiner,Schreiner/in EFZ,sch_l15,HKB1,L15,"8. Semester VP: QV-Vorbereitung, Kalkulation und Kulturgeschichte",medium,single_choice,Worauf muss man beim Thema Lösungsstrategie in der Praxis besonders achten?,sofort raten im Rahmen der Routine im laufenden Tagesgeschäft,Einheiten weglassen bei vergleichbaren Aufgaben,"Aufgabe lesen, Daten ordnen, Rechenweg wählen und Ergebnis prüfen",Kontrolle überspringen im konkreten Auftrag im Werkstattumfeld,C,Strukturiertes Vorgehen reduziert Flüchtigkeitsfehler.,"Bildungsplan Schreiner/in EFZ, VSSM/SBFI; Schullehrplan Schreiner/in EFZ, BWZ Lyss",https://www.vssm.ch/sites/default/files/vssm/berufsbildung/schreiner_efz/bildungsplan_efz.pdf
schreiner,Schreiner/in EFZ,sch_l15,HKB1,L15,"8. Semester VP: QV-Vorbereitung, Kalkulation und Kulturgeschichte",hard,single_choice,Welche Aussage zum Thema Lösungsstrategie passt fachlich am besten?,sofort raten im normalen Werkstattbetrieb nach gängiger Praxis,Einheiten weglassen bei sachgemässer Ausführung,Kontrolle überspringen im üblichen Berufsalltag,"Aufgabe lesen, Daten ordnen, Rechenweg wählen und Ergebnis prüfen",D,Strukturiertes Vorgehen reduziert Flüchtigkeitsfehler.,"Bildungsplan Schreiner/in EFZ, VSSM/SBFI; Schullehrplan Schreiner/in EFZ, BWZ Lyss",https://www.vssm.ch/sites/default/files/vssm/berufsbildung/schreiner_efz/bildungsplan_efz.pdf
schreiner,Schreiner/in EFZ,sch_l15,HKB1,L15,"8. Semester VP: QV-Vorbereitung, Kalkulation und Kulturgeschichte",easy,single_choice,Welche Aussage beschreibt Streckenteilung im QV im Schreinerberuf am besten?,Teilabstände rechnerisch korrekt und kontrollierbar bestimmen,Teilung nach Augenmass festlegen im Werkstattumfeld,Restmass ignorieren im konkreten Auftrag im Produktionsalltag,Massstab nicht beachten im laufenden Tagesgeschäft,A,"Streckenteilung kommt bei Fugen, Rastern und Beschlägen vor.","Bildungsplan Schreiner/in EFZ, VSSM/SBFI; Schullehrplan Schreiner/in EFZ, BWZ Lyss",https://www.vssm.ch/sites/default/files/vssm/berufsbildung/schreiner_efz/bildungsplan_efz.pdf
schreiner,Schreiner/in EFZ,sch_l15,HKB1,L15,"8. Semester VP: QV-Vorbereitung, Kalkulation und Kulturgeschichte",medium,single_choice,Worauf muss man beim Thema Streckenteilung im QV in der Praxis besonders achten?,Teilung nach Augenmass festlegen unter typischen Arbeitsbedingungen,Teilabstände rechnerisch korrekt und kontrollierbar bestimmen,Restmass ignorieren im üblichen Berufsalltag,Massstab nicht beachten nach gängiger Praxis,B,"Streckenteilung kommt bei Fugen, Rastern und Beschlägen vor.","Bildungsplan Schreiner/in EFZ, VSSM/SBFI; Schullehrplan Schreiner/in EFZ, BWZ Lyss",https://www.vssm.ch/sites/default/files/vssm/berufsbildung/schreiner_efz/bildungsplan_efz.pdf
schreiner,Schreiner/in EFZ,sch_l15,HKB1,L15,"8. Semester VP: QV-Vorbereitung, Kalkulation und Kulturgeschichte",hard,single_choice,Welche Aussage zum Thema Streckenteilung im QV passt fachlich am besten?,Teilung nach Augenmass festlegen bei sachgemässem Ablauf,Restmass ignorieren im Werkstattumfeld im normalen Werkstattbetrieb,Teilabstände rechnerisch korrekt und kontrollierbar bestimmen,Massstab nicht beachten im Produktionsalltag,C,"Streckenteilung kommt bei Fugen, Rastern und Beschlägen vor.","Bildungsplan Schreiner/in EFZ, VSSM/SBFI; Schullehrplan Schreiner/in EFZ, BWZ Lyss",https://www.vssm.ch/sites/default/files/vssm/berufsbildung/schreiner_efz/bildungsplan_efz.pdf
schreiner,Schreiner/in EFZ,sch_l15,HKB1,L15,"8. Semester VP: QV-Vorbereitung, Kalkulation und Kulturgeschichte",easy,single_choice,Welche Aussage beschreibt Kalkulationsschema im Schreinerberuf am besten?,Gewinn vor Materialmenge bestimmen bei vergleichbaren Aufgaben,alle Zuschläge weglassen unter typischen Arbeitsbedingungen,MwSt in der Mitte vergessen im Rahmen der Routine,Kostenbestandteile werden logisch bis zum Verkaufspreis aufgebaut,D,Ein klares Schema macht Kalkulation nachvollziehbar.,"Bildungsplan Schreiner/in EFZ, VSSM/SBFI; Schullehrplan Schreiner/in EFZ, BWZ Lyss",https://www.vssm.ch/sites/default/files/vssm/berufsbildung/schreiner_efz/bildungsplan_efz.pdf
schreiner,Schreiner/in EFZ,sch_l15,HKB1,L15,"8. Semester VP: QV-Vorbereitung, Kalkulation und Kulturgeschichte",medium,single_choice,Worauf muss man beim Thema Kalkulationsschema in der Praxis besonders achten?,Kostenbestandteile werden logisch bis zum Verkaufspreis aufgebaut,Gewinn vor Materialmenge bestimmen bei sachgemässer Ausführung,alle Zuschläge weglassen bei sachgemässem Ablauf,MwSt in der Mitte vergessen im normalen Werkstattbetrieb,A,Ein klares Schema macht Kalkulation nachvollziehbar.,"Bildungsplan Schreiner/in EFZ, VSSM/SBFI; Schullehrplan Schreiner/in EFZ, BWZ Lyss",https://www.vssm.ch/sites/default/files/vssm/berufsbildung/schreiner_efz/bildungsplan_efz.pdf
schreiner,Schreiner/in EFZ,sch_l15,HKB1,L15,"8. Semester VP: QV-Vorbereitung, Kalkulation und Kulturgeschichte",hard,single_choice,Welche Aussage zum Thema Kalkulationsschema passt fachlich am besten?,Gewinn vor Materialmenge bestimmen im laufenden Tagesgeschäft,Kostenbestandteile werden logisch bis zum Verkaufspreis aufgebaut,alle Zuschläge weglassen bei vergleichbaren Aufgaben,MwSt in der Mitte vergessen im konkreten Auftrag,B,Ein klares Schema macht Kalkulation nachvollziehbar.,"Bildungsplan Schreiner/in EFZ, VSSM/SBFI; Schullehrplan Schreiner/in EFZ, BWZ Lyss",https://www.vssm.ch/sites/default/files/vssm/berufsbildung/schreiner_efz/bildungsplan_efz.pdf
schreiner,Schreiner/in EFZ,sch_l15,HKB1,L15,"8. Semester VP: QV-Vorbereitung, Kalkulation und Kulturgeschichte",easy,single_choice,Welche Aussage beschreibt Barock im Schreinerberuf am besten?,radikale Schlichtheit ohne Schmuck nach gängiger Praxis,reine Stahlrohrmöbel bei sachgemässer Ausführung,"üppige Formen, Bewegung und Repräsentation prägen viele Möbel",industrieller Minimalismus im üblichen Berufsalltag,C,"Kulturgeschichte hilft, Möbel und Bauformen zeitlich einzuordnen.","Bildungsplan Schreiner/in EFZ, VSSM/SBFI; Schullehrplan Schreiner/in EFZ, BWZ Lyss",https://www.vssm.ch/sites/default/files/vssm/berufsbildung/schreiner_efz/bildungsplan_efz.pdf
schreiner,Schreiner/in EFZ,sch_l15,HKB1,L15,"8. Semester VP: QV-Vorbereitung, Kalkulation und Kulturgeschichte",medium,single_choice,Worauf muss man beim Thema Barock in der Praxis besonders achten?,radikale Schlichtheit ohne Schmuck im Produktionsalltag,reine Stahlrohrmöbel im laufenden Tagesgeschäft,industrieller Minimalismus im Werkstattumfeld,"üppige Formen, Bewegung und Repräsentation prägen viele Möbel",D,"Kulturgeschichte hilft, Möbel und Bauformen zeitlich einzuordnen.","Bildungsplan Schreiner/in EFZ, VSSM/SBFI; Schullehrplan Schreiner/in EFZ, BWZ Lyss",https://www.vssm.ch/sites/default/files/vssm/berufsbildung/schreiner_efz/bildungsplan_efz.pdf
schreiner,Schreiner/in EFZ,sch_l15,HKB1,L15,"8. Semester VP: QV-Vorbereitung, Kalkulation und Kulturgeschichte",hard,single_choice,Welche Aussage zum Thema Barock passt fachlich am besten?,"üppige Formen, Bewegung und Repräsentation prägen viele Möbel",radikale Schlichtheit ohne Schmuck im Rahmen der Routine,reine Stahlrohrmöbel nach gängiger Praxis bei vergleichbaren Aufgaben,industrieller Minimalismus unter typischen Arbeitsbedingungen,A,"Kulturgeschichte hilft, Möbel und Bauformen zeitlich einzuordnen.","Bildungsplan Schreiner/in EFZ, VSSM/SBFI; Schullehrplan Schreiner/in EFZ, BWZ Lyss",https://www.vssm.ch/sites/default/files/vssm/berufsbildung/schreiner_efz/bildungsplan_efz.pdf
schreiner,Schreiner/in EFZ,sch_l15,HKB1,L15,"8. Semester VP: QV-Vorbereitung, Kalkulation und Kulturgeschichte",easy,single_choice,Welche Aussage beschreibt Biedermeier im Schreinerberuf am besten?,gotische Spitzbögen dominieren im Produktionsalltag,schlichte Formen und betonte Holzmaserung sind typisch,Kunststoffflächen stehen im Zentrum bei sachgemässem Ablauf,Beton wird als Hauptmaterial genutzt im normalen Werkstattbetrieb,B,"Stilepochen prägen Konstruktion, Materialwahl und Gestaltung.","Bildungsplan Schreiner/in EFZ, VSSM/SBFI; Schullehrplan Schreiner/in EFZ, BWZ Lyss",https://www.vssm.ch/sites/default/files/vssm/berufsbildung/schreiner_efz/bildungsplan_efz.pdf
schreiner,Schreiner/in EFZ,sch_l15,HKB1,L15,"8. Semester VP: QV-Vorbereitung, Kalkulation und Kulturgeschichte",medium,single_choice,Worauf muss man beim Thema Biedermeier in der Praxis besonders achten?,gotische Spitzbögen dominieren im Rahmen der Routine,Kunststoffflächen stehen im Zentrum bei vergleichbaren Aufgaben,schlichte Formen und betonte Holzmaserung sind typisch,Beton wird als Hauptmaterial genutzt im konkreten Auftrag,C,"Stilepochen prägen Konstruktion, Materialwahl und Gestaltung.","Bildungsplan Schreiner/in EFZ, VSSM/SBFI; Schullehrplan Schreiner/in EFZ, BWZ Lyss",https://www.vssm.ch/sites/default/files/vssm/berufsbildung/schreiner_efz/bildungsplan_efz.pdf
schreiner,Schreiner/in EFZ,sch_l15,HKB1,L15,"8. Semester VP: QV-Vorbereitung, Kalkulation und Kulturgeschichte",hard,single_choice,Welche Aussage zum Thema Biedermeier passt fachlich am besten?,gotische Spitzbögen dominieren im normalen Werkstattbetrieb,Kunststoffflächen stehen im Zentrum bei sachgemässer Ausführung,Beton wird als Hauptmaterial genutzt im üblichen Berufsalltag,schlichte Formen und betonte Holzmaserung sind typisch,D,"Stilepochen prägen Konstruktion, Materialwahl und Gestaltung.","Bildungsplan Schreiner/in EFZ, VSSM/SBFI; Schullehrplan Schreiner/in EFZ, BWZ Lyss",https://www.vssm.ch/sites/default/files/vssm/berufsbildung/schreiner_efz/bildungsplan_efz.pdf
schreiner,Schreiner/in EFZ,sch_l15,HKB1,L15,"8. Semester VP: QV-Vorbereitung, Kalkulation und Kulturgeschichte",easy,single_choice,Welche Aussage beschreibt Bauhaus im Schreinerberuf am besten?,"Funktion, klare Formen und industrielle Fertigung stehen im Vordergrund",überladene Ornamentik dominiert im konkreten Auftrag,Handschriftliche Schnitzerei ist zwingend im Werkstattumfeld,Asymmetrische Rokokoformen sind typisch im laufenden Tagesgeschäft,A,Bauhaus beeinflusst moderne Gestaltung und Möbelbau stark.,"Bildungsplan Schreiner/in EFZ, VSSM/SBFI; Schullehrplan Schreiner/in EFZ, BWZ Lyss",https://www.vssm.ch/sites/default/files/vssm/berufsbildung/schreiner_efz/bildungsplan_efz.pdf
schreiner,Schreiner/in EFZ,sch_l15,HKB1,L15,"8. Semester VP: QV-Vorbereitung, Kalkulation und Kulturgeschichte",medium,single_choice,Worauf muss man beim Thema Bauhaus in der Praxis besonders achten?,überladene Ornamentik dominiert im üblichen Berufsalltag,"Funktion, klare Formen und industrielle Fertigung stehen im Vordergrund",Handschriftliche Schnitzerei ist zwingend unter typischen Arbeitsbedingungen,Asymmetrische Rokokoformen sind typisch nach gängiger Praxis,B,Bauhaus beeinflusst moderne Gestaltung und Möbelbau stark.,"Bildungsplan Schreiner/in EFZ, VSSM/SBFI; Schullehrplan Schreiner/in EFZ, BWZ Lyss",https://www.vssm.ch/sites/default/files/vssm/berufsbildung/schreiner_efz/bildungsplan_efz.pdf
schreiner,Schreiner/in EFZ,sch_l15,HKB1,L15,"8. Semester VP: QV-Vorbereitung, Kalkulation und Kulturgeschichte",hard,single_choice,Welche Aussage zum Thema Bauhaus passt fachlich am besten?,überladene Ornamentik dominiert im Werkstattumfeld,Handschriftliche Schnitzerei ist zwingend bei sachgemässem Ablauf,"Funktion, klare Formen und industrielle Fertigung stehen im Vordergrund",Asymmetrische Rokokoformen sind typisch im Produktionsalltag,C,Bauhaus beeinflusst moderne Gestaltung und Möbelbau stark.,"Bildungsplan Schreiner/in EFZ, VSSM/SBFI; Schullehrplan Schreiner/in EFZ, BWZ Lyss",https://www.vssm.ch/sites/default/files/vssm/berufsbildung/schreiner_efz/bildungsplan_efz.pdf
schreiner,Schreiner/in EFZ,sch_l15,HKB1,L15,"8. Semester VP: QV-Vorbereitung, Kalkulation und Kulturgeschichte",easy,single_choice,Welche Aussage beschreibt Planprüfung im Schreinerberuf am besten?,nur Plankopf anschauen unter typischen Arbeitsbedingungen,Masse nach Gefühl ändern im Rahmen der Routine,Listen nicht mit Zeichnung vergleichen bei vergleichbaren Aufgaben,"Masse, Ansichten, Listen und Beschläge vor Abgabe kontrollieren",D,Systematische Prüfung findet Fehler vor Fertigung oder QV-Abgabe.,"Bildungsplan Schreiner/in EFZ, VSSM/SBFI; Schullehrplan Schreiner/in EFZ, BWZ Lyss",https://www.vssm.ch/sites/default/files/vssm/berufsbildung/schreiner_efz/bildungsplan_efz.pdf
schreiner,Schreiner/in EFZ,sch_l15,HKB1,L15,"8. Semester VP: QV-Vorbereitung, Kalkulation und Kulturgeschichte",medium,single_choice,Worauf muss man beim Thema Planprüfung in der Praxis besonders achten?,"Masse, Ansichten, Listen und Beschläge vor Abgabe kontrollieren",nur Plankopf anschauen bei sachgemässem Ablauf,Masse nach Gefühl ändern im normalen Werkstattbetrieb,Listen nicht mit Zeichnung vergleichen bei sachgemässer Ausführung,A,Systematische Prüfung findet Fehler vor Fertigung oder QV-Abgabe.,"Bildungsplan Schreiner/in EFZ, VSSM/SBFI; Schullehrplan Schreiner/in EFZ, BWZ Lyss",https://www.vssm.ch/sites/default/files/vssm/berufsbildung/schreiner_efz/bildungsplan_efz.pdf
schreiner,Schreiner/in EFZ,sch_l15,HKB1,L15,"8. Semester VP: QV-Vorbereitung, Kalkulation und Kulturgeschichte",hard,single_choice,Welche Aussage zum Thema Planprüfung passt fachlich am besten?,nur Plankopf anschauen bei vergleichbaren Aufgaben,"Masse, Ansichten, Listen und Beschläge vor Abgabe kontrollieren",Masse nach Gefühl ändern im konkreten Auftrag,Listen nicht mit Zeichnung vergleichen im laufenden Tagesgeschäft,B,Systematische Prüfung findet Fehler vor Fertigung oder QV-Abgabe.,"Bildungsplan Schreiner/in EFZ, VSSM/SBFI; Schullehrplan Schreiner/in EFZ, BWZ Lyss",https://www.vssm.ch/sites/default/files/vssm/berufsbildung/schreiner_efz/bildungsplan_efz.pdf
schreiner,Schreiner/in EFZ,sch_l16,HKB5,L16,"8. Semester HM: Sanierung, Ökologie, Bauphysik und QV-Repetition",easy,single_choice,Welche Aussage beschreibt Dampfbremse im Schreinerberuf am besten?,sie ist völlig luftdurchlässig nach gängiger Praxis unter typischen Arbeitsbedingungen,sie ersetzt Wärmedämmung bei sachgemässer Ausführung,"sie begrenzt Wasserdampfdiffusion, sperrt sie aber nicht vollständig",sie ist ein Fensterbeschlag im üblichen Berufsalltag,C,Dampfbremsen werden für Feuchteschutz in Bauteilen geplant.,"Bildungsplan Schreiner/in EFZ, VSSM/SBFI; Schullehrplan Schreiner/in EFZ, BWZ Lyss",https://www.vssm.ch/sites/default/files/vssm/berufsbildung/schreiner_efz/bildungsplan_efz.pdf
schreiner,Schreiner/in EFZ,sch_l16,HKB5,L16,"8. Semester HM: Sanierung, Ökologie, Bauphysik und QV-Repetition",medium,single_choice,Worauf muss man beim Thema Dampfbremse in der Praxis besonders achten?,sie ist völlig luftdurchlässig im Produktionsalltag,sie ersetzt Wärmedämmung im laufenden Tagesgeschäft,sie ist ein Fensterbeschlag im Werkstattumfeld bei sachgemässem Ablauf,"sie begrenzt Wasserdampfdiffusion, sperrt sie aber nicht vollständig",D,Dampfbremsen werden für Feuchteschutz in Bauteilen geplant.,"Bildungsplan Schreiner/in EFZ, VSSM/SBFI; Schullehrplan Schreiner/in EFZ, BWZ Lyss",https://www.vssm.ch/sites/default/files/vssm/berufsbildung/schreiner_efz/bildungsplan_efz.pdf
schreiner,Schreiner/in EFZ,sch_l16,HKB5,L16,"8. Semester HM: Sanierung, Ökologie, Bauphysik und QV-Repetition",hard,single_choice,Welche Aussage zum Thema Dampfbremse passt fachlich am besten?,"sie begrenzt Wasserdampfdiffusion, sperrt sie aber nicht vollständig",sie ist völlig luftdurchlässig im Rahmen der Routine,sie ersetzt Wärmedämmung nach gängiger Praxis bei vergleichbaren Aufgaben,sie ist ein Fensterbeschlag unter typischen Arbeitsbedingungen,A,Dampfbremsen werden für Feuchteschutz in Bauteilen geplant.,"Bildungsplan Schreiner/in EFZ, VSSM/SBFI; Schullehrplan Schreiner/in EFZ, BWZ Lyss",https://www.vssm.ch/sites/default/files/vssm/berufsbildung/schreiner_efz/bildungsplan_efz.pdf
schreiner,Schreiner/in EFZ,sch_l16,HKB5,L16,"8. Semester HM: Sanierung, Ökologie, Bauphysik und QV-Repetition",easy,single_choice,Welche Aussage beschreibt Dampfsperre im Schreinerberuf am besten?,sie ist immer ein Akustikprofil bei sachgemässem Ablauf,sie weist einen sehr hohen Widerstand gegen Dampfdiffusion auf,sie dient nur der Dekoration im Produktionsalltag,sie macht Anschlüsse automatisch dicht im normalen Werkstattbetrieb,B,Sperren und Bremsen müssen bauphysikalisch korrekt angeordnet werden.,"Bildungsplan Schreiner/in EFZ, VSSM/SBFI; Schullehrplan Schreiner/in EFZ, BWZ Lyss",https://www.vssm.ch/sites/default/files/vssm/berufsbildung/schreiner_efz/bildungsplan_efz.pdf
schreiner,Schreiner/in EFZ,sch_l16,HKB5,L16,"8. Semester HM: Sanierung, Ökologie, Bauphysik und QV-Repetition",medium,single_choice,Worauf muss man beim Thema Dampfsperre in der Praxis besonders achten?,sie ist immer ein Akustikprofil bei vergleichbaren Aufgaben,sie dient nur der Dekoration im Rahmen der Routine,sie weist einen sehr hohen Widerstand gegen Dampfdiffusion auf,sie macht Anschlüsse automatisch dicht im konkreten Auftrag,C,Sperren und Bremsen müssen bauphysikalisch korrekt angeordnet werden.,"Bildungsplan Schreiner/in EFZ, VSSM/SBFI; Schullehrplan Schreiner/in EFZ, BWZ Lyss",https://www.vssm.ch/sites/default/files/vssm/berufsbildung/schreiner_efz/bildungsplan_efz.pdf
schreiner,Schreiner/in EFZ,sch_l16,HKB5,L16,"8. Semester HM: Sanierung, Ökologie, Bauphysik und QV-Repetition",hard,single_choice,Welche Aussage zum Thema Dampfsperre passt fachlich am besten?,sie ist immer ein Akustikprofil bei sachgemässer Ausführung,sie dient nur der Dekoration im normalen Werkstattbetrieb,sie macht Anschlüsse automatisch dicht im üblichen Berufsalltag,sie weist einen sehr hohen Widerstand gegen Dampfdiffusion auf,D,Sperren und Bremsen müssen bauphysikalisch korrekt angeordnet werden.,"Bildungsplan Schreiner/in EFZ, VSSM/SBFI; Schullehrplan Schreiner/in EFZ, BWZ Lyss",https://www.vssm.ch/sites/default/files/vssm/berufsbildung/schreiner_efz/bildungsplan_efz.pdf
schreiner,Schreiner/in EFZ,sch_l16,HKB5,L16,"8. Semester HM: Sanierung, Ökologie, Bauphysik und QV-Repetition",easy,single_choice,Welche Aussage beschreibt Windpapier im Schreinerberuf am besten?,es reduziert Luftbewegungen in Konstruktionen und schützt Dämmung,es ersetzt die Tragkonstruktion im laufenden Tagesgeschäft,es ist ein Schleifpapier im konkreten Auftrag im Produktionsalltag,es wird als Glasfolie verwendet im Werkstattumfeld,A,Winddichtung unterstützt Wärmeschutz und Bauteilfunktion.,"Bildungsplan Schreiner/in EFZ, VSSM/SBFI; Schullehrplan Schreiner/in EFZ, BWZ Lyss",https://www.vssm.ch/sites/default/files/vssm/berufsbildung/schreiner_efz/bildungsplan_efz.pdf
schreiner,Schreiner/in EFZ,sch_l16,HKB5,L16,"8. Semester HM: Sanierung, Ökologie, Bauphysik und QV-Repetition",medium,single_choice,Worauf muss man beim Thema Windpapier in der Praxis besonders achten?,es ersetzt die Tragkonstruktion nach gängiger Praxis,es reduziert Luftbewegungen in Konstruktionen und schützt Dämmung,es ist ein Schleifpapier im üblichen Berufsalltag,es wird als Glasfolie verwendet unter typischen Arbeitsbedingungen,B,Winddichtung unterstützt Wärmeschutz und Bauteilfunktion.,"Bildungsplan Schreiner/in EFZ, VSSM/SBFI; Schullehrplan Schreiner/in EFZ, BWZ Lyss",https://www.vssm.ch/sites/default/files/vssm/berufsbildung/schreiner_efz/bildungsplan_efz.pdf
schreiner,Schreiner/in EFZ,sch_l16,HKB5,L16,"8. Semester HM: Sanierung, Ökologie, Bauphysik und QV-Repetition",hard,single_choice,Welche Aussage zum Thema Windpapier passt fachlich am besten?,es ersetzt die Tragkonstruktion im Produktionsalltag,es ist ein Schleifpapier im Werkstattumfeld im normalen Werkstattbetrieb,es reduziert Luftbewegungen in Konstruktionen und schützt Dämmung,es wird als Glasfolie verwendet bei sachgemässem Ablauf,C,Winddichtung unterstützt Wärmeschutz und Bauteilfunktion.,"Bildungsplan Schreiner/in EFZ, VSSM/SBFI; Schullehrplan Schreiner/in EFZ, BWZ Lyss",https://www.vssm.ch/sites/default/files/vssm/berufsbildung/schreiner_efz/bildungsplan_efz.pdf
schreiner,Schreiner/in EFZ,sch_l16,HKB5,L16,"8. Semester HM: Sanierung, Ökologie, Bauphysik und QV-Repetition",easy,single_choice,Welche Aussage beschreibt Innendämmung im Schreinerberuf am besten?,sie ist immer risikofrei im Rahmen der Routine im konkreten Auftrag,Taupunkt ist unwichtig unter typischen Arbeitsbedingungen,Untergrundprüfung entfällt bei vergleichbaren Aufgaben,Feuchteverhalten und Anschlüsse müssen besonders sorgfältig geplant werden,D,Innendämmungen verändern Temperatur- und Feuchteverläufe.,"Bildungsplan Schreiner/in EFZ, VSSM/SBFI; Schullehrplan Schreiner/in EFZ, BWZ Lyss",https://www.vssm.ch/sites/default/files/vssm/berufsbildung/schreiner_efz/bildungsplan_efz.pdf
schreiner,Schreiner/in EFZ,sch_l16,HKB5,L16,"8. Semester HM: Sanierung, Ökologie, Bauphysik und QV-Repetition",medium,single_choice,Worauf muss man beim Thema Innendämmung in der Praxis besonders achten?,Feuchteverhalten und Anschlüsse müssen besonders sorgfältig geplant werden,sie ist immer risikofrei im normalen Werkstattbetrieb,Taupunkt ist unwichtig bei sachgemässem Ablauf im üblichen Berufsalltag,Untergrundprüfung entfällt bei sachgemässer Ausführung,A,Innendämmungen verändern Temperatur- und Feuchteverläufe.,"Bildungsplan Schreiner/in EFZ, VSSM/SBFI; Schullehrplan Schreiner/in EFZ, BWZ Lyss",https://www.vssm.ch/sites/default/files/vssm/berufsbildung/schreiner_efz/bildungsplan_efz.pdf
schreiner,Schreiner/in EFZ,sch_l16,HKB5,L16,"8. Semester HM: Sanierung, Ökologie, Bauphysik und QV-Repetition",hard,single_choice,Welche Aussage zum Thema Innendämmung passt fachlich am besten?,sie ist immer risikofrei im konkreten Auftrag im Werkstattumfeld,Feuchteverhalten und Anschlüsse müssen besonders sorgfältig geplant werden,Taupunkt ist unwichtig bei vergleichbaren Aufgaben im Produktionsalltag,Untergrundprüfung entfällt im laufenden Tagesgeschäft,B,Innendämmungen verändern Temperatur- und Feuchteverläufe.,"Bildungsplan Schreiner/in EFZ, VSSM/SBFI; Schullehrplan Schreiner/in EFZ, BWZ Lyss",https://www.vssm.ch/sites/default/files/vssm/berufsbildung/schreiner_efz/bildungsplan_efz.pdf
schreiner,Schreiner/in EFZ,sch_l16,HKB5,L16,"8. Semester HM: Sanierung, Ökologie, Bauphysik und QV-Repetition",easy,single_choice,Welche Aussage beschreibt Schallschutzdatenblatt im Schreinerberuf am besten?,nur die Farbe des Bauteils lesen nach gängiger Praxis,C- und Ctr-Werte ignorieren bei sachgemässer Ausführung,"Laborwerte, Einbauwerte und Korrekturwerte richtig interpretieren",Montageeinfluss ausschliessen im üblichen Berufsalltag,C,Schallschutz hängt von Produkt und fachgerechter Montage ab.,"Bildungsplan Schreiner/in EFZ, VSSM/SBFI; Schullehrplan Schreiner/in EFZ, BWZ Lyss",https://www.vssm.ch/sites/default/files/vssm/berufsbildung/schreiner_efz/bildungsplan_efz.pdf
schreiner,Schreiner/in EFZ,sch_l16,HKB5,L16,"8. Semester HM: Sanierung, Ökologie, Bauphysik und QV-Repetition",medium,single_choice,Worauf muss man beim Thema Schallschutzdatenblatt in der Praxis besonders achten?,nur die Farbe des Bauteils lesen im Produktionsalltag,C- und Ctr-Werte ignorieren im laufenden Tagesgeschäft,Montageeinfluss ausschliessen im Werkstattumfeld bei sachgemässem Ablauf,"Laborwerte, Einbauwerte und Korrekturwerte richtig interpretieren",D,Schallschutz hängt von Produkt und fachgerechter Montage ab.,"Bildungsplan Schreiner/in EFZ, VSSM/SBFI; Schullehrplan Schreiner/in EFZ, BWZ Lyss",https://www.vssm.ch/sites/default/files/vssm/berufsbildung/schreiner_efz/bildungsplan_efz.pdf
schreiner,Schreiner/in EFZ,sch_l16,HKB5,L16,"8. Semester HM: Sanierung, Ökologie, Bauphysik und QV-Repetition",hard,single_choice,Welche Aussage zum Thema Schallschutzdatenblatt passt fachlich am besten?,"Laborwerte, Einbauwerte und Korrekturwerte richtig interpretieren",nur die Farbe des Bauteils lesen im Rahmen der Routine,C- und Ctr-Werte ignorieren nach gängiger Praxis,Montageeinfluss ausschliessen unter typischen Arbeitsbedingungen,A,Schallschutz hängt von Produkt und fachgerechter Montage ab.,"Bildungsplan Schreiner/in EFZ, VSSM/SBFI; Schullehrplan Schreiner/in EFZ, BWZ Lyss",https://www.vssm.ch/sites/default/files/vssm/berufsbildung/schreiner_efz/bildungsplan_efz.pdf
schreiner,Schreiner/in EFZ,sch_l16,HKB5,L16,"8. Semester HM: Sanierung, Ökologie, Bauphysik und QV-Repetition",easy,single_choice,Welche Aussage beschreibt Ctr-Wert im Schreinerberuf am besten?,er ist ein Lackhärtegrad im normalen Werkstattbetrieb,er bewertet tieffrequente Lärmanteile wie Verkehrslärm,er bestimmt Holzart im Produktionsalltag,er ersetzt den U-Wert bei sachgemässem Ablauf,B,"Korrekturwerte helfen, Schalldämmung realistisch zu beurteilen.","Bildungsplan Schreiner/in EFZ, VSSM/SBFI; Schullehrplan Schreiner/in EFZ, BWZ Lyss",https://www.vssm.ch/sites/default/files/vssm/berufsbildung/schreiner_efz/bildungsplan_efz.pdf
schreiner,Schreiner/in EFZ,sch_l16,HKB5,L16,"8. Semester HM: Sanierung, Ökologie, Bauphysik und QV-Repetition",medium,single_choice,Worauf muss man beim Thema Ctr-Wert in der Praxis besonders achten?,er ist ein Lackhärtegrad im konkreten Auftrag,er bestimmt Holzart im Rahmen der Routine,er bewertet tieffrequente Lärmanteile wie Verkehrslärm,er ersetzt den U-Wert bei vergleichbaren Aufgaben,C,"Korrekturwerte helfen, Schalldämmung realistisch zu beurteilen.","Bildungsplan Schreiner/in EFZ, VSSM/SBFI; Schullehrplan Schreiner/in EFZ, BWZ Lyss",https://www.vssm.ch/sites/default/files/vssm/berufsbildung/schreiner_efz/bildungsplan_efz.pdf
schreiner,Schreiner/in EFZ,sch_l16,HKB5,L16,"8. Semester HM: Sanierung, Ökologie, Bauphysik und QV-Repetition",hard,single_choice,Welche Aussage zum Thema Ctr-Wert passt fachlich am besten?,er ist ein Lackhärtegrad im üblichen Berufsalltag,er bestimmt Holzart im normalen Werkstattbetrieb,er ersetzt den U-Wert bei sachgemässer Ausführung,er bewertet tieffrequente Lärmanteile wie Verkehrslärm,D,"Korrekturwerte helfen, Schalldämmung realistisch zu beurteilen.","Bildungsplan Schreiner/in EFZ, VSSM/SBFI; Schullehrplan Schreiner/in EFZ, BWZ Lyss",https://www.vssm.ch/sites/default/files/vssm/berufsbildung/schreiner_efz/bildungsplan_efz.pdf
schreiner,Schreiner/in EFZ,sch_l16,HKB5,L16,"8. Semester HM: Sanierung, Ökologie, Bauphysik und QV-Repetition",easy,single_choice,Welche Aussage beschreibt schallhemmende Tür im Schreinerberuf am besten?,"Türblatt, Dichtung, Schwelle und Montage müssen zusammenwirken",nur das Türblatt zählt im konkreten Auftrag im Produktionsalltag,Fugen dürfen offen bleiben im Werkstattumfeld,Dichtungen sind Schmuck im laufenden Tagesgeschäft,A,Schallschutz ist nur als funktionierendes Gesamtsystem wirksam.,"Bildungsplan Schreiner/in EFZ, VSSM/SBFI; Schullehrplan Schreiner/in EFZ, BWZ Lyss",https://www.vssm.ch/sites/default/files/vssm/berufsbildung/schreiner_efz/bildungsplan_efz.pdf
schreiner,Schreiner/in EFZ,sch_l16,HKB5,L16,"8. Semester HM: Sanierung, Ökologie, Bauphysik und QV-Repetition",medium,single_choice,Worauf muss man beim Thema schallhemmende Tür in der Praxis besonders achten?,nur das Türblatt zählt im üblichen Berufsalltag,"Türblatt, Dichtung, Schwelle und Montage müssen zusammenwirken",Fugen dürfen offen bleiben unter typischen Arbeitsbedingungen,Dichtungen sind Schmuck nach gängiger Praxis,B,Schallschutz ist nur als funktionierendes Gesamtsystem wirksam.,"Bildungsplan Schreiner/in EFZ, VSSM/SBFI; Schullehrplan Schreiner/in EFZ, BWZ Lyss",https://www.vssm.ch/sites/default/files/vssm/berufsbildung/schreiner_efz/bildungsplan_efz.pdf
schreiner,Schreiner/in EFZ,sch_l16,HKB5,L16,"8. Semester HM: Sanierung, Ökologie, Bauphysik und QV-Repetition",hard,single_choice,Welche Aussage zum Thema schallhemmende Tür passt fachlich am besten?,nur das Türblatt zählt im Werkstattumfeld im normalen Werkstattbetrieb,Fugen dürfen offen bleiben bei sachgemässem Ablauf,"Türblatt, Dichtung, Schwelle und Montage müssen zusammenwirken",Dichtungen sind Schmuck im Produktionsalltag,C,Schallschutz ist nur als funktionierendes Gesamtsystem wirksam.,"Bildungsplan Schreiner/in EFZ, VSSM/SBFI; Schullehrplan Schreiner/in EFZ, BWZ Lyss",https://www.vssm.ch/sites/default/files/vssm/berufsbildung/schreiner_efz/bildungsplan_efz.pdf
schreiner,Schreiner/in EFZ,sch_l16,HKB5,L16,"8. Semester HM: Sanierung, Ökologie, Bauphysik und QV-Repetition",easy,single_choice,Welche Aussage beschreibt Nachhaltigkeitsbeurteilung im Schreinerberuf am besten?,nur den Einkaufspreis bewerten im Rahmen der Routine,Transport und Entsorgung ausblenden bei vergleichbaren Aufgaben,Labels nie prüfen unter typischen Arbeitsbedingungen,"Rohstoffe, Herstellung, Nutzung, Rückbau und Entsorgung betrachten",D,Ökologische Bewertung umfasst den Lebenszyklus eines Baustoffs.,"Bildungsplan Schreiner/in EFZ, VSSM/SBFI; Schullehrplan Schreiner/in EFZ, BWZ Lyss",https://www.vssm.ch/sites/default/files/vssm/berufsbildung/schreiner_efz/bildungsplan_efz.pdf
schreiner,Schreiner/in EFZ,sch_l16,HKB5,L16,"8. Semester HM: Sanierung, Ökologie, Bauphysik und QV-Repetition",medium,single_choice,Worauf muss man beim Thema Nachhaltigkeitsbeurteilung in der Praxis besonders achten?,"Rohstoffe, Herstellung, Nutzung, Rückbau und Entsorgung betrachten",nur den Einkaufspreis bewerten im normalen Werkstattbetrieb,Transport und Entsorgung ausblenden bei sachgemässer Ausführung,Labels nie prüfen bei sachgemässem Ablauf im üblichen Berufsalltag,A,Ökologische Bewertung umfasst den Lebenszyklus eines Baustoffs.,"Bildungsplan Schreiner/in EFZ, VSSM/SBFI; Schullehrplan Schreiner/in EFZ, BWZ Lyss",https://www.vssm.ch/sites/default/files/vssm/berufsbildung/schreiner_efz/bildungsplan_efz.pdf
schreiner,Schreiner/in EFZ,sch_l16,HKB5,L16,"8. Semester HM: Sanierung, Ökologie, Bauphysik und QV-Repetition",hard,single_choice,Welche Aussage zum Thema Nachhaltigkeitsbeurteilung passt fachlich am besten?,nur den Einkaufspreis bewerten im konkreten Auftrag,"Rohstoffe, Herstellung, Nutzung, Rückbau und Entsorgung betrachten",Transport und Entsorgung ausblenden im laufenden Tagesgeschäft,Labels nie prüfen bei vergleichbaren Aufgaben im Werkstattumfeld,B,Ökologische Bewertung umfasst den Lebenszyklus eines Baustoffs.,"Bildungsplan Schreiner/in EFZ, VSSM/SBFI; Schullehrplan Schreiner/in EFZ, BWZ Lyss",https://www.vssm.ch/sites/default/files/vssm/berufsbildung/schreiner_efz/bildungsplan_efz.pdf
schreiner,Schreiner/in EFZ,sch_l16,HKB5,L16,"8. Semester HM: Sanierung, Ökologie, Bauphysik und QV-Repetition",easy,single_choice,Welche Aussage beschreibt QV-Zusammenfassung im Schreinerberuf am besten?,alle Unterlagen unstrukturiert sammeln nach gängiger Praxis,nur Überschriften markieren bei sachgemässer Ausführung,"Inhalte ordnen, Kernbegriffe sichern und Beispiele üben",praktische Beispiele weglassen im üblichen Berufsalltag,C,Gute Zusammenfassungen machen Wissen abrufbar.,"Bildungsplan Schreiner/in EFZ, VSSM/SBFI; Schullehrplan Schreiner/in EFZ, BWZ Lyss",https://www.vssm.ch/sites/default/files/vssm/berufsbildung/schreiner_efz/bildungsplan_efz.pdf
schreiner,Schreiner/in EFZ,sch_l16,HKB5,L16,"8. Semester HM: Sanierung, Ökologie, Bauphysik und QV-Repetition",medium,single_choice,Worauf muss man beim Thema QV-Zusammenfassung in der Praxis besonders achten?,alle Unterlagen unstrukturiert sammeln im Produktionsalltag,nur Überschriften markieren im laufenden Tagesgeschäft,praktische Beispiele weglassen im Werkstattumfeld,"Inhalte ordnen, Kernbegriffe sichern und Beispiele üben",D,Gute Zusammenfassungen machen Wissen abrufbar.,"Bildungsplan Schreiner/in EFZ, VSSM/SBFI; Schullehrplan Schreiner/in EFZ, BWZ Lyss",https://www.vssm.ch/sites/default/files/vssm/berufsbildung/schreiner_efz/bildungsplan_efz.pdf
schreiner,Schreiner/in EFZ,sch_l16,HKB5,L16,"8. Semester HM: Sanierung, Ökologie, Bauphysik und QV-Repetition",hard,single_choice,Welche Aussage zum Thema QV-Zusammenfassung passt fachlich am besten?,"Inhalte ordnen, Kernbegriffe sichern und Beispiele üben",alle Unterlagen unstrukturiert sammeln im Rahmen der Routine,nur Überschriften markieren nach gängiger Praxis,praktische Beispiele weglassen unter typischen Arbeitsbedingungen,A,Gute Zusammenfassungen machen Wissen abrufbar.,"Bildungsplan Schreiner/in EFZ, VSSM/SBFI; Schullehrplan Schreiner/in EFZ, BWZ Lyss",https://www.vssm.ch/sites/default/files/vssm/berufsbildung/schreiner_efz/bildungsplan_efz.pdf
schreiner,Schreiner/in EFZ,sch_l16,HKB5,L16,"8. Semester HM: Sanierung, Ökologie, Bauphysik und QV-Repetition",easy,single_choice,Welche Aussage beschreibt Arbeitsablaufplanung im Schreinerberuf am besten?,ohne Reihenfolge starten im Produktionsalltag bei sachgemässer Ausführung,"Schritte, Material, Werkzeuge, Sicherheit und Kontrolle festlegen",Gefahren erst nachher prüfen bei sachgemässem Ablauf,Material erst bei Montage wählen im normalen Werkstattbetrieb,B,Ablaufplanung verbindet Fachwissen mit sicherer Ausführung.,"Bildungsplan Schreiner/in EFZ, VSSM/SBFI; Schullehrplan Schreiner/in EFZ, BWZ Lyss",https://www.vssm.ch/sites/default/files/vssm/berufsbildung/schreiner_efz/bildungsplan_efz.pdf
schreiner,Schreiner/in EFZ,sch_l16,HKB5,L16,"8. Semester HM: Sanierung, Ökologie, Bauphysik und QV-Repetition",medium,single_choice,Worauf muss man beim Thema Arbeitsablaufplanung in der Praxis besonders achten?,ohne Reihenfolge starten im Rahmen der Routine im laufenden Tagesgeschäft,Gefahren erst nachher prüfen bei vergleichbaren Aufgaben,"Schritte, Material, Werkzeuge, Sicherheit und Kontrolle festlegen",Material erst bei Montage wählen im konkreten Auftrag,C,Ablaufplanung verbindet Fachwissen mit sicherer Ausführung.,"Bildungsplan Schreiner/in EFZ, VSSM/SBFI; Schullehrplan Schreiner/in EFZ, BWZ Lyss",https://www.vssm.ch/sites/default/files/vssm/berufsbildung/schreiner_efz/bildungsplan_efz.pdf
schreiner,Schreiner/in EFZ,sch_l16,HKB5,L16,"8. Semester HM: Sanierung, Ökologie, Bauphysik und QV-Repetition",hard,single_choice,Welche Aussage zum Thema Arbeitsablaufplanung passt fachlich am besten?,ohne Reihenfolge starten im normalen Werkstattbetrieb,Gefahren erst nachher prüfen bei sachgemässer Ausführung,Material erst bei Montage wählen im üblichen Berufsalltag,"Schritte, Material, Werkzeuge, Sicherheit und Kontrolle festlegen",D,Ablaufplanung verbindet Fachwissen mit sicherer Ausführung.,"Bildungsplan Schreiner/in EFZ, VSSM/SBFI; Schullehrplan Schreiner/in EFZ, BWZ Lyss",https://www.vssm.ch/sites/default/files/vssm/berufsbildung/schreiner_efz/bildungsplan_efz.pdf
