course_key,course_name,module_key,module_title,lesson_position,lesson_title,question_type,difficulty,position,question,option_a,option_b,option_c,option_d,correct_option,explanation,source,source_url
strassenbau,Strassenbauer/in EFZ,stb_hk1,Strassenbauarbeiten vorbereiten und ausführen,10,Arbeitssicherheit und Notfall,single_choice,easy,1,Welche Aussage passt am besten zu «PSA»?,PSA vollständig tragen; Zustand prüfen,Helm später holen; Risiko akzeptieren,Warnkleidung weglassen; Sichtbarkeit senken,Schuhe frei wählen; Schutzwirkung mindern,A,"PSA schützt nur, wenn sie vollständig, passend und intakt getragen wird.","Bildungsplan Verkehrswegbau EFZ, Infra Suisse/SBFI",https://infra-suisse.ch/wp-content/uploads/2016/09/bildungsplan-2014_verkehrswegbau_efz_infra.pdf
strassenbau,Strassenbauer/in EFZ,stb_hk1,Strassenbauarbeiten vorbereiten und ausführen,10,Arbeitssicherheit und Notfall,single_choice,medium,2,Was ist bei «Gefahrenzone» fachlich am wichtigsten?,"Absperrung verschieben; Dritte gefährden, anhand klarer Kriterien, mit Blick auf die Folgen, bei Bedarf im Team, im konkreten Fall, anhand klarer Kriterien","Bereich sichern; Zugang regeln, mit Blick auf die Folgen, bei Bedarf im Team, im konkreten Fall, anhand klarer Kriterien, mit Blick auf die Folgen","Maschinen kreuzen; Blickkontakt meiden, bei Bedarf im Team, im konkreten Fall, anhand klarer Kriterien, mit Blick auf die Folgen, bei Bedarf im Team","Lasten unterschreiten; Abstand verlieren, im konkreten Fall, anhand klarer Kriterien, mit Blick auf die Folgen, bei Bedarf im Team, im konkreten Fall",B,Gefahrenzonen müssen erkennbar sein und dürfen nicht unkontrolliert betreten werden.,"Bildungsplan Verkehrswegbau EFZ, Infra Suisse/SBFI",https://infra-suisse.ch/wp-content/uploads/2016/09/bildungsplan-2014_verkehrswegbau_efz_infra.pdf
strassenbau,Strassenbauer/in EFZ,stb_hk1,Strassenbauarbeiten vorbereiten und ausführen,10,Arbeitssicherheit und Notfall,single_choice,medium,3,Welche Vorgehensweise ist im Thema «Notfall» richtig?,Weiterarbeiten; Meldung verzögern,Person bewegen; Gefahr ignorieren,Unfallstelle sichern; Hilfe alarmieren,Werkzeug räumen; Alarm vergessen,C,"Im Notfall gelten Eigenschutz, Sicherung und schnelle Alarmierung.","Bildungsplan Verkehrswegbau EFZ, Infra Suisse/SBFI",https://infra-suisse.ch/wp-content/uploads/2016/09/bildungsplan-2014_verkehrswegbau_efz_infra.pdf
strassenbau,Strassenbauer/in EFZ,stb_hk1,Strassenbauarbeiten vorbereiten und ausführen,10,Arbeitssicherheit und Notfall,single_choice,hard,4,Welche Handlung zeigt ein gutes Verständnis von «Verkehr»?,Fahrspur betreten; Absprache meiden,Rückwärtsgang ignorieren; Warnung überhören,Tempo unterschätzen; Abstand kürzen,Signalisation beachten; Sichtkontakt halten,D,"Arbeiten am Verkehr verlangen klare Signale, Sichtbarkeit und Abstand.","Bildungsplan Verkehrswegbau EFZ, Infra Suisse/SBFI",https://infra-suisse.ch/wp-content/uploads/2016/09/bildungsplan-2014_verkehrswegbau_efz_infra.pdf
strassenbau,Strassenbauer/in EFZ,stb_hk1,Strassenbauarbeiten vorbereiten und ausführen,10,Arbeitssicherheit und Notfall,single_choice,medium,5,Welche Entscheidung ist bei «Gesundheitsschutz» sinnvoll?,"Belastung reduzieren; Pausen einhalten, im konkreten Fall, anhand klarer Kriterien, mit Blick auf die Folgen, bei Bedarf im Team, im konkreten Fall","Staub einatmen; Maske meiden, anhand klarer Kriterien, mit Blick auf die Folgen, bei Bedarf im Team, im konkreten Fall, anhand klarer Kriterien","Hitze verdrängen; Trinken vergessen, mit Blick auf die Folgen, bei Bedarf im Team, im konkreten Fall, anhand klarer Kriterien, mit Blick auf die Folgen","Lärm ignorieren; Schutz ablegen, bei Bedarf im Team, im konkreten Fall, anhand klarer Kriterien, mit Blick auf die Folgen, bei Bedarf im Team",A,"Gesundheitsschutz umfasst Lärm, Staub, Wetter, Ergonomie und Erholung.","Bildungsplan Verkehrswegbau EFZ, Infra Suisse/SBFI",https://infra-suisse.ch/wp-content/uploads/2016/09/bildungsplan-2014_verkehrswegbau_efz_infra.pdf
strassenbau,Strassenbauer/in EFZ,stb_hk1,Strassenbauarbeiten vorbereiten und ausführen,10,Arbeitssicherheit und Notfall,single_choice,easy,6,Welche Aussage passt am besten zu «Sicherheitsmeldung»?,"Zuständigkeit schieben; Beobachtung ignorieren, anhand klarer Kriterien, mit Blick auf die Folgen, bei Bedarf im Team, im konkreten Fall, anhand klarer Kriterien","Gefahr melden; Massnahme einleiten, mit Blick auf die Folgen, bei Bedarf im Team, im konkreten Fall, anhand klarer Kriterien, mit Blick auf die Folgen","Allein entscheiden; Team nicht informieren, bei Bedarf im Team, im konkreten Fall, anhand klarer Kriterien, mit Blick auf die Folgen, bei Bedarf im Team","Fehler verstecken; Risiko dulden, im konkreten Fall, anhand klarer Kriterien, mit Blick auf die Folgen, bei Bedarf im Team, im konkreten Fall",B,Gefahren müssen früh gemeldet und mit passenden Massnahmen reduziert werden.,"Bildungsplan Verkehrswegbau EFZ, Infra Suisse/SBFI",https://infra-suisse.ch/wp-content/uploads/2016/09/bildungsplan-2014_verkehrswegbau_efz_infra.pdf
strassenbau,Strassenbauer/in EFZ,stb_hk1,Strassenbauarbeiten vorbereiten und ausführen,10,Arbeitssicherheit und Notfall,single_choice,medium,7,Was ist bei «PSA» fachlich am wichtigsten?,Warnkleidung weglassen; Sichtbarkeit senken,Schuhe frei wählen; Schutzwirkung mindern,PSA vollständig tragen; Zustand prüfen,Helm später holen; Risiko akzeptieren,C,"PSA schützt nur, wenn sie vollständig, passend und intakt getragen wird.","Bildungsplan Verkehrswegbau EFZ, Infra Suisse/SBFI",https://infra-suisse.ch/wp-content/uploads/2016/09/bildungsplan-2014_verkehrswegbau_efz_infra.pdf
strassenbau,Strassenbauer/in EFZ,stb_hk1,Strassenbauarbeiten vorbereiten und ausführen,10,Arbeitssicherheit und Notfall,single_choice,medium,8,Welche Vorgehensweise ist im Thema «Gefahrenzone» richtig?,"Maschinen kreuzen; Blickkontakt meiden, bei Bedarf im Team, im konkreten Fall, anhand klarer Kriterien, mit Blick auf die Folgen, bei Bedarf im Team","Lasten unterschreiten; Abstand verlieren, im konkreten Fall, anhand klarer Kriterien, mit Blick auf die Folgen, bei Bedarf im Team, im konkreten Fall","Absperrung verschieben; Dritte gefährden, anhand klarer Kriterien, mit Blick auf die Folgen, bei Bedarf im Team, im konkreten Fall, anhand klarer Kriterien","Bereich sichern; Zugang regeln, mit Blick auf die Folgen, bei Bedarf im Team, im konkreten Fall, anhand klarer Kriterien, mit Blick auf die Folgen",D,Gefahrenzonen müssen erkennbar sein und dürfen nicht unkontrolliert betreten werden.,"Bildungsplan Verkehrswegbau EFZ, Infra Suisse/SBFI",https://infra-suisse.ch/wp-content/uploads/2016/09/bildungsplan-2014_verkehrswegbau_efz_infra.pdf
strassenbau,Strassenbauer/in EFZ,stb_hk1,Strassenbauarbeiten vorbereiten und ausführen,10,Arbeitssicherheit und Notfall,single_choice,hard,9,Welche Handlung zeigt ein gutes Verständnis von «Notfall»?,Unfallstelle sichern; Hilfe alarmieren,Werkzeug räumen; Alarm vergessen,Weiterarbeiten; Meldung verzögern,Person bewegen; Gefahr ignorieren,A,"Im Notfall gelten Eigenschutz, Sicherung und schnelle Alarmierung.","Bildungsplan Verkehrswegbau EFZ, Infra Suisse/SBFI",https://infra-suisse.ch/wp-content/uploads/2016/09/bildungsplan-2014_verkehrswegbau_efz_infra.pdf
strassenbau,Strassenbauer/in EFZ,stb_hk1,Strassenbauarbeiten vorbereiten und ausführen,10,Arbeitssicherheit und Notfall,single_choice,medium,10,Welche Entscheidung ist bei «Verkehr» sinnvoll?,Tempo unterschätzen; Abstand kürzen,Signalisation beachten; Sichtkontakt halten,Fahrspur betreten; Absprache meiden,Rückwärtsgang ignorieren; Warnung überhören,B,"Arbeiten am Verkehr verlangen klare Signale, Sichtbarkeit und Abstand.","Bildungsplan Verkehrswegbau EFZ, Infra Suisse/SBFI",https://infra-suisse.ch/wp-content/uploads/2016/09/bildungsplan-2014_verkehrswegbau_efz_infra.pdf
strassenbau,Strassenbauer/in EFZ,stb_hk1,Strassenbauarbeiten vorbereiten und ausführen,10,Arbeitssicherheit und Notfall,single_choice,easy,11,Welche Aussage passt am besten zu «Gesundheitsschutz»?,"Hitze verdrängen; Trinken vergessen, mit Blick auf die Folgen, bei Bedarf im Team, im konkreten Fall, anhand klarer Kriterien, mit Blick auf die Folgen","Lärm ignorieren; Schutz ablegen, bei Bedarf im Team, im konkreten Fall, anhand klarer Kriterien, mit Blick auf die Folgen, bei Bedarf im Team","Belastung reduzieren; Pausen einhalten, im konkreten Fall, anhand klarer Kriterien, mit Blick auf die Folgen, bei Bedarf im Team, im konkreten Fall","Staub einatmen; Maske meiden, anhand klarer Kriterien, mit Blick auf die Folgen, bei Bedarf im Team, im konkreten Fall, anhand klarer Kriterien",C,"Gesundheitsschutz umfasst Lärm, Staub, Wetter, Ergonomie und Erholung.","Bildungsplan Verkehrswegbau EFZ, Infra Suisse/SBFI",https://infra-suisse.ch/wp-content/uploads/2016/09/bildungsplan-2014_verkehrswegbau_efz_infra.pdf
strassenbau,Strassenbauer/in EFZ,stb_hk1,Strassenbauarbeiten vorbereiten und ausführen,10,Arbeitssicherheit und Notfall,single_choice,medium,12,Was ist bei «Sicherheitsmeldung» fachlich am wichtigsten?,"Allein entscheiden; Team nicht informieren, bei Bedarf im Team, im konkreten Fall, anhand klarer Kriterien, mit Blick auf die Folgen, bei Bedarf im Team","Fehler verstecken; Risiko dulden, im konkreten Fall, anhand klarer Kriterien, mit Blick auf die Folgen, bei Bedarf im Team, im konkreten Fall","Zuständigkeit schieben; Beobachtung ignorieren, anhand klarer Kriterien, mit Blick auf die Folgen, bei Bedarf im Team, im konkreten Fall, anhand klarer Kriterien","Gefahr melden; Massnahme einleiten, mit Blick auf die Folgen, bei Bedarf im Team, im konkreten Fall, anhand klarer Kriterien, mit Blick auf die Folgen",D,Gefahren müssen früh gemeldet und mit passenden Massnahmen reduziert werden.,"Bildungsplan Verkehrswegbau EFZ, Infra Suisse/SBFI",https://infra-suisse.ch/wp-content/uploads/2016/09/bildungsplan-2014_verkehrswegbau_efz_infra.pdf
strassenbau,Strassenbauer/in EFZ,stb_hk1,Strassenbauarbeiten vorbereiten und ausführen,10,Arbeitssicherheit und Notfall,single_choice,medium,13,Welche Vorgehensweise ist im Thema «PSA» richtig?,PSA vollständig tragen; Zustand prüfen,Helm später holen; Risiko akzeptieren,Warnkleidung weglassen; Sichtbarkeit senken,Schuhe frei wählen; Schutzwirkung mindern,A,"PSA schützt nur, wenn sie vollständig, passend und intakt getragen wird.","Bildungsplan Verkehrswegbau EFZ, Infra Suisse/SBFI",https://infra-suisse.ch/wp-content/uploads/2016/09/bildungsplan-2014_verkehrswegbau_efz_infra.pdf
strassenbau,Strassenbauer/in EFZ,stb_hk1,Strassenbauarbeiten vorbereiten und ausführen,10,Arbeitssicherheit und Notfall,single_choice,hard,14,Welche Handlung zeigt ein gutes Verständnis von «Gefahrenzone»?,"Absperrung verschieben; Dritte gefährden, anhand klarer Kriterien, mit Blick auf die Folgen, bei Bedarf im Team, im konkreten Fall, anhand klarer Kriterien","Bereich sichern; Zugang regeln, mit Blick auf die Folgen, bei Bedarf im Team, im konkreten Fall, anhand klarer Kriterien, mit Blick auf die Folgen","Maschinen kreuzen; Blickkontakt meiden, bei Bedarf im Team, im konkreten Fall, anhand klarer Kriterien, mit Blick auf die Folgen, bei Bedarf im Team","Lasten unterschreiten; Abstand verlieren, im konkreten Fall, anhand klarer Kriterien, mit Blick auf die Folgen, bei Bedarf im Team, im konkreten Fall",B,Gefahrenzonen müssen erkennbar sein und dürfen nicht unkontrolliert betreten werden.,"Bildungsplan Verkehrswegbau EFZ, Infra Suisse/SBFI",https://infra-suisse.ch/wp-content/uploads/2016/09/bildungsplan-2014_verkehrswegbau_efz_infra.pdf
strassenbau,Strassenbauer/in EFZ,stb_hk1,Strassenbauarbeiten vorbereiten und ausführen,10,Arbeitssicherheit und Notfall,single_choice,medium,15,Welche Entscheidung ist bei «Notfall» sinnvoll?,Weiterarbeiten; Meldung verzögern,Person bewegen; Gefahr ignorieren,Unfallstelle sichern; Hilfe alarmieren,Werkzeug räumen; Alarm vergessen,C,"Im Notfall gelten Eigenschutz, Sicherung und schnelle Alarmierung.","Bildungsplan Verkehrswegbau EFZ, Infra Suisse/SBFI",https://infra-suisse.ch/wp-content/uploads/2016/09/bildungsplan-2014_verkehrswegbau_efz_infra.pdf
strassenbau,Strassenbauer/in EFZ,stb_hk1,Strassenbauarbeiten vorbereiten und ausführen,10,Arbeitssicherheit und Notfall,single_choice,easy,16,Welche Aussage passt am besten zu «Verkehr»?,Fahrspur betreten; Absprache meiden,Rückwärtsgang ignorieren; Warnung überhören,Tempo unterschätzen; Abstand kürzen,Signalisation beachten; Sichtkontakt halten,D,"Arbeiten am Verkehr verlangen klare Signale, Sichtbarkeit und Abstand.","Bildungsplan Verkehrswegbau EFZ, Infra Suisse/SBFI",https://infra-suisse.ch/wp-content/uploads/2016/09/bildungsplan-2014_verkehrswegbau_efz_infra.pdf
strassenbau,Strassenbauer/in EFZ,stb_hk1,Strassenbauarbeiten vorbereiten und ausführen,10,Arbeitssicherheit und Notfall,single_choice,medium,17,Was ist bei «Gesundheitsschutz» fachlich am wichtigsten?,"Belastung reduzieren; Pausen einhalten, im konkreten Fall, anhand klarer Kriterien, mit Blick auf die Folgen, bei Bedarf im Team, im konkreten Fall","Staub einatmen; Maske meiden, anhand klarer Kriterien, mit Blick auf die Folgen, bei Bedarf im Team, im konkreten Fall, anhand klarer Kriterien","Hitze verdrängen; Trinken vergessen, mit Blick auf die Folgen, bei Bedarf im Team, im konkreten Fall, anhand klarer Kriterien, mit Blick auf die Folgen","Lärm ignorieren; Schutz ablegen, bei Bedarf im Team, im konkreten Fall, anhand klarer Kriterien, mit Blick auf die Folgen, bei Bedarf im Team",A,"Gesundheitsschutz umfasst Lärm, Staub, Wetter, Ergonomie und Erholung.","Bildungsplan Verkehrswegbau EFZ, Infra Suisse/SBFI",https://infra-suisse.ch/wp-content/uploads/2016/09/bildungsplan-2014_verkehrswegbau_efz_infra.pdf
strassenbau,Strassenbauer/in EFZ,stb_hk1,Strassenbauarbeiten vorbereiten und ausführen,10,Arbeitssicherheit und Notfall,single_choice,medium,18,Welche Vorgehensweise ist im Thema «Sicherheitsmeldung» richtig?,"Zuständigkeit schieben; Beobachtung ignorieren, anhand klarer Kriterien, mit Blick auf die Folgen, bei Bedarf im Team, im konkreten Fall, anhand klarer Kriterien","Gefahr melden; Massnahme einleiten, mit Blick auf die Folgen, bei Bedarf im Team, im konkreten Fall, anhand klarer Kriterien, mit Blick auf die Folgen","Allein entscheiden; Team nicht informieren, bei Bedarf im Team, im konkreten Fall, anhand klarer Kriterien, mit Blick auf die Folgen, bei Bedarf im Team","Fehler verstecken; Risiko dulden, im konkreten Fall, anhand klarer Kriterien, mit Blick auf die Folgen, bei Bedarf im Team, im konkreten Fall",B,Gefahren müssen früh gemeldet und mit passenden Massnahmen reduziert werden.,"Bildungsplan Verkehrswegbau EFZ, Infra Suisse/SBFI",https://infra-suisse.ch/wp-content/uploads/2016/09/bildungsplan-2014_verkehrswegbau_efz_infra.pdf
strassenbau,Strassenbauer/in EFZ,stb_hk1,Strassenbauarbeiten vorbereiten und ausführen,10,Arbeitssicherheit und Notfall,single_choice,hard,19,Welche Handlung zeigt ein gutes Verständnis von «PSA»?,Warnkleidung weglassen; Sichtbarkeit senken,Schuhe frei wählen; Schutzwirkung mindern,PSA vollständig tragen; Zustand prüfen,Helm später holen; Risiko akzeptieren,C,"PSA schützt nur, wenn sie vollständig, passend und intakt getragen wird.","Bildungsplan Verkehrswegbau EFZ, Infra Suisse/SBFI",https://infra-suisse.ch/wp-content/uploads/2016/09/bildungsplan-2014_verkehrswegbau_efz_infra.pdf
strassenbau,Strassenbauer/in EFZ,stb_hk1,Strassenbauarbeiten vorbereiten und ausführen,10,Arbeitssicherheit und Notfall,single_choice,medium,20,Welche Entscheidung ist bei «Gefahrenzone» sinnvoll?,"Maschinen kreuzen; Blickkontakt meiden, bei Bedarf im Team, im konkreten Fall, anhand klarer Kriterien, mit Blick auf die Folgen, bei Bedarf im Team","Lasten unterschreiten; Abstand verlieren, im konkreten Fall, anhand klarer Kriterien, mit Blick auf die Folgen, bei Bedarf im Team, im konkreten Fall","Absperrung verschieben; Dritte gefährden, anhand klarer Kriterien, mit Blick auf die Folgen, bei Bedarf im Team, im konkreten Fall, anhand klarer Kriterien","Bereich sichern; Zugang regeln, mit Blick auf die Folgen, bei Bedarf im Team, im konkreten Fall, anhand klarer Kriterien, mit Blick auf die Folgen",D,Gefahrenzonen müssen erkennbar sein und dürfen nicht unkontrolliert betreten werden.,"Bildungsplan Verkehrswegbau EFZ, Infra Suisse/SBFI",https://infra-suisse.ch/wp-content/uploads/2016/09/bildungsplan-2014_verkehrswegbau_efz_infra.pdf
strassenbau,Strassenbauer/in EFZ,stb_hk1,Strassenbauarbeiten vorbereiten und ausführen,10,Arbeitssicherheit und Notfall,single_choice,easy,21,Welche Aussage passt am besten zu «Notfall»?,Unfallstelle sichern; Hilfe alarmieren,Werkzeug räumen; Alarm vergessen,Weiterarbeiten; Meldung verzögern,Person bewegen; Gefahr ignorieren,A,"Im Notfall gelten Eigenschutz, Sicherung und schnelle Alarmierung.","Bildungsplan Verkehrswegbau EFZ, Infra Suisse/SBFI",https://infra-suisse.ch/wp-content/uploads/2016/09/bildungsplan-2014_verkehrswegbau_efz_infra.pdf
strassenbau,Strassenbauer/in EFZ,stb_hk1,Strassenbauarbeiten vorbereiten und ausführen,10,Arbeitssicherheit und Notfall,single_choice,medium,22,Was ist bei «Verkehr» fachlich am wichtigsten?,Tempo unterschätzen; Abstand kürzen,Signalisation beachten; Sichtkontakt halten,Fahrspur betreten; Absprache meiden,Rückwärtsgang ignorieren; Warnung überhören,B,"Arbeiten am Verkehr verlangen klare Signale, Sichtbarkeit und Abstand.","Bildungsplan Verkehrswegbau EFZ, Infra Suisse/SBFI",https://infra-suisse.ch/wp-content/uploads/2016/09/bildungsplan-2014_verkehrswegbau_efz_infra.pdf
strassenbau,Strassenbauer/in EFZ,stb_hk1,Strassenbauarbeiten vorbereiten und ausführen,10,Arbeitssicherheit und Notfall,single_choice,medium,23,Welche Vorgehensweise ist im Thema «Gesundheitsschutz» richtig?,"Hitze verdrängen; Trinken vergessen, mit Blick auf die Folgen, bei Bedarf im Team, im konkreten Fall, anhand klarer Kriterien, mit Blick auf die Folgen","Lärm ignorieren; Schutz ablegen, bei Bedarf im Team, im konkreten Fall, anhand klarer Kriterien, mit Blick auf die Folgen, bei Bedarf im Team","Belastung reduzieren; Pausen einhalten, im konkreten Fall, anhand klarer Kriterien, mit Blick auf die Folgen, bei Bedarf im Team, im konkreten Fall","Staub einatmen; Maske meiden, anhand klarer Kriterien, mit Blick auf die Folgen, bei Bedarf im Team, im konkreten Fall, anhand klarer Kriterien",C,"Gesundheitsschutz umfasst Lärm, Staub, Wetter, Ergonomie und Erholung.","Bildungsplan Verkehrswegbau EFZ, Infra Suisse/SBFI",https://infra-suisse.ch/wp-content/uploads/2016/09/bildungsplan-2014_verkehrswegbau_efz_infra.pdf
strassenbau,Strassenbauer/in EFZ,stb_hk1,Strassenbauarbeiten vorbereiten und ausführen,10,Arbeitssicherheit und Notfall,single_choice,hard,24,Welche Handlung zeigt ein gutes Verständnis von «Sicherheitsmeldung»?,"Allein entscheiden; Team nicht informieren, bei Bedarf im Team, im konkreten Fall, anhand klarer Kriterien, mit Blick auf die Folgen, bei Bedarf im Team","Fehler verstecken; Risiko dulden, im konkreten Fall, anhand klarer Kriterien, mit Blick auf die Folgen, bei Bedarf im Team, im konkreten Fall","Zuständigkeit schieben; Beobachtung ignorieren, anhand klarer Kriterien, mit Blick auf die Folgen, bei Bedarf im Team, im konkreten Fall, anhand klarer Kriterien","Gefahr melden; Massnahme einleiten, mit Blick auf die Folgen, bei Bedarf im Team, im konkreten Fall, anhand klarer Kriterien, mit Blick auf die Folgen",D,Gefahren müssen früh gemeldet und mit passenden Massnahmen reduziert werden.,"Bildungsplan Verkehrswegbau EFZ, Infra Suisse/SBFI",https://infra-suisse.ch/wp-content/uploads/2016/09/bildungsplan-2014_verkehrswegbau_efz_infra.pdf
strassenbau,Strassenbauer/in EFZ,stb_hk1,Strassenbauarbeiten vorbereiten und ausführen,10,Arbeitssicherheit und Notfall,single_choice,medium,25,Welche Entscheidung ist bei «PSA» sinnvoll?,PSA vollständig tragen; Zustand prüfen,Helm später holen; Risiko akzeptieren,Warnkleidung weglassen; Sichtbarkeit senken,Schuhe frei wählen; Schutzwirkung mindern,A,"PSA schützt nur, wenn sie vollständig, passend und intakt getragen wird.","Bildungsplan Verkehrswegbau EFZ, Infra Suisse/SBFI",https://infra-suisse.ch/wp-content/uploads/2016/09/bildungsplan-2014_verkehrswegbau_efz_infra.pdf
strassenbau,Strassenbauer/in EFZ,stb_hk1,Strassenbauarbeiten vorbereiten und ausführen,10,Arbeitssicherheit und Notfall,single_choice,easy,26,Welche Aussage passt am besten zu «Gefahrenzone»?,"Absperrung verschieben; Dritte gefährden, anhand klarer Kriterien, mit Blick auf die Folgen, bei Bedarf im Team, im konkreten Fall, anhand klarer Kriterien","Bereich sichern; Zugang regeln, mit Blick auf die Folgen, bei Bedarf im Team, im konkreten Fall, anhand klarer Kriterien, mit Blick auf die Folgen","Maschinen kreuzen; Blickkontakt meiden, bei Bedarf im Team, im konkreten Fall, anhand klarer Kriterien, mit Blick auf die Folgen, bei Bedarf im Team","Lasten unterschreiten; Abstand verlieren, im konkreten Fall, anhand klarer Kriterien, mit Blick auf die Folgen, bei Bedarf im Team, im konkreten Fall",B,Gefahrenzonen müssen erkennbar sein und dürfen nicht unkontrolliert betreten werden.,"Bildungsplan Verkehrswegbau EFZ, Infra Suisse/SBFI",https://infra-suisse.ch/wp-content/uploads/2016/09/bildungsplan-2014_verkehrswegbau_efz_infra.pdf
strassenbau,Strassenbauer/in EFZ,stb_hk1,Strassenbauarbeiten vorbereiten und ausführen,10,Arbeitssicherheit und Notfall,single_choice,medium,27,Was ist bei «Notfall» fachlich am wichtigsten?,Weiterarbeiten; Meldung verzögern,Person bewegen; Gefahr ignorieren,Unfallstelle sichern; Hilfe alarmieren,Werkzeug räumen; Alarm vergessen,C,"Im Notfall gelten Eigenschutz, Sicherung und schnelle Alarmierung.","Bildungsplan Verkehrswegbau EFZ, Infra Suisse/SBFI",https://infra-suisse.ch/wp-content/uploads/2016/09/bildungsplan-2014_verkehrswegbau_efz_infra.pdf
strassenbau,Strassenbauer/in EFZ,stb_hk1,Strassenbauarbeiten vorbereiten und ausführen,10,Arbeitssicherheit und Notfall,single_choice,medium,28,Welche Vorgehensweise ist im Thema «Verkehr» richtig?,Fahrspur betreten; Absprache meiden,Rückwärtsgang ignorieren; Warnung überhören,Tempo unterschätzen; Abstand kürzen,Signalisation beachten; Sichtkontakt halten,D,"Arbeiten am Verkehr verlangen klare Signale, Sichtbarkeit und Abstand.","Bildungsplan Verkehrswegbau EFZ, Infra Suisse/SBFI",https://infra-suisse.ch/wp-content/uploads/2016/09/bildungsplan-2014_verkehrswegbau_efz_infra.pdf
strassenbau,Strassenbauer/in EFZ,stb_hk1,Strassenbauarbeiten vorbereiten und ausführen,10,Arbeitssicherheit und Notfall,single_choice,hard,29,Welche Handlung zeigt ein gutes Verständnis von «Gesundheitsschutz»?,"Belastung reduzieren; Pausen einhalten, im konkreten Fall, anhand klarer Kriterien, mit Blick auf die Folgen, bei Bedarf im Team, im konkreten Fall","Staub einatmen; Maske meiden, anhand klarer Kriterien, mit Blick auf die Folgen, bei Bedarf im Team, im konkreten Fall, anhand klarer Kriterien","Hitze verdrängen; Trinken vergessen, mit Blick auf die Folgen, bei Bedarf im Team, im konkreten Fall, anhand klarer Kriterien, mit Blick auf die Folgen","Lärm ignorieren; Schutz ablegen, bei Bedarf im Team, im konkreten Fall, anhand klarer Kriterien, mit Blick auf die Folgen, bei Bedarf im Team",A,"Gesundheitsschutz umfasst Lärm, Staub, Wetter, Ergonomie und Erholung.","Bildungsplan Verkehrswegbau EFZ, Infra Suisse/SBFI",https://infra-suisse.ch/wp-content/uploads/2016/09/bildungsplan-2014_verkehrswegbau_efz_infra.pdf
strassenbau,Strassenbauer/in EFZ,stb_hk1,Strassenbauarbeiten vorbereiten und ausführen,10,Arbeitssicherheit und Notfall,single_choice,medium,30,Welche Entscheidung ist bei «Sicherheitsmeldung» sinnvoll?,"Zuständigkeit schieben; Beobachtung ignorieren, anhand klarer Kriterien, mit Blick auf die Folgen, bei Bedarf im Team, im konkreten Fall, anhand klarer Kriterien","Gefahr melden; Massnahme einleiten, mit Blick auf die Folgen, bei Bedarf im Team, im konkreten Fall, anhand klarer Kriterien, mit Blick auf die Folgen","Allein entscheiden; Team nicht informieren, bei Bedarf im Team, im konkreten Fall, anhand klarer Kriterien, mit Blick auf die Folgen, bei Bedarf im Team","Fehler verstecken; Risiko dulden, im konkreten Fall, anhand klarer Kriterien, mit Blick auf die Folgen, bei Bedarf im Team, im konkreten Fall",B,Gefahren müssen früh gemeldet und mit passenden Massnahmen reduziert werden.,"Bildungsplan Verkehrswegbau EFZ, Infra Suisse/SBFI",https://infra-suisse.ch/wp-content/uploads/2016/09/bildungsplan-2014_verkehrswegbau_efz_infra.pdf
strassenbau,Strassenbauer/in EFZ,stb_hk1,Strassenbauarbeiten vorbereiten und ausführen,20,Arbeitsvorbereitung,single_choice,easy,1,Welche Aussage passt am besten zu «Auftrag lesen»?,Vorgaben klären; Plan verstehen,Material raten; Masse schätzen,Ablauf starten; Risiken ignorieren,Fragen vermeiden; Plan weglegen,A,"Gute Vorbereitung beginnt mit Auftrag, Plan und Sicherheitsvorgaben.","Bildungsplan Verkehrswegbau EFZ, Infra Suisse/SBFI",https://infra-suisse.ch/wp-content/uploads/2016/09/bildungsplan-2014_verkehrswegbau_efz_infra.pdf
strassenbau,Strassenbauer/in EFZ,stb_hk1,Strassenbauarbeiten vorbereiten und ausführen,20,Arbeitsvorbereitung,single_choice,medium,2,Was ist bei «Material bereitstellen» fachlich am wichtigsten?,Alles mitnehmen; Ordnung verlieren,Bedarf prüfen; Mengen abstimmen,Zu spät bestellen; Team blockieren,Resten vertrauen; Qualität ignorieren,B,Material wird passend zum Auftrag und zur Arbeitsfolge bereitgestellt.,"Bildungsplan Verkehrswegbau EFZ, Infra Suisse/SBFI",https://infra-suisse.ch/wp-content/uploads/2016/09/bildungsplan-2014_verkehrswegbau_efz_infra.pdf
strassenbau,Strassenbauer/in EFZ,stb_hk1,Strassenbauarbeiten vorbereiten und ausführen,20,Arbeitsvorbereitung,single_choice,medium,3,Welche Vorgehensweise ist im Thema «Arbeitsreihenfolge» richtig?,Zufällig beginnen; Folgearbeiten stören,Wartezeiten erzeugen; Maschinen blockieren,Ablauf planen; Abhängigkeiten beachten,Kontrollen auslassen; Schnittstellen meiden,C,Die richtige Reihenfolge spart Zeit und verhindert Ausführungsfehler.,"Bildungsplan Verkehrswegbau EFZ, Infra Suisse/SBFI",https://infra-suisse.ch/wp-content/uploads/2016/09/bildungsplan-2014_verkehrswegbau_efz_infra.pdf
strassenbau,Strassenbauer/in EFZ,stb_hk1,Strassenbauarbeiten vorbereiten und ausführen,20,Arbeitsvorbereitung,single_choice,hard,4,Welche Handlung zeigt ein gutes Verständnis von «Werkzeuge»?,Defekte nutzen; Risiko erhöhen,Falsches Gerät wählen; Zeit verlieren,Wartung ignorieren; Ausfall riskieren,Eignung prüfen; Sicher bereitstellen,D,"Werkzeuge müssen für Aufgabe, Sicherheit und Qualität geeignet sein.","Bildungsplan Verkehrswegbau EFZ, Infra Suisse/SBFI",https://infra-suisse.ch/wp-content/uploads/2016/09/bildungsplan-2014_verkehrswegbau_efz_infra.pdf
strassenbau,Strassenbauer/in EFZ,stb_hk1,Strassenbauarbeiten vorbereiten und ausführen,20,Arbeitsvorbereitung,single_choice,medium,5,Welche Entscheidung ist bei «Teamabsprache» sinnvoll?,Rollen klären; Information teilen,Allein handeln; Schnittstelle meiden,Wechsel verschweigen; Absprachen umgehen,Annahmen treffen; Missverständnis fördern,A,Teamarbeit braucht klare Zuständigkeiten und gemeinsame Informationen.,"Bildungsplan Verkehrswegbau EFZ, Infra Suisse/SBFI",https://infra-suisse.ch/wp-content/uploads/2016/09/bildungsplan-2014_verkehrswegbau_efz_infra.pdf
strassenbau,Strassenbauer/in EFZ,stb_hk1,Strassenbauarbeiten vorbereiten und ausführen,20,Arbeitsvorbereitung,single_choice,easy,6,Welche Aussage passt am besten zu «Wetter und Umgebung»?,Wasser stehen lassen; Boden schwächen,Einfluss prüfen; Massnahmen planen,Hitze unterschätzen; Belag gefährden,Wetter ignorieren; Qualität riskieren,B,"Wetter und Umgebung beeinflussen Sicherheit, Material und Ausführung.","Bildungsplan Verkehrswegbau EFZ, Infra Suisse/SBFI",https://infra-suisse.ch/wp-content/uploads/2016/09/bildungsplan-2014_verkehrswegbau_efz_infra.pdf
strassenbau,Strassenbauer/in EFZ,stb_hk1,Strassenbauarbeiten vorbereiten und ausführen,20,Arbeitsvorbereitung,single_choice,medium,7,Was ist bei «Auftrag lesen» fachlich am wichtigsten?,Ablauf starten; Risiken ignorieren,Fragen vermeiden; Plan weglegen,Vorgaben klären; Plan verstehen,Material raten; Masse schätzen,C,"Gute Vorbereitung beginnt mit Auftrag, Plan und Sicherheitsvorgaben.","Bildungsplan Verkehrswegbau EFZ, Infra Suisse/SBFI",https://infra-suisse.ch/wp-content/uploads/2016/09/bildungsplan-2014_verkehrswegbau_efz_infra.pdf
strassenbau,Strassenbauer/in EFZ,stb_hk1,Strassenbauarbeiten vorbereiten und ausführen,20,Arbeitsvorbereitung,single_choice,medium,8,Welche Vorgehensweise ist im Thema «Material bereitstellen» richtig?,Zu spät bestellen; Team blockieren,Resten vertrauen; Qualität ignorieren,Alles mitnehmen; Ordnung verlieren,Bedarf prüfen; Mengen abstimmen,D,Material wird passend zum Auftrag und zur Arbeitsfolge bereitgestellt.,"Bildungsplan Verkehrswegbau EFZ, Infra Suisse/SBFI",https://infra-suisse.ch/wp-content/uploads/2016/09/bildungsplan-2014_verkehrswegbau_efz_infra.pdf
strassenbau,Strassenbauer/in EFZ,stb_hk1,Strassenbauarbeiten vorbereiten und ausführen,20,Arbeitsvorbereitung,single_choice,hard,9,Welche Handlung zeigt ein gutes Verständnis von «Arbeitsreihenfolge»?,Ablauf planen; Abhängigkeiten beachten,Kontrollen auslassen; Schnittstellen meiden,Zufällig beginnen; Folgearbeiten stören,Wartezeiten erzeugen; Maschinen blockieren,A,Die richtige Reihenfolge spart Zeit und verhindert Ausführungsfehler.,"Bildungsplan Verkehrswegbau EFZ, Infra Suisse/SBFI",https://infra-suisse.ch/wp-content/uploads/2016/09/bildungsplan-2014_verkehrswegbau_efz_infra.pdf
strassenbau,Strassenbauer/in EFZ,stb_hk1,Strassenbauarbeiten vorbereiten und ausführen,20,Arbeitsvorbereitung,single_choice,medium,10,Welche Entscheidung ist bei «Werkzeuge» sinnvoll?,Wartung ignorieren; Ausfall riskieren,Eignung prüfen; Sicher bereitstellen,Defekte nutzen; Risiko erhöhen,Falsches Gerät wählen; Zeit verlieren,B,"Werkzeuge müssen für Aufgabe, Sicherheit und Qualität geeignet sein.","Bildungsplan Verkehrswegbau EFZ, Infra Suisse/SBFI",https://infra-suisse.ch/wp-content/uploads/2016/09/bildungsplan-2014_verkehrswegbau_efz_infra.pdf
strassenbau,Strassenbauer/in EFZ,stb_hk1,Strassenbauarbeiten vorbereiten und ausführen,20,Arbeitsvorbereitung,single_choice,easy,11,Welche Aussage passt am besten zu «Teamabsprache»?,Wechsel verschweigen; Absprachen umgehen,Annahmen treffen; Missverständnis fördern,Rollen klären; Information teilen,Allein handeln; Schnittstelle meiden,C,Teamarbeit braucht klare Zuständigkeiten und gemeinsame Informationen.,"Bildungsplan Verkehrswegbau EFZ, Infra Suisse/SBFI",https://infra-suisse.ch/wp-content/uploads/2016/09/bildungsplan-2014_verkehrswegbau_efz_infra.pdf
strassenbau,Strassenbauer/in EFZ,stb_hk1,Strassenbauarbeiten vorbereiten und ausführen,20,Arbeitsvorbereitung,single_choice,medium,12,Was ist bei «Wetter und Umgebung» fachlich am wichtigsten?,Hitze unterschätzen; Belag gefährden,Wetter ignorieren; Qualität riskieren,Wasser stehen lassen; Boden schwächen,Einfluss prüfen; Massnahmen planen,D,"Wetter und Umgebung beeinflussen Sicherheit, Material und Ausführung.","Bildungsplan Verkehrswegbau EFZ, Infra Suisse/SBFI",https://infra-suisse.ch/wp-content/uploads/2016/09/bildungsplan-2014_verkehrswegbau_efz_infra.pdf
strassenbau,Strassenbauer/in EFZ,stb_hk1,Strassenbauarbeiten vorbereiten und ausführen,20,Arbeitsvorbereitung,single_choice,medium,13,Welche Vorgehensweise ist im Thema «Auftrag lesen» richtig?,Vorgaben klären; Plan verstehen,Material raten; Masse schätzen,Ablauf starten; Risiken ignorieren,Fragen vermeiden; Plan weglegen,A,"Gute Vorbereitung beginnt mit Auftrag, Plan und Sicherheitsvorgaben.","Bildungsplan Verkehrswegbau EFZ, Infra Suisse/SBFI",https://infra-suisse.ch/wp-content/uploads/2016/09/bildungsplan-2014_verkehrswegbau_efz_infra.pdf
strassenbau,Strassenbauer/in EFZ,stb_hk1,Strassenbauarbeiten vorbereiten und ausführen,20,Arbeitsvorbereitung,single_choice,hard,14,Welche Handlung zeigt ein gutes Verständnis von «Material bereitstellen»?,Alles mitnehmen; Ordnung verlieren,Bedarf prüfen; Mengen abstimmen,Zu spät bestellen; Team blockieren,Resten vertrauen; Qualität ignorieren,B,Material wird passend zum Auftrag und zur Arbeitsfolge bereitgestellt.,"Bildungsplan Verkehrswegbau EFZ, Infra Suisse/SBFI",https://infra-suisse.ch/wp-content/uploads/2016/09/bildungsplan-2014_verkehrswegbau_efz_infra.pdf
strassenbau,Strassenbauer/in EFZ,stb_hk1,Strassenbauarbeiten vorbereiten und ausführen,20,Arbeitsvorbereitung,single_choice,medium,15,Welche Entscheidung ist bei «Arbeitsreihenfolge» sinnvoll?,Zufällig beginnen; Folgearbeiten stören,Wartezeiten erzeugen; Maschinen blockieren,Ablauf planen; Abhängigkeiten beachten,Kontrollen auslassen; Schnittstellen meiden,C,Die richtige Reihenfolge spart Zeit und verhindert Ausführungsfehler.,"Bildungsplan Verkehrswegbau EFZ, Infra Suisse/SBFI",https://infra-suisse.ch/wp-content/uploads/2016/09/bildungsplan-2014_verkehrswegbau_efz_infra.pdf
strassenbau,Strassenbauer/in EFZ,stb_hk1,Strassenbauarbeiten vorbereiten und ausführen,20,Arbeitsvorbereitung,single_choice,easy,16,Welche Aussage passt am besten zu «Werkzeuge»?,Defekte nutzen; Risiko erhöhen,Falsches Gerät wählen; Zeit verlieren,Wartung ignorieren; Ausfall riskieren,Eignung prüfen; Sicher bereitstellen,D,"Werkzeuge müssen für Aufgabe, Sicherheit und Qualität geeignet sein.","Bildungsplan Verkehrswegbau EFZ, Infra Suisse/SBFI",https://infra-suisse.ch/wp-content/uploads/2016/09/bildungsplan-2014_verkehrswegbau_efz_infra.pdf
strassenbau,Strassenbauer/in EFZ,stb_hk1,Strassenbauarbeiten vorbereiten und ausführen,20,Arbeitsvorbereitung,single_choice,medium,17,Was ist bei «Teamabsprache» fachlich am wichtigsten?,Rollen klären; Information teilen,Allein handeln; Schnittstelle meiden,Wechsel verschweigen; Absprachen umgehen,Annahmen treffen; Missverständnis fördern,A,Teamarbeit braucht klare Zuständigkeiten und gemeinsame Informationen.,"Bildungsplan Verkehrswegbau EFZ, Infra Suisse/SBFI",https://infra-suisse.ch/wp-content/uploads/2016/09/bildungsplan-2014_verkehrswegbau_efz_infra.pdf
strassenbau,Strassenbauer/in EFZ,stb_hk1,Strassenbauarbeiten vorbereiten und ausführen,20,Arbeitsvorbereitung,single_choice,medium,18,Welche Vorgehensweise ist im Thema «Wetter und Umgebung» richtig?,Wasser stehen lassen; Boden schwächen,Einfluss prüfen; Massnahmen planen,Hitze unterschätzen; Belag gefährden,Wetter ignorieren; Qualität riskieren,B,"Wetter und Umgebung beeinflussen Sicherheit, Material und Ausführung.","Bildungsplan Verkehrswegbau EFZ, Infra Suisse/SBFI",https://infra-suisse.ch/wp-content/uploads/2016/09/bildungsplan-2014_verkehrswegbau_efz_infra.pdf
strassenbau,Strassenbauer/in EFZ,stb_hk1,Strassenbauarbeiten vorbereiten und ausführen,20,Arbeitsvorbereitung,single_choice,hard,19,Welche Handlung zeigt ein gutes Verständnis von «Auftrag lesen»?,Ablauf starten; Risiken ignorieren,Fragen vermeiden; Plan weglegen,Vorgaben klären; Plan verstehen,Material raten; Masse schätzen,C,"Gute Vorbereitung beginnt mit Auftrag, Plan und Sicherheitsvorgaben.","Bildungsplan Verkehrswegbau EFZ, Infra Suisse/SBFI",https://infra-suisse.ch/wp-content/uploads/2016/09/bildungsplan-2014_verkehrswegbau_efz_infra.pdf
strassenbau,Strassenbauer/in EFZ,stb_hk1,Strassenbauarbeiten vorbereiten und ausführen,20,Arbeitsvorbereitung,single_choice,medium,20,Welche Entscheidung ist bei «Material bereitstellen» sinnvoll?,Zu spät bestellen; Team blockieren,Resten vertrauen; Qualität ignorieren,Alles mitnehmen; Ordnung verlieren,Bedarf prüfen; Mengen abstimmen,D,Material wird passend zum Auftrag und zur Arbeitsfolge bereitgestellt.,"Bildungsplan Verkehrswegbau EFZ, Infra Suisse/SBFI",https://infra-suisse.ch/wp-content/uploads/2016/09/bildungsplan-2014_verkehrswegbau_efz_infra.pdf
strassenbau,Strassenbauer/in EFZ,stb_hk1,Strassenbauarbeiten vorbereiten und ausführen,20,Arbeitsvorbereitung,single_choice,easy,21,Welche Aussage passt am besten zu «Arbeitsreihenfolge»?,Ablauf planen; Abhängigkeiten beachten,Kontrollen auslassen; Schnittstellen meiden,Zufällig beginnen; Folgearbeiten stören,Wartezeiten erzeugen; Maschinen blockieren,A,Die richtige Reihenfolge spart Zeit und verhindert Ausführungsfehler.,"Bildungsplan Verkehrswegbau EFZ, Infra Suisse/SBFI",https://infra-suisse.ch/wp-content/uploads/2016/09/bildungsplan-2014_verkehrswegbau_efz_infra.pdf
strassenbau,Strassenbauer/in EFZ,stb_hk1,Strassenbauarbeiten vorbereiten und ausführen,20,Arbeitsvorbereitung,single_choice,medium,22,Was ist bei «Werkzeuge» fachlich am wichtigsten?,Wartung ignorieren; Ausfall riskieren,Eignung prüfen; Sicher bereitstellen,Defekte nutzen; Risiko erhöhen,Falsches Gerät wählen; Zeit verlieren,B,"Werkzeuge müssen für Aufgabe, Sicherheit und Qualität geeignet sein.","Bildungsplan Verkehrswegbau EFZ, Infra Suisse/SBFI",https://infra-suisse.ch/wp-content/uploads/2016/09/bildungsplan-2014_verkehrswegbau_efz_infra.pdf
strassenbau,Strassenbauer/in EFZ,stb_hk1,Strassenbauarbeiten vorbereiten und ausführen,20,Arbeitsvorbereitung,single_choice,medium,23,Welche Vorgehensweise ist im Thema «Teamabsprache» richtig?,Wechsel verschweigen; Absprachen umgehen,Annahmen treffen; Missverständnis fördern,Rollen klären; Information teilen,Allein handeln; Schnittstelle meiden,C,Teamarbeit braucht klare Zuständigkeiten und gemeinsame Informationen.,"Bildungsplan Verkehrswegbau EFZ, Infra Suisse/SBFI",https://infra-suisse.ch/wp-content/uploads/2016/09/bildungsplan-2014_verkehrswegbau_efz_infra.pdf
strassenbau,Strassenbauer/in EFZ,stb_hk1,Strassenbauarbeiten vorbereiten und ausführen,20,Arbeitsvorbereitung,single_choice,hard,24,Welche Handlung zeigt ein gutes Verständnis von «Wetter und Umgebung»?,Hitze unterschätzen; Belag gefährden,Wetter ignorieren; Qualität riskieren,Wasser stehen lassen; Boden schwächen,Einfluss prüfen; Massnahmen planen,D,"Wetter und Umgebung beeinflussen Sicherheit, Material und Ausführung.","Bildungsplan Verkehrswegbau EFZ, Infra Suisse/SBFI",https://infra-suisse.ch/wp-content/uploads/2016/09/bildungsplan-2014_verkehrswegbau_efz_infra.pdf
strassenbau,Strassenbauer/in EFZ,stb_hk1,Strassenbauarbeiten vorbereiten und ausführen,20,Arbeitsvorbereitung,single_choice,medium,25,Welche Entscheidung ist bei «Auftrag lesen» sinnvoll?,Vorgaben klären; Plan verstehen,Material raten; Masse schätzen,Ablauf starten; Risiken ignorieren,Fragen vermeiden; Plan weglegen,A,"Gute Vorbereitung beginnt mit Auftrag, Plan und Sicherheitsvorgaben.","Bildungsplan Verkehrswegbau EFZ, Infra Suisse/SBFI",https://infra-suisse.ch/wp-content/uploads/2016/09/bildungsplan-2014_verkehrswegbau_efz_infra.pdf
strassenbau,Strassenbauer/in EFZ,stb_hk1,Strassenbauarbeiten vorbereiten und ausführen,20,Arbeitsvorbereitung,single_choice,easy,26,Welche Aussage passt am besten zu «Material bereitstellen»?,Alles mitnehmen; Ordnung verlieren,Bedarf prüfen; Mengen abstimmen,Zu spät bestellen; Team blockieren,Resten vertrauen; Qualität ignorieren,B,Material wird passend zum Auftrag und zur Arbeitsfolge bereitgestellt.,"Bildungsplan Verkehrswegbau EFZ, Infra Suisse/SBFI",https://infra-suisse.ch/wp-content/uploads/2016/09/bildungsplan-2014_verkehrswegbau_efz_infra.pdf
strassenbau,Strassenbauer/in EFZ,stb_hk1,Strassenbauarbeiten vorbereiten und ausführen,20,Arbeitsvorbereitung,single_choice,medium,27,Was ist bei «Arbeitsreihenfolge» fachlich am wichtigsten?,Zufällig beginnen; Folgearbeiten stören,Wartezeiten erzeugen; Maschinen blockieren,Ablauf planen; Abhängigkeiten beachten,Kontrollen auslassen; Schnittstellen meiden,C,Die richtige Reihenfolge spart Zeit und verhindert Ausführungsfehler.,"Bildungsplan Verkehrswegbau EFZ, Infra Suisse/SBFI",https://infra-suisse.ch/wp-content/uploads/2016/09/bildungsplan-2014_verkehrswegbau_efz_infra.pdf
strassenbau,Strassenbauer/in EFZ,stb_hk1,Strassenbauarbeiten vorbereiten und ausführen,20,Arbeitsvorbereitung,single_choice,medium,28,Welche Vorgehensweise ist im Thema «Werkzeuge» richtig?,Defekte nutzen; Risiko erhöhen,Falsches Gerät wählen; Zeit verlieren,Wartung ignorieren; Ausfall riskieren,Eignung prüfen; Sicher bereitstellen,D,"Werkzeuge müssen für Aufgabe, Sicherheit und Qualität geeignet sein.","Bildungsplan Verkehrswegbau EFZ, Infra Suisse/SBFI",https://infra-suisse.ch/wp-content/uploads/2016/09/bildungsplan-2014_verkehrswegbau_efz_infra.pdf
strassenbau,Strassenbauer/in EFZ,stb_hk1,Strassenbauarbeiten vorbereiten und ausführen,20,Arbeitsvorbereitung,single_choice,hard,29,Welche Handlung zeigt ein gutes Verständnis von «Teamabsprache»?,Rollen klären; Information teilen,Allein handeln; Schnittstelle meiden,Wechsel verschweigen; Absprachen umgehen,Annahmen treffen; Missverständnis fördern,A,Teamarbeit braucht klare Zuständigkeiten und gemeinsame Informationen.,"Bildungsplan Verkehrswegbau EFZ, Infra Suisse/SBFI",https://infra-suisse.ch/wp-content/uploads/2016/09/bildungsplan-2014_verkehrswegbau_efz_infra.pdf
strassenbau,Strassenbauer/in EFZ,stb_hk1,Strassenbauarbeiten vorbereiten und ausführen,20,Arbeitsvorbereitung,single_choice,medium,30,Welche Entscheidung ist bei «Wetter und Umgebung» sinnvoll?,Wasser stehen lassen; Boden schwächen,Einfluss prüfen; Massnahmen planen,Hitze unterschätzen; Belag gefährden,Wetter ignorieren; Qualität riskieren,B,"Wetter und Umgebung beeinflussen Sicherheit, Material und Ausführung.","Bildungsplan Verkehrswegbau EFZ, Infra Suisse/SBFI",https://infra-suisse.ch/wp-content/uploads/2016/09/bildungsplan-2014_verkehrswegbau_efz_infra.pdf
strassenbau,Strassenbauer/in EFZ,stb_hk1,Strassenbauarbeiten vorbereiten und ausführen,30,Umweltschutz,single_choice,easy,1,Welche Aussage passt am besten zu «Abfalltrennung»?,Material trennen; Mulden richtig nutzen,Alles mischen; Verwertung verhindern,Sonderabfall verstecken; Risiko erhöhen,Resten liegen lassen; Ordnung verlieren,A,Saubere Trennung ermöglicht Entsorgung und Wiederverwertung.,"Bildungsplan Verkehrswegbau EFZ, Infra Suisse/SBFI",https://infra-suisse.ch/wp-content/uploads/2016/09/bildungsplan-2014_verkehrswegbau_efz_infra.pdf
strassenbau,Strassenbauer/in EFZ,stb_hk1,Strassenbauarbeiten vorbereiten und ausführen,30,Umweltschutz,single_choice,medium,2,Was ist bei «Gewässerschutz» fachlich am wichtigsten?,"Diesel wegspülen; Schaden vergrössern, anhand klarer Kriterien, mit Blick auf die Folgen, bei Bedarf im Team, im konkreten Fall, anhand klarer Kriterien","Austritt verhindern; Bindemittel bereithalten, mit Blick auf die Folgen, bei Bedarf im Team, im konkreten Fall, anhand klarer Kriterien, mit Blick auf die Folgen","Öl versickern lassen; Boden belasten, bei Bedarf im Team, im konkreten Fall, anhand klarer Kriterien, mit Blick auf die Folgen, bei Bedarf im Team","Deckel öffnen; Kontrolle meiden, im konkreten Fall, anhand klarer Kriterien, mit Blick auf die Folgen, bei Bedarf im Team, im konkreten Fall",B,Gewässer und Boden müssen vor Treibstoffen und Schadstoffen geschützt werden.,"Bildungsplan Verkehrswegbau EFZ, Infra Suisse/SBFI",https://infra-suisse.ch/wp-content/uploads/2016/09/bildungsplan-2014_verkehrswegbau_efz_infra.pdf
strassenbau,Strassenbauer/in EFZ,stb_hk1,Strassenbauarbeiten vorbereiten und ausführen,30,Umweltschutz,single_choice,medium,3,Welche Vorgehensweise ist im Thema «Staub» richtig?,Trocken aufwirbeln; Anwohner belasten,Maske vergessen; Schutz senken,Staub mindern; Arbeitsweise anpassen,Wind ignorieren; Sicht verschlechtern,C,Staub wird durch angepasste Methoden und Schutzmassnahmen reduziert.,"Bildungsplan Verkehrswegbau EFZ, Infra Suisse/SBFI",https://infra-suisse.ch/wp-content/uploads/2016/09/bildungsplan-2014_verkehrswegbau_efz_infra.pdf
strassenbau,Strassenbauer/in EFZ,stb_hk1,Strassenbauarbeiten vorbereiten und ausführen,30,Umweltschutz,single_choice,hard,4,Welche Handlung zeigt ein gutes Verständnis von «Lärm»?,"Maschinen laufen lassen; Emission erhöhen, bei Bedarf im Team, im konkreten Fall, anhand klarer Kriterien, mit Blick auf die Folgen, bei Bedarf im Team","Schutz meiden; Gehör belasten, im konkreten Fall, anhand klarer Kriterien, mit Blick auf die Folgen, bei Bedarf im Team, im konkreten Fall","Anwohner ignorieren; Konflikte fördern, anhand klarer Kriterien, mit Blick auf die Folgen, bei Bedarf im Team, im konkreten Fall, anhand klarer Kriterien","Lärm begrenzen; Zeiten beachten, mit Blick auf die Folgen, bei Bedarf im Team, im konkreten Fall, anhand klarer Kriterien, mit Blick auf die Folgen",D,"Lärmschutz betrifft Mitarbeitende, Anwohnende und gesetzliche Vorgaben.","Bildungsplan Verkehrswegbau EFZ, Infra Suisse/SBFI",https://infra-suisse.ch/wp-content/uploads/2016/09/bildungsplan-2014_verkehrswegbau_efz_infra.pdf
strassenbau,Strassenbauer/in EFZ,stb_hk1,Strassenbauarbeiten vorbereiten und ausführen,30,Umweltschutz,single_choice,medium,5,Welche Entscheidung ist bei «Materialkreislauf» sinnvoll?,Wiederverwendung prüfen; Qualität sichern,Mischmaterial erzeugen; Verwertung erschweren,Lagerung vernachlässigen; Material verlieren,Alles entsorgen; Ressourcen verschwenden,A,"Ressourcen werden geschont, wenn geeignete Stoffe wiederverwendet werden.","Bildungsplan Verkehrswegbau EFZ, Infra Suisse/SBFI",https://infra-suisse.ch/wp-content/uploads/2016/09/bildungsplan-2014_verkehrswegbau_efz_infra.pdf
strassenbau,Strassenbauer/in EFZ,stb_hk1,Strassenbauarbeiten vorbereiten und ausführen,30,Umweltschutz,single_choice,easy,6,Welche Aussage passt am besten zu «Sofortmassnahme»?,Mit Wasser reinigen; Schadstoff verteilen,Ausbreitung stoppen; Meldung machen,Allein vertuschen; Nachweis verlieren,Schaden beobachten; Handeln verschieben,B,"Bei Umweltvorfällen zählen schnelles Eindämmen, Aufnehmen und Melden.","Bildungsplan Verkehrswegbau EFZ, Infra Suisse/SBFI",https://infra-suisse.ch/wp-content/uploads/2016/09/bildungsplan-2014_verkehrswegbau_efz_infra.pdf
strassenbau,Strassenbauer/in EFZ,stb_hk1,Strassenbauarbeiten vorbereiten und ausführen,30,Umweltschutz,single_choice,medium,7,Was ist bei «Abfalltrennung» fachlich am wichtigsten?,Sonderabfall verstecken; Risiko erhöhen,Resten liegen lassen; Ordnung verlieren,Material trennen; Mulden richtig nutzen,Alles mischen; Verwertung verhindern,C,Saubere Trennung ermöglicht Entsorgung und Wiederverwertung.,"Bildungsplan Verkehrswegbau EFZ, Infra Suisse/SBFI",https://infra-suisse.ch/wp-content/uploads/2016/09/bildungsplan-2014_verkehrswegbau_efz_infra.pdf
strassenbau,Strassenbauer/in EFZ,stb_hk1,Strassenbauarbeiten vorbereiten und ausführen,30,Umweltschutz,single_choice,medium,8,Welche Vorgehensweise ist im Thema «Gewässerschutz» richtig?,"Öl versickern lassen; Boden belasten, bei Bedarf im Team, im konkreten Fall, anhand klarer Kriterien, mit Blick auf die Folgen, bei Bedarf im Team","Deckel öffnen; Kontrolle meiden, im konkreten Fall, anhand klarer Kriterien, mit Blick auf die Folgen, bei Bedarf im Team, im konkreten Fall","Diesel wegspülen; Schaden vergrössern, anhand klarer Kriterien, mit Blick auf die Folgen, bei Bedarf im Team, im konkreten Fall, anhand klarer Kriterien","Austritt verhindern; Bindemittel bereithalten, mit Blick auf die Folgen, bei Bedarf im Team, im konkreten Fall, anhand klarer Kriterien, mit Blick auf die Folgen",D,Gewässer und Boden müssen vor Treibstoffen und Schadstoffen geschützt werden.,"Bildungsplan Verkehrswegbau EFZ, Infra Suisse/SBFI",https://infra-suisse.ch/wp-content/uploads/2016/09/bildungsplan-2014_verkehrswegbau_efz_infra.pdf
strassenbau,Strassenbauer/in EFZ,stb_hk1,Strassenbauarbeiten vorbereiten und ausführen,30,Umweltschutz,single_choice,hard,9,Welche Handlung zeigt ein gutes Verständnis von «Staub»?,Staub mindern; Arbeitsweise anpassen,Wind ignorieren; Sicht verschlechtern,Trocken aufwirbeln; Anwohner belasten,Maske vergessen; Schutz senken,A,Staub wird durch angepasste Methoden und Schutzmassnahmen reduziert.,"Bildungsplan Verkehrswegbau EFZ, Infra Suisse/SBFI",https://infra-suisse.ch/wp-content/uploads/2016/09/bildungsplan-2014_verkehrswegbau_efz_infra.pdf
strassenbau,Strassenbauer/in EFZ,stb_hk1,Strassenbauarbeiten vorbereiten und ausführen,30,Umweltschutz,single_choice,medium,10,Welche Entscheidung ist bei «Lärm» sinnvoll?,"Anwohner ignorieren; Konflikte fördern, anhand klarer Kriterien, mit Blick auf die Folgen, bei Bedarf im Team, im konkreten Fall, anhand klarer Kriterien","Lärm begrenzen; Zeiten beachten, mit Blick auf die Folgen, bei Bedarf im Team, im konkreten Fall, anhand klarer Kriterien, mit Blick auf die Folgen","Maschinen laufen lassen; Emission erhöhen, bei Bedarf im Team, im konkreten Fall, anhand klarer Kriterien, mit Blick auf die Folgen, bei Bedarf im Team","Schutz meiden; Gehör belasten, im konkreten Fall, anhand klarer Kriterien, mit Blick auf die Folgen, bei Bedarf im Team, im konkreten Fall",B,"Lärmschutz betrifft Mitarbeitende, Anwohnende und gesetzliche Vorgaben.","Bildungsplan Verkehrswegbau EFZ, Infra Suisse/SBFI",https://infra-suisse.ch/wp-content/uploads/2016/09/bildungsplan-2014_verkehrswegbau_efz_infra.pdf
strassenbau,Strassenbauer/in EFZ,stb_hk1,Strassenbauarbeiten vorbereiten und ausführen,30,Umweltschutz,single_choice,easy,11,Welche Aussage passt am besten zu «Materialkreislauf»?,Lagerung vernachlässigen; Material verlieren,Alles entsorgen; Ressourcen verschwenden,Wiederverwendung prüfen; Qualität sichern,Mischmaterial erzeugen; Verwertung erschweren,C,"Ressourcen werden geschont, wenn geeignete Stoffe wiederverwendet werden.","Bildungsplan Verkehrswegbau EFZ, Infra Suisse/SBFI",https://infra-suisse.ch/wp-content/uploads/2016/09/bildungsplan-2014_verkehrswegbau_efz_infra.pdf
strassenbau,Strassenbauer/in EFZ,stb_hk1,Strassenbauarbeiten vorbereiten und ausführen,30,Umweltschutz,single_choice,medium,12,Was ist bei «Sofortmassnahme» fachlich am wichtigsten?,Allein vertuschen; Nachweis verlieren,Schaden beobachten; Handeln verschieben,Mit Wasser reinigen; Schadstoff verteilen,Ausbreitung stoppen; Meldung machen,D,"Bei Umweltvorfällen zählen schnelles Eindämmen, Aufnehmen und Melden.","Bildungsplan Verkehrswegbau EFZ, Infra Suisse/SBFI",https://infra-suisse.ch/wp-content/uploads/2016/09/bildungsplan-2014_verkehrswegbau_efz_infra.pdf
strassenbau,Strassenbauer/in EFZ,stb_hk1,Strassenbauarbeiten vorbereiten und ausführen,30,Umweltschutz,single_choice,medium,13,Welche Vorgehensweise ist im Thema «Abfalltrennung» richtig?,Material trennen; Mulden richtig nutzen,Alles mischen; Verwertung verhindern,Sonderabfall verstecken; Risiko erhöhen,Resten liegen lassen; Ordnung verlieren,A,Saubere Trennung ermöglicht Entsorgung und Wiederverwertung.,"Bildungsplan Verkehrswegbau EFZ, Infra Suisse/SBFI",https://infra-suisse.ch/wp-content/uploads/2016/09/bildungsplan-2014_verkehrswegbau_efz_infra.pdf
strassenbau,Strassenbauer/in EFZ,stb_hk1,Strassenbauarbeiten vorbereiten und ausführen,30,Umweltschutz,single_choice,hard,14,Welche Handlung zeigt ein gutes Verständnis von «Gewässerschutz»?,"Diesel wegspülen; Schaden vergrössern, anhand klarer Kriterien, mit Blick auf die Folgen, bei Bedarf im Team, im konkreten Fall, anhand klarer Kriterien","Austritt verhindern; Bindemittel bereithalten, mit Blick auf die Folgen, bei Bedarf im Team, im konkreten Fall, anhand klarer Kriterien, mit Blick auf die Folgen","Öl versickern lassen; Boden belasten, bei Bedarf im Team, im konkreten Fall, anhand klarer Kriterien, mit Blick auf die Folgen, bei Bedarf im Team","Deckel öffnen; Kontrolle meiden, im konkreten Fall, anhand klarer Kriterien, mit Blick auf die Folgen, bei Bedarf im Team, im konkreten Fall",B,Gewässer und Boden müssen vor Treibstoffen und Schadstoffen geschützt werden.,"Bildungsplan Verkehrswegbau EFZ, Infra Suisse/SBFI",https://infra-suisse.ch/wp-content/uploads/2016/09/bildungsplan-2014_verkehrswegbau_efz_infra.pdf
strassenbau,Strassenbauer/in EFZ,stb_hk1,Strassenbauarbeiten vorbereiten und ausführen,30,Umweltschutz,single_choice,medium,15,Welche Entscheidung ist bei «Staub» sinnvoll?,Trocken aufwirbeln; Anwohner belasten,Maske vergessen; Schutz senken,Staub mindern; Arbeitsweise anpassen,Wind ignorieren; Sicht verschlechtern,C,Staub wird durch angepasste Methoden und Schutzmassnahmen reduziert.,"Bildungsplan Verkehrswegbau EFZ, Infra Suisse/SBFI",https://infra-suisse.ch/wp-content/uploads/2016/09/bildungsplan-2014_verkehrswegbau_efz_infra.pdf
strassenbau,Strassenbauer/in EFZ,stb_hk1,Strassenbauarbeiten vorbereiten und ausführen,30,Umweltschutz,single_choice,easy,16,Welche Aussage passt am besten zu «Lärm»?,"Maschinen laufen lassen; Emission erhöhen, bei Bedarf im Team, im konkreten Fall, anhand klarer Kriterien, mit Blick auf die Folgen, bei Bedarf im Team","Schutz meiden; Gehör belasten, im konkreten Fall, anhand klarer Kriterien, mit Blick auf die Folgen, bei Bedarf im Team, im konkreten Fall","Anwohner ignorieren; Konflikte fördern, anhand klarer Kriterien, mit Blick auf die Folgen, bei Bedarf im Team, im konkreten Fall, anhand klarer Kriterien","Lärm begrenzen; Zeiten beachten, mit Blick auf die Folgen, bei Bedarf im Team, im konkreten Fall, anhand klarer Kriterien, mit Blick auf die Folgen",D,"Lärmschutz betrifft Mitarbeitende, Anwohnende und gesetzliche Vorgaben.","Bildungsplan Verkehrswegbau EFZ, Infra Suisse/SBFI",https://infra-suisse.ch/wp-content/uploads/2016/09/bildungsplan-2014_verkehrswegbau_efz_infra.pdf
strassenbau,Strassenbauer/in EFZ,stb_hk1,Strassenbauarbeiten vorbereiten und ausführen,30,Umweltschutz,single_choice,medium,17,Was ist bei «Materialkreislauf» fachlich am wichtigsten?,Wiederverwendung prüfen; Qualität sichern,Mischmaterial erzeugen; Verwertung erschweren,Lagerung vernachlässigen; Material verlieren,Alles entsorgen; Ressourcen verschwenden,A,"Ressourcen werden geschont, wenn geeignete Stoffe wiederverwendet werden.","Bildungsplan Verkehrswegbau EFZ, Infra Suisse/SBFI",https://infra-suisse.ch/wp-content/uploads/2016/09/bildungsplan-2014_verkehrswegbau_efz_infra.pdf
strassenbau,Strassenbauer/in EFZ,stb_hk1,Strassenbauarbeiten vorbereiten und ausführen,30,Umweltschutz,single_choice,medium,18,Welche Vorgehensweise ist im Thema «Sofortmassnahme» richtig?,Mit Wasser reinigen; Schadstoff verteilen,Ausbreitung stoppen; Meldung machen,Allein vertuschen; Nachweis verlieren,Schaden beobachten; Handeln verschieben,B,"Bei Umweltvorfällen zählen schnelles Eindämmen, Aufnehmen und Melden.","Bildungsplan Verkehrswegbau EFZ, Infra Suisse/SBFI",https://infra-suisse.ch/wp-content/uploads/2016/09/bildungsplan-2014_verkehrswegbau_efz_infra.pdf
strassenbau,Strassenbauer/in EFZ,stb_hk1,Strassenbauarbeiten vorbereiten und ausführen,30,Umweltschutz,single_choice,hard,19,Welche Handlung zeigt ein gutes Verständnis von «Abfalltrennung»?,Sonderabfall verstecken; Risiko erhöhen,Resten liegen lassen; Ordnung verlieren,Material trennen; Mulden richtig nutzen,Alles mischen; Verwertung verhindern,C,Saubere Trennung ermöglicht Entsorgung und Wiederverwertung.,"Bildungsplan Verkehrswegbau EFZ, Infra Suisse/SBFI",https://infra-suisse.ch/wp-content/uploads/2016/09/bildungsplan-2014_verkehrswegbau_efz_infra.pdf
strassenbau,Strassenbauer/in EFZ,stb_hk1,Strassenbauarbeiten vorbereiten und ausführen,30,Umweltschutz,single_choice,medium,20,Welche Entscheidung ist bei «Gewässerschutz» sinnvoll?,"Öl versickern lassen; Boden belasten, bei Bedarf im Team, im konkreten Fall, anhand klarer Kriterien, mit Blick auf die Folgen, bei Bedarf im Team","Deckel öffnen; Kontrolle meiden, im konkreten Fall, anhand klarer Kriterien, mit Blick auf die Folgen, bei Bedarf im Team, im konkreten Fall","Diesel wegspülen; Schaden vergrössern, anhand klarer Kriterien, mit Blick auf die Folgen, bei Bedarf im Team, im konkreten Fall, anhand klarer Kriterien","Austritt verhindern; Bindemittel bereithalten, mit Blick auf die Folgen, bei Bedarf im Team, im konkreten Fall, anhand klarer Kriterien, mit Blick auf die Folgen",D,Gewässer und Boden müssen vor Treibstoffen und Schadstoffen geschützt werden.,"Bildungsplan Verkehrswegbau EFZ, Infra Suisse/SBFI",https://infra-suisse.ch/wp-content/uploads/2016/09/bildungsplan-2014_verkehrswegbau_efz_infra.pdf
strassenbau,Strassenbauer/in EFZ,stb_hk1,Strassenbauarbeiten vorbereiten und ausführen,30,Umweltschutz,single_choice,easy,21,Welche Aussage passt am besten zu «Staub»?,Staub mindern; Arbeitsweise anpassen,Wind ignorieren; Sicht verschlechtern,Trocken aufwirbeln; Anwohner belasten,Maske vergessen; Schutz senken,A,Staub wird durch angepasste Methoden und Schutzmassnahmen reduziert.,"Bildungsplan Verkehrswegbau EFZ, Infra Suisse/SBFI",https://infra-suisse.ch/wp-content/uploads/2016/09/bildungsplan-2014_verkehrswegbau_efz_infra.pdf
strassenbau,Strassenbauer/in EFZ,stb_hk1,Strassenbauarbeiten vorbereiten und ausführen,30,Umweltschutz,single_choice,medium,22,Was ist bei «Lärm» fachlich am wichtigsten?,"Anwohner ignorieren; Konflikte fördern, anhand klarer Kriterien, mit Blick auf die Folgen, bei Bedarf im Team, im konkreten Fall, anhand klarer Kriterien","Lärm begrenzen; Zeiten beachten, mit Blick auf die Folgen, bei Bedarf im Team, im konkreten Fall, anhand klarer Kriterien, mit Blick auf die Folgen","Maschinen laufen lassen; Emission erhöhen, bei Bedarf im Team, im konkreten Fall, anhand klarer Kriterien, mit Blick auf die Folgen, bei Bedarf im Team","Schutz meiden; Gehör belasten, im konkreten Fall, anhand klarer Kriterien, mit Blick auf die Folgen, bei Bedarf im Team, im konkreten Fall",B,"Lärmschutz betrifft Mitarbeitende, Anwohnende und gesetzliche Vorgaben.","Bildungsplan Verkehrswegbau EFZ, Infra Suisse/SBFI",https://infra-suisse.ch/wp-content/uploads/2016/09/bildungsplan-2014_verkehrswegbau_efz_infra.pdf
strassenbau,Strassenbauer/in EFZ,stb_hk1,Strassenbauarbeiten vorbereiten und ausführen,30,Umweltschutz,single_choice,medium,23,Welche Vorgehensweise ist im Thema «Materialkreislauf» richtig?,Lagerung vernachlässigen; Material verlieren,Alles entsorgen; Ressourcen verschwenden,Wiederverwendung prüfen; Qualität sichern,Mischmaterial erzeugen; Verwertung erschweren,C,"Ressourcen werden geschont, wenn geeignete Stoffe wiederverwendet werden.","Bildungsplan Verkehrswegbau EFZ, Infra Suisse/SBFI",https://infra-suisse.ch/wp-content/uploads/2016/09/bildungsplan-2014_verkehrswegbau_efz_infra.pdf
strassenbau,Strassenbauer/in EFZ,stb_hk1,Strassenbauarbeiten vorbereiten und ausführen,30,Umweltschutz,single_choice,hard,24,Welche Handlung zeigt ein gutes Verständnis von «Sofortmassnahme»?,Allein vertuschen; Nachweis verlieren,Schaden beobachten; Handeln verschieben,Mit Wasser reinigen; Schadstoff verteilen,Ausbreitung stoppen; Meldung machen,D,"Bei Umweltvorfällen zählen schnelles Eindämmen, Aufnehmen und Melden.","Bildungsplan Verkehrswegbau EFZ, Infra Suisse/SBFI",https://infra-suisse.ch/wp-content/uploads/2016/09/bildungsplan-2014_verkehrswegbau_efz_infra.pdf
strassenbau,Strassenbauer/in EFZ,stb_hk1,Strassenbauarbeiten vorbereiten und ausführen,30,Umweltschutz,single_choice,medium,25,Welche Entscheidung ist bei «Abfalltrennung» sinnvoll?,Material trennen; Mulden richtig nutzen,Alles mischen; Verwertung verhindern,Sonderabfall verstecken; Risiko erhöhen,Resten liegen lassen; Ordnung verlieren,A,Saubere Trennung ermöglicht Entsorgung und Wiederverwertung.,"Bildungsplan Verkehrswegbau EFZ, Infra Suisse/SBFI",https://infra-suisse.ch/wp-content/uploads/2016/09/bildungsplan-2014_verkehrswegbau_efz_infra.pdf
strassenbau,Strassenbauer/in EFZ,stb_hk1,Strassenbauarbeiten vorbereiten und ausführen,30,Umweltschutz,single_choice,easy,26,Welche Aussage passt am besten zu «Gewässerschutz»?,"Diesel wegspülen; Schaden vergrössern, anhand klarer Kriterien, mit Blick auf die Folgen, bei Bedarf im Team, im konkreten Fall, anhand klarer Kriterien","Austritt verhindern; Bindemittel bereithalten, mit Blick auf die Folgen, bei Bedarf im Team, im konkreten Fall, anhand klarer Kriterien, mit Blick auf die Folgen","Öl versickern lassen; Boden belasten, bei Bedarf im Team, im konkreten Fall, anhand klarer Kriterien, mit Blick auf die Folgen, bei Bedarf im Team","Deckel öffnen; Kontrolle meiden, im konkreten Fall, anhand klarer Kriterien, mit Blick auf die Folgen, bei Bedarf im Team, im konkreten Fall",B,Gewässer und Boden müssen vor Treibstoffen und Schadstoffen geschützt werden.,"Bildungsplan Verkehrswegbau EFZ, Infra Suisse/SBFI",https://infra-suisse.ch/wp-content/uploads/2016/09/bildungsplan-2014_verkehrswegbau_efz_infra.pdf
strassenbau,Strassenbauer/in EFZ,stb_hk1,Strassenbauarbeiten vorbereiten und ausführen,30,Umweltschutz,single_choice,medium,27,Was ist bei «Staub» fachlich am wichtigsten?,Trocken aufwirbeln; Anwohner belasten,Maske vergessen; Schutz senken,Staub mindern; Arbeitsweise anpassen,Wind ignorieren; Sicht verschlechtern,C,Staub wird durch angepasste Methoden und Schutzmassnahmen reduziert.,"Bildungsplan Verkehrswegbau EFZ, Infra Suisse/SBFI",https://infra-suisse.ch/wp-content/uploads/2016/09/bildungsplan-2014_verkehrswegbau_efz_infra.pdf
strassenbau,Strassenbauer/in EFZ,stb_hk1,Strassenbauarbeiten vorbereiten und ausführen,30,Umweltschutz,single_choice,medium,28,Welche Vorgehensweise ist im Thema «Lärm» richtig?,"Maschinen laufen lassen; Emission erhöhen, bei Bedarf im Team, im konkreten Fall, anhand klarer Kriterien, mit Blick auf die Folgen, bei Bedarf im Team","Schutz meiden; Gehör belasten, im konkreten Fall, anhand klarer Kriterien, mit Blick auf die Folgen, bei Bedarf im Team, im konkreten Fall","Anwohner ignorieren; Konflikte fördern, anhand klarer Kriterien, mit Blick auf die Folgen, bei Bedarf im Team, im konkreten Fall, anhand klarer Kriterien","Lärm begrenzen; Zeiten beachten, mit Blick auf die Folgen, bei Bedarf im Team, im konkreten Fall, anhand klarer Kriterien, mit Blick auf die Folgen",D,"Lärmschutz betrifft Mitarbeitende, Anwohnende und gesetzliche Vorgaben.","Bildungsplan Verkehrswegbau EFZ, Infra Suisse/SBFI",https://infra-suisse.ch/wp-content/uploads/2016/09/bildungsplan-2014_verkehrswegbau_efz_infra.pdf
strassenbau,Strassenbauer/in EFZ,stb_hk1,Strassenbauarbeiten vorbereiten und ausführen,30,Umweltschutz,single_choice,hard,29,Welche Handlung zeigt ein gutes Verständnis von «Materialkreislauf»?,Wiederverwendung prüfen; Qualität sichern,Mischmaterial erzeugen; Verwertung erschweren,Lagerung vernachlässigen; Material verlieren,Alles entsorgen; Ressourcen verschwenden,A,"Ressourcen werden geschont, wenn geeignete Stoffe wiederverwendet werden.","Bildungsplan Verkehrswegbau EFZ, Infra Suisse/SBFI",https://infra-suisse.ch/wp-content/uploads/2016/09/bildungsplan-2014_verkehrswegbau_efz_infra.pdf
strassenbau,Strassenbauer/in EFZ,stb_hk1,Strassenbauarbeiten vorbereiten und ausführen,30,Umweltschutz,single_choice,medium,30,Welche Entscheidung ist bei «Sofortmassnahme» sinnvoll?,Mit Wasser reinigen; Schadstoff verteilen,Ausbreitung stoppen; Meldung machen,Allein vertuschen; Nachweis verlieren,Schaden beobachten; Handeln verschieben,B,"Bei Umweltvorfällen zählen schnelles Eindämmen, Aufnehmen und Melden.","Bildungsplan Verkehrswegbau EFZ, Infra Suisse/SBFI",https://infra-suisse.ch/wp-content/uploads/2016/09/bildungsplan-2014_verkehrswegbau_efz_infra.pdf
strassenbau,Strassenbauer/in EFZ,stb_hk1,Strassenbauarbeiten vorbereiten und ausführen,40,Ausmass und Rapport,single_choice,easy,1,Welche Aussage passt am besten zu «Tagesrapport»?,Leistung erfassen; Ressourcen notieren,Schätzung eintragen; Nachweis schwächen,Details weglassen; Abrechnung erschweren,Unleserlich schreiben; Kontrolle verhindern,A,"Rapporte müssen Arbeiten, Mengen, Personal und Maschinen nachvollziehbar zeigen.","Bildungsplan Verkehrswegbau EFZ, Infra Suisse/SBFI",https://infra-suisse.ch/wp-content/uploads/2016/09/bildungsplan-2014_verkehrswegbau_efz_infra.pdf
strassenbau,Strassenbauer/in EFZ,stb_hk1,Strassenbauarbeiten vorbereiten und ausführen,40,Ausmass und Rapport,single_choice,medium,2,Was ist bei «Ausmass» fachlich am wichtigsten?,"Gefühl nutzen; Fehler erhöhen, anhand klarer Kriterien","Mengen berechnen; Masse belegen, mit Blick auf die Folgen","Einheiten mischen; Resultat verfälschen, bei Bedarf im Team","Kontrolle meiden; Abrechnung riskieren, im konkreten Fall",B,Ein Ausmass dokumentiert ausgeführte Mengen mit klaren Massen und Einheiten.,"Bildungsplan Verkehrswegbau EFZ, Infra Suisse/SBFI",https://infra-suisse.ch/wp-content/uploads/2016/09/bildungsplan-2014_verkehrswegbau_efz_infra.pdf
strassenbau,Strassenbauer/in EFZ,stb_hk1,Strassenbauarbeiten vorbereiten und ausführen,40,Ausmass und Rapport,single_choice,medium,3,Welche Vorgehensweise ist im Thema «Skizze» richtig?,Nur schön zeichnen; Information fehlen,Massstab ignorieren; Deutung erschweren,Lage darstellen; Masse eintragen,Punkte vergessen; Nacharbeit riskieren,C,"Skizzen müssen Lage, Masse und Bezugspunkte verständlich zeigen.","Bildungsplan Verkehrswegbau EFZ, Infra Suisse/SBFI",https://infra-suisse.ch/wp-content/uploads/2016/09/bildungsplan-2014_verkehrswegbau_efz_infra.pdf
strassenbau,Strassenbauer/in EFZ,stb_hk1,Strassenbauarbeiten vorbereiten und ausführen,40,Ausmass und Rapport,single_choice,hard,4,Welche Handlung zeigt ein gutes Verständnis von «Fotodokumentation»?,"Foto ohne Kontext; Beweis schwächen, bei Bedarf im Team, im konkreten Fall, anhand klarer Kriterien, mit Blick auf die Folgen, bei Bedarf im Team","Nur Details zeigen; Übersicht verlieren, im konkreten Fall, anhand klarer Kriterien, mit Blick auf die Folgen, bei Bedarf im Team, im konkreten Fall","Zeitpunkt vergessen; Zuordnung erschweren, anhand klarer Kriterien, mit Blick auf die Folgen, bei Bedarf im Team, im konkreten Fall, anhand klarer Kriterien","Zustand festhalten; Ort zuordnen, mit Blick auf die Folgen, bei Bedarf im Team, im konkreten Fall, anhand klarer Kriterien, mit Blick auf die Folgen",D,"Fotos helfen, Zustände und Arbeiten nachvollziehbar zu belegen.","Bildungsplan Verkehrswegbau EFZ, Infra Suisse/SBFI",https://infra-suisse.ch/wp-content/uploads/2016/09/bildungsplan-2014_verkehrswegbau_efz_infra.pdf
strassenbau,Strassenbauer/in EFZ,stb_hk1,Strassenbauarbeiten vorbereiten und ausführen,40,Ausmass und Rapport,single_choice,medium,5,Welche Entscheidung ist bei «Plausibilität» sinnvoll?,"Angaben prüfen; Abweichung klären, im konkreten Fall, anhand klarer Kriterien, mit Blick auf die Folgen, bei Bedarf im Team, im konkreten Fall","Einheit ignorieren; Vergleich verlieren, anhand klarer Kriterien, mit Blick auf die Folgen, bei Bedarf im Team, im konkreten Fall, anhand klarer Kriterien","Unterschrift sparen; Verbindlichkeit senken, mit Blick auf die Folgen, bei Bedarf im Team, im konkreten Fall, anhand klarer Kriterien, mit Blick auf die Folgen","Zahlen übernehmen; Fehler fortsetzen, bei Bedarf im Team, im konkreten Fall, anhand klarer Kriterien, mit Blick auf die Folgen, bei Bedarf im Team",A,"Dokumente müssen vollständig, plausibel und überprüfbar sein.","Bildungsplan Verkehrswegbau EFZ, Infra Suisse/SBFI",https://infra-suisse.ch/wp-content/uploads/2016/09/bildungsplan-2014_verkehrswegbau_efz_infra.pdf
strassenbau,Strassenbauer/in EFZ,stb_hk1,Strassenbauarbeiten vorbereiten und ausführen,40,Ausmass und Rapport,single_choice,easy,6,Welche Aussage passt am besten zu «Übergabe»?,Mängel verschweigen; Qualität riskieren,Information sichern; Offenes melden,Unterlagen verlieren; Nachweis fehlen,Wissen behalten; Team behindern,B,Eine gute Übergabe verhindert Informationsverlust und Folgefehler.,"Bildungsplan Verkehrswegbau EFZ, Infra Suisse/SBFI",https://infra-suisse.ch/wp-content/uploads/2016/09/bildungsplan-2014_verkehrswegbau_efz_infra.pdf
strassenbau,Strassenbauer/in EFZ,stb_hk1,Strassenbauarbeiten vorbereiten und ausführen,40,Ausmass und Rapport,single_choice,medium,7,Was ist bei «Tagesrapport» fachlich am wichtigsten?,Details weglassen; Abrechnung erschweren,Unleserlich schreiben; Kontrolle verhindern,Leistung erfassen; Ressourcen notieren,Schätzung eintragen; Nachweis schwächen,C,"Rapporte müssen Arbeiten, Mengen, Personal und Maschinen nachvollziehbar zeigen.","Bildungsplan Verkehrswegbau EFZ, Infra Suisse/SBFI",https://infra-suisse.ch/wp-content/uploads/2016/09/bildungsplan-2014_verkehrswegbau_efz_infra.pdf
strassenbau,Strassenbauer/in EFZ,stb_hk1,Strassenbauarbeiten vorbereiten und ausführen,40,Ausmass und Rapport,single_choice,medium,8,Welche Vorgehensweise ist im Thema «Ausmass» richtig?,"Einheiten mischen; Resultat verfälschen, bei Bedarf im Team","Kontrolle meiden; Abrechnung riskieren, im konkreten Fall","Gefühl nutzen; Fehler erhöhen, anhand klarer Kriterien","Mengen berechnen; Masse belegen, mit Blick auf die Folgen",D,Ein Ausmass dokumentiert ausgeführte Mengen mit klaren Massen und Einheiten.,"Bildungsplan Verkehrswegbau EFZ, Infra Suisse/SBFI",https://infra-suisse.ch/wp-content/uploads/2016/09/bildungsplan-2014_verkehrswegbau_efz_infra.pdf
strassenbau,Strassenbauer/in EFZ,stb_hk1,Strassenbauarbeiten vorbereiten und ausführen,40,Ausmass und Rapport,single_choice,hard,9,Welche Handlung zeigt ein gutes Verständnis von «Skizze»?,Lage darstellen; Masse eintragen,Punkte vergessen; Nacharbeit riskieren,Nur schön zeichnen; Information fehlen,Massstab ignorieren; Deutung erschweren,A,"Skizzen müssen Lage, Masse und Bezugspunkte verständlich zeigen.","Bildungsplan Verkehrswegbau EFZ, Infra Suisse/SBFI",https://infra-suisse.ch/wp-content/uploads/2016/09/bildungsplan-2014_verkehrswegbau_efz_infra.pdf
strassenbau,Strassenbauer/in EFZ,stb_hk1,Strassenbauarbeiten vorbereiten und ausführen,40,Ausmass und Rapport,single_choice,medium,10,Welche Entscheidung ist bei «Fotodokumentation» sinnvoll?,"Zeitpunkt vergessen; Zuordnung erschweren, anhand klarer Kriterien, mit Blick auf die Folgen, bei Bedarf im Team, im konkreten Fall, anhand klarer Kriterien","Zustand festhalten; Ort zuordnen, mit Blick auf die Folgen, bei Bedarf im Team, im konkreten Fall, anhand klarer Kriterien, mit Blick auf die Folgen","Foto ohne Kontext; Beweis schwächen, bei Bedarf im Team, im konkreten Fall, anhand klarer Kriterien, mit Blick auf die Folgen, bei Bedarf im Team","Nur Details zeigen; Übersicht verlieren, im konkreten Fall, anhand klarer Kriterien, mit Blick auf die Folgen, bei Bedarf im Team, im konkreten Fall",B,"Fotos helfen, Zustände und Arbeiten nachvollziehbar zu belegen.","Bildungsplan Verkehrswegbau EFZ, Infra Suisse/SBFI",https://infra-suisse.ch/wp-content/uploads/2016/09/bildungsplan-2014_verkehrswegbau_efz_infra.pdf
strassenbau,Strassenbauer/in EFZ,stb_hk1,Strassenbauarbeiten vorbereiten und ausführen,40,Ausmass und Rapport,single_choice,easy,11,Welche Aussage passt am besten zu «Plausibilität»?,"Unterschrift sparen; Verbindlichkeit senken, mit Blick auf die Folgen, bei Bedarf im Team, im konkreten Fall, anhand klarer Kriterien, mit Blick auf die Folgen","Zahlen übernehmen; Fehler fortsetzen, bei Bedarf im Team, im konkreten Fall, anhand klarer Kriterien, mit Blick auf die Folgen, bei Bedarf im Team","Angaben prüfen; Abweichung klären, im konkreten Fall, anhand klarer Kriterien, mit Blick auf die Folgen, bei Bedarf im Team, im konkreten Fall","Einheit ignorieren; Vergleich verlieren, anhand klarer Kriterien, mit Blick auf die Folgen, bei Bedarf im Team, im konkreten Fall, anhand klarer Kriterien",C,"Dokumente müssen vollständig, plausibel und überprüfbar sein.","Bildungsplan Verkehrswegbau EFZ, Infra Suisse/SBFI",https://infra-suisse.ch/wp-content/uploads/2016/09/bildungsplan-2014_verkehrswegbau_efz_infra.pdf
strassenbau,Strassenbauer/in EFZ,stb_hk1,Strassenbauarbeiten vorbereiten und ausführen,40,Ausmass und Rapport,single_choice,medium,12,Was ist bei «Übergabe» fachlich am wichtigsten?,Unterlagen verlieren; Nachweis fehlen,Wissen behalten; Team behindern,Mängel verschweigen; Qualität riskieren,Information sichern; Offenes melden,D,Eine gute Übergabe verhindert Informationsverlust und Folgefehler.,"Bildungsplan Verkehrswegbau EFZ, Infra Suisse/SBFI",https://infra-suisse.ch/wp-content/uploads/2016/09/bildungsplan-2014_verkehrswegbau_efz_infra.pdf
strassenbau,Strassenbauer/in EFZ,stb_hk1,Strassenbauarbeiten vorbereiten und ausführen,40,Ausmass und Rapport,single_choice,medium,13,Welche Vorgehensweise ist im Thema «Tagesrapport» richtig?,Leistung erfassen; Ressourcen notieren,Schätzung eintragen; Nachweis schwächen,Details weglassen; Abrechnung erschweren,Unleserlich schreiben; Kontrolle verhindern,A,"Rapporte müssen Arbeiten, Mengen, Personal und Maschinen nachvollziehbar zeigen.","Bildungsplan Verkehrswegbau EFZ, Infra Suisse/SBFI",https://infra-suisse.ch/wp-content/uploads/2016/09/bildungsplan-2014_verkehrswegbau_efz_infra.pdf
strassenbau,Strassenbauer/in EFZ,stb_hk1,Strassenbauarbeiten vorbereiten und ausführen,40,Ausmass und Rapport,single_choice,hard,14,Welche Handlung zeigt ein gutes Verständnis von «Ausmass»?,"Gefühl nutzen; Fehler erhöhen, anhand klarer Kriterien","Mengen berechnen; Masse belegen, mit Blick auf die Folgen","Einheiten mischen; Resultat verfälschen, bei Bedarf im Team","Kontrolle meiden; Abrechnung riskieren, im konkreten Fall",B,Ein Ausmass dokumentiert ausgeführte Mengen mit klaren Massen und Einheiten.,"Bildungsplan Verkehrswegbau EFZ, Infra Suisse/SBFI",https://infra-suisse.ch/wp-content/uploads/2016/09/bildungsplan-2014_verkehrswegbau_efz_infra.pdf
strassenbau,Strassenbauer/in EFZ,stb_hk1,Strassenbauarbeiten vorbereiten und ausführen,40,Ausmass und Rapport,single_choice,medium,15,Welche Entscheidung ist bei «Skizze» sinnvoll?,Nur schön zeichnen; Information fehlen,Massstab ignorieren; Deutung erschweren,Lage darstellen; Masse eintragen,Punkte vergessen; Nacharbeit riskieren,C,"Skizzen müssen Lage, Masse und Bezugspunkte verständlich zeigen.","Bildungsplan Verkehrswegbau EFZ, Infra Suisse/SBFI",https://infra-suisse.ch/wp-content/uploads/2016/09/bildungsplan-2014_verkehrswegbau_efz_infra.pdf
strassenbau,Strassenbauer/in EFZ,stb_hk1,Strassenbauarbeiten vorbereiten und ausführen,40,Ausmass und Rapport,single_choice,easy,16,Welche Aussage passt am besten zu «Fotodokumentation»?,"Foto ohne Kontext; Beweis schwächen, bei Bedarf im Team, im konkreten Fall, anhand klarer Kriterien, mit Blick auf die Folgen, bei Bedarf im Team","Nur Details zeigen; Übersicht verlieren, im konkreten Fall, anhand klarer Kriterien, mit Blick auf die Folgen, bei Bedarf im Team, im konkreten Fall","Zeitpunkt vergessen; Zuordnung erschweren, anhand klarer Kriterien, mit Blick auf die Folgen, bei Bedarf im Team, im konkreten Fall, anhand klarer Kriterien","Zustand festhalten; Ort zuordnen, mit Blick auf die Folgen, bei Bedarf im Team, im konkreten Fall, anhand klarer Kriterien, mit Blick auf die Folgen",D,"Fotos helfen, Zustände und Arbeiten nachvollziehbar zu belegen.","Bildungsplan Verkehrswegbau EFZ, Infra Suisse/SBFI",https://infra-suisse.ch/wp-content/uploads/2016/09/bildungsplan-2014_verkehrswegbau_efz_infra.pdf
strassenbau,Strassenbauer/in EFZ,stb_hk1,Strassenbauarbeiten vorbereiten und ausführen,40,Ausmass und Rapport,single_choice,medium,17,Was ist bei «Plausibilität» fachlich am wichtigsten?,"Angaben prüfen; Abweichung klären, im konkreten Fall, anhand klarer Kriterien, mit Blick auf die Folgen, bei Bedarf im Team, im konkreten Fall","Einheit ignorieren; Vergleich verlieren, anhand klarer Kriterien, mit Blick auf die Folgen, bei Bedarf im Team, im konkreten Fall, anhand klarer Kriterien","Unterschrift sparen; Verbindlichkeit senken, mit Blick auf die Folgen, bei Bedarf im Team, im konkreten Fall, anhand klarer Kriterien, mit Blick auf die Folgen","Zahlen übernehmen; Fehler fortsetzen, bei Bedarf im Team, im konkreten Fall, anhand klarer Kriterien, mit Blick auf die Folgen, bei Bedarf im Team",A,"Dokumente müssen vollständig, plausibel und überprüfbar sein.","Bildungsplan Verkehrswegbau EFZ, Infra Suisse/SBFI",https://infra-suisse.ch/wp-content/uploads/2016/09/bildungsplan-2014_verkehrswegbau_efz_infra.pdf
strassenbau,Strassenbauer/in EFZ,stb_hk1,Strassenbauarbeiten vorbereiten und ausführen,40,Ausmass und Rapport,single_choice,medium,18,Welche Vorgehensweise ist im Thema «Übergabe» richtig?,Mängel verschweigen; Qualität riskieren,Information sichern; Offenes melden,Unterlagen verlieren; Nachweis fehlen,Wissen behalten; Team behindern,B,Eine gute Übergabe verhindert Informationsverlust und Folgefehler.,"Bildungsplan Verkehrswegbau EFZ, Infra Suisse/SBFI",https://infra-suisse.ch/wp-content/uploads/2016/09/bildungsplan-2014_verkehrswegbau_efz_infra.pdf
strassenbau,Strassenbauer/in EFZ,stb_hk1,Strassenbauarbeiten vorbereiten und ausführen,40,Ausmass und Rapport,single_choice,hard,19,Welche Handlung zeigt ein gutes Verständnis von «Tagesrapport»?,Details weglassen; Abrechnung erschweren,Unleserlich schreiben; Kontrolle verhindern,Leistung erfassen; Ressourcen notieren,Schätzung eintragen; Nachweis schwächen,C,"Rapporte müssen Arbeiten, Mengen, Personal und Maschinen nachvollziehbar zeigen.","Bildungsplan Verkehrswegbau EFZ, Infra Suisse/SBFI",https://infra-suisse.ch/wp-content/uploads/2016/09/bildungsplan-2014_verkehrswegbau_efz_infra.pdf
strassenbau,Strassenbauer/in EFZ,stb_hk1,Strassenbauarbeiten vorbereiten und ausführen,40,Ausmass und Rapport,single_choice,medium,20,Welche Entscheidung ist bei «Ausmass» sinnvoll?,"Einheiten mischen; Resultat verfälschen, bei Bedarf im Team","Kontrolle meiden; Abrechnung riskieren, im konkreten Fall","Gefühl nutzen; Fehler erhöhen, anhand klarer Kriterien","Mengen berechnen; Masse belegen, mit Blick auf die Folgen",D,Ein Ausmass dokumentiert ausgeführte Mengen mit klaren Massen und Einheiten.,"Bildungsplan Verkehrswegbau EFZ, Infra Suisse/SBFI",https://infra-suisse.ch/wp-content/uploads/2016/09/bildungsplan-2014_verkehrswegbau_efz_infra.pdf
strassenbau,Strassenbauer/in EFZ,stb_hk1,Strassenbauarbeiten vorbereiten und ausführen,40,Ausmass und Rapport,single_choice,easy,21,Welche Aussage passt am besten zu «Skizze»?,Lage darstellen; Masse eintragen,Punkte vergessen; Nacharbeit riskieren,Nur schön zeichnen; Information fehlen,Massstab ignorieren; Deutung erschweren,A,"Skizzen müssen Lage, Masse und Bezugspunkte verständlich zeigen.","Bildungsplan Verkehrswegbau EFZ, Infra Suisse/SBFI",https://infra-suisse.ch/wp-content/uploads/2016/09/bildungsplan-2014_verkehrswegbau_efz_infra.pdf
strassenbau,Strassenbauer/in EFZ,stb_hk1,Strassenbauarbeiten vorbereiten und ausführen,40,Ausmass und Rapport,single_choice,medium,22,Was ist bei «Fotodokumentation» fachlich am wichtigsten?,"Zeitpunkt vergessen; Zuordnung erschweren, anhand klarer Kriterien, mit Blick auf die Folgen, bei Bedarf im Team, im konkreten Fall, anhand klarer Kriterien","Zustand festhalten; Ort zuordnen, mit Blick auf die Folgen, bei Bedarf im Team, im konkreten Fall, anhand klarer Kriterien, mit Blick auf die Folgen","Foto ohne Kontext; Beweis schwächen, bei Bedarf im Team, im konkreten Fall, anhand klarer Kriterien, mit Blick auf die Folgen, bei Bedarf im Team","Nur Details zeigen; Übersicht verlieren, im konkreten Fall, anhand klarer Kriterien, mit Blick auf die Folgen, bei Bedarf im Team, im konkreten Fall",B,"Fotos helfen, Zustände und Arbeiten nachvollziehbar zu belegen.","Bildungsplan Verkehrswegbau EFZ, Infra Suisse/SBFI",https://infra-suisse.ch/wp-content/uploads/2016/09/bildungsplan-2014_verkehrswegbau_efz_infra.pdf
strassenbau,Strassenbauer/in EFZ,stb_hk1,Strassenbauarbeiten vorbereiten und ausführen,40,Ausmass und Rapport,single_choice,medium,23,Welche Vorgehensweise ist im Thema «Plausibilität» richtig?,"Unterschrift sparen; Verbindlichkeit senken, mit Blick auf die Folgen, bei Bedarf im Team, im konkreten Fall, anhand klarer Kriterien, mit Blick auf die Folgen","Zahlen übernehmen; Fehler fortsetzen, bei Bedarf im Team, im konkreten Fall, anhand klarer Kriterien, mit Blick auf die Folgen, bei Bedarf im Team","Angaben prüfen; Abweichung klären, im konkreten Fall, anhand klarer Kriterien, mit Blick auf die Folgen, bei Bedarf im Team, im konkreten Fall","Einheit ignorieren; Vergleich verlieren, anhand klarer Kriterien, mit Blick auf die Folgen, bei Bedarf im Team, im konkreten Fall, anhand klarer Kriterien",C,"Dokumente müssen vollständig, plausibel und überprüfbar sein.","Bildungsplan Verkehrswegbau EFZ, Infra Suisse/SBFI",https://infra-suisse.ch/wp-content/uploads/2016/09/bildungsplan-2014_verkehrswegbau_efz_infra.pdf
strassenbau,Strassenbauer/in EFZ,stb_hk1,Strassenbauarbeiten vorbereiten und ausführen,40,Ausmass und Rapport,single_choice,hard,24,Welche Handlung zeigt ein gutes Verständnis von «Übergabe»?,Unterlagen verlieren; Nachweis fehlen,Wissen behalten; Team behindern,Mängel verschweigen; Qualität riskieren,Information sichern; Offenes melden,D,Eine gute Übergabe verhindert Informationsverlust und Folgefehler.,"Bildungsplan Verkehrswegbau EFZ, Infra Suisse/SBFI",https://infra-suisse.ch/wp-content/uploads/2016/09/bildungsplan-2014_verkehrswegbau_efz_infra.pdf
strassenbau,Strassenbauer/in EFZ,stb_hk1,Strassenbauarbeiten vorbereiten und ausführen,40,Ausmass und Rapport,single_choice,medium,25,Welche Entscheidung ist bei «Tagesrapport» sinnvoll?,Leistung erfassen; Ressourcen notieren,Schätzung eintragen; Nachweis schwächen,Details weglassen; Abrechnung erschweren,Unleserlich schreiben; Kontrolle verhindern,A,"Rapporte müssen Arbeiten, Mengen, Personal und Maschinen nachvollziehbar zeigen.","Bildungsplan Verkehrswegbau EFZ, Infra Suisse/SBFI",https://infra-suisse.ch/wp-content/uploads/2016/09/bildungsplan-2014_verkehrswegbau_efz_infra.pdf
strassenbau,Strassenbauer/in EFZ,stb_hk1,Strassenbauarbeiten vorbereiten und ausführen,40,Ausmass und Rapport,single_choice,easy,26,Welche Aussage passt am besten zu «Ausmass»?,"Gefühl nutzen; Fehler erhöhen, anhand klarer Kriterien","Mengen berechnen; Masse belegen, mit Blick auf die Folgen","Einheiten mischen; Resultat verfälschen, bei Bedarf im Team","Kontrolle meiden; Abrechnung riskieren, im konkreten Fall",B,Ein Ausmass dokumentiert ausgeführte Mengen mit klaren Massen und Einheiten.,"Bildungsplan Verkehrswegbau EFZ, Infra Suisse/SBFI",https://infra-suisse.ch/wp-content/uploads/2016/09/bildungsplan-2014_verkehrswegbau_efz_infra.pdf
strassenbau,Strassenbauer/in EFZ,stb_hk1,Strassenbauarbeiten vorbereiten und ausführen,40,Ausmass und Rapport,single_choice,medium,27,Was ist bei «Skizze» fachlich am wichtigsten?,Nur schön zeichnen; Information fehlen,Massstab ignorieren; Deutung erschweren,Lage darstellen; Masse eintragen,Punkte vergessen; Nacharbeit riskieren,C,"Skizzen müssen Lage, Masse und Bezugspunkte verständlich zeigen.","Bildungsplan Verkehrswegbau EFZ, Infra Suisse/SBFI",https://infra-suisse.ch/wp-content/uploads/2016/09/bildungsplan-2014_verkehrswegbau_efz_infra.pdf
strassenbau,Strassenbauer/in EFZ,stb_hk1,Strassenbauarbeiten vorbereiten und ausführen,40,Ausmass und Rapport,single_choice,medium,28,Welche Vorgehensweise ist im Thema «Fotodokumentation» richtig?,"Foto ohne Kontext; Beweis schwächen, bei Bedarf im Team, im konkreten Fall, anhand klarer Kriterien, mit Blick auf die Folgen, bei Bedarf im Team","Nur Details zeigen; Übersicht verlieren, im konkreten Fall, anhand klarer Kriterien, mit Blick auf die Folgen, bei Bedarf im Team, im konkreten Fall","Zeitpunkt vergessen; Zuordnung erschweren, anhand klarer Kriterien, mit Blick auf die Folgen, bei Bedarf im Team, im konkreten Fall, anhand klarer Kriterien","Zustand festhalten; Ort zuordnen, mit Blick auf die Folgen, bei Bedarf im Team, im konkreten Fall, anhand klarer Kriterien, mit Blick auf die Folgen",D,"Fotos helfen, Zustände und Arbeiten nachvollziehbar zu belegen.","Bildungsplan Verkehrswegbau EFZ, Infra Suisse/SBFI",https://infra-suisse.ch/wp-content/uploads/2016/09/bildungsplan-2014_verkehrswegbau_efz_infra.pdf
strassenbau,Strassenbauer/in EFZ,stb_hk1,Strassenbauarbeiten vorbereiten und ausführen,40,Ausmass und Rapport,single_choice,hard,29,Welche Handlung zeigt ein gutes Verständnis von «Plausibilität»?,"Angaben prüfen; Abweichung klären, im konkreten Fall, anhand klarer Kriterien, mit Blick auf die Folgen, bei Bedarf im Team, im konkreten Fall","Einheit ignorieren; Vergleich verlieren, anhand klarer Kriterien, mit Blick auf die Folgen, bei Bedarf im Team, im konkreten Fall, anhand klarer Kriterien","Unterschrift sparen; Verbindlichkeit senken, mit Blick auf die Folgen, bei Bedarf im Team, im konkreten Fall, anhand klarer Kriterien, mit Blick auf die Folgen","Zahlen übernehmen; Fehler fortsetzen, bei Bedarf im Team, im konkreten Fall, anhand klarer Kriterien, mit Blick auf die Folgen, bei Bedarf im Team",A,"Dokumente müssen vollständig, plausibel und überprüfbar sein.","Bildungsplan Verkehrswegbau EFZ, Infra Suisse/SBFI",https://infra-suisse.ch/wp-content/uploads/2016/09/bildungsplan-2014_verkehrswegbau_efz_infra.pdf
strassenbau,Strassenbauer/in EFZ,stb_hk1,Strassenbauarbeiten vorbereiten und ausführen,40,Ausmass und Rapport,single_choice,medium,30,Welche Entscheidung ist bei «Übergabe» sinnvoll?,Mängel verschweigen; Qualität riskieren,Information sichern; Offenes melden,Unterlagen verlieren; Nachweis fehlen,Wissen behalten; Team behindern,B,Eine gute Übergabe verhindert Informationsverlust und Folgefehler.,"Bildungsplan Verkehrswegbau EFZ, Infra Suisse/SBFI",https://infra-suisse.ch/wp-content/uploads/2016/09/bildungsplan-2014_verkehrswegbau_efz_infra.pdf
strassenbau,Strassenbauer/in EFZ,stb_hk1,Strassenbauarbeiten vorbereiten und ausführen,50,Maschineneinsatz,single_choice,easy,1,Welche Aussage passt am besten zu «Kontrolle vor Start»?,Zustand prüfen; Mängel melden,Direkt starten; Defekt riskieren,Warnung ignorieren; Unfall fördern,Ölstand raten; Schaden erhöhen,A,"Vor dem Einsatz werden Maschine, Schutzvorrichtungen und Betriebsstoffe geprüft.","Bildungsplan Verkehrswegbau EFZ, Infra Suisse/SBFI",https://infra-suisse.ch/wp-content/uploads/2016/09/bildungsplan-2014_verkehrswegbau_efz_infra.pdf
strassenbau,Strassenbauer/in EFZ,stb_hk1,Strassenbauarbeiten vorbereiten und ausführen,50,Maschineneinsatz,single_choice,medium,2,Was ist bei «Bedienung» fachlich am wichtigsten?,Improvisieren; Überlast erzeugen,Anleitung beachten; Einsatzgrenze kennen,Sicherung umgehen; Kontrolle verlieren,Tempo erzwingen; Risiko steigern,B,"Sichere Bedienung folgt Anleitung, Ausbildung und Einsatzgrenzen.","Bildungsplan Verkehrswegbau EFZ, Infra Suisse/SBFI",https://infra-suisse.ch/wp-content/uploads/2016/09/bildungsplan-2014_verkehrswegbau_efz_infra.pdf
strassenbau,Strassenbauer/in EFZ,stb_hk1,Strassenbauarbeiten vorbereiten und ausführen,50,Maschineneinsatz,single_choice,medium,3,Welche Vorgehensweise ist im Thema «Parkdienst» richtig?,Schmutz belassen; Mängel verdecken,Motor laufen lassen; Gefahr erzeugen,Reinigen und prüfen; Sicher abstellen,Werkzeug liegen lassen; Ordnung verlieren,C,Parkdienst erhält Betriebsbereitschaft und verhindert Schäden.,"Bildungsplan Verkehrswegbau EFZ, Infra Suisse/SBFI",https://infra-suisse.ch/wp-content/uploads/2016/09/bildungsplan-2014_verkehrswegbau_efz_infra.pdf
strassenbau,Strassenbauer/in EFZ,stb_hk1,Strassenbauarbeiten vorbereiten und ausführen,50,Maschineneinsatz,single_choice,hard,4,Welche Handlung zeigt ein gutes Verständnis von «Treibstoff»?,Kanister offen lassen; Dämpfe erhöhen,Boden belasten; Gewässer gefährden,Falsch betanken; Motor schädigen,Richtig lagern; Verschütten vermeiden,D,"Treibstoffe sind sicher, umweltgerecht und passend zur Maschine zu verwenden.","Bildungsplan Verkehrswegbau EFZ, Infra Suisse/SBFI",https://infra-suisse.ch/wp-content/uploads/2016/09/bildungsplan-2014_verkehrswegbau_efz_infra.pdf
strassenbau,Strassenbauer/in EFZ,stb_hk1,Strassenbauarbeiten vorbereiten und ausführen,50,Maschineneinsatz,single_choice,medium,5,Welche Entscheidung ist bei «Kleinmaschinen» sinnvoll?,Gerät passend wählen; Untergrund beachten,Zu schwach wählen; Zeit verlieren,Abstand ignorieren; Personen gefährden,Zu gross einsetzen; Umfeld beschädigen,A,"Kleinmaschinen müssen zur Arbeit, Umgebung und Sicherheit passen.","Bildungsplan Verkehrswegbau EFZ, Infra Suisse/SBFI",https://infra-suisse.ch/wp-content/uploads/2016/09/bildungsplan-2014_verkehrswegbau_efz_infra.pdf
strassenbau,Strassenbauer/in EFZ,stb_hk1,Strassenbauarbeiten vorbereiten und ausführen,50,Maschineneinsatz,single_choice,easy,6,Welche Aussage passt am besten zu «Wartung»?,Geräusch ignorieren; Schaden erhöhen,Intervalle beachten; Verschleiss erkennen,Schmiermittel raten; Funktion mindern,Wartung verschieben; Ausfall riskieren,B,Regelmässige Wartung reduziert Ausfälle und erhöht Sicherheit.,"Bildungsplan Verkehrswegbau EFZ, Infra Suisse/SBFI",https://infra-suisse.ch/wp-content/uploads/2016/09/bildungsplan-2014_verkehrswegbau_efz_infra.pdf
strassenbau,Strassenbauer/in EFZ,stb_hk1,Strassenbauarbeiten vorbereiten und ausführen,50,Maschineneinsatz,single_choice,medium,7,Was ist bei «Kontrolle vor Start» fachlich am wichtigsten?,Warnung ignorieren; Unfall fördern,Ölstand raten; Schaden erhöhen,Zustand prüfen; Mängel melden,Direkt starten; Defekt riskieren,C,"Vor dem Einsatz werden Maschine, Schutzvorrichtungen und Betriebsstoffe geprüft.","Bildungsplan Verkehrswegbau EFZ, Infra Suisse/SBFI",https://infra-suisse.ch/wp-content/uploads/2016/09/bildungsplan-2014_verkehrswegbau_efz_infra.pdf
strassenbau,Strassenbauer/in EFZ,stb_hk1,Strassenbauarbeiten vorbereiten und ausführen,50,Maschineneinsatz,single_choice,medium,8,Welche Vorgehensweise ist im Thema «Bedienung» richtig?,Sicherung umgehen; Kontrolle verlieren,Tempo erzwingen; Risiko steigern,Improvisieren; Überlast erzeugen,Anleitung beachten; Einsatzgrenze kennen,D,"Sichere Bedienung folgt Anleitung, Ausbildung und Einsatzgrenzen.","Bildungsplan Verkehrswegbau EFZ, Infra Suisse/SBFI",https://infra-suisse.ch/wp-content/uploads/2016/09/bildungsplan-2014_verkehrswegbau_efz_infra.pdf
strassenbau,Strassenbauer/in EFZ,stb_hk1,Strassenbauarbeiten vorbereiten und ausführen,50,Maschineneinsatz,single_choice,hard,9,Welche Handlung zeigt ein gutes Verständnis von «Parkdienst»?,Reinigen und prüfen; Sicher abstellen,Werkzeug liegen lassen; Ordnung verlieren,Schmutz belassen; Mängel verdecken,Motor laufen lassen; Gefahr erzeugen,A,Parkdienst erhält Betriebsbereitschaft und verhindert Schäden.,"Bildungsplan Verkehrswegbau EFZ, Infra Suisse/SBFI",https://infra-suisse.ch/wp-content/uploads/2016/09/bildungsplan-2014_verkehrswegbau_efz_infra.pdf
strassenbau,Strassenbauer/in EFZ,stb_hk1,Strassenbauarbeiten vorbereiten und ausführen,50,Maschineneinsatz,single_choice,medium,10,Welche Entscheidung ist bei «Treibstoff» sinnvoll?,Falsch betanken; Motor schädigen,Richtig lagern; Verschütten vermeiden,Kanister offen lassen; Dämpfe erhöhen,Boden belasten; Gewässer gefährden,B,"Treibstoffe sind sicher, umweltgerecht und passend zur Maschine zu verwenden.","Bildungsplan Verkehrswegbau EFZ, Infra Suisse/SBFI",https://infra-suisse.ch/wp-content/uploads/2016/09/bildungsplan-2014_verkehrswegbau_efz_infra.pdf
strassenbau,Strassenbauer/in EFZ,stb_hk1,Strassenbauarbeiten vorbereiten und ausführen,50,Maschineneinsatz,single_choice,easy,11,Welche Aussage passt am besten zu «Kleinmaschinen»?,Abstand ignorieren; Personen gefährden,Zu gross einsetzen; Umfeld beschädigen,Gerät passend wählen; Untergrund beachten,Zu schwach wählen; Zeit verlieren,C,"Kleinmaschinen müssen zur Arbeit, Umgebung und Sicherheit passen.","Bildungsplan Verkehrswegbau EFZ, Infra Suisse/SBFI",https://infra-suisse.ch/wp-content/uploads/2016/09/bildungsplan-2014_verkehrswegbau_efz_infra.pdf
strassenbau,Strassenbauer/in EFZ,stb_hk1,Strassenbauarbeiten vorbereiten und ausführen,50,Maschineneinsatz,single_choice,medium,12,Was ist bei «Wartung» fachlich am wichtigsten?,Schmiermittel raten; Funktion mindern,Wartung verschieben; Ausfall riskieren,Geräusch ignorieren; Schaden erhöhen,Intervalle beachten; Verschleiss erkennen,D,Regelmässige Wartung reduziert Ausfälle und erhöht Sicherheit.,"Bildungsplan Verkehrswegbau EFZ, Infra Suisse/SBFI",https://infra-suisse.ch/wp-content/uploads/2016/09/bildungsplan-2014_verkehrswegbau_efz_infra.pdf
strassenbau,Strassenbauer/in EFZ,stb_hk1,Strassenbauarbeiten vorbereiten und ausführen,50,Maschineneinsatz,single_choice,medium,13,Welche Vorgehensweise ist im Thema «Kontrolle vor Start» richtig?,Zustand prüfen; Mängel melden,Direkt starten; Defekt riskieren,Warnung ignorieren; Unfall fördern,Ölstand raten; Schaden erhöhen,A,"Vor dem Einsatz werden Maschine, Schutzvorrichtungen und Betriebsstoffe geprüft.","Bildungsplan Verkehrswegbau EFZ, Infra Suisse/SBFI",https://infra-suisse.ch/wp-content/uploads/2016/09/bildungsplan-2014_verkehrswegbau_efz_infra.pdf
strassenbau,Strassenbauer/in EFZ,stb_hk1,Strassenbauarbeiten vorbereiten und ausführen,50,Maschineneinsatz,single_choice,hard,14,Welche Handlung zeigt ein gutes Verständnis von «Bedienung»?,Improvisieren; Überlast erzeugen,Anleitung beachten; Einsatzgrenze kennen,Sicherung umgehen; Kontrolle verlieren,Tempo erzwingen; Risiko steigern,B,"Sichere Bedienung folgt Anleitung, Ausbildung und Einsatzgrenzen.","Bildungsplan Verkehrswegbau EFZ, Infra Suisse/SBFI",https://infra-suisse.ch/wp-content/uploads/2016/09/bildungsplan-2014_verkehrswegbau_efz_infra.pdf
strassenbau,Strassenbauer/in EFZ,stb_hk1,Strassenbauarbeiten vorbereiten und ausführen,50,Maschineneinsatz,single_choice,medium,15,Welche Entscheidung ist bei «Parkdienst» sinnvoll?,Schmutz belassen; Mängel verdecken,Motor laufen lassen; Gefahr erzeugen,Reinigen und prüfen; Sicher abstellen,Werkzeug liegen lassen; Ordnung verlieren,C,Parkdienst erhält Betriebsbereitschaft und verhindert Schäden.,"Bildungsplan Verkehrswegbau EFZ, Infra Suisse/SBFI",https://infra-suisse.ch/wp-content/uploads/2016/09/bildungsplan-2014_verkehrswegbau_efz_infra.pdf
strassenbau,Strassenbauer/in EFZ,stb_hk1,Strassenbauarbeiten vorbereiten und ausführen,50,Maschineneinsatz,single_choice,easy,16,Welche Aussage passt am besten zu «Treibstoff»?,Kanister offen lassen; Dämpfe erhöhen,Boden belasten; Gewässer gefährden,Falsch betanken; Motor schädigen,Richtig lagern; Verschütten vermeiden,D,"Treibstoffe sind sicher, umweltgerecht und passend zur Maschine zu verwenden.","Bildungsplan Verkehrswegbau EFZ, Infra Suisse/SBFI",https://infra-suisse.ch/wp-content/uploads/2016/09/bildungsplan-2014_verkehrswegbau_efz_infra.pdf
strassenbau,Strassenbauer/in EFZ,stb_hk1,Strassenbauarbeiten vorbereiten und ausführen,50,Maschineneinsatz,single_choice,medium,17,Was ist bei «Kleinmaschinen» fachlich am wichtigsten?,Gerät passend wählen; Untergrund beachten,Zu schwach wählen; Zeit verlieren,Abstand ignorieren; Personen gefährden,Zu gross einsetzen; Umfeld beschädigen,A,"Kleinmaschinen müssen zur Arbeit, Umgebung und Sicherheit passen.","Bildungsplan Verkehrswegbau EFZ, Infra Suisse/SBFI",https://infra-suisse.ch/wp-content/uploads/2016/09/bildungsplan-2014_verkehrswegbau_efz_infra.pdf
strassenbau,Strassenbauer/in EFZ,stb_hk1,Strassenbauarbeiten vorbereiten und ausführen,50,Maschineneinsatz,single_choice,medium,18,Welche Vorgehensweise ist im Thema «Wartung» richtig?,Geräusch ignorieren; Schaden erhöhen,Intervalle beachten; Verschleiss erkennen,Schmiermittel raten; Funktion mindern,Wartung verschieben; Ausfall riskieren,B,Regelmässige Wartung reduziert Ausfälle und erhöht Sicherheit.,"Bildungsplan Verkehrswegbau EFZ, Infra Suisse/SBFI",https://infra-suisse.ch/wp-content/uploads/2016/09/bildungsplan-2014_verkehrswegbau_efz_infra.pdf
strassenbau,Strassenbauer/in EFZ,stb_hk1,Strassenbauarbeiten vorbereiten und ausführen,50,Maschineneinsatz,single_choice,hard,19,Welche Handlung zeigt ein gutes Verständnis von «Kontrolle vor Start»?,Warnung ignorieren; Unfall fördern,Ölstand raten; Schaden erhöhen,Zustand prüfen; Mängel melden,Direkt starten; Defekt riskieren,C,"Vor dem Einsatz werden Maschine, Schutzvorrichtungen und Betriebsstoffe geprüft.","Bildungsplan Verkehrswegbau EFZ, Infra Suisse/SBFI",https://infra-suisse.ch/wp-content/uploads/2016/09/bildungsplan-2014_verkehrswegbau_efz_infra.pdf
strassenbau,Strassenbauer/in EFZ,stb_hk1,Strassenbauarbeiten vorbereiten und ausführen,50,Maschineneinsatz,single_choice,medium,20,Welche Entscheidung ist bei «Bedienung» sinnvoll?,Sicherung umgehen; Kontrolle verlieren,Tempo erzwingen; Risiko steigern,Improvisieren; Überlast erzeugen,Anleitung beachten; Einsatzgrenze kennen,D,"Sichere Bedienung folgt Anleitung, Ausbildung und Einsatzgrenzen.","Bildungsplan Verkehrswegbau EFZ, Infra Suisse/SBFI",https://infra-suisse.ch/wp-content/uploads/2016/09/bildungsplan-2014_verkehrswegbau_efz_infra.pdf
strassenbau,Strassenbauer/in EFZ,stb_hk1,Strassenbauarbeiten vorbereiten und ausführen,50,Maschineneinsatz,single_choice,easy,21,Welche Aussage passt am besten zu «Parkdienst»?,Reinigen und prüfen; Sicher abstellen,Werkzeug liegen lassen; Ordnung verlieren,Schmutz belassen; Mängel verdecken,Motor laufen lassen; Gefahr erzeugen,A,Parkdienst erhält Betriebsbereitschaft und verhindert Schäden.,"Bildungsplan Verkehrswegbau EFZ, Infra Suisse/SBFI",https://infra-suisse.ch/wp-content/uploads/2016/09/bildungsplan-2014_verkehrswegbau_efz_infra.pdf
strassenbau,Strassenbauer/in EFZ,stb_hk1,Strassenbauarbeiten vorbereiten und ausführen,50,Maschineneinsatz,single_choice,medium,22,Was ist bei «Treibstoff» fachlich am wichtigsten?,Falsch betanken; Motor schädigen,Richtig lagern; Verschütten vermeiden,Kanister offen lassen; Dämpfe erhöhen,Boden belasten; Gewässer gefährden,B,"Treibstoffe sind sicher, umweltgerecht und passend zur Maschine zu verwenden.","Bildungsplan Verkehrswegbau EFZ, Infra Suisse/SBFI",https://infra-suisse.ch/wp-content/uploads/2016/09/bildungsplan-2014_verkehrswegbau_efz_infra.pdf
strassenbau,Strassenbauer/in EFZ,stb_hk1,Strassenbauarbeiten vorbereiten und ausführen,50,Maschineneinsatz,single_choice,medium,23,Welche Vorgehensweise ist im Thema «Kleinmaschinen» richtig?,Abstand ignorieren; Personen gefährden,Zu gross einsetzen; Umfeld beschädigen,Gerät passend wählen; Untergrund beachten,Zu schwach wählen; Zeit verlieren,C,"Kleinmaschinen müssen zur Arbeit, Umgebung und Sicherheit passen.","Bildungsplan Verkehrswegbau EFZ, Infra Suisse/SBFI",https://infra-suisse.ch/wp-content/uploads/2016/09/bildungsplan-2014_verkehrswegbau_efz_infra.pdf
strassenbau,Strassenbauer/in EFZ,stb_hk1,Strassenbauarbeiten vorbereiten und ausführen,50,Maschineneinsatz,single_choice,hard,24,Welche Handlung zeigt ein gutes Verständnis von «Wartung»?,Schmiermittel raten; Funktion mindern,Wartung verschieben; Ausfall riskieren,Geräusch ignorieren; Schaden erhöhen,Intervalle beachten; Verschleiss erkennen,D,Regelmässige Wartung reduziert Ausfälle und erhöht Sicherheit.,"Bildungsplan Verkehrswegbau EFZ, Infra Suisse/SBFI",https://infra-suisse.ch/wp-content/uploads/2016/09/bildungsplan-2014_verkehrswegbau_efz_infra.pdf
strassenbau,Strassenbauer/in EFZ,stb_hk1,Strassenbauarbeiten vorbereiten und ausführen,50,Maschineneinsatz,single_choice,medium,25,Welche Entscheidung ist bei «Kontrolle vor Start» sinnvoll?,Zustand prüfen; Mängel melden,Direkt starten; Defekt riskieren,Warnung ignorieren; Unfall fördern,Ölstand raten; Schaden erhöhen,A,"Vor dem Einsatz werden Maschine, Schutzvorrichtungen und Betriebsstoffe geprüft.","Bildungsplan Verkehrswegbau EFZ, Infra Suisse/SBFI",https://infra-suisse.ch/wp-content/uploads/2016/09/bildungsplan-2014_verkehrswegbau_efz_infra.pdf
strassenbau,Strassenbauer/in EFZ,stb_hk1,Strassenbauarbeiten vorbereiten und ausführen,50,Maschineneinsatz,single_choice,easy,26,Welche Aussage passt am besten zu «Bedienung»?,Improvisieren; Überlast erzeugen,Anleitung beachten; Einsatzgrenze kennen,Sicherung umgehen; Kontrolle verlieren,Tempo erzwingen; Risiko steigern,B,"Sichere Bedienung folgt Anleitung, Ausbildung und Einsatzgrenzen.","Bildungsplan Verkehrswegbau EFZ, Infra Suisse/SBFI",https://infra-suisse.ch/wp-content/uploads/2016/09/bildungsplan-2014_verkehrswegbau_efz_infra.pdf
strassenbau,Strassenbauer/in EFZ,stb_hk1,Strassenbauarbeiten vorbereiten und ausführen,50,Maschineneinsatz,single_choice,medium,27,Was ist bei «Parkdienst» fachlich am wichtigsten?,Schmutz belassen; Mängel verdecken,Motor laufen lassen; Gefahr erzeugen,Reinigen und prüfen; Sicher abstellen,Werkzeug liegen lassen; Ordnung verlieren,C,Parkdienst erhält Betriebsbereitschaft und verhindert Schäden.,"Bildungsplan Verkehrswegbau EFZ, Infra Suisse/SBFI",https://infra-suisse.ch/wp-content/uploads/2016/09/bildungsplan-2014_verkehrswegbau_efz_infra.pdf
strassenbau,Strassenbauer/in EFZ,stb_hk1,Strassenbauarbeiten vorbereiten und ausführen,50,Maschineneinsatz,single_choice,medium,28,Welche Vorgehensweise ist im Thema «Treibstoff» richtig?,Kanister offen lassen; Dämpfe erhöhen,Boden belasten; Gewässer gefährden,Falsch betanken; Motor schädigen,Richtig lagern; Verschütten vermeiden,D,"Treibstoffe sind sicher, umweltgerecht und passend zur Maschine zu verwenden.","Bildungsplan Verkehrswegbau EFZ, Infra Suisse/SBFI",https://infra-suisse.ch/wp-content/uploads/2016/09/bildungsplan-2014_verkehrswegbau_efz_infra.pdf
strassenbau,Strassenbauer/in EFZ,stb_hk1,Strassenbauarbeiten vorbereiten und ausführen,50,Maschineneinsatz,single_choice,hard,29,Welche Handlung zeigt ein gutes Verständnis von «Kleinmaschinen»?,Gerät passend wählen; Untergrund beachten,Zu schwach wählen; Zeit verlieren,Abstand ignorieren; Personen gefährden,Zu gross einsetzen; Umfeld beschädigen,A,"Kleinmaschinen müssen zur Arbeit, Umgebung und Sicherheit passen.","Bildungsplan Verkehrswegbau EFZ, Infra Suisse/SBFI",https://infra-suisse.ch/wp-content/uploads/2016/09/bildungsplan-2014_verkehrswegbau_efz_infra.pdf
strassenbau,Strassenbauer/in EFZ,stb_hk1,Strassenbauarbeiten vorbereiten und ausführen,50,Maschineneinsatz,single_choice,medium,30,Welche Entscheidung ist bei «Wartung» sinnvoll?,Geräusch ignorieren; Schaden erhöhen,Intervalle beachten; Verschleiss erkennen,Schmiermittel raten; Funktion mindern,Wartung verschieben; Ausfall riskieren,B,Regelmässige Wartung reduziert Ausfälle und erhöht Sicherheit.,"Bildungsplan Verkehrswegbau EFZ, Infra Suisse/SBFI",https://infra-suisse.ch/wp-content/uploads/2016/09/bildungsplan-2014_verkehrswegbau_efz_infra.pdf
strassenbau,Strassenbauer/in EFZ,stb_hk2,Baustelle einrichten und Bauwerke erstellen,60,Baustelleneinrichtung und Signalisation,single_choice,easy,1,Welche Aussage passt am besten zu «Verkehrsführung»?,"Wege sichern; Verkehr leiten, im konkreten Fall, anhand klarer Kriterien, mit Blick auf die Folgen, bei Bedarf im Team, im konkreten Fall","Schilder spät stellen; Gefahr erhöhen, anhand klarer Kriterien, mit Blick auf die Folgen, bei Bedarf im Team, im konkreten Fall, anhand klarer Kriterien","Absperrung öffnen; Dritte gefährden, mit Blick auf die Folgen, bei Bedarf im Team, im konkreten Fall, anhand klarer Kriterien, mit Blick auf die Folgen","Sicht verdecken; Warnung schwächen, bei Bedarf im Team, im konkreten Fall, anhand klarer Kriterien, mit Blick auf die Folgen, bei Bedarf im Team",A,"Baustellensignalisation schützt Verkehr, Personal und Dritte.","Bildungsplan Verkehrswegbau EFZ, Infra Suisse/SBFI",https://infra-suisse.ch/wp-content/uploads/2016/09/bildungsplan-2014_verkehrswegbau_efz_infra.pdf
strassenbau,Strassenbauer/in EFZ,stb_hk2,Baustelle einrichten und Bauwerke erstellen,60,Baustelleneinrichtung und Signalisation,single_choice,medium,2,Was ist bei «Installationsplatz» fachlich am wichtigsten?,"Material verstreuen; Wege blockieren, anhand klarer Kriterien","Flächen ordnen; Zugänge freihalten, mit Blick auf die Folgen","Maschinen mischen; Abläufe stören, bei Bedarf im Team","Gefahrstellen dulden; Unfallrisiko erhöhen, im konkreten Fall",B,Ein guter Installationsplatz unterstützt sichere und effiziente Abläufe.,"Bildungsplan Verkehrswegbau EFZ, Infra Suisse/SBFI",https://infra-suisse.ch/wp-content/uploads/2016/09/bildungsplan-2014_verkehrswegbau_efz_infra.pdf
strassenbau,Strassenbauer/in EFZ,stb_hk2,Baustelle einrichten und Bauwerke erstellen,60,Baustelleneinrichtung und Signalisation,single_choice,medium,3,Welche Vorgehensweise ist im Thema «Absperrung» richtig?,Band weglassen; Grenze verwischen,Lücke offenlassen; Dritte einladen,Gefahr markieren; Zugang kontrollieren,Schilder verdecken; Wirkung senken,C,"Absperrungen müssen klar, stabil und der Gefahr angepasst sein.","Bildungsplan Verkehrswegbau EFZ, Infra Suisse/SBFI",https://infra-suisse.ch/wp-content/uploads/2016/09/bildungsplan-2014_verkehrswegbau_efz_infra.pdf
strassenbau,Strassenbauer/in EFZ,stb_hk2,Baustelle einrichten und Bauwerke erstellen,60,Baustelleneinrichtung und Signalisation,single_choice,hard,4,Welche Handlung zeigt ein gutes Verständnis von «Ordnung»?,"Werkzeug liegen lassen; Unfälle fördern, bei Bedarf im Team, im konkreten Fall, anhand klarer Kriterien","Abfall mischen; Suchzeit erhöhen, im konkreten Fall, anhand klarer Kriterien, mit Blick auf die Folgen","Zufahrt zustellen; Rettung behindern, anhand klarer Kriterien, mit Blick auf die Folgen, bei Bedarf im Team","Material gruppieren; Stolperstellen vermeiden, mit Blick auf die Folgen, bei Bedarf im Team, im konkreten Fall",D,Ordnung auf der Baustelle erhöht Sicherheit und Arbeitsfluss.,"Bildungsplan Verkehrswegbau EFZ, Infra Suisse/SBFI",https://infra-suisse.ch/wp-content/uploads/2016/09/bildungsplan-2014_verkehrswegbau_efz_infra.pdf
strassenbau,Strassenbauer/in EFZ,stb_hk2,Baustelle einrichten und Bauwerke erstellen,60,Baustelleneinrichtung und Signalisation,single_choice,medium,5,Welche Entscheidung ist bei «Kontrolle» sinnvoll?,"Einrichtung prüfen; Mängel beheben, im konkreten Fall, anhand klarer Kriterien, mit Blick auf die Folgen, bei Bedarf im Team, im konkreten Fall","Kontrolle auslassen; Verantwortung schwächen, anhand klarer Kriterien, mit Blick auf die Folgen, bei Bedarf im Team, im konkreten Fall, anhand klarer Kriterien","Meldung sparen; Fehler belassen, mit Blick auf die Folgen, bei Bedarf im Team, im konkreten Fall, anhand klarer Kriterien, mit Blick auf die Folgen","Annahme treffen; Risiko übersehen, bei Bedarf im Team, im konkreten Fall, anhand klarer Kriterien, mit Blick auf die Folgen, bei Bedarf im Team",A,Baustelleneinrichtung muss laufend auf Sicherheit und Funktion geprüft werden.,"Bildungsplan Verkehrswegbau EFZ, Infra Suisse/SBFI",https://infra-suisse.ch/wp-content/uploads/2016/09/bildungsplan-2014_verkehrswegbau_efz_infra.pdf
strassenbau,Strassenbauer/in EFZ,stb_hk2,Baustelle einrichten und Bauwerke erstellen,60,Baustelleneinrichtung und Signalisation,single_choice,easy,6,Welche Aussage passt am besten zu «Anwohner»?,Durchgänge sperren; Alltag stören,Information beachten; Zugänge sichern,Hinweise entfernen; Orientierung nehmen,Lärm ignorieren; Konflikt fördern,B,"Dritte sind durch klare Wege, Informationen und Schutzmassnahmen zu berücksichtigen.","Bildungsplan Verkehrswegbau EFZ, Infra Suisse/SBFI",https://infra-suisse.ch/wp-content/uploads/2016/09/bildungsplan-2014_verkehrswegbau_efz_infra.pdf
strassenbau,Strassenbauer/in EFZ,stb_hk2,Baustelle einrichten und Bauwerke erstellen,60,Baustelleneinrichtung und Signalisation,single_choice,medium,7,Was ist bei «Verkehrsführung» fachlich am wichtigsten?,"Absperrung öffnen; Dritte gefährden, mit Blick auf die Folgen, bei Bedarf im Team, im konkreten Fall, anhand klarer Kriterien, mit Blick auf die Folgen","Sicht verdecken; Warnung schwächen, bei Bedarf im Team, im konkreten Fall, anhand klarer Kriterien, mit Blick auf die Folgen, bei Bedarf im Team","Wege sichern; Verkehr leiten, im konkreten Fall, anhand klarer Kriterien, mit Blick auf die Folgen, bei Bedarf im Team, im konkreten Fall","Schilder spät stellen; Gefahr erhöhen, anhand klarer Kriterien, mit Blick auf die Folgen, bei Bedarf im Team, im konkreten Fall, anhand klarer Kriterien",C,"Baustellensignalisation schützt Verkehr, Personal und Dritte.","Bildungsplan Verkehrswegbau EFZ, Infra Suisse/SBFI",https://infra-suisse.ch/wp-content/uploads/2016/09/bildungsplan-2014_verkehrswegbau_efz_infra.pdf
strassenbau,Strassenbauer/in EFZ,stb_hk2,Baustelle einrichten und Bauwerke erstellen,60,Baustelleneinrichtung und Signalisation,single_choice,medium,8,Welche Vorgehensweise ist im Thema «Installationsplatz» richtig?,"Maschinen mischen; Abläufe stören, bei Bedarf im Team","Gefahrstellen dulden; Unfallrisiko erhöhen, im konkreten Fall","Material verstreuen; Wege blockieren, anhand klarer Kriterien","Flächen ordnen; Zugänge freihalten, mit Blick auf die Folgen",D,Ein guter Installationsplatz unterstützt sichere und effiziente Abläufe.,"Bildungsplan Verkehrswegbau EFZ, Infra Suisse/SBFI",https://infra-suisse.ch/wp-content/uploads/2016/09/bildungsplan-2014_verkehrswegbau_efz_infra.pdf
strassenbau,Strassenbauer/in EFZ,stb_hk2,Baustelle einrichten und Bauwerke erstellen,60,Baustelleneinrichtung und Signalisation,single_choice,hard,9,Welche Handlung zeigt ein gutes Verständnis von «Absperrung»?,Gefahr markieren; Zugang kontrollieren,Schilder verdecken; Wirkung senken,Band weglassen; Grenze verwischen,Lücke offenlassen; Dritte einladen,A,"Absperrungen müssen klar, stabil und der Gefahr angepasst sein.","Bildungsplan Verkehrswegbau EFZ, Infra Suisse/SBFI",https://infra-suisse.ch/wp-content/uploads/2016/09/bildungsplan-2014_verkehrswegbau_efz_infra.pdf
strassenbau,Strassenbauer/in EFZ,stb_hk2,Baustelle einrichten und Bauwerke erstellen,60,Baustelleneinrichtung und Signalisation,single_choice,medium,10,Welche Entscheidung ist bei «Ordnung» sinnvoll?,"Zufahrt zustellen; Rettung behindern, anhand klarer Kriterien, mit Blick auf die Folgen, bei Bedarf im Team","Material gruppieren; Stolperstellen vermeiden, mit Blick auf die Folgen, bei Bedarf im Team, im konkreten Fall","Werkzeug liegen lassen; Unfälle fördern, bei Bedarf im Team, im konkreten Fall, anhand klarer Kriterien","Abfall mischen; Suchzeit erhöhen, im konkreten Fall, anhand klarer Kriterien, mit Blick auf die Folgen",B,Ordnung auf der Baustelle erhöht Sicherheit und Arbeitsfluss.,"Bildungsplan Verkehrswegbau EFZ, Infra Suisse/SBFI",https://infra-suisse.ch/wp-content/uploads/2016/09/bildungsplan-2014_verkehrswegbau_efz_infra.pdf
strassenbau,Strassenbauer/in EFZ,stb_hk2,Baustelle einrichten und Bauwerke erstellen,60,Baustelleneinrichtung und Signalisation,single_choice,easy,11,Welche Aussage passt am besten zu «Kontrolle»?,"Meldung sparen; Fehler belassen, mit Blick auf die Folgen, bei Bedarf im Team, im konkreten Fall, anhand klarer Kriterien, mit Blick auf die Folgen","Annahme treffen; Risiko übersehen, bei Bedarf im Team, im konkreten Fall, anhand klarer Kriterien, mit Blick auf die Folgen, bei Bedarf im Team","Einrichtung prüfen; Mängel beheben, im konkreten Fall, anhand klarer Kriterien, mit Blick auf die Folgen, bei Bedarf im Team, im konkreten Fall","Kontrolle auslassen; Verantwortung schwächen, anhand klarer Kriterien, mit Blick auf die Folgen, bei Bedarf im Team, im konkreten Fall, anhand klarer Kriterien",C,Baustelleneinrichtung muss laufend auf Sicherheit und Funktion geprüft werden.,"Bildungsplan Verkehrswegbau EFZ, Infra Suisse/SBFI",https://infra-suisse.ch/wp-content/uploads/2016/09/bildungsplan-2014_verkehrswegbau_efz_infra.pdf
strassenbau,Strassenbauer/in EFZ,stb_hk2,Baustelle einrichten und Bauwerke erstellen,60,Baustelleneinrichtung und Signalisation,single_choice,medium,12,Was ist bei «Anwohner» fachlich am wichtigsten?,Hinweise entfernen; Orientierung nehmen,Lärm ignorieren; Konflikt fördern,Durchgänge sperren; Alltag stören,Information beachten; Zugänge sichern,D,"Dritte sind durch klare Wege, Informationen und Schutzmassnahmen zu berücksichtigen.","Bildungsplan Verkehrswegbau EFZ, Infra Suisse/SBFI",https://infra-suisse.ch/wp-content/uploads/2016/09/bildungsplan-2014_verkehrswegbau_efz_infra.pdf
strassenbau,Strassenbauer/in EFZ,stb_hk2,Baustelle einrichten und Bauwerke erstellen,60,Baustelleneinrichtung und Signalisation,single_choice,medium,13,Welche Vorgehensweise ist im Thema «Verkehrsführung» richtig?,"Wege sichern; Verkehr leiten, im konkreten Fall, anhand klarer Kriterien, mit Blick auf die Folgen, bei Bedarf im Team, im konkreten Fall","Schilder spät stellen; Gefahr erhöhen, anhand klarer Kriterien, mit Blick auf die Folgen, bei Bedarf im Team, im konkreten Fall, anhand klarer Kriterien","Absperrung öffnen; Dritte gefährden, mit Blick auf die Folgen, bei Bedarf im Team, im konkreten Fall, anhand klarer Kriterien, mit Blick auf die Folgen","Sicht verdecken; Warnung schwächen, bei Bedarf im Team, im konkreten Fall, anhand klarer Kriterien, mit Blick auf die Folgen, bei Bedarf im Team",A,"Baustellensignalisation schützt Verkehr, Personal und Dritte.","Bildungsplan Verkehrswegbau EFZ, Infra Suisse/SBFI",https://infra-suisse.ch/wp-content/uploads/2016/09/bildungsplan-2014_verkehrswegbau_efz_infra.pdf
strassenbau,Strassenbauer/in EFZ,stb_hk2,Baustelle einrichten und Bauwerke erstellen,60,Baustelleneinrichtung und Signalisation,single_choice,hard,14,Welche Handlung zeigt ein gutes Verständnis von «Installationsplatz»?,"Material verstreuen; Wege blockieren, anhand klarer Kriterien","Flächen ordnen; Zugänge freihalten, mit Blick auf die Folgen","Maschinen mischen; Abläufe stören, bei Bedarf im Team","Gefahrstellen dulden; Unfallrisiko erhöhen, im konkreten Fall",B,Ein guter Installationsplatz unterstützt sichere und effiziente Abläufe.,"Bildungsplan Verkehrswegbau EFZ, Infra Suisse/SBFI",https://infra-suisse.ch/wp-content/uploads/2016/09/bildungsplan-2014_verkehrswegbau_efz_infra.pdf
strassenbau,Strassenbauer/in EFZ,stb_hk2,Baustelle einrichten und Bauwerke erstellen,60,Baustelleneinrichtung und Signalisation,single_choice,medium,15,Welche Entscheidung ist bei «Absperrung» sinnvoll?,Band weglassen; Grenze verwischen,Lücke offenlassen; Dritte einladen,Gefahr markieren; Zugang kontrollieren,Schilder verdecken; Wirkung senken,C,"Absperrungen müssen klar, stabil und der Gefahr angepasst sein.","Bildungsplan Verkehrswegbau EFZ, Infra Suisse/SBFI",https://infra-suisse.ch/wp-content/uploads/2016/09/bildungsplan-2014_verkehrswegbau_efz_infra.pdf
strassenbau,Strassenbauer/in EFZ,stb_hk2,Baustelle einrichten und Bauwerke erstellen,60,Baustelleneinrichtung und Signalisation,single_choice,easy,16,Welche Aussage passt am besten zu «Ordnung»?,"Werkzeug liegen lassen; Unfälle fördern, bei Bedarf im Team, im konkreten Fall, anhand klarer Kriterien","Abfall mischen; Suchzeit erhöhen, im konkreten Fall, anhand klarer Kriterien, mit Blick auf die Folgen","Zufahrt zustellen; Rettung behindern, anhand klarer Kriterien, mit Blick auf die Folgen, bei Bedarf im Team","Material gruppieren; Stolperstellen vermeiden, mit Blick auf die Folgen, bei Bedarf im Team, im konkreten Fall",D,Ordnung auf der Baustelle erhöht Sicherheit und Arbeitsfluss.,"Bildungsplan Verkehrswegbau EFZ, Infra Suisse/SBFI",https://infra-suisse.ch/wp-content/uploads/2016/09/bildungsplan-2014_verkehrswegbau_efz_infra.pdf
strassenbau,Strassenbauer/in EFZ,stb_hk2,Baustelle einrichten und Bauwerke erstellen,60,Baustelleneinrichtung und Signalisation,single_choice,medium,17,Was ist bei «Kontrolle» fachlich am wichtigsten?,"Einrichtung prüfen; Mängel beheben, im konkreten Fall, anhand klarer Kriterien, mit Blick auf die Folgen, bei Bedarf im Team, im konkreten Fall","Kontrolle auslassen; Verantwortung schwächen, anhand klarer Kriterien, mit Blick auf die Folgen, bei Bedarf im Team, im konkreten Fall, anhand klarer Kriterien","Meldung sparen; Fehler belassen, mit Blick auf die Folgen, bei Bedarf im Team, im konkreten Fall, anhand klarer Kriterien, mit Blick auf die Folgen","Annahme treffen; Risiko übersehen, bei Bedarf im Team, im konkreten Fall, anhand klarer Kriterien, mit Blick auf die Folgen, bei Bedarf im Team",A,Baustelleneinrichtung muss laufend auf Sicherheit und Funktion geprüft werden.,"Bildungsplan Verkehrswegbau EFZ, Infra Suisse/SBFI",https://infra-suisse.ch/wp-content/uploads/2016/09/bildungsplan-2014_verkehrswegbau_efz_infra.pdf
strassenbau,Strassenbauer/in EFZ,stb_hk2,Baustelle einrichten und Bauwerke erstellen,60,Baustelleneinrichtung und Signalisation,single_choice,medium,18,Welche Vorgehensweise ist im Thema «Anwohner» richtig?,Durchgänge sperren; Alltag stören,Information beachten; Zugänge sichern,Hinweise entfernen; Orientierung nehmen,Lärm ignorieren; Konflikt fördern,B,"Dritte sind durch klare Wege, Informationen und Schutzmassnahmen zu berücksichtigen.","Bildungsplan Verkehrswegbau EFZ, Infra Suisse/SBFI",https://infra-suisse.ch/wp-content/uploads/2016/09/bildungsplan-2014_verkehrswegbau_efz_infra.pdf
strassenbau,Strassenbauer/in EFZ,stb_hk2,Baustelle einrichten und Bauwerke erstellen,60,Baustelleneinrichtung und Signalisation,single_choice,hard,19,Welche Handlung zeigt ein gutes Verständnis von «Verkehrsführung»?,"Absperrung öffnen; Dritte gefährden, mit Blick auf die Folgen, bei Bedarf im Team, im konkreten Fall, anhand klarer Kriterien, mit Blick auf die Folgen","Sicht verdecken; Warnung schwächen, bei Bedarf im Team, im konkreten Fall, anhand klarer Kriterien, mit Blick auf die Folgen, bei Bedarf im Team","Wege sichern; Verkehr leiten, im konkreten Fall, anhand klarer Kriterien, mit Blick auf die Folgen, bei Bedarf im Team, im konkreten Fall","Schilder spät stellen; Gefahr erhöhen, anhand klarer Kriterien, mit Blick auf die Folgen, bei Bedarf im Team, im konkreten Fall, anhand klarer Kriterien",C,"Baustellensignalisation schützt Verkehr, Personal und Dritte.","Bildungsplan Verkehrswegbau EFZ, Infra Suisse/SBFI",https://infra-suisse.ch/wp-content/uploads/2016/09/bildungsplan-2014_verkehrswegbau_efz_infra.pdf
strassenbau,Strassenbauer/in EFZ,stb_hk2,Baustelle einrichten und Bauwerke erstellen,60,Baustelleneinrichtung und Signalisation,single_choice,medium,20,Welche Entscheidung ist bei «Installationsplatz» sinnvoll?,"Maschinen mischen; Abläufe stören, bei Bedarf im Team","Gefahrstellen dulden; Unfallrisiko erhöhen, im konkreten Fall","Material verstreuen; Wege blockieren, anhand klarer Kriterien","Flächen ordnen; Zugänge freihalten, mit Blick auf die Folgen",D,Ein guter Installationsplatz unterstützt sichere und effiziente Abläufe.,"Bildungsplan Verkehrswegbau EFZ, Infra Suisse/SBFI",https://infra-suisse.ch/wp-content/uploads/2016/09/bildungsplan-2014_verkehrswegbau_efz_infra.pdf
strassenbau,Strassenbauer/in EFZ,stb_hk2,Baustelle einrichten und Bauwerke erstellen,60,Baustelleneinrichtung und Signalisation,single_choice,easy,21,Welche Aussage passt am besten zu «Absperrung»?,Gefahr markieren; Zugang kontrollieren,Schilder verdecken; Wirkung senken,Band weglassen; Grenze verwischen,Lücke offenlassen; Dritte einladen,A,"Absperrungen müssen klar, stabil und der Gefahr angepasst sein.","Bildungsplan Verkehrswegbau EFZ, Infra Suisse/SBFI",https://infra-suisse.ch/wp-content/uploads/2016/09/bildungsplan-2014_verkehrswegbau_efz_infra.pdf
strassenbau,Strassenbauer/in EFZ,stb_hk2,Baustelle einrichten und Bauwerke erstellen,60,Baustelleneinrichtung und Signalisation,single_choice,medium,22,Was ist bei «Ordnung» fachlich am wichtigsten?,"Zufahrt zustellen; Rettung behindern, anhand klarer Kriterien, mit Blick auf die Folgen, bei Bedarf im Team","Material gruppieren; Stolperstellen vermeiden, mit Blick auf die Folgen, bei Bedarf im Team, im konkreten Fall","Werkzeug liegen lassen; Unfälle fördern, bei Bedarf im Team, im konkreten Fall, anhand klarer Kriterien","Abfall mischen; Suchzeit erhöhen, im konkreten Fall, anhand klarer Kriterien, mit Blick auf die Folgen",B,Ordnung auf der Baustelle erhöht Sicherheit und Arbeitsfluss.,"Bildungsplan Verkehrswegbau EFZ, Infra Suisse/SBFI",https://infra-suisse.ch/wp-content/uploads/2016/09/bildungsplan-2014_verkehrswegbau_efz_infra.pdf
strassenbau,Strassenbauer/in EFZ,stb_hk2,Baustelle einrichten und Bauwerke erstellen,60,Baustelleneinrichtung und Signalisation,single_choice,medium,23,Welche Vorgehensweise ist im Thema «Kontrolle» richtig?,"Meldung sparen; Fehler belassen, mit Blick auf die Folgen, bei Bedarf im Team, im konkreten Fall, anhand klarer Kriterien, mit Blick auf die Folgen","Annahme treffen; Risiko übersehen, bei Bedarf im Team, im konkreten Fall, anhand klarer Kriterien, mit Blick auf die Folgen, bei Bedarf im Team","Einrichtung prüfen; Mängel beheben, im konkreten Fall, anhand klarer Kriterien, mit Blick auf die Folgen, bei Bedarf im Team, im konkreten Fall","Kontrolle auslassen; Verantwortung schwächen, anhand klarer Kriterien, mit Blick auf die Folgen, bei Bedarf im Team, im konkreten Fall, anhand klarer Kriterien",C,Baustelleneinrichtung muss laufend auf Sicherheit und Funktion geprüft werden.,"Bildungsplan Verkehrswegbau EFZ, Infra Suisse/SBFI",https://infra-suisse.ch/wp-content/uploads/2016/09/bildungsplan-2014_verkehrswegbau_efz_infra.pdf
strassenbau,Strassenbauer/in EFZ,stb_hk2,Baustelle einrichten und Bauwerke erstellen,60,Baustelleneinrichtung und Signalisation,single_choice,hard,24,Welche Handlung zeigt ein gutes Verständnis von «Anwohner»?,Hinweise entfernen; Orientierung nehmen,Lärm ignorieren; Konflikt fördern,Durchgänge sperren; Alltag stören,Information beachten; Zugänge sichern,D,"Dritte sind durch klare Wege, Informationen und Schutzmassnahmen zu berücksichtigen.","Bildungsplan Verkehrswegbau EFZ, Infra Suisse/SBFI",https://infra-suisse.ch/wp-content/uploads/2016/09/bildungsplan-2014_verkehrswegbau_efz_infra.pdf
strassenbau,Strassenbauer/in EFZ,stb_hk2,Baustelle einrichten und Bauwerke erstellen,60,Baustelleneinrichtung und Signalisation,single_choice,medium,25,Welche Entscheidung ist bei «Verkehrsführung» sinnvoll?,"Wege sichern; Verkehr leiten, im konkreten Fall, anhand klarer Kriterien, mit Blick auf die Folgen, bei Bedarf im Team, im konkreten Fall","Schilder spät stellen; Gefahr erhöhen, anhand klarer Kriterien, mit Blick auf die Folgen, bei Bedarf im Team, im konkreten Fall, anhand klarer Kriterien","Absperrung öffnen; Dritte gefährden, mit Blick auf die Folgen, bei Bedarf im Team, im konkreten Fall, anhand klarer Kriterien, mit Blick auf die Folgen","Sicht verdecken; Warnung schwächen, bei Bedarf im Team, im konkreten Fall, anhand klarer Kriterien, mit Blick auf die Folgen, bei Bedarf im Team",A,"Baustellensignalisation schützt Verkehr, Personal und Dritte.","Bildungsplan Verkehrswegbau EFZ, Infra Suisse/SBFI",https://infra-suisse.ch/wp-content/uploads/2016/09/bildungsplan-2014_verkehrswegbau_efz_infra.pdf
strassenbau,Strassenbauer/in EFZ,stb_hk2,Baustelle einrichten und Bauwerke erstellen,60,Baustelleneinrichtung und Signalisation,single_choice,easy,26,Welche Aussage passt am besten zu «Installationsplatz»?,"Material verstreuen; Wege blockieren, anhand klarer Kriterien","Flächen ordnen; Zugänge freihalten, mit Blick auf die Folgen","Maschinen mischen; Abläufe stören, bei Bedarf im Team","Gefahrstellen dulden; Unfallrisiko erhöhen, im konkreten Fall",B,Ein guter Installationsplatz unterstützt sichere und effiziente Abläufe.,"Bildungsplan Verkehrswegbau EFZ, Infra Suisse/SBFI",https://infra-suisse.ch/wp-content/uploads/2016/09/bildungsplan-2014_verkehrswegbau_efz_infra.pdf
strassenbau,Strassenbauer/in EFZ,stb_hk2,Baustelle einrichten und Bauwerke erstellen,60,Baustelleneinrichtung und Signalisation,single_choice,medium,27,Was ist bei «Absperrung» fachlich am wichtigsten?,Band weglassen; Grenze verwischen,Lücke offenlassen; Dritte einladen,Gefahr markieren; Zugang kontrollieren,Schilder verdecken; Wirkung senken,C,"Absperrungen müssen klar, stabil und der Gefahr angepasst sein.","Bildungsplan Verkehrswegbau EFZ, Infra Suisse/SBFI",https://infra-suisse.ch/wp-content/uploads/2016/09/bildungsplan-2014_verkehrswegbau_efz_infra.pdf
strassenbau,Strassenbauer/in EFZ,stb_hk2,Baustelle einrichten und Bauwerke erstellen,60,Baustelleneinrichtung und Signalisation,single_choice,medium,28,Welche Vorgehensweise ist im Thema «Ordnung» richtig?,"Werkzeug liegen lassen; Unfälle fördern, bei Bedarf im Team, im konkreten Fall, anhand klarer Kriterien","Abfall mischen; Suchzeit erhöhen, im konkreten Fall, anhand klarer Kriterien, mit Blick auf die Folgen","Zufahrt zustellen; Rettung behindern, anhand klarer Kriterien, mit Blick auf die Folgen, bei Bedarf im Team","Material gruppieren; Stolperstellen vermeiden, mit Blick auf die Folgen, bei Bedarf im Team, im konkreten Fall",D,Ordnung auf der Baustelle erhöht Sicherheit und Arbeitsfluss.,"Bildungsplan Verkehrswegbau EFZ, Infra Suisse/SBFI",https://infra-suisse.ch/wp-content/uploads/2016/09/bildungsplan-2014_verkehrswegbau_efz_infra.pdf
strassenbau,Strassenbauer/in EFZ,stb_hk2,Baustelle einrichten und Bauwerke erstellen,60,Baustelleneinrichtung und Signalisation,single_choice,hard,29,Welche Handlung zeigt ein gutes Verständnis von «Kontrolle»?,"Einrichtung prüfen; Mängel beheben, im konkreten Fall, anhand klarer Kriterien, mit Blick auf die Folgen, bei Bedarf im Team, im konkreten Fall","Kontrolle auslassen; Verantwortung schwächen, anhand klarer Kriterien, mit Blick auf die Folgen, bei Bedarf im Team, im konkreten Fall, anhand klarer Kriterien","Meldung sparen; Fehler belassen, mit Blick auf die Folgen, bei Bedarf im Team, im konkreten Fall, anhand klarer Kriterien, mit Blick auf die Folgen","Annahme treffen; Risiko übersehen, bei Bedarf im Team, im konkreten Fall, anhand klarer Kriterien, mit Blick auf die Folgen, bei Bedarf im Team",A,Baustelleneinrichtung muss laufend auf Sicherheit und Funktion geprüft werden.,"Bildungsplan Verkehrswegbau EFZ, Infra Suisse/SBFI",https://infra-suisse.ch/wp-content/uploads/2016/09/bildungsplan-2014_verkehrswegbau_efz_infra.pdf
strassenbau,Strassenbauer/in EFZ,stb_hk2,Baustelle einrichten und Bauwerke erstellen,60,Baustelleneinrichtung und Signalisation,single_choice,medium,30,Welche Entscheidung ist bei «Anwohner» sinnvoll?,Durchgänge sperren; Alltag stören,Information beachten; Zugänge sichern,Hinweise entfernen; Orientierung nehmen,Lärm ignorieren; Konflikt fördern,B,"Dritte sind durch klare Wege, Informationen und Schutzmassnahmen zu berücksichtigen.","Bildungsplan Verkehrswegbau EFZ, Infra Suisse/SBFI",https://infra-suisse.ch/wp-content/uploads/2016/09/bildungsplan-2014_verkehrswegbau_efz_infra.pdf
strassenbau,Strassenbauer/in EFZ,stb_hk2,Baustelle einrichten und Bauwerke erstellen,70,Vermessung,single_choice,easy,1,Welche Aussage passt am besten zu «Höhenbezug»?,"Fixpunkt prüfen; Höhe übertragen, im konkreten Fall, anhand klarer Kriterien, mit Blick auf die Folgen","Punkt raten; Fehler übernehmen, anhand klarer Kriterien, mit Blick auf die Folgen, bei Bedarf im Team","Nullpunkt wechseln; Gefälle verfälschen, mit Blick auf die Folgen, bei Bedarf im Team, im konkreten Fall","Messung schätzen; Genauigkeit verlieren, bei Bedarf im Team, im konkreten Fall, anhand klarer Kriterien",A,Höhen werden von bekannten Bezugspunkten kontrolliert übertragen.,"Bildungsplan Verkehrswegbau EFZ, Infra Suisse/SBFI",https://infra-suisse.ch/wp-content/uploads/2016/09/bildungsplan-2014_verkehrswegbau_efz_infra.pdf
strassenbau,Strassenbauer/in EFZ,stb_hk2,Baustelle einrichten und Bauwerke erstellen,70,Vermessung,single_choice,medium,2,Was ist bei «Absteckung» fachlich am wichtigsten?,Schnur locker lassen; Lage verschieben,Linie sichern; Masse kontrollieren,Pflock entfernen; Orientierung verlieren,Plan ignorieren; Bauteil verfehlen,B,Absteckungen übertragen Planangaben in Lage und Höhe.,"Bildungsplan Verkehrswegbau EFZ, Infra Suisse/SBFI",https://infra-suisse.ch/wp-content/uploads/2016/09/bildungsplan-2014_verkehrswegbau_efz_infra.pdf
strassenbau,Strassenbauer/in EFZ,stb_hk2,Baustelle einrichten und Bauwerke erstellen,70,Vermessung,single_choice,medium,3,Welche Vorgehensweise ist im Thema «Gefälle» richtig?,Wasser stehen lassen; Funktion stören,Richtung raten; Entwässerung gefährden,Höhen vergleichen; Neigung berechnen,Messpunkt meiden; Fehler vergrössern,C,Gefälle muss gemessen und auf die Funktion abgestimmt werden.,"Bildungsplan Verkehrswegbau EFZ, Infra Suisse/SBFI",https://infra-suisse.ch/wp-content/uploads/2016/09/bildungsplan-2014_verkehrswegbau_efz_infra.pdf
strassenbau,Strassenbauer/in EFZ,stb_hk2,Baustelle einrichten und Bauwerke erstellen,70,Vermessung,single_choice,hard,4,Welche Handlung zeigt ein gutes Verständnis von «Messgerät»?,Stativ stossen; Messung verfälschen,Gerät nass lagern; Schaden riskieren,Linse verschmutzen; Ablesung erschweren,Sorgfältig behandeln; Justierung beachten,D,Messgeräte liefern nur bei sorgfältiger Behandlung zuverlässige Werte.,"Bildungsplan Verkehrswegbau EFZ, Infra Suisse/SBFI",https://infra-suisse.ch/wp-content/uploads/2016/09/bildungsplan-2014_verkehrswegbau_efz_infra.pdf
strassenbau,Strassenbauer/in EFZ,stb_hk2,Baustelle einrichten und Bauwerke erstellen,70,Vermessung,single_choice,medium,5,Welche Entscheidung ist bei «Kontrollmessung» sinnvoll?,"Resultat prüfen; Abweichung melden, im konkreten Fall, anhand klarer Kriterien, mit Blick auf die Folgen, bei Bedarf im Team, im konkreten Fall","Nur Auge nutzen; Genauigkeit senken, anhand klarer Kriterien, mit Blick auf die Folgen, bei Bedarf im Team, im konkreten Fall, anhand klarer Kriterien","Differenz ignorieren; Folgeschaden riskieren, mit Blick auf die Folgen, bei Bedarf im Team, im konkreten Fall, anhand klarer Kriterien, mit Blick auf die Folgen","Erst später messen; Fehler einbauen, bei Bedarf im Team, im konkreten Fall, anhand klarer Kriterien, mit Blick auf die Folgen, bei Bedarf im Team",A,"Kontrollmessungen verhindern, dass Lage- und Höhenfehler weitergebaut werden.","Bildungsplan Verkehrswegbau EFZ, Infra Suisse/SBFI",https://infra-suisse.ch/wp-content/uploads/2016/09/bildungsplan-2014_verkehrswegbau_efz_infra.pdf
strassenbau,Strassenbauer/in EFZ,stb_hk2,Baustelle einrichten und Bauwerke erstellen,70,Vermessung,single_choice,easy,6,Welche Aussage passt am besten zu «Planlesen»?,Skala ignorieren; Distanz verfehlen,Symbole verstehen; Masse zuordnen,Koordinaten raten; Objekt verschieben,Legende meiden; Zeichen verwechseln,B,"Planangaben müssen gelesen, verstanden und korrekt übertragen werden.","Bildungsplan Verkehrswegbau EFZ, Infra Suisse/SBFI",https://infra-suisse.ch/wp-content/uploads/2016/09/bildungsplan-2014_verkehrswegbau_efz_infra.pdf
strassenbau,Strassenbauer/in EFZ,stb_hk2,Baustelle einrichten und Bauwerke erstellen,70,Vermessung,single_choice,medium,7,Was ist bei «Höhenbezug» fachlich am wichtigsten?,"Nullpunkt wechseln; Gefälle verfälschen, mit Blick auf die Folgen, bei Bedarf im Team, im konkreten Fall","Messung schätzen; Genauigkeit verlieren, bei Bedarf im Team, im konkreten Fall, anhand klarer Kriterien","Fixpunkt prüfen; Höhe übertragen, im konkreten Fall, anhand klarer Kriterien, mit Blick auf die Folgen","Punkt raten; Fehler übernehmen, anhand klarer Kriterien, mit Blick auf die Folgen, bei Bedarf im Team",C,Höhen werden von bekannten Bezugspunkten kontrolliert übertragen.,"Bildungsplan Verkehrswegbau EFZ, Infra Suisse/SBFI",https://infra-suisse.ch/wp-content/uploads/2016/09/bildungsplan-2014_verkehrswegbau_efz_infra.pdf
strassenbau,Strassenbauer/in EFZ,stb_hk2,Baustelle einrichten und Bauwerke erstellen,70,Vermessung,single_choice,medium,8,Welche Vorgehensweise ist im Thema «Absteckung» richtig?,Pflock entfernen; Orientierung verlieren,Plan ignorieren; Bauteil verfehlen,Schnur locker lassen; Lage verschieben,Linie sichern; Masse kontrollieren,D,Absteckungen übertragen Planangaben in Lage und Höhe.,"Bildungsplan Verkehrswegbau EFZ, Infra Suisse/SBFI",https://infra-suisse.ch/wp-content/uploads/2016/09/bildungsplan-2014_verkehrswegbau_efz_infra.pdf
strassenbau,Strassenbauer/in EFZ,stb_hk2,Baustelle einrichten und Bauwerke erstellen,70,Vermessung,single_choice,hard,9,Welche Handlung zeigt ein gutes Verständnis von «Gefälle»?,Höhen vergleichen; Neigung berechnen,Messpunkt meiden; Fehler vergrössern,Wasser stehen lassen; Funktion stören,Richtung raten; Entwässerung gefährden,A,Gefälle muss gemessen und auf die Funktion abgestimmt werden.,"Bildungsplan Verkehrswegbau EFZ, Infra Suisse/SBFI",https://infra-suisse.ch/wp-content/uploads/2016/09/bildungsplan-2014_verkehrswegbau_efz_infra.pdf
strassenbau,Strassenbauer/in EFZ,stb_hk2,Baustelle einrichten und Bauwerke erstellen,70,Vermessung,single_choice,medium,10,Welche Entscheidung ist bei «Messgerät» sinnvoll?,Linse verschmutzen; Ablesung erschweren,Sorgfältig behandeln; Justierung beachten,Stativ stossen; Messung verfälschen,Gerät nass lagern; Schaden riskieren,B,Messgeräte liefern nur bei sorgfältiger Behandlung zuverlässige Werte.,"Bildungsplan Verkehrswegbau EFZ, Infra Suisse/SBFI",https://infra-suisse.ch/wp-content/uploads/2016/09/bildungsplan-2014_verkehrswegbau_efz_infra.pdf
strassenbau,Strassenbauer/in EFZ,stb_hk2,Baustelle einrichten und Bauwerke erstellen,70,Vermessung,single_choice,easy,11,Welche Aussage passt am besten zu «Kontrollmessung»?,"Differenz ignorieren; Folgeschaden riskieren, mit Blick auf die Folgen, bei Bedarf im Team, im konkreten Fall, anhand klarer Kriterien, mit Blick auf die Folgen","Erst später messen; Fehler einbauen, bei Bedarf im Team, im konkreten Fall, anhand klarer Kriterien, mit Blick auf die Folgen, bei Bedarf im Team","Resultat prüfen; Abweichung melden, im konkreten Fall, anhand klarer Kriterien, mit Blick auf die Folgen, bei Bedarf im Team, im konkreten Fall","Nur Auge nutzen; Genauigkeit senken, anhand klarer Kriterien, mit Blick auf die Folgen, bei Bedarf im Team, im konkreten Fall, anhand klarer Kriterien",C,"Kontrollmessungen verhindern, dass Lage- und Höhenfehler weitergebaut werden.","Bildungsplan Verkehrswegbau EFZ, Infra Suisse/SBFI",https://infra-suisse.ch/wp-content/uploads/2016/09/bildungsplan-2014_verkehrswegbau_efz_infra.pdf
strassenbau,Strassenbauer/in EFZ,stb_hk2,Baustelle einrichten und Bauwerke erstellen,70,Vermessung,single_choice,medium,12,Was ist bei «Planlesen» fachlich am wichtigsten?,Koordinaten raten; Objekt verschieben,Legende meiden; Zeichen verwechseln,Skala ignorieren; Distanz verfehlen,Symbole verstehen; Masse zuordnen,D,"Planangaben müssen gelesen, verstanden und korrekt übertragen werden.","Bildungsplan Verkehrswegbau EFZ, Infra Suisse/SBFI",https://infra-suisse.ch/wp-content/uploads/2016/09/bildungsplan-2014_verkehrswegbau_efz_infra.pdf
strassenbau,Strassenbauer/in EFZ,stb_hk2,Baustelle einrichten und Bauwerke erstellen,70,Vermessung,single_choice,medium,13,Welche Vorgehensweise ist im Thema «Höhenbezug» richtig?,"Fixpunkt prüfen; Höhe übertragen, im konkreten Fall, anhand klarer Kriterien, mit Blick auf die Folgen","Punkt raten; Fehler übernehmen, anhand klarer Kriterien, mit Blick auf die Folgen, bei Bedarf im Team","Nullpunkt wechseln; Gefälle verfälschen, mit Blick auf die Folgen, bei Bedarf im Team, im konkreten Fall","Messung schätzen; Genauigkeit verlieren, bei Bedarf im Team, im konkreten Fall, anhand klarer Kriterien",A,Höhen werden von bekannten Bezugspunkten kontrolliert übertragen.,"Bildungsplan Verkehrswegbau EFZ, Infra Suisse/SBFI",https://infra-suisse.ch/wp-content/uploads/2016/09/bildungsplan-2014_verkehrswegbau_efz_infra.pdf
strassenbau,Strassenbauer/in EFZ,stb_hk2,Baustelle einrichten und Bauwerke erstellen,70,Vermessung,single_choice,hard,14,Welche Handlung zeigt ein gutes Verständnis von «Absteckung»?,Schnur locker lassen; Lage verschieben,Linie sichern; Masse kontrollieren,Pflock entfernen; Orientierung verlieren,Plan ignorieren; Bauteil verfehlen,B,Absteckungen übertragen Planangaben in Lage und Höhe.,"Bildungsplan Verkehrswegbau EFZ, Infra Suisse/SBFI",https://infra-suisse.ch/wp-content/uploads/2016/09/bildungsplan-2014_verkehrswegbau_efz_infra.pdf
strassenbau,Strassenbauer/in EFZ,stb_hk2,Baustelle einrichten und Bauwerke erstellen,70,Vermessung,single_choice,medium,15,Welche Entscheidung ist bei «Gefälle» sinnvoll?,Wasser stehen lassen; Funktion stören,Richtung raten; Entwässerung gefährden,Höhen vergleichen; Neigung berechnen,Messpunkt meiden; Fehler vergrössern,C,Gefälle muss gemessen und auf die Funktion abgestimmt werden.,"Bildungsplan Verkehrswegbau EFZ, Infra Suisse/SBFI",https://infra-suisse.ch/wp-content/uploads/2016/09/bildungsplan-2014_verkehrswegbau_efz_infra.pdf
strassenbau,Strassenbauer/in EFZ,stb_hk2,Baustelle einrichten und Bauwerke erstellen,70,Vermessung,single_choice,easy,16,Welche Aussage passt am besten zu «Messgerät»?,Stativ stossen; Messung verfälschen,Gerät nass lagern; Schaden riskieren,Linse verschmutzen; Ablesung erschweren,Sorgfältig behandeln; Justierung beachten,D,Messgeräte liefern nur bei sorgfältiger Behandlung zuverlässige Werte.,"Bildungsplan Verkehrswegbau EFZ, Infra Suisse/SBFI",https://infra-suisse.ch/wp-content/uploads/2016/09/bildungsplan-2014_verkehrswegbau_efz_infra.pdf
strassenbau,Strassenbauer/in EFZ,stb_hk2,Baustelle einrichten und Bauwerke erstellen,70,Vermessung,single_choice,medium,17,Was ist bei «Kontrollmessung» fachlich am wichtigsten?,"Resultat prüfen; Abweichung melden, im konkreten Fall, anhand klarer Kriterien, mit Blick auf die Folgen, bei Bedarf im Team, im konkreten Fall","Nur Auge nutzen; Genauigkeit senken, anhand klarer Kriterien, mit Blick auf die Folgen, bei Bedarf im Team, im konkreten Fall, anhand klarer Kriterien","Differenz ignorieren; Folgeschaden riskieren, mit Blick auf die Folgen, bei Bedarf im Team, im konkreten Fall, anhand klarer Kriterien, mit Blick auf die Folgen","Erst später messen; Fehler einbauen, bei Bedarf im Team, im konkreten Fall, anhand klarer Kriterien, mit Blick auf die Folgen, bei Bedarf im Team",A,"Kontrollmessungen verhindern, dass Lage- und Höhenfehler weitergebaut werden.","Bildungsplan Verkehrswegbau EFZ, Infra Suisse/SBFI",https://infra-suisse.ch/wp-content/uploads/2016/09/bildungsplan-2014_verkehrswegbau_efz_infra.pdf
strassenbau,Strassenbauer/in EFZ,stb_hk2,Baustelle einrichten und Bauwerke erstellen,70,Vermessung,single_choice,medium,18,Welche Vorgehensweise ist im Thema «Planlesen» richtig?,Skala ignorieren; Distanz verfehlen,Symbole verstehen; Masse zuordnen,Koordinaten raten; Objekt verschieben,Legende meiden; Zeichen verwechseln,B,"Planangaben müssen gelesen, verstanden und korrekt übertragen werden.","Bildungsplan Verkehrswegbau EFZ, Infra Suisse/SBFI",https://infra-suisse.ch/wp-content/uploads/2016/09/bildungsplan-2014_verkehrswegbau_efz_infra.pdf
strassenbau,Strassenbauer/in EFZ,stb_hk2,Baustelle einrichten und Bauwerke erstellen,70,Vermessung,single_choice,hard,19,Welche Handlung zeigt ein gutes Verständnis von «Höhenbezug»?,"Nullpunkt wechseln; Gefälle verfälschen, mit Blick auf die Folgen, bei Bedarf im Team, im konkreten Fall","Messung schätzen; Genauigkeit verlieren, bei Bedarf im Team, im konkreten Fall, anhand klarer Kriterien","Fixpunkt prüfen; Höhe übertragen, im konkreten Fall, anhand klarer Kriterien, mit Blick auf die Folgen","Punkt raten; Fehler übernehmen, anhand klarer Kriterien, mit Blick auf die Folgen, bei Bedarf im Team",C,Höhen werden von bekannten Bezugspunkten kontrolliert übertragen.,"Bildungsplan Verkehrswegbau EFZ, Infra Suisse/SBFI",https://infra-suisse.ch/wp-content/uploads/2016/09/bildungsplan-2014_verkehrswegbau_efz_infra.pdf
strassenbau,Strassenbauer/in EFZ,stb_hk2,Baustelle einrichten und Bauwerke erstellen,70,Vermessung,single_choice,medium,20,Welche Entscheidung ist bei «Absteckung» sinnvoll?,Pflock entfernen; Orientierung verlieren,Plan ignorieren; Bauteil verfehlen,Schnur locker lassen; Lage verschieben,Linie sichern; Masse kontrollieren,D,Absteckungen übertragen Planangaben in Lage und Höhe.,"Bildungsplan Verkehrswegbau EFZ, Infra Suisse/SBFI",https://infra-suisse.ch/wp-content/uploads/2016/09/bildungsplan-2014_verkehrswegbau_efz_infra.pdf
strassenbau,Strassenbauer/in EFZ,stb_hk2,Baustelle einrichten und Bauwerke erstellen,70,Vermessung,single_choice,easy,21,Welche Aussage passt am besten zu «Gefälle»?,Höhen vergleichen; Neigung berechnen,Messpunkt meiden; Fehler vergrössern,Wasser stehen lassen; Funktion stören,Richtung raten; Entwässerung gefährden,A,Gefälle muss gemessen und auf die Funktion abgestimmt werden.,"Bildungsplan Verkehrswegbau EFZ, Infra Suisse/SBFI",https://infra-suisse.ch/wp-content/uploads/2016/09/bildungsplan-2014_verkehrswegbau_efz_infra.pdf
strassenbau,Strassenbauer/in EFZ,stb_hk2,Baustelle einrichten und Bauwerke erstellen,70,Vermessung,single_choice,medium,22,Was ist bei «Messgerät» fachlich am wichtigsten?,Linse verschmutzen; Ablesung erschweren,Sorgfältig behandeln; Justierung beachten,Stativ stossen; Messung verfälschen,Gerät nass lagern; Schaden riskieren,B,Messgeräte liefern nur bei sorgfältiger Behandlung zuverlässige Werte.,"Bildungsplan Verkehrswegbau EFZ, Infra Suisse/SBFI",https://infra-suisse.ch/wp-content/uploads/2016/09/bildungsplan-2014_verkehrswegbau_efz_infra.pdf
strassenbau,Strassenbauer/in EFZ,stb_hk2,Baustelle einrichten und Bauwerke erstellen,70,Vermessung,single_choice,medium,23,Welche Vorgehensweise ist im Thema «Kontrollmessung» richtig?,"Differenz ignorieren; Folgeschaden riskieren, mit Blick auf die Folgen, bei Bedarf im Team, im konkreten Fall, anhand klarer Kriterien, mit Blick auf die Folgen","Erst später messen; Fehler einbauen, bei Bedarf im Team, im konkreten Fall, anhand klarer Kriterien, mit Blick auf die Folgen, bei Bedarf im Team","Resultat prüfen; Abweichung melden, im konkreten Fall, anhand klarer Kriterien, mit Blick auf die Folgen, bei Bedarf im Team, im konkreten Fall","Nur Auge nutzen; Genauigkeit senken, anhand klarer Kriterien, mit Blick auf die Folgen, bei Bedarf im Team, im konkreten Fall, anhand klarer Kriterien",C,"Kontrollmessungen verhindern, dass Lage- und Höhenfehler weitergebaut werden.","Bildungsplan Verkehrswegbau EFZ, Infra Suisse/SBFI",https://infra-suisse.ch/wp-content/uploads/2016/09/bildungsplan-2014_verkehrswegbau_efz_infra.pdf
strassenbau,Strassenbauer/in EFZ,stb_hk2,Baustelle einrichten und Bauwerke erstellen,70,Vermessung,single_choice,hard,24,Welche Handlung zeigt ein gutes Verständnis von «Planlesen»?,Koordinaten raten; Objekt verschieben,Legende meiden; Zeichen verwechseln,Skala ignorieren; Distanz verfehlen,Symbole verstehen; Masse zuordnen,D,"Planangaben müssen gelesen, verstanden und korrekt übertragen werden.","Bildungsplan Verkehrswegbau EFZ, Infra Suisse/SBFI",https://infra-suisse.ch/wp-content/uploads/2016/09/bildungsplan-2014_verkehrswegbau_efz_infra.pdf
strassenbau,Strassenbauer/in EFZ,stb_hk2,Baustelle einrichten und Bauwerke erstellen,70,Vermessung,single_choice,medium,25,Welche Entscheidung ist bei «Höhenbezug» sinnvoll?,"Fixpunkt prüfen; Höhe übertragen, im konkreten Fall, anhand klarer Kriterien, mit Blick auf die Folgen","Punkt raten; Fehler übernehmen, anhand klarer Kriterien, mit Blick auf die Folgen, bei Bedarf im Team","Nullpunkt wechseln; Gefälle verfälschen, mit Blick auf die Folgen, bei Bedarf im Team, im konkreten Fall","Messung schätzen; Genauigkeit verlieren, bei Bedarf im Team, im konkreten Fall, anhand klarer Kriterien",A,Höhen werden von bekannten Bezugspunkten kontrolliert übertragen.,"Bildungsplan Verkehrswegbau EFZ, Infra Suisse/SBFI",https://infra-suisse.ch/wp-content/uploads/2016/09/bildungsplan-2014_verkehrswegbau_efz_infra.pdf
strassenbau,Strassenbauer/in EFZ,stb_hk2,Baustelle einrichten und Bauwerke erstellen,70,Vermessung,single_choice,easy,26,Welche Aussage passt am besten zu «Absteckung»?,Schnur locker lassen; Lage verschieben,Linie sichern; Masse kontrollieren,Pflock entfernen; Orientierung verlieren,Plan ignorieren; Bauteil verfehlen,B,Absteckungen übertragen Planangaben in Lage und Höhe.,"Bildungsplan Verkehrswegbau EFZ, Infra Suisse/SBFI",https://infra-suisse.ch/wp-content/uploads/2016/09/bildungsplan-2014_verkehrswegbau_efz_infra.pdf
strassenbau,Strassenbauer/in EFZ,stb_hk2,Baustelle einrichten und Bauwerke erstellen,70,Vermessung,single_choice,medium,27,Was ist bei «Gefälle» fachlich am wichtigsten?,Wasser stehen lassen; Funktion stören,Richtung raten; Entwässerung gefährden,Höhen vergleichen; Neigung berechnen,Messpunkt meiden; Fehler vergrössern,C,Gefälle muss gemessen und auf die Funktion abgestimmt werden.,"Bildungsplan Verkehrswegbau EFZ, Infra Suisse/SBFI",https://infra-suisse.ch/wp-content/uploads/2016/09/bildungsplan-2014_verkehrswegbau_efz_infra.pdf
strassenbau,Strassenbauer/in EFZ,stb_hk2,Baustelle einrichten und Bauwerke erstellen,70,Vermessung,single_choice,medium,28,Welche Vorgehensweise ist im Thema «Messgerät» richtig?,Stativ stossen; Messung verfälschen,Gerät nass lagern; Schaden riskieren,Linse verschmutzen; Ablesung erschweren,Sorgfältig behandeln; Justierung beachten,D,Messgeräte liefern nur bei sorgfältiger Behandlung zuverlässige Werte.,"Bildungsplan Verkehrswegbau EFZ, Infra Suisse/SBFI",https://infra-suisse.ch/wp-content/uploads/2016/09/bildungsplan-2014_verkehrswegbau_efz_infra.pdf
strassenbau,Strassenbauer/in EFZ,stb_hk2,Baustelle einrichten und Bauwerke erstellen,70,Vermessung,single_choice,hard,29,Welche Handlung zeigt ein gutes Verständnis von «Kontrollmessung»?,"Resultat prüfen; Abweichung melden, im konkreten Fall, anhand klarer Kriterien, mit Blick auf die Folgen, bei Bedarf im Team, im konkreten Fall","Nur Auge nutzen; Genauigkeit senken, anhand klarer Kriterien, mit Blick auf die Folgen, bei Bedarf im Team, im konkreten Fall, anhand klarer Kriterien","Differenz ignorieren; Folgeschaden riskieren, mit Blick auf die Folgen, bei Bedarf im Team, im konkreten Fall, anhand klarer Kriterien, mit Blick auf die Folgen","Erst später messen; Fehler einbauen, bei Bedarf im Team, im konkreten Fall, anhand klarer Kriterien, mit Blick auf die Folgen, bei Bedarf im Team",A,"Kontrollmessungen verhindern, dass Lage- und Höhenfehler weitergebaut werden.","Bildungsplan Verkehrswegbau EFZ, Infra Suisse/SBFI",https://infra-suisse.ch/wp-content/uploads/2016/09/bildungsplan-2014_verkehrswegbau_efz_infra.pdf
strassenbau,Strassenbauer/in EFZ,stb_hk2,Baustelle einrichten und Bauwerke erstellen,70,Vermessung,single_choice,medium,30,Welche Entscheidung ist bei «Planlesen» sinnvoll?,Skala ignorieren; Distanz verfehlen,Symbole verstehen; Masse zuordnen,Koordinaten raten; Objekt verschieben,Legende meiden; Zeichen verwechseln,B,"Planangaben müssen gelesen, verstanden und korrekt übertragen werden.","Bildungsplan Verkehrswegbau EFZ, Infra Suisse/SBFI",https://infra-suisse.ch/wp-content/uploads/2016/09/bildungsplan-2014_verkehrswegbau_efz_infra.pdf
strassenbau,Strassenbauer/in EFZ,stb_hk2,Baustelle einrichten und Bauwerke erstellen,80,Beton- und Schalungsarbeiten,single_choice,easy,1,Welche Aussage passt am besten zu «Schalung»?,Form sichern; Dichtheit prüfen,Bretter locker lassen; Beton verlieren,Masse schätzen; Bauteil verformen,Abstützung sparen; Druck unterschätzen,A,Schalung hält Frischbeton in Form und muss stabil sein.,"Bildungsplan Verkehrswegbau EFZ, Infra Suisse/SBFI",https://infra-suisse.ch/wp-content/uploads/2016/09/bildungsplan-2014_verkehrswegbau_efz_infra.pdf
strassenbau,Strassenbauer/in EFZ,stb_hk2,Baustelle einrichten und Bauwerke erstellen,80,Beton- und Schalungsarbeiten,single_choice,medium,2,Was ist bei «Bewehrung» fachlich am wichtigsten?,"Eisen verschieben; Tragwirkung schwächen, anhand klarer Kriterien, mit Blick auf die Folgen, bei Bedarf im Team, im konkreten Fall, anhand klarer Kriterien","Lage einhalten; Überdeckung sichern, mit Blick auf die Folgen, bei Bedarf im Team, im konkreten Fall, anhand klarer Kriterien, mit Blick auf die Folgen","Abstand raten; Rost riskieren, bei Bedarf im Team, im konkreten Fall, anhand klarer Kriterien, mit Blick auf die Folgen, bei Bedarf im Team","Plan ignorieren; Statik stören, im konkreten Fall, anhand klarer Kriterien, mit Blick auf die Folgen, bei Bedarf im Team, im konkreten Fall",B,Bewehrung muss gemäss Plan und mit richtiger Überdeckung liegen.,"Bildungsplan Verkehrswegbau EFZ, Infra Suisse/SBFI",https://infra-suisse.ch/wp-content/uploads/2016/09/bildungsplan-2014_verkehrswegbau_efz_infra.pdf
strassenbau,Strassenbauer/in EFZ,stb_hk2,Baustelle einrichten und Bauwerke erstellen,80,Beton- und Schalungsarbeiten,single_choice,medium,3,Welche Vorgehensweise ist im Thema «Beton einbringen» richtig?,"Aus grosser Höhe kippen; Qualität mindern, mit Blick auf die Folgen, bei Bedarf im Team, im konkreten Fall, anhand klarer Kriterien, mit Blick auf die Folgen","Wasser zugeben; Festigkeit senken, bei Bedarf im Team, im konkreten Fall, anhand klarer Kriterien, mit Blick auf die Folgen, bei Bedarf im Team","Gleichmässig füllen; Entmischung vermeiden, im konkreten Fall, anhand klarer Kriterien, mit Blick auf die Folgen, bei Bedarf im Team, im konkreten Fall","Hohlräume lassen; Dauerhaftigkeit schwächen, anhand klarer Kriterien, mit Blick auf die Folgen, bei Bedarf im Team, im konkreten Fall, anhand klarer Kriterien",C,"Beton wird kontrolliert eingebracht, verdichtet und geschützt.","Bildungsplan Verkehrswegbau EFZ, Infra Suisse/SBFI",https://infra-suisse.ch/wp-content/uploads/2016/09/bildungsplan-2014_verkehrswegbau_efz_infra.pdf
strassenbau,Strassenbauer/in EFZ,stb_hk2,Baustelle einrichten und Bauwerke erstellen,80,Beton- und Schalungsarbeiten,single_choice,hard,4,Welche Handlung zeigt ein gutes Verständnis von «Verdichtung»?,"Luft belassen; Festigkeit senken, bei Bedarf im Team, im konkreten Fall, anhand klarer Kriterien, mit Blick auf die Folgen, bei Bedarf im Team","Zu lange vibrieren; Entmischung fördern, im konkreten Fall, anhand klarer Kriterien, mit Blick auf die Folgen, bei Bedarf im Team, im konkreten Fall","Gerät meiden; Poren erhöhen, anhand klarer Kriterien, mit Blick auf die Folgen, bei Bedarf im Team, im konkreten Fall, anhand klarer Kriterien","Hohlräume reduzieren; Oberfläche schliessen, mit Blick auf die Folgen, bei Bedarf im Team, im konkreten Fall, anhand klarer Kriterien, mit Blick auf die Folgen",D,"Verdichtung verbessert Dichte, Festigkeit und Dauerhaftigkeit.","Bildungsplan Verkehrswegbau EFZ, Infra Suisse/SBFI",https://infra-suisse.ch/wp-content/uploads/2016/09/bildungsplan-2014_verkehrswegbau_efz_infra.pdf
strassenbau,Strassenbauer/in EFZ,stb_hk2,Baustelle einrichten und Bauwerke erstellen,80,Beton- und Schalungsarbeiten,single_choice,medium,5,Welche Entscheidung ist bei «Nachbehandlung» sinnvoll?,"Feuchtigkeit schützen; Austrocknung bremsen, im konkreten Fall, anhand klarer Kriterien, mit Blick auf die Folgen, bei Bedarf im Team, im konkreten Fall","Abdeckung weglassen; Oberfläche schädigen, anhand klarer Kriterien, mit Blick auf die Folgen, bei Bedarf im Team, im konkreten Fall, anhand klarer Kriterien","Zu früh belasten; Kanten brechen, mit Blick auf die Folgen, bei Bedarf im Team, im konkreten Fall, anhand klarer Kriterien, mit Blick auf die Folgen","Sonne ignorieren; Risse fördern, bei Bedarf im Team, im konkreten Fall, anhand klarer Kriterien, mit Blick auf die Folgen, bei Bedarf im Team",A,Nachbehandlung verhindert zu schnelles Austrocknen und Schäden.,"Bildungsplan Verkehrswegbau EFZ, Infra Suisse/SBFI",https://infra-suisse.ch/wp-content/uploads/2016/09/bildungsplan-2014_verkehrswegbau_efz_infra.pdf
strassenbau,Strassenbauer/in EFZ,stb_hk2,Baustelle einrichten und Bauwerke erstellen,80,Beton- und Schalungsarbeiten,single_choice,easy,6,Welche Aussage passt am besten zu «Kontrolle vor Beton»?,"Plan vergessen; Fehler verdecken, anhand klarer Kriterien","Masse prüfen; Einlagen kontrollieren, mit Blick auf die Folgen","Schalung nicht prüfen; Nacharbeit riskieren, bei Bedarf im Team","Sofort betonieren; Mängel einschliessen, im konkreten Fall",B,"Vor dem Betonieren müssen Schalung, Bewehrung und Einlagen stimmen.","Bildungsplan Verkehrswegbau EFZ, Infra Suisse/SBFI",https://infra-suisse.ch/wp-content/uploads/2016/09/bildungsplan-2014_verkehrswegbau_efz_infra.pdf
strassenbau,Strassenbauer/in EFZ,stb_hk2,Baustelle einrichten und Bauwerke erstellen,80,Beton- und Schalungsarbeiten,single_choice,medium,7,Was ist bei «Schalung» fachlich am wichtigsten?,Masse schätzen; Bauteil verformen,Abstützung sparen; Druck unterschätzen,Form sichern; Dichtheit prüfen,Bretter locker lassen; Beton verlieren,C,Schalung hält Frischbeton in Form und muss stabil sein.,"Bildungsplan Verkehrswegbau EFZ, Infra Suisse/SBFI",https://infra-suisse.ch/wp-content/uploads/2016/09/bildungsplan-2014_verkehrswegbau_efz_infra.pdf
strassenbau,Strassenbauer/in EFZ,stb_hk2,Baustelle einrichten und Bauwerke erstellen,80,Beton- und Schalungsarbeiten,single_choice,medium,8,Welche Vorgehensweise ist im Thema «Bewehrung» richtig?,"Abstand raten; Rost riskieren, bei Bedarf im Team, im konkreten Fall, anhand klarer Kriterien, mit Blick auf die Folgen, bei Bedarf im Team","Plan ignorieren; Statik stören, im konkreten Fall, anhand klarer Kriterien, mit Blick auf die Folgen, bei Bedarf im Team, im konkreten Fall","Eisen verschieben; Tragwirkung schwächen, anhand klarer Kriterien, mit Blick auf die Folgen, bei Bedarf im Team, im konkreten Fall, anhand klarer Kriterien","Lage einhalten; Überdeckung sichern, mit Blick auf die Folgen, bei Bedarf im Team, im konkreten Fall, anhand klarer Kriterien, mit Blick auf die Folgen",D,Bewehrung muss gemäss Plan und mit richtiger Überdeckung liegen.,"Bildungsplan Verkehrswegbau EFZ, Infra Suisse/SBFI",https://infra-suisse.ch/wp-content/uploads/2016/09/bildungsplan-2014_verkehrswegbau_efz_infra.pdf
strassenbau,Strassenbauer/in EFZ,stb_hk2,Baustelle einrichten und Bauwerke erstellen,80,Beton- und Schalungsarbeiten,single_choice,hard,9,Welche Handlung zeigt ein gutes Verständnis von «Beton einbringen»?,"Gleichmässig füllen; Entmischung vermeiden, im konkreten Fall, anhand klarer Kriterien, mit Blick auf die Folgen, bei Bedarf im Team, im konkreten Fall","Hohlräume lassen; Dauerhaftigkeit schwächen, anhand klarer Kriterien, mit Blick auf die Folgen, bei Bedarf im Team, im konkreten Fall, anhand klarer Kriterien","Aus grosser Höhe kippen; Qualität mindern, mit Blick auf die Folgen, bei Bedarf im Team, im konkreten Fall, anhand klarer Kriterien, mit Blick auf die Folgen","Wasser zugeben; Festigkeit senken, bei Bedarf im Team, im konkreten Fall, anhand klarer Kriterien, mit Blick auf die Folgen, bei Bedarf im Team",A,"Beton wird kontrolliert eingebracht, verdichtet und geschützt.","Bildungsplan Verkehrswegbau EFZ, Infra Suisse/SBFI",https://infra-suisse.ch/wp-content/uploads/2016/09/bildungsplan-2014_verkehrswegbau_efz_infra.pdf
strassenbau,Strassenbauer/in EFZ,stb_hk2,Baustelle einrichten und Bauwerke erstellen,80,Beton- und Schalungsarbeiten,single_choice,medium,10,Welche Entscheidung ist bei «Verdichtung» sinnvoll?,"Gerät meiden; Poren erhöhen, anhand klarer Kriterien, mit Blick auf die Folgen, bei Bedarf im Team, im konkreten Fall, anhand klarer Kriterien","Hohlräume reduzieren; Oberfläche schliessen, mit Blick auf die Folgen, bei Bedarf im Team, im konkreten Fall, anhand klarer Kriterien, mit Blick auf die Folgen","Luft belassen; Festigkeit senken, bei Bedarf im Team, im konkreten Fall, anhand klarer Kriterien, mit Blick auf die Folgen, bei Bedarf im Team","Zu lange vibrieren; Entmischung fördern, im konkreten Fall, anhand klarer Kriterien, mit Blick auf die Folgen, bei Bedarf im Team, im konkreten Fall",B,"Verdichtung verbessert Dichte, Festigkeit und Dauerhaftigkeit.","Bildungsplan Verkehrswegbau EFZ, Infra Suisse/SBFI",https://infra-suisse.ch/wp-content/uploads/2016/09/bildungsplan-2014_verkehrswegbau_efz_infra.pdf
strassenbau,Strassenbauer/in EFZ,stb_hk2,Baustelle einrichten und Bauwerke erstellen,80,Beton- und Schalungsarbeiten,single_choice,easy,11,Welche Aussage passt am besten zu «Nachbehandlung»?,"Zu früh belasten; Kanten brechen, mit Blick auf die Folgen, bei Bedarf im Team, im konkreten Fall, anhand klarer Kriterien, mit Blick auf die Folgen","Sonne ignorieren; Risse fördern, bei Bedarf im Team, im konkreten Fall, anhand klarer Kriterien, mit Blick auf die Folgen, bei Bedarf im Team","Feuchtigkeit schützen; Austrocknung bremsen, im konkreten Fall, anhand klarer Kriterien, mit Blick auf die Folgen, bei Bedarf im Team, im konkreten Fall","Abdeckung weglassen; Oberfläche schädigen, anhand klarer Kriterien, mit Blick auf die Folgen, bei Bedarf im Team, im konkreten Fall, anhand klarer Kriterien",C,Nachbehandlung verhindert zu schnelles Austrocknen und Schäden.,"Bildungsplan Verkehrswegbau EFZ, Infra Suisse/SBFI",https://infra-suisse.ch/wp-content/uploads/2016/09/bildungsplan-2014_verkehrswegbau_efz_infra.pdf
strassenbau,Strassenbauer/in EFZ,stb_hk2,Baustelle einrichten und Bauwerke erstellen,80,Beton- und Schalungsarbeiten,single_choice,medium,12,Was ist bei «Kontrolle vor Beton» fachlich am wichtigsten?,"Schalung nicht prüfen; Nacharbeit riskieren, bei Bedarf im Team","Sofort betonieren; Mängel einschliessen, im konkreten Fall","Plan vergessen; Fehler verdecken, anhand klarer Kriterien","Masse prüfen; Einlagen kontrollieren, mit Blick auf die Folgen",D,"Vor dem Betonieren müssen Schalung, Bewehrung und Einlagen stimmen.","Bildungsplan Verkehrswegbau EFZ, Infra Suisse/SBFI",https://infra-suisse.ch/wp-content/uploads/2016/09/bildungsplan-2014_verkehrswegbau_efz_infra.pdf
strassenbau,Strassenbauer/in EFZ,stb_hk2,Baustelle einrichten und Bauwerke erstellen,80,Beton- und Schalungsarbeiten,single_choice,medium,13,Welche Vorgehensweise ist im Thema «Schalung» richtig?,Form sichern; Dichtheit prüfen,Bretter locker lassen; Beton verlieren,Masse schätzen; Bauteil verformen,Abstützung sparen; Druck unterschätzen,A,Schalung hält Frischbeton in Form und muss stabil sein.,"Bildungsplan Verkehrswegbau EFZ, Infra Suisse/SBFI",https://infra-suisse.ch/wp-content/uploads/2016/09/bildungsplan-2014_verkehrswegbau_efz_infra.pdf
strassenbau,Strassenbauer/in EFZ,stb_hk2,Baustelle einrichten und Bauwerke erstellen,80,Beton- und Schalungsarbeiten,single_choice,hard,14,Welche Handlung zeigt ein gutes Verständnis von «Bewehrung»?,"Eisen verschieben; Tragwirkung schwächen, anhand klarer Kriterien, mit Blick auf die Folgen, bei Bedarf im Team, im konkreten Fall, anhand klarer Kriterien","Lage einhalten; Überdeckung sichern, mit Blick auf die Folgen, bei Bedarf im Team, im konkreten Fall, anhand klarer Kriterien, mit Blick auf die Folgen","Abstand raten; Rost riskieren, bei Bedarf im Team, im konkreten Fall, anhand klarer Kriterien, mit Blick auf die Folgen, bei Bedarf im Team","Plan ignorieren; Statik stören, im konkreten Fall, anhand klarer Kriterien, mit Blick auf die Folgen, bei Bedarf im Team, im konkreten Fall",B,Bewehrung muss gemäss Plan und mit richtiger Überdeckung liegen.,"Bildungsplan Verkehrswegbau EFZ, Infra Suisse/SBFI",https://infra-suisse.ch/wp-content/uploads/2016/09/bildungsplan-2014_verkehrswegbau_efz_infra.pdf
strassenbau,Strassenbauer/in EFZ,stb_hk2,Baustelle einrichten und Bauwerke erstellen,80,Beton- und Schalungsarbeiten,single_choice,medium,15,Welche Entscheidung ist bei «Beton einbringen» sinnvoll?,"Aus grosser Höhe kippen; Qualität mindern, mit Blick auf die Folgen, bei Bedarf im Team, im konkreten Fall, anhand klarer Kriterien, mit Blick auf die Folgen","Wasser zugeben; Festigkeit senken, bei Bedarf im Team, im konkreten Fall, anhand klarer Kriterien, mit Blick auf die Folgen, bei Bedarf im Team","Gleichmässig füllen; Entmischung vermeiden, im konkreten Fall, anhand klarer Kriterien, mit Blick auf die Folgen, bei Bedarf im Team, im konkreten Fall","Hohlräume lassen; Dauerhaftigkeit schwächen, anhand klarer Kriterien, mit Blick auf die Folgen, bei Bedarf im Team, im konkreten Fall, anhand klarer Kriterien",C,"Beton wird kontrolliert eingebracht, verdichtet und geschützt.","Bildungsplan Verkehrswegbau EFZ, Infra Suisse/SBFI",https://infra-suisse.ch/wp-content/uploads/2016/09/bildungsplan-2014_verkehrswegbau_efz_infra.pdf
strassenbau,Strassenbauer/in EFZ,stb_hk2,Baustelle einrichten und Bauwerke erstellen,80,Beton- und Schalungsarbeiten,single_choice,easy,16,Welche Aussage passt am besten zu «Verdichtung»?,"Luft belassen; Festigkeit senken, bei Bedarf im Team, im konkreten Fall, anhand klarer Kriterien, mit Blick auf die Folgen, bei Bedarf im Team","Zu lange vibrieren; Entmischung fördern, im konkreten Fall, anhand klarer Kriterien, mit Blick auf die Folgen, bei Bedarf im Team, im konkreten Fall","Gerät meiden; Poren erhöhen, anhand klarer Kriterien, mit Blick auf die Folgen, bei Bedarf im Team, im konkreten Fall, anhand klarer Kriterien","Hohlräume reduzieren; Oberfläche schliessen, mit Blick auf die Folgen, bei Bedarf im Team, im konkreten Fall, anhand klarer Kriterien, mit Blick auf die Folgen",D,"Verdichtung verbessert Dichte, Festigkeit und Dauerhaftigkeit.","Bildungsplan Verkehrswegbau EFZ, Infra Suisse/SBFI",https://infra-suisse.ch/wp-content/uploads/2016/09/bildungsplan-2014_verkehrswegbau_efz_infra.pdf
strassenbau,Strassenbauer/in EFZ,stb_hk2,Baustelle einrichten und Bauwerke erstellen,80,Beton- und Schalungsarbeiten,single_choice,medium,17,Was ist bei «Nachbehandlung» fachlich am wichtigsten?,"Feuchtigkeit schützen; Austrocknung bremsen, im konkreten Fall, anhand klarer Kriterien, mit Blick auf die Folgen, bei Bedarf im Team, im konkreten Fall","Abdeckung weglassen; Oberfläche schädigen, anhand klarer Kriterien, mit Blick auf die Folgen, bei Bedarf im Team, im konkreten Fall, anhand klarer Kriterien","Zu früh belasten; Kanten brechen, mit Blick auf die Folgen, bei Bedarf im Team, im konkreten Fall, anhand klarer Kriterien, mit Blick auf die Folgen","Sonne ignorieren; Risse fördern, bei Bedarf im Team, im konkreten Fall, anhand klarer Kriterien, mit Blick auf die Folgen, bei Bedarf im Team",A,Nachbehandlung verhindert zu schnelles Austrocknen und Schäden.,"Bildungsplan Verkehrswegbau EFZ, Infra Suisse/SBFI",https://infra-suisse.ch/wp-content/uploads/2016/09/bildungsplan-2014_verkehrswegbau_efz_infra.pdf
strassenbau,Strassenbauer/in EFZ,stb_hk2,Baustelle einrichten und Bauwerke erstellen,80,Beton- und Schalungsarbeiten,single_choice,medium,18,Welche Vorgehensweise ist im Thema «Kontrolle vor Beton» richtig?,"Plan vergessen; Fehler verdecken, anhand klarer Kriterien","Masse prüfen; Einlagen kontrollieren, mit Blick auf die Folgen","Schalung nicht prüfen; Nacharbeit riskieren, bei Bedarf im Team","Sofort betonieren; Mängel einschliessen, im konkreten Fall",B,"Vor dem Betonieren müssen Schalung, Bewehrung und Einlagen stimmen.","Bildungsplan Verkehrswegbau EFZ, Infra Suisse/SBFI",https://infra-suisse.ch/wp-content/uploads/2016/09/bildungsplan-2014_verkehrswegbau_efz_infra.pdf
strassenbau,Strassenbauer/in EFZ,stb_hk2,Baustelle einrichten und Bauwerke erstellen,80,Beton- und Schalungsarbeiten,single_choice,hard,19,Welche Handlung zeigt ein gutes Verständnis von «Schalung»?,Masse schätzen; Bauteil verformen,Abstützung sparen; Druck unterschätzen,Form sichern; Dichtheit prüfen,Bretter locker lassen; Beton verlieren,C,Schalung hält Frischbeton in Form und muss stabil sein.,"Bildungsplan Verkehrswegbau EFZ, Infra Suisse/SBFI",https://infra-suisse.ch/wp-content/uploads/2016/09/bildungsplan-2014_verkehrswegbau_efz_infra.pdf
strassenbau,Strassenbauer/in EFZ,stb_hk2,Baustelle einrichten und Bauwerke erstellen,80,Beton- und Schalungsarbeiten,single_choice,medium,20,Welche Entscheidung ist bei «Bewehrung» sinnvoll?,"Abstand raten; Rost riskieren, bei Bedarf im Team, im konkreten Fall, anhand klarer Kriterien, mit Blick auf die Folgen, bei Bedarf im Team","Plan ignorieren; Statik stören, im konkreten Fall, anhand klarer Kriterien, mit Blick auf die Folgen, bei Bedarf im Team, im konkreten Fall","Eisen verschieben; Tragwirkung schwächen, anhand klarer Kriterien, mit Blick auf die Folgen, bei Bedarf im Team, im konkreten Fall, anhand klarer Kriterien","Lage einhalten; Überdeckung sichern, mit Blick auf die Folgen, bei Bedarf im Team, im konkreten Fall, anhand klarer Kriterien, mit Blick auf die Folgen",D,Bewehrung muss gemäss Plan und mit richtiger Überdeckung liegen.,"Bildungsplan Verkehrswegbau EFZ, Infra Suisse/SBFI",https://infra-suisse.ch/wp-content/uploads/2016/09/bildungsplan-2014_verkehrswegbau_efz_infra.pdf
strassenbau,Strassenbauer/in EFZ,stb_hk2,Baustelle einrichten und Bauwerke erstellen,80,Beton- und Schalungsarbeiten,single_choice,easy,21,Welche Aussage passt am besten zu «Beton einbringen»?,"Gleichmässig füllen; Entmischung vermeiden, im konkreten Fall, anhand klarer Kriterien, mit Blick auf die Folgen, bei Bedarf im Team, im konkreten Fall","Hohlräume lassen; Dauerhaftigkeit schwächen, anhand klarer Kriterien, mit Blick auf die Folgen, bei Bedarf im Team, im konkreten Fall, anhand klarer Kriterien","Aus grosser Höhe kippen; Qualität mindern, mit Blick auf die Folgen, bei Bedarf im Team, im konkreten Fall, anhand klarer Kriterien, mit Blick auf die Folgen","Wasser zugeben; Festigkeit senken, bei Bedarf im Team, im konkreten Fall, anhand klarer Kriterien, mit Blick auf die Folgen, bei Bedarf im Team",A,"Beton wird kontrolliert eingebracht, verdichtet und geschützt.","Bildungsplan Verkehrswegbau EFZ, Infra Suisse/SBFI",https://infra-suisse.ch/wp-content/uploads/2016/09/bildungsplan-2014_verkehrswegbau_efz_infra.pdf
strassenbau,Strassenbauer/in EFZ,stb_hk2,Baustelle einrichten und Bauwerke erstellen,80,Beton- und Schalungsarbeiten,single_choice,medium,22,Was ist bei «Verdichtung» fachlich am wichtigsten?,"Gerät meiden; Poren erhöhen, anhand klarer Kriterien, mit Blick auf die Folgen, bei Bedarf im Team, im konkreten Fall, anhand klarer Kriterien","Hohlräume reduzieren; Oberfläche schliessen, mit Blick auf die Folgen, bei Bedarf im Team, im konkreten Fall, anhand klarer Kriterien, mit Blick auf die Folgen","Luft belassen; Festigkeit senken, bei Bedarf im Team, im konkreten Fall, anhand klarer Kriterien, mit Blick auf die Folgen, bei Bedarf im Team","Zu lange vibrieren; Entmischung fördern, im konkreten Fall, anhand klarer Kriterien, mit Blick auf die Folgen, bei Bedarf im Team, im konkreten Fall",B,"Verdichtung verbessert Dichte, Festigkeit und Dauerhaftigkeit.","Bildungsplan Verkehrswegbau EFZ, Infra Suisse/SBFI",https://infra-suisse.ch/wp-content/uploads/2016/09/bildungsplan-2014_verkehrswegbau_efz_infra.pdf
strassenbau,Strassenbauer/in EFZ,stb_hk2,Baustelle einrichten und Bauwerke erstellen,80,Beton- und Schalungsarbeiten,single_choice,medium,23,Welche Vorgehensweise ist im Thema «Nachbehandlung» richtig?,"Zu früh belasten; Kanten brechen, mit Blick auf die Folgen, bei Bedarf im Team, im konkreten Fall, anhand klarer Kriterien, mit Blick auf die Folgen","Sonne ignorieren; Risse fördern, bei Bedarf im Team, im konkreten Fall, anhand klarer Kriterien, mit Blick auf die Folgen, bei Bedarf im Team","Feuchtigkeit schützen; Austrocknung bremsen, im konkreten Fall, anhand klarer Kriterien, mit Blick auf die Folgen, bei Bedarf im Team, im konkreten Fall","Abdeckung weglassen; Oberfläche schädigen, anhand klarer Kriterien, mit Blick auf die Folgen, bei Bedarf im Team, im konkreten Fall, anhand klarer Kriterien",C,Nachbehandlung verhindert zu schnelles Austrocknen und Schäden.,"Bildungsplan Verkehrswegbau EFZ, Infra Suisse/SBFI",https://infra-suisse.ch/wp-content/uploads/2016/09/bildungsplan-2014_verkehrswegbau_efz_infra.pdf
strassenbau,Strassenbauer/in EFZ,stb_hk2,Baustelle einrichten und Bauwerke erstellen,80,Beton- und Schalungsarbeiten,single_choice,hard,24,Welche Handlung zeigt ein gutes Verständnis von «Kontrolle vor Beton»?,"Schalung nicht prüfen; Nacharbeit riskieren, bei Bedarf im Team","Sofort betonieren; Mängel einschliessen, im konkreten Fall","Plan vergessen; Fehler verdecken, anhand klarer Kriterien","Masse prüfen; Einlagen kontrollieren, mit Blick auf die Folgen",D,"Vor dem Betonieren müssen Schalung, Bewehrung und Einlagen stimmen.","Bildungsplan Verkehrswegbau EFZ, Infra Suisse/SBFI",https://infra-suisse.ch/wp-content/uploads/2016/09/bildungsplan-2014_verkehrswegbau_efz_infra.pdf
strassenbau,Strassenbauer/in EFZ,stb_hk2,Baustelle einrichten und Bauwerke erstellen,80,Beton- und Schalungsarbeiten,single_choice,medium,25,Welche Entscheidung ist bei «Schalung» sinnvoll?,Form sichern; Dichtheit prüfen,Bretter locker lassen; Beton verlieren,Masse schätzen; Bauteil verformen,Abstützung sparen; Druck unterschätzen,A,Schalung hält Frischbeton in Form und muss stabil sein.,"Bildungsplan Verkehrswegbau EFZ, Infra Suisse/SBFI",https://infra-suisse.ch/wp-content/uploads/2016/09/bildungsplan-2014_verkehrswegbau_efz_infra.pdf
strassenbau,Strassenbauer/in EFZ,stb_hk2,Baustelle einrichten und Bauwerke erstellen,80,Beton- und Schalungsarbeiten,single_choice,easy,26,Welche Aussage passt am besten zu «Bewehrung»?,"Eisen verschieben; Tragwirkung schwächen, anhand klarer Kriterien, mit Blick auf die Folgen, bei Bedarf im Team, im konkreten Fall, anhand klarer Kriterien","Lage einhalten; Überdeckung sichern, mit Blick auf die Folgen, bei Bedarf im Team, im konkreten Fall, anhand klarer Kriterien, mit Blick auf die Folgen","Abstand raten; Rost riskieren, bei Bedarf im Team, im konkreten Fall, anhand klarer Kriterien, mit Blick auf die Folgen, bei Bedarf im Team","Plan ignorieren; Statik stören, im konkreten Fall, anhand klarer Kriterien, mit Blick auf die Folgen, bei Bedarf im Team, im konkreten Fall",B,Bewehrung muss gemäss Plan und mit richtiger Überdeckung liegen.,"Bildungsplan Verkehrswegbau EFZ, Infra Suisse/SBFI",https://infra-suisse.ch/wp-content/uploads/2016/09/bildungsplan-2014_verkehrswegbau_efz_infra.pdf
strassenbau,Strassenbauer/in EFZ,stb_hk2,Baustelle einrichten und Bauwerke erstellen,80,Beton- und Schalungsarbeiten,single_choice,medium,27,Was ist bei «Beton einbringen» fachlich am wichtigsten?,"Aus grosser Höhe kippen; Qualität mindern, mit Blick auf die Folgen, bei Bedarf im Team, im konkreten Fall, anhand klarer Kriterien, mit Blick auf die Folgen","Wasser zugeben; Festigkeit senken, bei Bedarf im Team, im konkreten Fall, anhand klarer Kriterien, mit Blick auf die Folgen, bei Bedarf im Team","Gleichmässig füllen; Entmischung vermeiden, im konkreten Fall, anhand klarer Kriterien, mit Blick auf die Folgen, bei Bedarf im Team, im konkreten Fall","Hohlräume lassen; Dauerhaftigkeit schwächen, anhand klarer Kriterien, mit Blick auf die Folgen, bei Bedarf im Team, im konkreten Fall, anhand klarer Kriterien",C,"Beton wird kontrolliert eingebracht, verdichtet und geschützt.","Bildungsplan Verkehrswegbau EFZ, Infra Suisse/SBFI",https://infra-suisse.ch/wp-content/uploads/2016/09/bildungsplan-2014_verkehrswegbau_efz_infra.pdf
strassenbau,Strassenbauer/in EFZ,stb_hk2,Baustelle einrichten und Bauwerke erstellen,80,Beton- und Schalungsarbeiten,single_choice,medium,28,Welche Vorgehensweise ist im Thema «Verdichtung» richtig?,"Luft belassen; Festigkeit senken, bei Bedarf im Team, im konkreten Fall, anhand klarer Kriterien, mit Blick auf die Folgen, bei Bedarf im Team","Zu lange vibrieren; Entmischung fördern, im konkreten Fall, anhand klarer Kriterien, mit Blick auf die Folgen, bei Bedarf im Team, im konkreten Fall","Gerät meiden; Poren erhöhen, anhand klarer Kriterien, mit Blick auf die Folgen, bei Bedarf im Team, im konkreten Fall, anhand klarer Kriterien","Hohlräume reduzieren; Oberfläche schliessen, mit Blick auf die Folgen, bei Bedarf im Team, im konkreten Fall, anhand klarer Kriterien, mit Blick auf die Folgen",D,"Verdichtung verbessert Dichte, Festigkeit und Dauerhaftigkeit.","Bildungsplan Verkehrswegbau EFZ, Infra Suisse/SBFI",https://infra-suisse.ch/wp-content/uploads/2016/09/bildungsplan-2014_verkehrswegbau_efz_infra.pdf
strassenbau,Strassenbauer/in EFZ,stb_hk2,Baustelle einrichten und Bauwerke erstellen,80,Beton- und Schalungsarbeiten,single_choice,hard,29,Welche Handlung zeigt ein gutes Verständnis von «Nachbehandlung»?,"Feuchtigkeit schützen; Austrocknung bremsen, im konkreten Fall, anhand klarer Kriterien, mit Blick auf die Folgen, bei Bedarf im Team, im konkreten Fall","Abdeckung weglassen; Oberfläche schädigen, anhand klarer Kriterien, mit Blick auf die Folgen, bei Bedarf im Team, im konkreten Fall, anhand klarer Kriterien","Zu früh belasten; Kanten brechen, mit Blick auf die Folgen, bei Bedarf im Team, im konkreten Fall, anhand klarer Kriterien, mit Blick auf die Folgen","Sonne ignorieren; Risse fördern, bei Bedarf im Team, im konkreten Fall, anhand klarer Kriterien, mit Blick auf die Folgen, bei Bedarf im Team",A,Nachbehandlung verhindert zu schnelles Austrocknen und Schäden.,"Bildungsplan Verkehrswegbau EFZ, Infra Suisse/SBFI",https://infra-suisse.ch/wp-content/uploads/2016/09/bildungsplan-2014_verkehrswegbau_efz_infra.pdf
strassenbau,Strassenbauer/in EFZ,stb_hk2,Baustelle einrichten und Bauwerke erstellen,80,Beton- und Schalungsarbeiten,single_choice,medium,30,Welche Entscheidung ist bei «Kontrolle vor Beton» sinnvoll?,"Plan vergessen; Fehler verdecken, anhand klarer Kriterien","Masse prüfen; Einlagen kontrollieren, mit Blick auf die Folgen","Schalung nicht prüfen; Nacharbeit riskieren, bei Bedarf im Team","Sofort betonieren; Mängel einschliessen, im konkreten Fall",B,"Vor dem Betonieren müssen Schalung, Bewehrung und Einlagen stimmen.","Bildungsplan Verkehrswegbau EFZ, Infra Suisse/SBFI",https://infra-suisse.ch/wp-content/uploads/2016/09/bildungsplan-2014_verkehrswegbau_efz_infra.pdf
strassenbau,Strassenbauer/in EFZ,stb_hk2,Baustelle einrichten und Bauwerke erstellen,90,Fertigteile und Montage,single_choice,easy,1,Welche Aussage passt am besten zu «Unterlage»?,Tragfähigkeit prüfen; Höhe vorbereiten,Auf Humus stellen; Setzung riskieren,Steine unterlegen; Lage verfälschen,Unebenheit dulden; Schaden fördern,A,Fertigteile brauchen eine tragfähige und höhengerechte Unterlage.,"Bildungsplan Verkehrswegbau EFZ, Infra Suisse/SBFI",https://infra-suisse.ch/wp-content/uploads/2016/09/bildungsplan-2014_verkehrswegbau_efz_infra.pdf
strassenbau,Strassenbauer/in EFZ,stb_hk2,Baustelle einrichten und Bauwerke erstellen,90,Fertigteile und Montage,single_choice,medium,2,Was ist bei «Anschlagen» fachlich am wichtigsten?,"Kette verdrehen; Last gefährden, anhand klarer Kriterien","Last sichern; Anschlagmittel prüfen, mit Blick auf die Folgen","Unter Last stehen; Unfall riskieren, bei Bedarf im Team","Tragfähigkeit raten; Sicherung schwächen, im konkreten Fall",B,Beim Heben sind geeignete Anschlagmittel und sichere Positionen zentral.,"Bildungsplan Verkehrswegbau EFZ, Infra Suisse/SBFI",https://infra-suisse.ch/wp-content/uploads/2016/09/bildungsplan-2014_verkehrswegbau_efz_infra.pdf
strassenbau,Strassenbauer/in EFZ,stb_hk2,Baustelle einrichten und Bauwerke erstellen,90,Fertigteile und Montage,single_choice,medium,3,Welche Vorgehensweise ist im Thema «Versetzen» richtig?,Teil fallen lassen; Kanten beschädigen,Ohne Plan setzen; Anschluss verfehlen,Lage kontrollieren; Fugen einhalten,Höhe raten; Nacharbeit erhöhen,C,Fertigteile werden plan- und schonungsgerecht versetzt.,"Bildungsplan Verkehrswegbau EFZ, Infra Suisse/SBFI",https://infra-suisse.ch/wp-content/uploads/2016/09/bildungsplan-2014_verkehrswegbau_efz_infra.pdf
strassenbau,Strassenbauer/in EFZ,stb_hk2,Baustelle einrichten und Bauwerke erstellen,90,Fertigteile und Montage,single_choice,hard,4,Welche Handlung zeigt ein gutes Verständnis von «Schutz»?,Teile stapeln; Bruch riskieren,Schmutz einbauen; Optik mindern,Witterung ignorieren; Schaden erhöhen,Kanten schützen; Lagerung sichern,D,"Fertigteile sind vor Beschädigung, Verschmutzung und Witterung zu schützen.","Bildungsplan Verkehrswegbau EFZ, Infra Suisse/SBFI",https://infra-suisse.ch/wp-content/uploads/2016/09/bildungsplan-2014_verkehrswegbau_efz_infra.pdf
strassenbau,Strassenbauer/in EFZ,stb_hk2,Baustelle einrichten und Bauwerke erstellen,90,Fertigteile und Montage,single_choice,medium,5,Welche Entscheidung ist bei «Montagekontrolle» sinnvoll?,Sitz prüfen; Abweichung korrigieren,Nur grob schauen; Fehler übersehen,Fixieren vergessen; Stabilität mindern,Mangel belassen; Folgefehler fördern,A,"Montierte Teile müssen auf Lage, Höhe, Sitz und Schäden geprüft werden.","Bildungsplan Verkehrswegbau EFZ, Infra Suisse/SBFI",https://infra-suisse.ch/wp-content/uploads/2016/09/bildungsplan-2014_verkehrswegbau_efz_infra.pdf
strassenbau,Strassenbauer/in EFZ,stb_hk2,Baustelle einrichten und Bauwerke erstellen,90,Fertigteile und Montage,single_choice,easy,6,Welche Aussage passt am besten zu «Teamarbeit»?,Alle ziehen gleichzeitig; Kontrolle verlieren,Zeichen vereinbaren; Bereich freihalten,Funkkontakt meiden; Reaktion verzögern,Durcheinander rufen; Missverständnis fördern,B,Montagearbeiten brauchen klare Kommunikation und gesicherte Arbeitsbereiche.,"Bildungsplan Verkehrswegbau EFZ, Infra Suisse/SBFI",https://infra-suisse.ch/wp-content/uploads/2016/09/bildungsplan-2014_verkehrswegbau_efz_infra.pdf
strassenbau,Strassenbauer/in EFZ,stb_hk2,Baustelle einrichten und Bauwerke erstellen,90,Fertigteile und Montage,single_choice,medium,7,Was ist bei «Unterlage» fachlich am wichtigsten?,Steine unterlegen; Lage verfälschen,Unebenheit dulden; Schaden fördern,Tragfähigkeit prüfen; Höhe vorbereiten,Auf Humus stellen; Setzung riskieren,C,Fertigteile brauchen eine tragfähige und höhengerechte Unterlage.,"Bildungsplan Verkehrswegbau EFZ, Infra Suisse/SBFI",https://infra-suisse.ch/wp-content/uploads/2016/09/bildungsplan-2014_verkehrswegbau_efz_infra.pdf
strassenbau,Strassenbauer/in EFZ,stb_hk2,Baustelle einrichten und Bauwerke erstellen,90,Fertigteile und Montage,single_choice,medium,8,Welche Vorgehensweise ist im Thema «Anschlagen» richtig?,"Unter Last stehen; Unfall riskieren, bei Bedarf im Team","Tragfähigkeit raten; Sicherung schwächen, im konkreten Fall","Kette verdrehen; Last gefährden, anhand klarer Kriterien","Last sichern; Anschlagmittel prüfen, mit Blick auf die Folgen",D,Beim Heben sind geeignete Anschlagmittel und sichere Positionen zentral.,"Bildungsplan Verkehrswegbau EFZ, Infra Suisse/SBFI",https://infra-suisse.ch/wp-content/uploads/2016/09/bildungsplan-2014_verkehrswegbau_efz_infra.pdf
strassenbau,Strassenbauer/in EFZ,stb_hk2,Baustelle einrichten und Bauwerke erstellen,90,Fertigteile und Montage,single_choice,hard,9,Welche Handlung zeigt ein gutes Verständnis von «Versetzen»?,Lage kontrollieren; Fugen einhalten,Höhe raten; Nacharbeit erhöhen,Teil fallen lassen; Kanten beschädigen,Ohne Plan setzen; Anschluss verfehlen,A,Fertigteile werden plan- und schonungsgerecht versetzt.,"Bildungsplan Verkehrswegbau EFZ, Infra Suisse/SBFI",https://infra-suisse.ch/wp-content/uploads/2016/09/bildungsplan-2014_verkehrswegbau_efz_infra.pdf
strassenbau,Strassenbauer/in EFZ,stb_hk2,Baustelle einrichten und Bauwerke erstellen,90,Fertigteile und Montage,single_choice,medium,10,Welche Entscheidung ist bei «Schutz» sinnvoll?,Witterung ignorieren; Schaden erhöhen,Kanten schützen; Lagerung sichern,Teile stapeln; Bruch riskieren,Schmutz einbauen; Optik mindern,B,"Fertigteile sind vor Beschädigung, Verschmutzung und Witterung zu schützen.","Bildungsplan Verkehrswegbau EFZ, Infra Suisse/SBFI",https://infra-suisse.ch/wp-content/uploads/2016/09/bildungsplan-2014_verkehrswegbau_efz_infra.pdf
strassenbau,Strassenbauer/in EFZ,stb_hk2,Baustelle einrichten und Bauwerke erstellen,90,Fertigteile und Montage,single_choice,easy,11,Welche Aussage passt am besten zu «Montagekontrolle»?,Fixieren vergessen; Stabilität mindern,Mangel belassen; Folgefehler fördern,Sitz prüfen; Abweichung korrigieren,Nur grob schauen; Fehler übersehen,C,"Montierte Teile müssen auf Lage, Höhe, Sitz und Schäden geprüft werden.","Bildungsplan Verkehrswegbau EFZ, Infra Suisse/SBFI",https://infra-suisse.ch/wp-content/uploads/2016/09/bildungsplan-2014_verkehrswegbau_efz_infra.pdf
strassenbau,Strassenbauer/in EFZ,stb_hk2,Baustelle einrichten und Bauwerke erstellen,90,Fertigteile und Montage,single_choice,medium,12,Was ist bei «Teamarbeit» fachlich am wichtigsten?,Funkkontakt meiden; Reaktion verzögern,Durcheinander rufen; Missverständnis fördern,Alle ziehen gleichzeitig; Kontrolle verlieren,Zeichen vereinbaren; Bereich freihalten,D,Montagearbeiten brauchen klare Kommunikation und gesicherte Arbeitsbereiche.,"Bildungsplan Verkehrswegbau EFZ, Infra Suisse/SBFI",https://infra-suisse.ch/wp-content/uploads/2016/09/bildungsplan-2014_verkehrswegbau_efz_infra.pdf
strassenbau,Strassenbauer/in EFZ,stb_hk2,Baustelle einrichten und Bauwerke erstellen,90,Fertigteile und Montage,single_choice,medium,13,Welche Vorgehensweise ist im Thema «Unterlage» richtig?,Tragfähigkeit prüfen; Höhe vorbereiten,Auf Humus stellen; Setzung riskieren,Steine unterlegen; Lage verfälschen,Unebenheit dulden; Schaden fördern,A,Fertigteile brauchen eine tragfähige und höhengerechte Unterlage.,"Bildungsplan Verkehrswegbau EFZ, Infra Suisse/SBFI",https://infra-suisse.ch/wp-content/uploads/2016/09/bildungsplan-2014_verkehrswegbau_efz_infra.pdf
strassenbau,Strassenbauer/in EFZ,stb_hk2,Baustelle einrichten und Bauwerke erstellen,90,Fertigteile und Montage,single_choice,hard,14,Welche Handlung zeigt ein gutes Verständnis von «Anschlagen»?,"Kette verdrehen; Last gefährden, anhand klarer Kriterien","Last sichern; Anschlagmittel prüfen, mit Blick auf die Folgen","Unter Last stehen; Unfall riskieren, bei Bedarf im Team","Tragfähigkeit raten; Sicherung schwächen, im konkreten Fall",B,Beim Heben sind geeignete Anschlagmittel und sichere Positionen zentral.,"Bildungsplan Verkehrswegbau EFZ, Infra Suisse/SBFI",https://infra-suisse.ch/wp-content/uploads/2016/09/bildungsplan-2014_verkehrswegbau_efz_infra.pdf
strassenbau,Strassenbauer/in EFZ,stb_hk2,Baustelle einrichten und Bauwerke erstellen,90,Fertigteile und Montage,single_choice,medium,15,Welche Entscheidung ist bei «Versetzen» sinnvoll?,Teil fallen lassen; Kanten beschädigen,Ohne Plan setzen; Anschluss verfehlen,Lage kontrollieren; Fugen einhalten,Höhe raten; Nacharbeit erhöhen,C,Fertigteile werden plan- und schonungsgerecht versetzt.,"Bildungsplan Verkehrswegbau EFZ, Infra Suisse/SBFI",https://infra-suisse.ch/wp-content/uploads/2016/09/bildungsplan-2014_verkehrswegbau_efz_infra.pdf
strassenbau,Strassenbauer/in EFZ,stb_hk2,Baustelle einrichten und Bauwerke erstellen,90,Fertigteile und Montage,single_choice,easy,16,Welche Aussage passt am besten zu «Schutz»?,Teile stapeln; Bruch riskieren,Schmutz einbauen; Optik mindern,Witterung ignorieren; Schaden erhöhen,Kanten schützen; Lagerung sichern,D,"Fertigteile sind vor Beschädigung, Verschmutzung und Witterung zu schützen.","Bildungsplan Verkehrswegbau EFZ, Infra Suisse/SBFI",https://infra-suisse.ch/wp-content/uploads/2016/09/bildungsplan-2014_verkehrswegbau_efz_infra.pdf
strassenbau,Strassenbauer/in EFZ,stb_hk2,Baustelle einrichten und Bauwerke erstellen,90,Fertigteile und Montage,single_choice,medium,17,Was ist bei «Montagekontrolle» fachlich am wichtigsten?,Sitz prüfen; Abweichung korrigieren,Nur grob schauen; Fehler übersehen,Fixieren vergessen; Stabilität mindern,Mangel belassen; Folgefehler fördern,A,"Montierte Teile müssen auf Lage, Höhe, Sitz und Schäden geprüft werden.","Bildungsplan Verkehrswegbau EFZ, Infra Suisse/SBFI",https://infra-suisse.ch/wp-content/uploads/2016/09/bildungsplan-2014_verkehrswegbau_efz_infra.pdf
strassenbau,Strassenbauer/in EFZ,stb_hk2,Baustelle einrichten und Bauwerke erstellen,90,Fertigteile und Montage,single_choice,medium,18,Welche Vorgehensweise ist im Thema «Teamarbeit» richtig?,Alle ziehen gleichzeitig; Kontrolle verlieren,Zeichen vereinbaren; Bereich freihalten,Funkkontakt meiden; Reaktion verzögern,Durcheinander rufen; Missverständnis fördern,B,Montagearbeiten brauchen klare Kommunikation und gesicherte Arbeitsbereiche.,"Bildungsplan Verkehrswegbau EFZ, Infra Suisse/SBFI",https://infra-suisse.ch/wp-content/uploads/2016/09/bildungsplan-2014_verkehrswegbau_efz_infra.pdf
strassenbau,Strassenbauer/in EFZ,stb_hk2,Baustelle einrichten und Bauwerke erstellen,90,Fertigteile und Montage,single_choice,hard,19,Welche Handlung zeigt ein gutes Verständnis von «Unterlage»?,Steine unterlegen; Lage verfälschen,Unebenheit dulden; Schaden fördern,Tragfähigkeit prüfen; Höhe vorbereiten,Auf Humus stellen; Setzung riskieren,C,Fertigteile brauchen eine tragfähige und höhengerechte Unterlage.,"Bildungsplan Verkehrswegbau EFZ, Infra Suisse/SBFI",https://infra-suisse.ch/wp-content/uploads/2016/09/bildungsplan-2014_verkehrswegbau_efz_infra.pdf
strassenbau,Strassenbauer/in EFZ,stb_hk2,Baustelle einrichten und Bauwerke erstellen,90,Fertigteile und Montage,single_choice,medium,20,Welche Entscheidung ist bei «Anschlagen» sinnvoll?,"Unter Last stehen; Unfall riskieren, bei Bedarf im Team","Tragfähigkeit raten; Sicherung schwächen, im konkreten Fall","Kette verdrehen; Last gefährden, anhand klarer Kriterien","Last sichern; Anschlagmittel prüfen, mit Blick auf die Folgen",D,Beim Heben sind geeignete Anschlagmittel und sichere Positionen zentral.,"Bildungsplan Verkehrswegbau EFZ, Infra Suisse/SBFI",https://infra-suisse.ch/wp-content/uploads/2016/09/bildungsplan-2014_verkehrswegbau_efz_infra.pdf
strassenbau,Strassenbauer/in EFZ,stb_hk2,Baustelle einrichten und Bauwerke erstellen,90,Fertigteile und Montage,single_choice,easy,21,Welche Aussage passt am besten zu «Versetzen»?,Lage kontrollieren; Fugen einhalten,Höhe raten; Nacharbeit erhöhen,Teil fallen lassen; Kanten beschädigen,Ohne Plan setzen; Anschluss verfehlen,A,Fertigteile werden plan- und schonungsgerecht versetzt.,"Bildungsplan Verkehrswegbau EFZ, Infra Suisse/SBFI",https://infra-suisse.ch/wp-content/uploads/2016/09/bildungsplan-2014_verkehrswegbau_efz_infra.pdf
strassenbau,Strassenbauer/in EFZ,stb_hk2,Baustelle einrichten und Bauwerke erstellen,90,Fertigteile und Montage,single_choice,medium,22,Was ist bei «Schutz» fachlich am wichtigsten?,Witterung ignorieren; Schaden erhöhen,Kanten schützen; Lagerung sichern,Teile stapeln; Bruch riskieren,Schmutz einbauen; Optik mindern,B,"Fertigteile sind vor Beschädigung, Verschmutzung und Witterung zu schützen.","Bildungsplan Verkehrswegbau EFZ, Infra Suisse/SBFI",https://infra-suisse.ch/wp-content/uploads/2016/09/bildungsplan-2014_verkehrswegbau_efz_infra.pdf
strassenbau,Strassenbauer/in EFZ,stb_hk2,Baustelle einrichten und Bauwerke erstellen,90,Fertigteile und Montage,single_choice,medium,23,Welche Vorgehensweise ist im Thema «Montagekontrolle» richtig?,Fixieren vergessen; Stabilität mindern,Mangel belassen; Folgefehler fördern,Sitz prüfen; Abweichung korrigieren,Nur grob schauen; Fehler übersehen,C,"Montierte Teile müssen auf Lage, Höhe, Sitz und Schäden geprüft werden.","Bildungsplan Verkehrswegbau EFZ, Infra Suisse/SBFI",https://infra-suisse.ch/wp-content/uploads/2016/09/bildungsplan-2014_verkehrswegbau_efz_infra.pdf
strassenbau,Strassenbauer/in EFZ,stb_hk2,Baustelle einrichten und Bauwerke erstellen,90,Fertigteile und Montage,single_choice,hard,24,Welche Handlung zeigt ein gutes Verständnis von «Teamarbeit»?,Funkkontakt meiden; Reaktion verzögern,Durcheinander rufen; Missverständnis fördern,Alle ziehen gleichzeitig; Kontrolle verlieren,Zeichen vereinbaren; Bereich freihalten,D,Montagearbeiten brauchen klare Kommunikation und gesicherte Arbeitsbereiche.,"Bildungsplan Verkehrswegbau EFZ, Infra Suisse/SBFI",https://infra-suisse.ch/wp-content/uploads/2016/09/bildungsplan-2014_verkehrswegbau_efz_infra.pdf
strassenbau,Strassenbauer/in EFZ,stb_hk2,Baustelle einrichten und Bauwerke erstellen,90,Fertigteile und Montage,single_choice,medium,25,Welche Entscheidung ist bei «Unterlage» sinnvoll?,Tragfähigkeit prüfen; Höhe vorbereiten,Auf Humus stellen; Setzung riskieren,Steine unterlegen; Lage verfälschen,Unebenheit dulden; Schaden fördern,A,Fertigteile brauchen eine tragfähige und höhengerechte Unterlage.,"Bildungsplan Verkehrswegbau EFZ, Infra Suisse/SBFI",https://infra-suisse.ch/wp-content/uploads/2016/09/bildungsplan-2014_verkehrswegbau_efz_infra.pdf
strassenbau,Strassenbauer/in EFZ,stb_hk2,Baustelle einrichten und Bauwerke erstellen,90,Fertigteile und Montage,single_choice,easy,26,Welche Aussage passt am besten zu «Anschlagen»?,"Kette verdrehen; Last gefährden, anhand klarer Kriterien","Last sichern; Anschlagmittel prüfen, mit Blick auf die Folgen","Unter Last stehen; Unfall riskieren, bei Bedarf im Team","Tragfähigkeit raten; Sicherung schwächen, im konkreten Fall",B,Beim Heben sind geeignete Anschlagmittel und sichere Positionen zentral.,"Bildungsplan Verkehrswegbau EFZ, Infra Suisse/SBFI",https://infra-suisse.ch/wp-content/uploads/2016/09/bildungsplan-2014_verkehrswegbau_efz_infra.pdf
strassenbau,Strassenbauer/in EFZ,stb_hk2,Baustelle einrichten und Bauwerke erstellen,90,Fertigteile und Montage,single_choice,medium,27,Was ist bei «Versetzen» fachlich am wichtigsten?,Teil fallen lassen; Kanten beschädigen,Ohne Plan setzen; Anschluss verfehlen,Lage kontrollieren; Fugen einhalten,Höhe raten; Nacharbeit erhöhen,C,Fertigteile werden plan- und schonungsgerecht versetzt.,"Bildungsplan Verkehrswegbau EFZ, Infra Suisse/SBFI",https://infra-suisse.ch/wp-content/uploads/2016/09/bildungsplan-2014_verkehrswegbau_efz_infra.pdf
strassenbau,Strassenbauer/in EFZ,stb_hk2,Baustelle einrichten und Bauwerke erstellen,90,Fertigteile und Montage,single_choice,medium,28,Welche Vorgehensweise ist im Thema «Schutz» richtig?,Teile stapeln; Bruch riskieren,Schmutz einbauen; Optik mindern,Witterung ignorieren; Schaden erhöhen,Kanten schützen; Lagerung sichern,D,"Fertigteile sind vor Beschädigung, Verschmutzung und Witterung zu schützen.","Bildungsplan Verkehrswegbau EFZ, Infra Suisse/SBFI",https://infra-suisse.ch/wp-content/uploads/2016/09/bildungsplan-2014_verkehrswegbau_efz_infra.pdf
strassenbau,Strassenbauer/in EFZ,stb_hk2,Baustelle einrichten und Bauwerke erstellen,90,Fertigteile und Montage,single_choice,hard,29,Welche Handlung zeigt ein gutes Verständnis von «Montagekontrolle»?,Sitz prüfen; Abweichung korrigieren,Nur grob schauen; Fehler übersehen,Fixieren vergessen; Stabilität mindern,Mangel belassen; Folgefehler fördern,A,"Montierte Teile müssen auf Lage, Höhe, Sitz und Schäden geprüft werden.","Bildungsplan Verkehrswegbau EFZ, Infra Suisse/SBFI",https://infra-suisse.ch/wp-content/uploads/2016/09/bildungsplan-2014_verkehrswegbau_efz_infra.pdf
strassenbau,Strassenbauer/in EFZ,stb_hk2,Baustelle einrichten und Bauwerke erstellen,90,Fertigteile und Montage,single_choice,medium,30,Welche Entscheidung ist bei «Teamarbeit» sinnvoll?,Alle ziehen gleichzeitig; Kontrolle verlieren,Zeichen vereinbaren; Bereich freihalten,Funkkontakt meiden; Reaktion verzögern,Durcheinander rufen; Missverständnis fördern,B,Montagearbeiten brauchen klare Kommunikation und gesicherte Arbeitsbereiche.,"Bildungsplan Verkehrswegbau EFZ, Infra Suisse/SBFI",https://infra-suisse.ch/wp-content/uploads/2016/09/bildungsplan-2014_verkehrswegbau_efz_infra.pdf
strassenbau,Strassenbauer/in EFZ,stb_hk2,Baustelle einrichten und Bauwerke erstellen,100,Baustelle abräumen,single_choice,easy,1,Welche Aussage passt am besten zu «Materialrückgabe»?,"Material sortieren; Transport sichern, im konkreten Fall, anhand klarer Kriterien, mit Blick auf die Folgen, bei Bedarf im Team, im konkreten Fall","Alles mischen; Verlust erhöhen, anhand klarer Kriterien, mit Blick auf die Folgen, bei Bedarf im Team, im konkreten Fall, anhand klarer Kriterien","Defekte verschweigen; Kosten erzeugen, mit Blick auf die Folgen, bei Bedarf im Team, im konkreten Fall, anhand klarer Kriterien, mit Blick auf die Folgen","Lose laden; Gefahr erhöhen, bei Bedarf im Team, im konkreten Fall, anhand klarer Kriterien, mit Blick auf die Folgen, bei Bedarf im Team",A,"Material wird geordnet, transporttauglich und vollständig zurückgeführt.","Bildungsplan Verkehrswegbau EFZ, Infra Suisse/SBFI",https://infra-suisse.ch/wp-content/uploads/2016/09/bildungsplan-2014_verkehrswegbau_efz_infra.pdf
strassenbau,Strassenbauer/in EFZ,stb_hk2,Baustelle einrichten und Bauwerke erstellen,100,Baustelle abräumen,single_choice,medium,2,Was ist bei «Signalisation entfernen» fachlich am wichtigsten?,Zuerst alles räumen; Verkehr gefährden,Gefahrende prüfen; Reihenfolge beachten,Warnung früh entfernen; Schutz verlieren,Schilder liegen lassen; Dritte verwirren,B,Signalisation bleibt bis zum Ende der Gefährdung wirksam.,"Bildungsplan Verkehrswegbau EFZ, Infra Suisse/SBFI",https://infra-suisse.ch/wp-content/uploads/2016/09/bildungsplan-2014_verkehrswegbau_efz_infra.pdf
strassenbau,Strassenbauer/in EFZ,stb_hk2,Baustelle einrichten und Bauwerke erstellen,100,Baustelle abräumen,single_choice,medium,3,Welche Vorgehensweise ist im Thema «Reinigung» richtig?,"Resten liegen lassen; Rutschgefahr schaffen, mit Blick auf die Folgen, bei Bedarf im Team, im konkreten Fall, anhand klarer Kriterien, mit Blick auf die Folgen","Splitt verteilen; Anwohner stören, bei Bedarf im Team, im konkreten Fall, anhand klarer Kriterien, mit Blick auf die Folgen, bei Bedarf im Team","Fläche säubern; Abfluss freilegen, im konkreten Fall, anhand klarer Kriterien, mit Blick auf die Folgen, bei Bedarf im Team, im konkreten Fall","Schlamm belassen; Entwässerung hindern, anhand klarer Kriterien, mit Blick auf die Folgen, bei Bedarf im Team, im konkreten Fall, anhand klarer Kriterien",C,Eine saubere Rückgabe reduziert Gefahren und Reklamationen.,"Bildungsplan Verkehrswegbau EFZ, Infra Suisse/SBFI",https://infra-suisse.ch/wp-content/uploads/2016/09/bildungsplan-2014_verkehrswegbau_efz_infra.pdf
strassenbau,Strassenbauer/in EFZ,stb_hk2,Baustelle einrichten und Bauwerke erstellen,100,Baustelle abräumen,single_choice,hard,4,Welche Handlung zeigt ein gutes Verständnis von «Kontrolle»?,Schnell wegfahren; Fehler übersehen,Checkliste meiden; Nacharbeit riskieren,Zustand raten; Abnahme erschweren,Vollständigkeit prüfen; Mängel melden,D,"Vor Abgabe wird geprüft, ob Zustand und Vorgaben erfüllt sind.","Bildungsplan Verkehrswegbau EFZ, Infra Suisse/SBFI",https://infra-suisse.ch/wp-content/uploads/2016/09/bildungsplan-2014_verkehrswegbau_efz_infra.pdf
strassenbau,Strassenbauer/in EFZ,stb_hk2,Baustelle einrichten und Bauwerke erstellen,100,Baustelle abräumen,single_choice,medium,5,Welche Entscheidung ist bei «Abfall» sinnvoll?,Richtig entsorgen; Nachweis sichern,Mulden mischen; Verwertung verhindern,Sonderabfall verstecken; Risiko erhöhen,Abfall vergraben; Umwelt schädigen,A,Abfälle müssen getrennt und vorschriftsgemäss entsorgt werden.,"Bildungsplan Verkehrswegbau EFZ, Infra Suisse/SBFI",https://infra-suisse.ch/wp-content/uploads/2016/09/bildungsplan-2014_verkehrswegbau_efz_infra.pdf
strassenbau,Strassenbauer/in EFZ,stb_hk2,Baustelle einrichten und Bauwerke erstellen,100,Baustelle abräumen,single_choice,easy,6,Welche Aussage passt am besten zu «Dokumentation»?,Fotos löschen; Zustand verschweigen,Rückgabe festhalten; Offenes notieren,Mängel ignorieren; Streit riskieren,Nichts dokumentieren; Nachweis verlieren,B,Die Rückgabe sollte nachvollziehbar dokumentiert werden.,"Bildungsplan Verkehrswegbau EFZ, Infra Suisse/SBFI",https://infra-suisse.ch/wp-content/uploads/2016/09/bildungsplan-2014_verkehrswegbau_efz_infra.pdf
strassenbau,Strassenbauer/in EFZ,stb_hk2,Baustelle einrichten und Bauwerke erstellen,100,Baustelle abräumen,single_choice,medium,7,Was ist bei «Materialrückgabe» fachlich am wichtigsten?,"Defekte verschweigen; Kosten erzeugen, mit Blick auf die Folgen, bei Bedarf im Team, im konkreten Fall, anhand klarer Kriterien, mit Blick auf die Folgen","Lose laden; Gefahr erhöhen, bei Bedarf im Team, im konkreten Fall, anhand klarer Kriterien, mit Blick auf die Folgen, bei Bedarf im Team","Material sortieren; Transport sichern, im konkreten Fall, anhand klarer Kriterien, mit Blick auf die Folgen, bei Bedarf im Team, im konkreten Fall","Alles mischen; Verlust erhöhen, anhand klarer Kriterien, mit Blick auf die Folgen, bei Bedarf im Team, im konkreten Fall, anhand klarer Kriterien",C,"Material wird geordnet, transporttauglich und vollständig zurückgeführt.","Bildungsplan Verkehrswegbau EFZ, Infra Suisse/SBFI",https://infra-suisse.ch/wp-content/uploads/2016/09/bildungsplan-2014_verkehrswegbau_efz_infra.pdf
strassenbau,Strassenbauer/in EFZ,stb_hk2,Baustelle einrichten und Bauwerke erstellen,100,Baustelle abräumen,single_choice,medium,8,Welche Vorgehensweise ist im Thema «Signalisation entfernen» richtig?,Warnung früh entfernen; Schutz verlieren,Schilder liegen lassen; Dritte verwirren,Zuerst alles räumen; Verkehr gefährden,Gefahrende prüfen; Reihenfolge beachten,D,Signalisation bleibt bis zum Ende der Gefährdung wirksam.,"Bildungsplan Verkehrswegbau EFZ, Infra Suisse/SBFI",https://infra-suisse.ch/wp-content/uploads/2016/09/bildungsplan-2014_verkehrswegbau_efz_infra.pdf
strassenbau,Strassenbauer/in EFZ,stb_hk2,Baustelle einrichten und Bauwerke erstellen,100,Baustelle abräumen,single_choice,hard,9,Welche Handlung zeigt ein gutes Verständnis von «Reinigung»?,"Fläche säubern; Abfluss freilegen, im konkreten Fall, anhand klarer Kriterien, mit Blick auf die Folgen, bei Bedarf im Team, im konkreten Fall","Schlamm belassen; Entwässerung hindern, anhand klarer Kriterien, mit Blick auf die Folgen, bei Bedarf im Team, im konkreten Fall, anhand klarer Kriterien","Resten liegen lassen; Rutschgefahr schaffen, mit Blick auf die Folgen, bei Bedarf im Team, im konkreten Fall, anhand klarer Kriterien, mit Blick auf die Folgen","Splitt verteilen; Anwohner stören, bei Bedarf im Team, im konkreten Fall, anhand klarer Kriterien, mit Blick auf die Folgen, bei Bedarf im Team",A,Eine saubere Rückgabe reduziert Gefahren und Reklamationen.,"Bildungsplan Verkehrswegbau EFZ, Infra Suisse/SBFI",https://infra-suisse.ch/wp-content/uploads/2016/09/bildungsplan-2014_verkehrswegbau_efz_infra.pdf
strassenbau,Strassenbauer/in EFZ,stb_hk2,Baustelle einrichten und Bauwerke erstellen,100,Baustelle abräumen,single_choice,medium,10,Welche Entscheidung ist bei «Kontrolle» sinnvoll?,Zustand raten; Abnahme erschweren,Vollständigkeit prüfen; Mängel melden,Schnell wegfahren; Fehler übersehen,Checkliste meiden; Nacharbeit riskieren,B,"Vor Abgabe wird geprüft, ob Zustand und Vorgaben erfüllt sind.","Bildungsplan Verkehrswegbau EFZ, Infra Suisse/SBFI",https://infra-suisse.ch/wp-content/uploads/2016/09/bildungsplan-2014_verkehrswegbau_efz_infra.pdf
strassenbau,Strassenbauer/in EFZ,stb_hk2,Baustelle einrichten und Bauwerke erstellen,100,Baustelle abräumen,single_choice,easy,11,Welche Aussage passt am besten zu «Abfall»?,Sonderabfall verstecken; Risiko erhöhen,Abfall vergraben; Umwelt schädigen,Richtig entsorgen; Nachweis sichern,Mulden mischen; Verwertung verhindern,C,Abfälle müssen getrennt und vorschriftsgemäss entsorgt werden.,"Bildungsplan Verkehrswegbau EFZ, Infra Suisse/SBFI",https://infra-suisse.ch/wp-content/uploads/2016/09/bildungsplan-2014_verkehrswegbau_efz_infra.pdf
strassenbau,Strassenbauer/in EFZ,stb_hk2,Baustelle einrichten und Bauwerke erstellen,100,Baustelle abräumen,single_choice,medium,12,Was ist bei «Dokumentation» fachlich am wichtigsten?,Mängel ignorieren; Streit riskieren,Nichts dokumentieren; Nachweis verlieren,Fotos löschen; Zustand verschweigen,Rückgabe festhalten; Offenes notieren,D,Die Rückgabe sollte nachvollziehbar dokumentiert werden.,"Bildungsplan Verkehrswegbau EFZ, Infra Suisse/SBFI",https://infra-suisse.ch/wp-content/uploads/2016/09/bildungsplan-2014_verkehrswegbau_efz_infra.pdf
strassenbau,Strassenbauer/in EFZ,stb_hk2,Baustelle einrichten und Bauwerke erstellen,100,Baustelle abräumen,single_choice,medium,13,Welche Vorgehensweise ist im Thema «Materialrückgabe» richtig?,"Material sortieren; Transport sichern, im konkreten Fall, anhand klarer Kriterien, mit Blick auf die Folgen, bei Bedarf im Team, im konkreten Fall","Alles mischen; Verlust erhöhen, anhand klarer Kriterien, mit Blick auf die Folgen, bei Bedarf im Team, im konkreten Fall, anhand klarer Kriterien","Defekte verschweigen; Kosten erzeugen, mit Blick auf die Folgen, bei Bedarf im Team, im konkreten Fall, anhand klarer Kriterien, mit Blick auf die Folgen","Lose laden; Gefahr erhöhen, bei Bedarf im Team, im konkreten Fall, anhand klarer Kriterien, mit Blick auf die Folgen, bei Bedarf im Team",A,"Material wird geordnet, transporttauglich und vollständig zurückgeführt.","Bildungsplan Verkehrswegbau EFZ, Infra Suisse/SBFI",https://infra-suisse.ch/wp-content/uploads/2016/09/bildungsplan-2014_verkehrswegbau_efz_infra.pdf
strassenbau,Strassenbauer/in EFZ,stb_hk2,Baustelle einrichten und Bauwerke erstellen,100,Baustelle abräumen,single_choice,hard,14,Welche Handlung zeigt ein gutes Verständnis von «Signalisation entfernen»?,Zuerst alles räumen; Verkehr gefährden,Gefahrende prüfen; Reihenfolge beachten,Warnung früh entfernen; Schutz verlieren,Schilder liegen lassen; Dritte verwirren,B,Signalisation bleibt bis zum Ende der Gefährdung wirksam.,"Bildungsplan Verkehrswegbau EFZ, Infra Suisse/SBFI",https://infra-suisse.ch/wp-content/uploads/2016/09/bildungsplan-2014_verkehrswegbau_efz_infra.pdf
strassenbau,Strassenbauer/in EFZ,stb_hk2,Baustelle einrichten und Bauwerke erstellen,100,Baustelle abräumen,single_choice,medium,15,Welche Entscheidung ist bei «Reinigung» sinnvoll?,"Resten liegen lassen; Rutschgefahr schaffen, mit Blick auf die Folgen, bei Bedarf im Team, im konkreten Fall, anhand klarer Kriterien, mit Blick auf die Folgen","Splitt verteilen; Anwohner stören, bei Bedarf im Team, im konkreten Fall, anhand klarer Kriterien, mit Blick auf die Folgen, bei Bedarf im Team","Fläche säubern; Abfluss freilegen, im konkreten Fall, anhand klarer Kriterien, mit Blick auf die Folgen, bei Bedarf im Team, im konkreten Fall","Schlamm belassen; Entwässerung hindern, anhand klarer Kriterien, mit Blick auf die Folgen, bei Bedarf im Team, im konkreten Fall, anhand klarer Kriterien",C,Eine saubere Rückgabe reduziert Gefahren und Reklamationen.,"Bildungsplan Verkehrswegbau EFZ, Infra Suisse/SBFI",https://infra-suisse.ch/wp-content/uploads/2016/09/bildungsplan-2014_verkehrswegbau_efz_infra.pdf
strassenbau,Strassenbauer/in EFZ,stb_hk2,Baustelle einrichten und Bauwerke erstellen,100,Baustelle abräumen,single_choice,easy,16,Welche Aussage passt am besten zu «Kontrolle»?,Schnell wegfahren; Fehler übersehen,Checkliste meiden; Nacharbeit riskieren,Zustand raten; Abnahme erschweren,Vollständigkeit prüfen; Mängel melden,D,"Vor Abgabe wird geprüft, ob Zustand und Vorgaben erfüllt sind.","Bildungsplan Verkehrswegbau EFZ, Infra Suisse/SBFI",https://infra-suisse.ch/wp-content/uploads/2016/09/bildungsplan-2014_verkehrswegbau_efz_infra.pdf
strassenbau,Strassenbauer/in EFZ,stb_hk2,Baustelle einrichten und Bauwerke erstellen,100,Baustelle abräumen,single_choice,medium,17,Was ist bei «Abfall» fachlich am wichtigsten?,Richtig entsorgen; Nachweis sichern,Mulden mischen; Verwertung verhindern,Sonderabfall verstecken; Risiko erhöhen,Abfall vergraben; Umwelt schädigen,A,Abfälle müssen getrennt und vorschriftsgemäss entsorgt werden.,"Bildungsplan Verkehrswegbau EFZ, Infra Suisse/SBFI",https://infra-suisse.ch/wp-content/uploads/2016/09/bildungsplan-2014_verkehrswegbau_efz_infra.pdf
strassenbau,Strassenbauer/in EFZ,stb_hk2,Baustelle einrichten und Bauwerke erstellen,100,Baustelle abräumen,single_choice,medium,18,Welche Vorgehensweise ist im Thema «Dokumentation» richtig?,Fotos löschen; Zustand verschweigen,Rückgabe festhalten; Offenes notieren,Mängel ignorieren; Streit riskieren,Nichts dokumentieren; Nachweis verlieren,B,Die Rückgabe sollte nachvollziehbar dokumentiert werden.,"Bildungsplan Verkehrswegbau EFZ, Infra Suisse/SBFI",https://infra-suisse.ch/wp-content/uploads/2016/09/bildungsplan-2014_verkehrswegbau_efz_infra.pdf
strassenbau,Strassenbauer/in EFZ,stb_hk2,Baustelle einrichten und Bauwerke erstellen,100,Baustelle abräumen,single_choice,hard,19,Welche Handlung zeigt ein gutes Verständnis von «Materialrückgabe»?,"Defekte verschweigen; Kosten erzeugen, mit Blick auf die Folgen, bei Bedarf im Team, im konkreten Fall, anhand klarer Kriterien, mit Blick auf die Folgen","Lose laden; Gefahr erhöhen, bei Bedarf im Team, im konkreten Fall, anhand klarer Kriterien, mit Blick auf die Folgen, bei Bedarf im Team","Material sortieren; Transport sichern, im konkreten Fall, anhand klarer Kriterien, mit Blick auf die Folgen, bei Bedarf im Team, im konkreten Fall","Alles mischen; Verlust erhöhen, anhand klarer Kriterien, mit Blick auf die Folgen, bei Bedarf im Team, im konkreten Fall, anhand klarer Kriterien",C,"Material wird geordnet, transporttauglich und vollständig zurückgeführt.","Bildungsplan Verkehrswegbau EFZ, Infra Suisse/SBFI",https://infra-suisse.ch/wp-content/uploads/2016/09/bildungsplan-2014_verkehrswegbau_efz_infra.pdf
strassenbau,Strassenbauer/in EFZ,stb_hk2,Baustelle einrichten und Bauwerke erstellen,100,Baustelle abräumen,single_choice,medium,20,Welche Entscheidung ist bei «Signalisation entfernen» sinnvoll?,Warnung früh entfernen; Schutz verlieren,Schilder liegen lassen; Dritte verwirren,Zuerst alles räumen; Verkehr gefährden,Gefahrende prüfen; Reihenfolge beachten,D,Signalisation bleibt bis zum Ende der Gefährdung wirksam.,"Bildungsplan Verkehrswegbau EFZ, Infra Suisse/SBFI",https://infra-suisse.ch/wp-content/uploads/2016/09/bildungsplan-2014_verkehrswegbau_efz_infra.pdf
strassenbau,Strassenbauer/in EFZ,stb_hk2,Baustelle einrichten und Bauwerke erstellen,100,Baustelle abräumen,single_choice,easy,21,Welche Aussage passt am besten zu «Reinigung»?,"Fläche säubern; Abfluss freilegen, im konkreten Fall, anhand klarer Kriterien, mit Blick auf die Folgen, bei Bedarf im Team, im konkreten Fall","Schlamm belassen; Entwässerung hindern, anhand klarer Kriterien, mit Blick auf die Folgen, bei Bedarf im Team, im konkreten Fall, anhand klarer Kriterien","Resten liegen lassen; Rutschgefahr schaffen, mit Blick auf die Folgen, bei Bedarf im Team, im konkreten Fall, anhand klarer Kriterien, mit Blick auf die Folgen","Splitt verteilen; Anwohner stören, bei Bedarf im Team, im konkreten Fall, anhand klarer Kriterien, mit Blick auf die Folgen, bei Bedarf im Team",A,Eine saubere Rückgabe reduziert Gefahren und Reklamationen.,"Bildungsplan Verkehrswegbau EFZ, Infra Suisse/SBFI",https://infra-suisse.ch/wp-content/uploads/2016/09/bildungsplan-2014_verkehrswegbau_efz_infra.pdf
strassenbau,Strassenbauer/in EFZ,stb_hk2,Baustelle einrichten und Bauwerke erstellen,100,Baustelle abräumen,single_choice,medium,22,Was ist bei «Kontrolle» fachlich am wichtigsten?,Zustand raten; Abnahme erschweren,Vollständigkeit prüfen; Mängel melden,Schnell wegfahren; Fehler übersehen,Checkliste meiden; Nacharbeit riskieren,B,"Vor Abgabe wird geprüft, ob Zustand und Vorgaben erfüllt sind.","Bildungsplan Verkehrswegbau EFZ, Infra Suisse/SBFI",https://infra-suisse.ch/wp-content/uploads/2016/09/bildungsplan-2014_verkehrswegbau_efz_infra.pdf
strassenbau,Strassenbauer/in EFZ,stb_hk2,Baustelle einrichten und Bauwerke erstellen,100,Baustelle abräumen,single_choice,medium,23,Welche Vorgehensweise ist im Thema «Abfall» richtig?,Sonderabfall verstecken; Risiko erhöhen,Abfall vergraben; Umwelt schädigen,Richtig entsorgen; Nachweis sichern,Mulden mischen; Verwertung verhindern,C,Abfälle müssen getrennt und vorschriftsgemäss entsorgt werden.,"Bildungsplan Verkehrswegbau EFZ, Infra Suisse/SBFI",https://infra-suisse.ch/wp-content/uploads/2016/09/bildungsplan-2014_verkehrswegbau_efz_infra.pdf
strassenbau,Strassenbauer/in EFZ,stb_hk2,Baustelle einrichten und Bauwerke erstellen,100,Baustelle abräumen,single_choice,hard,24,Welche Handlung zeigt ein gutes Verständnis von «Dokumentation»?,Mängel ignorieren; Streit riskieren,Nichts dokumentieren; Nachweis verlieren,Fotos löschen; Zustand verschweigen,Rückgabe festhalten; Offenes notieren,D,Die Rückgabe sollte nachvollziehbar dokumentiert werden.,"Bildungsplan Verkehrswegbau EFZ, Infra Suisse/SBFI",https://infra-suisse.ch/wp-content/uploads/2016/09/bildungsplan-2014_verkehrswegbau_efz_infra.pdf
strassenbau,Strassenbauer/in EFZ,stb_hk2,Baustelle einrichten und Bauwerke erstellen,100,Baustelle abräumen,single_choice,medium,25,Welche Entscheidung ist bei «Materialrückgabe» sinnvoll?,"Material sortieren; Transport sichern, im konkreten Fall, anhand klarer Kriterien, mit Blick auf die Folgen, bei Bedarf im Team, im konkreten Fall","Alles mischen; Verlust erhöhen, anhand klarer Kriterien, mit Blick auf die Folgen, bei Bedarf im Team, im konkreten Fall, anhand klarer Kriterien","Defekte verschweigen; Kosten erzeugen, mit Blick auf die Folgen, bei Bedarf im Team, im konkreten Fall, anhand klarer Kriterien, mit Blick auf die Folgen","Lose laden; Gefahr erhöhen, bei Bedarf im Team, im konkreten Fall, anhand klarer Kriterien, mit Blick auf die Folgen, bei Bedarf im Team",A,"Material wird geordnet, transporttauglich und vollständig zurückgeführt.","Bildungsplan Verkehrswegbau EFZ, Infra Suisse/SBFI",https://infra-suisse.ch/wp-content/uploads/2016/09/bildungsplan-2014_verkehrswegbau_efz_infra.pdf
strassenbau,Strassenbauer/in EFZ,stb_hk2,Baustelle einrichten und Bauwerke erstellen,100,Baustelle abräumen,single_choice,easy,26,Welche Aussage passt am besten zu «Signalisation entfernen»?,Zuerst alles räumen; Verkehr gefährden,Gefahrende prüfen; Reihenfolge beachten,Warnung früh entfernen; Schutz verlieren,Schilder liegen lassen; Dritte verwirren,B,Signalisation bleibt bis zum Ende der Gefährdung wirksam.,"Bildungsplan Verkehrswegbau EFZ, Infra Suisse/SBFI",https://infra-suisse.ch/wp-content/uploads/2016/09/bildungsplan-2014_verkehrswegbau_efz_infra.pdf
strassenbau,Strassenbauer/in EFZ,stb_hk2,Baustelle einrichten und Bauwerke erstellen,100,Baustelle abräumen,single_choice,medium,27,Was ist bei «Reinigung» fachlich am wichtigsten?,"Resten liegen lassen; Rutschgefahr schaffen, mit Blick auf die Folgen, bei Bedarf im Team, im konkreten Fall, anhand klarer Kriterien, mit Blick auf die Folgen","Splitt verteilen; Anwohner stören, bei Bedarf im Team, im konkreten Fall, anhand klarer Kriterien, mit Blick auf die Folgen, bei Bedarf im Team","Fläche säubern; Abfluss freilegen, im konkreten Fall, anhand klarer Kriterien, mit Blick auf die Folgen, bei Bedarf im Team, im konkreten Fall","Schlamm belassen; Entwässerung hindern, anhand klarer Kriterien, mit Blick auf die Folgen, bei Bedarf im Team, im konkreten Fall, anhand klarer Kriterien",C,Eine saubere Rückgabe reduziert Gefahren und Reklamationen.,"Bildungsplan Verkehrswegbau EFZ, Infra Suisse/SBFI",https://infra-suisse.ch/wp-content/uploads/2016/09/bildungsplan-2014_verkehrswegbau_efz_infra.pdf
strassenbau,Strassenbauer/in EFZ,stb_hk2,Baustelle einrichten und Bauwerke erstellen,100,Baustelle abräumen,single_choice,medium,28,Welche Vorgehensweise ist im Thema «Kontrolle» richtig?,Schnell wegfahren; Fehler übersehen,Checkliste meiden; Nacharbeit riskieren,Zustand raten; Abnahme erschweren,Vollständigkeit prüfen; Mängel melden,D,"Vor Abgabe wird geprüft, ob Zustand und Vorgaben erfüllt sind.","Bildungsplan Verkehrswegbau EFZ, Infra Suisse/SBFI",https://infra-suisse.ch/wp-content/uploads/2016/09/bildungsplan-2014_verkehrswegbau_efz_infra.pdf
strassenbau,Strassenbauer/in EFZ,stb_hk2,Baustelle einrichten und Bauwerke erstellen,100,Baustelle abräumen,single_choice,hard,29,Welche Handlung zeigt ein gutes Verständnis von «Abfall»?,Richtig entsorgen; Nachweis sichern,Mulden mischen; Verwertung verhindern,Sonderabfall verstecken; Risiko erhöhen,Abfall vergraben; Umwelt schädigen,A,Abfälle müssen getrennt und vorschriftsgemäss entsorgt werden.,"Bildungsplan Verkehrswegbau EFZ, Infra Suisse/SBFI",https://infra-suisse.ch/wp-content/uploads/2016/09/bildungsplan-2014_verkehrswegbau_efz_infra.pdf
strassenbau,Strassenbauer/in EFZ,stb_hk2,Baustelle einrichten und Bauwerke erstellen,100,Baustelle abräumen,single_choice,medium,30,Welche Entscheidung ist bei «Dokumentation» sinnvoll?,Fotos löschen; Zustand verschweigen,Rückgabe festhalten; Offenes notieren,Mängel ignorieren; Streit riskieren,Nichts dokumentieren; Nachweis verlieren,B,Die Rückgabe sollte nachvollziehbar dokumentiert werden.,"Bildungsplan Verkehrswegbau EFZ, Infra Suisse/SBFI",https://infra-suisse.ch/wp-content/uploads/2016/09/bildungsplan-2014_verkehrswegbau_efz_infra.pdf
strassenbau,Strassenbauer/in EFZ,stb_hk7,Verkehrswege erstellen und sanieren,110,Erdbau und Planum,single_choice,easy,1,Welche Aussage passt am besten zu «Humusabtrag»?,"Humus getrennt lagern; Vermischung vermeiden, im konkreten Fall","Humus einbauen; Tragfähigkeit senken, anhand klarer Kriterien","Material mischen; Verwertung stören, mit Blick auf die Folgen","Schicht raten; Boden verlieren, bei Bedarf im Team, im konkreten Fall",A,Humus wird getrennt abgetragen und nicht als tragende Schicht verwendet.,"Bildungsplan Verkehrswegbau EFZ, Infra Suisse/SBFI",https://infra-suisse.ch/wp-content/uploads/2016/09/bildungsplan-2014_verkehrswegbau_efz_infra.pdf
strassenbau,Strassenbauer/in EFZ,stb_hk7,Verkehrswege erstellen und sanieren,110,Erdbau und Planum,single_choice,medium,2,Was ist bei «Aushub» fachlich am wichtigsten?,"Böschung steiler machen; Einsturz riskieren, anhand klarer Kriterien, mit Blick auf die Folgen","Profil einhalten; Sicherheit beachten, mit Blick auf die Folgen, bei Bedarf im Team, im konkreten Fall","Tiefe schätzen; Plan verfehlen, bei Bedarf im Team, im konkreten Fall, anhand klarer Kriterien","Rand belasten; Graben schwächen, im konkreten Fall, anhand klarer Kriterien, mit Blick auf die Folgen",B,Aushubarbeiten müssen sicher und profilgerecht ausgeführt werden.,"Bildungsplan Verkehrswegbau EFZ, Infra Suisse/SBFI",https://infra-suisse.ch/wp-content/uploads/2016/09/bildungsplan-2014_verkehrswegbau_efz_infra.pdf
strassenbau,Strassenbauer/in EFZ,stb_hk7,Verkehrswege erstellen und sanieren,110,Erdbau und Planum,single_choice,medium,3,Welche Vorgehensweise ist im Thema «Planum» richtig?,"Unebenheit belassen; Schichtdicke stören, mit Blick auf die Folgen, bei Bedarf im Team, im konkreten Fall","Wasser stehen lassen; Frostschaden fördern, bei Bedarf im Team, im konkreten Fall, anhand klarer Kriterien","Höhe prüfen; Ebenheit herstellen, im konkreten Fall, anhand klarer Kriterien, mit Blick auf die Folgen","Weiche Stellen decken; Tragfähigkeit verschleiern, anhand klarer Kriterien, mit Blick auf die Folgen",C,Das Planum ist die genaue Grundlage für den Strassenoberbau.,"Bildungsplan Verkehrswegbau EFZ, Infra Suisse/SBFI",https://infra-suisse.ch/wp-content/uploads/2016/09/bildungsplan-2014_verkehrswegbau_efz_infra.pdf
strassenbau,Strassenbauer/in EFZ,stb_hk7,Verkehrswege erstellen und sanieren,110,Erdbau und Planum,single_choice,hard,4,Welche Handlung zeigt ein gutes Verständnis von «Bodenverdichtung»?,Zu nass verdichten; Wirkung verlieren,Übergänge ignorieren; Schwachstellen lassen,Gerät falsch wählen; Boden schädigen,Tragfähigkeit erhöhen; Setzungen mindern,D,"Verdichtung verbessert Tragfähigkeit, wenn Boden und Gerät passen.","Bildungsplan Verkehrswegbau EFZ, Infra Suisse/SBFI",https://infra-suisse.ch/wp-content/uploads/2016/09/bildungsplan-2014_verkehrswegbau_efz_infra.pdf
strassenbau,Strassenbauer/in EFZ,stb_hk7,Verkehrswege erstellen und sanieren,110,Erdbau und Planum,single_choice,medium,5,Welche Entscheidung ist bei «Wasser» sinnvoll?,"Entwässerung sichern; Aufweichung verhindern, im konkreten Fall, anhand klarer Kriterien, mit Blick auf die Folgen, bei Bedarf im Team, im konkreten Fall","Wasser einbauen; Frost riskieren, anhand klarer Kriterien, mit Blick auf die Folgen, bei Bedarf im Team, im konkreten Fall, anhand klarer Kriterien","Ablauf blockieren; Schaden fördern, mit Blick auf die Folgen, bei Bedarf im Team, im konkreten Fall, anhand klarer Kriterien, mit Blick auf die Folgen","Pfützen belassen; Planum schwächen, bei Bedarf im Team, im konkreten Fall, anhand klarer Kriterien, mit Blick auf die Folgen, bei Bedarf im Team",A,Wasser auf dem Planum gefährdet Tragfähigkeit und Dauerhaftigkeit.,"Bildungsplan Verkehrswegbau EFZ, Infra Suisse/SBFI",https://infra-suisse.ch/wp-content/uploads/2016/09/bildungsplan-2014_verkehrswegbau_efz_infra.pdf
strassenbau,Strassenbauer/in EFZ,stb_hk7,Verkehrswege erstellen und sanieren,110,Erdbau und Planum,single_choice,easy,6,Welche Aussage passt am besten zu «Kontrollprüfung»?,"Messung verschieben; Folgeschicht stören, anhand klarer Kriterien, mit Blick auf die Folgen, bei Bedarf im Team, im konkreten Fall, anhand klarer Kriterien","Sollhöhe vergleichen; Abweichung korrigieren, mit Blick auf die Folgen, bei Bedarf im Team, im konkreten Fall, anhand klarer Kriterien, mit Blick auf die Folgen","Protokoll meiden; Nachweis verlieren, bei Bedarf im Team, im konkreten Fall, anhand klarer Kriterien, mit Blick auf die Folgen, bei Bedarf im Team","Nur Auge nutzen; Fehler übersehen, im konkreten Fall, anhand klarer Kriterien, mit Blick auf die Folgen, bei Bedarf im Team, im konkreten Fall",B,Planum und Aushub werden mit Messmitteln und Sichtkontrolle geprüft.,"Bildungsplan Verkehrswegbau EFZ, Infra Suisse/SBFI",https://infra-suisse.ch/wp-content/uploads/2016/09/bildungsplan-2014_verkehrswegbau_efz_infra.pdf
strassenbau,Strassenbauer/in EFZ,stb_hk7,Verkehrswege erstellen und sanieren,110,Erdbau und Planum,single_choice,medium,7,Was ist bei «Humusabtrag» fachlich am wichtigsten?,"Material mischen; Verwertung stören, mit Blick auf die Folgen","Schicht raten; Boden verlieren, bei Bedarf im Team, im konkreten Fall","Humus getrennt lagern; Vermischung vermeiden, im konkreten Fall","Humus einbauen; Tragfähigkeit senken, anhand klarer Kriterien",C,Humus wird getrennt abgetragen und nicht als tragende Schicht verwendet.,"Bildungsplan Verkehrswegbau EFZ, Infra Suisse/SBFI",https://infra-suisse.ch/wp-content/uploads/2016/09/bildungsplan-2014_verkehrswegbau_efz_infra.pdf
strassenbau,Strassenbauer/in EFZ,stb_hk7,Verkehrswege erstellen und sanieren,110,Erdbau und Planum,single_choice,medium,8,Welche Vorgehensweise ist im Thema «Aushub» richtig?,"Tiefe schätzen; Plan verfehlen, bei Bedarf im Team, im konkreten Fall, anhand klarer Kriterien","Rand belasten; Graben schwächen, im konkreten Fall, anhand klarer Kriterien, mit Blick auf die Folgen","Böschung steiler machen; Einsturz riskieren, anhand klarer Kriterien, mit Blick auf die Folgen","Profil einhalten; Sicherheit beachten, mit Blick auf die Folgen, bei Bedarf im Team, im konkreten Fall",D,Aushubarbeiten müssen sicher und profilgerecht ausgeführt werden.,"Bildungsplan Verkehrswegbau EFZ, Infra Suisse/SBFI",https://infra-suisse.ch/wp-content/uploads/2016/09/bildungsplan-2014_verkehrswegbau_efz_infra.pdf
strassenbau,Strassenbauer/in EFZ,stb_hk7,Verkehrswege erstellen und sanieren,110,Erdbau und Planum,single_choice,hard,9,Welche Handlung zeigt ein gutes Verständnis von «Planum»?,"Höhe prüfen; Ebenheit herstellen, im konkreten Fall, anhand klarer Kriterien, mit Blick auf die Folgen","Weiche Stellen decken; Tragfähigkeit verschleiern, anhand klarer Kriterien, mit Blick auf die Folgen","Unebenheit belassen; Schichtdicke stören, mit Blick auf die Folgen, bei Bedarf im Team, im konkreten Fall","Wasser stehen lassen; Frostschaden fördern, bei Bedarf im Team, im konkreten Fall, anhand klarer Kriterien",A,Das Planum ist die genaue Grundlage für den Strassenoberbau.,"Bildungsplan Verkehrswegbau EFZ, Infra Suisse/SBFI",https://infra-suisse.ch/wp-content/uploads/2016/09/bildungsplan-2014_verkehrswegbau_efz_infra.pdf
strassenbau,Strassenbauer/in EFZ,stb_hk7,Verkehrswege erstellen und sanieren,110,Erdbau und Planum,single_choice,medium,10,Welche Entscheidung ist bei «Bodenverdichtung» sinnvoll?,Gerät falsch wählen; Boden schädigen,Tragfähigkeit erhöhen; Setzungen mindern,Zu nass verdichten; Wirkung verlieren,Übergänge ignorieren; Schwachstellen lassen,B,"Verdichtung verbessert Tragfähigkeit, wenn Boden und Gerät passen.","Bildungsplan Verkehrswegbau EFZ, Infra Suisse/SBFI",https://infra-suisse.ch/wp-content/uploads/2016/09/bildungsplan-2014_verkehrswegbau_efz_infra.pdf
strassenbau,Strassenbauer/in EFZ,stb_hk7,Verkehrswege erstellen und sanieren,110,Erdbau und Planum,single_choice,easy,11,Welche Aussage passt am besten zu «Wasser»?,"Ablauf blockieren; Schaden fördern, mit Blick auf die Folgen, bei Bedarf im Team, im konkreten Fall, anhand klarer Kriterien, mit Blick auf die Folgen","Pfützen belassen; Planum schwächen, bei Bedarf im Team, im konkreten Fall, anhand klarer Kriterien, mit Blick auf die Folgen, bei Bedarf im Team","Entwässerung sichern; Aufweichung verhindern, im konkreten Fall, anhand klarer Kriterien, mit Blick auf die Folgen, bei Bedarf im Team, im konkreten Fall","Wasser einbauen; Frost riskieren, anhand klarer Kriterien, mit Blick auf die Folgen, bei Bedarf im Team, im konkreten Fall, anhand klarer Kriterien",C,Wasser auf dem Planum gefährdet Tragfähigkeit und Dauerhaftigkeit.,"Bildungsplan Verkehrswegbau EFZ, Infra Suisse/SBFI",https://infra-suisse.ch/wp-content/uploads/2016/09/bildungsplan-2014_verkehrswegbau_efz_infra.pdf
strassenbau,Strassenbauer/in EFZ,stb_hk7,Verkehrswege erstellen und sanieren,110,Erdbau und Planum,single_choice,medium,12,Was ist bei «Kontrollprüfung» fachlich am wichtigsten?,"Protokoll meiden; Nachweis verlieren, bei Bedarf im Team, im konkreten Fall, anhand klarer Kriterien, mit Blick auf die Folgen, bei Bedarf im Team","Nur Auge nutzen; Fehler übersehen, im konkreten Fall, anhand klarer Kriterien, mit Blick auf die Folgen, bei Bedarf im Team, im konkreten Fall","Messung verschieben; Folgeschicht stören, anhand klarer Kriterien, mit Blick auf die Folgen, bei Bedarf im Team, im konkreten Fall, anhand klarer Kriterien","Sollhöhe vergleichen; Abweichung korrigieren, mit Blick auf die Folgen, bei Bedarf im Team, im konkreten Fall, anhand klarer Kriterien, mit Blick auf die Folgen",D,Planum und Aushub werden mit Messmitteln und Sichtkontrolle geprüft.,"Bildungsplan Verkehrswegbau EFZ, Infra Suisse/SBFI",https://infra-suisse.ch/wp-content/uploads/2016/09/bildungsplan-2014_verkehrswegbau_efz_infra.pdf
strassenbau,Strassenbauer/in EFZ,stb_hk7,Verkehrswege erstellen und sanieren,110,Erdbau und Planum,single_choice,medium,13,Welche Vorgehensweise ist im Thema «Humusabtrag» richtig?,"Humus getrennt lagern; Vermischung vermeiden, im konkreten Fall","Humus einbauen; Tragfähigkeit senken, anhand klarer Kriterien","Material mischen; Verwertung stören, mit Blick auf die Folgen","Schicht raten; Boden verlieren, bei Bedarf im Team, im konkreten Fall",A,Humus wird getrennt abgetragen und nicht als tragende Schicht verwendet.,"Bildungsplan Verkehrswegbau EFZ, Infra Suisse/SBFI",https://infra-suisse.ch/wp-content/uploads/2016/09/bildungsplan-2014_verkehrswegbau_efz_infra.pdf
strassenbau,Strassenbauer/in EFZ,stb_hk7,Verkehrswege erstellen und sanieren,110,Erdbau und Planum,single_choice,hard,14,Welche Handlung zeigt ein gutes Verständnis von «Aushub»?,"Böschung steiler machen; Einsturz riskieren, anhand klarer Kriterien, mit Blick auf die Folgen","Profil einhalten; Sicherheit beachten, mit Blick auf die Folgen, bei Bedarf im Team, im konkreten Fall","Tiefe schätzen; Plan verfehlen, bei Bedarf im Team, im konkreten Fall, anhand klarer Kriterien","Rand belasten; Graben schwächen, im konkreten Fall, anhand klarer Kriterien, mit Blick auf die Folgen",B,Aushubarbeiten müssen sicher und profilgerecht ausgeführt werden.,"Bildungsplan Verkehrswegbau EFZ, Infra Suisse/SBFI",https://infra-suisse.ch/wp-content/uploads/2016/09/bildungsplan-2014_verkehrswegbau_efz_infra.pdf
strassenbau,Strassenbauer/in EFZ,stb_hk7,Verkehrswege erstellen und sanieren,110,Erdbau und Planum,single_choice,medium,15,Welche Entscheidung ist bei «Planum» sinnvoll?,"Unebenheit belassen; Schichtdicke stören, mit Blick auf die Folgen, bei Bedarf im Team, im konkreten Fall","Wasser stehen lassen; Frostschaden fördern, bei Bedarf im Team, im konkreten Fall, anhand klarer Kriterien","Höhe prüfen; Ebenheit herstellen, im konkreten Fall, anhand klarer Kriterien, mit Blick auf die Folgen","Weiche Stellen decken; Tragfähigkeit verschleiern, anhand klarer Kriterien, mit Blick auf die Folgen",C,Das Planum ist die genaue Grundlage für den Strassenoberbau.,"Bildungsplan Verkehrswegbau EFZ, Infra Suisse/SBFI",https://infra-suisse.ch/wp-content/uploads/2016/09/bildungsplan-2014_verkehrswegbau_efz_infra.pdf
strassenbau,Strassenbauer/in EFZ,stb_hk7,Verkehrswege erstellen und sanieren,110,Erdbau und Planum,single_choice,easy,16,Welche Aussage passt am besten zu «Bodenverdichtung»?,Zu nass verdichten; Wirkung verlieren,Übergänge ignorieren; Schwachstellen lassen,Gerät falsch wählen; Boden schädigen,Tragfähigkeit erhöhen; Setzungen mindern,D,"Verdichtung verbessert Tragfähigkeit, wenn Boden und Gerät passen.","Bildungsplan Verkehrswegbau EFZ, Infra Suisse/SBFI",https://infra-suisse.ch/wp-content/uploads/2016/09/bildungsplan-2014_verkehrswegbau_efz_infra.pdf
strassenbau,Strassenbauer/in EFZ,stb_hk7,Verkehrswege erstellen und sanieren,110,Erdbau und Planum,single_choice,medium,17,Was ist bei «Wasser» fachlich am wichtigsten?,"Entwässerung sichern; Aufweichung verhindern, im konkreten Fall, anhand klarer Kriterien, mit Blick auf die Folgen, bei Bedarf im Team, im konkreten Fall","Wasser einbauen; Frost riskieren, anhand klarer Kriterien, mit Blick auf die Folgen, bei Bedarf im Team, im konkreten Fall, anhand klarer Kriterien","Ablauf blockieren; Schaden fördern, mit Blick auf die Folgen, bei Bedarf im Team, im konkreten Fall, anhand klarer Kriterien, mit Blick auf die Folgen","Pfützen belassen; Planum schwächen, bei Bedarf im Team, im konkreten Fall, anhand klarer Kriterien, mit Blick auf die Folgen, bei Bedarf im Team",A,Wasser auf dem Planum gefährdet Tragfähigkeit und Dauerhaftigkeit.,"Bildungsplan Verkehrswegbau EFZ, Infra Suisse/SBFI",https://infra-suisse.ch/wp-content/uploads/2016/09/bildungsplan-2014_verkehrswegbau_efz_infra.pdf
strassenbau,Strassenbauer/in EFZ,stb_hk7,Verkehrswege erstellen und sanieren,110,Erdbau und Planum,single_choice,medium,18,Welche Vorgehensweise ist im Thema «Kontrollprüfung» richtig?,"Messung verschieben; Folgeschicht stören, anhand klarer Kriterien, mit Blick auf die Folgen, bei Bedarf im Team, im konkreten Fall, anhand klarer Kriterien","Sollhöhe vergleichen; Abweichung korrigieren, mit Blick auf die Folgen, bei Bedarf im Team, im konkreten Fall, anhand klarer Kriterien, mit Blick auf die Folgen","Protokoll meiden; Nachweis verlieren, bei Bedarf im Team, im konkreten Fall, anhand klarer Kriterien, mit Blick auf die Folgen, bei Bedarf im Team","Nur Auge nutzen; Fehler übersehen, im konkreten Fall, anhand klarer Kriterien, mit Blick auf die Folgen, bei Bedarf im Team, im konkreten Fall",B,Planum und Aushub werden mit Messmitteln und Sichtkontrolle geprüft.,"Bildungsplan Verkehrswegbau EFZ, Infra Suisse/SBFI",https://infra-suisse.ch/wp-content/uploads/2016/09/bildungsplan-2014_verkehrswegbau_efz_infra.pdf
strassenbau,Strassenbauer/in EFZ,stb_hk7,Verkehrswege erstellen und sanieren,110,Erdbau und Planum,single_choice,hard,19,Welche Handlung zeigt ein gutes Verständnis von «Humusabtrag»?,"Material mischen; Verwertung stören, mit Blick auf die Folgen","Schicht raten; Boden verlieren, bei Bedarf im Team, im konkreten Fall","Humus getrennt lagern; Vermischung vermeiden, im konkreten Fall","Humus einbauen; Tragfähigkeit senken, anhand klarer Kriterien",C,Humus wird getrennt abgetragen und nicht als tragende Schicht verwendet.,"Bildungsplan Verkehrswegbau EFZ, Infra Suisse/SBFI",https://infra-suisse.ch/wp-content/uploads/2016/09/bildungsplan-2014_verkehrswegbau_efz_infra.pdf
strassenbau,Strassenbauer/in EFZ,stb_hk7,Verkehrswege erstellen und sanieren,110,Erdbau und Planum,single_choice,medium,20,Welche Entscheidung ist bei «Aushub» sinnvoll?,"Tiefe schätzen; Plan verfehlen, bei Bedarf im Team, im konkreten Fall, anhand klarer Kriterien","Rand belasten; Graben schwächen, im konkreten Fall, anhand klarer Kriterien, mit Blick auf die Folgen","Böschung steiler machen; Einsturz riskieren, anhand klarer Kriterien, mit Blick auf die Folgen","Profil einhalten; Sicherheit beachten, mit Blick auf die Folgen, bei Bedarf im Team, im konkreten Fall",D,Aushubarbeiten müssen sicher und profilgerecht ausgeführt werden.,"Bildungsplan Verkehrswegbau EFZ, Infra Suisse/SBFI",https://infra-suisse.ch/wp-content/uploads/2016/09/bildungsplan-2014_verkehrswegbau_efz_infra.pdf
strassenbau,Strassenbauer/in EFZ,stb_hk7,Verkehrswege erstellen und sanieren,110,Erdbau und Planum,single_choice,easy,21,Welche Aussage passt am besten zu «Planum»?,"Höhe prüfen; Ebenheit herstellen, im konkreten Fall, anhand klarer Kriterien, mit Blick auf die Folgen","Weiche Stellen decken; Tragfähigkeit verschleiern, anhand klarer Kriterien, mit Blick auf die Folgen","Unebenheit belassen; Schichtdicke stören, mit Blick auf die Folgen, bei Bedarf im Team, im konkreten Fall","Wasser stehen lassen; Frostschaden fördern, bei Bedarf im Team, im konkreten Fall, anhand klarer Kriterien",A,Das Planum ist die genaue Grundlage für den Strassenoberbau.,"Bildungsplan Verkehrswegbau EFZ, Infra Suisse/SBFI",https://infra-suisse.ch/wp-content/uploads/2016/09/bildungsplan-2014_verkehrswegbau_efz_infra.pdf
strassenbau,Strassenbauer/in EFZ,stb_hk7,Verkehrswege erstellen und sanieren,110,Erdbau und Planum,single_choice,medium,22,Was ist bei «Bodenverdichtung» fachlich am wichtigsten?,Gerät falsch wählen; Boden schädigen,Tragfähigkeit erhöhen; Setzungen mindern,Zu nass verdichten; Wirkung verlieren,Übergänge ignorieren; Schwachstellen lassen,B,"Verdichtung verbessert Tragfähigkeit, wenn Boden und Gerät passen.","Bildungsplan Verkehrswegbau EFZ, Infra Suisse/SBFI",https://infra-suisse.ch/wp-content/uploads/2016/09/bildungsplan-2014_verkehrswegbau_efz_infra.pdf
strassenbau,Strassenbauer/in EFZ,stb_hk7,Verkehrswege erstellen und sanieren,110,Erdbau und Planum,single_choice,medium,23,Welche Vorgehensweise ist im Thema «Wasser» richtig?,"Ablauf blockieren; Schaden fördern, mit Blick auf die Folgen, bei Bedarf im Team, im konkreten Fall, anhand klarer Kriterien, mit Blick auf die Folgen","Pfützen belassen; Planum schwächen, bei Bedarf im Team, im konkreten Fall, anhand klarer Kriterien, mit Blick auf die Folgen, bei Bedarf im Team","Entwässerung sichern; Aufweichung verhindern, im konkreten Fall, anhand klarer Kriterien, mit Blick auf die Folgen, bei Bedarf im Team, im konkreten Fall","Wasser einbauen; Frost riskieren, anhand klarer Kriterien, mit Blick auf die Folgen, bei Bedarf im Team, im konkreten Fall, anhand klarer Kriterien",C,Wasser auf dem Planum gefährdet Tragfähigkeit und Dauerhaftigkeit.,"Bildungsplan Verkehrswegbau EFZ, Infra Suisse/SBFI",https://infra-suisse.ch/wp-content/uploads/2016/09/bildungsplan-2014_verkehrswegbau_efz_infra.pdf
strassenbau,Strassenbauer/in EFZ,stb_hk7,Verkehrswege erstellen und sanieren,110,Erdbau und Planum,single_choice,hard,24,Welche Handlung zeigt ein gutes Verständnis von «Kontrollprüfung»?,"Protokoll meiden; Nachweis verlieren, bei Bedarf im Team, im konkreten Fall, anhand klarer Kriterien, mit Blick auf die Folgen, bei Bedarf im Team","Nur Auge nutzen; Fehler übersehen, im konkreten Fall, anhand klarer Kriterien, mit Blick auf die Folgen, bei Bedarf im Team, im konkreten Fall","Messung verschieben; Folgeschicht stören, anhand klarer Kriterien, mit Blick auf die Folgen, bei Bedarf im Team, im konkreten Fall, anhand klarer Kriterien","Sollhöhe vergleichen; Abweichung korrigieren, mit Blick auf die Folgen, bei Bedarf im Team, im konkreten Fall, anhand klarer Kriterien, mit Blick auf die Folgen",D,Planum und Aushub werden mit Messmitteln und Sichtkontrolle geprüft.,"Bildungsplan Verkehrswegbau EFZ, Infra Suisse/SBFI",https://infra-suisse.ch/wp-content/uploads/2016/09/bildungsplan-2014_verkehrswegbau_efz_infra.pdf
strassenbau,Strassenbauer/in EFZ,stb_hk7,Verkehrswege erstellen und sanieren,110,Erdbau und Planum,single_choice,medium,25,Welche Entscheidung ist bei «Humusabtrag» sinnvoll?,"Humus getrennt lagern; Vermischung vermeiden, im konkreten Fall","Humus einbauen; Tragfähigkeit senken, anhand klarer Kriterien","Material mischen; Verwertung stören, mit Blick auf die Folgen","Schicht raten; Boden verlieren, bei Bedarf im Team, im konkreten Fall",A,Humus wird getrennt abgetragen und nicht als tragende Schicht verwendet.,"Bildungsplan Verkehrswegbau EFZ, Infra Suisse/SBFI",https://infra-suisse.ch/wp-content/uploads/2016/09/bildungsplan-2014_verkehrswegbau_efz_infra.pdf
strassenbau,Strassenbauer/in EFZ,stb_hk7,Verkehrswege erstellen und sanieren,110,Erdbau und Planum,single_choice,easy,26,Welche Aussage passt am besten zu «Aushub»?,"Böschung steiler machen; Einsturz riskieren, anhand klarer Kriterien, mit Blick auf die Folgen","Profil einhalten; Sicherheit beachten, mit Blick auf die Folgen, bei Bedarf im Team, im konkreten Fall","Tiefe schätzen; Plan verfehlen, bei Bedarf im Team, im konkreten Fall, anhand klarer Kriterien","Rand belasten; Graben schwächen, im konkreten Fall, anhand klarer Kriterien, mit Blick auf die Folgen",B,Aushubarbeiten müssen sicher und profilgerecht ausgeführt werden.,"Bildungsplan Verkehrswegbau EFZ, Infra Suisse/SBFI",https://infra-suisse.ch/wp-content/uploads/2016/09/bildungsplan-2014_verkehrswegbau_efz_infra.pdf
strassenbau,Strassenbauer/in EFZ,stb_hk7,Verkehrswege erstellen und sanieren,110,Erdbau und Planum,single_choice,medium,27,Was ist bei «Planum» fachlich am wichtigsten?,"Unebenheit belassen; Schichtdicke stören, mit Blick auf die Folgen, bei Bedarf im Team, im konkreten Fall","Wasser stehen lassen; Frostschaden fördern, bei Bedarf im Team, im konkreten Fall, anhand klarer Kriterien","Höhe prüfen; Ebenheit herstellen, im konkreten Fall, anhand klarer Kriterien, mit Blick auf die Folgen","Weiche Stellen decken; Tragfähigkeit verschleiern, anhand klarer Kriterien, mit Blick auf die Folgen",C,Das Planum ist die genaue Grundlage für den Strassenoberbau.,"Bildungsplan Verkehrswegbau EFZ, Infra Suisse/SBFI",https://infra-suisse.ch/wp-content/uploads/2016/09/bildungsplan-2014_verkehrswegbau_efz_infra.pdf
strassenbau,Strassenbauer/in EFZ,stb_hk7,Verkehrswege erstellen und sanieren,110,Erdbau und Planum,single_choice,medium,28,Welche Vorgehensweise ist im Thema «Bodenverdichtung» richtig?,Zu nass verdichten; Wirkung verlieren,Übergänge ignorieren; Schwachstellen lassen,Gerät falsch wählen; Boden schädigen,Tragfähigkeit erhöhen; Setzungen mindern,D,"Verdichtung verbessert Tragfähigkeit, wenn Boden und Gerät passen.","Bildungsplan Verkehrswegbau EFZ, Infra Suisse/SBFI",https://infra-suisse.ch/wp-content/uploads/2016/09/bildungsplan-2014_verkehrswegbau_efz_infra.pdf
strassenbau,Strassenbauer/in EFZ,stb_hk7,Verkehrswege erstellen und sanieren,110,Erdbau und Planum,single_choice,hard,29,Welche Handlung zeigt ein gutes Verständnis von «Wasser»?,"Entwässerung sichern; Aufweichung verhindern, im konkreten Fall, anhand klarer Kriterien, mit Blick auf die Folgen, bei Bedarf im Team, im konkreten Fall","Wasser einbauen; Frost riskieren, anhand klarer Kriterien, mit Blick auf die Folgen, bei Bedarf im Team, im konkreten Fall, anhand klarer Kriterien","Ablauf blockieren; Schaden fördern, mit Blick auf die Folgen, bei Bedarf im Team, im konkreten Fall, anhand klarer Kriterien, mit Blick auf die Folgen","Pfützen belassen; Planum schwächen, bei Bedarf im Team, im konkreten Fall, anhand klarer Kriterien, mit Blick auf die Folgen, bei Bedarf im Team",A,Wasser auf dem Planum gefährdet Tragfähigkeit und Dauerhaftigkeit.,"Bildungsplan Verkehrswegbau EFZ, Infra Suisse/SBFI",https://infra-suisse.ch/wp-content/uploads/2016/09/bildungsplan-2014_verkehrswegbau_efz_infra.pdf
strassenbau,Strassenbauer/in EFZ,stb_hk7,Verkehrswege erstellen und sanieren,110,Erdbau und Planum,single_choice,medium,30,Welche Entscheidung ist bei «Kontrollprüfung» sinnvoll?,"Messung verschieben; Folgeschicht stören, anhand klarer Kriterien, mit Blick auf die Folgen, bei Bedarf im Team, im konkreten Fall, anhand klarer Kriterien","Sollhöhe vergleichen; Abweichung korrigieren, mit Blick auf die Folgen, bei Bedarf im Team, im konkreten Fall, anhand klarer Kriterien, mit Blick auf die Folgen","Protokoll meiden; Nachweis verlieren, bei Bedarf im Team, im konkreten Fall, anhand klarer Kriterien, mit Blick auf die Folgen, bei Bedarf im Team","Nur Auge nutzen; Fehler übersehen, im konkreten Fall, anhand klarer Kriterien, mit Blick auf die Folgen, bei Bedarf im Team, im konkreten Fall",B,Planum und Aushub werden mit Messmitteln und Sichtkontrolle geprüft.,"Bildungsplan Verkehrswegbau EFZ, Infra Suisse/SBFI",https://infra-suisse.ch/wp-content/uploads/2016/09/bildungsplan-2014_verkehrswegbau_efz_infra.pdf
strassenbau,Strassenbauer/in EFZ,stb_hk7,Verkehrswege erstellen und sanieren,120,Leitungs- und Grabenbau,single_choice,easy,1,Welche Aussage passt am besten zu «Grabensicherung»?,"Wände sichern; Tiefe beachten, im konkreten Fall, anhand klarer Kriterien, mit Blick auf die Folgen","Ohne Spriessung arbeiten; Einsturz riskieren, anhand klarer Kriterien, mit Blick auf die Folgen","Last am Rand lagern; Druck erhöhen, mit Blick auf die Folgen, bei Bedarf im Team, im konkreten Fall","Zugang improvisieren; Sturz fördern, bei Bedarf im Team, im konkreten Fall, anhand klarer Kriterien",A,"Gräben müssen gemäss Tiefe, Boden und Belastung gesichert werden.","Bildungsplan Verkehrswegbau EFZ, Infra Suisse/SBFI",https://infra-suisse.ch/wp-content/uploads/2016/09/bildungsplan-2014_verkehrswegbau_efz_infra.pdf
strassenbau,Strassenbauer/in EFZ,stb_hk7,Verkehrswege erstellen und sanieren,120,Leitungs- und Grabenbau,single_choice,medium,2,Was ist bei «Bettung» fachlich am wichtigsten?,Auf Steine legen; Punktlast erzeugen,Rohr schützen; Lage stabilisieren,Material sparen; Rohr schädigen,Uneben lassen; Gefälle stören,B,Die Bettung trägt und schützt das Rohr dauerhaft.,"Bildungsplan Verkehrswegbau EFZ, Infra Suisse/SBFI",https://infra-suisse.ch/wp-content/uploads/2016/09/bildungsplan-2014_verkehrswegbau_efz_infra.pdf
strassenbau,Strassenbauer/in EFZ,stb_hk7,Verkehrswege erstellen und sanieren,120,Leitungs- und Grabenbau,single_choice,medium,3,Welche Vorgehensweise ist im Thema «Gefälle Leitung» richtig?,Gefälle raten; Rückstau riskieren,Richtung wechseln; Ablagerung fördern,Sollneigung einhalten; Höhe kontrollieren,Messung auslassen; Funktion schwächen,C,Leitungen brauchen korrektes Gefälle für sicheren Abfluss.,"Bildungsplan Verkehrswegbau EFZ, Infra Suisse/SBFI",https://infra-suisse.ch/wp-content/uploads/2016/09/bildungsplan-2014_verkehrswegbau_efz_infra.pdf
strassenbau,Strassenbauer/in EFZ,stb_hk7,Verkehrswege erstellen und sanieren,120,Leitungs- und Grabenbau,single_choice,hard,4,Welche Handlung zeigt ein gutes Verständnis von «Rohrverbindung»?,Muffe verschmutzen; Undichtheit riskieren,Rohr verkanten; Spannung erzeugen,Gleitmittel meiden; Montage erschweren,Dichtung prüfen; Achse ausrichten,D,"Rohrverbindungen müssen sauber, dicht und spannungsarm montiert werden.","Bildungsplan Verkehrswegbau EFZ, Infra Suisse/SBFI",https://infra-suisse.ch/wp-content/uploads/2016/09/bildungsplan-2014_verkehrswegbau_efz_infra.pdf
strassenbau,Strassenbauer/in EFZ,stb_hk7,Verkehrswege erstellen und sanieren,120,Leitungs- und Grabenbau,single_choice,medium,5,Welche Entscheidung ist bei «Schacht» sinnvoll?,Höhe einpassen; Sohle ausbilden,Einlauf verengen; Funktion stören,Anschluss raten; Undichtheit fördern,Deckel schief setzen; Verkehr gefährden,A,"Schächte müssen in Höhe, Gefälle und Anschlüssen stimmen.","Bildungsplan Verkehrswegbau EFZ, Infra Suisse/SBFI",https://infra-suisse.ch/wp-content/uploads/2016/09/bildungsplan-2014_verkehrswegbau_efz_infra.pdf
strassenbau,Strassenbauer/in EFZ,stb_hk7,Verkehrswege erstellen und sanieren,120,Leitungs- und Grabenbau,single_choice,easy,6,Welche Aussage passt am besten zu «Verfüllung»?,Einseitig füllen; Lage verschieben,Schichtweise einbauen; Schonend verdichten,Verdichtung sparen; Setzung riskieren,Grobmaterial kippen; Rohr beschädigen,B,Gräben werden lagenweise und rohrschonend verfüllt und verdichtet.,"Bildungsplan Verkehrswegbau EFZ, Infra Suisse/SBFI",https://infra-suisse.ch/wp-content/uploads/2016/09/bildungsplan-2014_verkehrswegbau_efz_infra.pdf
strassenbau,Strassenbauer/in EFZ,stb_hk7,Verkehrswege erstellen und sanieren,120,Leitungs- und Grabenbau,single_choice,medium,7,Was ist bei «Grabensicherung» fachlich am wichtigsten?,"Last am Rand lagern; Druck erhöhen, mit Blick auf die Folgen, bei Bedarf im Team, im konkreten Fall","Zugang improvisieren; Sturz fördern, bei Bedarf im Team, im konkreten Fall, anhand klarer Kriterien","Wände sichern; Tiefe beachten, im konkreten Fall, anhand klarer Kriterien, mit Blick auf die Folgen","Ohne Spriessung arbeiten; Einsturz riskieren, anhand klarer Kriterien, mit Blick auf die Folgen",C,"Gräben müssen gemäss Tiefe, Boden und Belastung gesichert werden.","Bildungsplan Verkehrswegbau EFZ, Infra Suisse/SBFI",https://infra-suisse.ch/wp-content/uploads/2016/09/bildungsplan-2014_verkehrswegbau_efz_infra.pdf
strassenbau,Strassenbauer/in EFZ,stb_hk7,Verkehrswege erstellen und sanieren,120,Leitungs- und Grabenbau,single_choice,medium,8,Welche Vorgehensweise ist im Thema «Bettung» richtig?,Material sparen; Rohr schädigen,Uneben lassen; Gefälle stören,Auf Steine legen; Punktlast erzeugen,Rohr schützen; Lage stabilisieren,D,Die Bettung trägt und schützt das Rohr dauerhaft.,"Bildungsplan Verkehrswegbau EFZ, Infra Suisse/SBFI",https://infra-suisse.ch/wp-content/uploads/2016/09/bildungsplan-2014_verkehrswegbau_efz_infra.pdf
strassenbau,Strassenbauer/in EFZ,stb_hk7,Verkehrswege erstellen und sanieren,120,Leitungs- und Grabenbau,single_choice,hard,9,Welche Handlung zeigt ein gutes Verständnis von «Gefälle Leitung»?,Sollneigung einhalten; Höhe kontrollieren,Messung auslassen; Funktion schwächen,Gefälle raten; Rückstau riskieren,Richtung wechseln; Ablagerung fördern,A,Leitungen brauchen korrektes Gefälle für sicheren Abfluss.,"Bildungsplan Verkehrswegbau EFZ, Infra Suisse/SBFI",https://infra-suisse.ch/wp-content/uploads/2016/09/bildungsplan-2014_verkehrswegbau_efz_infra.pdf
strassenbau,Strassenbauer/in EFZ,stb_hk7,Verkehrswege erstellen und sanieren,120,Leitungs- und Grabenbau,single_choice,medium,10,Welche Entscheidung ist bei «Rohrverbindung» sinnvoll?,Gleitmittel meiden; Montage erschweren,Dichtung prüfen; Achse ausrichten,Muffe verschmutzen; Undichtheit riskieren,Rohr verkanten; Spannung erzeugen,B,"Rohrverbindungen müssen sauber, dicht und spannungsarm montiert werden.","Bildungsplan Verkehrswegbau EFZ, Infra Suisse/SBFI",https://infra-suisse.ch/wp-content/uploads/2016/09/bildungsplan-2014_verkehrswegbau_efz_infra.pdf
strassenbau,Strassenbauer/in EFZ,stb_hk7,Verkehrswege erstellen und sanieren,120,Leitungs- und Grabenbau,single_choice,easy,11,Welche Aussage passt am besten zu «Schacht»?,Anschluss raten; Undichtheit fördern,Deckel schief setzen; Verkehr gefährden,Höhe einpassen; Sohle ausbilden,Einlauf verengen; Funktion stören,C,"Schächte müssen in Höhe, Gefälle und Anschlüssen stimmen.","Bildungsplan Verkehrswegbau EFZ, Infra Suisse/SBFI",https://infra-suisse.ch/wp-content/uploads/2016/09/bildungsplan-2014_verkehrswegbau_efz_infra.pdf
strassenbau,Strassenbauer/in EFZ,stb_hk7,Verkehrswege erstellen und sanieren,120,Leitungs- und Grabenbau,single_choice,medium,12,Was ist bei «Verfüllung» fachlich am wichtigsten?,Verdichtung sparen; Setzung riskieren,Grobmaterial kippen; Rohr beschädigen,Einseitig füllen; Lage verschieben,Schichtweise einbauen; Schonend verdichten,D,Gräben werden lagenweise und rohrschonend verfüllt und verdichtet.,"Bildungsplan Verkehrswegbau EFZ, Infra Suisse/SBFI",https://infra-suisse.ch/wp-content/uploads/2016/09/bildungsplan-2014_verkehrswegbau_efz_infra.pdf
strassenbau,Strassenbauer/in EFZ,stb_hk7,Verkehrswege erstellen und sanieren,120,Leitungs- und Grabenbau,single_choice,medium,13,Welche Vorgehensweise ist im Thema «Grabensicherung» richtig?,"Wände sichern; Tiefe beachten, im konkreten Fall, anhand klarer Kriterien, mit Blick auf die Folgen","Ohne Spriessung arbeiten; Einsturz riskieren, anhand klarer Kriterien, mit Blick auf die Folgen","Last am Rand lagern; Druck erhöhen, mit Blick auf die Folgen, bei Bedarf im Team, im konkreten Fall","Zugang improvisieren; Sturz fördern, bei Bedarf im Team, im konkreten Fall, anhand klarer Kriterien",A,"Gräben müssen gemäss Tiefe, Boden und Belastung gesichert werden.","Bildungsplan Verkehrswegbau EFZ, Infra Suisse/SBFI",https://infra-suisse.ch/wp-content/uploads/2016/09/bildungsplan-2014_verkehrswegbau_efz_infra.pdf
strassenbau,Strassenbauer/in EFZ,stb_hk7,Verkehrswege erstellen und sanieren,120,Leitungs- und Grabenbau,single_choice,hard,14,Welche Handlung zeigt ein gutes Verständnis von «Bettung»?,Auf Steine legen; Punktlast erzeugen,Rohr schützen; Lage stabilisieren,Material sparen; Rohr schädigen,Uneben lassen; Gefälle stören,B,Die Bettung trägt und schützt das Rohr dauerhaft.,"Bildungsplan Verkehrswegbau EFZ, Infra Suisse/SBFI",https://infra-suisse.ch/wp-content/uploads/2016/09/bildungsplan-2014_verkehrswegbau_efz_infra.pdf
strassenbau,Strassenbauer/in EFZ,stb_hk7,Verkehrswege erstellen und sanieren,120,Leitungs- und Grabenbau,single_choice,medium,15,Welche Entscheidung ist bei «Gefälle Leitung» sinnvoll?,Gefälle raten; Rückstau riskieren,Richtung wechseln; Ablagerung fördern,Sollneigung einhalten; Höhe kontrollieren,Messung auslassen; Funktion schwächen,C,Leitungen brauchen korrektes Gefälle für sicheren Abfluss.,"Bildungsplan Verkehrswegbau EFZ, Infra Suisse/SBFI",https://infra-suisse.ch/wp-content/uploads/2016/09/bildungsplan-2014_verkehrswegbau_efz_infra.pdf
strassenbau,Strassenbauer/in EFZ,stb_hk7,Verkehrswege erstellen und sanieren,120,Leitungs- und Grabenbau,single_choice,easy,16,Welche Aussage passt am besten zu «Rohrverbindung»?,Muffe verschmutzen; Undichtheit riskieren,Rohr verkanten; Spannung erzeugen,Gleitmittel meiden; Montage erschweren,Dichtung prüfen; Achse ausrichten,D,"Rohrverbindungen müssen sauber, dicht und spannungsarm montiert werden.","Bildungsplan Verkehrswegbau EFZ, Infra Suisse/SBFI",https://infra-suisse.ch/wp-content/uploads/2016/09/bildungsplan-2014_verkehrswegbau_efz_infra.pdf
strassenbau,Strassenbauer/in EFZ,stb_hk7,Verkehrswege erstellen und sanieren,120,Leitungs- und Grabenbau,single_choice,medium,17,Was ist bei «Schacht» fachlich am wichtigsten?,Höhe einpassen; Sohle ausbilden,Einlauf verengen; Funktion stören,Anschluss raten; Undichtheit fördern,Deckel schief setzen; Verkehr gefährden,A,"Schächte müssen in Höhe, Gefälle und Anschlüssen stimmen.","Bildungsplan Verkehrswegbau EFZ, Infra Suisse/SBFI",https://infra-suisse.ch/wp-content/uploads/2016/09/bildungsplan-2014_verkehrswegbau_efz_infra.pdf
strassenbau,Strassenbauer/in EFZ,stb_hk7,Verkehrswege erstellen und sanieren,120,Leitungs- und Grabenbau,single_choice,medium,18,Welche Vorgehensweise ist im Thema «Verfüllung» richtig?,Einseitig füllen; Lage verschieben,Schichtweise einbauen; Schonend verdichten,Verdichtung sparen; Setzung riskieren,Grobmaterial kippen; Rohr beschädigen,B,Gräben werden lagenweise und rohrschonend verfüllt und verdichtet.,"Bildungsplan Verkehrswegbau EFZ, Infra Suisse/SBFI",https://infra-suisse.ch/wp-content/uploads/2016/09/bildungsplan-2014_verkehrswegbau_efz_infra.pdf
strassenbau,Strassenbauer/in EFZ,stb_hk7,Verkehrswege erstellen und sanieren,120,Leitungs- und Grabenbau,single_choice,hard,19,Welche Handlung zeigt ein gutes Verständnis von «Grabensicherung»?,"Last am Rand lagern; Druck erhöhen, mit Blick auf die Folgen, bei Bedarf im Team, im konkreten Fall","Zugang improvisieren; Sturz fördern, bei Bedarf im Team, im konkreten Fall, anhand klarer Kriterien","Wände sichern; Tiefe beachten, im konkreten Fall, anhand klarer Kriterien, mit Blick auf die Folgen","Ohne Spriessung arbeiten; Einsturz riskieren, anhand klarer Kriterien, mit Blick auf die Folgen",C,"Gräben müssen gemäss Tiefe, Boden und Belastung gesichert werden.","Bildungsplan Verkehrswegbau EFZ, Infra Suisse/SBFI",https://infra-suisse.ch/wp-content/uploads/2016/09/bildungsplan-2014_verkehrswegbau_efz_infra.pdf
strassenbau,Strassenbauer/in EFZ,stb_hk7,Verkehrswege erstellen und sanieren,120,Leitungs- und Grabenbau,single_choice,medium,20,Welche Entscheidung ist bei «Bettung» sinnvoll?,Material sparen; Rohr schädigen,Uneben lassen; Gefälle stören,Auf Steine legen; Punktlast erzeugen,Rohr schützen; Lage stabilisieren,D,Die Bettung trägt und schützt das Rohr dauerhaft.,"Bildungsplan Verkehrswegbau EFZ, Infra Suisse/SBFI",https://infra-suisse.ch/wp-content/uploads/2016/09/bildungsplan-2014_verkehrswegbau_efz_infra.pdf
strassenbau,Strassenbauer/in EFZ,stb_hk7,Verkehrswege erstellen und sanieren,120,Leitungs- und Grabenbau,single_choice,easy,21,Welche Aussage passt am besten zu «Gefälle Leitung»?,Sollneigung einhalten; Höhe kontrollieren,Messung auslassen; Funktion schwächen,Gefälle raten; Rückstau riskieren,Richtung wechseln; Ablagerung fördern,A,Leitungen brauchen korrektes Gefälle für sicheren Abfluss.,"Bildungsplan Verkehrswegbau EFZ, Infra Suisse/SBFI",https://infra-suisse.ch/wp-content/uploads/2016/09/bildungsplan-2014_verkehrswegbau_efz_infra.pdf
strassenbau,Strassenbauer/in EFZ,stb_hk7,Verkehrswege erstellen und sanieren,120,Leitungs- und Grabenbau,single_choice,medium,22,Was ist bei «Rohrverbindung» fachlich am wichtigsten?,Gleitmittel meiden; Montage erschweren,Dichtung prüfen; Achse ausrichten,Muffe verschmutzen; Undichtheit riskieren,Rohr verkanten; Spannung erzeugen,B,"Rohrverbindungen müssen sauber, dicht und spannungsarm montiert werden.","Bildungsplan Verkehrswegbau EFZ, Infra Suisse/SBFI",https://infra-suisse.ch/wp-content/uploads/2016/09/bildungsplan-2014_verkehrswegbau_efz_infra.pdf
strassenbau,Strassenbauer/in EFZ,stb_hk7,Verkehrswege erstellen und sanieren,120,Leitungs- und Grabenbau,single_choice,medium,23,Welche Vorgehensweise ist im Thema «Schacht» richtig?,Anschluss raten; Undichtheit fördern,Deckel schief setzen; Verkehr gefährden,Höhe einpassen; Sohle ausbilden,Einlauf verengen; Funktion stören,C,"Schächte müssen in Höhe, Gefälle und Anschlüssen stimmen.","Bildungsplan Verkehrswegbau EFZ, Infra Suisse/SBFI",https://infra-suisse.ch/wp-content/uploads/2016/09/bildungsplan-2014_verkehrswegbau_efz_infra.pdf
strassenbau,Strassenbauer/in EFZ,stb_hk7,Verkehrswege erstellen und sanieren,120,Leitungs- und Grabenbau,single_choice,hard,24,Welche Handlung zeigt ein gutes Verständnis von «Verfüllung»?,Verdichtung sparen; Setzung riskieren,Grobmaterial kippen; Rohr beschädigen,Einseitig füllen; Lage verschieben,Schichtweise einbauen; Schonend verdichten,D,Gräben werden lagenweise und rohrschonend verfüllt und verdichtet.,"Bildungsplan Verkehrswegbau EFZ, Infra Suisse/SBFI",https://infra-suisse.ch/wp-content/uploads/2016/09/bildungsplan-2014_verkehrswegbau_efz_infra.pdf
strassenbau,Strassenbauer/in EFZ,stb_hk7,Verkehrswege erstellen und sanieren,120,Leitungs- und Grabenbau,single_choice,medium,25,Welche Entscheidung ist bei «Grabensicherung» sinnvoll?,"Wände sichern; Tiefe beachten, im konkreten Fall, anhand klarer Kriterien, mit Blick auf die Folgen","Ohne Spriessung arbeiten; Einsturz riskieren, anhand klarer Kriterien, mit Blick auf die Folgen","Last am Rand lagern; Druck erhöhen, mit Blick auf die Folgen, bei Bedarf im Team, im konkreten Fall","Zugang improvisieren; Sturz fördern, bei Bedarf im Team, im konkreten Fall, anhand klarer Kriterien",A,"Gräben müssen gemäss Tiefe, Boden und Belastung gesichert werden.","Bildungsplan Verkehrswegbau EFZ, Infra Suisse/SBFI",https://infra-suisse.ch/wp-content/uploads/2016/09/bildungsplan-2014_verkehrswegbau_efz_infra.pdf
strassenbau,Strassenbauer/in EFZ,stb_hk7,Verkehrswege erstellen und sanieren,120,Leitungs- und Grabenbau,single_choice,easy,26,Welche Aussage passt am besten zu «Bettung»?,Auf Steine legen; Punktlast erzeugen,Rohr schützen; Lage stabilisieren,Material sparen; Rohr schädigen,Uneben lassen; Gefälle stören,B,Die Bettung trägt und schützt das Rohr dauerhaft.,"Bildungsplan Verkehrswegbau EFZ, Infra Suisse/SBFI",https://infra-suisse.ch/wp-content/uploads/2016/09/bildungsplan-2014_verkehrswegbau_efz_infra.pdf
strassenbau,Strassenbauer/in EFZ,stb_hk7,Verkehrswege erstellen und sanieren,120,Leitungs- und Grabenbau,single_choice,medium,27,Was ist bei «Gefälle Leitung» fachlich am wichtigsten?,Gefälle raten; Rückstau riskieren,Richtung wechseln; Ablagerung fördern,Sollneigung einhalten; Höhe kontrollieren,Messung auslassen; Funktion schwächen,C,Leitungen brauchen korrektes Gefälle für sicheren Abfluss.,"Bildungsplan Verkehrswegbau EFZ, Infra Suisse/SBFI",https://infra-suisse.ch/wp-content/uploads/2016/09/bildungsplan-2014_verkehrswegbau_efz_infra.pdf
strassenbau,Strassenbauer/in EFZ,stb_hk7,Verkehrswege erstellen und sanieren,120,Leitungs- und Grabenbau,single_choice,medium,28,Welche Vorgehensweise ist im Thema «Rohrverbindung» richtig?,Muffe verschmutzen; Undichtheit riskieren,Rohr verkanten; Spannung erzeugen,Gleitmittel meiden; Montage erschweren,Dichtung prüfen; Achse ausrichten,D,"Rohrverbindungen müssen sauber, dicht und spannungsarm montiert werden.","Bildungsplan Verkehrswegbau EFZ, Infra Suisse/SBFI",https://infra-suisse.ch/wp-content/uploads/2016/09/bildungsplan-2014_verkehrswegbau_efz_infra.pdf
strassenbau,Strassenbauer/in EFZ,stb_hk7,Verkehrswege erstellen und sanieren,120,Leitungs- und Grabenbau,single_choice,hard,29,Welche Handlung zeigt ein gutes Verständnis von «Schacht»?,Höhe einpassen; Sohle ausbilden,Einlauf verengen; Funktion stören,Anschluss raten; Undichtheit fördern,Deckel schief setzen; Verkehr gefährden,A,"Schächte müssen in Höhe, Gefälle und Anschlüssen stimmen.","Bildungsplan Verkehrswegbau EFZ, Infra Suisse/SBFI",https://infra-suisse.ch/wp-content/uploads/2016/09/bildungsplan-2014_verkehrswegbau_efz_infra.pdf
strassenbau,Strassenbauer/in EFZ,stb_hk7,Verkehrswege erstellen und sanieren,120,Leitungs- und Grabenbau,single_choice,medium,30,Welche Entscheidung ist bei «Verfüllung» sinnvoll?,Einseitig füllen; Lage verschieben,Schichtweise einbauen; Schonend verdichten,Verdichtung sparen; Setzung riskieren,Grobmaterial kippen; Rohr beschädigen,B,Gräben werden lagenweise und rohrschonend verfüllt und verdichtet.,"Bildungsplan Verkehrswegbau EFZ, Infra Suisse/SBFI",https://infra-suisse.ch/wp-content/uploads/2016/09/bildungsplan-2014_verkehrswegbau_efz_infra.pdf
strassenbau,Strassenbauer/in EFZ,stb_hk7,Verkehrswege erstellen und sanieren,130,Fundationen und Planien,single_choice,easy,1,Welche Aussage passt am besten zu «Fundationsmaterial»?,"Körnung beachten; Sauberkeit prüfen, im konkreten Fall, anhand klarer Kriterien, mit Blick auf die Folgen","Humus beimischen; Tragfähigkeit senken, anhand klarer Kriterien, mit Blick auf die Folgen, bei Bedarf im Team","Falsches Material nutzen; Verdichtung stören, mit Blick auf die Folgen, bei Bedarf im Team, im konkreten Fall","Nässe ignorieren; Frostschaden fördern, bei Bedarf im Team, im konkreten Fall, anhand klarer Kriterien",A,"Fundationsschichten brauchen geeignetes, sauberes und verdichtbares Material.","Bildungsplan Verkehrswegbau EFZ, Infra Suisse/SBFI",https://infra-suisse.ch/wp-content/uploads/2016/09/bildungsplan-2014_verkehrswegbau_efz_infra.pdf
strassenbau,Strassenbauer/in EFZ,stb_hk7,Verkehrswege erstellen und sanieren,130,Fundationen und Planien,single_choice,medium,2,Was ist bei «Schichtdicke» fachlich am wichtigsten?,Zu dick einbauen; Verdichtung schwächen,Dicke kontrollieren; Lagen einhalten,Unregelmässig verteilen; Ebenheit stören,Masse schätzen; Qualität riskieren,B,Schichtdicken müssen zur Verdichtung und zum Aufbau passen.,"Bildungsplan Verkehrswegbau EFZ, Infra Suisse/SBFI",https://infra-suisse.ch/wp-content/uploads/2016/09/bildungsplan-2014_verkehrswegbau_efz_infra.pdf
strassenbau,Strassenbauer/in EFZ,stb_hk7,Verkehrswege erstellen und sanieren,130,Fundationen und Planien,single_choice,medium,3,Welche Vorgehensweise ist im Thema «Geotextil» richtig?,Falten einbauen; Wirkung mindern,Beschädigung dulden; Trennung schwächen,Funktion beachten; Überlappung sichern,Richtung ignorieren; Filter stören,C,"Geotextilien trennen, filtern oder stabilisieren je nach Vorgabe.","Bildungsplan Verkehrswegbau EFZ, Infra Suisse/SBFI",https://infra-suisse.ch/wp-content/uploads/2016/09/bildungsplan-2014_verkehrswegbau_efz_infra.pdf
strassenbau,Strassenbauer/in EFZ,stb_hk7,Verkehrswege erstellen und sanieren,130,Fundationen und Planien,single_choice,hard,4,Welche Handlung zeigt ein gutes Verständnis von «Rohplanie»?,Uneben verteilen; Material verschwenden,Gefälle vergessen; Wasser stauen,Kontrolle meiden; Fehler vergrössern,Profil herstellen; Höhe annähern,D,Die Rohplanie bildet die grobe Form für die Feinplanie.,"Bildungsplan Verkehrswegbau EFZ, Infra Suisse/SBFI",https://infra-suisse.ch/wp-content/uploads/2016/09/bildungsplan-2014_verkehrswegbau_efz_infra.pdf
strassenbau,Strassenbauer/in EFZ,stb_hk7,Verkehrswege erstellen und sanieren,130,Fundationen und Planien,single_choice,medium,5,Welche Entscheidung ist bei «Feinplanie» sinnvoll?,"Ebenheit sichern; Sollhöhe treffen, im konkreten Fall, anhand klarer Kriterien, mit Blick auf die Folgen, bei Bedarf im Team, im konkreten Fall","Höhe schätzen; Schichtdicke verfälschen, anhand klarer Kriterien, mit Blick auf die Folgen, bei Bedarf im Team, im konkreten Fall, anhand klarer Kriterien","Lose Stellen dulden; Qualität mindern, mit Blick auf die Folgen, bei Bedarf im Team, im konkreten Fall, anhand klarer Kriterien, mit Blick auf die Folgen","Riefen belassen; Belag stören, bei Bedarf im Team, im konkreten Fall, anhand klarer Kriterien, mit Blick auf die Folgen, bei Bedarf im Team",A,Die Feinplanie beeinflusst Ebenheit und Dicke der folgenden Schichten.,"Bildungsplan Verkehrswegbau EFZ, Infra Suisse/SBFI",https://infra-suisse.ch/wp-content/uploads/2016/09/bildungsplan-2014_verkehrswegbau_efz_infra.pdf
strassenbau,Strassenbauer/in EFZ,stb_hk7,Verkehrswege erstellen und sanieren,130,Fundationen und Planien,single_choice,easy,6,Welche Aussage passt am besten zu «Verdichtungskontrolle»?,"Zu früh weiterbauen; Setzungen riskieren, anhand klarer Kriterien","Spuren beobachten; Messwerte prüfen, mit Blick auf die Folgen","Gerät falsch wählen; Wirkung verlieren, bei Bedarf im Team","Radeindrücke ignorieren; Schwachstellen lassen, im konkreten Fall",B,Verdichtung wird visuell und bei Bedarf mit Messverfahren geprüft.,"Bildungsplan Verkehrswegbau EFZ, Infra Suisse/SBFI",https://infra-suisse.ch/wp-content/uploads/2016/09/bildungsplan-2014_verkehrswegbau_efz_infra.pdf
strassenbau,Strassenbauer/in EFZ,stb_hk7,Verkehrswege erstellen und sanieren,130,Fundationen und Planien,single_choice,medium,7,Was ist bei «Fundationsmaterial» fachlich am wichtigsten?,"Falsches Material nutzen; Verdichtung stören, mit Blick auf die Folgen, bei Bedarf im Team, im konkreten Fall","Nässe ignorieren; Frostschaden fördern, bei Bedarf im Team, im konkreten Fall, anhand klarer Kriterien","Körnung beachten; Sauberkeit prüfen, im konkreten Fall, anhand klarer Kriterien, mit Blick auf die Folgen","Humus beimischen; Tragfähigkeit senken, anhand klarer Kriterien, mit Blick auf die Folgen, bei Bedarf im Team",C,"Fundationsschichten brauchen geeignetes, sauberes und verdichtbares Material.","Bildungsplan Verkehrswegbau EFZ, Infra Suisse/SBFI",https://infra-suisse.ch/wp-content/uploads/2016/09/bildungsplan-2014_verkehrswegbau_efz_infra.pdf
strassenbau,Strassenbauer/in EFZ,stb_hk7,Verkehrswege erstellen und sanieren,130,Fundationen und Planien,single_choice,medium,8,Welche Vorgehensweise ist im Thema «Schichtdicke» richtig?,Unregelmässig verteilen; Ebenheit stören,Masse schätzen; Qualität riskieren,Zu dick einbauen; Verdichtung schwächen,Dicke kontrollieren; Lagen einhalten,D,Schichtdicken müssen zur Verdichtung und zum Aufbau passen.,"Bildungsplan Verkehrswegbau EFZ, Infra Suisse/SBFI",https://infra-suisse.ch/wp-content/uploads/2016/09/bildungsplan-2014_verkehrswegbau_efz_infra.pdf
strassenbau,Strassenbauer/in EFZ,stb_hk7,Verkehrswege erstellen und sanieren,130,Fundationen und Planien,single_choice,hard,9,Welche Handlung zeigt ein gutes Verständnis von «Geotextil»?,Funktion beachten; Überlappung sichern,Richtung ignorieren; Filter stören,Falten einbauen; Wirkung mindern,Beschädigung dulden; Trennung schwächen,A,"Geotextilien trennen, filtern oder stabilisieren je nach Vorgabe.","Bildungsplan Verkehrswegbau EFZ, Infra Suisse/SBFI",https://infra-suisse.ch/wp-content/uploads/2016/09/bildungsplan-2014_verkehrswegbau_efz_infra.pdf
strassenbau,Strassenbauer/in EFZ,stb_hk7,Verkehrswege erstellen und sanieren,130,Fundationen und Planien,single_choice,medium,10,Welche Entscheidung ist bei «Rohplanie» sinnvoll?,Kontrolle meiden; Fehler vergrössern,Profil herstellen; Höhe annähern,Uneben verteilen; Material verschwenden,Gefälle vergessen; Wasser stauen,B,Die Rohplanie bildet die grobe Form für die Feinplanie.,"Bildungsplan Verkehrswegbau EFZ, Infra Suisse/SBFI",https://infra-suisse.ch/wp-content/uploads/2016/09/bildungsplan-2014_verkehrswegbau_efz_infra.pdf
strassenbau,Strassenbauer/in EFZ,stb_hk7,Verkehrswege erstellen und sanieren,130,Fundationen und Planien,single_choice,easy,11,Welche Aussage passt am besten zu «Feinplanie»?,"Lose Stellen dulden; Qualität mindern, mit Blick auf die Folgen, bei Bedarf im Team, im konkreten Fall, anhand klarer Kriterien, mit Blick auf die Folgen","Riefen belassen; Belag stören, bei Bedarf im Team, im konkreten Fall, anhand klarer Kriterien, mit Blick auf die Folgen, bei Bedarf im Team","Ebenheit sichern; Sollhöhe treffen, im konkreten Fall, anhand klarer Kriterien, mit Blick auf die Folgen, bei Bedarf im Team, im konkreten Fall","Höhe schätzen; Schichtdicke verfälschen, anhand klarer Kriterien, mit Blick auf die Folgen, bei Bedarf im Team, im konkreten Fall, anhand klarer Kriterien",C,Die Feinplanie beeinflusst Ebenheit und Dicke der folgenden Schichten.,"Bildungsplan Verkehrswegbau EFZ, Infra Suisse/SBFI",https://infra-suisse.ch/wp-content/uploads/2016/09/bildungsplan-2014_verkehrswegbau_efz_infra.pdf
strassenbau,Strassenbauer/in EFZ,stb_hk7,Verkehrswege erstellen und sanieren,130,Fundationen und Planien,single_choice,medium,12,Was ist bei «Verdichtungskontrolle» fachlich am wichtigsten?,"Gerät falsch wählen; Wirkung verlieren, bei Bedarf im Team","Radeindrücke ignorieren; Schwachstellen lassen, im konkreten Fall","Zu früh weiterbauen; Setzungen riskieren, anhand klarer Kriterien","Spuren beobachten; Messwerte prüfen, mit Blick auf die Folgen",D,Verdichtung wird visuell und bei Bedarf mit Messverfahren geprüft.,"Bildungsplan Verkehrswegbau EFZ, Infra Suisse/SBFI",https://infra-suisse.ch/wp-content/uploads/2016/09/bildungsplan-2014_verkehrswegbau_efz_infra.pdf
strassenbau,Strassenbauer/in EFZ,stb_hk7,Verkehrswege erstellen und sanieren,130,Fundationen und Planien,single_choice,medium,13,Welche Vorgehensweise ist im Thema «Fundationsmaterial» richtig?,"Körnung beachten; Sauberkeit prüfen, im konkreten Fall, anhand klarer Kriterien, mit Blick auf die Folgen","Humus beimischen; Tragfähigkeit senken, anhand klarer Kriterien, mit Blick auf die Folgen, bei Bedarf im Team","Falsches Material nutzen; Verdichtung stören, mit Blick auf die Folgen, bei Bedarf im Team, im konkreten Fall","Nässe ignorieren; Frostschaden fördern, bei Bedarf im Team, im konkreten Fall, anhand klarer Kriterien",A,"Fundationsschichten brauchen geeignetes, sauberes und verdichtbares Material.","Bildungsplan Verkehrswegbau EFZ, Infra Suisse/SBFI",https://infra-suisse.ch/wp-content/uploads/2016/09/bildungsplan-2014_verkehrswegbau_efz_infra.pdf
strassenbau,Strassenbauer/in EFZ,stb_hk7,Verkehrswege erstellen und sanieren,130,Fundationen und Planien,single_choice,hard,14,Welche Handlung zeigt ein gutes Verständnis von «Schichtdicke»?,Zu dick einbauen; Verdichtung schwächen,Dicke kontrollieren; Lagen einhalten,Unregelmässig verteilen; Ebenheit stören,Masse schätzen; Qualität riskieren,B,Schichtdicken müssen zur Verdichtung und zum Aufbau passen.,"Bildungsplan Verkehrswegbau EFZ, Infra Suisse/SBFI",https://infra-suisse.ch/wp-content/uploads/2016/09/bildungsplan-2014_verkehrswegbau_efz_infra.pdf
strassenbau,Strassenbauer/in EFZ,stb_hk7,Verkehrswege erstellen und sanieren,130,Fundationen und Planien,single_choice,medium,15,Welche Entscheidung ist bei «Geotextil» sinnvoll?,Falten einbauen; Wirkung mindern,Beschädigung dulden; Trennung schwächen,Funktion beachten; Überlappung sichern,Richtung ignorieren; Filter stören,C,"Geotextilien trennen, filtern oder stabilisieren je nach Vorgabe.","Bildungsplan Verkehrswegbau EFZ, Infra Suisse/SBFI",https://infra-suisse.ch/wp-content/uploads/2016/09/bildungsplan-2014_verkehrswegbau_efz_infra.pdf
strassenbau,Strassenbauer/in EFZ,stb_hk7,Verkehrswege erstellen und sanieren,130,Fundationen und Planien,single_choice,easy,16,Welche Aussage passt am besten zu «Rohplanie»?,Uneben verteilen; Material verschwenden,Gefälle vergessen; Wasser stauen,Kontrolle meiden; Fehler vergrössern,Profil herstellen; Höhe annähern,D,Die Rohplanie bildet die grobe Form für die Feinplanie.,"Bildungsplan Verkehrswegbau EFZ, Infra Suisse/SBFI",https://infra-suisse.ch/wp-content/uploads/2016/09/bildungsplan-2014_verkehrswegbau_efz_infra.pdf
strassenbau,Strassenbauer/in EFZ,stb_hk7,Verkehrswege erstellen und sanieren,130,Fundationen und Planien,single_choice,medium,17,Was ist bei «Feinplanie» fachlich am wichtigsten?,"Ebenheit sichern; Sollhöhe treffen, im konkreten Fall, anhand klarer Kriterien, mit Blick auf die Folgen, bei Bedarf im Team, im konkreten Fall","Höhe schätzen; Schichtdicke verfälschen, anhand klarer Kriterien, mit Blick auf die Folgen, bei Bedarf im Team, im konkreten Fall, anhand klarer Kriterien","Lose Stellen dulden; Qualität mindern, mit Blick auf die Folgen, bei Bedarf im Team, im konkreten Fall, anhand klarer Kriterien, mit Blick auf die Folgen","Riefen belassen; Belag stören, bei Bedarf im Team, im konkreten Fall, anhand klarer Kriterien, mit Blick auf die Folgen, bei Bedarf im Team",A,Die Feinplanie beeinflusst Ebenheit und Dicke der folgenden Schichten.,"Bildungsplan Verkehrswegbau EFZ, Infra Suisse/SBFI",https://infra-suisse.ch/wp-content/uploads/2016/09/bildungsplan-2014_verkehrswegbau_efz_infra.pdf
strassenbau,Strassenbauer/in EFZ,stb_hk7,Verkehrswege erstellen und sanieren,130,Fundationen und Planien,single_choice,medium,18,Welche Vorgehensweise ist im Thema «Verdichtungskontrolle» richtig?,"Zu früh weiterbauen; Setzungen riskieren, anhand klarer Kriterien","Spuren beobachten; Messwerte prüfen, mit Blick auf die Folgen","Gerät falsch wählen; Wirkung verlieren, bei Bedarf im Team","Radeindrücke ignorieren; Schwachstellen lassen, im konkreten Fall",B,Verdichtung wird visuell und bei Bedarf mit Messverfahren geprüft.,"Bildungsplan Verkehrswegbau EFZ, Infra Suisse/SBFI",https://infra-suisse.ch/wp-content/uploads/2016/09/bildungsplan-2014_verkehrswegbau_efz_infra.pdf
strassenbau,Strassenbauer/in EFZ,stb_hk7,Verkehrswege erstellen und sanieren,130,Fundationen und Planien,single_choice,hard,19,Welche Handlung zeigt ein gutes Verständnis von «Fundationsmaterial»?,"Falsches Material nutzen; Verdichtung stören, mit Blick auf die Folgen, bei Bedarf im Team, im konkreten Fall","Nässe ignorieren; Frostschaden fördern, bei Bedarf im Team, im konkreten Fall, anhand klarer Kriterien","Körnung beachten; Sauberkeit prüfen, im konkreten Fall, anhand klarer Kriterien, mit Blick auf die Folgen","Humus beimischen; Tragfähigkeit senken, anhand klarer Kriterien, mit Blick auf die Folgen, bei Bedarf im Team",C,"Fundationsschichten brauchen geeignetes, sauberes und verdichtbares Material.","Bildungsplan Verkehrswegbau EFZ, Infra Suisse/SBFI",https://infra-suisse.ch/wp-content/uploads/2016/09/bildungsplan-2014_verkehrswegbau_efz_infra.pdf
strassenbau,Strassenbauer/in EFZ,stb_hk7,Verkehrswege erstellen und sanieren,130,Fundationen und Planien,single_choice,medium,20,Welche Entscheidung ist bei «Schichtdicke» sinnvoll?,Unregelmässig verteilen; Ebenheit stören,Masse schätzen; Qualität riskieren,Zu dick einbauen; Verdichtung schwächen,Dicke kontrollieren; Lagen einhalten,D,Schichtdicken müssen zur Verdichtung und zum Aufbau passen.,"Bildungsplan Verkehrswegbau EFZ, Infra Suisse/SBFI",https://infra-suisse.ch/wp-content/uploads/2016/09/bildungsplan-2014_verkehrswegbau_efz_infra.pdf
strassenbau,Strassenbauer/in EFZ,stb_hk7,Verkehrswege erstellen und sanieren,130,Fundationen und Planien,single_choice,easy,21,Welche Aussage passt am besten zu «Geotextil»?,Funktion beachten; Überlappung sichern,Richtung ignorieren; Filter stören,Falten einbauen; Wirkung mindern,Beschädigung dulden; Trennung schwächen,A,"Geotextilien trennen, filtern oder stabilisieren je nach Vorgabe.","Bildungsplan Verkehrswegbau EFZ, Infra Suisse/SBFI",https://infra-suisse.ch/wp-content/uploads/2016/09/bildungsplan-2014_verkehrswegbau_efz_infra.pdf
strassenbau,Strassenbauer/in EFZ,stb_hk7,Verkehrswege erstellen und sanieren,130,Fundationen und Planien,single_choice,medium,22,Was ist bei «Rohplanie» fachlich am wichtigsten?,Kontrolle meiden; Fehler vergrössern,Profil herstellen; Höhe annähern,Uneben verteilen; Material verschwenden,Gefälle vergessen; Wasser stauen,B,Die Rohplanie bildet die grobe Form für die Feinplanie.,"Bildungsplan Verkehrswegbau EFZ, Infra Suisse/SBFI",https://infra-suisse.ch/wp-content/uploads/2016/09/bildungsplan-2014_verkehrswegbau_efz_infra.pdf
strassenbau,Strassenbauer/in EFZ,stb_hk7,Verkehrswege erstellen und sanieren,130,Fundationen und Planien,single_choice,medium,23,Welche Vorgehensweise ist im Thema «Feinplanie» richtig?,"Lose Stellen dulden; Qualität mindern, mit Blick auf die Folgen, bei Bedarf im Team, im konkreten Fall, anhand klarer Kriterien, mit Blick auf die Folgen","Riefen belassen; Belag stören, bei Bedarf im Team, im konkreten Fall, anhand klarer Kriterien, mit Blick auf die Folgen, bei Bedarf im Team","Ebenheit sichern; Sollhöhe treffen, im konkreten Fall, anhand klarer Kriterien, mit Blick auf die Folgen, bei Bedarf im Team, im konkreten Fall","Höhe schätzen; Schichtdicke verfälschen, anhand klarer Kriterien, mit Blick auf die Folgen, bei Bedarf im Team, im konkreten Fall, anhand klarer Kriterien",C,Die Feinplanie beeinflusst Ebenheit und Dicke der folgenden Schichten.,"Bildungsplan Verkehrswegbau EFZ, Infra Suisse/SBFI",https://infra-suisse.ch/wp-content/uploads/2016/09/bildungsplan-2014_verkehrswegbau_efz_infra.pdf
strassenbau,Strassenbauer/in EFZ,stb_hk7,Verkehrswege erstellen und sanieren,130,Fundationen und Planien,single_choice,hard,24,Welche Handlung zeigt ein gutes Verständnis von «Verdichtungskontrolle»?,"Gerät falsch wählen; Wirkung verlieren, bei Bedarf im Team","Radeindrücke ignorieren; Schwachstellen lassen, im konkreten Fall","Zu früh weiterbauen; Setzungen riskieren, anhand klarer Kriterien","Spuren beobachten; Messwerte prüfen, mit Blick auf die Folgen",D,Verdichtung wird visuell und bei Bedarf mit Messverfahren geprüft.,"Bildungsplan Verkehrswegbau EFZ, Infra Suisse/SBFI",https://infra-suisse.ch/wp-content/uploads/2016/09/bildungsplan-2014_verkehrswegbau_efz_infra.pdf
strassenbau,Strassenbauer/in EFZ,stb_hk7,Verkehrswege erstellen und sanieren,130,Fundationen und Planien,single_choice,medium,25,Welche Entscheidung ist bei «Fundationsmaterial» sinnvoll?,"Körnung beachten; Sauberkeit prüfen, im konkreten Fall, anhand klarer Kriterien, mit Blick auf die Folgen","Humus beimischen; Tragfähigkeit senken, anhand klarer Kriterien, mit Blick auf die Folgen, bei Bedarf im Team","Falsches Material nutzen; Verdichtung stören, mit Blick auf die Folgen, bei Bedarf im Team, im konkreten Fall","Nässe ignorieren; Frostschaden fördern, bei Bedarf im Team, im konkreten Fall, anhand klarer Kriterien",A,"Fundationsschichten brauchen geeignetes, sauberes und verdichtbares Material.","Bildungsplan Verkehrswegbau EFZ, Infra Suisse/SBFI",https://infra-suisse.ch/wp-content/uploads/2016/09/bildungsplan-2014_verkehrswegbau_efz_infra.pdf
strassenbau,Strassenbauer/in EFZ,stb_hk7,Verkehrswege erstellen und sanieren,130,Fundationen und Planien,single_choice,easy,26,Welche Aussage passt am besten zu «Schichtdicke»?,Zu dick einbauen; Verdichtung schwächen,Dicke kontrollieren; Lagen einhalten,Unregelmässig verteilen; Ebenheit stören,Masse schätzen; Qualität riskieren,B,Schichtdicken müssen zur Verdichtung und zum Aufbau passen.,"Bildungsplan Verkehrswegbau EFZ, Infra Suisse/SBFI",https://infra-suisse.ch/wp-content/uploads/2016/09/bildungsplan-2014_verkehrswegbau_efz_infra.pdf
strassenbau,Strassenbauer/in EFZ,stb_hk7,Verkehrswege erstellen und sanieren,130,Fundationen und Planien,single_choice,medium,27,Was ist bei «Geotextil» fachlich am wichtigsten?,Falten einbauen; Wirkung mindern,Beschädigung dulden; Trennung schwächen,Funktion beachten; Überlappung sichern,Richtung ignorieren; Filter stören,C,"Geotextilien trennen, filtern oder stabilisieren je nach Vorgabe.","Bildungsplan Verkehrswegbau EFZ, Infra Suisse/SBFI",https://infra-suisse.ch/wp-content/uploads/2016/09/bildungsplan-2014_verkehrswegbau_efz_infra.pdf
strassenbau,Strassenbauer/in EFZ,stb_hk7,Verkehrswege erstellen und sanieren,130,Fundationen und Planien,single_choice,medium,28,Welche Vorgehensweise ist im Thema «Rohplanie» richtig?,Uneben verteilen; Material verschwenden,Gefälle vergessen; Wasser stauen,Kontrolle meiden; Fehler vergrössern,Profil herstellen; Höhe annähern,D,Die Rohplanie bildet die grobe Form für die Feinplanie.,"Bildungsplan Verkehrswegbau EFZ, Infra Suisse/SBFI",https://infra-suisse.ch/wp-content/uploads/2016/09/bildungsplan-2014_verkehrswegbau_efz_infra.pdf
strassenbau,Strassenbauer/in EFZ,stb_hk7,Verkehrswege erstellen und sanieren,130,Fundationen und Planien,single_choice,hard,29,Welche Handlung zeigt ein gutes Verständnis von «Feinplanie»?,"Ebenheit sichern; Sollhöhe treffen, im konkreten Fall, anhand klarer Kriterien, mit Blick auf die Folgen, bei Bedarf im Team, im konkreten Fall","Höhe schätzen; Schichtdicke verfälschen, anhand klarer Kriterien, mit Blick auf die Folgen, bei Bedarf im Team, im konkreten Fall, anhand klarer Kriterien","Lose Stellen dulden; Qualität mindern, mit Blick auf die Folgen, bei Bedarf im Team, im konkreten Fall, anhand klarer Kriterien, mit Blick auf die Folgen","Riefen belassen; Belag stören, bei Bedarf im Team, im konkreten Fall, anhand klarer Kriterien, mit Blick auf die Folgen, bei Bedarf im Team",A,Die Feinplanie beeinflusst Ebenheit und Dicke der folgenden Schichten.,"Bildungsplan Verkehrswegbau EFZ, Infra Suisse/SBFI",https://infra-suisse.ch/wp-content/uploads/2016/09/bildungsplan-2014_verkehrswegbau_efz_infra.pdf
strassenbau,Strassenbauer/in EFZ,stb_hk7,Verkehrswege erstellen und sanieren,130,Fundationen und Planien,single_choice,medium,30,Welche Entscheidung ist bei «Verdichtungskontrolle» sinnvoll?,"Zu früh weiterbauen; Setzungen riskieren, anhand klarer Kriterien","Spuren beobachten; Messwerte prüfen, mit Blick auf die Folgen","Gerät falsch wählen; Wirkung verlieren, bei Bedarf im Team","Radeindrücke ignorieren; Schwachstellen lassen, im konkreten Fall",B,Verdichtung wird visuell und bei Bedarf mit Messverfahren geprüft.,"Bildungsplan Verkehrswegbau EFZ, Infra Suisse/SBFI",https://infra-suisse.ch/wp-content/uploads/2016/09/bildungsplan-2014_verkehrswegbau_efz_infra.pdf
strassenbau,Strassenbauer/in EFZ,stb_hk7,Verkehrswege erstellen und sanieren,140,Pflästerung,single_choice,easy,1,Welche Aussage passt am besten zu «Randabschluss»?,"Linie sichern; Rückenstütze ausbilden, im konkreten Fall, anhand klarer Kriterien, mit Blick auf die Folgen, bei Bedarf im Team, im konkreten Fall","Stein lose setzen; Verschiebung riskieren, anhand klarer Kriterien, mit Blick auf die Folgen, bei Bedarf im Team, im konkreten Fall, anhand klarer Kriterien","Höhe raten; Anschluss stören, mit Blick auf die Folgen, bei Bedarf im Team, im konkreten Fall, anhand klarer Kriterien, mit Blick auf die Folgen","Beton sparen; Stabilität senken, bei Bedarf im Team, im konkreten Fall, anhand klarer Kriterien, mit Blick auf die Folgen, bei Bedarf im Team",A,"Randabschlüsse führen, begrenzen und stabilisieren Verkehrsflächen.","Bildungsplan Verkehrswegbau EFZ, Infra Suisse/SBFI",https://infra-suisse.ch/wp-content/uploads/2016/09/bildungsplan-2014_verkehrswegbau_efz_infra.pdf
strassenbau,Strassenbauer/in EFZ,stb_hk7,Verkehrswege erstellen und sanieren,140,Pflästerung,single_choice,medium,2,Was ist bei «Bettung» fachlich am wichtigsten?,"Uneben abziehen; Steine kippen, anhand klarer Kriterien, mit Blick auf die Folgen, bei Bedarf im Team","Dicke einhalten; Material passend wählen, mit Blick auf die Folgen, bei Bedarf im Team, im konkreten Fall","Zu nass arbeiten; Setzung fördern, bei Bedarf im Team, im konkreten Fall, anhand klarer Kriterien","Unterlage mischen; Ebenheit stören, im konkreten Fall, anhand klarer Kriterien, mit Blick auf die Folgen",B,"Die Bettung bestimmt Lage, Ebenheit und Tragverhalten der Steine.","Bildungsplan Verkehrswegbau EFZ, Infra Suisse/SBFI",https://infra-suisse.ch/wp-content/uploads/2016/09/bildungsplan-2014_verkehrswegbau_efz_infra.pdf
strassenbau,Strassenbauer/in EFZ,stb_hk7,Verkehrswege erstellen und sanieren,140,Pflästerung,single_choice,medium,3,Welche Vorgehensweise ist im Thema «Fugenbild» richtig?,"Fugen schliessen; Bewegung blockieren, mit Blick auf die Folgen, bei Bedarf im Team, im konkreten Fall, anhand klarer Kriterien, mit Blick auf die Folgen","Kreuzfugen häufen; Stabilität mindern, bei Bedarf im Team, im konkreten Fall, anhand klarer Kriterien, mit Blick auf die Folgen, bei Bedarf im Team","Abstände gleichmässig halten; Verband beachten, im konkreten Fall, anhand klarer Kriterien, mit Blick auf die Folgen, bei Bedarf im Team, im konkreten Fall","Muster raten; Optik stören, anhand klarer Kriterien, mit Blick auf die Folgen, bei Bedarf im Team, im konkreten Fall, anhand klarer Kriterien",C,"Fugen und Verband beeinflussen Optik, Stabilität und Entwässerung.","Bildungsplan Verkehrswegbau EFZ, Infra Suisse/SBFI",https://infra-suisse.ch/wp-content/uploads/2016/09/bildungsplan-2014_verkehrswegbau_efz_infra.pdf
strassenbau,Strassenbauer/in EFZ,stb_hk7,Verkehrswege erstellen und sanieren,140,Pflästerung,single_choice,hard,4,Welche Handlung zeigt ein gutes Verständnis von «Gefälle»?,Gegengefälle bauen; Pfützen erzeugen,Richtung vergessen; Anschluss verfehlen,Nur Auge nutzen; Funktion riskieren,Wasser ableiten; Oberfläche prüfen,D,Pflästerungen brauchen ein passendes Gefälle zur Entwässerung.,"Bildungsplan Verkehrswegbau EFZ, Infra Suisse/SBFI",https://infra-suisse.ch/wp-content/uploads/2016/09/bildungsplan-2014_verkehrswegbau_efz_infra.pdf
strassenbau,Strassenbauer/in EFZ,stb_hk7,Verkehrswege erstellen und sanieren,140,Pflästerung,single_choice,medium,5,Welche Entscheidung ist bei «Anpasssteine» sinnvoll?,"Schnitt sauber ausführen; Kanten schützen, im konkreten Fall","Lücke füllen; Optik mindern, anhand klarer Kriterien","Fugen verengen; Spannung erzeugen, mit Blick auf die Folgen","Zu kleine Stücke setzen; Bruch riskieren, bei Bedarf im Team",A,"Anpassarbeiten müssen sicher, sauber und dauerhaft ausgeführt werden.","Bildungsplan Verkehrswegbau EFZ, Infra Suisse/SBFI",https://infra-suisse.ch/wp-content/uploads/2016/09/bildungsplan-2014_verkehrswegbau_efz_infra.pdf
strassenbau,Strassenbauer/in EFZ,stb_hk7,Verkehrswege erstellen und sanieren,140,Pflästerung,single_choice,easy,6,Welche Aussage passt am besten zu «Abrütteln»?,"Fugen nicht füllen; Lage verschieben, anhand klarer Kriterien, mit Blick auf die Folgen, bei Bedarf im Team, im konkreten Fall, anhand klarer Kriterien","Fläche gleichmässig verdichten; Schutzmatte nutzen, mit Blick auf die Folgen, bei Bedarf im Team, im konkreten Fall, anhand klarer Kriterien, mit Blick auf die Folgen","Punktuell rütteln; Unebenheit erzeugen, bei Bedarf im Team, im konkreten Fall, anhand klarer Kriterien, mit Blick auf die Folgen, bei Bedarf im Team","Sofort ohne Schutz rütteln; Kanten beschädigen, im konkreten Fall, anhand klarer Kriterien, mit Blick auf die Folgen, bei Bedarf im Team, im konkreten Fall",B,Abrütteln schliesst die Fläche und setzt die Steine in die Bettung.,"Bildungsplan Verkehrswegbau EFZ, Infra Suisse/SBFI",https://infra-suisse.ch/wp-content/uploads/2016/09/bildungsplan-2014_verkehrswegbau_efz_infra.pdf
strassenbau,Strassenbauer/in EFZ,stb_hk7,Verkehrswege erstellen und sanieren,140,Pflästerung,single_choice,medium,7,Was ist bei «Randabschluss» fachlich am wichtigsten?,"Höhe raten; Anschluss stören, mit Blick auf die Folgen, bei Bedarf im Team, im konkreten Fall, anhand klarer Kriterien, mit Blick auf die Folgen","Beton sparen; Stabilität senken, bei Bedarf im Team, im konkreten Fall, anhand klarer Kriterien, mit Blick auf die Folgen, bei Bedarf im Team","Linie sichern; Rückenstütze ausbilden, im konkreten Fall, anhand klarer Kriterien, mit Blick auf die Folgen, bei Bedarf im Team, im konkreten Fall","Stein lose setzen; Verschiebung riskieren, anhand klarer Kriterien, mit Blick auf die Folgen, bei Bedarf im Team, im konkreten Fall, anhand klarer Kriterien",C,"Randabschlüsse führen, begrenzen und stabilisieren Verkehrsflächen.","Bildungsplan Verkehrswegbau EFZ, Infra Suisse/SBFI",https://infra-suisse.ch/wp-content/uploads/2016/09/bildungsplan-2014_verkehrswegbau_efz_infra.pdf
strassenbau,Strassenbauer/in EFZ,stb_hk7,Verkehrswege erstellen und sanieren,140,Pflästerung,single_choice,medium,8,Welche Vorgehensweise ist im Thema «Bettung» richtig?,"Zu nass arbeiten; Setzung fördern, bei Bedarf im Team, im konkreten Fall, anhand klarer Kriterien","Unterlage mischen; Ebenheit stören, im konkreten Fall, anhand klarer Kriterien, mit Blick auf die Folgen","Uneben abziehen; Steine kippen, anhand klarer Kriterien, mit Blick auf die Folgen, bei Bedarf im Team","Dicke einhalten; Material passend wählen, mit Blick auf die Folgen, bei Bedarf im Team, im konkreten Fall",D,"Die Bettung bestimmt Lage, Ebenheit und Tragverhalten der Steine.","Bildungsplan Verkehrswegbau EFZ, Infra Suisse/SBFI",https://infra-suisse.ch/wp-content/uploads/2016/09/bildungsplan-2014_verkehrswegbau_efz_infra.pdf
strassenbau,Strassenbauer/in EFZ,stb_hk7,Verkehrswege erstellen und sanieren,140,Pflästerung,single_choice,hard,9,Welche Handlung zeigt ein gutes Verständnis von «Fugenbild»?,"Abstände gleichmässig halten; Verband beachten, im konkreten Fall, anhand klarer Kriterien, mit Blick auf die Folgen, bei Bedarf im Team, im konkreten Fall","Muster raten; Optik stören, anhand klarer Kriterien, mit Blick auf die Folgen, bei Bedarf im Team, im konkreten Fall, anhand klarer Kriterien","Fugen schliessen; Bewegung blockieren, mit Blick auf die Folgen, bei Bedarf im Team, im konkreten Fall, anhand klarer Kriterien, mit Blick auf die Folgen","Kreuzfugen häufen; Stabilität mindern, bei Bedarf im Team, im konkreten Fall, anhand klarer Kriterien, mit Blick auf die Folgen, bei Bedarf im Team",A,"Fugen und Verband beeinflussen Optik, Stabilität und Entwässerung.","Bildungsplan Verkehrswegbau EFZ, Infra Suisse/SBFI",https://infra-suisse.ch/wp-content/uploads/2016/09/bildungsplan-2014_verkehrswegbau_efz_infra.pdf
strassenbau,Strassenbauer/in EFZ,stb_hk7,Verkehrswege erstellen und sanieren,140,Pflästerung,single_choice,medium,10,Welche Entscheidung ist bei «Gefälle» sinnvoll?,Nur Auge nutzen; Funktion riskieren,Wasser ableiten; Oberfläche prüfen,Gegengefälle bauen; Pfützen erzeugen,Richtung vergessen; Anschluss verfehlen,B,Pflästerungen brauchen ein passendes Gefälle zur Entwässerung.,"Bildungsplan Verkehrswegbau EFZ, Infra Suisse/SBFI",https://infra-suisse.ch/wp-content/uploads/2016/09/bildungsplan-2014_verkehrswegbau_efz_infra.pdf
strassenbau,Strassenbauer/in EFZ,stb_hk7,Verkehrswege erstellen und sanieren,140,Pflästerung,single_choice,easy,11,Welche Aussage passt am besten zu «Anpasssteine»?,"Fugen verengen; Spannung erzeugen, mit Blick auf die Folgen","Zu kleine Stücke setzen; Bruch riskieren, bei Bedarf im Team","Schnitt sauber ausführen; Kanten schützen, im konkreten Fall","Lücke füllen; Optik mindern, anhand klarer Kriterien",C,"Anpassarbeiten müssen sicher, sauber und dauerhaft ausgeführt werden.","Bildungsplan Verkehrswegbau EFZ, Infra Suisse/SBFI",https://infra-suisse.ch/wp-content/uploads/2016/09/bildungsplan-2014_verkehrswegbau_efz_infra.pdf
strassenbau,Strassenbauer/in EFZ,stb_hk7,Verkehrswege erstellen und sanieren,140,Pflästerung,single_choice,medium,12,Was ist bei «Abrütteln» fachlich am wichtigsten?,"Punktuell rütteln; Unebenheit erzeugen, bei Bedarf im Team, im konkreten Fall, anhand klarer Kriterien, mit Blick auf die Folgen, bei Bedarf im Team","Sofort ohne Schutz rütteln; Kanten beschädigen, im konkreten Fall, anhand klarer Kriterien, mit Blick auf die Folgen, bei Bedarf im Team, im konkreten Fall","Fugen nicht füllen; Lage verschieben, anhand klarer Kriterien, mit Blick auf die Folgen, bei Bedarf im Team, im konkreten Fall, anhand klarer Kriterien","Fläche gleichmässig verdichten; Schutzmatte nutzen, mit Blick auf die Folgen, bei Bedarf im Team, im konkreten Fall, anhand klarer Kriterien, mit Blick auf die Folgen",D,Abrütteln schliesst die Fläche und setzt die Steine in die Bettung.,"Bildungsplan Verkehrswegbau EFZ, Infra Suisse/SBFI",https://infra-suisse.ch/wp-content/uploads/2016/09/bildungsplan-2014_verkehrswegbau_efz_infra.pdf
strassenbau,Strassenbauer/in EFZ,stb_hk7,Verkehrswege erstellen und sanieren,140,Pflästerung,single_choice,medium,13,Welche Vorgehensweise ist im Thema «Randabschluss» richtig?,"Linie sichern; Rückenstütze ausbilden, im konkreten Fall, anhand klarer Kriterien, mit Blick auf die Folgen, bei Bedarf im Team, im konkreten Fall","Stein lose setzen; Verschiebung riskieren, anhand klarer Kriterien, mit Blick auf die Folgen, bei Bedarf im Team, im konkreten Fall, anhand klarer Kriterien","Höhe raten; Anschluss stören, mit Blick auf die Folgen, bei Bedarf im Team, im konkreten Fall, anhand klarer Kriterien, mit Blick auf die Folgen","Beton sparen; Stabilität senken, bei Bedarf im Team, im konkreten Fall, anhand klarer Kriterien, mit Blick auf die Folgen, bei Bedarf im Team",A,"Randabschlüsse führen, begrenzen und stabilisieren Verkehrsflächen.","Bildungsplan Verkehrswegbau EFZ, Infra Suisse/SBFI",https://infra-suisse.ch/wp-content/uploads/2016/09/bildungsplan-2014_verkehrswegbau_efz_infra.pdf
strassenbau,Strassenbauer/in EFZ,stb_hk7,Verkehrswege erstellen und sanieren,140,Pflästerung,single_choice,hard,14,Welche Handlung zeigt ein gutes Verständnis von «Bettung»?,"Uneben abziehen; Steine kippen, anhand klarer Kriterien, mit Blick auf die Folgen, bei Bedarf im Team","Dicke einhalten; Material passend wählen, mit Blick auf die Folgen, bei Bedarf im Team, im konkreten Fall","Zu nass arbeiten; Setzung fördern, bei Bedarf im Team, im konkreten Fall, anhand klarer Kriterien","Unterlage mischen; Ebenheit stören, im konkreten Fall, anhand klarer Kriterien, mit Blick auf die Folgen",B,"Die Bettung bestimmt Lage, Ebenheit und Tragverhalten der Steine.","Bildungsplan Verkehrswegbau EFZ, Infra Suisse/SBFI",https://infra-suisse.ch/wp-content/uploads/2016/09/bildungsplan-2014_verkehrswegbau_efz_infra.pdf
strassenbau,Strassenbauer/in EFZ,stb_hk7,Verkehrswege erstellen und sanieren,140,Pflästerung,single_choice,medium,15,Welche Entscheidung ist bei «Fugenbild» sinnvoll?,"Fugen schliessen; Bewegung blockieren, mit Blick auf die Folgen, bei Bedarf im Team, im konkreten Fall, anhand klarer Kriterien, mit Blick auf die Folgen","Kreuzfugen häufen; Stabilität mindern, bei Bedarf im Team, im konkreten Fall, anhand klarer Kriterien, mit Blick auf die Folgen, bei Bedarf im Team","Abstände gleichmässig halten; Verband beachten, im konkreten Fall, anhand klarer Kriterien, mit Blick auf die Folgen, bei Bedarf im Team, im konkreten Fall","Muster raten; Optik stören, anhand klarer Kriterien, mit Blick auf die Folgen, bei Bedarf im Team, im konkreten Fall, anhand klarer Kriterien",C,"Fugen und Verband beeinflussen Optik, Stabilität und Entwässerung.","Bildungsplan Verkehrswegbau EFZ, Infra Suisse/SBFI",https://infra-suisse.ch/wp-content/uploads/2016/09/bildungsplan-2014_verkehrswegbau_efz_infra.pdf
strassenbau,Strassenbauer/in EFZ,stb_hk7,Verkehrswege erstellen und sanieren,140,Pflästerung,single_choice,easy,16,Welche Aussage passt am besten zu «Gefälle»?,Gegengefälle bauen; Pfützen erzeugen,Richtung vergessen; Anschluss verfehlen,Nur Auge nutzen; Funktion riskieren,Wasser ableiten; Oberfläche prüfen,D,Pflästerungen brauchen ein passendes Gefälle zur Entwässerung.,"Bildungsplan Verkehrswegbau EFZ, Infra Suisse/SBFI",https://infra-suisse.ch/wp-content/uploads/2016/09/bildungsplan-2014_verkehrswegbau_efz_infra.pdf
strassenbau,Strassenbauer/in EFZ,stb_hk7,Verkehrswege erstellen und sanieren,140,Pflästerung,single_choice,medium,17,Was ist bei «Anpasssteine» fachlich am wichtigsten?,"Schnitt sauber ausführen; Kanten schützen, im konkreten Fall","Lücke füllen; Optik mindern, anhand klarer Kriterien","Fugen verengen; Spannung erzeugen, mit Blick auf die Folgen","Zu kleine Stücke setzen; Bruch riskieren, bei Bedarf im Team",A,"Anpassarbeiten müssen sicher, sauber und dauerhaft ausgeführt werden.","Bildungsplan Verkehrswegbau EFZ, Infra Suisse/SBFI",https://infra-suisse.ch/wp-content/uploads/2016/09/bildungsplan-2014_verkehrswegbau_efz_infra.pdf
strassenbau,Strassenbauer/in EFZ,stb_hk7,Verkehrswege erstellen und sanieren,140,Pflästerung,single_choice,medium,18,Welche Vorgehensweise ist im Thema «Abrütteln» richtig?,"Fugen nicht füllen; Lage verschieben, anhand klarer Kriterien, mit Blick auf die Folgen, bei Bedarf im Team, im konkreten Fall, anhand klarer Kriterien","Fläche gleichmässig verdichten; Schutzmatte nutzen, mit Blick auf die Folgen, bei Bedarf im Team, im konkreten Fall, anhand klarer Kriterien, mit Blick auf die Folgen","Punktuell rütteln; Unebenheit erzeugen, bei Bedarf im Team, im konkreten Fall, anhand klarer Kriterien, mit Blick auf die Folgen, bei Bedarf im Team","Sofort ohne Schutz rütteln; Kanten beschädigen, im konkreten Fall, anhand klarer Kriterien, mit Blick auf die Folgen, bei Bedarf im Team, im konkreten Fall",B,Abrütteln schliesst die Fläche und setzt die Steine in die Bettung.,"Bildungsplan Verkehrswegbau EFZ, Infra Suisse/SBFI",https://infra-suisse.ch/wp-content/uploads/2016/09/bildungsplan-2014_verkehrswegbau_efz_infra.pdf
strassenbau,Strassenbauer/in EFZ,stb_hk7,Verkehrswege erstellen und sanieren,140,Pflästerung,single_choice,hard,19,Welche Handlung zeigt ein gutes Verständnis von «Randabschluss»?,"Höhe raten; Anschluss stören, mit Blick auf die Folgen, bei Bedarf im Team, im konkreten Fall, anhand klarer Kriterien, mit Blick auf die Folgen","Beton sparen; Stabilität senken, bei Bedarf im Team, im konkreten Fall, anhand klarer Kriterien, mit Blick auf die Folgen, bei Bedarf im Team","Linie sichern; Rückenstütze ausbilden, im konkreten Fall, anhand klarer Kriterien, mit Blick auf die Folgen, bei Bedarf im Team, im konkreten Fall","Stein lose setzen; Verschiebung riskieren, anhand klarer Kriterien, mit Blick auf die Folgen, bei Bedarf im Team, im konkreten Fall, anhand klarer Kriterien",C,"Randabschlüsse führen, begrenzen und stabilisieren Verkehrsflächen.","Bildungsplan Verkehrswegbau EFZ, Infra Suisse/SBFI",https://infra-suisse.ch/wp-content/uploads/2016/09/bildungsplan-2014_verkehrswegbau_efz_infra.pdf
strassenbau,Strassenbauer/in EFZ,stb_hk7,Verkehrswege erstellen und sanieren,140,Pflästerung,single_choice,medium,20,Welche Entscheidung ist bei «Bettung» sinnvoll?,"Zu nass arbeiten; Setzung fördern, bei Bedarf im Team, im konkreten Fall, anhand klarer Kriterien","Unterlage mischen; Ebenheit stören, im konkreten Fall, anhand klarer Kriterien, mit Blick auf die Folgen","Uneben abziehen; Steine kippen, anhand klarer Kriterien, mit Blick auf die Folgen, bei Bedarf im Team","Dicke einhalten; Material passend wählen, mit Blick auf die Folgen, bei Bedarf im Team, im konkreten Fall",D,"Die Bettung bestimmt Lage, Ebenheit und Tragverhalten der Steine.","Bildungsplan Verkehrswegbau EFZ, Infra Suisse/SBFI",https://infra-suisse.ch/wp-content/uploads/2016/09/bildungsplan-2014_verkehrswegbau_efz_infra.pdf
strassenbau,Strassenbauer/in EFZ,stb_hk7,Verkehrswege erstellen und sanieren,140,Pflästerung,single_choice,easy,21,Welche Aussage passt am besten zu «Fugenbild»?,"Abstände gleichmässig halten; Verband beachten, im konkreten Fall, anhand klarer Kriterien, mit Blick auf die Folgen, bei Bedarf im Team, im konkreten Fall","Muster raten; Optik stören, anhand klarer Kriterien, mit Blick auf die Folgen, bei Bedarf im Team, im konkreten Fall, anhand klarer Kriterien","Fugen schliessen; Bewegung blockieren, mit Blick auf die Folgen, bei Bedarf im Team, im konkreten Fall, anhand klarer Kriterien, mit Blick auf die Folgen","Kreuzfugen häufen; Stabilität mindern, bei Bedarf im Team, im konkreten Fall, anhand klarer Kriterien, mit Blick auf die Folgen, bei Bedarf im Team",A,"Fugen und Verband beeinflussen Optik, Stabilität und Entwässerung.","Bildungsplan Verkehrswegbau EFZ, Infra Suisse/SBFI",https://infra-suisse.ch/wp-content/uploads/2016/09/bildungsplan-2014_verkehrswegbau_efz_infra.pdf
strassenbau,Strassenbauer/in EFZ,stb_hk7,Verkehrswege erstellen und sanieren,140,Pflästerung,single_choice,medium,22,Was ist bei «Gefälle» fachlich am wichtigsten?,Nur Auge nutzen; Funktion riskieren,Wasser ableiten; Oberfläche prüfen,Gegengefälle bauen; Pfützen erzeugen,Richtung vergessen; Anschluss verfehlen,B,Pflästerungen brauchen ein passendes Gefälle zur Entwässerung.,"Bildungsplan Verkehrswegbau EFZ, Infra Suisse/SBFI",https://infra-suisse.ch/wp-content/uploads/2016/09/bildungsplan-2014_verkehrswegbau_efz_infra.pdf
strassenbau,Strassenbauer/in EFZ,stb_hk7,Verkehrswege erstellen und sanieren,140,Pflästerung,single_choice,medium,23,Welche Vorgehensweise ist im Thema «Anpasssteine» richtig?,"Fugen verengen; Spannung erzeugen, mit Blick auf die Folgen","Zu kleine Stücke setzen; Bruch riskieren, bei Bedarf im Team","Schnitt sauber ausführen; Kanten schützen, im konkreten Fall","Lücke füllen; Optik mindern, anhand klarer Kriterien",C,"Anpassarbeiten müssen sicher, sauber und dauerhaft ausgeführt werden.","Bildungsplan Verkehrswegbau EFZ, Infra Suisse/SBFI",https://infra-suisse.ch/wp-content/uploads/2016/09/bildungsplan-2014_verkehrswegbau_efz_infra.pdf
strassenbau,Strassenbauer/in EFZ,stb_hk7,Verkehrswege erstellen und sanieren,140,Pflästerung,single_choice,hard,24,Welche Handlung zeigt ein gutes Verständnis von «Abrütteln»?,"Punktuell rütteln; Unebenheit erzeugen, bei Bedarf im Team, im konkreten Fall, anhand klarer Kriterien, mit Blick auf die Folgen, bei Bedarf im Team","Sofort ohne Schutz rütteln; Kanten beschädigen, im konkreten Fall, anhand klarer Kriterien, mit Blick auf die Folgen, bei Bedarf im Team, im konkreten Fall","Fugen nicht füllen; Lage verschieben, anhand klarer Kriterien, mit Blick auf die Folgen, bei Bedarf im Team, im konkreten Fall, anhand klarer Kriterien","Fläche gleichmässig verdichten; Schutzmatte nutzen, mit Blick auf die Folgen, bei Bedarf im Team, im konkreten Fall, anhand klarer Kriterien, mit Blick auf die Folgen",D,Abrütteln schliesst die Fläche und setzt die Steine in die Bettung.,"Bildungsplan Verkehrswegbau EFZ, Infra Suisse/SBFI",https://infra-suisse.ch/wp-content/uploads/2016/09/bildungsplan-2014_verkehrswegbau_efz_infra.pdf
strassenbau,Strassenbauer/in EFZ,stb_hk7,Verkehrswege erstellen und sanieren,140,Pflästerung,single_choice,medium,25,Welche Entscheidung ist bei «Randabschluss» sinnvoll?,"Linie sichern; Rückenstütze ausbilden, im konkreten Fall, anhand klarer Kriterien, mit Blick auf die Folgen, bei Bedarf im Team, im konkreten Fall","Stein lose setzen; Verschiebung riskieren, anhand klarer Kriterien, mit Blick auf die Folgen, bei Bedarf im Team, im konkreten Fall, anhand klarer Kriterien","Höhe raten; Anschluss stören, mit Blick auf die Folgen, bei Bedarf im Team, im konkreten Fall, anhand klarer Kriterien, mit Blick auf die Folgen","Beton sparen; Stabilität senken, bei Bedarf im Team, im konkreten Fall, anhand klarer Kriterien, mit Blick auf die Folgen, bei Bedarf im Team",A,"Randabschlüsse führen, begrenzen und stabilisieren Verkehrsflächen.","Bildungsplan Verkehrswegbau EFZ, Infra Suisse/SBFI",https://infra-suisse.ch/wp-content/uploads/2016/09/bildungsplan-2014_verkehrswegbau_efz_infra.pdf
strassenbau,Strassenbauer/in EFZ,stb_hk7,Verkehrswege erstellen und sanieren,140,Pflästerung,single_choice,easy,26,Welche Aussage passt am besten zu «Bettung»?,"Uneben abziehen; Steine kippen, anhand klarer Kriterien, mit Blick auf die Folgen, bei Bedarf im Team","Dicke einhalten; Material passend wählen, mit Blick auf die Folgen, bei Bedarf im Team, im konkreten Fall","Zu nass arbeiten; Setzung fördern, bei Bedarf im Team, im konkreten Fall, anhand klarer Kriterien","Unterlage mischen; Ebenheit stören, im konkreten Fall, anhand klarer Kriterien, mit Blick auf die Folgen",B,"Die Bettung bestimmt Lage, Ebenheit und Tragverhalten der Steine.","Bildungsplan Verkehrswegbau EFZ, Infra Suisse/SBFI",https://infra-suisse.ch/wp-content/uploads/2016/09/bildungsplan-2014_verkehrswegbau_efz_infra.pdf
strassenbau,Strassenbauer/in EFZ,stb_hk7,Verkehrswege erstellen und sanieren,140,Pflästerung,single_choice,medium,27,Was ist bei «Fugenbild» fachlich am wichtigsten?,"Fugen schliessen; Bewegung blockieren, mit Blick auf die Folgen, bei Bedarf im Team, im konkreten Fall, anhand klarer Kriterien, mit Blick auf die Folgen","Kreuzfugen häufen; Stabilität mindern, bei Bedarf im Team, im konkreten Fall, anhand klarer Kriterien, mit Blick auf die Folgen, bei Bedarf im Team","Abstände gleichmässig halten; Verband beachten, im konkreten Fall, anhand klarer Kriterien, mit Blick auf die Folgen, bei Bedarf im Team, im konkreten Fall","Muster raten; Optik stören, anhand klarer Kriterien, mit Blick auf die Folgen, bei Bedarf im Team, im konkreten Fall, anhand klarer Kriterien",C,"Fugen und Verband beeinflussen Optik, Stabilität und Entwässerung.","Bildungsplan Verkehrswegbau EFZ, Infra Suisse/SBFI",https://infra-suisse.ch/wp-content/uploads/2016/09/bildungsplan-2014_verkehrswegbau_efz_infra.pdf
strassenbau,Strassenbauer/in EFZ,stb_hk7,Verkehrswege erstellen und sanieren,140,Pflästerung,single_choice,medium,28,Welche Vorgehensweise ist im Thema «Gefälle» richtig?,Gegengefälle bauen; Pfützen erzeugen,Richtung vergessen; Anschluss verfehlen,Nur Auge nutzen; Funktion riskieren,Wasser ableiten; Oberfläche prüfen,D,Pflästerungen brauchen ein passendes Gefälle zur Entwässerung.,"Bildungsplan Verkehrswegbau EFZ, Infra Suisse/SBFI",https://infra-suisse.ch/wp-content/uploads/2016/09/bildungsplan-2014_verkehrswegbau_efz_infra.pdf
strassenbau,Strassenbauer/in EFZ,stb_hk7,Verkehrswege erstellen und sanieren,140,Pflästerung,single_choice,hard,29,Welche Handlung zeigt ein gutes Verständnis von «Anpasssteine»?,"Schnitt sauber ausführen; Kanten schützen, im konkreten Fall","Lücke füllen; Optik mindern, anhand klarer Kriterien","Fugen verengen; Spannung erzeugen, mit Blick auf die Folgen","Zu kleine Stücke setzen; Bruch riskieren, bei Bedarf im Team",A,"Anpassarbeiten müssen sicher, sauber und dauerhaft ausgeführt werden.","Bildungsplan Verkehrswegbau EFZ, Infra Suisse/SBFI",https://infra-suisse.ch/wp-content/uploads/2016/09/bildungsplan-2014_verkehrswegbau_efz_infra.pdf
strassenbau,Strassenbauer/in EFZ,stb_hk7,Verkehrswege erstellen und sanieren,140,Pflästerung,single_choice,medium,30,Welche Entscheidung ist bei «Abrütteln» sinnvoll?,"Fugen nicht füllen; Lage verschieben, anhand klarer Kriterien, mit Blick auf die Folgen, bei Bedarf im Team, im konkreten Fall, anhand klarer Kriterien","Fläche gleichmässig verdichten; Schutzmatte nutzen, mit Blick auf die Folgen, bei Bedarf im Team, im konkreten Fall, anhand klarer Kriterien, mit Blick auf die Folgen","Punktuell rütteln; Unebenheit erzeugen, bei Bedarf im Team, im konkreten Fall, anhand klarer Kriterien, mit Blick auf die Folgen, bei Bedarf im Team","Sofort ohne Schutz rütteln; Kanten beschädigen, im konkreten Fall, anhand klarer Kriterien, mit Blick auf die Folgen, bei Bedarf im Team, im konkreten Fall",B,Abrütteln schliesst die Fläche und setzt die Steine in die Bettung.,"Bildungsplan Verkehrswegbau EFZ, Infra Suisse/SBFI",https://infra-suisse.ch/wp-content/uploads/2016/09/bildungsplan-2014_verkehrswegbau_efz_infra.pdf
strassenbau,Strassenbauer/in EFZ,stb_hk7,Verkehrswege erstellen und sanieren,150,Asphalt-Belagseinbau,single_choice,easy,1,Welche Aussage passt am besten zu «Unterlage»?,"Sauberkeit prüfen; Haftung sichern, im konkreten Fall","Staub belassen; Verbund schwächen, anhand klarer Kriterien","Wasser einbauen; Blasen fördern, mit Blick auf die Folgen","Unebenheit ignorieren; Dicke verfälschen, bei Bedarf im Team",A,"Asphalt braucht eine saubere, geeignete und vorbereitete Unterlage.","Bildungsplan Verkehrswegbau EFZ, Infra Suisse/SBFI",https://infra-suisse.ch/wp-content/uploads/2016/09/bildungsplan-2014_verkehrswegbau_efz_infra.pdf
strassenbau,Strassenbauer/in EFZ,stb_hk7,Verkehrswege erstellen und sanieren,150,Asphalt-Belagseinbau,single_choice,medium,2,Was ist bei «Haftbrücke» fachlich am wichtigsten?,"Zu viel spritzen; Rutschen fördern, anhand klarer Kriterien, mit Blick auf die Folgen, bei Bedarf im Team, im konkreten Fall, anhand klarer Kriterien","Dosierung beachten; Fläche gleichmässig behandeln, mit Blick auf die Folgen, bei Bedarf im Team, im konkreten Fall, anhand klarer Kriterien","Auslassen; Verbund verlieren, bei Bedarf im Team, im konkreten Fall, anhand klarer Kriterien, mit Blick auf die Folgen, bei Bedarf im Team, im konkreten Fall","Verschmutzen; Wirkung mindern, im konkreten Fall, anhand klarer Kriterien, mit Blick auf die Folgen, bei Bedarf im Team, im konkreten Fall",B,Haftvermittler verbessert den Verbund zwischen Schichten.,"Bildungsplan Verkehrswegbau EFZ, Infra Suisse/SBFI",https://infra-suisse.ch/wp-content/uploads/2016/09/bildungsplan-2014_verkehrswegbau_efz_infra.pdf
strassenbau,Strassenbauer/in EFZ,stb_hk7,Verkehrswege erstellen und sanieren,150,Asphalt-Belagseinbau,single_choice,medium,3,Welche Vorgehensweise ist im Thema «Temperatur» richtig?,Zu kalt einbauen; Verdichtung schwächen,Lange warten; Qualität verlieren,Einbauzeit beachten; Mischgut schützen,Wetter ignorieren; Risiko erhöhen,C,Asphalt muss im passenden Temperaturfenster eingebaut und verdichtet werden.,"Bildungsplan Verkehrswegbau EFZ, Infra Suisse/SBFI",https://infra-suisse.ch/wp-content/uploads/2016/09/bildungsplan-2014_verkehrswegbau_efz_infra.pdf
strassenbau,Strassenbauer/in EFZ,stb_hk7,Verkehrswege erstellen und sanieren,150,Asphalt-Belagseinbau,single_choice,hard,4,Welche Handlung zeigt ein gutes Verständnis von «Einbauhöhe»?,"Höhe raten; Anschluss verfehlen, bei Bedarf im Team, im konkreten Fall, anhand klarer Kriterien, mit Blick auf die Folgen, bei Bedarf im Team","Zu dünn einbauen; Dauerhaftigkeit senken, im konkreten Fall, anhand klarer Kriterien, mit Blick auf die Folgen, bei Bedarf im Team, im konkreten Fall","Zu dick einbauen; Verdichtung erschweren, anhand klarer Kriterien, mit Blick auf die Folgen, bei Bedarf im Team, im konkreten Fall, anhand klarer Kriterien","Dicke kontrollieren; Setzung berücksichtigen, mit Blick auf die Folgen, bei Bedarf im Team, im konkreten Fall, anhand klarer Kriterien, mit Blick auf die Folgen",D,"Einbauhöhe und Dicke bestimmen Funktion, Anschluss und Lebensdauer.","Bildungsplan Verkehrswegbau EFZ, Infra Suisse/SBFI",https://infra-suisse.ch/wp-content/uploads/2016/09/bildungsplan-2014_verkehrswegbau_efz_infra.pdf
strassenbau,Strassenbauer/in EFZ,stb_hk7,Verkehrswege erstellen und sanieren,150,Asphalt-Belagseinbau,single_choice,medium,5,Welche Entscheidung ist bei «Fugen» sinnvoll?,"Kanten vorbereiten; Fuge abdichten, im konkreten Fall, anhand klarer Kriterien, mit Blick auf die Folgen, bei Bedarf im Team, im konkreten Fall","Band vergessen; Schwachstelle erzeugen, anhand klarer Kriterien, mit Blick auf die Folgen, bei Bedarf im Team, im konkreten Fall, anhand klarer Kriterien","Naht offen lassen; Ausbruch fördern, mit Blick auf die Folgen, bei Bedarf im Team, im konkreten Fall, anhand klarer Kriterien, mit Blick auf die Folgen","Kalt anschliessen; Wasser eindringen lassen, bei Bedarf im Team, im konkreten Fall, anhand klarer Kriterien, mit Blick auf die Folgen, bei Bedarf im Team",A,Fugen sind kritische Stellen und müssen sauber ausgebildet werden.,"Bildungsplan Verkehrswegbau EFZ, Infra Suisse/SBFI",https://infra-suisse.ch/wp-content/uploads/2016/09/bildungsplan-2014_verkehrswegbau_efz_infra.pdf
strassenbau,Strassenbauer/in EFZ,stb_hk7,Verkehrswege erstellen und sanieren,150,Asphalt-Belagseinbau,single_choice,easy,6,Welche Aussage passt am besten zu «Verdichtung»?,Falsch beginnen; Spuren erzeugen,Walzschema einhalten; Hohlraum senken,Zu stark vibrieren; Korn zertrümmern,Zu spät walzen; Dichte verlieren,B,"Verdichtung gibt Asphalt Dichte, Ebenheit und Dauerhaftigkeit.","Bildungsplan Verkehrswegbau EFZ, Infra Suisse/SBFI",https://infra-suisse.ch/wp-content/uploads/2016/09/bildungsplan-2014_verkehrswegbau_efz_infra.pdf
strassenbau,Strassenbauer/in EFZ,stb_hk7,Verkehrswege erstellen und sanieren,150,Asphalt-Belagseinbau,single_choice,medium,7,Was ist bei «Unterlage» fachlich am wichtigsten?,"Wasser einbauen; Blasen fördern, mit Blick auf die Folgen","Unebenheit ignorieren; Dicke verfälschen, bei Bedarf im Team","Sauberkeit prüfen; Haftung sichern, im konkreten Fall","Staub belassen; Verbund schwächen, anhand klarer Kriterien",C,"Asphalt braucht eine saubere, geeignete und vorbereitete Unterlage.","Bildungsplan Verkehrswegbau EFZ, Infra Suisse/SBFI",https://infra-suisse.ch/wp-content/uploads/2016/09/bildungsplan-2014_verkehrswegbau_efz_infra.pdf
strassenbau,Strassenbauer/in EFZ,stb_hk7,Verkehrswege erstellen und sanieren,150,Asphalt-Belagseinbau,single_choice,medium,8,Welche Vorgehensweise ist im Thema «Haftbrücke» richtig?,"Auslassen; Verbund verlieren, bei Bedarf im Team, im konkreten Fall, anhand klarer Kriterien, mit Blick auf die Folgen, bei Bedarf im Team, im konkreten Fall","Verschmutzen; Wirkung mindern, im konkreten Fall, anhand klarer Kriterien, mit Blick auf die Folgen, bei Bedarf im Team, im konkreten Fall","Zu viel spritzen; Rutschen fördern, anhand klarer Kriterien, mit Blick auf die Folgen, bei Bedarf im Team, im konkreten Fall, anhand klarer Kriterien","Dosierung beachten; Fläche gleichmässig behandeln, mit Blick auf die Folgen, bei Bedarf im Team, im konkreten Fall, anhand klarer Kriterien",D,Haftvermittler verbessert den Verbund zwischen Schichten.,"Bildungsplan Verkehrswegbau EFZ, Infra Suisse/SBFI",https://infra-suisse.ch/wp-content/uploads/2016/09/bildungsplan-2014_verkehrswegbau_efz_infra.pdf
strassenbau,Strassenbauer/in EFZ,stb_hk7,Verkehrswege erstellen und sanieren,150,Asphalt-Belagseinbau,single_choice,hard,9,Welche Handlung zeigt ein gutes Verständnis von «Temperatur»?,Einbauzeit beachten; Mischgut schützen,Wetter ignorieren; Risiko erhöhen,Zu kalt einbauen; Verdichtung schwächen,Lange warten; Qualität verlieren,A,Asphalt muss im passenden Temperaturfenster eingebaut und verdichtet werden.,"Bildungsplan Verkehrswegbau EFZ, Infra Suisse/SBFI",https://infra-suisse.ch/wp-content/uploads/2016/09/bildungsplan-2014_verkehrswegbau_efz_infra.pdf
strassenbau,Strassenbauer/in EFZ,stb_hk7,Verkehrswege erstellen und sanieren,150,Asphalt-Belagseinbau,single_choice,medium,10,Welche Entscheidung ist bei «Einbauhöhe» sinnvoll?,"Zu dick einbauen; Verdichtung erschweren, anhand klarer Kriterien, mit Blick auf die Folgen, bei Bedarf im Team, im konkreten Fall, anhand klarer Kriterien","Dicke kontrollieren; Setzung berücksichtigen, mit Blick auf die Folgen, bei Bedarf im Team, im konkreten Fall, anhand klarer Kriterien, mit Blick auf die Folgen","Höhe raten; Anschluss verfehlen, bei Bedarf im Team, im konkreten Fall, anhand klarer Kriterien, mit Blick auf die Folgen, bei Bedarf im Team","Zu dünn einbauen; Dauerhaftigkeit senken, im konkreten Fall, anhand klarer Kriterien, mit Blick auf die Folgen, bei Bedarf im Team, im konkreten Fall",B,"Einbauhöhe und Dicke bestimmen Funktion, Anschluss und Lebensdauer.","Bildungsplan Verkehrswegbau EFZ, Infra Suisse/SBFI",https://infra-suisse.ch/wp-content/uploads/2016/09/bildungsplan-2014_verkehrswegbau_efz_infra.pdf
strassenbau,Strassenbauer/in EFZ,stb_hk7,Verkehrswege erstellen und sanieren,150,Asphalt-Belagseinbau,single_choice,easy,11,Welche Aussage passt am besten zu «Fugen»?,"Naht offen lassen; Ausbruch fördern, mit Blick auf die Folgen, bei Bedarf im Team, im konkreten Fall, anhand klarer Kriterien, mit Blick auf die Folgen","Kalt anschliessen; Wasser eindringen lassen, bei Bedarf im Team, im konkreten Fall, anhand klarer Kriterien, mit Blick auf die Folgen, bei Bedarf im Team","Kanten vorbereiten; Fuge abdichten, im konkreten Fall, anhand klarer Kriterien, mit Blick auf die Folgen, bei Bedarf im Team, im konkreten Fall","Band vergessen; Schwachstelle erzeugen, anhand klarer Kriterien, mit Blick auf die Folgen, bei Bedarf im Team, im konkreten Fall, anhand klarer Kriterien",C,Fugen sind kritische Stellen und müssen sauber ausgebildet werden.,"Bildungsplan Verkehrswegbau EFZ, Infra Suisse/SBFI",https://infra-suisse.ch/wp-content/uploads/2016/09/bildungsplan-2014_verkehrswegbau_efz_infra.pdf
strassenbau,Strassenbauer/in EFZ,stb_hk7,Verkehrswege erstellen und sanieren,150,Asphalt-Belagseinbau,single_choice,medium,12,Was ist bei «Verdichtung» fachlich am wichtigsten?,Zu stark vibrieren; Korn zertrümmern,Zu spät walzen; Dichte verlieren,Falsch beginnen; Spuren erzeugen,Walzschema einhalten; Hohlraum senken,D,"Verdichtung gibt Asphalt Dichte, Ebenheit und Dauerhaftigkeit.","Bildungsplan Verkehrswegbau EFZ, Infra Suisse/SBFI",https://infra-suisse.ch/wp-content/uploads/2016/09/bildungsplan-2014_verkehrswegbau_efz_infra.pdf
strassenbau,Strassenbauer/in EFZ,stb_hk7,Verkehrswege erstellen und sanieren,150,Asphalt-Belagseinbau,single_choice,medium,13,Welche Vorgehensweise ist im Thema «Unterlage» richtig?,"Sauberkeit prüfen; Haftung sichern, im konkreten Fall","Staub belassen; Verbund schwächen, anhand klarer Kriterien","Wasser einbauen; Blasen fördern, mit Blick auf die Folgen","Unebenheit ignorieren; Dicke verfälschen, bei Bedarf im Team",A,"Asphalt braucht eine saubere, geeignete und vorbereitete Unterlage.","Bildungsplan Verkehrswegbau EFZ, Infra Suisse/SBFI",https://infra-suisse.ch/wp-content/uploads/2016/09/bildungsplan-2014_verkehrswegbau_efz_infra.pdf
strassenbau,Strassenbauer/in EFZ,stb_hk7,Verkehrswege erstellen und sanieren,150,Asphalt-Belagseinbau,single_choice,hard,14,Welche Handlung zeigt ein gutes Verständnis von «Haftbrücke»?,"Zu viel spritzen; Rutschen fördern, anhand klarer Kriterien, mit Blick auf die Folgen, bei Bedarf im Team, im konkreten Fall, anhand klarer Kriterien","Dosierung beachten; Fläche gleichmässig behandeln, mit Blick auf die Folgen, bei Bedarf im Team, im konkreten Fall, anhand klarer Kriterien","Auslassen; Verbund verlieren, bei Bedarf im Team, im konkreten Fall, anhand klarer Kriterien, mit Blick auf die Folgen, bei Bedarf im Team, im konkreten Fall","Verschmutzen; Wirkung mindern, im konkreten Fall, anhand klarer Kriterien, mit Blick auf die Folgen, bei Bedarf im Team, im konkreten Fall",B,Haftvermittler verbessert den Verbund zwischen Schichten.,"Bildungsplan Verkehrswegbau EFZ, Infra Suisse/SBFI",https://infra-suisse.ch/wp-content/uploads/2016/09/bildungsplan-2014_verkehrswegbau_efz_infra.pdf
strassenbau,Strassenbauer/in EFZ,stb_hk7,Verkehrswege erstellen und sanieren,150,Asphalt-Belagseinbau,single_choice,medium,15,Welche Entscheidung ist bei «Temperatur» sinnvoll?,Zu kalt einbauen; Verdichtung schwächen,Lange warten; Qualität verlieren,Einbauzeit beachten; Mischgut schützen,Wetter ignorieren; Risiko erhöhen,C,Asphalt muss im passenden Temperaturfenster eingebaut und verdichtet werden.,"Bildungsplan Verkehrswegbau EFZ, Infra Suisse/SBFI",https://infra-suisse.ch/wp-content/uploads/2016/09/bildungsplan-2014_verkehrswegbau_efz_infra.pdf
strassenbau,Strassenbauer/in EFZ,stb_hk7,Verkehrswege erstellen und sanieren,150,Asphalt-Belagseinbau,single_choice,easy,16,Welche Aussage passt am besten zu «Einbauhöhe»?,"Höhe raten; Anschluss verfehlen, bei Bedarf im Team, im konkreten Fall, anhand klarer Kriterien, mit Blick auf die Folgen, bei Bedarf im Team","Zu dünn einbauen; Dauerhaftigkeit senken, im konkreten Fall, anhand klarer Kriterien, mit Blick auf die Folgen, bei Bedarf im Team, im konkreten Fall","Zu dick einbauen; Verdichtung erschweren, anhand klarer Kriterien, mit Blick auf die Folgen, bei Bedarf im Team, im konkreten Fall, anhand klarer Kriterien","Dicke kontrollieren; Setzung berücksichtigen, mit Blick auf die Folgen, bei Bedarf im Team, im konkreten Fall, anhand klarer Kriterien, mit Blick auf die Folgen",D,"Einbauhöhe und Dicke bestimmen Funktion, Anschluss und Lebensdauer.","Bildungsplan Verkehrswegbau EFZ, Infra Suisse/SBFI",https://infra-suisse.ch/wp-content/uploads/2016/09/bildungsplan-2014_verkehrswegbau_efz_infra.pdf
strassenbau,Strassenbauer/in EFZ,stb_hk7,Verkehrswege erstellen und sanieren,150,Asphalt-Belagseinbau,single_choice,medium,17,Was ist bei «Fugen» fachlich am wichtigsten?,"Kanten vorbereiten; Fuge abdichten, im konkreten Fall, anhand klarer Kriterien, mit Blick auf die Folgen, bei Bedarf im Team, im konkreten Fall","Band vergessen; Schwachstelle erzeugen, anhand klarer Kriterien, mit Blick auf die Folgen, bei Bedarf im Team, im konkreten Fall, anhand klarer Kriterien","Naht offen lassen; Ausbruch fördern, mit Blick auf die Folgen, bei Bedarf im Team, im konkreten Fall, anhand klarer Kriterien, mit Blick auf die Folgen","Kalt anschliessen; Wasser eindringen lassen, bei Bedarf im Team, im konkreten Fall, anhand klarer Kriterien, mit Blick auf die Folgen, bei Bedarf im Team",A,Fugen sind kritische Stellen und müssen sauber ausgebildet werden.,"Bildungsplan Verkehrswegbau EFZ, Infra Suisse/SBFI",https://infra-suisse.ch/wp-content/uploads/2016/09/bildungsplan-2014_verkehrswegbau_efz_infra.pdf
strassenbau,Strassenbauer/in EFZ,stb_hk7,Verkehrswege erstellen und sanieren,150,Asphalt-Belagseinbau,single_choice,medium,18,Welche Vorgehensweise ist im Thema «Verdichtung» richtig?,Falsch beginnen; Spuren erzeugen,Walzschema einhalten; Hohlraum senken,Zu stark vibrieren; Korn zertrümmern,Zu spät walzen; Dichte verlieren,B,"Verdichtung gibt Asphalt Dichte, Ebenheit und Dauerhaftigkeit.","Bildungsplan Verkehrswegbau EFZ, Infra Suisse/SBFI",https://infra-suisse.ch/wp-content/uploads/2016/09/bildungsplan-2014_verkehrswegbau_efz_infra.pdf
strassenbau,Strassenbauer/in EFZ,stb_hk7,Verkehrswege erstellen und sanieren,150,Asphalt-Belagseinbau,single_choice,hard,19,Welche Handlung zeigt ein gutes Verständnis von «Unterlage»?,"Wasser einbauen; Blasen fördern, mit Blick auf die Folgen","Unebenheit ignorieren; Dicke verfälschen, bei Bedarf im Team","Sauberkeit prüfen; Haftung sichern, im konkreten Fall","Staub belassen; Verbund schwächen, anhand klarer Kriterien",C,"Asphalt braucht eine saubere, geeignete und vorbereitete Unterlage.","Bildungsplan Verkehrswegbau EFZ, Infra Suisse/SBFI",https://infra-suisse.ch/wp-content/uploads/2016/09/bildungsplan-2014_verkehrswegbau_efz_infra.pdf
strassenbau,Strassenbauer/in EFZ,stb_hk7,Verkehrswege erstellen und sanieren,150,Asphalt-Belagseinbau,single_choice,medium,20,Welche Entscheidung ist bei «Haftbrücke» sinnvoll?,"Auslassen; Verbund verlieren, bei Bedarf im Team, im konkreten Fall, anhand klarer Kriterien, mit Blick auf die Folgen, bei Bedarf im Team, im konkreten Fall","Verschmutzen; Wirkung mindern, im konkreten Fall, anhand klarer Kriterien, mit Blick auf die Folgen, bei Bedarf im Team, im konkreten Fall","Zu viel spritzen; Rutschen fördern, anhand klarer Kriterien, mit Blick auf die Folgen, bei Bedarf im Team, im konkreten Fall, anhand klarer Kriterien","Dosierung beachten; Fläche gleichmässig behandeln, mit Blick auf die Folgen, bei Bedarf im Team, im konkreten Fall, anhand klarer Kriterien",D,Haftvermittler verbessert den Verbund zwischen Schichten.,"Bildungsplan Verkehrswegbau EFZ, Infra Suisse/SBFI",https://infra-suisse.ch/wp-content/uploads/2016/09/bildungsplan-2014_verkehrswegbau_efz_infra.pdf
strassenbau,Strassenbauer/in EFZ,stb_hk7,Verkehrswege erstellen und sanieren,150,Asphalt-Belagseinbau,single_choice,easy,21,Welche Aussage passt am besten zu «Temperatur»?,Einbauzeit beachten; Mischgut schützen,Wetter ignorieren; Risiko erhöhen,Zu kalt einbauen; Verdichtung schwächen,Lange warten; Qualität verlieren,A,Asphalt muss im passenden Temperaturfenster eingebaut und verdichtet werden.,"Bildungsplan Verkehrswegbau EFZ, Infra Suisse/SBFI",https://infra-suisse.ch/wp-content/uploads/2016/09/bildungsplan-2014_verkehrswegbau_efz_infra.pdf
strassenbau,Strassenbauer/in EFZ,stb_hk7,Verkehrswege erstellen und sanieren,150,Asphalt-Belagseinbau,single_choice,medium,22,Was ist bei «Einbauhöhe» fachlich am wichtigsten?,"Zu dick einbauen; Verdichtung erschweren, anhand klarer Kriterien, mit Blick auf die Folgen, bei Bedarf im Team, im konkreten Fall, anhand klarer Kriterien","Dicke kontrollieren; Setzung berücksichtigen, mit Blick auf die Folgen, bei Bedarf im Team, im konkreten Fall, anhand klarer Kriterien, mit Blick auf die Folgen","Höhe raten; Anschluss verfehlen, bei Bedarf im Team, im konkreten Fall, anhand klarer Kriterien, mit Blick auf die Folgen, bei Bedarf im Team","Zu dünn einbauen; Dauerhaftigkeit senken, im konkreten Fall, anhand klarer Kriterien, mit Blick auf die Folgen, bei Bedarf im Team, im konkreten Fall",B,"Einbauhöhe und Dicke bestimmen Funktion, Anschluss und Lebensdauer.","Bildungsplan Verkehrswegbau EFZ, Infra Suisse/SBFI",https://infra-suisse.ch/wp-content/uploads/2016/09/bildungsplan-2014_verkehrswegbau_efz_infra.pdf
strassenbau,Strassenbauer/in EFZ,stb_hk7,Verkehrswege erstellen und sanieren,150,Asphalt-Belagseinbau,single_choice,medium,23,Welche Vorgehensweise ist im Thema «Fugen» richtig?,"Naht offen lassen; Ausbruch fördern, mit Blick auf die Folgen, bei Bedarf im Team, im konkreten Fall, anhand klarer Kriterien, mit Blick auf die Folgen","Kalt anschliessen; Wasser eindringen lassen, bei Bedarf im Team, im konkreten Fall, anhand klarer Kriterien, mit Blick auf die Folgen, bei Bedarf im Team","Kanten vorbereiten; Fuge abdichten, im konkreten Fall, anhand klarer Kriterien, mit Blick auf die Folgen, bei Bedarf im Team, im konkreten Fall","Band vergessen; Schwachstelle erzeugen, anhand klarer Kriterien, mit Blick auf die Folgen, bei Bedarf im Team, im konkreten Fall, anhand klarer Kriterien",C,Fugen sind kritische Stellen und müssen sauber ausgebildet werden.,"Bildungsplan Verkehrswegbau EFZ, Infra Suisse/SBFI",https://infra-suisse.ch/wp-content/uploads/2016/09/bildungsplan-2014_verkehrswegbau_efz_infra.pdf
strassenbau,Strassenbauer/in EFZ,stb_hk7,Verkehrswege erstellen und sanieren,150,Asphalt-Belagseinbau,single_choice,hard,24,Welche Handlung zeigt ein gutes Verständnis von «Verdichtung»?,Zu stark vibrieren; Korn zertrümmern,Zu spät walzen; Dichte verlieren,Falsch beginnen; Spuren erzeugen,Walzschema einhalten; Hohlraum senken,D,"Verdichtung gibt Asphalt Dichte, Ebenheit und Dauerhaftigkeit.","Bildungsplan Verkehrswegbau EFZ, Infra Suisse/SBFI",https://infra-suisse.ch/wp-content/uploads/2016/09/bildungsplan-2014_verkehrswegbau_efz_infra.pdf
strassenbau,Strassenbauer/in EFZ,stb_hk7,Verkehrswege erstellen und sanieren,150,Asphalt-Belagseinbau,single_choice,medium,25,Welche Entscheidung ist bei «Unterlage» sinnvoll?,"Sauberkeit prüfen; Haftung sichern, im konkreten Fall","Staub belassen; Verbund schwächen, anhand klarer Kriterien","Wasser einbauen; Blasen fördern, mit Blick auf die Folgen","Unebenheit ignorieren; Dicke verfälschen, bei Bedarf im Team",A,"Asphalt braucht eine saubere, geeignete und vorbereitete Unterlage.","Bildungsplan Verkehrswegbau EFZ, Infra Suisse/SBFI",https://infra-suisse.ch/wp-content/uploads/2016/09/bildungsplan-2014_verkehrswegbau_efz_infra.pdf
strassenbau,Strassenbauer/in EFZ,stb_hk7,Verkehrswege erstellen und sanieren,150,Asphalt-Belagseinbau,single_choice,easy,26,Welche Aussage passt am besten zu «Haftbrücke»?,"Zu viel spritzen; Rutschen fördern, anhand klarer Kriterien, mit Blick auf die Folgen, bei Bedarf im Team, im konkreten Fall, anhand klarer Kriterien","Dosierung beachten; Fläche gleichmässig behandeln, mit Blick auf die Folgen, bei Bedarf im Team, im konkreten Fall, anhand klarer Kriterien","Auslassen; Verbund verlieren, bei Bedarf im Team, im konkreten Fall, anhand klarer Kriterien, mit Blick auf die Folgen, bei Bedarf im Team, im konkreten Fall","Verschmutzen; Wirkung mindern, im konkreten Fall, anhand klarer Kriterien, mit Blick auf die Folgen, bei Bedarf im Team, im konkreten Fall",B,Haftvermittler verbessert den Verbund zwischen Schichten.,"Bildungsplan Verkehrswegbau EFZ, Infra Suisse/SBFI",https://infra-suisse.ch/wp-content/uploads/2016/09/bildungsplan-2014_verkehrswegbau_efz_infra.pdf
strassenbau,Strassenbauer/in EFZ,stb_hk7,Verkehrswege erstellen und sanieren,150,Asphalt-Belagseinbau,single_choice,medium,27,Was ist bei «Temperatur» fachlich am wichtigsten?,Zu kalt einbauen; Verdichtung schwächen,Lange warten; Qualität verlieren,Einbauzeit beachten; Mischgut schützen,Wetter ignorieren; Risiko erhöhen,C,Asphalt muss im passenden Temperaturfenster eingebaut und verdichtet werden.,"Bildungsplan Verkehrswegbau EFZ, Infra Suisse/SBFI",https://infra-suisse.ch/wp-content/uploads/2016/09/bildungsplan-2014_verkehrswegbau_efz_infra.pdf
strassenbau,Strassenbauer/in EFZ,stb_hk7,Verkehrswege erstellen und sanieren,150,Asphalt-Belagseinbau,single_choice,medium,28,Welche Vorgehensweise ist im Thema «Einbauhöhe» richtig?,"Höhe raten; Anschluss verfehlen, bei Bedarf im Team, im konkreten Fall, anhand klarer Kriterien, mit Blick auf die Folgen, bei Bedarf im Team","Zu dünn einbauen; Dauerhaftigkeit senken, im konkreten Fall, anhand klarer Kriterien, mit Blick auf die Folgen, bei Bedarf im Team, im konkreten Fall","Zu dick einbauen; Verdichtung erschweren, anhand klarer Kriterien, mit Blick auf die Folgen, bei Bedarf im Team, im konkreten Fall, anhand klarer Kriterien","Dicke kontrollieren; Setzung berücksichtigen, mit Blick auf die Folgen, bei Bedarf im Team, im konkreten Fall, anhand klarer Kriterien, mit Blick auf die Folgen",D,"Einbauhöhe und Dicke bestimmen Funktion, Anschluss und Lebensdauer.","Bildungsplan Verkehrswegbau EFZ, Infra Suisse/SBFI",https://infra-suisse.ch/wp-content/uploads/2016/09/bildungsplan-2014_verkehrswegbau_efz_infra.pdf
strassenbau,Strassenbauer/in EFZ,stb_hk7,Verkehrswege erstellen und sanieren,150,Asphalt-Belagseinbau,single_choice,hard,29,Welche Handlung zeigt ein gutes Verständnis von «Fugen»?,"Kanten vorbereiten; Fuge abdichten, im konkreten Fall, anhand klarer Kriterien, mit Blick auf die Folgen, bei Bedarf im Team, im konkreten Fall","Band vergessen; Schwachstelle erzeugen, anhand klarer Kriterien, mit Blick auf die Folgen, bei Bedarf im Team, im konkreten Fall, anhand klarer Kriterien","Naht offen lassen; Ausbruch fördern, mit Blick auf die Folgen, bei Bedarf im Team, im konkreten Fall, anhand klarer Kriterien, mit Blick auf die Folgen","Kalt anschliessen; Wasser eindringen lassen, bei Bedarf im Team, im konkreten Fall, anhand klarer Kriterien, mit Blick auf die Folgen, bei Bedarf im Team",A,Fugen sind kritische Stellen und müssen sauber ausgebildet werden.,"Bildungsplan Verkehrswegbau EFZ, Infra Suisse/SBFI",https://infra-suisse.ch/wp-content/uploads/2016/09/bildungsplan-2014_verkehrswegbau_efz_infra.pdf
strassenbau,Strassenbauer/in EFZ,stb_hk7,Verkehrswege erstellen und sanieren,150,Asphalt-Belagseinbau,single_choice,medium,30,Welche Entscheidung ist bei «Verdichtung» sinnvoll?,Falsch beginnen; Spuren erzeugen,Walzschema einhalten; Hohlraum senken,Zu stark vibrieren; Korn zertrümmern,Zu spät walzen; Dichte verlieren,B,"Verdichtung gibt Asphalt Dichte, Ebenheit und Dauerhaftigkeit.","Bildungsplan Verkehrswegbau EFZ, Infra Suisse/SBFI",https://infra-suisse.ch/wp-content/uploads/2016/09/bildungsplan-2014_verkehrswegbau_efz_infra.pdf
strassenbau,Strassenbauer/in EFZ,stb_hk7,Verkehrswege erstellen und sanieren,160,Belagssanierung,single_choice,easy,1,Welche Aussage passt am besten zu «Schadensbild»?,"Ursache erkennen; Massnahme wählen, im konkreten Fall, anhand klarer Kriterien, mit Blick auf die Folgen, bei Bedarf im Team, im konkreten Fall","Nur Oberfläche sehen; Ursache übergehen, anhand klarer Kriterien, mit Blick auf die Folgen, bei Bedarf im Team, im konkreten Fall, anhand klarer Kriterien","Alle Schäden gleich behandeln; Wirkung verfehlen, mit Blick auf die Folgen, bei Bedarf im Team, im konkreten Fall, anhand klarer Kriterien, mit Blick auf die Folgen","Fläche raten; Kosten erhöhen, bei Bedarf im Team, im konkreten Fall, anhand klarer Kriterien, mit Blick auf die Folgen, bei Bedarf im Team",A,"Sanierung beginnt mit Schadensbild, Ursache und passender Massnahme.","Bildungsplan Verkehrswegbau EFZ, Infra Suisse/SBFI",https://infra-suisse.ch/wp-content/uploads/2016/09/bildungsplan-2014_verkehrswegbau_efz_infra.pdf
strassenbau,Strassenbauer/in EFZ,stb_hk7,Verkehrswege erstellen und sanieren,160,Belagssanierung,single_choice,medium,2,Was ist bei «Anzeichnen» fachlich am wichtigsten?,"Grenze raten; Ausschnitt verfehlen, anhand klarer Kriterien, mit Blick auf die Folgen, bei Bedarf im Team, im konkreten Fall, anhand klarer Kriterien","Fläche klar markieren; Kanten rechtwinklig legen, mit Blick auf die Folgen, bei Bedarf im Team, im konkreten Fall, anhand klarer Kriterien, mit Blick auf die Folgen","Zu klein markieren; Schaden belassen, bei Bedarf im Team, im konkreten Fall, anhand klarer Kriterien, mit Blick auf die Folgen, bei Bedarf im Team","Unsauber schneiden; Fuge schwächen, im konkreten Fall, anhand klarer Kriterien, mit Blick auf die Folgen, bei Bedarf im Team, im konkreten Fall",B,"Sanierungsflächen werden klar, vollständig und zweckmässig angezeichnet.","Bildungsplan Verkehrswegbau EFZ, Infra Suisse/SBFI",https://infra-suisse.ch/wp-content/uploads/2016/09/bildungsplan-2014_verkehrswegbau_efz_infra.pdf
strassenbau,Strassenbauer/in EFZ,stb_hk7,Verkehrswege erstellen und sanieren,160,Belagssanierung,single_choice,medium,3,Welche Vorgehensweise ist im Thema «Fräsen» richtig?,Zu tief fräsen; Aufbau schwächen,Kante ausbrechen; Anschluss stören,Tiefe einhalten; Untergrund schützen,Material mischen; Entsorgung erschweren,C,"Ausbauarbeiten müssen Tiefe, Kanten und Untergrund beachten.","Bildungsplan Verkehrswegbau EFZ, Infra Suisse/SBFI",https://infra-suisse.ch/wp-content/uploads/2016/09/bildungsplan-2014_verkehrswegbau_efz_infra.pdf
strassenbau,Strassenbauer/in EFZ,stb_hk7,Verkehrswege erstellen und sanieren,160,Belagssanierung,single_choice,hard,4,Welche Handlung zeigt ein gutes Verständnis von «Reinigung»?,Schmutz belassen; Verbund mindern,Wasser einschliessen; Schaden fördern,Lose Teile lassen; Fuge öffnen,Staub entfernen; Haftung ermöglichen,D,Vor dem Einbau muss die Sanierungsfläche sauber und trocken genug sein.,"Bildungsplan Verkehrswegbau EFZ, Infra Suisse/SBFI",https://infra-suisse.ch/wp-content/uploads/2016/09/bildungsplan-2014_verkehrswegbau_efz_infra.pdf
strassenbau,Strassenbauer/in EFZ,stb_hk7,Verkehrswege erstellen und sanieren,160,Belagssanierung,single_choice,medium,5,Welche Entscheidung ist bei «Anschluss» sinnvoll?,"Fuge abdichten; Höhe anpassen, im konkreten Fall, anhand klarer Kriterien, mit Blick auf die Folgen, bei Bedarf im Team, im konkreten Fall","Überstand belassen; Fahrkomfort stören, anhand klarer Kriterien, mit Blick auf die Folgen, bei Bedarf im Team, im konkreten Fall, anhand klarer Kriterien","Tiefe ignorieren; Ausbruch riskieren, mit Blick auf die Folgen, bei Bedarf im Team, im konkreten Fall, anhand klarer Kriterien, mit Blick auf die Folgen","Naht offen lassen; Wasser zulassen, bei Bedarf im Team, im konkreten Fall, anhand klarer Kriterien, mit Blick auf die Folgen, bei Bedarf im Team",A,"Anschlüsse müssen dicht, eben und dauerhaft ausgebildet werden.","Bildungsplan Verkehrswegbau EFZ, Infra Suisse/SBFI",https://infra-suisse.ch/wp-content/uploads/2016/09/bildungsplan-2014_verkehrswegbau_efz_infra.pdf
strassenbau,Strassenbauer/in EFZ,stb_hk7,Verkehrswege erstellen und sanieren,160,Belagssanierung,single_choice,easy,6,Welche Aussage passt am besten zu «Entsorgung Ausbau»?,"Material verbrennen; Umwelt schädigen, anhand klarer Kriterien, mit Blick auf die Folgen, bei Bedarf im Team","Material trennen; Vorgaben einhalten, mit Blick auf die Folgen, bei Bedarf im Team, im konkreten Fall","Herkunft verschweigen; Nachweis verlieren, bei Bedarf im Team, im konkreten Fall, anhand klarer Kriterien","Belag mischen; Verwertung stören, im konkreten Fall, anhand klarer Kriterien, mit Blick auf die Folgen",B,Ausgebautes Belagsmaterial wird umweltgerecht behandelt und dokumentiert.,"Bildungsplan Verkehrswegbau EFZ, Infra Suisse/SBFI",https://infra-suisse.ch/wp-content/uploads/2016/09/bildungsplan-2014_verkehrswegbau_efz_infra.pdf
strassenbau,Strassenbauer/in EFZ,stb_hk7,Verkehrswege erstellen und sanieren,160,Belagssanierung,single_choice,medium,7,Was ist bei «Schadensbild» fachlich am wichtigsten?,"Alle Schäden gleich behandeln; Wirkung verfehlen, mit Blick auf die Folgen, bei Bedarf im Team, im konkreten Fall, anhand klarer Kriterien, mit Blick auf die Folgen","Fläche raten; Kosten erhöhen, bei Bedarf im Team, im konkreten Fall, anhand klarer Kriterien, mit Blick auf die Folgen, bei Bedarf im Team","Ursache erkennen; Massnahme wählen, im konkreten Fall, anhand klarer Kriterien, mit Blick auf die Folgen, bei Bedarf im Team, im konkreten Fall","Nur Oberfläche sehen; Ursache übergehen, anhand klarer Kriterien, mit Blick auf die Folgen, bei Bedarf im Team, im konkreten Fall, anhand klarer Kriterien",C,"Sanierung beginnt mit Schadensbild, Ursache und passender Massnahme.","Bildungsplan Verkehrswegbau EFZ, Infra Suisse/SBFI",https://infra-suisse.ch/wp-content/uploads/2016/09/bildungsplan-2014_verkehrswegbau_efz_infra.pdf
strassenbau,Strassenbauer/in EFZ,stb_hk7,Verkehrswege erstellen und sanieren,160,Belagssanierung,single_choice,medium,8,Welche Vorgehensweise ist im Thema «Anzeichnen» richtig?,"Zu klein markieren; Schaden belassen, bei Bedarf im Team, im konkreten Fall, anhand klarer Kriterien, mit Blick auf die Folgen, bei Bedarf im Team","Unsauber schneiden; Fuge schwächen, im konkreten Fall, anhand klarer Kriterien, mit Blick auf die Folgen, bei Bedarf im Team, im konkreten Fall","Grenze raten; Ausschnitt verfehlen, anhand klarer Kriterien, mit Blick auf die Folgen, bei Bedarf im Team, im konkreten Fall, anhand klarer Kriterien","Fläche klar markieren; Kanten rechtwinklig legen, mit Blick auf die Folgen, bei Bedarf im Team, im konkreten Fall, anhand klarer Kriterien, mit Blick auf die Folgen",D,"Sanierungsflächen werden klar, vollständig und zweckmässig angezeichnet.","Bildungsplan Verkehrswegbau EFZ, Infra Suisse/SBFI",https://infra-suisse.ch/wp-content/uploads/2016/09/bildungsplan-2014_verkehrswegbau_efz_infra.pdf
strassenbau,Strassenbauer/in EFZ,stb_hk7,Verkehrswege erstellen und sanieren,160,Belagssanierung,single_choice,hard,9,Welche Handlung zeigt ein gutes Verständnis von «Fräsen»?,Tiefe einhalten; Untergrund schützen,Material mischen; Entsorgung erschweren,Zu tief fräsen; Aufbau schwächen,Kante ausbrechen; Anschluss stören,A,"Ausbauarbeiten müssen Tiefe, Kanten und Untergrund beachten.","Bildungsplan Verkehrswegbau EFZ, Infra Suisse/SBFI",https://infra-suisse.ch/wp-content/uploads/2016/09/bildungsplan-2014_verkehrswegbau_efz_infra.pdf
strassenbau,Strassenbauer/in EFZ,stb_hk7,Verkehrswege erstellen und sanieren,160,Belagssanierung,single_choice,medium,10,Welche Entscheidung ist bei «Reinigung» sinnvoll?,Lose Teile lassen; Fuge öffnen,Staub entfernen; Haftung ermöglichen,Schmutz belassen; Verbund mindern,Wasser einschliessen; Schaden fördern,B,Vor dem Einbau muss die Sanierungsfläche sauber und trocken genug sein.,"Bildungsplan Verkehrswegbau EFZ, Infra Suisse/SBFI",https://infra-suisse.ch/wp-content/uploads/2016/09/bildungsplan-2014_verkehrswegbau_efz_infra.pdf
strassenbau,Strassenbauer/in EFZ,stb_hk7,Verkehrswege erstellen und sanieren,160,Belagssanierung,single_choice,easy,11,Welche Aussage passt am besten zu «Anschluss»?,"Tiefe ignorieren; Ausbruch riskieren, mit Blick auf die Folgen, bei Bedarf im Team, im konkreten Fall, anhand klarer Kriterien, mit Blick auf die Folgen","Naht offen lassen; Wasser zulassen, bei Bedarf im Team, im konkreten Fall, anhand klarer Kriterien, mit Blick auf die Folgen, bei Bedarf im Team","Fuge abdichten; Höhe anpassen, im konkreten Fall, anhand klarer Kriterien, mit Blick auf die Folgen, bei Bedarf im Team, im konkreten Fall","Überstand belassen; Fahrkomfort stören, anhand klarer Kriterien, mit Blick auf die Folgen, bei Bedarf im Team, im konkreten Fall, anhand klarer Kriterien",C,"Anschlüsse müssen dicht, eben und dauerhaft ausgebildet werden.","Bildungsplan Verkehrswegbau EFZ, Infra Suisse/SBFI",https://infra-suisse.ch/wp-content/uploads/2016/09/bildungsplan-2014_verkehrswegbau_efz_infra.pdf
strassenbau,Strassenbauer/in EFZ,stb_hk7,Verkehrswege erstellen und sanieren,160,Belagssanierung,single_choice,medium,12,Was ist bei «Entsorgung Ausbau» fachlich am wichtigsten?,"Herkunft verschweigen; Nachweis verlieren, bei Bedarf im Team, im konkreten Fall, anhand klarer Kriterien","Belag mischen; Verwertung stören, im konkreten Fall, anhand klarer Kriterien, mit Blick auf die Folgen","Material verbrennen; Umwelt schädigen, anhand klarer Kriterien, mit Blick auf die Folgen, bei Bedarf im Team","Material trennen; Vorgaben einhalten, mit Blick auf die Folgen, bei Bedarf im Team, im konkreten Fall",D,Ausgebautes Belagsmaterial wird umweltgerecht behandelt und dokumentiert.,"Bildungsplan Verkehrswegbau EFZ, Infra Suisse/SBFI",https://infra-suisse.ch/wp-content/uploads/2016/09/bildungsplan-2014_verkehrswegbau_efz_infra.pdf
strassenbau,Strassenbauer/in EFZ,stb_hk7,Verkehrswege erstellen und sanieren,160,Belagssanierung,single_choice,medium,13,Welche Vorgehensweise ist im Thema «Schadensbild» richtig?,"Ursache erkennen; Massnahme wählen, im konkreten Fall, anhand klarer Kriterien, mit Blick auf die Folgen, bei Bedarf im Team, im konkreten Fall","Nur Oberfläche sehen; Ursache übergehen, anhand klarer Kriterien, mit Blick auf die Folgen, bei Bedarf im Team, im konkreten Fall, anhand klarer Kriterien","Alle Schäden gleich behandeln; Wirkung verfehlen, mit Blick auf die Folgen, bei Bedarf im Team, im konkreten Fall, anhand klarer Kriterien, mit Blick auf die Folgen","Fläche raten; Kosten erhöhen, bei Bedarf im Team, im konkreten Fall, anhand klarer Kriterien, mit Blick auf die Folgen, bei Bedarf im Team",A,"Sanierung beginnt mit Schadensbild, Ursache und passender Massnahme.","Bildungsplan Verkehrswegbau EFZ, Infra Suisse/SBFI",https://infra-suisse.ch/wp-content/uploads/2016/09/bildungsplan-2014_verkehrswegbau_efz_infra.pdf
strassenbau,Strassenbauer/in EFZ,stb_hk7,Verkehrswege erstellen und sanieren,160,Belagssanierung,single_choice,hard,14,Welche Handlung zeigt ein gutes Verständnis von «Anzeichnen»?,"Grenze raten; Ausschnitt verfehlen, anhand klarer Kriterien, mit Blick auf die Folgen, bei Bedarf im Team, im konkreten Fall, anhand klarer Kriterien","Fläche klar markieren; Kanten rechtwinklig legen, mit Blick auf die Folgen, bei Bedarf im Team, im konkreten Fall, anhand klarer Kriterien, mit Blick auf die Folgen","Zu klein markieren; Schaden belassen, bei Bedarf im Team, im konkreten Fall, anhand klarer Kriterien, mit Blick auf die Folgen, bei Bedarf im Team","Unsauber schneiden; Fuge schwächen, im konkreten Fall, anhand klarer Kriterien, mit Blick auf die Folgen, bei Bedarf im Team, im konkreten Fall",B,"Sanierungsflächen werden klar, vollständig und zweckmässig angezeichnet.","Bildungsplan Verkehrswegbau EFZ, Infra Suisse/SBFI",https://infra-suisse.ch/wp-content/uploads/2016/09/bildungsplan-2014_verkehrswegbau_efz_infra.pdf
strassenbau,Strassenbauer/in EFZ,stb_hk7,Verkehrswege erstellen und sanieren,160,Belagssanierung,single_choice,medium,15,Welche Entscheidung ist bei «Fräsen» sinnvoll?,Zu tief fräsen; Aufbau schwächen,Kante ausbrechen; Anschluss stören,Tiefe einhalten; Untergrund schützen,Material mischen; Entsorgung erschweren,C,"Ausbauarbeiten müssen Tiefe, Kanten und Untergrund beachten.","Bildungsplan Verkehrswegbau EFZ, Infra Suisse/SBFI",https://infra-suisse.ch/wp-content/uploads/2016/09/bildungsplan-2014_verkehrswegbau_efz_infra.pdf
strassenbau,Strassenbauer/in EFZ,stb_hk7,Verkehrswege erstellen und sanieren,160,Belagssanierung,single_choice,easy,16,Welche Aussage passt am besten zu «Reinigung»?,Schmutz belassen; Verbund mindern,Wasser einschliessen; Schaden fördern,Lose Teile lassen; Fuge öffnen,Staub entfernen; Haftung ermöglichen,D,Vor dem Einbau muss die Sanierungsfläche sauber und trocken genug sein.,"Bildungsplan Verkehrswegbau EFZ, Infra Suisse/SBFI",https://infra-suisse.ch/wp-content/uploads/2016/09/bildungsplan-2014_verkehrswegbau_efz_infra.pdf
strassenbau,Strassenbauer/in EFZ,stb_hk7,Verkehrswege erstellen und sanieren,160,Belagssanierung,single_choice,medium,17,Was ist bei «Anschluss» fachlich am wichtigsten?,"Fuge abdichten; Höhe anpassen, im konkreten Fall, anhand klarer Kriterien, mit Blick auf die Folgen, bei Bedarf im Team, im konkreten Fall","Überstand belassen; Fahrkomfort stören, anhand klarer Kriterien, mit Blick auf die Folgen, bei Bedarf im Team, im konkreten Fall, anhand klarer Kriterien","Tiefe ignorieren; Ausbruch riskieren, mit Blick auf die Folgen, bei Bedarf im Team, im konkreten Fall, anhand klarer Kriterien, mit Blick auf die Folgen","Naht offen lassen; Wasser zulassen, bei Bedarf im Team, im konkreten Fall, anhand klarer Kriterien, mit Blick auf die Folgen, bei Bedarf im Team",A,"Anschlüsse müssen dicht, eben und dauerhaft ausgebildet werden.","Bildungsplan Verkehrswegbau EFZ, Infra Suisse/SBFI",https://infra-suisse.ch/wp-content/uploads/2016/09/bildungsplan-2014_verkehrswegbau_efz_infra.pdf
strassenbau,Strassenbauer/in EFZ,stb_hk7,Verkehrswege erstellen und sanieren,160,Belagssanierung,single_choice,medium,18,Welche Vorgehensweise ist im Thema «Entsorgung Ausbau» richtig?,"Material verbrennen; Umwelt schädigen, anhand klarer Kriterien, mit Blick auf die Folgen, bei Bedarf im Team","Material trennen; Vorgaben einhalten, mit Blick auf die Folgen, bei Bedarf im Team, im konkreten Fall","Herkunft verschweigen; Nachweis verlieren, bei Bedarf im Team, im konkreten Fall, anhand klarer Kriterien","Belag mischen; Verwertung stören, im konkreten Fall, anhand klarer Kriterien, mit Blick auf die Folgen",B,Ausgebautes Belagsmaterial wird umweltgerecht behandelt und dokumentiert.,"Bildungsplan Verkehrswegbau EFZ, Infra Suisse/SBFI",https://infra-suisse.ch/wp-content/uploads/2016/09/bildungsplan-2014_verkehrswegbau_efz_infra.pdf
strassenbau,Strassenbauer/in EFZ,stb_hk7,Verkehrswege erstellen und sanieren,160,Belagssanierung,single_choice,hard,19,Welche Handlung zeigt ein gutes Verständnis von «Schadensbild»?,"Alle Schäden gleich behandeln; Wirkung verfehlen, mit Blick auf die Folgen, bei Bedarf im Team, im konkreten Fall, anhand klarer Kriterien, mit Blick auf die Folgen","Fläche raten; Kosten erhöhen, bei Bedarf im Team, im konkreten Fall, anhand klarer Kriterien, mit Blick auf die Folgen, bei Bedarf im Team","Ursache erkennen; Massnahme wählen, im konkreten Fall, anhand klarer Kriterien, mit Blick auf die Folgen, bei Bedarf im Team, im konkreten Fall","Nur Oberfläche sehen; Ursache übergehen, anhand klarer Kriterien, mit Blick auf die Folgen, bei Bedarf im Team, im konkreten Fall, anhand klarer Kriterien",C,"Sanierung beginnt mit Schadensbild, Ursache und passender Massnahme.","Bildungsplan Verkehrswegbau EFZ, Infra Suisse/SBFI",https://infra-suisse.ch/wp-content/uploads/2016/09/bildungsplan-2014_verkehrswegbau_efz_infra.pdf
strassenbau,Strassenbauer/in EFZ,stb_hk7,Verkehrswege erstellen und sanieren,160,Belagssanierung,single_choice,medium,20,Welche Entscheidung ist bei «Anzeichnen» sinnvoll?,"Zu klein markieren; Schaden belassen, bei Bedarf im Team, im konkreten Fall, anhand klarer Kriterien, mit Blick auf die Folgen, bei Bedarf im Team","Unsauber schneiden; Fuge schwächen, im konkreten Fall, anhand klarer Kriterien, mit Blick auf die Folgen, bei Bedarf im Team, im konkreten Fall","Grenze raten; Ausschnitt verfehlen, anhand klarer Kriterien, mit Blick auf die Folgen, bei Bedarf im Team, im konkreten Fall, anhand klarer Kriterien","Fläche klar markieren; Kanten rechtwinklig legen, mit Blick auf die Folgen, bei Bedarf im Team, im konkreten Fall, anhand klarer Kriterien, mit Blick auf die Folgen",D,"Sanierungsflächen werden klar, vollständig und zweckmässig angezeichnet.","Bildungsplan Verkehrswegbau EFZ, Infra Suisse/SBFI",https://infra-suisse.ch/wp-content/uploads/2016/09/bildungsplan-2014_verkehrswegbau_efz_infra.pdf
strassenbau,Strassenbauer/in EFZ,stb_hk7,Verkehrswege erstellen und sanieren,160,Belagssanierung,single_choice,easy,21,Welche Aussage passt am besten zu «Fräsen»?,Tiefe einhalten; Untergrund schützen,Material mischen; Entsorgung erschweren,Zu tief fräsen; Aufbau schwächen,Kante ausbrechen; Anschluss stören,A,"Ausbauarbeiten müssen Tiefe, Kanten und Untergrund beachten.","Bildungsplan Verkehrswegbau EFZ, Infra Suisse/SBFI",https://infra-suisse.ch/wp-content/uploads/2016/09/bildungsplan-2014_verkehrswegbau_efz_infra.pdf
strassenbau,Strassenbauer/in EFZ,stb_hk7,Verkehrswege erstellen und sanieren,160,Belagssanierung,single_choice,medium,22,Was ist bei «Reinigung» fachlich am wichtigsten?,Lose Teile lassen; Fuge öffnen,Staub entfernen; Haftung ermöglichen,Schmutz belassen; Verbund mindern,Wasser einschliessen; Schaden fördern,B,Vor dem Einbau muss die Sanierungsfläche sauber und trocken genug sein.,"Bildungsplan Verkehrswegbau EFZ, Infra Suisse/SBFI",https://infra-suisse.ch/wp-content/uploads/2016/09/bildungsplan-2014_verkehrswegbau_efz_infra.pdf
strassenbau,Strassenbauer/in EFZ,stb_hk7,Verkehrswege erstellen und sanieren,160,Belagssanierung,single_choice,medium,23,Welche Vorgehensweise ist im Thema «Anschluss» richtig?,"Tiefe ignorieren; Ausbruch riskieren, mit Blick auf die Folgen, bei Bedarf im Team, im konkreten Fall, anhand klarer Kriterien, mit Blick auf die Folgen","Naht offen lassen; Wasser zulassen, bei Bedarf im Team, im konkreten Fall, anhand klarer Kriterien, mit Blick auf die Folgen, bei Bedarf im Team","Fuge abdichten; Höhe anpassen, im konkreten Fall, anhand klarer Kriterien, mit Blick auf die Folgen, bei Bedarf im Team, im konkreten Fall","Überstand belassen; Fahrkomfort stören, anhand klarer Kriterien, mit Blick auf die Folgen, bei Bedarf im Team, im konkreten Fall, anhand klarer Kriterien",C,"Anschlüsse müssen dicht, eben und dauerhaft ausgebildet werden.","Bildungsplan Verkehrswegbau EFZ, Infra Suisse/SBFI",https://infra-suisse.ch/wp-content/uploads/2016/09/bildungsplan-2014_verkehrswegbau_efz_infra.pdf
strassenbau,Strassenbauer/in EFZ,stb_hk7,Verkehrswege erstellen und sanieren,160,Belagssanierung,single_choice,hard,24,Welche Handlung zeigt ein gutes Verständnis von «Entsorgung Ausbau»?,"Herkunft verschweigen; Nachweis verlieren, bei Bedarf im Team, im konkreten Fall, anhand klarer Kriterien","Belag mischen; Verwertung stören, im konkreten Fall, anhand klarer Kriterien, mit Blick auf die Folgen","Material verbrennen; Umwelt schädigen, anhand klarer Kriterien, mit Blick auf die Folgen, bei Bedarf im Team","Material trennen; Vorgaben einhalten, mit Blick auf die Folgen, bei Bedarf im Team, im konkreten Fall",D,Ausgebautes Belagsmaterial wird umweltgerecht behandelt und dokumentiert.,"Bildungsplan Verkehrswegbau EFZ, Infra Suisse/SBFI",https://infra-suisse.ch/wp-content/uploads/2016/09/bildungsplan-2014_verkehrswegbau_efz_infra.pdf
strassenbau,Strassenbauer/in EFZ,stb_hk7,Verkehrswege erstellen und sanieren,160,Belagssanierung,single_choice,medium,25,Welche Entscheidung ist bei «Schadensbild» sinnvoll?,"Ursache erkennen; Massnahme wählen, im konkreten Fall, anhand klarer Kriterien, mit Blick auf die Folgen, bei Bedarf im Team, im konkreten Fall","Nur Oberfläche sehen; Ursache übergehen, anhand klarer Kriterien, mit Blick auf die Folgen, bei Bedarf im Team, im konkreten Fall, anhand klarer Kriterien","Alle Schäden gleich behandeln; Wirkung verfehlen, mit Blick auf die Folgen, bei Bedarf im Team, im konkreten Fall, anhand klarer Kriterien, mit Blick auf die Folgen","Fläche raten; Kosten erhöhen, bei Bedarf im Team, im konkreten Fall, anhand klarer Kriterien, mit Blick auf die Folgen, bei Bedarf im Team",A,"Sanierung beginnt mit Schadensbild, Ursache und passender Massnahme.","Bildungsplan Verkehrswegbau EFZ, Infra Suisse/SBFI",https://infra-suisse.ch/wp-content/uploads/2016/09/bildungsplan-2014_verkehrswegbau_efz_infra.pdf
strassenbau,Strassenbauer/in EFZ,stb_hk7,Verkehrswege erstellen und sanieren,160,Belagssanierung,single_choice,easy,26,Welche Aussage passt am besten zu «Anzeichnen»?,"Grenze raten; Ausschnitt verfehlen, anhand klarer Kriterien, mit Blick auf die Folgen, bei Bedarf im Team, im konkreten Fall, anhand klarer Kriterien","Fläche klar markieren; Kanten rechtwinklig legen, mit Blick auf die Folgen, bei Bedarf im Team, im konkreten Fall, anhand klarer Kriterien, mit Blick auf die Folgen","Zu klein markieren; Schaden belassen, bei Bedarf im Team, im konkreten Fall, anhand klarer Kriterien, mit Blick auf die Folgen, bei Bedarf im Team","Unsauber schneiden; Fuge schwächen, im konkreten Fall, anhand klarer Kriterien, mit Blick auf die Folgen, bei Bedarf im Team, im konkreten Fall",B,"Sanierungsflächen werden klar, vollständig und zweckmässig angezeichnet.","Bildungsplan Verkehrswegbau EFZ, Infra Suisse/SBFI",https://infra-suisse.ch/wp-content/uploads/2016/09/bildungsplan-2014_verkehrswegbau_efz_infra.pdf
strassenbau,Strassenbauer/in EFZ,stb_hk7,Verkehrswege erstellen und sanieren,160,Belagssanierung,single_choice,medium,27,Was ist bei «Fräsen» fachlich am wichtigsten?,Zu tief fräsen; Aufbau schwächen,Kante ausbrechen; Anschluss stören,Tiefe einhalten; Untergrund schützen,Material mischen; Entsorgung erschweren,C,"Ausbauarbeiten müssen Tiefe, Kanten und Untergrund beachten.","Bildungsplan Verkehrswegbau EFZ, Infra Suisse/SBFI",https://infra-suisse.ch/wp-content/uploads/2016/09/bildungsplan-2014_verkehrswegbau_efz_infra.pdf
strassenbau,Strassenbauer/in EFZ,stb_hk7,Verkehrswege erstellen und sanieren,160,Belagssanierung,single_choice,medium,28,Welche Vorgehensweise ist im Thema «Reinigung» richtig?,Schmutz belassen; Verbund mindern,Wasser einschliessen; Schaden fördern,Lose Teile lassen; Fuge öffnen,Staub entfernen; Haftung ermöglichen,D,Vor dem Einbau muss die Sanierungsfläche sauber und trocken genug sein.,"Bildungsplan Verkehrswegbau EFZ, Infra Suisse/SBFI",https://infra-suisse.ch/wp-content/uploads/2016/09/bildungsplan-2014_verkehrswegbau_efz_infra.pdf
strassenbau,Strassenbauer/in EFZ,stb_hk7,Verkehrswege erstellen und sanieren,160,Belagssanierung,single_choice,hard,29,Welche Handlung zeigt ein gutes Verständnis von «Anschluss»?,"Fuge abdichten; Höhe anpassen, im konkreten Fall, anhand klarer Kriterien, mit Blick auf die Folgen, bei Bedarf im Team, im konkreten Fall","Überstand belassen; Fahrkomfort stören, anhand klarer Kriterien, mit Blick auf die Folgen, bei Bedarf im Team, im konkreten Fall, anhand klarer Kriterien","Tiefe ignorieren; Ausbruch riskieren, mit Blick auf die Folgen, bei Bedarf im Team, im konkreten Fall, anhand klarer Kriterien, mit Blick auf die Folgen","Naht offen lassen; Wasser zulassen, bei Bedarf im Team, im konkreten Fall, anhand klarer Kriterien, mit Blick auf die Folgen, bei Bedarf im Team",A,"Anschlüsse müssen dicht, eben und dauerhaft ausgebildet werden.","Bildungsplan Verkehrswegbau EFZ, Infra Suisse/SBFI",https://infra-suisse.ch/wp-content/uploads/2016/09/bildungsplan-2014_verkehrswegbau_efz_infra.pdf
strassenbau,Strassenbauer/in EFZ,stb_hk7,Verkehrswege erstellen und sanieren,160,Belagssanierung,single_choice,medium,30,Welche Entscheidung ist bei «Entsorgung Ausbau» sinnvoll?,"Material verbrennen; Umwelt schädigen, anhand klarer Kriterien, mit Blick auf die Folgen, bei Bedarf im Team","Material trennen; Vorgaben einhalten, mit Blick auf die Folgen, bei Bedarf im Team, im konkreten Fall","Herkunft verschweigen; Nachweis verlieren, bei Bedarf im Team, im konkreten Fall, anhand klarer Kriterien","Belag mischen; Verwertung stören, im konkreten Fall, anhand klarer Kriterien, mit Blick auf die Folgen",B,Ausgebautes Belagsmaterial wird umweltgerecht behandelt und dokumentiert.,"Bildungsplan Verkehrswegbau EFZ, Infra Suisse/SBFI",https://infra-suisse.ch/wp-content/uploads/2016/09/bildungsplan-2014_verkehrswegbau_efz_infra.pdf
